t,e0,e1,e2,e3,e4,b0,b1,b2,b3,b4
0.0,0.8310810950908223,0.8310810950908223,0.8310810950908223,0.8310810950908223,0.8310810950908223,1.0,1.0,1.0,1.0,1.0
0.01,0.7507600260199345,0.749082244302681,0.7469929940414091,0.7305930740308137,0.7108548525655032,0.9999683892768454,0.9998419563762891,0.9996839377303655,0.9984206872897284,0.9968438688080937
0.02,0.6805722981679732,0.6775409985729066,0.6737807304019662,0.6448173447028611,0.6112471577899816,0.9999367795529287,0.9996839377303653,0.9993679753560892,0.9968438688080937,0.993697698780288
0.03,0.6190683804445576,0.6149464708296855,0.6098530387436657,0.5713567531262674,0.5283853384710506,0.9999051708282182,0.9995259440582809,0.999052112845598,0.9952695406159289,0.990561458477842
0.04,0.5650353709493282,0.5600362739124171,0.5538829440638056,0.5082500692007614,0.4591972908816242,0.9998735631026823,0.999367975356089,0.9987363501673289,0.993697698780288,0.9874351165612401
0.05,0.5174482161793567,0.511745199789153,0.504753040689472,0.45387802546335315,0.4012213609824754,0.9998419563762895,0.9992100316198431,0.9984206872897284,0.9921283393744368,0.9843186417898775
0.06,0.475431596816558,0.46916546038122503,0.4615134893691364,0.4068936645592491,0.35246711230636585,0.9998103506490081,0.9990521128455977,0.9981051241812535,0.9905614584778422,0.9812120030217497
0.07,0.43822984908581475,0.43151543446938956,0.42334912918901,0.36616841013809265,0.31131006874415795,0.9997787459208067,0.9988942190294077,0.997789660810371,0.988997052176163,0.9781151692131399
0.08,0.4051844615317196,0.3981160699597185,0.38955437724560693,0.33074924485729496,0.2764126228916341,0.9997471421916535,0.9987363501673284,0.9974742971455574,0.9874351165612401,0.9750281094183096
0.09,0.3757196788360665,0.36837526684900407,0.3595159994341968,0.2998256839178748,0.24666760289065318,0.9997155394615171,0.9985785062554163,0.9971590331552994,0.9858756477310865,0.9719507927891892
0.1,0.3493355325762215,0.3417797262055331,0.3327034443745124,0.27270764449568285,0.22116216656173537,0.9996839377303659,0.998420687289728,0.9968438688080937,0.9843186417898776,0.9688831885750692
0.11,0.32560466021895706,0.3178909436683607,0.30866379371479286,0.2488127961173348,0.19915453318676823,0.9996523369981682,0.9982628932663208,0.9965288040724469,0.9827640948479417,0.9658252661222938
0.12,0.30416808100751513,0.2963405884355387,0.28701661878225415,0.22765697538049418,0.18029959252708438,0.9996207372648925,0.998105124181253,0.9962138389168756,0.9812120030217498,0.9627769948739541
0.13,0.28472754865459854,0.2768227338367533,0.26744598790023444,0.20884218130307708,0.16393218747154806,0.9995891385305073,0.997947380030583,0.9958989733099062,0.9796623624339066,0.9597383443695827
0.14,0.2670352473297395,0.2590835573999503,0.24969009616995014,0.1920421693575265,0.14955209617879334,0.9995575407949809,0.9977896608103702,0.9955842072200751,0.97811516921314,0.9567092842448494
0.15,0.2510718542091943,0.2430544134781532,0.23362022279012035,0.17699201254908584,0.13684257595808863,0.9995259440582818,0.9976319665166746,0.9952695406159289,0.9765704194942924,0.9536897842312579
0.16,0.23643999889436415,0.2284216578003892,0.21902471511987037,0.1636581390304152,0.12557297328137906,0.9994943483203783,0.9974742971455566,0.9949549734660237,0.9750281094183099,0.9506798141558432
0.17,0.2229797551881297,0.21497986285674822,0.20564247240855038,0.15163372651845575,0.11557277793362795,0.999462753581239,0.9973166526930772,0.9946405057389258,0.9734882351322335,0.9476793439408704
0.18,0.21056883879953317,0.20260354160986377,0.19334387750905732,0.1407519098790879,0.10660243323670604,0.9994311598408323,0.9971590331552985,0.9943261374032115,0.9719507927891894,0.9446883436035334
0.19,0.1990998770112781,0.19118263712902706,0.18201541051226347,0.13087075739709012,0.09852666782923733,0.9993995670991265,0.9970014385282826,0.9940118684274668,0.9704157785483789,0.941706783255656
0.2,0.18847736692525488,0.18061946026472894,0.17155660289783337,0.12187006043010482,0.09123131239639538,0.9993679753560901,0.9968438688080927,0.993697698780288,0.9688831885750694,0.9387346331033931
0.21,0.17861591424265488,0.1708268646059075,0.16187815750757545,0.11364770357271203,0.08461965752848162,0.9993363846116916,0.9966863239907924,0.9933836284302808,0.9673530190405843,0.9357718634469329
0.22,0.16943944990509194,0.16172736770637625,0.1529009355346791,0.10611647461779652,0.0786095062436949,0.9993047948658993,0.9965288040724458,0.9930696573460613,0.965825266122294,0.9328184446801997
0.23,0.1608807898166725,0.15325261986261152,0.1445552709328538,0.099263347214557,0.07313060677855722,0.9992732061186818,0.9963713090491181,0.9927557854962553,0.9642999260036057,0.9298743472905591
0.24,0.15288104533356608,0.14534274883023723,0.13678019665246738,0.09295527822766667,0.06812247408659125,0.9992416183700074,0.9962138389168744,0.9924420128494986,0.9627769948739543,0.9269395418585219
0.25,0.14538877575826886,0.13794546999979046,0.12952248458856297,0.08713072795855333,0.0635326954445678,0.9992100316198446,0.9960563936717811,0.9921283393744367,0.9612564689287929,0.924013999057451
0.26,0.1383590110224049,0.1310150813625161,0.1227356038997035,0.08174125747264807,0.059315713241574225,0.9991784458681617,0.995898973309905,0.9918147650397252,0.9597383443695829,0.9210976896532677
0.27,0.13175229595289464,0.12451148820224531,0.1163787260750088,0.07674512335293049,0.0554319409669594,0.9991468611149275,0.9957415778273131,0.9915012898140297,0.9582226174037851,0.9181905845041602
0.28,0.1255338420616258,0.11839934014369154,0.11041584959658796,0.07210598788235853,0.05184703501763066,0.99911527736011,0.9955842072200738,0.9911879136660255,0.9567092842448496,0.915292654560292
0.29,0.11967281216661906,0.11264730421284538,0.10481506354195283,0.0677919480753445,0.048531218146543494,0.9990836946036779,0.9954268614842554,0.9908746365643979,0.9551983411122069,0.9124038708635116
0.3,0.11414173061048277,0.10722746573221953,0.09954794036317757,0.06377479460898855,0.045458635802419975,0.9990521128455995,0.9952695406159273,0.990561458477842,0.9536897842312582,0.9095242045470633
0.31,0.10891600017678928,0.102114837547894,0.09463351322303558,0.06002943290659808,0.042606765068522026,0.9990205320858433,0.9951122446111594,0.990248379375063,0.9521836098333656,0.9066536268352986
0.32,0.10397350552480561,0.09728695700618074,0.09000284373171627,0.056533423385249096,0.039955895250615214,0.9989889523243778,0.994954973466022,0.9899353992247758,0.9506798141558436,0.9037921090433887
0.33,0.09929428554373754,0.09272355281048239,0.08563062423397631,0.05326661357213909,0.037488686186277105,0.9989573735611714,0.9947977271765863,0.9896225179957052,0.9491783934419487,0.9009396225770382
0.34,0.09486026043917628,0.08840626738732196,0.08149868097100477,0.05021084286022054,0.03518979993621566,0.9989257957961926,0.994640505738924,0.9893097356565861,0.9476793439408707,0.8980961389321985
0.35000000000000003,0.09065500247715,0.08433494768706576,0.07759057624806869,0.04734970414149872,0.03304559657642678,0.9988942190294097,0.9944833091491075,0.9889970521761628,0.946182661907723,0.8952616296947841
0.36,0.0866635418308937,0.080490690375681,0.07389138445193945,0.044668348227866174,0.031043883708055952,0.9988626432607912,0.9943261374032097,0.9886844675231902,0.9446883436035337,0.8924360665403875
0.37,0.08287220091810052,0.07684271431478606,0.0703875052778924,0.04215331884978182,0.029173710065378368,0.9988310684903057,0.9941689904973041,0.9883719816664324,0.9431963852952353,0.8896194212339973
0.38,0.07926845208603521,0.07337870572632778,0.06706650671301159,0.03979240882594061,0.027425194998424635,0.9987994947179214,0.994011868427465,0.9880595945746636,0.9417067832556564,0.886811665629715
0.39,0.075840794608913,0.07008738156007037,0.06391699192399201,0.03757453127029795,0.025789387052436365,0.998767921943607,0.9938547711897672,0.9877473062166682,0.9402195337635118,0.8840127716704748
0.4,0.07259739474099443,0.06695837375434566,0.060928485513039324,0.035489602580128156,0.024258146146199755,0.9987363501673308,0.993697698780286,0.98743511656124,0.9387346331033934,0.8812227113877621
0.41000000000000003,0.06951172819339568,0.0639821303707721,0.05809133562500585,0.03352843586915674,0.02282404491717686,0.9987047793890612,0.9935406511950977,0.9871230255771828,0.9372520775657612,0.878441456901335
0.42,0.0665706100517964,0.06114983046965598,0.055396629160770657,0.03168264443474861,0.02148028566755757,0.9986732096087668,0.9933836284302788,0.9868110332333103,0.9357718634469332,0.8756689804189451
0.43,0.06376596034232043,0.05845331029487075,0.052836117932495916,0.029944555070092728,0.02022063004312834,0.9986416408264159,0.9932266304819066,0.9864991394984461,0.934293987049077,0.8729052542360601
0.44,0.06109027939282212,0.055884998862515134,0.050402154034355315,0.028307130903236152,0.0190393391376711,0.9986100730419771,0.9930696573460592,0.9861873443414237,0.9328184446802001,0.8701502507355868
0.45,0.05853659017471863,0.05343786144161701,0.04808763303530632,0.026763903221329335,0.017931122166339856,0.9985785062554189,0.992912709018815,0.9858756477310863,0.9313452326541409,0.8674039423875952
0.46,0.056098387944184744,0.05110534971322227,0.04588594385635342,0.025308911553600162,0.0168910922139187,0.9985469404667096,0.9927557854962531,0.985564049636287,0.9298743472905595,0.8646663017490432
0.47000000000000003,0.053769596421599467,0.04888135762310002,0.04379092439378454,0.02393665118343391,0.015914727855355346,0.9985153756758176,0.9925988867744534,0.9852525500258887,0.9284057849149281,0.8619373014635029
0.48,0.05154452989159586,0.0467601821226091,0.04179682210664261,0.022642027234343432,0.014997839680079159,0.9984838118827115,0.9924420128494962,0.9849411488687643,0.9269395418585223,0.8592169142608864
0.49,0.04941786061252204,0.0447364881362637,0.039898258911760937,0.021420314505374453,0.014136540938881217,0.9984522490873597,0.9922851637174627,0.9846298461337963,0.9254756144584119,0.8565051129571742
0.5,0.04738459083499623,0.04280527721331663,0.03809019983068065,0.020267122296181224,0.013327935572837755,0.9984206872897308,0.9921283393744342,0.9843186417898774,0.9240139990574513,0.8538018704541429
0.51,0.045440028618519826,0.04096185942093154,0.036367924915277156,0.01917836354292601,0.012569807784023338,0.998389126489793,0.9919715398164933,0.9840075358059097,0.9225546920042711,0.8511071597390947
0.52,0.04357976658309881,0.03920182812170254,0.034727004047089255,0.018150227671363157,0.011856803769462819,0.9983575666875151,0.9918147650397227,0.9836965281508054,0.9210976896532681,0.8484209538845874
0.53,0.04179966278866888,0.03752128541561044,0.03316930000429392,0.017179156655774488,0.01118605084586546,0.9983260078828653,0.9916580150402059,0.9833856187934864,0.919642988364597,0.8457432260481654
0.54,0.04009582309486131,0.03592632706322705,0.03168929850521759,0.016264987610023526,0.010554874128091519,0.9982944500758121,0.9915012898140271,0.9830748077028846,0.9181905845041607,0.8430739494720914
0.55,0.03846458456910987,0.03440141696737864,0.030277420722772726,0.015403823716312225,0.009960781570315332,0.998262893266324,0.9913445893572709,0.9827640948479415,0.9167404744436016,0.8404130974830789
0.56,0.03690249972071395,0.03294324048093618,0.028930319570053473,0.014589841388164125,0.009401450430852085,0.9982313374543694,0.9911879136660228,0.9824534801976085,0.9152926545602925,0.8377606434920261
0.5700000000000001,0.035408898668525673,0.03154866696396613,0.027644837300698385,0.013820275870604392,0.008874714956945478,0.9981997826399169,0.9910312627363687,0.9821429637208469,0.9138471212373273,0.8351165609937494
0.58,0.033980534479291266,0.030214736344431895,0.02641799155247177,0.013092554283639826,0.00837855511343536,0.998168228822935,0.990874636564395,0.9818325453866276,0.912403870863512,0.8324808235667195
0.59,0.03261134333613953,0.028938647042120645,0.025246962856333283,0.012404275539577365,0.007911086207943566,0.998136676003392,0.9907180351461893,0.9815222251639316,0.9109628998333564,0.8298534048727968
0.6,0.031298704947693115,0.027717745070918592,0.024129083396608297,0.011753193724650213,0.007470549294310332,0.9981051241812564,0.990561458477839,0.9812120030217496,0.9095242045470637,0.8272342786569682
0.61,0.03004013346712902,0.026549514166638158,0.023061826848842462,0.011137204259031478,0.007055302263486607,0.9980735733564967,0.990404906555433,0.9809018789290819,0.9080877814105229,0.8246234187470849
0.62,0.028833268625274397,0.02543156681277795,0.02204279915331589,0.010554332222443265,0.006663811554737583,0.9980420235290814,0.9902483793750599,0.9805918528549388,0.906653626835299,0.8220207990536008
0.63,0.027675867648141943,0.024361636056613373,0.021069730106545483,0.010002722357529421,0.00629464443832403,0.9980104746989791,0.9900918769328098,0.9802819247683402,0.9052217372386243,0.819426393569312
0.64,0.02656579786978002,0.023337568024148186,0.020140465672250835,0.0094806303769433,0.005946461833364945,0.997978926866158,0.9899353992247727,0.9799720946383162,0.9037921090433892,0.8168401763690967
0.65,0.025501029963769482,0.02235731505560735,0.019252960928510393,0.008986415290424375,0.005618011631919757,0.9979473800305867,0.9897789462470395,0.9796623624339064,0.9023647386781339,0.8142621216096559
0.66,0.024479631727033997,0.021418929393990094,0.018405273580145272,0.008518532537488624,0.005308122503670475,0.9979158341922337,0.989622517995702,0.97935272812416,0.9009396225770387,0.811692203529256
0.67,0.023499762358279004,0.020520557368224366,0.01759555797541821,0.00807552776470603,0.005015698156338721,0.9978842893510675,0.9894661144668521,0.9790431916781362,0.8995167571799155,0.8091303964474702
0.68,0.02255966718066367,0.019660434020036296,0.016822059574433515,0.0076560311279138295,0.004739712026410986,0.9978527455070566,0.9893097356565826,0.9787337530649042,0.8980961389321991,0.8065766747649228
0.6900000000000001,0.021657672764504796,0.018836878130052588,0.01608310982353684,0.007258752031776288,0.004479202373816277,0.9978212026601693,0.9891533815609871,0.9784244122535425,0.8966777642849377,0.8040310129630333
0.7000000000000001,0.02079218241110168,0.018048287604107507,0.015377121395825994,0.006882474243558322,0.004233267753500258,0.9977896608103742,0.9889970521761594,0.9781151692131398,0.8952616296947846,0.8014933856037606
0.71,0.019961671963320306,0.01729313518539372,0.014702583762804707,0.006526051336065939,0.004001062836659134,0.9977581199576399,0.9888407474981942,0.9778060239127944,0.8938477316239892,0.79896376732935
0.72,0.01916468591249745,0.01656996446211395,0.014058059066407141,0.006188402427495762,0.003781794554805885,0.9977265801019347,0.9886844675231866,0.9774969763216141,0.8924360665403881,0.796442132862079
0.73,0.018399833774634514,0.015877386143763758,0.013442178264217935,0.0058685081944806795,0.0035747185407821926,0.9976950412432272,0.9885282122472326,0.9771880264087169,0.8910266309173962,0.7939284570040046
0.74,0.017665786711812743,0.015214074582187449,0.012853637523813818,0.005565407139938015,0.003379135842177093,0.9976635033814857,0.9883719816664287,0.9768791741432306,0.8896194212339978,0.7914227146367123
0.75,0.01696127437735228,0.014578764516173326,0.012291194844837146,0.005278192100361439,0.0031943898842285807,0.9976319665166788,0.9882157757768719,0.9765704194942921,0.8882144339747386,0.7889248807210643
0.76,0.016285081965508808,0.013970248020645965,0.011753666889747001,0.005006006978745251,0.0030198636610391464,0.9976004306487751,0.98805959457466,0.9762617624310488,0.8868116656297157,0.7864349302969496
0.77,0.015636047448496507,0.01338737164351982,0.011239926006229774,0.004748043690012402,0.002854977135724258,0.9975688957777431,0.9879034380558911,0.9759532029226574,0.8854111126945696,0.7839528384830348
0.78,0.015013058985385545,0.01282903371504091,0.010748897426035433,0.004503539306082933,0.0026991848318571625,0.997537361903551,0.9877473062166644,0.9756447409382846,0.8840127716704754,0.781478580476515
0.79,0.014415052488976808,0.01229418181599469,0.010279556626570971,0.004271773387858545,0.0025519736002217464,0.9975058290261676,0.9875911990530792,0.9753363764471066,0.8826166390641339,0.7790121315528664
0.8,0.013841009338132418,0.01178181039252631,0.009830926842961295,0.004052065491578383,0.0024128605464072035,0.9974742971455611,0.9874351165612361,0.9750281094183095,0.8812227113877628,0.776553467065599
0.81,0.013289954224261633,0.011290958506528875,0.009402076719504163,0.0038437728373028894,0.0022813911061604643,0.9974427662617003,0.9872790587372353,0.9747199398210893,0.8798309851590881,0.7741025624460104
0.8200000000000001,0.012760953121747316,0.01082070771162638,0.00899211809052117,0.0036462881277268796,0.0021571372566531258,0.9974112363745534,0.9871230255771787,0.9744118676246514,0.8784414569013357,0.77165939320294
0.8300000000000001,0.012253111373064663,0.010370180045727512,0.008600203881559569,0.003459037506101809,0.002039695852925332,0.9973797074840891,0.9869670170771682,0.9741038927982111,0.877054123143222,0.7692239349225247
0.84,0.01176557188020534,0.009938536131971189,0.008225526122745009,0.003281478642731387,0.0019286870797510913,0.9973481795902759,0.9868110332333062,0.9737960153109935,0.8756689804189458,0.7667961632679549
0.85,0.01129751339479066,0.0095249733806355,0.007867314066837055,0.0031130989402632513,0.0018237530100403904,0.9973166526930821,0.9866550740416962,0.9734882351322331,0.8742860252681797,0.7643760539792309
0.86,0.010848148899945988,0.009128724285250703,0.007524832405207833,0.0029534138488004685,0.001724556261667139,0.9972851267924764,0.9864991394984419,0.9731805522311747,0.8729052542360608,0.7619635828729209
0.87,0.010416724077624374,0.008749054806755816,0.007197379575559939,0.0028019652826737386,0.0016307787453014053,0.9972536018884272,0.986343229599648,0.9728729665770723,0.871526663873183,0.759558725841919
0.88,0.010002515855622202,0.008385262840070275,0.006884286155732474,0.002658320131528502,0.001542120496440323,0.997222077980903,0.9861873443414194,0.9725654781391899,0.8701502507355876,0.7571614588552047
0.89,0.0096048310290241,0.008036676757931845,0.006584913338417821,0.002522068859179126,0.0014582985853852132,0.9971905550698723,0.9860314837198619,0.972258086886801,0.8687760113847549,0.7547717579576025
0.9,0.009223004951262496,0.007702654027278925,0.006298651482038091,0.0023928241844636787,0.0013790460994109054,0.9971590331553036,0.9858756477310819,0.971950792789189,0.867403942387596,0.7523895992695426
0.91,0.008856400290377493,0.007382579893839803,0.006024918733409221,0.0022702198391065477,0.0013041111918237532,0.9971275122371654,0.9857198363711862,0.971643595815647,0.8660340403164436,0.7500149589868221
0.92,0.008504405846425377,0.007075866130936528,0.005763159718162792,0.002153909398392198,0.001233256193014057,0.9970959923154263,0.9855640496362825,0.9713364959354776,0.864666301749044,0.7476478133803676
0.93,0.008166435426309734,0.006781949848821297,0.005512844295200591,0.0020435651813248343,0.00116625677898112,0.9970644733900548,0.9854082875224789,0.9710294931179934,0.8633007232685482,0.7452881387959973
0.9400000000000001,0.007841926772604155,0.006500292361142427,0.005273466371732195,0.0019388772179959924,0.0011029011931495243,0.9970329554610191,0.9852525500258841,0.9707225873325164,0.8619373014635037,0.7429359116541855
0.9500000000000001,0.007530340543201784,0.006230378105389427,0.00504454277569261,0.001839552283282678,0.0010429895176080023,0.997001438528288,0.9850968371426077,0.9704157785483786,0.8605760329278452,0.7405911084498265
0.96,0.007231159338867485,0.005971713614393656,0.0048256121825593305,0.0017453129980712538,0.0009863329901905256,0.99696992259183,0.9849411488687596,0.9701090667349214,0.8592169142608872,0.7382537057519996
0.97,0.006943886775987148,0.005723826536167081,0.004616234093788861,0.0016558970025123004,0.0009327533640868759,0.9969384076516136,0.9847854852004505,0.969802451861496,0.8578599420673148,0.7359236802037352
0.98,0.00666804660200662,0.005486264699547635,0.0044159878642730825,0.0015710562113309446,0.0008820823069196272,0.9969068937076071,0.9846298461337916,0.9694959338974636,0.856505112957175,0.7336010085217818
0.99,0.006403181851232351,0.005258595223288946,0.004224471776379973,0.001490556170417251,0.0008341608364588252,0.9968753807597792,0.9844742316648948,0.9691895128121945,0.8551524235458692,0.7312856674963724
1.0,0.006148854038829423,0.005040403666385239,0.0040413021582906454,0.0014141755480739488,0.0007888387903666084,0.9968438688080984,0.9843186417898725,0.968883188575069,0.8538018704541437,0.728977633990993
1.01,0.00590464239100186,0.004831293217562147,0.003866112544479337,0.001341705809572167,0.0007459743275726792,0.9968123578525332,0.9841630765048379,0.9685769611554772,0.8524534503080818,0.726676884942152
1.02,0.005670143109475595,0.004630883921991498,0.0036985528763048992,0.0012729511089137912,0.0007054334590788272,0.9967808478930521,0.9840075358059047,0.9682708305228187,0.8511071597390955,0.7243833973591488
1.03,0.005444968668528453,0.004438811943404177,0.0035382887407934575,0.0012077282545970213,0.0006670896061764171,0.9967493389296236,0.9838520196891872,0.9679647966465027,0.8497629953839164,0.7220971483238446
1.04,0.005228747142925185,0.004254728859882034,0.0033850006457938116,0.0011458659291109635,0.0006308231842346631,0.9967178309622161,0.9836965281508003,0.9676588594959483,0.8484209538845882,0.7198181149904332
1.05,0.005021121565219252,0.004078300991707344,0.003238383329780015,0.0010872011982835357,0.0005965212103789931,0.9966863239907984,0.9835410611868596,0.967353019040584,0.8470810318884576,0.7175462745852127
1.06,0.0048217493109784315,0.003909208759738192,0.003098145104661436,0.001031572787286833,0.0005640769335270502,0.9966548180153387,0.9833856187934812,0.9670472752498482,0.8457432260481662,0.7152816044063582
1.07,0.004630301510578746,0.003747146072861166,0.0029640072300395883,0.0009788174589753147,0.0005333894853845786,0.9966233130358058,0.983230200966782,0.9667416280931888,0.8444075330216423,0.7130240818236946
1.08,0.0044464624862921185,0.003591819743149278,0.0028357033174243214,0.0009287750087793085,0.0005043635511242738,0.996591809052168,0.9830748077028792,0.9664360775400634,0.8430739494720922,0.7107736842784704
1.09,0.004269929213467056,0.0034429489274240494,0.0027129787629903055,0.0008812949831136039,0.00047690905857782767,0.9965603060643939,0.9829194389978911,0.9661306235599394,0.8417424720679921,0.708530389283133
1.1,0.0041004108046706535,0.0033002645939868773,0.002595590207518572,0.0008362386286793911,0.00045094088486563946,0.9965288040724521,0.982764094847936,0.9658252661222937,0.8404130974830798,0.7062941744211031
1.11,0.0039376280157234446,0.003163509013346137,0.002483305022227872,0.0007934776712705529,0.00042637857947082293,0.996497303076311,0.9826087752491334,0.9655200051966126,0.8390858223963461,0.7040650173465509
1.12,0.0037813127726176042,0.003032435271824095,0.0023759008192574234,0.0007528926002559324,0.00040314610283556407,0.9964658030759392,0.9824534801976029,0.9652148407523926,0.8377606434920268,0.7018428957841735
1.1300000000000001,0.003631207718363591,0.0029068068069815784,0.002273164985616519,0.0007143713426059238,0.0003811715796200593,0.9964343040713052,0.9822982096894652,0.9649097727591395,0.8364375574595947,0.6996277875289713
1.1400000000000001,0.003487065778861034,0.0027863969638490926,0.0021748942394677253,0.0006778083443587938,0.0003603870658185338,0.9964028060623775,0.9821429637208413,0.9646048011863687,0.8351165609937502,0.6974196704460267
1.1500000000000001,0.0033486497469372113,0.002670988571000575,0.002080894207659747,0.0006431039222857575,0.0003407283289747721,0.9963713090491246,0.9819877422878527,0.9642999260036053,0.8337976507944146,0.695218522470283
1.16,0.003215731883740292,0.0025603735355513384,0.001990979023473333,0.0006101637780250604,0.0003221346407823167,0.9963398130315151,0.9818325453866219,0.9639951471803841,0.8324808235667205,0.6930243216063237
1.17,0.0030880935367161035,0.002454352456204136,0.0019049709435891918,0.0005788986099833902,0.00030454858139324374,0.9963083180095175,0.9816773730132718,0.9636904646862496,0.8311660760210042,0.6908370459281522
1.18,0.002965524773435738,0.002352734253507936,0.0018226999833310638,0.0005492237866147616,0.00028791585479487347,0.9962768239831002,0.9815222251639258,0.9633858784907557,0.8298534048727977,0.6886566735789741
1.19,0.0028478240305773216,0.0022553358165324066,0.001744003569279722,0.000521059060682523,0.0002721851146468523,0.996245330952232,0.9813671018347082,0.963081388563466,0.82854280684282,0.6864831827709771
1.2,0.0027347977773996726,0.0021619816651977115,0.00166872620839517,0.0004943283128135078,0.0002573078000020159,0.9962138389168812,0.9812120030217437,0.9627769948739539,0.8272342786569691,0.6843165517851145
1.21,0.0026262601930772556,0.0020725036275341113,0.0015967191728243298,0.00046895931739603103,0.00024323798036373452,0.9961823478770165,0.9810569287211576,0.9624726973918021,0.8259278170463138,0.6821567589708878
1.22,0.002522032857296177,0.0019867405311793877,0.00152784019961027,0.00044488352650334394,0.00022993220956037753,0.9961508578326063,0.9809018789290759,0.9621684960866032,0.8246234187470858,0.68000378274613
1.23,0.0024219444535391993,0.0019045379084535897,0.0014619532045567541,0.00042203586901868066,0.000217349387944028,0.9961193687836192,0.9807468536416252,0.9618643909279592,0.823321080500671,0.6778576015967908
1.24,0.002325830484514806,0.0018257477143815222,0.0013989280095378987,0.00040035456301151703,0.00020545063244598228,0.9960878807300236,0.9805918528549327,0.9615603818854818,0.8220207990536017,0.6757181940767203
1.25,0.002233532999210428,0.0017502280570621726,0.001338640082577855,0.00037978093994099,0.0001941991540457317,0.9960563936717882,0.9804368765651261,0.9612564689287925,0.8207225711575489,0.6735855388074563
1.26,0.002144900331074248,0.0016778429398123919,0.0012809702900587919,0.000360259279590083,0.00018356014223323573,0.9960249076088815,0.9802819247683341,0.9609526520275219,0.819426393569313,0.6714596144780091
1.27,0.0020597868468523934,0.0016084620145388044,0.0012258046604477703,0.0003417366548457063,0.0001735006560662968,0.9959934225412721,0.9801269974606854,0.9606489311513107,0.818132263050817,0.6693403998446497
1.28,0.0019780527056301777,0.001541960345817492,0.0011730341589636897,0.00032416278558172306,0.00016398952144585578,0.9959619384689283,0.97997209463831,0.9603453062698091,0.8168401763690977,0.6672278737306969
1.29,0.0018995636276462509,0.0014782181851855116,0.0011225544726349993,0.0003074899010013304,0.0001549972342520407,0.9959304553918189,0.9798172162973379,0.9600417773526765,0.8155501302962975,0.6651220150263062
1.3,0.0018241906724681175,0.0014171207551717424,0.0010742658052266272,0.0002916726098679268,0.00014649586900288282,0.9958989733099123,0.9796623624339,0.9597383443695824,0.8142621216096569,0.6630228026882582
1.31,0.0017518100261357612,0.0013585580426170004,0.0010280726815412216,0.00027666777810923316,0.00013845899271582894,0.995867492223177,0.9795075330441279,0.9594350072902057,0.8129761470915061,0.6609302157397486
1.32,0.0016823027968978044,0.0013024246008548307,0.000983883760624998,0.0002624344133238246,0.0001308615836695249,0.9958360121315818,0.9793527281241535,0.9591317660842347,0.811692203529257,0.658844233270179
1.33,0.0016155548191811734,0.001248619360344845,0.0009416116574323848,0.00024893355575600004,0.0001236799547799574,0.995804533035095,0.9791979476701097,0.9588286207213675,0.8104102877153949,0.6567648344349475
1.34,0.0015514564654512761,0.0011970454473702334,0.0009011727725263736,0.0002361281753364365,0.00011689168132083496,0.9957730549336851,0.9790431916781297,0.9585255711713118,0.8091303964474712,0.6546919984552403
1.35,0.001489902465634701,0.0011476100104296323,0.0008624871294130552,0.00022398307441374527,0.00011047553273324032,0.9957415778273208,0.9788884601443475,0.9582226174037846,0.8078525265280946,0.6526257046178242
1.36,0.001430791733790849,0.0011002240539716318,0.0008254782191293283,0.00021246479582690748,0.00010441140828400681,0.9957101017159706,0.9787337530648975,0.9579197593885128,0.8065766747649239,0.65056593227484
1.37,0.001374027201732826,0.0010548022791371289,0.0007900728517222911,0.00020154153599128964,9.868027634606395e-05,0.995678626599603,0.9785790704359151,0.9576169970952326,0.805302837970659,0.6485126608435959
1.3800000000000001,0.0013195156593107274,0.0010112629311912029,0.000756201014277495,0.0001911830626918973,9.326411708715591e-05,0.9956471524781867,0.9784244122535358,0.9573143304936901,0.8040310129630343,0.6464658698063613
1.3900000000000001,0.0012671676010831937,0.0009695276533416542,0.0007237957351710267,0.00018136063729711602,8.814586836586701e-05,0.99561567935169,0.9782697785138961,0.9570117595536406,0.8027611965648093,0.6444255387101626
1.4000000000000001,0.0012168970791148637,0.0009295213466562543,0.0006927929542375173,0.00017204694112455746,8.330937464584969e-05,0.9955842072200817,0.978115169213133,0.9567092842448491,0.8014933856037617,0.6423916471665785
1.41,0.0011686215616487903,0.0008911720358049224,0.0006631313985625152,0.00016321600570793108,7.87393387504931e-05,0.9955527360833302,0.977960584347384,0.9564069045370902,0.8002275769126791,0.6403641748515361
1.42,0.0011222617974136397,0.0008544107403665293,0.0006347524636234344,0.00015484314673019936,7.442127629106536e-05,0.9955212659414041,0.9778060239127874,0.9561046204001481,0.7989637673293511,0.6383431015051079
1.43,0.0010777416853359708,0.0008191713514529401,0.000607600099518417,0.00014690490140368154,7.034147261156968e-05,0.995489796794272,0.977651487905482,0.9558024318038163,0.7977019536965615,0.6363284069313094
1.44,0.0010349881494375855,0.0007853905134151123,0.0005816207020369923,0.00013937896909227524,6.648694210321287e-05,0.9954583286419023,0.977496976321607,0.9555003387178982,0.79644213286208,0.6343200709978974
1.45,0.0009939310187075695,0.0007530075104078305,0.0005567630083403424,0.00013224415498460062,6.284538975047136e-05,0.9954268614842636,0.9773424891573028,0.9551983411122065,0.7951843016786552,0.6323180736361688
1.46,0.0009545029117474147,0.0007219641576006763,0.0005329779970324106,0.00012548031663960733,5.940517477927797e-05,0.9953953953213247,0.9771880264087098,0.9548964389565633,0.7939284570040057,0.6303223948407596
1.47,0.0009166391259964122,0.0006922046968334906,0.0005102187924158239,0.00011906831323807532,5.61552762858173e-05,0.9953639301530538,0.9770335880719694,0.9545946322208008,0.792674595700813,0.6283330146694457
1.48,0.0008802775313525227,0.0006636756965246002,0.0004884405727388075,0.00011298995738445311,5.30852607318407e-05,0.9953324659794197,0.9768791741432233,0.9542929208747601,0.7914227146367134,0.626349913242943
1.49,0.000845358468011928,0.000636325955649596,0.0004676004822508301,0.00010722796931367152,5.0185251199255334e-05,0.9953010028003909,0.9767247846186141,0.9539913048882922,0.79017281068429,0.6243730707447092
1.5,0.0008118246483577518,0.000610106411617579,0.0004476575468956593,0.00010176593336696443,4.744589830305181e-05,0.9952695406159359,0.9765704194942848,0.9536897842312576,0.7889248807210654,0.6224024674207455
1.51,0.0007796210627357639,0.000584970051880339,0.0004285725934807844,9.658825660936032e-05,4.485835266739562e-05,0.9952380794260233,0.9764160787663791,0.9533883588735262,0.7876789216294932,0.6204380835793994
1.52,0.0007486948889615774,0.0005608718291180428,0.00041030817217183605,9.168012946946869e-05,4.2414238874966896e-05,0.9952066192306217,0.9762617624310413,0.9530870287849775,0.7864349302969507,0.6184798995911679
1.53,0.0007189954054103642,0.0005377685798527864,0.000392828482169616,8.702748828948566e-05,4.010563080442898e-05,0.9951751600296996,0.9761074704844165,0.9527857939355004,0.7851929036157312,0.6165278958885012
1.54,0.0006904739075464005,0.00051561894634855,0.0003760993004357138,8.261697968011138e-05,3.792502827531075e-05,0.9951437018232255,0.9759532029226499,0.9524846542949936,0.7839528384830359,0.6145820529656072
1.55,0.0006630836277556009,0.0004943833016630476,0.00036008791334041375,7.84359265813256e-05,3.586533492368234e-05,0.9951122446111682,0.9757989597418878,0.952183609833365,0.7827147318009662,0.6126423513782566
1.56,0.0006367796583499528,0.0004740236777233968,0.0003447630511137239,7.447229593581784e-05,3.391983723592125e-05,0.9950807883934961,0.9756447409382769,0.9518826605205323,0.7814785804765161,0.610708771743589
1.57,0.000611518877618099,0.0004545036963036396,0.00033009482498688405,7.071466788735045e-05,3.2082184671714494e-05,0.9950493331701777,0.9754905465079646,0.9515818063264224,0.7802443814215646,0.6087812947399183
1.58,0.0005872598788015641,0.00043578850278796246,0.0003160546669177007,6.715220642151607e-05,3.0346370811383142e-05,0.9950178789411818,0.9753363764470989,0.951281047220972,0.7790121315528675,0.6068599011065405
1.59,0.0005639629018809934,0.0004178447026087585,0.0003026152717985301,6.377463137127737e-05,2.8706715466778026e-05,0.9949864257064767,0.9751822307518282,0.9509803831741269,0.7777818277920504,0.6049445716435411
1.6,0.0005415897680615656,0.00040064030025388644,0.0002897505420507186,6.0572191714390405e-05,2.7157847699481415e-05,0.9949549734660311,0.9750281094183018,0.950679814155843,0.7765534670656002,0.6030352872116025
1.61,0.0005201038168511825,0.0003841446407421697,0.0002774355345138619,5.753564009432903e-05,2.569468969493921e-05,0.9949235222198136,0.9748740124426694,0.9503793401360852,0.775327046304858,0.6011320287318138
1.62,0.000499469845629407,0.0003683283534706973,0.0002656464095424085,5.465620850066528e-05,2.431244144638555e-05,0.9948920719677928,0.9747199398210814,0.9500789610848279,0.7741025624460115,0.5992347771854794
1.6300000000000001,0.00047965405160921016,0.0003531632983417249,0.00025436038222595436,5.192558504904067e-05,2.3006566207888405e-05,0.9948606227099371,0.9745658915496889,0.9497786769720554,0.7728800124300869,0.5973435136139293
1.6400000000000001,0.00046062397609752747,0.00033862251408089484,0.00024355567565303673,4.933589180485508e-05,2.1772776681232614e-05,0.9948291744462152,0.9744118676246434,0.9494784877677611,0.7716593932029411,0.5954582191183295
1.6500000000000001,0.0004423484509644198,0.00032468016866223206,0.00023321147614148061,4.687966359862972e-05,2.0607021906235744e-05,0.9947977271765958,0.9742578680420972,0.9491783934419481,0.7704407017152554,0.5935788748594932
1.6600000000000001,0.00042479754723419695,0.00031131151175887816,0.0002233078903612984,4.45498277846357e-05,1.9505474827916593e-05,0.9947662809010471,0.9741038927982031,0.9488783939646287,0.7692239349225259,0.5917054620576926
1.67,0.00040794252571532447,0.00029849282914177924,0.00021382590427892196,4.233968489781799e-05,1.8464520516126815e-05,0.9947348356195381,0.9739499418891144,0.9485784893058251,0.7680090897850577,0.5898379619924711
1.68,0.0003917557895892407,0.00028620139895167804,0.00020474734385409008,4.024289016727288e-05,1.748074501340345e-05,0.9947033913320371,0.9737960153109853,0.9482786794355685,0.7667961632679561,0.5879763560024561
1.69,0.00037621083888133785,0.000274415449772624,0.00019605483742316098,3.825343584755301e-05,1.655092478477979e-05,0.9946719480385128,0.9736421130599704,0.9479789643239,0.7655851523411196,0.5861206254851734
1.7,0.0003612822267404017,0.0002631141204380167,0.00018773177970485375,3.636563433186411e-05,1.5672016739497173e-05,0.9946405057389338,0.9734882351322249,0.9476793439408701,0.764376053979232,0.5842707518968601
1.71,0.00034694551745566743,0.0002522774215027525,0.00017976229736660338,3.457410201379914e-05,1.4841148789886228e-05,0.9946090644332686,0.9733343815239047,0.9473798182565384,0.7631688651617554,0.5824267167522799
1.72,0.0003331772461434485,0.00024188619831751326,0.00017213121609172495,3.2873743866635005e-05,1.4055610908431623e-05,0.9945776241214856,0.9731805522311664,0.9470803872409742,0.761963582872922,0.5805885016245385
1.73,0.00031995488003791267,0.00023192209564357592,0.00016482402908955194,3.125973871142052e-05,1.3312846641584657e-05,0.9945461848035538,0.9730267472501669,0.9467810508642565,0.7607602041017267,0.5787560881448991
1.74,0.00030725678132313114,0.0002223675237487063,0.00015782686699255649,2.972752514717868e-05,1.2610445039327022e-05,0.9945147464794416,0.9728729665770639,0.9464818090964733,0.7595587258419202,0.5769294580025994
1.75,0.0002950621714459682,0.00021320562592682312,0.0001511264690862487,2.8272788118605336e-05,1.194613296329336e-05,0.9944833091491175,0.9727192102080158,0.9461826619077225,0.7583591450920003,0.5751085929446678
1.76,0.0002833510968516909,0.00020442024738610604,0.00014471015581936817,2.6891446098860377e-05,1.131776774325967e-05,0.9944518728125501,0.9725654781391814,0.945883609268111,0.7571614588552059,0.5732934747757419
1.77,0.00027210439608643796,0.00019599590545213246,0.00013856580254352274,2.5579638867758196e-05,1.0723330161432785e-05,0.9944204374697081,0.9724117703667202,0.9455846511477556,0.7559656641395082,0.5714840853578858
1.78,0.0002613036682128165,0.0001879177610344683,0.00013268181443303143,2.433371586958096e-05,1.0160917756008831e-05,0.99438900312056,0.9722580868867924,0.9452857875167823,0.7547717579576038,0.5696804066104098
1.79,0.00025093124248696077,0.00018017159130687517,0.000127047102537256,2.315022514150246e-05,9.628738451417744e-06,0.9943575697650744,0.9721044276955586,0.9449870183453264,0.7535797373269073,0.5678824205096888
1.8,0.00024097014924737793,0.00017274376355298212,0.00012165106091920552,2.2025902817158147e-05,9.125104549689545e-06,0.99432613740322,0.9719507927891803,0.944688343603533,0.7523895992695439,0.5660901090889829
1.81,0.00023140409196777896,0.00016562121013089865,0.00011648354483562959,2.095766324064011e-05,8.648427183164936e-06,0.9942947060349651,0.9717971821638193,0.9443897632615564,0.7512013408123414,0.5643034544382576
1.82,0.00022221742042794927,0.00015879140451179605,0.00011153484991522895,1.9942589804390352e-05,8.197211559220859e-06,0.9942632756602786,0.9716435958156382,0.9440912772895603,0.7500149589868235,0.5625224387040045
1.83,0.00021339510495844475,0.00015224233834899172,0.00010679569229296969,1.8977926848361794e-05,7.770054505558987e-06,0.994231846279129,0.9714900337408,0.943792885657718,0.7488304508292017,0.5607470440890637
1.84,0.0002049227117166,0.00014596249953554655,0.00010225718965982183,1.806107369023503e-05,7.365655196921919e-06,0.9942004178914847,0.9713364959354687,0.943494588336212,0.7476478133803689,0.5589772528524449
1.85,0.00019678637895295502,0.0001399408512097764,9.791084318854082e-05,1.7189584611019222e-05,6.982888264322262e-06,0.9941689904973147,0.9711829823958085,0.9431963852952346,0.7464670436858905,0.5572130473091513
1.86,0.00018897279422876824,0.00013416681166947815,9.37485202973872e-05,1.6361189367594022e-05,6.620576840849729e-06,0.9941375640965872,0.9710294931179844,0.942898276504987,0.7452881387959985,0.5554544098300017
1.87,0.00018146917254678317,0.0001286302351569884,8.976243821493001e-05,1.5573856136962622e-05,6.277428918271959e-06,0.9941061386892709,0.9708760280981619,0.9426002619356804,0.7441110957655834,0.5537013228414553
1.8800000000000001,0.00017426323535887648,0.0001233213934785083,8.594514831031146e-05,1.4825634106583527e-05,5.95235713197873e-06,0.9940747142753346,0.9707225873325073,0.9423023415575349,0.7429359116541868,0.5519537688254358
1.8900000000000001,0.00016734319041559017,0.0001182309584223943,8.22895211545633e-05,1.411428138781363e-05,5.644367758698086e-06,0.9940432908547466,0.9705691708171873,0.9420045153407802,0.7417625835259941,0.5502117303191555
1.9000000000000001,0.00016069771242391284,0.0001133499849423569,7.878873227976759e-05,1.343770636964907e-05,5.352529083884499e-06,0.9940118684274758,0.9704157785483694,0.9417067832556556,0.7405911084498277,0.5484751899149426
1.9100000000000001,0.00015431592448095276,0.00010866989507272462,7.543624860403882e-05,1.2794083432587375e-05,5.07596413693111e-06,0.9939804469934905,0.9702624105222214,0.9414091452724096,0.7394214834991388,0.5467441302600653
1.92,0.0001481873802524043,0.00010418246254411664,7.22258154914834e-05,1.218173536586729e-05,4.813846658067777e-06,0.9939490265527596,0.970109066734912,0.9411116013613001,0.7382537057520008,0.5450185340565599
1.93,0.0001423020468659048,9.987979806903273e-05,6.915144441745272e-05,1.1599088710485005e-05,4.565397862966847e-06,0.9939176071052515,0.9699557471826106,0.9408141514925944,0.7370877722911017,0.5432983840610569
1.94,0.00013665028849053836,9.575433526800652e-05,6.620740121056385e-05,1.1044658172563682e-05,4.329883617214704e-06,0.9938861886509348,0.9698024518614867,0.9405167956365694,0.7359236802037366,0.5415836630846096
1.95,0.0001312228505748617,9.17988172080862e-05,6.338819484410154e-05,1.0517038623489516e-05,4.106612162975635e-06,0.9938547711897782,0.9696491807677109,0.9402195337635111,0.734761426581801,0.5398743539925214
1.96,0.00012601084471690604,8.800628352649853e-05,6.068856675054679e-05,1.0014899476961466e-05,3.894934079794321e-06,0.9938233547217503,0.9694959338974541,0.939922365843715,0.7336010085217831,0.5381704397041754
1.97,0.00012100573414063955,8.437005811341947e-05,5.8103480634090825e-05,9.536980036808287e-06,3.694250145015804e-06,0.9937919392468196,0.969342711246888,0.9396252918474862,0.7324424231247567,0.5364719031928631
1.98,0.000116199319754388,8.088373732882917e-05,5.562811275708976e-05,9.082085364249144e-06,3.5039755764678444e-06,0.9937605247649548,0.9691895128121849,0.9393283117451389,0.7312856674963737,0.5347787274856148
1.99,0.000111583726767666,7.754117872944332e-05,5.3257842677496435e-05,8.649082493598976e-06,3.3235320380354005e-06,0.9937291112761245,0.9690363385895175,0.9390314255069967,0.7301307387468572,0.5330908956630295
2.0,0.00010715139184380972,7.43364902827183e-05,5.0988244415359155e-05,8.23689692022434e-06,3.1523952530775807e-06,0.9936976987802973,0.9688831885750594,0.9387346331033928,0.7289776339909944,0.5314083908591062
2.0100000000000002,0.00010289505076669349,7.126402004590129e-05,4.88150780275071e-05,7.844509320685746e-06,2.9900761418674025e-06,0.9936662872774419,0.9687300627649845,0.9384379345046695,0.7278263503481287,0.529731196261075
2.02,9.880772660068285e-05,6.831834628904162e-05,4.673428157054274e-05,7.470952480267844e-06,2.8361136374029175e-06,0.9936348767675267,0.9685769611554674,0.9381413296811788,0.7266768849421533,0.5280592951092297
2.0300000000000002,9.488271832380538e-05,6.54942680418096e-05,4.4741963433234454e-05,7.115308410198798e-06,2.6900722050255475e-06,0.9936034672505205,0.9684238837426836,0.9378448186032818,0.7255292349015037,0.5263926706967593
2.04,9.111358991492859e-05,6.278679604485486e-05,4.283439502033108e-05,6.776705640492875e-06,2.5515401188279596e-06,0.9935720587263919,0.9682708305228088,0.9375484012413491,0.7243833973591502,0.5247313063695825
2.05,8.749415987650418e-05,6.019114408731173e-05,4.100800377072849e-05,6.454316676412542e-06,2.4201279769256844e-06,0.9935406511951093,0.9681178014920195,0.9372520775657605,0.7232393694525913,0.5230751855261798
2.06,8.40184911751835e-05,5.770272071289415e-05,3.925936649377079e-05,6.147355607850858e-06,2.2954673524001024e-06,0.9935092446566416,0.9679647966464928,0.9369558475469053,0.722097148323846,0.5214242916174284
2.07,8.068088158333082e-05,5.5317121277830015e-05,3.7585203008297185e-05,5.855075861855787e-06,2.1772095480129727e-06,0.9934778391109572,0.9678118159824063,0.9366597111551823,0.7209567311194474,0.5197786081464372
2.08,7.747585440514493e-05,5.3030120344667336e-05,3.5982370069823515e-05,5.576768089234209e-06,2.065024440168382e-06,0.9934464345580248,0.9676588594959382,0.9363636683609994,0.7198181149904346,0.5181381186683806
2.09,7.439814957177116e-05,5.083766439673224e-05,3.444785557199092e-05,5.311758176770979e-06,1.9585994031340665e-06,0.9934150309978131,0.9675059271832677,0.9360677191347738,0.7186812970923465,0.5165028067903357
2.1,7.144271509041967e-05,4.873586485873476e-05,3.297877300911494e-05,5.05940537712634e-06,1.8576383067053485e-06,0.9933836284302907,0.9673530190405739,0.9357718634469324,0.717546274585214,0.5148726561711175
2.11,6.860469883312624e-05,4.672099140971302e-05,3.1572356187331964e-05,4.81910054895427e-06,1.7618605814758704e-06,0.9933522268554261,0.9672001350640371,0.9354761012679113,0.7164130446335537,0.5132476505211162
2.12,6.587944065137637e-05,4.478946557515629e-05,3.0225954172461735e-05,4.590264500228208e-06,1.6710003463649178e-06,0.993320826273188,0.967047275249838,0.9351804325681556,0.7152816044063596,0.511627773602134
2.13,6.3262464803391e-05,4.2937854585783865e-05,2.8937026463294488e-05,4.3723464281783884e-06,1.5848055933043657e-06,0.993289426683545,0.9668944395941578,0.9348848573181203,0.7141519510770973,0.5100130092272227
2.14,6.0749472681406397e-05,4.116286549105026e-05,2.7703138379560915e-05,4.164822449637386e-06,1.5030374242068775e-06,0.9932580280864658,0.9667416280931785,0.9345893754882694,0.7130240818236959,0.5084033412605227
2.15,5.833633582681896e-05,3.946133951602176e-05,2.652195665436388e-05,3.967194215964511e-06,1.4254693356909667e-06,0.9932266304819188,0.9665888407430826,0.9342939870490762,0.7118979938285421,0.506798753617101
2.16,5.601908922155417e-05,3.783024665081169e-05,2.5391245221336223e-05,3.778987607074553e-06,1.3518865475525091e-06,0.993195233869873,0.9664360775400531,0.9339986919710236,0.7107736842784719,0.5051992302627908
2.17,5.379392484451709e-05,3.6266680462278356e-05,2.430886118725013e-05,3.5997514994374453e-06,1.282085371458069e-06,0.9931638382502966,0.9662833384802738,0.9337034902246035,0.7096511503647643,0.5036047552140314
2.18,5.1657185482432524e-05,3.47678531181833e-05,2.3272750981230652e-05,3.42905660324149e-06,1.2158726166573758e-06,0.9931324436231586,0.966130623559929,0.9334083817803174,0.7085303892831345,0.502015312537708
2.19,4.960535878483768e-05,3.333109061447133e-05,2.228094667213751e-05,3.2664943642288677e-06,1.153065029774539e-06,0.9931010499884274,0.9659779327752036,0.933113366608676,0.707411398233726,0.5004308863509932
2.2,4.763507155341058e-05,3.195382819678215e-05,2.1331562446058236e-05,3.1116759260165204e-06,1.0934887660788095e-06,0.9930696573460717,0.965825266122283,0.9328184446801994,0.7062941744211045,0.49885146082118753
2.21,4.574308425622919e-05,3.063360596772151e-05,2.0422791236223197e-05,2.964231149009414e-06,1.0369788900325238e-06,0.9930382656960601,0.9656726235973536,0.9325236159654168,0.7051787150542506,0.49727702016556186
2.22,4.3926285757947205e-05,2.936806467182398e-05,1.955290149799672e-05,2.8238076822975357e-06,9.833789032688548e-07,0.9930068750383613,0.965520005196602,0.9322288804348668,0.7040650173465524,0.4957075486511991
2.23,4.21816882572484e-05,2.815494165051941e-05,1.872023412192804e-05,2.690070085198164e-06,9.325402984203398e-07,0.9929754853729439,0.9653674109162154,0.9319342380590978,0.7029530785157995,0.4941430305948377
2.24,4.050642242330145e-05,2.69920669597791e-05,1.7923199478161566e-05,2.56269899536347e-06,8.843221374051745e-07,0.9929440966997765,0.9652148407523818,0.9316396888086667,0.7018428957841749,0.4925834503627142
2.25,3.889773272328006e-05,2.587735964346276e-05,1.7160274585810115e-05,2.4413903406151286e-06,8.385906529047576e-07,0.9929127090188278,0.9650622947012899,0.9313452326541402,0.7007344663782492,0.4910287923704077
2.2600000000000002,3.735297293334479e-05,2.4808824155716044e-05,1.6430000401187537e-05,2.325854591892176e-06,7.952188718522343e-07,0.9928813223300663,0.9649097727591286,0.9310508695660942,0.6996277875289727,0.48947904108268336
2.27,3.5869601825798545e-05,2.378454692608259e-05,1.57309792190827e-05,2.215816054904627e-06,7.540862598111425e-07,0.9928499366334608,0.9647572749220877,0.9307565995151139,0.698522856471669,0.48793418101333796
2.2800000000000002,3.444517902542854e-05,2.280269306129305e-05,1.5061872181535575e-05,2.1110121982715365e-06,7.150783851661165e-07,0.9928185519289798,0.9646048011863577,0.9304624224717938,0.6974196704460282,0.4863941967250445
2.29,3.307736102833835e-05,2.1861503177977115e-05,1.4421396888848287e-05,2.0111930160896156e-06,6.780866020805431e-07,0.9927871682165921,0.9644523515481294,0.9301683384067377,0.6963182266960994,0.48485907282919843
2.3000000000000003,3.1763897376849133e-05,2.0959290360817367e-05,1.380832510783278e-05,1.9161204230267237e-06,6.43007751205701e-07,0.9927557854962662,0.9642999260035943,0.9298743472905586,0.6952185224702845,0.4833287939857634
2.31,3.05026269843147e-05,2.009443724092187e-05,1.322148057256012e-05,1.8255676801655534e-06,6.097438771545042e-07,0.9927244037679708,0.9641475245489446,0.929580449093879,0.694120555021331,0.48180334490311855
2.32,2.929147460394781e-05,1.9265393189439076e-05,1.2659736873136972e-05,1.7393188499380044e-06,5.782019617837489e-07,0.9926930230316744,0.963995147180373,0.9292866437873305,0.6930243216063251,0.4802827103379051
2.33,2.8128447435997313e-05,1.8470671621673838e-05,1.2122015428290573e-05,1.6571682785922693e-06,5.482936723618165e-07,0.9926616432873459,0.963842793894073,0.928992931341554,0.691929819486685,0.4787668750948743
2.34,2.7011631867847642e-05,1.770884740718754e-05,1.1607283537794744e-05,1.5789201047245468e-06,5.199351237349878e-07,0.9926302645349537,0.9636904646862384,0.9286993117271998,0.6908370459281538,0.4772558240267359
2.35,2.5939190341832926e-05,1.6978554381578254e-05,1.1114552511015635e-05,1.5043877924875205e-06,4.930466536439544e-07,0.9925988867744667,0.9635381595530639,0.9284057849149272,0.689745998200793,0.47574954203400616
2.36,2.490935834577118e-05,1.6278482955840422e-05,1.0642875868094602e-05,1.433393688160354e-06,4.675526103829888e-07,0.9925675100058533,0.9633858784907444,0.9281123508754052,0.6886566735789755,0.4742480140648576
2.37,2.3920441521424996e-05,1.560737781939616e-05,1.0191347610517391e-05,1.365768598831457e-06,4.433811520355607e-07,0.9925361342290824,0.9632336214954759,0.9278190095793116,0.687569069341379,0.47275122511496787
2.38,2.2970812886289827e-05,1.4964035733074014e-05,9.759100558039911e-06,1.3013513920069192e-06,4.2046405656367617e-07,0.9925047594441223,0.9630813885634546,0.9275257609973339,0.6864831827709785,0.4712591602273707
2.39,2.2058910164296088e-05,1.434730340848499e-05,9.345304749152738e-06,1.2399886150157793e-06,3.9873654207059224e-07,0.9924733856509419,0.9629291796908777,0.9272326051001686,0.6853990111550406,0.4697718044923055
2.4,2.1183233221188147e-05,1.375607547041059e-05,8.949165902464091e-06,1.181534133138493e-06,3.781370966007049e-07,0.9924420128495098,0.9627769948739424,0.9269395418585215,0.684316551785116,0.46828914304706926
2.41,2.034234160051267e-05,1.3189292498974206e-05,8.56992393656782e-06,1.1258487854382414e-06,3.5860731688625207e-07,0.9924106410397947,0.9626248341088471,0.9266465712431077,0.6832358019570326,0.46681116107586734
2.42,1.953485215631133e-05,1.2645939148514753e-05,8.206851546133156e-06,1.0728000573261227e-06,3.400917555079193e-07,0.9923792702217651,0.9624726973917905,0.9263536932246514,0.6821567589708892,0.4653378438096658
2.43,1.875943677876687e-05,1.212504234022133e-05,7.859252832109816e-06,1.0222617689412577e-06,3.2253777604424975e-07,0.9923479003953898,0.962320584718972,0.9260609077738865,0.6810794201310488,0.4638691765260437
2.44,1.801482020920102e-05,1.162566952571937e-05,7.526461984083161e-06,9.74113778475669e-07,3.058954162473948e-07,0.9923165315606374,0.9621684960865915,0.9257682148615557,0.6800037827461316,0.462405144549046
2.45,1.729977794096349e-05,1.1146927018923198e-05,7.207842012940549e-06,9.282416996213372e-07,2.9011726452022374e-07,0.9922851637174765,0.9620164314908496,0.925475614458411,0.6789298441290078,0.4609457332490368
2.46,1.661313420288762e-05,1.068795839358654e-05,6.902783532121211e-06,8.845366323633234e-07,2.751600727527288e-07,0.9922537968658759,0.9618643909279474,0.9251831065352139,0.6778576015967923,0.4594909280425535
2.47,1.5953760022118077e-05,1.024794294409327e-05,6.610703585819612e-06,8.428949063882821e-07,2.6098498826811366e-07,0.9922224310058041,0.9617123743940867,0.9248906910627348,0.6767870524708363,0.4580407143921604
2.48,1.5320571363240214e-05,9.826094207133373e-06,6.33104452259667e-06,8.032178364219144e-07,2.4754503187682685e-07,0.9921910661372297,0.96156038188547,0.9245983680117537,0.6757181940767218,0.45659507780630426
2.49,1.4712527340759883e-05,9.421658542007208e-06,6.06327291292546e-06,7.654114888522366e-07,2.3480170027377538e-07,0.9921597022601216,0.9614084133983,0.9243061373530594,0.6746510237442548,0.45515400383916893
2.5,1.4128628502096823e-05,9.033913767391732e-06,5.80687850925964e-06,7.293864590376714e-07,2.2271855656468095e-07,0.9921283393744484,0.9612564689287805,0.9240139990574504,0.6735855388074578,0.45371747809053115
2.5100000000000002,1.3567915178363184e-05,8.662167852488816e-06,5.561373247265259e-06,6.950576587406673e-07,2.112610621598579e-07,0.9920969774801787,0.9611045484731154,0.9237219530957342,0.672521736604564,0.45228548620561654
2.52,1.3029465900304793e-05,8.305757660555645e-06,5.326290286900109e-06,6.62344113168725e-07,2.003964793401406e-07,0.992065616577281,0.9609526520275098,0.9234299994387276,0.6714596144780106,0.45085801387495655
2.5300000000000002,1.2512395876881489e-05,7.964047742893525e-06,5.101183092062751e-06,6.311687671470876e-07,1.900937805050937e-07,0.9920342566657242,0.9608007795881689,0.9231381380572563,0.6703991697744315,0.4494350468342449
2.54,1.2015855534060738e-05,7.636429181442195e-06,4.885624547564896e-06,6.014582999928826e-07,1.8032356205922155e-07,0.9920028977454769,0.9606489311512986,0.9228463689221558,0.6693403998446512,0.4480165708641955
2.5500000000000003,1.1539029111489877e-05,7.322318478193661e-06,4.679206112208301e-06,5.731429487148052e-07,1.710579624682315e-07,0.9919715398165078,0.9604971067131055,0.9225546920042702,0.6682833020436784,0.4466025717904001
2.56,1.1081133314801667e-05,7.021156489703114e-06,4.481537006772375e-06,5.461563392380231e-07,1.6227058421709966e-07,0.9919401828787854,0.9603453062697968,0.9222631072744534,0.6672278737306985,0.4451930354831869
2.57,1.0641416021392029e-05,6.732407405033345e-06,4.292243435740359e-06,5.20435325481876e-07,1.5393641945323078e-07,0.9919088269322786,0.9601935298175802,0.9219716147035679,0.6661741122690682,0.443787947857479
2.58,1.0219155037591721e-05,6.455557765526098e-06,4.1109678416135735e-06,4.959198363832523e-07,1.460317791229211e-07,0.9918774719769557,0.9600417773526642,0.9216802142624861,0.6651220150263079,0.44238729487265394
2.59,9.813656905230928e-06,6.19011552484671e-06,3.937368190683269e-06,4.72552731617723e-07,1.3853422542730052e-07,0.9918461180127859,0.9598900488712576,0.921388905922089,0.6640715793740953,0.44099106253240333
2.6,9.424255755671802e-06,5.93560914779922e-06,3.7711172891506284e-06,4.5027966871467716e-07,1.3142250743914967e-07,0.9918147650397374,0.95973834436957,0.9210976896532672,0.6630228026882597,0.4395992368845929
2.61,9.050312209456377e-06,5.691586746457663e-06,3.611902128505965e-06,4.290489911984224e-07,1.2467649973528588e-07,0.9917834130577792,0.9595866638438116,0.9208065654269203,0.6619756823487744,0.43821180402112325
2.62,8.691212319786727e-06,5.457615252205095e-06,3.4594232591008736e-06,4.0881167917425344e-07,1.1827714391097387e-07,0.9917520620668797,0.9594350072901932,0.920515533213957,0.6609302157397502,0.43682875007779065
2.63,8.346366558121456e-06,5.2332796223163875e-06,3.3133941908697764e-06,3.8952161596051063e-07,1.1220639285307114e-07,0.9917207120670077,0.959283374704926,0.9202245929852956,0.65988640024943,0.43545006123414876
2.64,8.015208840237228e-06,5.018182079763452e-06,3.1735408201825856e-06,3.711388473156477e-07,1.0644715765745509e-07,0.9916893630581319,0.9591317660842221,0.9199337447118631,0.6588442332701807,0.43407572371337017
2.65,7.697195591165752e-06,4.8119413849623715e-06,3.0396008818363745e-06,3.536412592045493e-07,1.0098325708383812e-07,0.9916580150402209,0.958980181424294,0.919642988364596,0.657803712198488,0.43270572378210914
2.66,7.391804847476918e-06,4.614192138221785e-06,2.9113234252226995e-06,3.3697539426686685e-07,9.579936944744976e-08,0.9916266680132435,0.9588286207213548,0.91935232391444,0.6567648344349492,0.43134004775036405
2.67,7.098535395436108e-06,4.424584111690479e-06,2.788468313737881e-06,3.21087814184466e-07,9.088098685235398e-08,0.9915953219771683,0.9586770839716183,0.9190617513323498,0.6557275973842667,0.4299786819713408
2.68,6.816905943619206e-06,4.2427816096393565e-06,2.670805746537241e-06,3.0594028381285286e-07,8.621437167557372e-08,0.9915639769319639,0.958525571171299,0.9187712705892894,0.6546919984552418,0.4286216128413163
2.69,6.546454328622681e-06,4.068462855949866e-06,2.558115801771416e-06,2.914979179291746e-07,8.178651521478211e-08,0.991532632877599,0.9583740823166116,0.918480881656232,0.6536580350607685,0.4272688267995027
2.7,6.286736752557087e-06,3.901319407716314e-06,2.450188000484843e-06,2.777277778746538e-07,7.758509841528189e-08,0.9915012898140424,0.9582226174037717,0.9181905845041597,0.6526257046178258,0.42592031032791156
2.71,6.03732705106278e-06,3.7410555939048512e-06,2.346820890405335e-06,2.64598589709188e-07,7.359845459439743e-08,0.9914699477412626,0.9580711764289955,0.9179003791040643,0.651595004547473,0.4245760499512193
2.72,5.797815990634043e-06,3.5873879780458905e-06,2.247821648912621e-06,2.5208061379162446e-07,6.981553408343814e-08,0.9914386066592286,0.9579197593884998,0.9176102654269462,0.6505659322748417,0.42323603223663187
2.73,5.567810594084423e-06,3.4400448439705687e-06,2.153005704547614e-06,2.4014555060230405e-07,6.62258707091354e-08,0.9914072665679087,0.9577683662785018,0.9173202434438154,0.6495384852291305,0.4219002437937512
2.74,5.3469334930305845e-06,3.2987657036348697e-06,2.0621963765220077e-06,2.2876646017570978e-07,6.281955003792839e-08,0.9913759274672718,0.9576169970952196,0.9170303131256908,0.6485126608435975,0.42056867127444086
2.75,5.134822306315127e-06,3.163300826107524e-06,1.975224531822338e-06,2.1791768898322757e-07,5.9587179307991526e-08,0.9913445893572865,0.9574656518348716,0.9167404744436006,0.6474884565555553,0.41924130137269305
2.7600000000000002,4.931129043330173e-06,3.033410786829726e-06,1.8919282596964772e-06,2.0757480211527023e-07,5.651985897519974e-08,0.9913132522379215,0.957314330493677,0.9164507273685821,0.646465869806363,0.4179181208244953
2.77,4.735519531244071e-06,2.908866036286172e-06,1.8121525635987013e-06,1.9771451982062778e-07,5.360915580079467e-08,0.9912819161091456,0.9571630330678554,0.9161610718716818,0.645444898041421,0.41659911640769826
2.7800000000000002,4.547672865171572e-06,2.789446487257628e-06,1.735749071109867e-06,1.8831465788916985e-07,5.084707741012645e-08,0.9912505809709273,0.9570117595536274,0.9158715079239552,0.6444255387101643,0.4152842749418833
2.79,4.3672808803658485e-06,2.6749411198556136e-06,1.6625757630312687e-06,1.7935407153784353e-07,4.822604825418021e-08,0.9912192468232355,0.9568605099472136,0.9155820354964671,0.6434077892660558,0.41397358328823114
2.8000000000000003,4.19404764554621e-06,2.5651476035694113e-06,1.5924967239029076e-06,1.7081260253993874e-07,4.573888690976639e-08,0.9911879136660386,0.9567092842448358,0.9152926545602915,0.6423916471665801,0.4126670283493899
2.81,4.027688976510291e-06,2.459871935584705e-06,1.5253819177622778e-06,1.626710293795602e-07,4.337878466696399e-08,0.9911565814993055,0.9565580824427159,0.9150033650865114,0.6413771098732377,0.4113645970693452
2.82,3.867931969213132e-06,2.3589280946617047e-06,1.4611069950362267e-06,1.54911020238281e-07,4.113928541891907e-08,0.9911252503230049,0.9564069045370768,0.9147141670462189,0.6403641748515377,0.4100662764332887
2.83,3.714514551527492e-06,2.262137709888267e-06,1.3995531382621624e-06,1.475150886380247e-07,3.9014267633082004e-08,0.9910939201371055,0.9562557505241417,0.9144250604105153,0.6393528395709921,0.40877205346748874
2.84,3.5671850529312e-06,2.169329743650957e-06,1.340606952195803e-06,1.4046655157715387e-07,3.69980565156332e-08,0.9910625909415759,0.9561046204001346,0.9141360451505113,0.6383431015051095,0.40748191523916044
2.85,3.425701791397264e-06,2.080340188193263e-06,1.2841603855047415e-06,1.337494900074658e-07,3.5085483032262656e-08,0.9910312627363848,0.9559535141612798,0.9138471212373263,0.6373349581313883,0.40619584885633636
2.86,3.2898326767912996e-06,1.9950117751562365e-06,1.2301106059683189e-06,1.2734871150919594e-07,3.327078820544791e-08,0.9909999355215009,0.9558024318038028,0.913558288642089,0.6363284069313111,0.40491384146773807
2.87,3.1593548301087726e-06,1.913193697521731e-06,1.1783596008304506e-06,1.212497150297448e-07,3.154900206684689e-08,0.9909686092968929,0.9556513733239288,0.9132695473359372,0.6353234453903376,0.40363588026264713
2.88,3.0340542179113885e-06,1.834741343403084e-06,1.1288131344522725e-06,1.1543865755986302e-07,2.9915420143569254e-08,0.9909372840625296,0.9555003387178845,0.9129808972900182,0.6343200709978991,0.40236195247077766
2.89,2.913725301347796e-06,1.7595160411515879e-06,1.0813790704237232e-06,1.0990232262865894e-07,2.8365577881646606e-08,0.9909059598183795,0.9553493279818966,0.9126923384754877,0.6333182812473919,0.4010920453621483
2.9,2.79817069916866e-06,1.6873848152702048e-06,1.0359662143697557e-06,1.0462809050604555e-07,2.6895237503098958e-08,0.9908746365644114,0.9551983411121926,0.912403870863511,0.6323180736361705,0.3998261462469554
2.91,2.687200864170016e-06,1.618220152648241e-06,9.924849626305778e-07,9.960391000820398e-08,2.550037595414495e-08,0.9908433143005941,0.9550473781050007,0.9121154944252626,0.6313194456655424,0.3985642424754457
2.92,2.5806337725219917e-06,1.551899778652254e-06,9.508490196279461e-07,9.481827180826941e-08,2.4177173588701343e-08,0.9908119930268963,0.9548964389565494,0.9118272091319257,0.6303223948407614,0.3973063214377905
2.93,2.4782946254620102e-06,1.4883064426292698e-06,9.109765155970584e-07,9.026018316076733e-08,2.2922003505402592e-08,0.9907806727432864,0.9547455236630682,0.9115390149546929,0.6293269186710205,0.3960523705639591
2.94,2.380015562852968e-06,1.4273277123986203e-06,8.727901256221929e-07,8.591914395435089e-08,2.173142149062877e-08,0.9907493534497335,0.9545946322207868,0.9112509118647659,0.6283330146694474,0.39480237732359386
2.95,2.2856353881272343e-06,1.3688557773280518e-06,8.362166949943938e-07,8.178512401306973e-08,2.060215652858867e-08,0.9907180351462059,0.9544437646259357,0.9109628998333553,0.6273406803530966,0.39355632922588407
2.96,2.1949993041571726e-06,1.312787259608557e-06,8.011867898654223e-07,7.784854157175212e-08,1.9531101843282014e-08,0.9906867178326727,0.954292920874746,0.9106749788316811,0.6263499132429446,0.39231421381944215
2.97,2.1079586596115333e-06,1.2590230333604309e-06,7.676343204653253e-07,7.41002428560914e-08,1.8515306439777887e-08,0.9906554015091024,0.9541421009634494,0.9103871488309722,0.6253607108638826,0.3910760186921784
2.98,2.024370705375485e-06,1.2074680512204061e-06,7.354962510734524e-07,7.053148270271382e-08,1.755196711439762e-08,0.9906240861754637,0.9539913048882781,0.9100994098024666,0.6243730707447108,0.3898417314711775
2.99,1.944098360629137e-06,1.15803117807648e-06,7.047123761992488e-07,6.713390615884142e-08,1.6638420905362887e-08,0.9905927718317253,0.953840532645465,0.9098117617174113,0.6233869904181324,0.38861133982257456
3.0,1.8670099881964893e-06,1.1106250316330198e-06,6.752251417177494e-07,6.38995310051735e-08,1.577213795726887e-08,0.990561458477856,0.9536897842312434,0.9095242045470627,0.6224024674207471,0.3873848314514321
3.0100000000000002,1.7929791787924435e-06,1.0651658295042243e-06,6.469794957972621e-07,6.082073114931152e-08,1.4950714774451393e-08,0.9905301461138245,0.9535390596418475,0.909236738262686,0.6214194992930452,0.38616219410161684
3.02,1.721884543811051e-06,1.0215732425486883e-06,6.199227598897328e-07,5.789022084046729e-08,1.4171867839909167e-08,0.9904988347395994,0.9533883588735119,0.9089493628355556,0.6204380835794011,0.3849434155556778
3.0300000000000002,1.6536095163129824e-06,9.79770254171955e-07,5.940045137306905e-07,5.510103965927877e-08,1.3433427577942848e-08,0.9904675243551496,0.9532376819224718,0.9086620782369549,0.6194582178280676,0.38372848363472356
3.04,1.5880421598841254e-06,9.396830253374803e-07,5.6917649058094e-07,5.244653823944617e-08,1.273333264007234e-08,0.9904362149604437,0.9530870287849631,0.9083748844381765,0.6184798995911697,0.38251738619830117
3.0500000000000003,1.525074985051004e-06,9.012407650392227e-07,5.453924803257346e-07,4.992036468049467e-08,1.2069624495123293e-08,0.9904049065554502,0.9529363994572221,0.9080877814105219,0.6175031264246978,0.3813101111442742
3.06,1.464604772951506e-06,8.643756060014122e-07,5.226082388836341e-07,4.751645161336923e-08,1.1440442305595141e-08,0.9903735991401382,0.9527857939354859,0.9078007691253019,0.616527895888503,0.38010664640870256
3.0700000000000003,1.4065324059719452e-06,8.29022485382682e-07,5.007814028880249e-07,4.522900388276215e-08,1.084401807358318e-08,0.9903422927144762,0.9526352122159921,0.9075138475538361,0.6155542055462893,0.37890697996572115
3.08,1.3507627050733784e-06,7.951190302728447e-07,4.798714089215408e-07,4.3052486812096375e-08,1.0278672040602452e-08,0.9903109872784329,0.952484654294979,0.9072270166674535,0.6145820529656089,0.3777110998274204
3.09,1.2972042735414639e-06,7.626054477811417e-07,4.598394167846852e-07,4.0981615018950704e-08,9.742808326663818e-09,0.9902796828319771,0.9523341201686853,0.9069402764374919,0.6136114357178556,0.3765189940437259
3.1,1.245769346905122e-06,7.314244195246872e-07,4.406482364103154e-07,3.9011341750437254e-08,9.23491079488755e-09,0.9902483793750775,0.9521836098333504,0.906653626835298,0.6126423513782584,0.3753306507022793
3.11,1.1963736487796538e-06,7.01521000335371e-07,4.2226225812227657e-07,3.713684870965793e-08,8.753539128811684e-09,0.9902170769077028,0.9520331232852143,0.906367067832228,0.6116747975258761,0.3741460579283194
3.12,1.148936252400052e-06,6.728425210122558e-07,4.046473859954934e-07,3.535353634587439e-08,8.29732511036003e-09,0.9901857754298218,0.9518826605205175,0.9060805993996469,0.6107087717435907,0.372965203884563
3.13,1.1033794476197465e-06,6.453384949550245e-07,3.8777097411619293e-07,3.365701458244673e-08,7.8649690871881e-09,0.9901544749414031,0.9517322215355014,0.9057942215089289,0.6097442716181017,0.3717880767710873
3.14,1.0596286131592129e-06,6.189605285218657e-07,3.716017655707094e-07,3.204309395795223e-08,7.455236618821892e-09,0.9901231754424155,0.9515818063264075,0.9055079341314569,0.60878129473992,0.3706146648252112
3.15,1.0176120938976696e-06,5.936622349626961e-07,3.5610983401330637e-07,3.050777715718695e-08,7.066955291656699e-09,0.9900918769328276,0.9514314148894785,0.9052217372386232,0.6078198387033616,0.36944495632137847
3.16,9.772610830094342e-07,5.693991517856067e-07,3.412665276802719e-07,2.9047250909989712e-08,6.6990116934832616e-09,0.9900605794126083,0.951281047220957,0.904935630801829,0.6068599011065423,0.36827893957104013
3.17,9.385095087545669e-07,5.461286614210226e-07,3.270444157305963e-07,2.765787823703651e-08,6.350348538770775e-09,0.9900292828817262,0.9511307033170867,0.9046496147924846,0.6059014795513706,0.3671166029225379
3.18,9.012939257410925e-07,5.238099150542464e-07,3.134172368040729e-07,2.6336191022909935e-08,6.0199619364575485e-09,0.9899979873401501,0.9509803831741119,0.9043636891820093,0.6049445716435428,0.36595793476098737
3.19,8.655534104834353e-07,5.024037595029215e-07,3.00359849696284e-07,2.507888289788652e-08,5.706898792485747e-09,0.9899666927878488,0.9508300867882772,0.9040778539418314,0.6039891749925363,0.36480292350816257
3.2,8.312294610887557e-07,4.818726670213439e-07,2.878481860571486e-07,2.3882802410992317e-08,5.4102543397699845e-09,0.9899353992247908,0.9506798141558278,0.9037921090433881,0.6030352872116043,0.3636515576223799
3.21,7.982659009095711e-07,4.62180667918768e-07,2.758592050259095e-07,2.2744946477952706e-08,5.12916978871396e-09,0.989904106650945,0.9505295652730099,0.9035064544581262,0.6020829059177687,0.3625038255983826
3.22,7.666087860074873e-07,4.432932858836158e-07,2.643708497208057e-07,2.166245408871762e-08,4.862830091786195e-09,0.98987281506628,0.95037934013607,0.9032208901575006,0.6011320287318156,0.3613597159672262
3.23,7.362063162790477e-07,4.251774759100645e-07,2.5336200550639675e-07,2.0632600260265073e-08,4.6104618160390895e-09,0.9898415244707648,0.9502291387412549,0.9029354161129761,0.6001826532782881,0.36021921729616363
3.24,7.070087501005551e-07,4.078015647277398e-07,2.4281245996576697e-07,1.9652790221368325e-08,4.3713311178083974e-09,0.9898102348643678,0.9500789610848126,0.902650032296026,0.5992347771854812,0.35908231818853115
3.25,6.789683223544056e-07,3.9113519363927337e-07,2.3270286450861605e-07,1.872055381697122e-08,4.144741814162264e-09,0.989778946247058,0.9499288071629913,0.9023647386781328,0.5982883980854354,0.3579490072836344
3.2600000000000002,6.52039165704844e-07,3.7514926367423917e-07,2.2301469754974572e-07,1.7833540120708867e-08,3.930033545985815e-09,0.9897476586188039,0.94977867697204,0.902079535230788,0.5973435136139311,0.3568192732566346
3.27,6.261772349962375e-07,3.5981588297156875e-07,2.1373022919560755e-07,1.698951224497822e-08,3.726580027887816e-09,0.9897163719795744,0.949628570508208,0.9017944219254921,0.5964001214104824,0.35569310481843597
3.2800000000000002,6.013402346518982e-07,3.4510831630591704e-07,2.0483248737952204e-07,1.6186342338761424e-08,3.533787380404698e-09,0.9896850863293382,0.9494784877677456,0.9015093987337546,0.5954582191183313,0.3545704907155725
3.29,5.774875489562497e-07,3.3100093667661303e-07,1.9630522538888848e-07,1.5422006764165834e-08,3.351092540256242e-09,0.989653801668064,0.9493284287469034,0.9012244656270939,0.5945178043844421,0.35345141973009564
3.3000000000000003,5.545801751076629e-07,3.174691788808596e-07,1.881328907302291e-07,1.4694581443360918e-08,3.1779617446811255e-09,0.9896225179957207,0.9491783934419324,0.9009396225770375,0.593578874859495,0.3523358806794619
3.31,5.325806589336362e-07,3.0448949499569243e-07,1.8030059528026894e-07,1.4002237368283342e-08,3.013889086162184e-09,0.9895912353122768,0.9490283818490849,0.9006548695551222,0.5926414281978808,0.3512238624164218
3.3200000000000003,5.114530331641872e-07,2.920393116959441e-07,1.727940866734445e-07,1.334323626619191e-08,2.858395134175581e-09,0.9895599536177011,0.948878393964613,0.9003702065328931,0.5917054620576944,0.3501153538289075
3.33,4.911627581633171e-07,2.800969893379989e-07,1.6559972087830518e-07,1.271592641492063e-08,2.7110256210761734e-09,0.9895286729119624,0.94872842978477,0.9000856334819051,0.5907709741007297,0.34901034383992274
3.34,4.7167666502225624e-07,2.6864178274162013e-07,1.587044359171979e-07,1.2118738602589185e-08,2.5713501903225033e-09,0.9894973931950295,0.9485784893058093,0.8998011503737213,0.5898379619924728,0.34790882140743173
3.35,4.529629009218669e-07,2.5765380360446003e-07,1.5209572668544362e-07,1.1550182227701835e-08,2.438961209254671e-09,0.989466114466871,0.9484285725239853,0.8995167571799144,0.5889064234020974,0.3468107755242483
3.36,4.349908766751563e-07,2.471139844861073e-07,1.457616208279248e-07,1.1008841537208189e-08,2.313472672718977e-09,0.9894348367274558,0.9482786794355527,0.8992324538720659,0.587976356002458,0.34571619521792707
3.37,4.1773121636420457e-07,2.3700404430067464e-07,1.3969065563260346e-07,1.0493372002735797e-08,2.1945195294159288e-09,0.9894035599767526,0.948128810036767,0.8989482404217659,0.5870477574700841,0.3446250695506526
3.38,4.011557089891147e-07,2.273064552590026e-07,1.3387185590201626e-07,1.0002496840733608e-08,2.081765581513954e-09,0.98937228421473,0.9479789643238842,0.8986641168006143,0.5861206254851753,0.34353738761913094
3.39,3.8523726204970796e-07,2.180044112035241e-07,1.2829471276520757e-07,9.535003700203634e-09,1.9748865736961757e-09,0.9893410094413568,0.9478291422931607,0.8983800829802191,0.5851949577315942,0.34245313855448023
3.4,3.699498569837115e-07,2.0908179728075441e-07,1.2294916339392353e-07,9.089741641803499e-09,1.873557340036545e-09,0.989309735656602,0.9476793439408541,0.898096138932198,0.5842707518968618,0.3413723115221222
3.41,3.552685063880855e-07,2.005231608982243e-07,1.1782557158816068e-07,8.665619784690534e-09,1.7774830971627152e-09,0.989278462860434,0.9475295692632217,0.897812284628177,0.5833480056721513,0.3402948957216741
3.42,3.411692129529202e-07,1.9231368391443753e-07,1.1291470919737185e-07,8.261824454935743e-09,1.6863857688870367e-09,0.9892471910528217,0.9473798182565222,0.8975285200397917,0.5824267167522817,0.33922088038684045
3.43,3.2762893004003497e-07,1.844391560121877e-07,1.0820773834478271e-07,7.877689519565986e-09,1.6000022989996148e-09,0.9892159202337338,0.9472300909170145,0.8972448451386861,0.5815068828357131,0.33815025478530564
3.44,3.1462552384097366e-07,1.7688594920723462e-07,1.0369619442336217e-07,7.511630678640332e-09,1.5180838000915827e-09,0.9891846504031393,0.947080387240958,0.8969612598965137,0.5805885016245403,0.33708300821862675
3.45,3.021377370516009e-07,1.6964099344597188e-07,9.937196983302894e-08,7.162754827952316e-09,1.4403947961509773e-09,0.9891533815610066,0.9469307072246129,0.8966777642849365,0.5796715708244872,0.3360191300221263
3.46,2.901451540028876e-07,1.6269175324732077e-07,9.522729842967774e-08,6.8302253426835e-09,1.3667125096434714e-09,0.9891221137073047,0.9467810508642401,0.8963943582756257,0.578756088144901,0.33495860956478624
3.47,2.7862816718979067e-07,1.5602620534561364e-07,9.125474065755246e-08,6.513248923363489e-09,1.2968261843864907e-09,0.9890908468420022,0.9466314181561009,0.8961110418402616,0.5778420512987467,0.33390143624914126
3.48,2.6756794514235656e-07,1.4963281729276338e-07,8.744716933742017e-08,6.211072986955769e-09,1.2305364413066582e-09,0.989059580965068,0.946481809096457,0.895827814950533,0.5769294580026012,0.3328475995111731
3.49,2.569464015853258e-07,1.4350052697947368e-07,8.379775608387702e-08,5.922983561535052e-09,1.1676546654524696e-09,0.9890283160764707,0.9463322236815709,0.8955446775781379,0.5760183059766476,0.33179708882020476
3.5,2.4674616583457375e-07,1.376187230367071e-07,8.029995832597523e-08,5.648303321916521e-09,1.1080024230140368e-09,0.9889970521761792,0.946182661907706,0.8952616296947834,0.5751085929446696,0.3307498936787956
3.5100000000000002,2.3695055438074042e-07,1.319772260800186e-07,7.69475069061884e-08,5.3863897097779436e-09,1.0514109072386861e-09,0.9889657892641622,0.9460331237711257,0.8949786712721853,0.5742003166340457,0.32970600362263625
3.52,2.2754354361230034e-07,1.2656627076075806e-07,7.373439423354139e-08,5.136633123340468e-09,9.977204121896514e-10,0.9889345273403884,0.9458836092680944,0.8946958022820686,0.5732934747757437,0.32866540822044416
3.5300000000000002,2.1850974363219128e-07,1.2137648858948333e-07,7.065486296751512e-08,4.898455172737535e-09,9.467798333205881e-10,0.9889032664048266,0.9457341183948771,0.8944130226961667,0.5723880651043146,0.327628097073859
3.54,2.0983437312391298e-07,1.1639889149825384e-07,6.7703395210109e-08,4.671307001618114e-09,8.984461938517973e-10,0.9888720064574457,0.9455846511477389,0.8941303324862228,0.5714840853578876,0.32659405981733924
3.5500000000000003,2.0150323522471925e-07,1.1162485610974636e-07,6.487470218419706e-08,4.4546676773446405e-09,8.525841959404191e-10,0.9888407474982143,0.9454352075229463,0.893847731623988,0.5705815332781641,0.32556328611805846
3.56,1.935026943652044e-07,1.070461086824083e-07,6.216371437705597e-08,4.2480426524946565e-09,8.090657956442565e-10,0.9888094895271011,0.9452857875167655,0.8935652200812233,0.5696804066104116,0.3245357656758018
3.5700000000000003,1.8581965403618143e-07,1.0265471070207478e-07,5.956557212866817e-08,4.050962299847276e-09,7.677698006841612e-10,0.988778232544075,0.945136391125464,0.8932827978296979,0.5687807031034591,0.3235114882228632
3.58,1.7844153544529428e-07,9.84430450916742e-08,5.7075616645126356e-08,3.862980522069124e-09,7.285814900200209e-10,0.9887469765491048,0.9449870183453096,0.8930004648411903,0.5678824205096906,0.32249044352394307
3.59,1.713562570273101e-07,9.440380301180742e-08,5.468938141816513e-08,3.683673436207048e-09,6.913922542669073e-10,0.9887157215421593,0.9448376691725706,0.8927182210874879,0.56698555658504,0.32147262137604543
3.6,1.6455221477345528e-07,9.052997122610853e-08,5.24025840325486e-08,3.5126381320574063e-09,6.56099255991235e-10,0.9886844675232069,0.9446883436035161,0.8924360665403869,0.5660901090889848,0.3204580116083766
3.61,1.580182633465691e-07,8.681482000639177e-08,5.0211118343725206e-08,3.3494915026097104e-09,6.226051089458095e-10,0.9886532144922169,0.9445390416344156,0.8921540011716924,0.5651960757845416,0.31944660408224324
3.62,1.5174369795015976e-07,8.325189155364228e-08,4.8111047008840144e-08,3.193869144103176e-09,5.908175753207879e-10,0.9886219624491577,0.9443897632615393,0.8918720249532185,0.5643034544382595,0.3184383886909507
3.63,1.4571823692075352e-07,7.983498891193615e-08,4.609859435486188e-08,3.045424322775788e-09,5.606492801128813e-10,0.9885907113939982,0.9442405084811581,0.8915901378567882,0.563412242820215,0.3174333553597028
3.64,1.3993200501414728e-07,7.655816535336203e-08,4.417013956823502e-08,2.903827005106278e-09,5.320174417351831e-10,0.9885594613267071,0.9440912772895432,0.8913083398542334,0.5625224387040064,0.3164314940455006
3.65,1.3437551735739344e-07,7.34157142129653e-08,4.232221019112055e-08,2.7687629482143623e-09,5.048436180231739e-10,0.9885282122472533,0.9439420696829666,0.8910266309173949,0.5616340398667483,0.3154327947370421
3.66,1.2903966403946098e-07,7.040215915366179e-08,4.055147590991226e-08,2.639932847061677e-09,4.790534668133138e-10,0.9884969641556055,0.9437928856577008,0.8907450110181223,0.5607470440890656,0.31443724745462237
3.67,1.239156953146513e-07,6.751224484193914e-08,3.88547426223464e-08,2.517051535156014e-09,4.5457652030627345e-10,0.9884657170517324,0.9436437252100189,0.8904634801282743,0.5598614491550885,0.31344484225003366
3.68,1.1899520739389094e-07,6.474092801602458e-08,3.722894677012068e-08,2.3998472355914924e-09,4.313459724525925e-10,0.9884344709356029,0.9434945883361948,0.8901820382197182,0.5589772528524468,0.31245556920646617
3.69,1.1427012880005338e-07,6.208336892900215e-08,3.5671149924536283e-08,2.2880608594365127e-09,4.0929847863240133e-10,0.9884032258071858,0.9433454750325025,0.8899006852643306,0.5580944529722643,0.31146941843840886
3.7,1.0973270726444051e-07,5.9534923150147954e-08,3.4178533613245353e-08,2.1814453487261273e-09,3.8837396693086186e-10,0.9883719816664497,0.9431963852952172,0.8896194212339966,0.5572130473091531,0.3104863800915505
3.71,1.0537549714250157e-07,5.7091133708500964e-08,3.274839437674257e-08,2.0797650616270432e-09,3.6851546034288087e-10,0.9883407385133635,0.9430473191206142,0.8893382461006104,0.5563330336612087,0.30950644434268143
3.72,1.0119134732777114e-07,5.474772356340354e-08,3.1378139043771645e-08,1.9827951977743832e-09,3.496689092704096e-10,0.9883094963478959,0.9428982765049696,0.889057159836075,0.5554544098300036,0.3085296013995955
3.73,9.717338964388057e-08,5.250058838743196e-08,3.006528021532427e-08,1.890321262403446e-09,3.317830337119697e-10,0.9882782551700158,0.9427492574445601,0.8887761624123024,0.5545771736205828,0.3075558415009919
3.74,9.331502769533144e-08,5.034578964779954e-08,2.8807431947391875e-08,1.8021385688822606e-09,3.148091745666009e-10,0.9882470149796919,0.9426002619356628,0.8884952538012133,0.5537013228414573,0.3065851549163776
3.75,8.960992615852414e-08,4.82795479729397e-08,2.76023056230829e-08,1.7180517808883977e-09,2.98701153511788e-10,0.9882157757768931,0.9424512899745557,0.8882144339747373,0.5528268553045996,0.3056175319459707
3.7600000000000002,8.605200049530233e-08,4.629823679158898e-08,2.6447706005141168e-08,1.637874498336162e-09,2.8341514093916257e-10,0.9881845375615881,0.9423023415575172,0.8879337029048131,0.5519537688254377,0.30465296292060257
3.77,8.26354070720149e-08,4.43983762322585e-08,2.5341527460294066e-08,1.5614288962289042e-09,2.689095314670548e-10,0.9881533003337456,0.9421534166808263,0.887653060563388,0.5510820612228493,0.3036914382016222
3.7800000000000002,7.935453366780174e-08,4.257662727154748e-08,2.428175034721957e-08,1.4885454341460289e-09,2.5514482656550915e-10,0.9881220640933345,0.9420045153407626,0.8873725069224183,0.5502117303191575,0.30273294818079916
3.79,7.620399035649105e-08,4.082978612027682e-08,2.326643756025487e-08,1.4190626653223306e-09,2.4208352386637735e-10,0.9880908288403234,0.9418556375336061,0.8870920419538691,0.549342773940124,0.301777483280228
3.8000000000000003,7.317860074714619e-08,3.9154778836934353e-08,2.2293731221277284e-08,1.3528271727056807e-09,2.2969001275408242e-10,0.9880595945746814,0.9417067832556378,0.8868116656297144,0.5484751899149445,0.3008250339522323
3.81,7.027339356892083e-08,3.75486561584139e-08,2.1361849512474585e-08,1.2896935715671449e-09,2.179304758508876e-10,0.9880283612963771,0.941557952503139,0.886531377921937,0.5476089760762433,0.2998755906792694
3.8200000000000003,6.748359458648123e-08,3.600858853849503e-08,2.0469083642992907e-08,1.229524193618335e-09,2.067727960429086e-10,0.9879971290053793,0.9414091452723917,0.8862511788025288,0.5467441302600672,0.29892914397383524
3.83,6.48046188328242e-08,3.4531861384967375e-08,1.9613794942717548e-08,1.1721877151322516e-09,1.9618646870859099e-10,0.9879658977016568,0.9412603615596783,0.8859710682434901,0.5458806503058812,0.29798568437836964
3.84,6.223206314686708e-08,3.311587048673022e-08,1.879441207670205e-08,1.1175564405464945e-09,1.8614251883548365e-10,0.9879346673851783,0.9411116013612821,0.8856910462168306,0.5450185340565618,0.29704520246516153
3.85,5.976169900370958e-08,3.175811762261618e-08,1.8009428374032925e-08,1.0655032890702083e-09,1.7661342273180668e-10,0.9879034380559129,0.9409628646734867,0.8854111126945683,0.5441577793583927,0.2961076888362551
3.86,5.7389465625970806e-08,3.045620634408467e-08,1.725739926519788e-08,1.0159023490696632e-09,1.6757303405161954e-10,0.987872209713829,0.9408141514925763,0.8851312676487304,0.5432983840610589,0.2951731341233558
3.87,5.5111463365081955e-08,2.9207837924312313e-08,1.653693982232036e-08,9.686331462670093e-10,1.5899651388272576e-10,0.9878409823588956,0.940665461814836,0.8848515110513528,0.5424403460176412,0.29424152898773626
3.88,5.292394734187552e-08,2.8010807466573342e-08,1.584672239693574e-08,9.235828318721092e-10,1.5086026464969702e-10,0.9878097559910816,0.9405167956365512,0.8845718428744804,0.5415836630846116,0.29331286412014396
3.89,5.082332133625289e-08,2.686300016515182e-08,1.5185474350310075e-08,8.806456431295504e-10,1.4314186760548246e-10,0.9877785306103556,0.9403681529540079,0.8842922630901666,0.5407283331218266,0.292387130240707
3.9,4.8806131916128336e-08,2.5762387712364006e-08,1.4551975871639448e-08,8.3972180669556e-10,1.358200237066063e-10,0.9877473062166864,0.9402195337634928,0.8840127716704741,0.5398743539925234,0.2914643180988423
3.91,4.6869062796254163e-08,2.47070248455865e-08,1.3945057879808446e-08,8.007167116214806e-10,1.288744976616097e-10,0.9877160828100429,0.9400709380612932,0.883733368587474,0.5390217235633132,0.29054441847316287
3.92,4.5008929417912295e-08,2.369504602849187e-08,1.3363600004726132e-08,7.635403650768521e-10,1.2228606498228385e-10,0.9876848603903939,0.9399223658436967,0.8834540538132465,0.5381704397041773,0.2896274221713855
3.93,4.32226737408268e-08,2.2724662260983697e-08,1.2806528644586046e-08,7.281070212758651e-10,1.1603646184848302e-10,0.9876536389577081,0.9397738171069919,0.8831748273198804,0.53732050028846,0.288713320030239
3.94,4.150735923900459e-08,2.1794158012597786e-08,1.2272815095709344e-08,6.943349068783308e-10,1.1010833763348734e-10,0.9876224185119544,0.9396252918474678,0.8828956890794736,0.5364719031928651,0.28780210291537267
3.95,3.986016609254474e-08,2.0901888274398965e-08,1.1761473751918915e-08,6.621460008370363e-10,1.0448520993112799e-10,0.9875911990531016,0.9394767900614138,0.8826166390641326,0.535624646297449,0.28689376172126524
3.96,3.827838656778114e-08,2.004627572465056e-08,1.1271560370654392e-08,6.314658466950319e-10,9.915142194207128e-11,0.9875599805811184,0.9393283117451203,0.8823376772459728,0.5347787274856168,0.28598828737113346
3.97,3.67594205784288e-08,1.9225808003768113e-08,1.0802170403268913e-08,6.022233856756081e-10,9.409210208103549e-11,0.9875287630959737,0.9391798568948779,0.8820588035971183,0.5339341446441159,0.2850856708168416
3.98,3.530077142070009e-08,1.8439035094289645e-08,1.0352437387149914e-08,5.743508041411276e-10,8.929312567168452e-11,0.9874975465976363,0.939031425506978,0.8817800180897022,0.5330908956630315,0.284185903038811
3.99,3.39000416756349e-08,1.768456680180364e-08,9.921531397476643e-09,5.477833917267771e-10,8.474107862045453e-11,0.9874663310860751,0.9388830175777126,0.8815013206958664,0.5322489784357808,0.28328897504593015
4.0,3.2554929272162045e-08,1.6961070332971078e-08,9.508657556569728e-09,5.224594079014865e-10,8.042322293835953e-11,0.9874351165612586,0.938734633103374,0.8812227113877614,0.5314083908591082,0.2823948778754646
4.01,3.126322370466211e-08,1.626726796696247e-08,9.113054598906733e-09,4.983199555166166e-10,7.632746400084604e-11,0.9874039030231558,0.9385862720802556,0.8809441901375467,0.5305691308330794,0.2815036025929673
4.0200000000000005,3.0022802399051495e-08,1.560193481680149e-08,8.733993489973463e-09,4.753088603720443e-10,7.244231945225915e-11,0.9873726904717357,0.9384379345046507,0.8806657569173905,0.529731196261077,0.2806151402921896
4.03,2.8831627221640438e-08,1.4963896677268937e-08,8.370776097200965e-09,4.5337255610099525e-10,6.875688964792174e-11,0.9873414789069668,0.9382896203728539,0.8803874116994697,0.5288945850497946,0.2797294820949923
4.04,2.7687741125243896e-08,1.4352027956170906e-08,8.02273391130274e-09,4.3245997385782194e-10,6.526082954337348e-11,0.9873102683288181,0.9381413296811599,0.8801091544559703,0.5280592951092317,0.2788466191512565
4.05,2.6589264927239614e-08,1.376524968591447e-08,7.689226816381852e-09,4.125224364151545e-10,6.194432192996349e-11,0.9872790587372582,0.9379930624258642,0.8798309851590868,0.5272253243526887,0.27796654263879567
4.0600000000000005,2.55343942144744e-08,1.3202527612466092e-08,7.3696419072248874e-09,3.9351355634096186e-10,5.879805194840516e-11,0.9872478501322561,0.9378448186032629,0.8795529037810226,0.5263926706967613,0.27708924376326693
4.07,2.4521396370116875e-08,1.2662870358889417e-08,7.0633923522410145e-09,3.7538913799838657e-10,5.581318279695563e-11,0.9872166425137807,0.9376965982096523,0.8792749102939899,0.5255613320613362,0.27621471375808404
4.08,2.3548607717743637e-08,1.21453276607722e-08,6.769916300543755e-09,3.5810708314753673e-10,5.2981332566231645e-11,0.9871854358818006,0.93754840124133,0.8789970046702097,0.5247313063695845,0.2753429438843287
4.09,2.261443077812793e-08,1.1648988670959113e-08,6.488675831708487e-09,3.416272999632149e-10,5.0294552106297445e-11,0.9871542302362847,0.9374002276945935,0.8787191868819116,0.5239025915479577,0.2744739254306641
4.1,2.1717331634373618e-08,1.1172980331104763e-08,6.2191559467747635e-09,3.259116153018058e-10,4.774530391821511e-11,0.9871230255772019,0.9372520775657414,0.8784414569013343,0.5230751855261818,0.2736076497132474
4.11,2.085583740120267e-08,1.0716465807654486e-08,5.960863599097369e-09,3.1092369008892315e-10,4.532644195192797e-11,0.9870918219045208,0.9371039508510723,0.878163814700725,0.5222490862372526,0.27274410807564325
4.12,2.0028533794365312e-08,1.0278642989946176e-08,5.713326763684741e-09,2.966289376995194e-10,4.3031192323250075e-11,0.9870606192182104,0.9369558475468861,0.8778862602523397,0.5214242916174304,0.27188329188873706
4.13,1.9234062796294385e-08,9.85874304820727e-09,5.47609354369886e-09,2.8299444522343593e-10,4.085313484764762e-11,0.9870294175182396,0.9368077676494828,0.8776087935284433,0.5206007996062347,0.2710251925506489
4.14,1.8471120414272216e-08,9.456029049297167e-09,5.248731312825584e-09,2.6998889752652997e-10,3.878618538788984e-11,0.986998216804577,0.936659711155163,0.8773314145013096,0.5197786081464391,0.27016980148664743
4.15,1.773845452752039e-08,9.06979462811681e-09,5.030825892260173e-09,2.5758250402719863e-10,3.6824578970040806e-11,0.9869670170771915,0.9365116780602281,0.8770541231432205,0.5189577151840661,0.26931711014906423
4.16,1.7034862819757006e-08,8.69936271267419e-09,4.821980761087403e-09,2.4574692810341814e-10,3.496285363488931e-11,0.986935818336052,0.93636366836098,0.8767769194264676,0.5181381186683824,0.26846711001720874
4.17,1.635919079389687e-08,8.344084300859587e-09,4.621816298871447e-09,2.3445521908122686e-10,3.319583499519632e-11,0.9869046205811273,0.9362156820537211,0.8764998033233504,0.5173198165518933,0.2676197925972825
4.18,1.5710329865694845e-08,8.003337287043841e-09,4.429969059304838e-09,2.2368174673379074e-10,3.1518621477175354e-11,0.9868734238123861,0.9360677191347544,0.8762227748061778,0.5165028067903376,0.2667751494222948
4.19,1.5087215533253397e-08,7.676525336672319e-09,4.24609107379999e-09,2.1340213823156124e-10,2.9926570226342766e-11,0.9868422280297974,0.9359197796003835,0.8759458338472671,0.5156870873426826,0.26593317205197753
4.2,1.4488825619429332e-08,7.3630768070820474e-09,4.069849183940592e-09,2.0359321752103454e-10,2.8415283638049334e-11,0.9868110332333299,0.9357718634469129,0.8756689804189444,0.5148726561711194,0.26509385207270175
4.21,1.3914178584288497e-08,7.062443712823354e-09,3.900924401742407e-09,1.9423294704636168e-10,2.698059652439177e-11,0.9867798394229524,0.9356239706706471,0.8753922144935447,0.5140595112410572,0.26425718109739255
4.22,1.3362331904861738e-08,6.774100733818714e-09,3.7390112967047605e-09,1.8530037180534106e-10,2.5618563863997674e-11,0.9867486465986339,0.9354761012678916,0.8751155360434114,0.5132476505211182,0.26342315076544587
4.23,1.283238051956042e-08,6.497544264741744e-09,3.583817408665257e-09,1.7677556567173862e-10,2.4325449142585576e-11,0.9867174547603431,0.9353282552349523,0.874838945040897,0.5124370719831332,0.26259175274264474
4.24,1.2323455334707736e-08,6.2322915040476076e-09,3.435062685499565e-09,1.686395799678902e-10,2.3097713246911443e-11,0.9866862639080489,0.9351804325681359,0.8745624414583627,0.5116277736021358,0.2617629787210764
4.25,1.1834721790738694e-08,5.977879581133122e-09,3.2924789447373387e-09,1.6087439420876687e-10,2.193200391586226e-11,0.9866550740417201,0.9350326332637494,0.8742860252681782,0.5108197533563581,0.2609368204190485
4.26,1.1365378485713356e-08,5.733864720151413e-09,3.155809358193037e-09,1.5346286902362604e-10,2.08251457123745e-11,0.9866238851613256,0.9348848573181004,0.8740096964427222,0.5100130092272247,0.2601132695810071
4.2700000000000005,1.0914655853876556e-08,5.499821439050448e-09,3.0248079587376095e-09,1.463887011727659e-10,1.9774130480653502e-11,0.9865926972668341,0.9347371047274976,0.8737334549543819,0.5092075391993482,0.2592923179774537
4.28,1.0481814897083753e-08,5.27534178244932e-09,2.899239168362679e-09,1.3963638064318897e-10,1.8776108313686858e-11,0.9865615103582144,0.9345893754882495,0.8734573007755534,0.5084033412605247,0.25847395740486345
4.29,1.0066145966994417e-08,5.060034587009177e-09,2.7788773467146626e-09,1.3319114975908048e-10,1.7828378998926403e-11,0.9865303244354355,0.9344416695966656,0.8731812338786414,0.5076004134017273,0.25765817968560256
4.3,9.666967596014827e-09,4.853524777998272e-09,2.6635063593002535e-09,1.270389642697089e-10,1.6928383901438326e-11,0.9864991394984662,0.9342939870490562,0.8729052542360595,0.506798753617103,0.256844976667847
4.3100000000000005,9.28362537504872e-09,4.655452695792458e-09,2.552919164588698e-09,1.2116645636922246e-10,1.6073698261038483e-11,0.9864679555472753,0.9341463278417318,0.8726293618202297,0.5059983599039657,0.25603434022550114
4.32,8.91549087618817e-09,4.465473451092932e-09,2.446917419259409e-09,1.1556089957545626e-10,1.5262023934857142e-11,0.9864367725818316,0.9339986919710035,0.8723535566035829,0.5051992302627928,0.25522626225811634
4.33,8.561960618549209e-09,4.283256307684132e-09,2.345311100865927e-09,1.1021017543342635e-10,1.4491182544113892e-11,0.9864055906021041,0.9338510794331832,0.872077838558559,0.5044013626972194,0.2544207346908099
4.34,8.22245507552543e-09,4.108484091593434e-09,2.2479181472094045e-09,1.051027419591317e-10,1.3759109006222895e-11,0.9863744096080614,0.9337034902245833,0.8718022076576063,0.5036047552140334,0.2536177494741845
4.3500000000000005,7.896417721799686e-09,3.940852625553726e-09,2.1545641117359807e-09,1.0022760376680353e-10,1.3063846219341934e-11,0.9863432295996725,0.9335559243415168,0.8715266638731816,0.5028094058231707,0.25281729858424795
4.36,7.583314118517886e-09,3.7800701877077195e-09,2.065081834294024e-09,9.557428380859495e-11,1.2403592293003034e-11,0.9863120505769063,0.9334083817802972,0.8712512071777508,0.50201531253771,0.2520193740223327
4.37,7.282631035091744e-09,3.62585699353055e-09,1.9793111266078532e-09,9.11327966550036e-11,1.1776556758054466e-11,0.9862808725397314,0.9332608625372385,0.8709758375437884,0.5012224733738684,0.25122396781501616
4.38,6.993875606156389e-09,3.477944699983548e-09,1.8970984718443605e-09,8.689362322436775e-11,1.1181029357292255e-11,0.9862496954881169,0.9331133666086556,0.8707005549437774,0.5004308863509952,0.25043107201404075
4.39,6.7165745222669434e-09,3.336075930948249e-09,1.8182967376698837e-09,8.284768691561134e-11,1.0615426128025245e-11,0.9862185194220316,0.9329658939908638,0.8704253593502098,0.4996405494915687,0.24964067869623474
4.4,6.450273252974099e-09,3.200003823024588e-09,1.7427649022139611e-09,7.898633102511764e-11,1.0078244621601047e-11,0.9861873443414443,0.9328184446801789,0.870150250735586,0.4988514608211896,0.24885277996343283
4.41,6.1945353009717976e-09,3.069491590811722e-09,1.6703677923761456e-09,7.530129741705465e-11,9.568059207681845e-12,0.9861561702463237,0.9326710186729174,0.8698752290724155,0.49806361836857715,0.2480673679423977
4.42,5.948941486062581e-09,2.9443121108232786e-09,1.6009758339314201e-09,7.178470636047774e-11,9.083516924456621e-12,0.9861249971366389,0.9325236159653962,0.8696002943332161,0.49727702016556385,0.24728443478474058
4.43,5.713089257735757e-09,2.824247523221719e-09,1.5344648129081754e-09,6.842903744715778e-11,8.623333564679996e-12,0.9860938250123586,0.9323762365539331,0.8693254464905142,0.49649166424709046,0.2465039726668436
4.44,5.486592035201801e-09,2.7090888505881228e-09,1.4707156477325068e-09,6.522711156822934e-11,8.186290084009229e-12,0.9860626538734517,0.9322288804348463,0.8690506855168454,0.4957075486512011,0.2457259737897809
4.45,5.269078573772615e-09,2.598635632975165e-09,1.4096141716495278e-09,6.217207386744818e-11,7.77122910915324e-12,0.986031483719887,0.9320815476044545,0.8687760113847535,0.4949246714190388,0.24495043037924147
4.46,5.0601923565222004e-09,2.4926955785208758e-09,1.351050924951449e-09,5.925737762720651e-11,7.377051703262624e-12,0.9860003145516335,0.931934238059077,0.8685014240667911,0.4941430305948397,0.24417733468545072
4.47,4.859591010205019e-09,2.3910842289305456e-09,1.2949209565602636e-09,5.647676901717208e-11,7.002714301265502e-12,0.9859691463686598,0.931786951795034,0.8682269235355197,0.4933626242259292,0.24340667898309343
4.48,4.6669457444509455e-09,2.2936246391626188e-09,1.2411236345289807e-09,5.3824272716763134e-11,6.647225826510617e-12,0.9859379791709351,0.9316396888086459,0.8679525097635092,0.4925834503627163,0.24263845557123656
4.49,4.481940813295362e-09,2.200147070682215e-09,1.1895624650444489e-09,5.12941782955759e-11,6.30964495412558e-12,0.9859068129584279,0.9314924490962337,0.8676781827233384,0.491805507058689,0.2418726567732522
4.5,4.304272998141435e-09,2.110488697673021e-09,1.140144919530068e-09,4.8881027371097025e-11,5.989077476173194e-12,0.9858756477311073,0.9313452326541193,0.8674039423875944,0.4910287923704097,0.24110927493674095
4.51,4.1336511112884135e-09,2.0244933256245165e-09,1.0927822694640227e-09,4.657960147999445e-11,5.684673968781438e-12,0.985844483488942,0.9311980394786249,0.8671297887288735,0.49025330435750986,0.24034830243345517
4.5200000000000005,3.969795519195136e-09,1.9420111217368626e-09,1.0473894285457083e-09,4.438491060139441e-11,5.39562736486472e-12,0.9858133202319009,0.9310508695660732,0.8668557217197801,0.48947904108268536,0.23958973165922323
4.53,3.8124376846821795e-09,1.8628983566105406e-09,1.0038848018564577e-09,4.229218234700101e-11,5.121170849231313e-12,0.985782157959953,0.9309037229127879,0.8665817413329276,0.488706000611692,0.23883355503387307
4.54,3.6613197273086522e-09,1.7870171567117861e-09,9.621901416793222e-10,4.029685176459267e-11,4.860575831793831e-12,0.9857509966730671,0.9307565995150928,0.8663078475409381,0.48793418101333996,0.23807976500115685
4.55,3.5161940011911186e-09,1.7142352671278187e-09,9.222304096549433e-10,3.839455166735427e-11,4.613149852118259e-12,0.9857198363712119,0.9306094993693127,0.866034040316442,0.4871635803594897,0.23732835402867497
4.5600000000000005,3.3768226895624e-09,1.644425824148477e-09,8.839336449671449e-10,3.6581103563365484e-11,4.378234991827206e-12,0.9856886770543564,0.9304624224717727,0.8657603196320789,0.4863941967250465,0.2365793146078013
4.57,3.24297741539677e-09,1.5774671372323864e-09,8.472308382657924e-10,3.485250903039003e-11,4.1552058592338705e-12,0.9856575187224694,0.9303153688187985,0.8654866854604965,0.48562602818795636,0.23583263925360778
4.58,3.1144388674561396e-09,1.5132424799367185e-09,8.12055811047468e-10,3.3204941607531404e-11,3.943468171616028e-12,0.9856263613755198,0.9301683384067165,0.8652131377743513,0.4848590728292005,0.23508832050478995
4.59,2.990996441138262e-09,1.4516398894096915e-09,7.783451002293019e-10,3.1634739141142255e-11,3.742456951407948e-12,0.9855952050134765,0.9300213312318536,0.8649396765463088,0.4840933287327908,0.23434635092359196
4.6000000000000005,2.872447893533702e-09,1.3925519740644808e-09,7.46037847663556e-10,3.013839648625014e-11,3.5516353290172234e-12,0.9855640496363084,0.9298743472905374,0.8646663017490425,0.48332879398576545,0.23360672309573255
4.61,2.758599012122832e-09,1.3358757290716917e-09,7.150756943533671e-10,2.871255868888554e-11,3.370492992111516e-12,0.9855328952439842,0.9297273865790958,0.8643930133552352,0.48256546667818356,0.23286942963033114
4.62,2.649263296567494e-09,1.2815123593256084e-09,6.854026791421722e-10,2.7354014450059195e-11,3.1985447827981573e-12,0.985501741836473,0.9295804490938577,0.8641198113375779,0.4818033449031206,0.2321344631598334
4.63,2.5442616530748414e-09,1.2293671095564951e-09,6.56965141661419e-10,2.605969000205479e-11,3.0353296143738597e-12,0.9854705894137434,0.9294335348311522,0.8638466956687704,0.48104242675666375,0.23140181633993828
4.64,2.4434221008319353e-09,1.1793491012776849e-09,6.297116293319844e-10,2.4826643270529976e-11,2.8804091213359354e-12,0.9854394379757645,0.9292866437873091,0.863573666321521,0.48028271033790715,0.23067148184952402
4.65,2.3465794900309063e-09,1.1313711762718712e-09,6.035928082253727e-10,2.365205835056333e-11,2.733366747806182e-12,0.9854082875225051,0.9291397759586588,0.8633007232685468,0.4795241937489468,0.22994345239057548
4.66,2.2535752310239313e-09,1.0853497463359494e-09,5.785613776018657e-10,2.253324024792643e-11,2.5938064637745082e-12,0.9853771380539339,0.9289929313415325,0.8630278664825733,0.47876687509487637,0.22921772068811097
4.67,2.1642570341663284e-09,1.0412046490179926e-09,5.545719879524323e-10,2.1467609930121906e-11,2.461351678901251e-12,0.9853459895700201,0.9288461099322616,0.862755095936335,0.47801075248378205,0.22849427949010961
4.68,2.078478659924335e-09,9.988590090934317e-10,5.31581162379362e-10,2.0452699515643913e-11,2.335644737384221e-12,0.9853148420707323,0.9286993117271781,0.8624824116025746,0.477255824026738,0.2277731215674387
4.69,1.996099678841361e-09,9.58239105540327e-10,5.095472211622565e-10,1.9486147829450594e-11,2.2163453994902064e-12,0.9852836955560396,0.9285525367226151,0.8622098134540436,0.47650208783780135,0.22705423971378186
4.7,1.9169852409732656e-09,9.19274243785693e-10,4.884302093621838e-10,1.8565696087196285e-11,2.1031303878884057e-12,0.9852525500259106,0.9284057849149056,0.8619373014635021,0.4757495420340082,0.22633762674556662
4.71,1.8410058544189766e-09,8.818966330062991e-10,4.681918273250088e-10,1.7689183774483417e-11,1.995692451233093e-12,0.9852214054803143,0.9282590563003834,0.8616648756037188,0.4749981847353681,0.22562327550189293
4.72,1.7680371725882213e-09,8.460412682781364e-10,4.4879536395519134e-10,1.685454478236774e-11,1.893739634328176e-12,0.9851902619192198,0.9281123508753834,0.8613925358474712,0.47424801406485967,0.22491117884446138
4.73,1.6979597898624548e-09,8.116458173788625e-10,4.3020563263446916e-10,1.605980362059406e-11,1.796994339642387e-12,0.9851591193425957,0.9279656686362402,0.861120282167545,0.4734990281484259,0.22420132965750192
4.74,1.6306590453191916e-09,7.786505120571065e-10,4.123889096722008e-10,1.5303071899430222e-11,1.7051928199534363e-12,0.9851279777504109,0.9278190095792898,0.8608481145367347,0.4727512251149699,0.22349372084770305
4.75,1.5660248342031993e-09,7.469980435914485e-10,3.9531287517310537e-10,1.4582544853677933e-11,1.6180843739175698e-12,0.9850968371426344,0.9276723737008681,0.8605760329278437,0.4720046030963494,0.2227883453441404
4.76,1.5039514268408071e-09,7.166334624702762e-10,3.7894655622280753e-10,1.3896498060273064e-11,1.5354308701153015e-12,0.9850656975192351,0.9275257609973119,0.8603040373136834,0.4712591602273727,0.22208519609820662
4.7700000000000005,1.444337294705721e-09,6.875040820316335e-10,3.6326027229073175e-10,1.3243284361597783e-11,1.4570059400061855e-12,0.9850345588801818,0.9273791714649587,0.8600321276670743,0.47051489464579366,0.2213842660835404
4.78,1.3870849433564952e-09,6.595593859094889e-10,3.4822558275822207e-10,1.2621330793091013e-11,1.3825946930768743e-12,0.9850034212254433,0.9272326051001465,0.8597603039608451,0.46977180449230754,0.22068554829595688
4.79,1.3321007519769003e-09,6.327509391398192e-10,3.338152364845594e-10,1.2029135576695616e-11,1.3119928320030415e-12,0.9849722845549886,0.9270860618992136,0.8594885661678336,0.4690298879105457,0.21998903575337708
4.8,1.2792948192611728e-09,6.070323027863264e-10,3.200031233287702e-10,1.1465265496669146e-11,1.2450061067002956e-12,0.9849411488687866,0.9269395418584992,0.8592169142608856,0.4682891430470713,0.2192947214957585
4.8100000000000005,1.2285808153962831e-09,5.823589519517022e-10,3.067642275454503e-10,1.0928353113872834e-11,1.1814503485679135e-12,0.9849100141668062,0.9267930449743431,0.858945348212856,0.4675495680513749,0.21860259858502526
4.82,1.1798758399032262e-09,5.586881970460008e-10,2.940745829862332e-10,1.0417094125332022e-11,1.121150275975442e-12,0.9848788804490162,0.9266465712430854,0.8586738679966077,0.4668111610758694,0.21791266010499935
4.83,1.1331002851086217e-09,5.359791081890199e-10,2.819112300306423e-10,9.93024482838628e-12,1.063939611926074e-12,0.9848477477153855,0.9265001206610669,0.8584024735850129,0.4660739202758856,0.21722489916133067
4.84,1.0881777050269287e-09,5.14192442628609e-10,2.7025217418344115e-10,9.46661983152859e-12,1.009660565977073e-12,0.9848166159658831,0.9263536932246291,0.8581311649509517,0.4653378438096679,0.21653930888142894
4.8500000000000005,1.0450346894421364e-09,4.932905750614917e-10,2.59076346273518e-10,9.02508949078864e-12,9.581631704999418e-13,0.9847854852004778,0.926207288930114,0.8578599420673131,0.46460292983836887,0.21585588241439438
4.86,1.0036007429860072e-09,4.732374307476419e-10,2.483635641942337e-10,8.604577802390886e-12,9.093047181543891e-13,0.9847543554191385,0.9260609077738641,0.8575888049069947,0.46386917652604576,0.21517461293094992
4.87,9.638081690178454e-10,4.5399842131339125e-10,2.380944961284334e-10,8.204060041116689e-12,8.629500664781618e-13,0.9847232266218341,0.9259145497522226,0.8573177534429027,0.463136582039655,0.21449549362337222
4.88,9.255919581182923e-10,4.355403831424107e-10,2.282506252023813e-10,7.822560682406268e-12,8.189708305575244e-13,0.9846920988085335,0.9257682148615332,0.8570467876479515,0.4624051445490481,0.21381851770542415
4.89,8.888896810168473e-10,4.178315182574398e-10,2.1881421551874895e-10,7.459151502688662e-12,7.772457372545094e-13,0.9846609719792055,0.9256219030981402,0.8567759074950645,0.46167486222696685,0.21314367841228693
4.9,8.536413857798325e-10,4.008413375990873e-10,2.0976827951583434e-10,7.11294923538804e-12,7.376619930393041e-13,0.9846298461338192,0.9254756144583884,0.8565051129571734,0.46094573324903887,0.21247096900049223
4.91,8.197894990920764e-10,3.845406066114909e-10,2.0109654660876287e-10,6.783113825138165e-12,7.001063162632116e-13,0.9845987212723433,0.9253293489386234,0.8562344040072185,0.4602177557937733,0.21180038274785526
4.92,7.872787314720129e-10,3.68901293047725e-10,1.9278343306321411e-10,6.4688465177163365e-12,6.644743621390689e-13,0.9845675973947469,0.9251831065351912,0.8559637806181488,0.45949092804255554,0.21113191295340705
4.93,7.560559862660382e-10,3.5389651691091126e-10,1.8481401306227788e-10,6.169388030667494e-12,6.306683203792693e-13,0.9845364745009986,0.9250368872444383,0.8556932427629217,0.45876524817964354,0.210465552937328
4.94,7.260702722737701e-10,3.3950050244989e-10,1.7717399092094695e-10,5.884036628306628e-12,5.985959355955433e-13,0.9845053525910675,0.924890691062712,0.8554227904145031,0.4580407143921625,0.20980129604088063
4.95,6.972726198616154e-10,3.2568853213106904e-10,1.6984967441007015e-10,5.612165498351907e-12,5.681648788448327e-13,0.9844742316649226,0.92474451798636,0.8551524235458675,0.4573173248701011,0.2091391356263437
4.96,6.696160004273478e-10,3.124369025108432e-10,1.6282794914930586e-10,5.3530360378068466e-12,5.392911777090149e-13,0.9844431117225326,0.9245983680117308,0.8548821421299981,0.45659507780630637,0.20847906507694505
4.97,6.430552490837184e-10,2.997228819352027e-10,1.560962540328746e-10,5.106013623507053e-12,5.11894835722406e-13,0.9844119927638666,0.9244522411351731,0.8546119461398866,0.4558739713964795,0.2078210777967963
4.98,6.175469904340817e-10,2.8752466999617695e-10,1.4964255765124292e-10,4.870513389202631e-12,4.858993970731191e-13,0.9843808747888932,0.9243061373530365,0.8543418355485327,0.455154003839171,0.2071651672108262
4.99,5.930495673178508e-10,2.758213586765724e-10,1.4345533567249307e-10,4.6459800088468566e-12,4.612328825351875e-13,0.9843497577975817,0.9241600566616711,0.8540718103289455,0.4544351733357768,0.20651132676471567
5.0,5.695229724082472e-10,2.6459289511711987e-10,1.3752354915365853e-10,4.431886235867321e-12,4.3782693545338943e-13,0.9843186417899007,0.9240139990574274,0.853801870454142,0.45371747809053325,0.20585954992483163
5.01,5.469287825492778e-10,2.538200459422237e-10,1.3183662374317515e-10,4.2277312884755446e-12,4.1561667877860855e-13,0.9842875267658192,0.9238679645366569,0.8535320158971481,0.4530009163105125,0.20520983017816208
5.0200000000000005,5.252300957231614e-10,2.43484363082729e-10,1.2638442974780984e-10,4.03303989387144e-12,3.945401522317838e-13,0.9842564127253061,0.9237219530957111,0.8532622466309979,0.45228548620561865,0.20456216103225094
5.03,5.04391470543582e-10,2.3356815103615537e-10,1.2115726303021903e-10,3.8473603413093235e-12,3.745394392224157e-13,0.9842252996683303,0.9235759647309427,0.8529925626287342,0.4515711859885828,0.20391653601513332
5.04,4.84378868174137e-10,2.2405443550697124e-10,1.1614582670985005e-10,3.670264286224871e-12,3.5555900885532074e-13,0.9841941875948608,0.9234299994387044,0.8527229638634084,0.4508580138749586,0.20327294867527052
5.05,4.6515959657519335e-10,2.1492693337129724e-10,1.1134121363254832e-10,3.501344769459949e-12,3.375465789587769e-13,0.9841630765048663,0.9232840572153498,0.8524534503080803,0.45014596808311813,0.20263139258148574
5.0600000000000005,4.4670225698607134e-10,2.061700239125956e-10,1.0673488958808721e-10,3.3402154423465185e-12,3.204529625388342e-13,0.984131966398316,0.9231381380572331,0.852184021935818,0.44943504683424695,0.2019918613228999
5.07,4.289766925530566e-10,1.9776872127649565e-10,1.0231867724233437e-10,3.186509517426804e-12,3.0423054604291014e-13,0.9841008572751786,0.9229922419607088,0.8519146787196987,0.4487252483523402,0.20135434850886746
5.08,4.119539390171841e-10,1.8970864809501444e-10,9.80847407594305e-11,3.0398782336801267e-12,2.88834406032377e-13,0.9840697491354231,0.9228463689221323,0.8516454206328076,0.4480165708641976,0.20071884776891272
5.09,3.9560617737905934e-10,1.8197601023191602e-10,9.402557108804123e-11,2.9000059432590947e-12,2.7422234391703753e-13,0.9840386419790184,0.9227005189378595,0.8513762476482385,0.44730901259941946,0.20008535275266576
5.1000000000000005,3.7990668846120136e-10,1.7455757260293126e-10,9.013397188689031e-11,2.7665851630668868e-12,2.603539399329908e-13,0.9840075358059334,0.9225546920042468,0.8511071597390938,0.4466025717904022,0.1994538571297995
5.11,3.6482980929146527e-10,1.6744063602609307e-10,8.640304606118776e-11,2.639405917624231e-12,2.4719185911175506e-13,0.983976430616137,0.922408888117651,0.8508381568784845,0.44589724667233366,0.19882435458996608
5.12,3.5035089123409947e-10,1.6061301505914273e-10,8.282618289274904e-11,2.5181365230097e-12,2.3469903826878557e-13,0.9839453264095982,0.9222631072744298,0.8505692390395297,0.44519303548318895,0.19819683884273412
5.13,3.364462597978644e-10,1.5406301678252565e-10,7.939704573202487e-11,2.402472814277762e-12,2.2284173815170102e-13,0.9839142231862859,0.9221173494709414,0.8503004061953576,0.44448993646372603,0.1975713036175253
5.14,3.2309317605341497e-10,1.47779420488064e-10,7.610956023978036e-11,2.2920930214993934e-12,2.11586391341597e-13,0.9838831209461688,0.9219716147035444,0.8500316583191043,0.44378794785748105,0.1969477426635525
5.15,3.1026979959481493e-10,1.4175145823489027e-10,7.295790314716603e-11,2.18675369653022e-12,2.009030458962103e-13,0.9838520196892162,0.9218259029685981,0.8497629953839148,0.4430870679107644,0.19632614974975648
5.16,2.9795515298265295e-10,1.3596879623569235e-10,6.99364915165927e-11,2.08622333225125e-12,1.9076174925780413e-13,0.9838209194153967,0.9216802142624624,0.8494944173629423,0.44238729487265605,0.19570651866474445
5.17,2.861290876086924e-10,1.3042151703773248e-10,6.703997248182352e-11,1.990282148267742e-12,1.811359530529195e-13,0.9837898201246794,0.9215345485814979,0.8492259242293486,0.441688626995001,0.1950888432167273
5.18,2.747722509243959e-10,1.2510010246449982e-10,6.426321345059279e-11,1.8987205476308434e-12,1.7199900715863438e-13,0.9837587218170332,0.9213889059220652,0.8489575159563042,0.44099106253240544,0.19447311723345806
5.19,2.63866054977981e-10,1.1999541728516205e-10,6.160129274593756e-11,1.8113391685384548e-12,1.6332671928561726e-13,0.9837276244924269,0.9212432862805264,0.8486891925169877,0.4402945997422318,0.1938593345621703
5.2,2.533926462068748e-10,1.1509869358034296e-10,5.904949066917828e-11,1.7279479297501943e-12,1.5509304119735455e-13,0.9836965281508295,0.9210976896532433,0.8484209538845865,0.439599236884595,0.19324748906951641
5.21,2.433348764345981e-10,1.1040151577392383e-10,5.660328096325526e-11,1.6483660159908037e-12,1.4727684356409075e-13,0.9836654327922101,0.9209521160365789,0.8481528000322962,0.4389049722223575,0.1926375746415066
5.22,2.3367627502314484e-10,1.0589580630188115e-10,5.4258322667508675e-11,1.5724211055816428e-12,1.398564978250549e-13,0.9836343384165374,0.9208065654268963,0.8478847309333212,0.43821180402112536,0.19202958518344734
5.23,2.2440102213395518e-10,1.0157381189029315e-10,5.201045233351428e-11,1.4999485553066198e-12,1.328127343131989e-13,0.9836032450237803,0.9206610378205595,0.8476167465608738,0.43751973054924376,0.19142351461988105
5.24,2.154939230524409e-10,9.742809041582532e-11,4.985567659879087e-11,1.430791870114347e-12,1.261250783142802e-13,0.983572152613908,0.920515533213933,0.8473488468881756,0.4368287500777928,0.1908193568945249
5.25,2.069403835329028e-10,9.345149832328669e-11,4.779016508753769e-11,1.3648112104589714e-12,1.1977576157201667e-13,0.9835410611868891,0.9203700516033818,0.847081031888456,0.4361388608805829,0.19021710597021063
5.26,1.9872638612243758e-10,8.963717857546317e-11,4.5810243638913904e-11,1.3020345742550575e-12,1.137504766706444e-13,0.9835099707426928,0.9202245929852715,0.8468133015349528,0.43545006123415086,0.1896167558288239
5.2700000000000005,1.908384674241166e-10,8.597854911195996e-11,4.3912387834814606e-11,1.2421266203433954e-12,1.0803024094663339e-13,0.9834788812812879,0.9200791573559682,0.846545655800913,0.4347623494177552,0.18901830047124446
5.28,1.8326369626138534e-10,8.246929179487046e-11,4.209321681811565e-11,1.1849493997179494e-12,1.0259739479530917e-13,0.9834477928026433,0.9199337447118389,0.8462780946595913,0.4340757237133723,0.18842173391728606
5.29,1.7598965270718065e-10,7.910334181950853e-11,4.034948739127481e-11,1.1304085709130068e-12,9.743813523800667e-14,0.9834167053067281,0.9197883550492507,0.8460106180842512,0.43339018240569144,0.18782705020563667
5.3,1.6900440794277838e-10,7.587487756980593e-11,3.8678088366107164e-11,1.0783771840141293e-12,9.25417864984493e-14,0.983385618793511,0.9196429883645718,0.8457432260481645,0.43270572378211125,0.18723424339379896
5.3100000000000005,1.622965049128437e-10,7.277831089887874e-11,3.7076035174313814e-11,1.028726557548487e-12,8.789522033443906e-14,0.9833545332629612,0.9194976446541704,0.8454759185246117,0.4320223461327349,0.18664330755803077
5.32,1.5585493974453164e-10,6.980827781583381e-11,3.5540464712560325e-11,9.8134622154843e-13,8.348152833278796e-14,0.9833234487150474,0.9193523239144157,0.8452086954868815,0.4313400477503661,0.18605423679328634
5.33,1.4966914389983611e-10,6.695962956125494e-11,3.4068630406885906e-11,9.361455663569892e-13,7.929083575854768e-14,0.9832923651497386,0.9192070261416773,0.844941556908271,0.43065882693050483,0.18546702521315672
5.34,1.4372896703165787e-10,6.422742405321655e-11,3.265789749632239e-11,8.930384959820269e-13,7.531556569593887e-14,0.983261282567004,0.9190617513323254,0.844674502762086,0.4299786819713429,0.18488166694981145
5.3500000000000005,1.380246605152941e-10,6.160691768845948e-11,3.130573851546799e-11,8.519094360333317e-13,7.154114193990283e-14,0.983230200966812,0.9189164994827308,0.8444075330216406,0.4292996111737597,0.18429815615393946
5.36,1.3254686162822973e-10,5.90935574819e-11,3.0009728977811785e-11,8.126705134925383e-13,6.795487857446152e-14,0.983199120349132,0.9187712705892649,0.8441406476602572,0.4286216128413184,0.18371648699469126
5.37,1.2728657835224213e-10,5.668297352946645e-11,2.8767543229998214e-11,7.752351464040147e-13,6.454961017476864e-14,0.9831680407139329,0.9186260646482995,0.843873846651267,0.42794468528026103,0.18313665365961984
5.38,1.2223517477290953e-10,5.43709717793859e-11,2.7576950491810247e-11,7.395240826975313e-13,6.131813900367745e-14,0.9831369620611835,0.9184808816562073,0.8436071299680091,0.4272688267995048,0.18255865035462343
5.39,1.173843570526549e-10,5.215352709763235e-11,2.6435811050521852e-11,7.054584353770018e-13,5.825028712059118e-14,0.9831058843908528,0.9183357216093613,0.8433404975838316,0.42659403571063753,0.18198247130388687
5.4,1.1272615995444632e-10,5.0026776613770994e-11,2.5342072626233368e-11,6.729653283852207e-13,5.533799823122833e-14,0.9830748077029097,0.918190584504135,0.8430739494720905,0.4259203103279136,0.1814081107498245
5.41,1.0825293389422877e-10,4.7987013333957734e-11,2.4293766874437344e-11,6.419728747727443e-13,5.257764291432721e-14,0.9830437319973231,0.9180454703369029,0.8428074856061506,0.42524764896825,0.18083556295302217
5.42,1.0395733250107561e-10,4.603068000852656e-11,2.328900603620629e-11,6.12413385285652e-13,4.9951918225295e-14,0.9830126572740621,0.9179003791040394,0.8425411059593849,0.4245760499512214,0.18026482219218024
5.43,9.983230066491e-11,4.415436324187789e-11,2.2325979726422816e-11,5.842223515776712e-13,4.7458560369414425e-14,0.9829815835330956,0.9177553108019204,0.8422748105051749,0.42390551159905654,0.1796958827640561
5.44,9.587106305249609e-11,4.235478783354502e-11,2.1402951851419766e-11,5.573367870597031e-13,4.509647698226887e-14,0.9829505107743924,0.9176102654269214,0.8420085992169106,0.423236032236634,0.17912873898340728
5.45,9.206711307318478e-11,4.062881133945704e-11,2.051825763641052e-11,5.316985465685709e-13,4.285169585113738e-14,0.9829194389979218,0.9174652429754191,0.8417424720679904,0.42256761019147776,0.17856338518293494
5.46,8.841420227667117e-11,3.897341884340782e-11,1.9670300791534835e-11,5.072485328607336e-13,4.072586643968153e-14,0.9828883682036523,0.9173202434437905,0.8414764290318207,0.4219002437937533,0.17799981571322668
5.47,8.490633016574922e-11,3.7385717929311674e-11,1.885755077859311e-11,4.839337425759386e-13,3.870194951155758e-14,0.9828572983915532,0.9171752668284133,0.841210470081817,0.4212339313762632,0.17743802494270064
5.48,8.153773440774809e-11,3.5862933845506456e-11,1.8078540185959573e-11,4.617012753060711e-13,3.678226291245878e-14,0.9828262295615933,0.9170303131256659,0.8409445951914025,0.420568671274443,0.17687800725754868
5.49,7.830288142899186e-11,3.4402404852980463e-11,1.733186220797478e-11,4.405023920235178e-13,3.496280639006072e-14,0.9827951617137416,0.9168853823319267,0.8406788043340094,0.41990446182635727,0.17631975706168096
5.5,7.519645737735726e-11,3.30015777499816e-11,1.6616168222355187e-11,4.2028999805532566e-13,3.323286730904802e-14,0.982764094847967,0.9167404744435755,0.840413097483078,0.41924130137269516,0.17576326877666923
5.51,7.221335943833104e-11,3.165800356597901e-11,1.593016546280493e-11,4.0101709460581273e-13,3.159403351877377e-14,0.9827330289642384,0.9165955894569922,0.8401474746120569,0.4185791882567665,0.17520853684169183
5.5200000000000005,6.934868749103064e-11,3.036933341840786e-11,1.5272614776059558e-11,3.826385772527677e-13,3.003703451445375e-14,0.9827019640625251,0.9164507273685569,0.8398819356944033,0.4179181208244974,0.17465555571347743
5.53,6.659773609073346e-11,2.913331452602569e-11,1.464232847279079e-11,3.651155748097951e-13,2.855395374099275e-14,0.9826709001427956,0.9163058881746512,0.8396164807035826,0.4172580974244265,0.17410431986625044
5.54,6.395598676528282e-11,2.7947786373045993e-11,1.4038168263417382e-11,3.484054777380864e-13,2.716228738194713e-14,0.9826398372050191,0.9161610718716565,0.8393511096130689,0.4165991164077004,0.17355482379167494
5.55,6.141910061315364e-11,2.6810677018515952e-11,1.3459043256502063e-11,3.324729473555743e-13,2.583540434082449e-14,0.9826087752491646,0.9160162784559551,0.8390858223963443,0.41594117612806986,0.17300706199880025
5.5600000000000005,5.898291119146279e-11,2.5719999545647632e-11,1.2903908051531516e-11,3.1728006976926744e-13,2.457430430514928e-14,0.9825777142752009,0.9158715079239298,0.8388206190268995,0.41528427494188547,0.17246102901400576
5.57,5.664341768268047e-11,2.467384864603604e-11,1.237176090086835e-11,3.027928711735213e-13,2.3376522454908025e-14,0.9825466542830972,0.9157267602719641,0.8385554994782336,0.41462841120809385,0.1719167193809464
5.58,5.439677832924163e-11,2.367039733417706e-11,1.1861641929318077e-11,2.889811081673763e-13,2.225374964068358e-14,0.9825155952728222,0.9155820354964417,0.838290463723854,0.41397358328823325,0.17137412766049806
5.59,5.223930412568887e-11,2.270789378579925e-11,1.1372631449173909e-11,2.758055816073687e-13,2.1175231732095306e-14,0.9824845372443449,0.9154373335937473,0.8380255117372765,0.4133197895464295,0.17083324843070302
5.6000000000000005,5.016745275838378e-11,2.1784658299821896e-11,1.0903848301631088e-11,2.6324267992964655e-13,2.0154547373599227e-14,0.9824534801976345,0.915292654560266,0.8377606434920251,0.41266702834939206,0.17029407628671617
5.61,4.817782278321848e-11,2.0899080373694974e-11,1.045444829578792e-11,2.5126156661482457e-13,1.9182662070361843e-14,0.9824224241326597,0.9151479983923834,0.8374958589616325,0.41201529806640985,0.1697566058407508
5.62,4.6267148032131075e-11,2.004961589210436e-11,1.0023622683407332e-11,2.3983499766963214e-13,1.8258628913845e-14,0.9823913690493895,0.9150033650864857,0.8372311581196396,0.4113645970693473,0.1692208317220247
5.63,4.4432292239589756e-11,1.9234784423099297e-11,9.610596719396684e-12,2.289474959012902e-13,1.7399230758411575e-14,0.9823603149477931,0.9148587546389598,0.8369665409395955,0.41071492373263996,0.1686867485767065
5.64,4.267024388055147e-11,1.8453166617792943e-11,9.214628243536266e-12,2.185645123209033e-13,1.6575068365647943e-14,0.9823292618278392,0.9147141670461931,0.836702007395058,0.4100662764332908,0.16815435106786233
5.65,4.0978111211731055e-11,1.7703401709592332e-11,8.835006330079749e-12,2.086672469991882e-13,1.5794784252092255e-14,0.982298209689497,0.9145696023045735,0.8364375574595928,0.40941865355086593,0.16762363387540224
5.66,3.9353117508330224e-11,1.6984185108998638e-11,8.471050011456265e-12,1.992242192030841e-13,1.5057327326634657e-14,0.9822671585327353,0.9144250604104895,0.8361731911067746,0.4087720534674908,0.16709459169602744
5.67,3.779259648868004e-11,1.629426609027699e-11,8.12210702009874e-12,1.9021621379691838e-13,1.4363001360869638e-14,0.9822361083575231,0.9142805413603303,0.8359089083101858,0.40812647456784584,0.16656721924317677
5.68,3.629398791953387e-11,1.5632445566042095e-11,7.78755258916647e-12,1.8162023978343882e-13,1.3696248045884645e-14,0.9822050591638293,0.9141360451504854,0.8356447090434176,0.40748191523916255,0.1660415112469743
5.69,3.485483339503208e-11,1.4997573946716817e-11,7.466788314544369e-12,1.734173632865813e-13,1.3082498627236605e-14,0.982174010951623,0.9139915717773451,0.8353805932800692,0.4068383738712195,0.16551746245417645
5.7,3.347277228261817e-11,1.4388549081434368e-11,7.159241042933412e-12,1.655898550280531e-13,1.2500129321485364e-14,0.9821429637208733,0.9138471212373003,0.8351165609937484,0.4061958488563385,0.16499506762811966
5.71,3.214553782944614e-11,1.3804314277759415e-11,6.8643618006404214e-12,1.581162342085165e-13,1.1929399306232263e-14,0.9821119174715489,0.9137026935267423,0.8348526121580714,0.40555433858938017,0.16447432154866787
5.72,3.087095342305949e-11,1.3243856397952102e-11,6.581624785436369e-12,1.5098615169915464e-13,1.1392753809733735e-14,0.9820808722036188,0.913558288642063,0.8345887467466624,0.4049138414677402,0.16395521901216054
5.73,2.9646929000359746e-11,1.2706204030061086e-11,6.310526381327555e-12,1.4417714433778772e-13,1.0889653043601253e-14,0.9820498279170522,0.9134139065796549,0.8343249647331541,0.4042743558913453,0.1634377548313604
5.74,2.8471457599105134e-11,1.2190425732668625e-11,6.0505842298051744e-12,1.3767935913169746e-13,1.0405611767449688e-14,0.982018784611818,0.9132695473359111,0.8340612660911878,0.40363588026264924,0.16292192383540202
5.75,2.734261204639871e-11,1.1695628352544741e-11,5.801336292970042e-12,1.3147538342846458e-13,9.969087410833305e-15,0.981987742287885,0.9131252109072254,0.8337976507944127,0.40299841298662886,0.16240772086973976
5.76,2.6258541778831737e-11,1.1220955414678948e-11,5.5623400356867574e-12,1.2555128525020348e-13,9.546765433064947e-15,0.9819567009452224,0.912980897289992,0.8335341188164868,0.4023619524707798,0.16189514079609635
5.7700000000000005,2.5217469789148703e-11,1.0765585584056468e-11,5.333171568013233e-12,1.1989802813071423e-13,9.184480219912442e-15,0.981925660583799,0.9128366064806055,0.8332706701310757,0.401726497125113,0.16138417849241174
5.78,2.4217689694493086e-11,1.0328731198082578e-11,5.113424829201111e-12,1.144970310832283e-13,8.819551080798043e-15,0.981894621203584,0.9126923384754614,0.8330073047118542,0.4010920453621505,0.16087482885279167
5.79,2.3257562921477073e-11,9.90963686779126e-12,4.902710858226865e-12,1.0934418235896042e-13,8.475757624754625e-15,0.9818635828045461,0.9125480932709557,0.8327440225325048,0.40045859559692126,0.16036708678745681
5.8,2.2335516003498247e-11,9.507578145040027e-12,4.700657069308286e-12,1.0441767062620078e-13,8.148736062221346e-15,0.9818325453866545,0.9124038708634847,0.8324808235667186,0.39982614624695756,0.15986094722269176
5.8100000000000005,2.1450037985895708e-11,9.121860252170801e-12,4.506906482628745e-12,9.971309745088013e-14,7.841686170949724e-15,0.9818015089498782,0.9122596712494456,0.8322177077881948,0.3991946957322908,0.15935640510079455
5.82,2.059967793470604e-11,8.751816868781833e-12,4.32111711692569e-12,9.521939704221552e-14,7.537430704715854e-15,0.981770473494186,0.9121154944252362,0.8319546751706413,0.3985642424754478,0.15885345538002588
5.83,1.9783042544936106e-11,8.396808973520247e-12,4.142961332096893e-12,9.092560202971785e-14,7.278454551175577e-15,0.9817394390195471,0.9119713403872544,0.8316917256877737,0.3979347849014466,0.1583520930345589
5.84,1.8998793844425545e-11,8.056223733284186e-12,3.972125201437119e-12,8.682511327535116e-14,7.035993262364093e-15,0.9817084055259303,0.9118272091318992,0.8314288593133166,0.39730632143779265,0.15785231305442887
5.8500000000000005,1.824564698951824e-11,7.72947343715674e-12,3.808307926881331e-12,8.291345534495798e-14,6.788889391883713e-15,0.9816773730133046,0.9116831006555699,0.8311660760210023,0.39667885051447466,0.15735411044548325
5.86,1.7522368148905537e-11,7.415994473707513e-12,3.651221234875844e-12,7.917417055639278e-14,6.5756026788452545e-15,0.9816463414816392,0.9115390149546663,0.8309033757845719,0.39605237056396125,0.15685748022933158
5.87,1.6827772472141974e-11,7.115246345359096e-12,3.5005888835596313e-12,7.560509361579392e-14,6.380195685677489e-15,0.9816153109309029,0.9113949520255891,0.8306407585777744,0.3954268800211964,0.156362417443296
5.88,1.6160722139466266e-11,6.826710720828897e-12,3.3561461648045912e-12,7.219602208927718e-14,6.170288078847556e-15,0.9815842813610648,0.9112509118647392,0.8303782243743674,0.39480237732359597,0.15586891714036136
5.89,1.552012448968925e-11,6.54989052305168e-12,3.217639327538817e-12,6.893897261436744e-14,5.993325388389862e-15,0.9815532527720938,0.9111068944685183,0.8301157731481165,0.3941788609110434,0.155376974389126
5.9,1.490493022303406e-11,6.284309052055262e-12,3.0848252006020235e-12,6.582571613346209e-14,5.820983997195892e-15,0.981522225163959,0.9109628998333286,0.8298534048727958,0.3935563292258862,0.15488658427375246
5.91,1.4314131675932829e-11,6.029509141195743e-12,2.9574706414867867e-12,6.285286550131343e-14,5.6641042950301636e-15,0.9814911985366293,0.9108189279555728,0.8295911195221878,0.392934780712932,0.15439774189391825
5.92,1.3746761164899845e-11,5.785052347020864e-12,2.835352163827799e-12,6.001404194846421e-14,5.547256818117548e-15,0.9814601728900737,0.9106749788316543,0.8293289170700829,0.3923142138194443,0.15391044236476698
5.93,1.3201889396692441e-11,5.550518171381506e-12,2.718255517585543e-12,5.72983149464934e-14,5.409496016564465e-15,0.9814291482242612,0.9105310524579769,0.8290667974902802,0.3916946269951391,0.15342468081685945
5.94,1.2678623942215391e-11,5.325503314959345e-12,2.605975286151577e-12,5.470701393399839e-14,5.276800104629365e-15,0.9813981245391609,0.9103871488309453,0.8288047607565867,0.39107601869218056,0.15294045239612508
5.95,1.2176107771319027e-11,5.109620961781921e-12,2.4983145264828116e-12,5.22316048432702e-14,5.175082189134719e-15,0.9813671018347416,0.9102432679469643,0.8285428068428181,0.3904583873651776,0.15245775226381342
5.96,1.16935178464187e-11,4.90250009343171e-12,2.3950843663097665e-12,4.98685102953849e-14,5.0753404414497055e-15,0.9813360801109725,0.9100994098024395,0.828280935722798,0.3898417314711797,0.1519765755964457
5.97,1.1230063772286851e-11,4.70378483226186e-12,2.2961036784765504e-12,4.760835053568898e-14,4.995927584876025e-15,0.9813050593678225,0.9099555743937773,0.8280191473703584,0.389226049469673,0.15149691758576664
5.98,1.078498649986223e-11,4.5131338118964594e-12,2.2011987959526376e-12,4.5457518790868223e-14,4.919540114317625e-15,0.9812740396052607,0.9098117617173842,0.8277574417593396,0.38861133982257673,0.15101877343869655
5.99,1.035755708187882e-11,4.330219576300718e-12,2.1102031353715034e-12,4.339775296262583e-14,4.87741683686135e-15,0.981243020823256,0.9096679717696677,0.8274958188635902,0.3879976009942393,0.15054213837728325
6.0,9.947075478221419e-12,4.154728001612716e-12,2.0229568914810057e-12,4.1432846079251174e-14,4.823507133689042e-15,0.9812120030217774,0.9095242045470355,0.8272342786569672,0.3873848314514342,0.15006700763865446
6.01,9.552869408998758e-12,3.9863577452624344e-12,1.9393068136388826e-12,3.95540140791239e-14,4.7575357669472996e-15,0.9811809862007939,0.9093804600458962,0.8269728211133354,0.3867730296633566,0.1495933764749701
6.0200000000000005,9.174293253404773e-12,3.824819718061398e-12,1.8591058905852752e-12,3.775555752309662e-14,4.719155454017761e-15,0.9811499703602746,0.9092367382626587,0.8267114462065682,0.386162194101619,0.14912124015337483
6.03,8.810726992516874e-12,3.6698365785327774e-12,1.7822130647169029e-12,3.6051094242505763e-14,4.69180581711952e-15,0.9811189555001885,0.9090930391937327,0.8264501539105473,0.38555232324024796,0.14865059395595104
6.04,8.461575194253543e-12,3.5211422492911137e-12,1.708493070684658e-12,3.4419139780864396e-14,4.737879145845842e-15,0.9810879416205044,0.9089493628355283,0.8261889441991624,0.38494341555567996,0.14818143317967125
6.05,8.126266038786396e-12,3.3784814540867815e-12,1.637816085585815e-12,3.2858369561312975e-14,4.800073140383169e-15,0.9810569287211915,0.9088057091844561,0.8259278170463119,0.38433546952675757,0.14771375313635154
6.0600000000000005,7.804250382770318e-12,3.2416092746655144e-12,1.5700575980339715e-12,3.136768122226799e-14,4.781418635664995e-15,0.9810259168022188,0.9086620782369275,0.8256667724259019,0.3837284836347257,0.14724754915260432
6.07,7.495000860821827e-12,3.110290726556091e-12,1.505098082875501e-12,2.994896511829253e-14,4.747697556444475e-15,0.9809949058635553,0.9085184699893544,0.8254058103118471,0.3831224563632282,0.14678281656979206
6.08,7.198011022740147e-12,2.9843003528440436e-12,1.4428229167913443e-12,2.85873011765794e-14,4.727119487228587e-15,0.9809638959051701,0.908374884438149,0.8251449306780705,0.3825173861983033,0.1463195507439803
6.09,6.91279450502649e-12,2.8634218356555647e-12,1.3831220621350518e-12,2.729548845193199e-14,4.8880012223164336e-15,0.980932886927032,0.9082313215797245,0.8248841334985029,0.3819132716283805,0.14585774704589152
6.1000000000000005,6.638884235316582e-12,2.7474476232259535e-12,1.325889982146062e-12,2.6064335364937733e-14,4.883362052259892e-15,0.9809018789291101,0.9080877814104944,0.8246234187470839,0.3813101111442764,0.14539740086085876
6.11,6.375831668398186e-12,2.6361785737345685e-12,1.2710254048573211e-12,2.488416574506532e-14,4.9080530823340264e-15,0.9808708719113735,0.9079442639268727,0.8243627863977608,0.3807079032391912,0.14493850758877974
6.12,6.123206052539756e-12,2.5294236134021447e-12,1.2184311174768347e-12,2.3759943476112054e-14,4.938591938350204e-15,0.9808398658737911,0.9078007691252743,0.8241022364244897,0.38010664640870473,0.14448106264407043
6.13,5.8805937249093876e-12,2.426999408437468e-12,1.168013872728873e-12,2.2690089128083482e-14,4.968862953666205e-15,0.980808860816332,0.9076572970021142,0.8238417688012345,0.3795063391507728,0.14402506145561975
6.140000000000001,5.647597434912712e-12,2.3287300532364107e-12,1.1196841724952578e-12,2.1668469502705807e-14,4.9888444783591575e-15,0.9807778567389652,0.9075138475538084,0.8235813835019674,0.3789069799657233,0.1435704994667434
6.15,5.423835694327669e-12,2.234446768421524e-12,1.0733561284450444e-12,2.0700236029899713e-14,5.001330256752482e-15,0.9807468536416597,0.9073704207767733,0.823321080500669,0.37830856735625285,0.1431173721351389
6.16,5.208942153159797e-12,2.1439876130977094e-12,1.0289473626328922e-12,1.9775216116316312e-14,5.041323300644944e-15,0.9807158515243845,0.9072270166674257,0.823060859771328,0.3777110998274225,0.14266567493283955
6.17,5.002565000186396e-12,2.0571972088127384e-12,9.863788353710799e-13,1.8888677615344834e-14,5.038775416508406e-15,0.9806848503871086,0.9070836352221833,0.8228007212879412,0.3771145758866544,0.14221540334616964
6.18,4.804366387200792e-12,1.973926474734753e-12,9.455746375359987e-13,1.8044174704102358e-14,5.034763869933301e-15,0.9806538502298012,0.9069402764374639,0.8225406650245141,0.376518994043728,0.14176655287569928
6.19,4.614021876008338e-12,1.8940323737352553e-12,9.064620132094804e-13,1.7242836617873422e-14,5.0192681023137996e-15,0.9806228510524311,0.9067969403096865,0.8222806909550597,0.3759243528107761,0.14131911903619923
6.2,4.431219907265611e-12,1.8173776692556656e-12,8.689711064076984e-13,1.6477471223399322e-14,5.021750338265536e-15,0.9805918528549674,0.9066536268352701,0.8220207990535998,0.37533065070228144,0.1408730973565964
6.21,4.255661290291423e-12,1.7438306909281202e-12,8.330349110074404e-13,1.5755567877185916e-14,5.059947818556728e-15,0.9805608556373792,0.9065103360106344,0.8217609892941641,0.3747378862350728,0.14042848337992878
6.22,4.087058713014323e-12,1.6732651114942944e-12,7.985891406833643e-13,1.5060459149765903e-14,5.088272944660297e-15,0.9805298593996354,0.9063670678322,0.8215012616507906,0.3741460579283215,0.13998527266330132
6.23,3.925136271255906e-12,1.6055597312886423e-12,7.655721268310064e-13,1.4400665274122053e-14,5.0117709106623225e-15,0.9804988641417052,0.9062238222963876,0.8212416160975257,0.3735551643035373,0.13954346077784113
6.24,3.769629016582113e-12,1.5405982720825365e-12,7.339246858444636e-13,1.3768907448696039e-14,5.016457346812125e-15,0.9804678698635574,0.9060805993996188,0.8209820526084235,0.3729652038845651,0.13910304330865367
6.25,3.6202825219863805e-12,1.4782691791161332e-12,7.035900899977588e-13,1.317669489866553e-14,5.003872024018577e-15,0.9804368765651612,0.9059373991383156,0.8207225711575469,0.37237617519758126,0.13866401585477814
6.26,3.47685246469873e-12,1.418465431187127e-12,6.745138881611592e-13,1.2605309287782474e-14,5.0784044967506194e-15,0.9804058842464856,0.9057942215089007,0.8204631717189665,0.37178807677108944,0.1382263740291439
6.2700000000000005,3.3391042254439038e-12,1.3610843578387542e-12,6.466438258140775e-13,1.2061171208489139e-14,5.054513949440344e-15,0.9803748929074996,0.905651066507797,0.8202038542667615,0.3712009071359174,0.13779011345852638
6.28,3.2068125034992216e-12,1.3060274648661412e-12,6.199299314671451e-13,1.1548060215901316e-14,5.067070433070921e-15,0.9803439025481722,0.9055079341314286,0.8199446187750189,0.3706146648252133,0.13735522978350365
6.29,3.079760946929617e-12,1.2532002657808185e-12,5.943241665382067e-13,1.1051673850494213e-14,4.9713985748850974e-15,0.9803129131684725,0.9053648243762196,0.8196854652178343,0.37002934837444185,0.1369217186584125
6.3,2.9577417974023093e-12,1.2025121204783807e-12,5.697803762425503e-13,1.0576445913421986e-14,5.045909269495473e-15,0.9802819247683694,0.9052217372385948,0.819426393569311,0.36944495632138064,0.13648957575130527
6.3100000000000005,2.8405555490081798e-12,1.1538760802172903e-12,5.462544793447179e-13,1.013109300118618e-14,5.034455753898127e-15,0.9802509373478321,0.9050786727149798,0.819167403803561,0.3688614872061165,0.13605879674390647
6.32,2.728010620540015e-12,1.107208741921647e-12,5.237040575869671e-13,9.717359055597788e-15,5.107447617277152e-15,0.9802199509068296,0.9049356308018006,0.8189084958947043,0.36827893957104224,0.13562937733156982
6.33,2.6199230406997516e-12,1.062430092640593e-12,5.020885358273074e-13,9.314313662431866e-15,5.103068211682021e-15,0.980188965445331,0.9047926114954836,0.8186496698168687,0.3676973119608524,0.13520131322323486
6.34,2.5161161457285518e-12,1.0194633908777582e-12,4.813690889340096e-13,8.93542527876353e-15,5.180595491467895e-15,0.9801579809633051,0.9046496147924561,0.8183909255441909,0.36711660292254,0.13477460014138434
6.3500000000000005,2.4164202889734317e-12,9.782350223968061e-13,4.615082997833463e-13,8.559069902212115e-15,5.196098284198974e-15,0.9801269974607211,0.9045066406891457,0.818132263050815,0.36653681100539265,0.1343492338220014
6.36,2.3206725619238294e-12,9.386743765857325e-13,4.42470347895505e-13,8.21355394870992e-15,5.176872594627387e-15,0.980096014937548,0.9043636891819806,0.817873682310894,0.3659579347609895,0.1339252100145271
6.37,2.228716526270001e-12,9.00713724779223e-13,4.242210524058486e-13,7.889329913123893e-15,5.192851804209833e-15,0.980065033393755,0.9042207602673898,0.8176151832985884,0.3653799727431967,0.1335025244818176
6.38,2.1404019565529316e-12,8.642881033855239e-13,4.067274438833165e-13,7.590613095568218e-15,5.2542404497684124e-15,0.9800340528293109,0.9040778539418026,0.8173567659880674,0.3648029235081647,0.13308117300010233
6.390000000000001,2.0555845929925187e-12,8.293352016287562e-13,3.899580753554042e-13,7.306362789991988e-15,5.211231740526106e-15,0.9800030732441848,0.9039349702016489,0.817098430353508,0.3642267856143241,0.1326611513589412
6.4,1.9741259040968905e-12,7.957952537259979e-13,3.7388275548194957e-13,7.0414261228762946e-15,5.224691427713993e-15,0.9799720946383459,0.9037921090433594,0.8168401763690957,0.36365155762238205,0.13224245536118306
6.41,1.895892858671577e-12,7.636109342256824e-13,3.584726253462835e-13,6.790643654343325e-15,5.265031916888705e-15,0.979941117011763,0.9036492704633649,0.8165820040090237,0.36307723809531894,0.13182508082292338
6.42,1.8207577068618763e-12,7.327272629081026e-13,3.436999314559835e-13,6.534705802117156e-15,5.176306458137237e-15,0.9799101403644054,0.9035064544580972,0.8163239132474939,0.36250382559838473,0.13140902357346262
6.43,1.7485977698763302e-12,7.030915040049432e-13,3.295380632318493e-13,6.285745667524515e-15,5.177173819817227e-15,0.9798791646962419,0.9033636610239886,0.8160659040587159,0.3619313186990952,0.13099427945526448
6.44,1.6792952380525934e-12,6.746530738702467e-13,3.1596156217183244e-13,6.067192338483226e-15,5.163350241667871e-15,0.9798481900072419,0.9032208901574716,0.8158079764169078,0.3613597159672283,0.1305808443239144
6.45,1.6127369764879906e-12,6.473634590793432e-13,3.029460492308334e-13,5.848046776964515e-15,5.15305032067859e-15,0.979817216297374,0.9030781418549798,0.8155501302962955,0.36078901597482116,0.13016871404807825
6.46,1.5488143406175337e-12,6.211761270489968e-13,2.904681994972243e-13,5.663722675368429e-15,5.143292499572028e-15,0.9797862435666075,0.902935416112947,0.8152923656711133,0.3602192172961658,0.12975788450946077
6.47,1.4874229947450543e-12,5.960464460088903e-13,2.7850568414361e-13,5.460945751792176e-15,5.1415577770794455e-15,0.9797552718149115,0.9027927129278077,0.8150346825156035,0.35965031850780593,0.1293483516027647
6.48,1.428462742102716e-12,5.719316070297636e-13,2.670369188193461e-13,5.269737267639402e-15,5.138531387805271e-15,0.9797243010422549,0.9026500322959968,0.8147770808040168,0.3590823181885333,0.12894011123564952
6.49,1.3718373595566131e-12,5.487905491729544e-13,2.560415190054889e-13,5.092049980770115e-15,5.158742380906066e-15,0.9796933312486069,0.9025073742139501,0.8145195605106117,0.35851521491938443,0.12853315932869086
6.5,1.31745443931498e-12,5.265838876434698e-13,2.4549968064513476e-13,4.920242881838538e-15,5.060296823535375e-15,0.9796623624339363,0.9023647386781036,0.8142621216096549,0.35794900728363654,0.12812749181533933
6.51,1.2652252369471464e-12,5.052738458625625e-13,2.353926524774556e-13,4.7706326316751346e-15,5.076180383387379e-15,0.9796313945982126,0.902222125684894,0.8140047640754215,0.3573836938668044,0.12772310464188025
6.5200000000000005,1.2150645254655975e-12,4.848241852197049e-13,2.2570228113536336e-13,4.615628086184594e-15,5.0596463003603595e-15,0.9796004277414043,0.9020795352307587,0.8137474878821945,0.35681927325663676,0.12731999376739286
6.53,1.1668904552329477e-12,4.652001476174336e-13,2.1641135850733544e-13,4.484639143958794e-15,5.051026892992401e-15,0.9795694618634809,0.9019369673121355,0.813490293004265,0.3562557440431127,0.1269181551637103
6.54,1.1206244194646833e-12,4.463683905596704e-13,2.0750334765179046e-13,4.381245645395411e-15,5.025277091484026e-15,0.9795384969644113,0.9017944219254628,0.8132331794159324,0.35569310481843813,0.1265175848153789
6.55,1.0761909251071621e-12,4.282969296919978e-13,1.9896228926183157e-13,4.2597801876686714e-15,5.0583452574051224e-15,0.9795075330441645,0.9016518990671795,0.8129761470915041,0.35513135417704245,0.12611827871961845
6.5600000000000005,1.0335174688788586e-12,4.1095508459543524e-13,1.907729814114528e-13,4.162211106281587e-15,5.052382145796359e-15,0.9794765701027096,0.901509398733725,0.8127191960052956,0.35457049071557467,0.1257202328862819
6.57,9.92534418270707e-13,3.9431341767205686e-13,1.829208822484619e-13,4.044525131771045e-15,5.1077306662974945e-15,0.9794456081400157,0.9013669209215398,0.8124623261316306,0.3540105130329004,0.1253234433378158
6.58,9.5317489730932e-13,3.7834369348002266e-13,1.753921512550672e-13,3.943149613139104e-15,5.079541411256595e-15,0.9794146471560519,0.9012244656270644,0.8122055374448409,0.35345141973009775,0.12492790610922025
6.59,9.153746768941477e-13,3.6301882401891334e-13,1.6817330224387631e-13,3.8648951698591215e-15,5.0781861584478725e-15,0.979383687150787,0.9010820328467398,0.8119488299192663,0.35289320941045454,0.12453361724800942
6.6000000000000005,8.790720695270073e-13,3.48312817817076e-13,1.6125154639047303e-13,3.80231405058167e-15,5.014597700880114e-15,0.9793527281241904,0.900939622577008,0.8116922035292549,0.35233588067946403,0.12414057281417203
6.61,8.442078282591387e-13,3.342007366553866e-13,1.5461460368474785e-13,3.732867947260838e-15,5.013161132928098e-15,0.979321770076231,0.9007972348143113,0.8114356582491628,0.35177943214482227,0.12374876888013213
6.62,8.107250496877732e-13,3.206586572377146e-13,1.4825085822896311e-13,3.6490693646866424e-15,5.0111376711573876e-15,0.9792908130068779,0.9006548695550926,0.8111791940533541,0.3512238624164239,0.12335820153070957
6.63,7.785690808405237e-13,3.076636256765923e-13,1.4214881682302746e-13,3.5951719407063556e-15,4.969088314413793e-15,0.9792598569161001,0.9005125267957952,0.8109228109162013,0.350669170106359,0.122968866863081
6.640000000000001,7.476874297921497e-13,2.9519361169280545e-13,1.3629780778883946e-13,3.558042933492851e-15,4.957053670287638e-15,0.9792289018038668,0.9003702065328634,0.8106665088120847,0.35011535382890957,0.12258076098674109
6.65,7.180296798642105e-13,2.8322748583299434e-13,1.3068749515590067e-13,3.5400691225841657e-15,4.9618512648302534e-15,0.9791979476701469,0.9002279087627417,0.8104102877153928,0.3495624122005464,0.1221938800234632
6.66,6.895474072638771e-13,2.71744961421123e-13,1.253078882318817e-13,3.51113269016404e-15,4.972286710602135e-15,0.9791669945149095,0.9000856334818752,0.8101541476005223,0.3490103438399249,0.12180822010726111
6.67,6.621941020237317e-13,2.607265877549074e-13,1.2014928724344503e-13,3.4581517084758234e-15,5.0319175132686045e-15,0.9791360423381239,0.8999433806867096,0.8098980884418778,0.34845914736788225,0.12142377738435002
6.68,6.359250921097687e-13,2.5015367047255637e-13,1.152033680336988e-13,3.4225658362218827e-15,5.063793373494316e-15,0.9791050911397589,0.8998011503736913,0.8096421102138722,0.3479088214074338,0.1210405480131082
6.69,6.106974705699074e-13,2.400082923117058e-13,1.1046084679928293e-13,3.3764383307660877e-15,5.0469340282719404e-15,0.9790741409197836,0.8996589425392671,0.8093862128909263,0.34735936458376937,0.12065852816403858
6.7,5.864700256004152e-13,2.3027325069710984e-13,1.0591338287058085e-13,3.351160434968509e-15,5.068563862416124e-15,0.9790431916781672,0.8995167571798844,0.8091303964474691,0.34681077552425044,0.12027771401973057
6.71,5.632031734123638e-13,2.209320438168919e-13,1.0155292846436996e-13,3.3379654750282054e-15,5.072141728279027e-15,0.9790122434148787,0.8993745942919911,0.8088746608579376,0.34626305285840586,0.1198981017748217
6.72,5.408588937849056e-13,2.1196880886513325e-13,9.737209189657369e-14,3.3208996372884414e-15,5.099924408751519e-15,0.9789812961298872,0.8992324538720358,0.808619006096777,0.3457161952179292,0.11951968763595985
6.73,5.194006681966615e-13,2.03368344418443e-13,9.336320547500358e-14,3.33327369746856e-15,5.169530188047119e-15,0.9789503498231616,0.8990903359164674,0.8083634321384404,0.34517020123667475,0.11914246782176507
6.74,4.98793420430756e-13,1.9511604145131329e-13,8.951923098386506e-14,3.3157273964172486e-15,5.154188727244058e-15,0.9789194044946713,0.8989482404217358,0.8081079389573891,0.3446250695506547,0.11876643856279213
6.75,4.790034595532723e-13,1.8719789716229234e-13,8.583359743868434e-14,3.3470795065193647e-15,5.098840206221182e-15,0.9788884601443852,0.8988061673842911,0.8078525265280926,0.3440807987980352,0.1183915961014925
6.76,4.599984251688283e-13,1.796004702075771e-13,8.229964929522137e-14,3.3198355466674152e-15,5.095994176581606e-15,0.9788575167722724,0.898664116800584,0.8075971948250281,0.3435373876191331,0.11801793669217703
6.7700000000000005,4.417472348608975e-13,1.7231083916736658e-13,7.89114352224004e-14,3.3169190395501983e-15,5.100249670006443e-15,0.9788265743783019,0.898522088667066,0.8073419438226812,0.3429948346564127,0.1176454566009784
6.78,4.2422003372818e-13,1.6531660936423692e-13,7.566251405553714e-14,3.3179804729058968e-15,5.092118153654811e-15,0.9787956329624429,0.8983800829801888,0.8070867734955454,0.34245313855448234,0.11727415210581402
6.79,4.0738814593192947e-13,1.586058823553893e-13,7.254769541381532e-14,3.319325111432429e-15,5.0857213608330275e-15,0.9787646925246645,0.898238099736405,0.8068316838181224,0.34191229796009087,0.11690401949634852
6.8,3.9122402817257473e-13,1.5216723584913977e-13,6.956118704810089e-14,3.351651136068441e-15,5.0833903263502505e-15,0.9787337530649356,0.8980961389321676,0.8065766747649218,0.3413723115221243,0.11653505507395684
6.8100000000000005,3.757012250173242e-13,1.4598970446830759e-13,6.669774163980076e-14,3.3706774323531853e-15,5.038775405707921e-15,0.9787028145832254,0.8979542005639299,0.8063217463104613,0.34083317789160267,0.11616725515168744
6.82,3.6079432600358924e-13,1.4006276132369001e-13,6.395225519908004e-14,3.3537631301995397e-15,5.064687837494853e-15,0.978671877079503,0.8978122846281466,0.8060668984292667,0.34029489572167626,0.11580061605422502
6.83,3.4647892444619515e-13,1.3437630036227372e-13,6.132010815181982e-14,3.326441087859498e-15,5.0718164662684334e-15,0.9786409405537375,0.8976703911212718,0.8058121310958718,0.33975746366762244,0.11543513411785435
6.84,3.3273157787924016e-13,1.2892061945626992e-13,5.879661357655334e-14,3.305624265223554e-15,5.041160649793799e-15,0.9786100050058979,0.897528520039761,0.8055574442848187,0.33922088038684256,0.11507080569042312
6.8500000000000005,3.1952977006636603e-13,1.2368640420043016e-13,5.637738568930434e-14,3.295541158373029e-15,4.973126963509725e-15,0.9785790704359534,0.8973866713800701,0.8053028379706569,0.33868514453885806,0.11470762713130576
6.86,3.068518745158855e-13,1.18664712386462e-13,5.405744423825449e-14,3.3170083395081974e-15,4.918320543779749e-15,0.978548136843873,0.8972448451386554,0.8050483121279448,0.33815025478530775,0.11434559481136712
6.87,2.9467711943986335e-13,1.1384695912465372e-13,5.1833719509778664e-14,3.3560395961126253e-15,4.969196730697553e-15,0.9785172042296257,0.8971030413119739,0.8047938667312482,0.3376162097899438,0.11398470511292591
6.88,2.829855540987612e-13,1.0922490258407822e-13,4.970191449816882e-14,3.3897582752495423e-15,4.9754579981459325e-15,0.9784862725931809,0.8969612598964829,0.8045395017551411,0.33708300821862885,0.11362495442971877
6.890000000000001,2.717580164756743e-13,1.0479063032396783e-13,4.7657775587856463e-14,3.3863972445695565e-15,4.930192557353642e-15,0.9784553419345073,0.8968195008886407,0.8042852171742058,0.33655064873933255,0.11326633916686418
6.9,2.6097610222650973e-13,1.0053654619003062e-13,4.569802664083334e-14,3.393444554109186e-15,4.927915733094418e-15,0.9784244122535743,0.8966777642849056,0.8040310129630321,0.3360191300221284,0.11290885574082664
6.91,2.506221348546921e-13,9.645535775060909e-14,4.381979919499939e-14,3.3919266701597204e-15,4.924636022462854e-15,0.9783934835503509,0.8965360500817372,0.8037768890962185,0.3354884507391901,0.11255250057938053
6.92,2.4067913706110874e-13,9.254006424869352e-14,4.2018799801433646e-14,3.3363070950859855e-15,4.943040353096373e-15,0.9783625558248062,0.8963943582755949,0.803522845548371,0.3349586095647884,0.11219727012157492
6.93,2.3113080322207296e-13,8.878394504684713e-14,4.029252950658203e-14,3.295324250012493e-15,4.9493829368856776e-15,0.9783316290769093,0.8962526888629391,0.8032688822941038,0.3344296051752879,0.1118431608176975
6.94,2.219614729500353e-13,8.518054854313689e-14,3.8637611125330176e-14,3.280687518225954e-15,4.939137226298123e-15,0.9783007033066291,0.8961110418402306,0.803014999308039,0.3339014362491434,0.11149016912923936
6.95,2.1315610569366196e-13,8.172367224847437e-14,3.7051017053828174e-14,3.3279587293165415e-15,4.961200739479715e-15,0.9782697785139349,0.8959694172039309,0.8027611965648072,0.3333741014668973,0.11113829152885968
6.96,2.0470025633571772e-13,7.840738935167606e-14,3.5530082930248255e-14,3.3602679460640886e-15,5.033164658119678e-15,0.9782388546987959,0.8958278149505019,0.8025074740390463,0.3328475995111752,0.11078752450035029
6.97,1.965800517488971e-13,7.522598433538222e-14,3.4072095495758546e-14,3.3596174235403663e-15,5.096590485400613e-15,0.9782079318611809,0.8956862350764062,0.8022538317054029,0.33232192906668384,0.11043786453860062
6.98,1.8878216827142986e-13,7.217397960568488e-14,3.267431691048139e-14,3.343354387521407e-15,5.0598902414653275e-15,0.9781770100010593,0.8955446775781067,0.802000269538531,0.3317970888202068,0.11008930814956285
6.99,1.812938100658592e-13,6.924611754904036e-14,3.1333978169427835e-14,3.2955410709431957e-15,4.96513097130262e-15,0.9781460891184,0.8954031424520674,0.8017467875130931,0.331273077460602,0.10974185185021659
7.0,1.741026883259145e-13,6.643735186689543e-14,3.004927854027165e-14,3.2647497298272605e-15,4.972964332046387e-15,0.9781151692131721,0.8952616296947522,0.8014933856037596,0.3307498936787977,0.10939549216853459
7.01,1.67197001297858e-13,6.374283925364924e-14,2.881811811041869e-14,3.35441324361638e-15,4.990826563074252e-15,0.9780842502853448,0.895120139302626,0.8012400637852085,0.3302275361677899,0.10905022564344756
7.0200000000000005,1.6056541508407502e-13,6.11579314029942e-14,2.7638850776597758e-14,3.3576658503338656e-15,4.968139632896281e-15,0.9780533323348872,0.894978671272154,0.8009868220321265,0.32970600362263836,0.10870604882480983
7.03,1.5419704519801197e-13,5.867816732841565e-14,2.65076360558083e-14,3.3132135634951202e-15,4.902436982225086e-15,0.9780224153617684,0.8948372255998023,0.8007336603192076,0.3291852947404643,0.10836295827336498
7.04,1.4808143884083986e-13,5.6299265984325836e-14,2.5423802359800176e-14,3.3608642486861115e-15,4.942362726163462e-15,0.9779914993659574,0.8946958022820372,0.8004805786211543,0.32866540822044626,0.10802095056071119
7.05,1.4220855787144104e-13,5.4017119174983007e-14,2.438457720218122e-14,3.384716696236923e-15,4.894983091201199e-15,0.9779605843474234,0.8945544013153257,0.800227576912677,0.32814634276381716,0.10768002226926719
7.0600000000000005,1.3656876244248695e-13,5.1827757074239313e-14,2.3389114496101576e-14,3.403310762126846e-15,4.84616688841457e-15,0.9779296703061355,0.8944130226961353,0.7999746551684938,0.3276280970738611,0.10734016999223797
7.07,1.31152795276487e-13,4.972747629641743e-14,2.2434341675534533e-14,3.38569247706097e-15,4.899075953858979e-15,0.9778987572420629,0.8942716664209343,0.799721813363331,0.3271106698559103,0.10700139033358096
7.08,1.2595176655675918e-13,4.7712571740105834e-14,2.1518366272381942e-14,3.4126891101200867e-15,4.913414527495773e-15,0.9778678451551744,0.8941303324861912,0.7994690514719232,0.32659405981734146,0.10666367990797178
7.09,1.2095713940929319e-13,4.577958502326321e-14,2.0643157910026334e-14,3.4772533456214288e-15,4.908129041701337e-15,0.9778369340454395,0.8939890208883753,0.7992163694690124,0.3260782656675727,0.10632703534077075
7.1000000000000005,1.1616071595245295e-13,4.392517508526148e-14,1.9810501266523565e-14,3.5116767643561634e-15,4.948705308197722e-15,0.9778060239128271,0.8938477316239565,0.7989637673293489,0.3255632861180606,0.10599145326798878
7.11,1.115546238923973e-13,4.2146136570380896e-14,1.90128507500997e-14,3.532222396505138e-15,5.040998017773794e-15,0.9777751147573063,0.8937064646894048,0.7987112450276911,0.32504911988229657,0.10565693033625423
7.12,1.0713130364299501e-13,4.043939444201242e-14,1.824894270368782e-14,3.5818246429053095e-15,4.986191598022995e-15,0.9777442065788463,0.8935652200811915,0.798458802538805,0.3245357656758039,0.10532346320277892
7.13,1.0288349594985991e-13,3.880199880268799e-14,1.7517724689150692e-14,3.570711569317125e-15,4.94388060824945e-15,0.9777132993774161,0.893423997795788,0.7982064398374649,0.3240232222161344,0.10499104853532507
7.140000000000001,9.880422999894664e-14,3.723109316265361e-14,1.681967998771258e-14,3.574397856399805e-15,5.0803545563328694e-15,0.977682393152985,0.8932827978296661,0.797954156898453,0.3235114882228653,0.10465968301217175
7.15,9.488681199093563e-14,3.57240274086763e-14,1.615133205548727e-14,3.54057074856372e-15,5.123641328049331e-15,0.9776514879055219,0.8931416201792985,0.7977019536965593,0.32300056241759606,0.10432936332208204
7.16,9.112481416337233e-14,3.427814904474781e-14,1.5511188264365694e-14,3.5275061123149142e-15,5.147981666680962e-15,0.977620583634996,0.8930004648411585,0.797449830206582,0.3224904435239451,0.1040000861642695
7.17,8.751206424324605e-14,3.2890981591726136e-14,1.489894304864464e-14,3.5251750756126376e-15,5.227236845227865e-15,0.9775896803413766,0.8928593318117196,0.7971977864033273,0.3219811302675467,0.10367184824836549
7.18,8.404263531337617e-14,3.156011127039699e-14,1.4310256944711944e-14,3.568217900033227e-15,5.185522166314208e-15,0.9775587780246325,0.892718221087456,0.7969458222616089,0.3214726213760476,0.10334464629438626
7.19,8.071083607662376e-14,3.028324987803171e-14,1.3748124880388219e-14,3.625409562352099e-15,5.241168842663661e-15,0.9775278766847331,0.8925771326648426,0.7966939377562492,0.32096491557910406,0.1030184770327
7.2,7.751120150257247e-14,2.905821400437083e-14,1.3210353458954798e-14,3.686829613921446e-15,5.1457590514126815e-15,0.9774969763216473,0.8924360665403549,0.7964421328620779,0.3204580116083787,0.10269333720399444
7.21,7.44384826414053e-14,2.7882851781399248e-14,1.2698714334727847e-14,3.621885904541073e-15,5.227887365787549e-15,0.9774660769353444,0.8922950227104687,0.7961904075539329,0.3199519081975373,0.10236922355924398
7.22,7.148764274385859e-14,2.67551557335392e-14,1.2206672732533806e-14,3.609471789047905e-15,5.254775579742488e-15,0.9774351785257934,0.8921540011716603,0.7959387618066601,0.3194466040822453,0.10204613285967744
7.23,6.865384191376686e-14,2.5673182453962302e-14,1.173411179817703e-14,3.5099420330664917e-15,5.2714993979274485e-15,0.9774042810929635,0.892013001920407,0.7956871955951134,0.3189420980001651,0.10172406187674558
7.24,6.593243379905065e-14,2.4635068231414077e-14,1.1282382618850867e-14,3.540516535063086e-15,5.3056517660515084e-15,0.9773733846368238,0.8918720249531864,0.7954357088941545,0.3184383886909528,0.10140300739208899
7.25,6.331895678781967e-14,2.3639025809534848e-14,1.0851641818462769e-14,3.5268555878909913e-15,5.278356976163842e-15,0.9773424891573433,0.8917310702664765,0.795184301678653,0.3179354748962548,0.10108296619750569
7.26,6.080912665916855e-14,2.2683317085334653e-14,1.0437846106030224e-14,3.4787712221946107e-15,5.345523300643934e-15,0.9773115946544914,0.891590137856756,0.7949329739234867,0.3174333553597049,0.10076393509491936
7.2700000000000005,5.83988295243448e-14,2.1766345017561142e-14,1.0048881340324148e-14,3.51823617958451e-15,5.356338217114544e-15,0.9772807011282371,0.8914492277205043,0.7946817256035411,0.3169320288269211,0.10044591089634704
7.28,5.6084115047066436e-14,2.0886511067470923e-14,9.682618365734269e-15,3.4746512554591497e-15,5.307061228350114e-15,0.9772498085785494,0.8913083398542011,0.7944305566937097,0.3164314940455027,0.10012889042386766
7.29,5.3861189932189236e-14,2.004230383817614e-14,9.333275019505962e-15,3.4236937530943234e-15,5.250872450714718e-15,0.9772189170053975,0.8911674742543269,0.7941794671688941,0.3159317497650264,0.09981287050958994
7.3,5.172641167233306e-14,1.9232273984603702e-14,9.00062027184107e-15,3.415670653461783e-15,5.310720410401724e-15,0.9771880264087507,0.8910266309173626,0.7939284570040035,0.3154327947370442,0.09949784799562093
7.3100000000000005,4.967628254246659e-14,1.845503166371471e-14,8.676593725176251e-15,3.3923603064921538e-15,5.290771090503158e-15,0.9771571367885779,0.8908858098397895,0.7936775261739554,0.31493462771507946,0.09918381973403438
7.32,4.770744383282655e-14,1.7709244085901997e-14,8.370711790759736e-15,3.4317168434831876e-15,5.2423614634311016e-15,0.9771262481448484,0.8907450110180899,0.7934266746536749,0.3144372474546244,0.0988707825868394
7.33,4.581667031090767e-14,1.699363316393032e-14,8.08533422627787e-15,3.4456488402011442e-15,5.257377663494538e-15,0.9770953604775312,0.8906042344487463,0.7931759024180952,0.3139406527131366,0.09855873342594892
7.34,4.40008649036074e-14,1.6306972280023604e-14,7.808941650839567e-15,3.452858785460907e-15,5.209455927434691e-15,0.9770644737865956,0.8904634801282417,0.7929252094421575,0.3134448422500358,0.09824766913314847
7.3500000000000005,4.2257053590943096e-14,1.5648087988833407e-14,7.543239164905166e-15,3.5133030548003195e-15,5.214117996690087e-15,0.9770335880720105,0.8903227480530601,0.7926745957008108,0.3129498148267012,0.09793758660006528
7.36,4.05823805030798e-14,1.5015852184005628e-14,7.292739400521698e-15,3.49893737600183e-15,5.223875816188185e-15,0.9770027033337452,0.8901820382196857,0.7924240611690119,0.31245556920646833,0.09762848272813676
7.37,3.8974103212716775e-14,1.4409183907127687e-14,7.047914659760985e-15,3.50457522628426e-15,5.212383273184233e-15,0.9769718195717688,0.8900413506246031,0.7921736058217258,0.31196210415462544,0.09732035442858003
7.38,3.742959213487238e-14,1.382704649071859e-14,6.815690225391605e-15,3.504792067140803e-15,5.152833468806747e-15,0.9769409367860505,0.8899006852642979,0.7919232296339253,0.3114694184384109,0.09701319862236063
7.390000000000001,3.594631067493353e-14,1.3268445722349484e-14,6.589470935020852e-15,3.5183988017542456e-15,5.1450001080771844e-15,0.9769100549765595,0.8897600421352561,0.7916729325805908,0.3109775108270103,0.09670701224016197
7.4,3.452183408823375e-14,1.2732428083903807e-14,6.381109446679827e-15,3.535366564864298e-15,5.144783267579813e-15,0.9768791741432646,0.8896194212339639,0.7914227146367111,0.31048638009155255,0.09640179222235476
7.41,3.3153830286960013e-14,1.2218079063163855e-14,6.1843868736351595e-15,3.5441486009909245e-15,5.0822790122615155e-15,0.9768482942861354,0.8894788225569085,0.7911725757772827,0.3099960250051078,0.09609753551896613
7.42,3.184005976005226e-14,1.1724556306903533e-14,5.997165833671269e-15,3.565886853453781e-15,5.017877403219405e-15,0.9768174154051407,0.8893382461005775,0.7909225159773099,0.3095064443426836,0.09579423908964937
7.43,3.0578371886664035e-14,1.1250950851456903e-14,5.81381618223431e-15,3.5086409792045048e-15,5.030372832903163e-15,0.9767865375002497,0.8891976918614592,0.7906725352118051,0.30901763688122225,0.09549189990365363
7.44,2.9366701397065677e-14,1.0796488759327957e-14,5.63604872243469e-15,3.5049546925765154e-15,5.06856385437846e-15,0.9767556605714317,0.8890571598360422,0.7904226334557883,0.3085296013995976,0.09519051493979329
7.45,2.8203064975136338e-14,1.036039601570235e-14,5.4641786456120415e-15,3.5065809970797806e-15,5.0576947275245966e-15,0.9767247846186558,0.8889166500208155,0.7901728106842878,0.30804233667861225,0.0948900811864182
7.46,2.7085557996814614e-14,9.94186542269037e-15,5.301316266272568e-15,3.509508342586365e-15,5.057857357790469e-15,0.976693909641891,0.8887761624122694,0.7899230668723394,0.307555841500994,0.09459059564138324
7.47,2.6012351399089898e-14,9.540311570961787e-15,5.1418272573480104e-15,3.4610987147512327e-15,5.028800739512969e-15,0.9766630356411065,0.8886356970068939,0.789673401994987,0.3070701146513933,0.0942920553120185
7.48,2.4981688674325743e-14,9.154989076596397e-15,4.991349913845401e-15,3.429982113333147e-15,4.94748557661424e-15,0.9766321626162715,0.8884952538011802,0.7894238160272824,0.3065851549163797,0.09399445721509926
7.49,2.3991882984904477e-14,8.785345635282684e-15,4.846995565337612e-15,3.4270005577134975e-15,4.881023983470323e-15,0.9766012905673552,0.8883548327916196,0.7891743089442853,0.30610096108443974,0.0936977983768164
7.5,2.3041314393376565e-14,8.430550376177378e-15,4.7112858382174655e-15,3.4252116239586354e-15,4.82581098766549e-15,0.9765704194943267,0.8882144339747042,0.788924880721063,0.3056175319459728,0.0934020758327464
7.51,2.2128427203482365e-14,8.090099183950195e-15,4.580687246970346e-15,3.478120687200703e-15,4.803368002590546e-15,0.976539549397155,0.8880740573469266,0.7886755313326912,0.3051348662932886,0.09310728662782185
7.5200000000000005,2.1251727407595793e-14,7.763413304794656e-15,4.457709737900393e-15,3.4663570945580986e-15,4.8666854093405796e-15,0.9765086802758096,0.8879337029047799,0.7884262607542529,0.3046529629206047,0.09281342781630204
7.53,2.0409780236310826e-14,7.449937459632056e-15,4.343681920661428e-15,3.4946005597069125e-15,4.951659754309001e-15,0.9764778121302594,0.8877933706447578,0.7881770689608395,0.30417182062404224,0.09252049646174325
7.54,1.960120780605945e-14,7.149138876508985e-15,4.230211691242684e-15,3.4961184420917834e-15,5.004243559640288e-15,0.9764469449604736,0.8876530605633547,0.7879279559275498,0.30369143820162425,0.0922284896369697
7.55,1.882468686081247e-14,6.860506364108011e-15,4.120163135717088e-15,3.4696639087263972e-15,4.9999880660640146e-15,0.9764160787664212,0.8875127726570653,0.7876789216294908,0.30321181445327183,0.09193740442404408
7.5600000000000005,1.807894660406722e-14,6.5835494246568214e-15,4.0342638396442335e-15,3.469067596661842e-15,4.876876909476554e-15,0.9763852135480717,0.8873725069223849,0.7874299660417773,0.3027329481808012,0.09164723791423843
7.57,1.7362766617479803e-14,6.317797404582139e-15,3.938761345009255e-15,3.454647707461443e-15,4.8935194128047894e-15,0.976354349305394,0.8872322633558095,0.7871810891395319,0.3022548381879213,0.09135798720800525
7.58,1.667497486264085e-14,6.062798681314169e-15,3.848744355574923e-15,3.429494218457083e-15,5.003918299057053e-15,0.9763234860383574,0.8870920419538356,0.7869322908978851,0.30177748328023013,0.09106964941494831
7.59,1.6014445762636576e-14,5.818119884706277e-15,3.755572416257284e-15,3.465760779309941e-15,5.0485332186592775e-15,0.9762926237469309,0.8869518427129602,0.7866835712919752,0.3013008822652119,0.09078222165379385
7.6000000000000005,1.5380098360168073e-14,5.583345151591242e-15,3.663450420112615e-15,3.4528045619348443e-15,5.0618418002869504e-15,0.9762617624310838,0.8868116656296808,0.7864349302969484,0.30082503395223437,0.09049570105236172
7.61,1.4770894549134163e-14,5.35807541205189e-15,3.580706443253476e-15,3.4308494686220685e-15,5.117813737013018e-15,0.9762309020907852,0.8866715107004957,0.7861863678879588,0.30034993715254577,0.09021008474753696
7.62,1.4185837376705938e-14,5.141927706038032e-15,3.5044445257121834e-15,3.4042323056004376e-15,5.064308359639039e-15,0.9762000427260042,0.8865313779219034,0.7859378840401684,0.29987559067927155,0.08992536988524073
7.63,1.3623969413042458e-14,4.934534529015683e-15,3.4286401325065077e-15,3.3949081677439202e-15,5.053466337996864e-15,0.9761691843367102,0.8863912672904033,0.785689478728747,0.2994019933474116,0.08964155362040223
7.640000000000001,1.3084371185911731e-14,4.73554320538629e-15,3.35839089139342e-15,3.330940242596878e-15,5.050837147678474e-15,0.9761383269228721,0.8862511788024952,0.7854411519288719,0.29892914397383735,0.08935863311692992
7.65,1.2566159677593192e-14,4.544615288465434e-15,3.28930539435827e-15,3.3530579659865156e-15,5.156573965092859e-15,0.9761074704844591,0.8861111124546792,0.7851929036157289,0.2984570413772889,0.08907660554768349
7.66,1.2068486881544577e-14,4.361425985860643e-15,3.2265057598736142e-15,3.3500764101859965e-15,5.1573329058365176e-15,0.9760766150214405,0.8859710682434564,0.7849447337645111,0.2979856843783717,0.08879546809444532
7.67,1.159053841641908e-14,4.185557378867103e-15,3.1695568558224375e-15,3.32649501221584e-15,5.099246775055267e-15,0.9760457605337854,0.8858310461653283,0.7846966423504199,0.297515071799554,0.08851521794789254
7.68,1.1131532195117144e-14,4.016918787473201e-15,3.115579629760789e-15,3.300636790510582e-15,5.162812382097097e-15,0.976014907021463,0.8856910462167967,0.784448629348664,0.29704520246516364,0.0882358523075688
7.69,1.0690717146653553e-14,3.855120848404977e-15,3.0691759921425764e-15,3.3322412824242552e-15,5.140748854456341e-15,0.9759840544844425,0.8855510683943644,0.7842006947344603,0.2965760752013852,0.08795736838185646
7.7,1.0267371988710517e-14,3.6998881111073814e-15,3.02150420919946e-15,3.345956438393058e-15,5.16920491999689e-15,0.9759532029226928,0.8854111126945343,0.7839528384830335,0.2961076888362572,0.08767976338794846
7.71,9.860804048835718e-15,3.550956251087717e-15,2.9650012365143057e-15,3.3327833803783877e-15,5.150936112742081e-15,0.9759223523361834,0.8852711791138103,0.7837050605696162,0.295640042199669,0.08740303455182082
7.72,9.470348132328973e-15,3.408071626415247e-15,2.9307652556904262e-15,3.3392885935872386e-15,5.0861279284247916e-15,0.9758915027248833,0.8851312676486964,0.7834573609694484,0.2951731341233578,0.08712717910820457
7.73,9.095365434941081e-15,3.270990853084575e-15,2.8991822233861005e-15,3.2907705470056626e-15,5.05455053946683e-15,0.9758606540887619,0.8849913782956974,0.7832097396577785,0.2947069634409061,0.08685219430055834
7.74,8.735242498586772e-15,3.1394803987055252e-15,2.851727096905432e-15,3.281717458186463e-15,4.987845000587319e-15,0.975829806427788,0.8848515110513188,0.7829621966098624,0.29424152898773837,0.08657807738104085
7.75,8.389390208347611e-15,3.0136301758474638e-15,2.8094235704546083e-15,3.2672975699089312e-15,4.970904341767716e-15,0.9757989597419311,0.8847116659120662,0.7827147318009638,0.29377682960111834,0.08630482561048329
7.76,8.057242829112369e-15,2.8926025091021454e-15,2.7752707522271008e-15,3.2481071918347607e-15,5.075258800729338e-15,0.9757681140311601,0.8845718428744462,0.7824673452063544,0.293312864120146,0.08603243625836203
7.7700000000000005,7.738257080270362e-15,2.7764997403032796e-15,2.7396791800997315e-15,3.2560218679493285e-15,5.175764341819697e-15,0.9757372692954445,0.8844320419349658,0.7822200368013136,0.29284963138575487,0.0857609066027713
7.78,7.431911246939334e-15,2.6651261289464738e-15,2.7410532713634593e-15,3.2855121662975307e-15,5.07837588159758e-15,0.9757064255347532,0.8842922630901324,0.7819728065611286,0.29238713024070906,0.08549023393039615
7.79,7.137704326271624e-15,2.5583850601611854e-15,2.713901774420575e-15,3.3496969341430337e-15,5.048479006800622e-15,0.9756755827490554,0.8841525063364543,0.7817256544610943,0.29192535952960014,0.08522041553648503
7.8,6.855155207443108e-15,2.4561209954259565e-15,2.6899104340003968e-15,3.3476911606469673e-15,5.0308065113225064e-15,0.9756447409383204,0.8840127716704398,0.7814785804765139,0.2914643180988444,0.08495144872482314
7.8100000000000005,6.5838018839866244e-15,2.358027478126479e-15,2.6652030568753364e-15,3.371597817964384e-15,4.901135931341325e-15,0.9756139001025175,0.8838730590885984,0.7812315845826976,0.29100400479668026,0.08468333080770507
7.82,6.3232006971866796e-15,2.2639331859436905e-15,2.658221741819491e-15,3.3693209934727033e-15,4.9145800381258695e-15,0.9755830602416156,0.8837333685874396,0.7809846667549643,0.2905444184731649,0.08441605910590838
7.83,6.0729256093054804e-15,2.173677081758091e-15,2.6444527753566615e-15,3.403581780880332e-15,4.904415642738715e-15,0.975552221355584,0.8835937001634738,0.7807378269686398,0.2900855579801718,0.08414963094866643
7.84,5.8325675054602874e-15,2.0865317021932898e-15,2.6218734809707173e-15,3.406238075755403e-15,4.839363512493868e-15,0.9755213834443919,0.883454053813212,0.7804910651990585,0.28962742217138754,0.08388404367364195
7.8500000000000005,5.601733523020725e-15,2.003483715001797e-15,2.610927852660176e-15,3.410845935161699e-15,5.013676116627512e-15,0.9754905465080085,0.8833144295331653,0.7802443814215623,0.28917000990230907,0.08361929462690032
7.86,5.3800464074410285e-15,1.9238297878911338e-15,2.59052261399753e-15,3.4812106544358594e-15,4.972476433990084e-15,0.9754597105464029,0.8831748273198459,0.7799977756115006,0.288713320030241,0.08335538116288319
7.87,5.167143893486051e-15,1.8474339817064294e-15,2.579965238315681e-15,3.4910226847649912e-15,4.873515880675455e-15,0.9754288755595444,0.883035247169766,0.7797512477442309,0.2882573514142926,0.08309230064438178
7.88,4.962678110852626e-15,1.7741786737226971e-15,2.5658051967791896e-15,3.4737838715215935e-15,4.92886440152088e-15,0.9753980415474021,0.8828956890794389,0.7795047977951185,0.2878021029153748,0.08283005044251077
7.890000000000001,4.766315013227953e-15,1.7039149300410054e-15,2.5686868282596262e-15,3.473783870124724e-15,4.909945073415665e-15,0.9753672085099452,0.8827561530453781,0.7792584257395363,0.28734757339619765,0.08256862793668197
7.9,4.5777338298656574e-15,1.6391576739659627e-15,2.579828007616612e-15,3.4971484275016735e-15,4.9622307231535946e-15,0.9753363764471429,0.8826166390640978,0.7790121315528652,0.28689376172126735,0.08230803051457812
7.91,4.396626538796983e-15,1.5746279972387575e-15,2.5717146908539144e-15,3.549786443558263e-15,4.924093911606298e-15,0.9753055453589645,0.8824771471321127,0.7787659152104938,0.28644066675688334,0.08204825557212671
7.92,4.222697360830141e-15,1.5127590517047412e-15,2.570932643100041e-15,3.575644664170945e-15,4.920109468688075e-15,0.975274715245379,0.8823376772459379,0.7785197766878184,0.2859882873711356,0.08178930051347404
7.930000000000001,4.055662273524434e-15,1.4534463514360028e-15,2.55791933725881e-15,3.533414989442787e-15,4.940736414815781e-15,0.9752438861063557,0.8821982294020894,0.778273715960243,0.28553662243390154,0.08153116275095924
7.94,3.8952485443584745e-15,1.396590214419953e-15,2.5536375454152547e-15,3.555695342557531e-15,4.9330114743256215e-15,0.9752130579418639,0.8820588035970834,0.7780277330031797,0.28508567081684366,0.08127383970508857
7.95,3.741194282342504e-15,1.3420955757514327e-15,2.549977562587619e-15,3.5108093718521315e-15,4.9182663246262125e-15,0.9751822307518725,0.8819193998274368,0.7777818277920481,0.2846354313934063,0.08101732880450936
7.96,3.5932480073546095e-15,1.2898716306341007e-15,2.535938840752624e-15,3.4563824230231958e-15,4.969820137776115e-15,0.975151404536351,0.8817800180896673,0.7775360003022757,0.2841859030388131,0.0807616274859845
7.97,3.4511682365089307e-15,1.2398311823665258e-15,2.533409422880714e-15,3.504846259938334e-15,5.036823831925481e-15,0.9751205792952684,0.8816406583802926,0.7772902505092975,0.2837370846300639,0.08050673319436688
7.98,3.3147230868911755e-15,1.190565837646556e-15,2.5465079242305956e-15,3.535962861212517e-15,5.185684790093354e-15,0.975089755028594,0.8815013206958314,0.7770445783885567,0.28328897504593226,0.08025264338257364
7.99,3.1836898940227188e-15,1.144589366553418e-15,2.5520904425280104e-15,3.5403538808871917e-15,5.116837952162362e-15,0.9750589317362969,0.8813620050328027,0.776798983915504,0.2828415731669624,0.07999935551156098
8.0,3.0578548454396895e-15,1.1005519036315726e-15,2.546165886245793e-15,3.546804882787829e-15,5.104993043376624e-15,0.9750281094183464,0.8812227113877263,0.7765534670655979,0.2823948778754667,0.07974686705029857
8.01,2.9370126287973842e-15,1.058373803924713e-15,2.534905456878025e-15,3.5319513117354213e-15,5.155028973504509e-15,0.9749972880747116,0.8810834397571223,0.7763080278143045,0.2819488880555224,0.07949517547574433
8.02,2.820966093933528e-15,1.017975895335668e-15,2.545463110174539e-15,3.558893735460061e-15,5.057396567822646e-15,0.9749664677053619,0.8809441901375116,0.7760626661370981,0.2815036025929694,0.07924427827281928
8.03,2.7095259283465397e-15,9.797300584746896e-16,2.5439109826938545e-15,3.498557885679386e-15,5.010044037874841e-15,0.9749356483102662,0.8808049625254152,0.77581738200946,0.2810590203754071,0.07899417293438232
8.040000000000001,2.6025103455668554e-15,9.426494633813124e-16,2.537900097785039e-15,3.4940042365307515e-15,5.082956633877858e-15,0.974904829889394,0.8806657569173552,0.7755721754068802,0.28061514029219164,0.07874485696120526
8.05,2.499744785921544e-15,8.998271845449168e-16,2.528654448732473e-15,3.4782290946652014e-15,5.044413246645459e-15,0.9748740124427142,0.880526573309854,0.7753270463048557,0.2801719612344336,0.07849632786194781
8.06,2.4010616292151064e-15,8.656182716224272e-16,2.5165591468604584e-15,3.501051546125228e-15,4.945669533803548e-15,0.9748431959701963,0.8803874116994344,0.7750819946788916,0.2797294820949944,0.07824858315313263
8.07,2.3062999188746024e-15,8.328449197247105e-16,2.526420153951502e-15,3.5514127354401214e-15,4.97033513320806e-15,0.9748123804718094,0.88024827208262,0.7748370205045004,0.2792877017684841,0.07800162035912053
8.08,2.2153050971382795e-15,8.014469139114605e-16,2.5330083483155595e-15,3.5113514650470657e-15,5.03319175405001e-15,0.9747815659475226,0.8801091544559349,0.7745921237572029,0.2788466191512586,0.0777554370120859
8.09,2.127928750912136e-15,7.713672139708874e-16,2.526737855433006e-15,3.5477264468661077e-15,5.029071785737371e-15,0.9747507523973054,0.8799700588159036,0.7743473044125272,0.27840623314141677,0.07751003065199176
8.1,2.0440283680007966e-15,7.42551730605101e-16,2.5283961124138108e-15,3.589576651461203e-15,5.0933107643890475e-15,0.9747199398211266,0.8798309851590513,0.7741025624460092,0.2779665426387977,0.07726539882656541
8.11,1.963467103600254e-15,7.149490917095809e-16,2.52842346882464e-15,3.6507798615252355e-15,5.120795289361406e-15,0.9746891282189557,0.8796919334819037,0.7738578978331926,0.277527546544978,0.07702153909127382
8.120000000000001,1.8861135574287607e-15,6.885104296469968e-16,2.5320839037983645e-15,3.6203679903716936e-15,5.120090557903264e-15,0.9746583175907617,0.879552903780987,0.7736133105496288,0.27708924376326904,0.07677844900929917
8.13,1.811841563472458e-15,6.631891974748213e-16,2.5384157380276836e-15,3.61212805431387e-15,5.2093475016370495e-15,0.9746275079365141,0.879413896052828,0.7733688005708769,0.27665163319871416,0.07653612615151476
8.14,1.740530000962367e-15,6.38941012652637e-16,2.5361414418828603e-15,3.553526928653737e-15,5.107269867118913e-15,0.9745966992561819,0.8792749102939542,0.7731243678725039,0.27621471375808604,0.0762945680964603
8.15,1.6720626743641293e-15,6.157235240055945e-16,2.54260177806354e-15,3.594130300624177e-15,5.037149091650519e-15,0.9745658915497343,0.8791359465008934,0.7728800124300844,0.27577848434988395,0.07605377243031802
8.16,1.6063287674576414e-15,5.919440174645681e-16,2.540880629040025e-15,3.576945695481773e-15,5.010938504121143e-15,0.9745350848171407,0.8789970046701739,0.7726357342192006,0.2753429438843308,0.07581373674688857
8.17,1.5432819792031536e-15,5.706585211975818e-16,2.5380754346524212e-15,3.600256043353076e-15,5.104179890799042e-15,0.9745042790583701,0.878858084798325,0.7723915332154425,0.2749080912733707,0.07557445864756676
8.18,1.4829789189022084e-15,5.502881657908787e-16,2.556837517137975e-15,3.620747463843583e-15,5.240382788543171e-15,0.9744734742733918,0.8787191868818758,0.772147409394408,0.2744739254306662,0.07533593574131775
8.19,1.4250954896743214e-15,5.307977033248488e-16,2.554230531415572e-15,3.652785637454591e-15,5.1754390784065914e-15,0.9744426704621751,0.8785803109173568,0.7719033627317022,0.2740404452715954,0.07509816564465314
8.2,1.369529364371326e-15,5.121534927996691e-16,2.570029322102974e-15,3.682601197422925e-15,5.263232349183852e-15,0.9744118676246891,0.8784414569012985,0.7716593932029387,0.27360764971324947,0.07486114598160709
8.21,1.3161891563411704e-15,4.943234472468294e-16,2.569155821177089e-15,3.7530201266833514e-15,5.33931623654559e-15,0.9743810657609031,0.8783026248302319,0.7714155007837382,0.27317553767442976,0.07462487438371268
8.22,1.2649874055210522e-15,4.802483815534538e-16,2.5708924378183498e-15,3.796225581138481e-15,5.3552811134560654e-15,0.9743502648707862,0.878163814700689,0.7711716854497292,0.2727441080756453,0.07438934848997816
8.23,1.2158401707139663e-15,4.640391337976508e-16,2.5677361724503938e-15,3.803977625817691e-15,5.353952965736362e-15,0.9743194649543079,0.878025026509202,0.770927947176548,0.2723133598391098,0.07415456594686337
8.24,1.1686668477619838e-15,4.501810120241476e-16,2.561143163566411e-15,3.8154701692971214e-15,5.271905966380441e-15,0.974288666011437,0.8778862602523037,0.7706842859398387,0.2718832918887391,0.0739205244082562
8.25,1.1233900256280353e-15,4.3541464269187923e-16,2.5550383578257156e-15,3.871631841220075e-15,5.2477282578669604e-15,0.9742578680421432,0.8777475159265274,0.7704407017152529,0.2714539031501488,0.07368722153544924
8.26,1.079935355584024e-15,4.2133000368464897e-16,2.5449984325981635e-15,3.919390946334433e-15,5.318662184940561e-15,0.9742270710463953,0.8776087935284073,0.7701971944784499,0.27102519255065094,0.07345465499711631
8.27,1.0375470596436792e-15,4.079075016378885e-16,2.5536533154970054e-15,3.9701316071984885e-15,5.252336117032702e-15,0.9741962750241627,0.8774700930544775,0.769953764205097,0.2705971590192519,0.07322282246928921
8.28,9.975203543624284e-16,3.9513416553030175e-16,2.5701168841872893e-15,3.967692152079423e-15,5.208940925010055e-15,0.9741654799754148,0.8773314145012734,0.7697104108708686,0.2701698014866495,0.07299172163533449
8.290000000000001,9.591093447675965e-16,3.8305818254606005e-16,2.5727049215261876e-15,4.010680768260901e-15,5.246345899948468e-15,0.9741346859001205,0.8771927578653302,0.7694671344514474,0.26974311888522995,0.07276135018593022
8.3,9.222507045956443e-16,3.719489095545728e-16,2.6004514343161748e-15,4.033882694600868e-15,5.2000233621143806e-15,0.9741038927982493,0.8770541231431843,0.7692239349225235,0.2693171101490663,0.0725317058190432
8.31,8.868836066269253e-16,3.614356717835079e-16,2.6004432275749196e-15,4.018215974156503e-15,5.2595189562460414e-15,0.9740731006697703,0.8769155103313723,0.7689808122597946,0.26889177421391425,0.07230278623990556
8.32,8.529496242699933e-16,3.511467175072523e-16,2.6121444029020906e-15,4.015125999519175e-15,5.3213455850543845e-15,0.9740423095146526,0.8767769194264312,0.7687377664389664,0.2684671100172108,0.07207458916099208
8.33,8.200082546277427e-16,3.4164417612127053e-16,2.6056324856129205e-15,4.016860723348836e-15,5.23965095132016e-15,0.9740115193328658,0.8766383504248991,0.7684947974357519,0.2680431164980708,0.07184711230199722
8.34,7.887558908455689e-16,3.3261575674840187e-16,2.622971219142782e-15,4.012523913377592e-15,5.169475965720235e-15,0.9739807301243787,0.876499803323314,0.7682519052258721,0.2676197925972846,0.0716203533898125
8.35,7.587741198626186e-16,3.240372856372932e-16,2.6160271015508545e-15,3.9888340970371984e-15,5.234799146585459e-15,0.9739499418891608,0.876361278118215,0.7680090897850552,0.2671971372573154,0.07139431015850357
8.36,7.300131879716456e-16,3.1588681966628065e-16,2.6186243908037616e-15,3.988617256276466e-15,5.2002402023177264e-15,0.9739191546271814,0.8762227748061414,0.7677663510890378,0.2667751494222968,0.0711689803492877
8.370000000000001,7.029219284285367e-16,3.0814421750204063e-16,2.6372680822955583e-15,3.99067723802369e-15,5.1274902365224534e-15,0.9738883683384095,0.876084293383633,0.7675236891135636,0.26635382803802954,0.0709443617105111
8.38,6.76481268533456e-16,3.0097328944912126e-16,2.6593817816995952e-15,3.912614683982017e-15,5.167903872479687e-15,0.9738575830228146,0.8759458338472306,0.767281103834384,0.26593317205197964,0.0707204519976267
8.39,6.51124526877766e-16,2.9404303844191593e-16,2.6524392273872184e-15,3.96725847243441e-15,5.2101606521707765e-15,0.9738267986803657,0.8758073961934749,0.7670385952272585,0.26551318041327504,0.07049724897317129
8.4,6.268094067808889e-16,2.874699540594379e-16,2.647231715516122e-15,4.008187103802398e-15,5.10605013866962e-15,0.9737960153110321,0.8756689804189077,0.7667961632679536,0.26509385207270375,0.0702747504067435
8.41,6.034952920363758e-16,2.8123870511811096e-16,2.6528655298754973e-15,4.0053681778741e-15,5.214361935634635e-15,0.973765232914783,0.8755305865200712,0.7665538079322441,0.26467518598271056,0.07005295407498133
8.42,5.811431820234233e-16,2.7344776345552236e-16,2.650260752611272e-15,4.04965783610376e-15,5.2281313035901065e-15,0.9737344514915878,0.8753922144935079,0.7663115291959121,0.2642571810973946,0.0698318577615401
8.43,5.597156292728871e-16,2.661481676949583e-16,2.655028789680228e-15,4.051609401802601e-15,5.223008448262775e-15,0.9737036710414156,0.8752538643357611,0.7660693270347473,0.26383983637250696,0.06961145925707016
8.44,5.39176679331119e-16,2.6080187617505425e-16,2.6654348937772943e-15,3.999513487336253e-15,5.222141086109871e-15,0.9736728915642358,0.8751155360433746,0.7658272014245472,0.2634231507654479,0.06939175635919483
8.45,5.194918127617048e-16,2.499813097094588e-16,2.6840811873816892e-15,3.9269803620977576e-15,5.123288953015111e-15,0.9736421130600175,0.8749772296128927,0.7655851523411171,0.2630071232352642,0.06917274687248842
8.46,5.006278891197208e-16,2.4516892988982206e-16,2.6641300350631915e-15,3.910934170691232e-15,5.032947806879665e-15,0.9736113355287298,0.8748389450408601,0.7653431797602697,0.2625917527426468,0.06895442860845427
8.47,4.825530927251233e-16,2.4064792509992433e-16,2.656327614309263e-15,3.869517647466516e-15,5.1046135704531636e-15,0.9735805589703423,0.8747006823238226,0.7651012836578253,0.2621770382499279,0.06873679938550308
8.48,4.652368800511489e-16,2.364216259687973e-16,2.6680299821328346e-15,3.841491021043746e-15,5.110115896451575e-15,0.973549783384824,0.8745624414583257,0.7648594640096121,0.2617629787210784,0.0685198570289307
8.49,4.486499285306694e-16,2.326196469194927e-16,2.665860194226811e-15,3.874396556811734e-15,5.0367696194290896e-15,0.9735190087721443,0.8744242224409163,0.7646177207914657,0.2613495731217057,0.06830359937089674
8.5,4.3276408656903607e-16,2.2756176876660115e-16,2.6775686951642764e-15,3.847020451747124e-15,4.96675726414237e-15,0.9734882351322722,0.8742860252681413,0.7643760539792296,0.26093682041905053,0.06808802425040276
8.51,4.1755232453817186e-16,2.206162868478253e-16,2.678001339659035e-15,3.871902892120958e-15,4.959520214662353e-15,0.9734574624651773,0.8741478499365481,0.7641344635487546,0.26052471958198486,0.0678731295132708
8.52,4.0298868651699294e-16,2.1721993563864014e-16,2.703153756740021e-15,3.880847558811422e-15,4.894278348903558e-15,0.9734266907708286,0.8740096964426851,0.7638929494758995,0.26011326958100917,0.0676589130121217
8.53,3.89048242542886e-16,2.1412288684400961e-16,2.7456530176052974e-15,3.910717327542718e-15,4.911408743172818e-15,0.9733959200491953,0.8738715647831009,0.7636515117365302,0.2597024693882496,0.06744537260635368
8.540000000000001,3.757070411556031e-16,2.1140719481354598e-16,2.759529970182708e-15,3.894508505058084e-15,4.8655469912591554e-15,0.9733651503002468,0.8737334549543447,0.7634101503065209,0.2592923179774558,0.06723250616212097
8.55,3.62942062058412e-16,2.088995703179804e-16,2.772539639184113e-15,3.9185777905910014e-15,4.8143997537748915e-15,0.9733343815239524,0.8735953669529664,0.763168865161753,0.2588828143239982,0.06702031155231268
8.56,3.5073116880331503e-16,2.0656292385145832e-16,2.7673347923009943e-15,3.9252456335670314e-15,4.8149418547701565e-15,0.9733036137202812,0.8734573007755162,0.7629276562781155,0.25847395740486545,0.06680878665653116
8.57,3.3905306153984273e-16,2.0743303545137077e-16,2.783380370516591e-15,3.930558224667784e-15,4.872025099113335e-15,0.9732728468892026,0.8733192564185449,0.7626865236315054,0.2580657461986618,0.06659792936107109
8.58,3.2788723006199243e-16,2.0542232030378357e-16,2.7642980442396583e-15,3.864692942300026e-15,4.835541695913472e-15,0.9732420810306857,0.8731812338786041,0.7624454671978267,0.25765817968560456,0.06638773755889825
8.59,3.172139076594887e-16,2.0180658640599773e-16,2.7803434708111185e-15,3.861765596675342e-15,4.914119248307659e-15,0.9732113161446998,0.8730432331522456,0.7622044869529915,0.25725125684752165,0.0661782091496285
8.6,3.070140266742854e-16,2.0004171074843632e-16,2.772971884723417e-15,3.825824294119842e-15,5.041973789360833e-15,0.9731805522312142,0.872905254236022,0.7619635828729195,0.25684497666784906,0.06596934203950688
8.61,2.9726917745267096e-16,1.9838907222742368e-16,2.765165092253241e-15,3.835690534744072e-15,5.150394006518912e-15,0.9731497892901982,0.8727672971264864,0.7617227549335378,0.2564393381316281,0.06576113414138647
8.620000000000001,2.879615756635171e-16,1.9684282100207472e-16,2.760394110375672e-15,3.7940029617503096e-15,5.212301950491339e-15,0.973119027321621,0.8726293618201922,0.7614820031107813,0.25603434022550314,0.06555358337470767
8.63,2.7907407960559535e-16,1.9539603397857704e-16,2.7695009618672976e-15,3.785600396224042e-15,5.225962897818517e-15,0.973088266325452,0.8724914483136936,0.7612413273805921,0.2556299819377191,0.06534668766547753
8.64,2.7061222764623437e-16,1.9404049136367378e-16,2.773837371309819e-15,3.793352440388993e-15,5.2202437313131354e-15,0.9730575063016602,0.8723535566035454,0.7610007277189206,0.25522626225811834,0.06514044494624877
8.65,2.6262798826660473e-16,1.9276849256248281e-16,2.7725359662061973e-15,3.833684758772594e-15,5.2751043611755606e-15,0.973026747250215,0.8722156866863028,0.7607602041017243,0.25482318017813904,0.06493485315609927
8.66,2.550123403108478e-16,1.9119638723115072e-16,2.7790408478638453e-15,3.814602800676927e-15,5.253935313679329e-15,0.9729959891710857,0.8720778385585215,0.7605197565049683,0.25442073469081183,0.06472991024061146
8.67,2.4775030970433437e-16,1.900419001471445e-16,2.780775209339571e-15,3.758766389918712e-15,5.227182625103552e-15,0.9729652320642415,0.8719400122167578,0.7602793849046253,0.25401892479075805,0.06452561415185176
8.68,2.408281483062501e-16,1.8895495873907905e-16,2.7768718176544895e-15,3.795141371860127e-15,5.2935086929521815e-15,0.9729344759296517,0.8718022076575686,0.7600390892766761,0.2536177494741865,0.0643219628483502
8.69,2.342326628947424e-16,1.8793135084201547e-16,2.7564885841876194e-15,3.774433109102126e-15,5.350998513112646e-15,0.9729037207672855,0.8716644248775113,0.7597988695971083,0.2532172077388915,0.0641189542950799
8.700000000000001,2.2795115314249405e-16,1.8696721474371977e-16,2.761692535472991e-15,3.721252993344469e-15,5.2587058031601174e-15,0.9728729665771123,0.8715266638731438,0.7595587258419176,0.2528172985842499,0.06391658646343677
8.71,2.2197135669094784e-16,1.860589750954291e-16,2.7525850388595684e-15,3.703905758457354e-15,5.210079335681432e-15,0.9728422133591013,0.8713889246410247,0.7593186579871073,0.2524180210112193,0.06371485733121933
8.72,2.1628138693971966e-16,1.8520330209367296e-16,2.7460796485254374e-15,3.687317466787288e-15,5.0929855011029135e-15,0.9728114611132217,0.871251207177713,0.759078666008688,0.2520193740223347,0.06351376488260842
8.73,2.1086966509552174e-16,1.8439708323421156e-16,2.7686308821036475e-15,3.707537834721293e-15,5.122258959697305e-15,0.9727807098394429,0.8711135114797682,0.7588387498826782,0.2516213566217066,0.06331330710814703
8.74,2.0572485371162954e-16,1.8363740226374566e-16,2.766028648499192e-15,3.6659044723320786e-15,5.0213468425084885e-15,0.972749959537734,0.8709758375437504,0.7585989095851036,0.25122396781501816,0.06311348200472028
8.75,2.008358029567407e-16,1.8292152251851308e-16,2.7495487054390493e-15,3.649641440168165e-15,5.058372346624364e-15,0.9727192102080644,0.8708381853662205,0.7583591450919979,0.25082720660952307,0.06291428757553538
8.76,1.961915222705869e-16,1.8398129245889926e-16,2.744344407195614e-15,3.656634545521301e-15,5.201026247360907e-15,0.9726884618504034,0.8707005549437394,0.7581194563794019,0.25043107201404274,0.06271572183010166
8.77,1.917811886782024e-16,1.8605222326722078e-16,2.7339359540672843e-15,3.693388998694268e-15,5.190834746908117e-15,0.9726577144647202,0.8705629462728691,0.7578798434233646,0.250035563038964,0.06251778278421076
8.78,1.875942049077996e-16,1.8547866913235842e-16,2.7413084461502987e-15,3.759254279622741e-15,5.24767404574636e-15,0.9726269680509841,0.8704253593501717,0.7576403061999419,0.2496406786962367,0.062320468459916706
8.790000000000001,1.836203674603971e-16,1.8493881676258916e-16,2.7426093860889964e-15,3.760772162715222e-15,5.344710140125983e-15,0.9725962226091643,0.8702877941722102,0.7574008446851976,0.24924641799937092,0.062123776885516103
8.8,1.7985097951461144e-16,1.8443064619794125e-16,2.74781346077884e-15,3.747436475688571e-15,5.391656094145695e-15,0.9725654781392303,0.870150250735548,0.7571614588552034,0.24885277996343486,0.061927706095528716
8.81,1.7632925433089916e-16,1.8742110565337532e-16,2.7530175438767042e-15,3.781914104502576e-15,5.465761312602753e-15,0.9725347346411511,0.8700127290367489,0.7569221486860378,0.24845976360505218,0.06173225413067742
8.82,1.7306999271064994e-16,1.8697077073077532e-16,2.746945940491897e-15,3.7907503527551e-15,5.42952185496959e-15,0.9725039921148962,0.8698752290723774,0.7566829141537874,0.24806736794239967,0.06153741903786892
8.83,1.6999969187762817e-16,1.8654674554343145e-16,2.7417416999868985e-15,3.812434395888031e-15,5.367451280527367e-15,0.9724732505604348,0.8697377508389985,0.7564437552345463,0.24767559199520464,0.0613431988701741
8.84,1.6710765789506945e-16,1.8441463001195046e-16,2.7508489503080394e-15,3.797092934357767e-15,5.311018557422691e-15,0.9724425099777361,0.8696002943331778,0.756204671904416,0.24728443478474263,0.06114959168680862
8.85,1.6438403346402736e-16,1.8403843323311974e-16,2.746090894604878e-15,3.7833777769273126e-15,5.3610544876291935e-15,0.9724117703667694,0.8694628595514814,0.7559656641395056,0.2468938953338348,0.060956595553113564
8.86,1.6181847392316967e-16,1.8368408421933106e-16,2.7612574512569496e-15,3.775517312236892e-15,5.358343982180202e-15,0.9723810317275041,0.8693254464904758,0.7557267319159319,0.24650397266684562,0.06076420854053598
8.870000000000001,1.5940058602364216e-16,1.8335026129939545e-16,2.7651605073020413e-15,3.765217390750431e-15,5.421254813205334e-15,0.9723502940599094,0.8691880551467285,0.755487875209819,0.24611466580968036,0.06057242872660968
8.88,1.571203953185731e-16,1.8477038688516597e-16,2.7582215313597593e-15,3.775625730804884e-15,5.374986485460234e-15,0.9723195573639546,0.869050685516807,0.7552490939972988,0.24572597378978292,0.06038125419493609
8.89,1.5496862247955153e-16,1.8447395826466585e-16,2.732634394259316e-15,3.750363820841221e-15,5.361217117837639e-15,0.972288821639609,0.8689133375972795,0.7550103882545106,0.24533789563613287,0.06019068303516504
8.9,1.5293677315464595e-16,1.8419453066943191e-16,2.764293021299463e-15,3.7517732822879365e-15,5.475790182335782e-15,0.9722580868868419,0.8687760113847149,0.7547717579576012,0.2449504303792435,0.060000713342975624
8.91,1.510171123486741e-16,1.839310633515208e-16,2.792482208136453e-15,3.775842570759569e-15,5.405669406836808e-15,0.9722273531056225,0.8686387068756827,0.7545332030827251,0.24456357705115908,0.05981134322005724
8.92,1.4920258749533738e-16,1.836825770891558e-16,2.81503344680805e-15,3.7580074448430066e-15,5.524823225550432e-15,0.9721966202959201,0.8685014240667526,0.7542947236060441,0.2441773346854527,0.05962257077409062
8.93,1.4748673918280353e-16,1.8686784349393926e-16,2.8033240087603954e-15,3.770042088696787e-15,5.5778678167537794e-15,0.9721658884577041,0.868364162954495,0.7540563195037279,0.24379170231722375,0.059434394118728855
8.94,1.4586361832942902e-16,1.8665041336702707e-16,2.78771145378835e-15,3.7730778542966506e-15,5.553256427412617e-15,0.9721351575909438,0.868226923535481,0.7538179907519532,0.24340667898309543,0.0592468113735787
8.950000000000001,1.4432771697340856e-16,1.8644508418070252e-16,2.772099076608115e-15,3.7272703133294485e-15,5.5800091159887794e-15,0.9721044276956083,0.8680897058062822,0.7535797373269048,0.2430222637212124,0.05905982066418154
8.96,1.4287391392046007e-16,1.8625111693562048e-16,2.772966484697421e-15,3.705098379467165e-15,5.552172225172902e-15,0.9720736987716672,0.8679525097634705,0.7533415592047746,0.24263845557123856,0.05887342012199494
8.97,1.414974334678038e-16,1.8606782015895166e-16,2.7725327643126896e-15,3.7550800986917044e-15,5.510430441500081e-15,0.9720429708190894,0.8678153354036187,0.7531034563617623,0.2422552535743542,0.058687607884373695
8.98,1.401938139512992e-16,1.8589454747970184e-16,2.7781705769582804e-15,3.819481708535114e-15,5.540002055730923e-15,0.9720122438378446,0.8676781827232996,0.752865428774075,0.2418726567732542,0.05850238209455146
8.99,1.3895888260249955e-16,1.8573069517145062e-16,2.7742674149766313e-15,3.827613224474944e-15,5.4710739026152136e-15,0.9719815178279018,0.8675410517190872,0.7526274764179273,0.24149066421214507,0.05831774090162204
9.0,1.3778873391480423e-16,1.8731041108693945e-16,2.7773031450972226e-15,3.823167997365377e-15,5.347393539806724e-15,0.9719507927892304,0.8674039423875556,0.7523895992695413,0.24110927493674292,0.05813368246052093
9.01,1.3667970987608e-16,1.8716374768794057e-16,2.780338881108485e-15,3.794436639864306e-15,5.3276881653104885e-15,0.9719200687217996,0.8672668547252796,0.7521517973051467,0.240728487994271,0.05795020493200692
9.02,1.3562838144753264e-16,1.8871980766516953e-16,2.7716652313539815e-15,3.816500152495825e-15,5.320342695585977e-15,0.9718893456255788,0.8671297887288345,0.7519140705009808,0.2403483024334572,0.05776730648264364
9.03,1.34631531257043e-16,1.9032604182557515e-16,2.7638589501657414e-15,3.826800073518029e-15,5.236588077792673e-15,0.9718586235005374,0.8669927443947962,0.7516764188332881,0.23996871730453184,0.05758498528478137
9.040000000000001,1.3368613765817636e-16,1.9020430753873381e-16,2.766894690430554e-15,3.883178584662383e-15,5.282558249838164e-15,0.9718279023466445,0.8668557217197411,0.7514388422783208,0.2395897316592252,0.05740323951653859
9.05,1.3278936026078122e-16,1.900889344187591e-16,2.7929154886183524e-15,3.900525818152207e-15,5.405994667083958e-15,0.9717971821638696,0.866718720700246,0.7512013408123388,0.23921134455076526,0.05722206736178396
9.06,1.319385269260786e-16,1.9503182602978894e-16,2.7868439473256624e-15,3.8918522029541586e-15,5.349372208621767e-15,0.9717664629521818,0.8665817413328886,0.7509639144116091,0.2388335550338751,0.057041467010118085
9.07,1.3113112212408379e-16,1.9493138617206048e-16,2.7898796937220804e-15,3.8663192415213666e-15,5.3438156724554496e-15,0.9717357447115506,0.8664447836142467,0.7507265630524066,0.23845636216477073,0.05686143665685537
9.08,1.3036477649877857e-16,1.9483612117002675e-16,2.799420650352122e-15,3.853905125665569e-15,5.272963060451701e-15,0.9717050274419451,0.866307847540899,0.7504892867110132,0.23807976500115882,0.05668197450300607
9.09,1.296372574713242e-16,1.9772039862891174e-16,2.8163341817764203e-15,3.8452857181495806e-15,5.277354079225595e-15,0.9716743111433347,0.8661709331094245,0.7502520853637189,0.23770376260223405,0.05650307875525831
9.1,1.2894646072004455e-16,1.9765523895758097e-16,2.8310793087394914e-15,3.836666310668566e-15,5.226206841713729e-15,0.9716435958156887,0.8660340403164029,0.7500149589868208,0.237328354028677,0.05632474762596009
9.11,1.2829040239585405e-16,2.0106122504170223e-16,2.8189362294320666e-15,3.798122925783056e-15,5.176685907466331e-15,0.9716128814589765,0.8658971691584143,0.7497779075566237,0.23695353834265168,0.05614697933310156
9.120000000000001,1.2766721195526287e-16,1.9927460866200776e-16,2.816334123560265e-15,3.796713462199945e-15,5.202462814071142e-15,0.9715821680731672,0.8657603196320396,0.7495409310494394,0.23657931460780324,0.05596977210029702
9.13,1.2707512551571286e-16,1.9921912611900932e-16,2.8232730012076534e-15,3.841328378760526e-15,5.260223684763684e-15,0.9715514556582303,0.8656234917338599,0.7493040294415879,0.23620568188925584,0.0557931241567674
9.14,1.2651247965788922e-16,1.9916664590814294e-16,2.795517441911027e-15,3.870601837716124e-15,5.458713997431837e-15,0.9715207442141351,0.865486685460457,0.7490672027093963,0.23583263925360978,0.05561703373732231
9.15,1.259777056162573e-16,1.9911700178362165e-16,2.7985531908506866e-15,3.805766548094205e-15,5.5208658869541616e-15,0.9714900337408509,0.8653499008084135,0.7488304508291992,0.2354601857689397,0.05544149908234266
9.16,1.2546932381257912e-16,2.0234952592191488e-16,2.7881448376312415e-15,3.776384668872505e-15,5.418273256362205e-15,0.9714593242383468,0.8652131377743119,0.7485937737773386,0.23508832050479192,0.05526651843776284
9.17,1.2498593869800142e-16,2.023113413553169e-16,2.777736482496322e-15,3.843388362726992e-15,5.4870116740838056e-15,0.9714286157065924,0.8650763963547358,0.7483571715301642,0.23471704253218234,0.05509209005505337
9.18,1.2452623387791992e-16,2.022751574886993e-16,2.786843676999051e-15,3.9220472286228236e-15,5.5271000493559166e-15,0.9713979081455569,0.8649396765462692,0.7481206440640331,0.23434635092359388,0.05491821219120331
9.19,1.2408896750066703e-16,2.022408659809055e-16,2.7859763029375423e-15,3.991598796425201e-15,5.448658022224383e-15,0.9713672015552096,0.8648029783454966,0.7478841913553098,0.23397624475297452,0.054744883108702916
9.200000000000001,1.236729678963746e-16,2.0220836530585196e-16,2.769062741824754e-15,3.999079790143892e-15,5.5269374189985295e-15,0.9713364959355197,0.8646663017490029,0.7476478133803662,0.23360672309573452,0.05457210107552626
9.21,1.2327712945632927e-16,2.0217756023765372e-16,2.7642922406112096e-15,4.000380834673436e-15,5.586324592975278e-15,0.9713057912864568,0.8645296467533738,0.7474115101155819,0.23323778502874457,0.05439986436511394
9.22,1.2290040874578587e-16,2.0214836137898405e-16,2.7868436226235915e-15,3.9378765796992095e-15,5.483867487649823e-15,0.9712750876079901,0.8643930133551955,0.7471752815373438,0.23286942963033308,0.05422817125635574
9.23,1.2254182084456901e-16,2.0212068472891366e-16,2.802898412269453e-15,3.929582433983775e-15,5.5709018169992665e-15,0.9712443849000887,0.8642564015510545,0.7469391276220463,0.2325016559802842,0.05405702003357351
9.24,1.2220043590985675e-16,2.0209445128673852e-16,2.8020310232895868e-15,3.9441107421023245e-15,5.498612637114349e-15,0.9712136831627222,0.8641198113375381,0.7467030483460912,0.23213446315983535,0.053886408986504056
9.25,1.218753759544649e-16,2.0206958668873335e-16,2.7950921079497945e-15,3.9189572529258936e-15,5.5561024572631844e-15,0.9711829823958599,0.8639832427112341,0.7464670436858879,0.23176785025167498,0.05371633641028194
9.26,1.215658118319547e-16,2.0204602087493912e-16,2.819811889146172e-15,3.869246582166496e-15,5.550166450350714e-15,0.9711522825994708,0.8638466956687305,0.7462311136178531,0.23140181633994023,0.05354680060542253
9.27,1.2127096041742375e-16,2.0202368778346982e-16,2.818510907504452e-15,3.932292935417903e-15,5.502542869919754e-15,0.9711215837735248,0.8637101702066164,0.7459952581184112,0.23103636051021467,0.05337779987780498
9.28,1.2099008197043576e-16,2.020025250699423e-16,2.8284855336519223e-15,3.878950188289943e-15,5.6166551485037124e-15,0.9710908859179906,0.863573666321481,0.7457594771639937,0.23067148184952602,0.05320933253865529
9.290000000000001,1.2072247766468824e-16,2.0198247384990697e-16,2.8219802873971346e-15,3.905784191235755e-15,5.507719935207506e-15,0.971060189032838,0.8634371840099143,0.7455237707310397,0.23030717944634382,0.05304139690452951
9.3,1.2046748726817752e-16,2.0196347846232015e-16,2.8336896480950356e-15,3.866861335480987e-15,5.639558919310697e-15,0.971029493118036,0.8633007232685068,0.7452881387959959,0.22994345239057742,0.052873991297296856
9.31,1.202244869579233e-16,2.019454862522225e-16,2.829352820312534e-15,3.874450750397301e-15,5.579168858304986e-15,0.9709987981735541,0.8631642840938493,0.7450525813353164,0.2295802997735733,0.052707114044122864
9.32,1.1999288725471847e-16,2.019284473709913e-16,2.8315212046698066e-15,3.888708006777098e-15,5.528888982529648e-15,0.9709681041993616,0.8630278664825333,0.7448170983254625,0.22921772068811297,0.05254076347745286
9.33,1.197721310655994e-16,2.0191231459259085e-16,2.8349906185113605e-15,3.873258124663033e-15,5.41941166817084e-15,0.9709374111954279,0.862891470431151,0.7445816897429031,0.22885571422841078,0.052374937934995106
9.34,1.1956169182434217e-16,2.0189704314442272e-16,2.836725330044583e-15,3.832600544297102e-15,5.47077574604706e-15,0.9709067191617221,0.8627550959362948,0.7443463555641147,0.22849427949011153,0.052209635759704325
9.35,1.1936107172291626e-16,2.0188259055145271e-16,2.8280432874641355e-15,3.9001463384482695e-15,5.539947844613454e-15,0.9708760280982138,0.8626187429945581,0.7441110957655808,0.2281334155702885,0.05204485529976507
9.36,1.19169800029076e-16,2.0186891649241263e-16,2.8367168898310416e-15,3.9567416909720685e-15,5.493787937085614e-15,0.9708453380048722,0.8624824116025344,0.7438759103237929,0.22777312156744067,0.05188059490857522
9.370000000000001,1.189874314869811e-16,2.018559826669581e-16,2.8458241772186194e-15,3.93310608336247e-15,5.450934846181718e-15,0.9708146488816666,0.8623461017568178,0.7436407992152495,0.22741339658149096,0.051716852944729594
9.38,1.18813544798824e-16,2.0184375267281717e-16,2.8436557643792447e-15,3.973058933978749e-15,5.457927950154448e-15,0.9707839607285664,0.8622098134540033,0.7434057624164566,0.22705423971378377,0.05155362777200351
9.39,1.1864774118595325e-16,1.9836292454766772e-16,2.8172012289651635e-15,3.992466153030461e-15,5.469610228530931e-15,0.9707532735455409,0.862073546690686,0.7431707999039279,0.22669565006708275,0.05139091775933637
9.4,1.1848964302804103e-16,1.983519861224051e-16,2.814599135366312e-15,4.033557414947178e-15,5.594510318763448e-15,0.9707225873325595,0.8619373014634618,0.7429359116541842,0.22633762674556857,0.05122872128081543
9.41,1.1833889257859933e-16,1.9834165373374696e-16,2.834114750922149e-15,4.114709946815148e-15,5.482566444414943e-15,0.9706919020895914,0.861801077768927,0.7427010976437537,0.22598016885483663,0.05106703671565958
9.42,1.1819515075475328e-16,1.9833189742193683e-16,2.828910572358629e-15,4.106578430606762e-15,5.4310668412355304e-15,0.9706612178166061,0.8616648756036784,0.7424663578491724,0.22562327550189487,0.050905862448203075
9.43,1.1805809599873443e-16,1.983226886394688e-16,2.8128644225245558e-15,4.1258772308271605e-15,5.340563064919e-15,0.9706305345135727,0.8615286949643137,0.7422316922469833,0.22526694579516165,0.05074519686787942
9.44,1.179274232081973e-16,1.9831400017163326e-16,2.8093949685010266e-15,4.103054775068194e-15,5.281392731346277e-15,0.9705998521804609,0.8613925358474307,0.7419971008137369,0.22491117884446332,0.05058503836920529
9.450000000000001,1.178028427321828e-16,1.9830580606262429e-16,2.815900172421492e-15,4.109831038424217e-15,5.25249874340571e-15,0.9705691708172397,0.861256398249628,0.7417625835259914,0.22455597376103203,0.05042538535176443
9.46,1.1768407942942867e-16,1.9829808154678785e-16,2.8106959935091993e-15,4.1323282341700136e-15,5.361325536437695e-15,0.9705384904238786,0.8611202821675044,0.7415281403603122,0.22420132965750386,0.05026623622019184
9.47,1.1757087178571608e-16,1.9829080298475282e-16,2.8141654318696932e-15,4.160300648851603e-15,5.30079995017273e-15,0.970507811000347,0.8609841875976598,0.7412937712932721,0.223847245647916,0.050107589384157575
9.48,1.1746297108704485e-16,1.9828394780411497e-16,2.8072265305246307e-15,4.171793191544626e-15,5.189615017401919e-15,0.9704771325466142,0.8608481145366941,0.7410594763014512,0.22349372084770497,0.04994944325835102
9.49,1.2075280172373457e-16,1.982774944444425e-16,2.795083457579379e-15,4.21532390776938e-15,5.229161291627178e-15,0.9704464550626494,0.8607120629812081,0.7408252553614372,0.2231407543737043,0.049791796262464966
9.5,1.2065612246844333e-16,2.0000613370336296e-16,2.7968181716621823e-15,4.2505604779570215e-15,5.214145091551816e-15,0.9704157785484221,0.8605760329278029,0.740591108449825,0.22278834534414232,0.04963464682117997
9.51,1.205640191899188e-16,2.0000042378135113e-16,2.800287608613124e-15,4.30103008779473e-15,5.347745904219381e-15,0.9703851030039016,0.8604400243730803,0.7403570355432172,0.22243649287863998,0.0494779933641484
9.52,1.204762894810136e-16,1.9652573922505217e-16,2.780771965620627e-15,4.3207625661731355e-15,5.2892531970196684e-15,0.9703544284290572,0.8603040373136426,0.7401230366182235,0.22208519609820854,0.04932183432597889
9.53,1.203927402325356e-16,1.9652068728107632e-16,2.7929150184531697e-15,4.327593039812493e-15,5.229920233128306e-15,0.9703237548238582,0.8601680717460926,0.7398891116514612,0.2217344541252475,0.04916616814622064
9.540000000000001,1.2031318708193098e-16,1.965159435879194e-16,2.8106959201920147e-15,4.319298894557137e-15,5.250520074407521e-15,0.9702930821882743,0.8600321276670334,0.7396552606195547,0.2213842660835423,0.04901099326934781
9.55,1.2023745390063656e-16,1.8964870342398528e-16,2.7946498230527972e-15,4.291272268137205e-15,5.1879616090526874e-15,0.9702624105222744,0.8598962050730692,0.7394214834991362,0.22103463109826244,0.04885630814474412
9.56,1.2016537231858968e-16,1.896444676883827e-16,2.7963845386783668e-15,4.278207631567788e-15,5.23981357788339e-15,0.9702317398258281,0.8597603039608043,0.7391877802668448,0.2206855482959588,0.04870211122668712
9.57,1.20096781284208e-16,2.0351761318628085e-16,2.7890119566434942e-15,4.3097037031481505e-15,5.189452386942948e-15,0.9702010700989047,0.8596244243268435,0.7389541508993276,0.22033701680456177,0.04854840097433287
9.58,1.2003152665799666e-16,2.0694324041347437e-16,2.795517160975606e-15,4.312685258728984e-15,5.122367377507699e-15,0.9701704013414735,0.8594885661677926,0.7387205953732385,0.21998903575337903,0.04839517585170062
9.59,1.1996946083782205e-16,2.0693992126603673e-16,2.8024560437246384e-15,4.337947168292578e-15,5.216476126044673e-15,0.9701397335535039,0.8593527294802574,0.738487113665239,0.21964160427309334,0.048242434327657284
9.6,1.199104424137893e-16,2.069368141989034e-16,2.8041907595348207e-15,4.260697765465654e-15,5.3255739695830945e-15,0.9701090667349653,0.8592169142608446,0.7382537057519981,0.2192947214957604,0.04809017487590228
9.61,1.198543358506248e-16,2.0693390705028196e-16,2.8015886654915247e-15,4.288073871148391e-15,5.337852559169145e-15,0.970078400885827,0.8590811205061611,0.7380203716101921,0.2189483865548067,0.047938395974952225
9.620000000000001,1.1980101119546618e-16,2.0693118822788169e-16,2.8072265084633734e-15,4.222588061313437e-15,5.4354307546772675e-15,0.9700477360060584,0.8589453482128148,0.7377871112165043,0.2186025985850272,0.0477870961081257
9.63,1.197503438090001e-16,2.0692864668935245e-16,2.7972518414511056e-15,4.230069057665492e-15,5.475844390659208e-15,0.9700170720956288,0.8588095973774137,0.7375539245476261,0.2182573567225835,0.04763627376352823
9.64,1.19702214117969e-16,2.0692627192340443e-16,2.811563300661202e-15,4.189357266248415e-15,5.459310307568113e-15,0.9699864091545075,0.8586738679965665,0.7373208115802558,0.2179126601050013,0.04748592743403698
9.65,1.162169427534164e-16,2.069240539314686e-16,2.8414872660434895e-15,4.17304002326308e-15,5.6012594769510896e-15,0.9699557471826641,0.8585381600668825,0.7370877722910989,0.21756850787116835,0.04733605561728582
9.66,1.1617143407151206e-16,2.1039126826757006e-16,2.8484261514499992e-15,4.218522305338093e-15,5.648205430936979e-15,0.9699250861800677,0.8584024735849716,0.7368548066568688,0.2172248991613326,0.047186656815650284
9.67,1.1612824307512732e-16,2.0865462340222678e-16,2.8792174769008183e-15,4.211366570369501e-15,5.636062366583297e-15,0.9698944261466877,0.8582668085474439,0.7366219146542856,0.2168818331170997,0.04703772953623264
9.68,1.1608726361536607e-16,2.0865283030633526e-16,2.9026361320677118e-15,4.261673550899073e-15,5.7023884344697484e-15,0.9698637670824937,0.8581311649509104,0.7363890962600774,0.21653930888143086,0.04688927229084689
9.69,1.1604839383879507e-16,2.0865115798792944e-16,2.9204170354323e-15,4.2200401863801214e-15,5.750310170461333e-15,0.9698331089874548,0.8579955427919823,0.7361563514509794,0.21619732559864102,0.04674128359600398
9.700000000000001,1.1601153604877354e-16,2.086495988142202e-16,2.9212843890256613e-15,4.233863763228758e-15,5.792566950162687e-15,0.9698024518615405,0.8578599420672717,0.7359236802037338,0.2158558824143963,0.04659376197289686
9.71,1.1597659659170418e-16,2.0864814555864959e-16,2.925621194919078e-15,4.192664080591155e-15,5.6818699083496195e-15,0.96977179570472,0.857724362773391,0.7356910824950909,0.21551497847571238,0.046446705947385945
9.72,1.1594348577708073e-16,2.0864679138544208e-16,2.9303916769303e-15,4.16127642770728e-15,5.726322197576476e-15,0.9697411405169629,0.8575888049069532,0.7354585583018075,0.2151746129309518,0.04630011404998411
9.73,1.159121178514261e-16,2.0864552983439849e-16,2.926922222807011e-15,4.107771049633314e-15,5.781589403299811e-15,0.9697104862982384,0.8574532684645719,0.7352261076006485,0.21483478492982222,0.046153984815842146
9.74,1.1588241107169602e-16,2.086443548059418e-16,2.9225854074657142e-15,4.169245311856073e-15,5.774406563878233e-15,0.969679833048516,0.8573177534428611,0.7349937303683857,0.2144954936233741,0.04600831678473411
9.75,1.1585428798647047e-16,2.0864326054638131e-16,2.9303916005772837e-15,4.235598483760332e-15,5.880251800926937e-15,0.969649180767765,0.8571822598384354,0.7347614265817982,0.21415673816399877,0.04586310850104269
9.76,1.1582767620059438e-16,2.086422416334212e-16,2.942100968992564e-15,4.276310274081679e-15,5.955578964890236e-15,0.9696185294559546,0.8570467876479099,0.7345291962176729,0.21381851770542604,0.045718358513744776
9.77,1.158025103766735e-16,2.1211071232886775e-16,2.937764152001069e-15,4.301301133606537e-15,6.059768575572507e-15,0.9695878791130544,0.8569113368679003,0.7342970392528035,0.21348083140272245,0.045574065376396806
9.78,1.157787375752851e-16,2.1210983049276797e-16,2.945136721283245e-15,4.314094719688205e-15,5.9992700941635275e-15,0.9695572297390338,0.8567759074950229,0.7340649556639913,0.21314367841228882,0.04543022764712039
9.790000000000001,1.1575633016955774e-16,2.121090094709324e-16,2.9485980264217567e-15,4.302331126590069e-15,6.0058566223520384e-15,0.9695265813338619,0.8566404995258942,0.733832945428045,0.21280705789185825,0.04528684388858788
9.8,1.1573529554379485e-16,2.1557767958614214e-16,2.939057046736952e-15,4.297343797195028e-15,6.056841229489514e-15,0.9694959338975084,0.8565051129571316,0.7336010085217803,0.21247096900049411,0.04514391266800812
9.81,1.157156059276369e-16,2.1557696778519816e-16,2.9334191982235018e-15,4.287369136148369e-15,6.074378199524815e-15,0.9694652874299425,0.856369747785353,0.7333691449220208,0.21213541089858792,0.04500143255711194
9.82,1.156971294086284e-16,2.1557630488865e-16,2.948164347343451e-15,4.3329056274479526e-15,6.097363285554613e-15,0.9694346419311336,0.8562344040071768,0.7331373546055968,0.21180038274785712,0.04485940213213798
9.83,1.1567973327378635e-16,2.1557568741698502e-16,2.9368886444236816e-15,4.3526381087803335e-15,6.174422954924148e-15,0.9694039974010511,0.8560990816192215,0.7329056375493462,0.2114658837113431,0.04471781997381846
9.84,1.1566332862496264e-16,2.1557511211525113e-16,2.9429601690589532e-15,4.374864254725286e-15,6.234704595686593e-15,0.9693733538396643,0.855963780618107,0.7326739937301144,0.21113191295340897,0.04457668466736505
9.85,1.1564785074898616e-16,2.1557457594119304e-16,2.9273476590529726e-15,4.4071192660343306e-15,6.32854229370818e-15,0.9693427112469426,0.8558285010004528,0.7324424231247539,0.21079846963973772,0.044435994802454616
9.86,1.156332457993709e-16,2.1557407605378323e-16,2.9186740417392523e-15,4.425984383663926e-15,6.330548067728619e-15,0.9693120696228555,0.8556932427628797,0.7322109257101245,0.2104655529373299,0.04429574897321521
9.870000000000001,1.1561946561778517e-16,2.1557360980206377e-16,2.916505634945104e-15,4.460949902873666e-15,6.351147908989156e-15,0.9692814289673722,0.8555580059020086,0.7319795014630933,0.21013316201450158,0.04415594577821197
9.88,1.156064657035335e-16,2.1383845185765687e-16,2.9108677831667846e-15,4.409070828291285e-15,6.220176286570532e-15,0.9692507892804623,0.855422790414461,0.7317481503605349,0.20980129604088255,0.04401658382043324
9.89,1.1559420432148713e-16,2.1383804563039164e-16,2.9073983341252094e-15,4.420942840036208e-15,6.277367951154555e-15,0.969220150562095,0.8552875962968591,0.731516872379331,0.20946995418741376,0.04387766170727642
9.9,1.155826420537478e-16,2.1210294341626623e-16,2.938623348895865e-15,4.405655589096254e-15,6.178163452348176e-15,0.9691895128122398,0.8551524235458254,0.7312856674963709,0.2091391356263456,0.043739178050534185
9.91,1.1557174154145968e-16,2.1210258862927814e-16,2.9459959156511977e-15,4.407281893322154e-15,6.255385752044192e-15,0.9691588760308659,0.8550172721579832,0.7310545356885507,0.20880883953123566,0.043601131466380554
9.92,1.1556146731599926e-16,2.1210225671215142e-16,2.945995914905067e-15,4.446746851755793e-15,6.25584653795496e-15,0.969128240217943,0.854882142129956,0.7308234769327744,0.20847906507694697,0.043463520575357094
9.93,1.1555178567582428e-16,2.121019459425776e-16,2.937322350966016e-15,4.507191123212888e-15,6.326157048822226e-15,0.9690976053734401,0.8547470334583681,0.7305924912059528,0.20814981143964542,0.04332634400235916
9.94,1.1554266458867147e-16,2.1210165472147317e-16,2.9429601996259324e-15,4.452493124712819e-15,6.321196823855499e-15,0.9690669714973269,0.8546119461398443,0.7303615784850044,0.20782107779679818,0.04318960037662206
9.950000000000001,1.1553407360884698e-16,2.121013815650372e-16,2.9412254754460037e-15,4.431188553809984e-15,6.337134595779976e-15,0.9690363385895726,0.8544768801710098,0.7301307387468544,0.20749286332717135,0.04305328833170742
9.96,1.1552598380417957e-16,2.12101125097217e-16,2.9616084710246793e-15,4.471846135157214e-15,6.214457119974254e-15,0.9690057066501467,0.8543418355484904,0.7298999719684361,0.2071651672108281,0.04291740650548958
9.97,1.1551836768952857e-16,2.121008840425777e-16,2.9637768752796393e-15,4.445337391385284e-15,6.189683100332873e-15,0.9689750756790186,0.8542068122689126,0.7296692781266896,0.2068379886291265,0.04278195354014189
9.98,1.1551119916499703e-16,2.1210065721953723e-16,2.9572716620900425e-15,4.454227847593987e-15,6.2031001021901005e-15,0.9689444456761577,0.8540718103289031,0.7294386571985623,0.20651132676471753,0.04264692808212317
9.99,1.1550445345762681e-16,2.121004435339888e-16,2.9468633229784194e-15,4.4652867084806e-15,6.0908309672181414e-15,0.9689138166415333,0.8539368297250894,0.729208109161009,0.206185180801543,0.0425123287821642
10.0,1.1896736989151407e-16,2.1210024197328964e-16,2.9321181761238838e-15,4.529850947216385e-15,6.033585092480949e-15,0.9688831885751148,0.8538018704540996,0.7289776339909916,0.20585954992483352,0.042378154295254246
