t,alg,randcom,rand,rcps,rcms,rps,rms
0.0,1.9337051389233513,1.9315289609185593,1.8513610562717988,1.932621965724219,1.9304359561128996,1.8678953043561668,1.8348268081874308
0.03,1.8031672576679816,1.8010063804525165,1.7213302579546474,1.802099233929784,1.7999135269752489,1.7378138493838222,1.7048466665254727
0.06,1.6821270342598877,1.6799475789743767,1.6103580784717684,1.6810395764115043,1.6788555815372492,1.6244330978983643,1.5962830590451724
0.09000000000000001,1.6020010256375055,1.5996565591439134,1.5343571751042724,1.6006010231187604,1.5987120951690663,1.5482320220689656,1.5204823281395792
0.12,1.5261505038654444,1.5238968565491084,1.4609748162070262,1.5248414045528291,1.5229523085453878,1.4746098648521355,1.4473397675619168
0.15,1.4509045062991561,1.448725394583927,1.392422402122719,1.4496709862156554,1.4477798029521984,1.4035987750161596,1.3812460292292783
0.18000000000000002,1.3782027081913142,1.3759052707320334,1.332511735752213,1.3767064830939766,1.3751040583700902,1.3423659163364354,1.3226575551679904
0.21000000000000002,1.3152862484494512,1.3141126773372946,1.273794728533296,1.3148457697943357,1.3133795848802536,1.2834804618753755,1.2641089951912166
0.24,1.257829367228318,1.2563445483511952,1.2177591731894775,1.2570780760572797,1.2556110206451108,1.2273167829133194,1.2082015634656356
0.27,1.2006936544883864,1.1991025905769186,1.1620726836825417,1.1998370068962265,1.1983681742576107,1.171522153573635,1.1526232137914483
0.3,1.1425485949527765,1.1409622108052284,1.1051121273187983,1.141696893902628,1.1402275277078289,1.1144896990597881,1.0957345555778084
0.33,1.0845000355730003,1.0828174652904186,1.0476119528831835,1.0835513219836592,1.082083608597178,1.0569684793577525,1.0382554264086146
0.36000000000000004,1.027053881128574,1.0251705745007424,0.990182181148104,1.025903375647108,1.0244377733543768,0.9994919876155987,0.9808723746806093
0.39,0.9709443542577638,0.9687401151712025,0.9371793671981021,0.9694722893771618,0.9680079409652432,0.9455891860936121,0.9287695483025922
0.42000000000000004,0.9209903821713966,0.920098923191432,0.8883919559184033,0.9207607180992189,0.9194371282836452,0.8968975832583216,0.8798863285784849
0.44999999999999996,0.8745409108683423,0.873412781993322,0.8414604935224649,0.8740732212741316,0.8727523427125123,0.8495632071182586,0.8333577799266711
0.48,0.8294369956269547,0.8280654883334273,0.798278135428829,0.8287245658298211,0.8274064108370335,0.8061440007813379,0.7904122700763201
0.51,0.7882230508465085,0.7872035103067591,0.7578551241758776,0.7877908620575679,0.7866161585559502,0.7654398113447384,0.7502704370070169
0.54,0.7507950820225358,0.7500104535082927,0.7214001475601225,0.7505981687413994,0.7494227382751859,0.728696466078518,0.714103829041727
0.5700000000000001,0.7153960481602907,0.7145852996414808,0.687202755128588,0.7151728908984256,0.7139977083845359,0.6942533991108081,0.6801521111463679
0.6,0.6809736738612471,0.6795425551311549,0.654594365820328,0.6801296672258664,0.6789554430364434,0.6611934615626487,0.6479952700780074
0.63,0.6472542772208809,0.6451369328745875,0.6239842760014772,0.6457231188577021,0.644550746891473,0.6304783000151022,0.6174902519878522
0.66,0.6160116246940138,0.6128399640656698,0.5954827340913138,0.6133625287067102,0.6123173994246294,0.6019722258598684,0.5889932423227592
0.6900000000000001,0.5877762236131927,0.583798974281306,0.5693262842033905,0.5842120004269215,0.5833859481356906,0.5757653998833081,0.5628871685234729
0.7200000000000001,0.5613879307793321,0.5576118414286192,0.5451240351607891,0.5580134909901036,0.5572101918671348,0.5516086781573123,0.5386393921642659
0.75,0.5363696651333921,0.532918453273753,0.5224219612858445,0.5333239592283806,0.5325129473191254,0.5290184497451066,0.5158254728265824
0.78,0.5124259382377183,0.5091588021967968,0.5009153626852363,0.5095670945599731,0.5087505098336205,0.5076767423424816,0.49415398302799096
0.81,0.48937076642489125,0.486003553986662,0.48052626835838913,0.48641299941312344,0.4855941085602006,0.4875001647572943,0.47355237195948396
0.8400000000000001,0.467239178036051,0.4638120161655642,0.46127445214911333,0.4642218496530944,0.46340218267803407,0.4685583311128375,0.45399057318538916
0.8700000000000001,0.4464478004823259,0.44297216870355677,0.443019637966654,0.44337833886446354,0.44256599854265,0.450721176232252,0.435318099701056
0.8999999999999999,0.4267362652175255,0.4233537868460066,0.42555729209735027,0.42370628480981143,0.4230012888822018,0.4337797162066921,0.41733486798800845
0.9299999999999999,0.4078509662018641,0.404789278159226,0.40881514970928384,0.40514071070945346,0.40443784560899854,0.4176618749670017,0.399968424451566
0.96,0.38967624291511005,0.38697919259873353,0.3927949937742111,0.3873099441859894,0.38664844101147766,0.40237024090931267,0.38321974663910957
0.99,0.3724062641385218,0.37021323693846336,0.3774289141615325,0.3705096818585117,0.36991679201841504,0.3878359352955921,0.3670218930274729
1.02,0.3560032647048059,0.3541824468516207,0.3626938896876647,0.35447522146545385,0.35388967223778756,0.3740329048312947,0.3513548745440347
1.05,0.34032577086165083,0.3387847185937744,0.34869809968256205,0.33907457846218747,0.33849485872536134,0.3610589118164711,0.336337287548653
1.08,0.32528716566021354,0.3241062291071393,0.33552508220143873,0.3243928877404577,0.32381957047382093,0.34898432710831245,0.322065837294565
1.11,0.3112788457139519,0.31013576449752855,0.3231427495166541,0.31041897845533817,0.30985255053971894,0.33777566290250477,0.30850983613080346
1.1400000000000001,0.2981438451409689,0.29681306781052286,0.3115194699626271,0.2970939146253376,0.29653222099570814,0.32738015285548494,0.2956587870697692
1.1700000000000002,0.2855593851249189,0.28404032129552764,0.30065962120053585,0.2843205576175414,0.2837600849735139,0.3177481078994209,0.28357113450165083
1.2,0.2734341662807762,0.27172263225444293,0.2905318877275201,0.27200355829063455,0.2714417062182513,0.30882341479447206,0.2722403606605681
1.2300000000000002,0.26176141601170827,0.2598646462144897,0.28115365428080086,0.260146423569306,0.25958286885967335,0.3006053290221331,0.2617019795394686
1.26,0.25060105151082945,0.248540479139663,0.27254822731617306,0.24882058793049508,0.24826037034883094,0.29311524638871833,0.2519812082436278
1.2899999999999998,0.239964003503694,0.23778688626424305,0.264621151685187,0.23805393647404463,0.23751983605444146,0.286278360326533,0.24296394304384106
1.32,0.22981915214977855,0.22754831729503175,0.25722204647979796,0.22780131583787516,0.22729531875218834,0.2799261729245447,0.23451792003505123
1.3499999999999999,0.2201310904303365,0.2177390903518648,0.2501425636034803,0.21798542824128006,0.21749275246244956,0.27385577245083786,0.22642935475612275
1.3800000000000001,0.21083269933141208,0.2082804312376644,0.24321922437902324,0.20852523026767117,0.20803563220765764,0.26793043923964205,0.21850800951840446
1.41,0.20186455295884798,0.19915134045203325,0.23643920891043813,0.19939879879725603,0.19890388210681048,0.2621497176431018,0.21072870017777445
1.4400000000000002,0.19323626302117203,0.19039191198929906,0.22989714720935378,0.19064053432997657,0.19014328964862154,0.2566190455464807,0.20317524887222685
1.47,0.18496492042424023,0.18204186554349064,0.22372062025830589,0.18228902681365108,0.1817947042733302,0.25147462247793534,0.19596661803867643
1.5,0.1770486154589033,0.17408633093372455,0.21797710141342966,0.1743294696306505,0.17384319223679862,0.2467960376900776,0.18915816513678171
1.53,0.16950800102599456,0.16647973171293592,0.21264025987887641,0.1667188006651161,0.16624066276075575,0.24257643172949597,0.18270408802825686
1.56,0.1623561725963824,0.15918104448491352,0.20766807396248665,0.15941854174762699,0.15894354722220005,0.2387895210569264,0.1765466268680469
1.59,0.15554845556605312,0.15216600203742994,0.20307771062468952,0.15240443255144168,0.1519275715234182,0.2354573507735495,0.17069807047582952
1.62,0.14902811632143392,0.14544757790481735,0.19894577322025012,0.1456757777120419,0.1452193780975928,0.23265146279352047,0.16524008364697976
1.65,0.14276937715668356,0.1390690097386876,0.19536510595105544,0.1392881884531242,0.138849831024251,0.2304550740019773,0.1602751379001336
1.6800000000000002,0.13674419572222254,0.13306308281324297,0.19241639218772372,0.13328945812888893,0.13283670749759702,0.22893357847133805,0.15589920590410938
1.71,0.13093724031762072,0.12737740757130322,0.19013720356784358,0.1276003116589531,0.12715450348365334,0.2280962423492087,0.15217816478647847
1.7400000000000002,0.1254290468718029,0.121950489681141,0.1885222847354079,0.12216883075239632,0.12173214860988568,0.22790347911671865,0.14914109035409717
1.77,0.12022825316543259,0.1167500504806141,0.18756958338024918,0.1169667320926903,0.11653336886853789,0.22832045574215507,0.1468187110183433
1.7999999999999998,0.11531350304540702,0.11175821687125502,0.18729001999846256,0.11197710141998603,0.11153933232252401,0.22932223781387523,0.1452578021830499
1.83,0.11065582847517538,0.1069772060534753,0.187681655936029,0.10720028171032123,0.10675413039662937,0.2308809118967433,0.1444823999753147
1.8599999999999999,0.10622829464535277,0.10241808482985547,0.1886403874913232,0.10264477808093928,0.10219139157877166,0.2329113665874465,0.1443694083951999
1.8900000000000001,0.1020059831899912,0.09807969701591125,0.18998651847381395,0.09830731091186316,0.09785208311995934,0.23524763865985787,0.14472539828777004
1.92,0.09797284373346063,0.09394194130405811,0.19146031158536952,0.09416713807349426,0.09371674453462196,0.23764842521980867,0.14527219795093038
1.95,0.094097495885752,0.08997768299990846,0.19277711377598977,0.09019899594623966,0.08975637005357727,0.23984956554085457,0.14570466201112497
1.98,0.09045884225605541,0.08616617179405031,0.19370513029513414,0.08638488710688194,0.08594745648121868,0.24163238661215236,0.14577787397811592
2.01,0.08703263599606748,0.0824990777237685,0.19412002817769114,0.08271748859005941,0.08228066685747758,0.24287741854885408,0.1453626378065282
2.04,0.08379049740512198,0.07898019902766923,0.19395232891132003,0.07919979241647782,0.07876060563886064,0.24356946252458203,0.14433519529805802
2.07,0.0807121610307182,0.07561724654049448,0.19323053396158105,0.0758382783029164,0.07539621477807257,0.24376865747272278,0.14269241045043932
2.1,0.07778650038663229,0.07240924806103619,0.1920692037833531,0.07263080157019249,0.07218769455187989,0.24359510096751447,0.14054330659919173
2.13,0.07499299483602115,0.06934279058220022,0.19062338130048642,0.06956339809031227,0.06912218307408817,0.24319925698485353,0.1380475056161193
2.16,0.07231811357977153,0.0664010570743038,0.18905352124208846,0.0666202919880043,0.0661818221606033,0.24273434391128468,0.13537269857289225
2.19,0.06975906267153908,0.06357416316486153,0.1875159515497272,0.06379334539732846,0.0633549809323946,0.2423492504450354,0.13268265265441898
2.22,0.06738473720820434,0.06086220332996207,0.18616023015350933,0.061083326405562174,0.06064108025436196,0.24218438665674777,0.13013607365027088
2.25,0.06512229572012643,0.058271676561872626,0.18511756181816055,0.05849638799984408,0.05804696512390117,0.24235895821817993,0.12787616541814117
2.2800000000000002,0.06302947172381984,0.05580732113979473,0.18449263977018113,0.05603656962287743,0.05557807265671203,0.24296171005737907,0.12602356948298318
2.31,0.061075422843569434,0.05346397834712684,0.18436762688038055,0.053697336144588215,0.05323062054966547,0.2440527084543071,0.12468254530645399
2.3400000000000003,0.05921954070149625,0.05122688045451261,0.1848083304449949,0.05146233926761999,0.05099142164140523,0.2456697444389836,0.1239469164510062
2.37,0.05741479996983023,0.04908083625957398,0.18586598330490853,0.04931633890873054,0.04884533361041742,0.247835163524287,0.12389680308553006
2.4,0.05567656776140539,0.04701840148596794,0.18757579499362895,0.04725357252884344,0.04678323044309244,0.250560335569188,0.12459125441806987
2.4299999999999997,0.054064221888138746,0.04504083100723673,0.18994801695905583,0.045277119613134305,0.04480454240133915,0.2538400347571207,0.12605599916099097
2.4600000000000004,0.052596160280177835,0.04315367887964706,0.19294726333154244,0.04339363956447143,0.04291371819482268,0.2576352628065177,0.12825926385656716
2.49,0.05124829456420962,0.04135965193158306,0.19647118548747913,0.04160602100584216,0.041113282857323956,0.261855101219464,0.13108726975549428
2.52,0.05000010020322267,0.0396523856552522,0.20034413821852148,0.03990643953066054,0.03939833177984386,0.26634965595009724,0.13433862048694573
2.55,0.04880248468973375,0.03801767724895064,0.20432980751910174,0.0382778253547472,0.03775752914315408,0.27091899800293845,0.13774061703526502
2.5799999999999996,0.04761492400531635,0.03644251032133887,0.20816028347547372,0.03670524502534263,0.03617977561733511,0.2753375403139397,0.14098302663700774
2.6100000000000003,0.04643391667566075,0.034922642908803696,0.21157648874329812,0.0351852847131234,0.034660001104483994,0.2793875703605313,0.14376540712606498
2.64,0.04528685051346487,0.03346226110372322,0.21436910977509394,0.03372475295589791,0.03319976925154852,0.2828922281072674,0.1458459914429205
2.67,0.04421137740324671,0.032068244289758,0.21641020609990988,0.03233304928675098,0.031803439292765016,0.285742946556316,0.14707746564350377
2.6999999999999997,0.04330346917729991,0.03074378832332206,0.21766795788829096,0.031014571773435765,0.030473004873208358,0.28791311187705176,0.14742280389953016
2.73,0.04259303853915421,0.029483211334754355,0.21820335285071973,0.02976266178573859,0.02920376088377012,0.2894558779530111,0.1469508277484284
2.7600000000000002,0.041974359450655044,0.028275490433250318,0.21815001216177457,0.02856401219668931,0.027986968669811325,0.29048842466224123,0.14581159966130794
2.79,0.04145250859817269,0.027111550888962544,0.2176833777747867,0.027406730625157524,0.026816371152767565,0.2911673642978376,0.14419939125173575
2.82,0.04095852695372506,0.025990443855579654,0.21699125867026814,0.026291352268027222,0.025689535443132086,0.2916641663769419,0.14231835096359435
2.85,0.04046984296329181,0.024918805047283894,0.21625141454053598,0.025225890376755038,0.02461171971781275,0.2921443725362784,0.14035845654479356
2.8800000000000003,0.04000730394745155,0.023902443951833736,0.21561663265001654,0.024218099172884252,0.02358678873078322,0.29275134932074304,0.13848191597929005
2.91,0.03957841994649385,0.022941993565359083,0.21520995644351348,0.023268748367544168,0.022615238763174,0.29359895864359487,0.13682095424343207
2.94,0.0391703511352675,0.02203142558447975,0.2151289950335273,0.022370390434721346,0.021692460734238153,0.29477312607119044,0.1354848639958642
2.97,0.03876143971638814,0.02115881858307491,0.21545364588318336,0.021508938055779518,0.020808699110370303,0.29633771912905915,0.13456957263730754
3.0,0.03834377262206837,0.02031673148616466,0.21625274766774685,0.020675694735010387,0.019957768237318936,0.2983409718616167,0.13416452347387703
3.0300000000000002,0.03793273155079821,0.019504791974893337,0.21758728050848639,0.01987118867789941,0.01913839527188726,0.3008199671023787,0.1343545939145941
3.06,0.037554376897184584,0.018727129830751945,0.21950671833712396,0.019101214711318548,0.018353044950185343,0.3037999560090566,0.1352134806651913
3.0900000000000003,0.037226135070887026,0.01798939430871597,0.22203610115606062,0.01837275679311348,0.017606031824318455,0.30728661748676883,0.1367855848253524
3.12,0.036943623215475396,0.017293414159662568,0.22515658427056276,0.017689392841744173,0.016897435477580963,0.311252933331854,0.13906023520927152
3.15,0.036678903281018985,0.01663287066584757,0.2287872313313134,0.017042406033632877,0.01622333529806226,0.3156257653733447,0.1419486972892821
3.18,0.03639713671301575,0.01600032389294051,0.23277749379488455,0.01642238537347767,0.01557826241240335,0.3202794306673097,0.14527555692245941
3.2100000000000004,0.03608220960979294,0.015391798464194039,0.23691694979733163,0.015824037592700853,0.014959559335687225,0.3250419073290174,0.1487919922656459
3.24,0.03574583055652819,0.014806177961958033,0.2409618984592723,0.015247732765703854,0.01436462315821221,0.3297138270462572,0.1522099698722874
3.27,0.03541541888176661,0.01424593262735902,0.24467144268795224,0.01469826463749644,0.0137936006172216,0.33409557112915916,0.15524731424674532
3.3,0.03511894138694664,0.013714351004969717,0.24784325774022578,0.014179660398084557,0.013249041611854877,0.338015965957565,0.15767054952288653
3.3300000000000005,0.03487412566508057,0.013212367062433453,0.2503413280513257,0.013693634291489653,0.012731099833377254,0.3413563806537793,0.15932627544887207
3.3600000000000003,0.034678463167304635,0.012740050989204384,0.2521115686341943,0.013239668039829683,0.012240433938579086,0.3440658581614098,0.16015727910697886
3.39,0.034507929500081594,0.012292109411158878,0.2531840286774609,0.012811606479011414,0.011772612343306343,0.34616539537964386,0.160202661975278
3.42,0.03433170063995514,0.01186415662742865,0.25366184459790303,0.012404404682584792,0.011323908572272508,0.347741009637954,0.15958267955785205
3.4499999999999997,0.03412985615014971,0.011454145739659721,0.25369876713817285,0.012013599558645931,0.010894691920673511,0.3489264133718154,0.15847112090453028
3.4800000000000004,0.033900539748769186,0.011061503892807948,0.25347009648398117,0.011637937575454017,0.010485070210161878,0.3498788368059043,0.15706135616205802
3.5100000000000002,0.03365888573633035,0.01068732475790368,0.25314479424927705,0.011279072371607359,0.010095577144200002,0.350754525807839,0.1555350626907151
3.54,0.03343009289352934,0.010333739043564296,0.2528664665101528,0.010940861476470633,0.009726616610657959,0.35169033473779154,0.15404259828251407
3.57,0.03323607136320536,0.010002118529098542,0.2527469669222705,0.010625720782637798,0.009378516275559285,0.352794659731729,0.15269927411281198
3.5999999999999996,0.033082964113892666,0.00969153482262384,0.2528714395617911,0.010334139378653375,0.009048930266594306,0.3541481757289542,0.151594703394628
3.6300000000000003,0.032958926374465874,0.009397999600279329,0.25330979086588035,0.010060777471826338,0.008735221728732319,0.3558118727913276,0.1508077089404331
3.66,0.032842315441606706,0.009116888174603936,0.25412750658920474,0.009799005271114072,0.0084347710780938,0.35783604234239264,0.15041897083601688
3.69,0.03271284146777268,0.008844072911341929,0.25539024774922225,0.009544393696527188,0.008143752126156669,0.3602644784661545,0.15051601703229
3.7199999999999998,0.03256138701436799,0.008580602522485206,0.2571594644435123,0.009298327781858023,0.007862877263112389,0.36313227352891164,0.15118665535811296
3.75,0.03242986436604107,0.00832965145547197,0.259478186569675,0.009063572894514465,0.007595730016429474,0.36645863951860047,0.15249773362074948
3.7800000000000002,0.03231853119627512,0.008095032001446813,0.26235046651982163,0.008844144295534147,0.007345919707359479,0.3702362530294396,0.1544646800102037
3.81,0.032221338856364114,0.007877317066415696,0.26572401287507313,0.00864129061781047,0.007113343515020921,0.374418467257965,0.15702955849218125
3.84,0.03213061789051452,0.007672691569040738,0.2694827652020404,0.008451026713232692,0.006894356424848784,0.37891021898515964,0.16005531141892113
3.87,0.03203047474750126,0.007475235957132663,0.27345203812811086,0.008266543157346155,0.006683928756919173,0.3835694738782728,0.16333460237794895
3.9,0.03191366316849456,0.0072815042448886305,0.2774176471755583,0.008084625974734165,0.006478382515043095,0.38822080213371,0.16661449221740654
3.93,0.03179481562573174,0.007092332685492116,0.28115563329719884,0.00790622206909719,0.006278443301887041,0.3926780789216673,0.1696331876727304
3.96,0.03170651548567299,0.006913066669405546,0.2844655113080918,0.007737537285726637,0.006088596053084454,0.39677102627280497,0.17215999634337859
3.99,0.03167321943147953,0.006747448848802127,0.28719987811908054,0.007584342041914794,0.005910555655689461,0.4003700612739737,0.1740296949641874
4.02,0.03168590516886146,0.006597719929972044,0.2892846106010082,0.0074493386376094945,0.005746101222334593,0.4034046590230057,0.17516456217901066
4.05,0.03170734988892619,0.006460037508811852,0.2907256118476519,0.007327160579238661,0.005592914438385044,0.40587147548047653,0.17557974821482725
4.08,0.031698407546031565,0.006329736522356472,0.291600795157356,0.007212221954305996,0.005447251090406949,0.40783034855721956,0.1753712417574924
4.11,0.03163825371002031,0.006202488617112132,0.29203963200731076,0.007098071319348287,0.005306905914875978,0.40938916092507865,0.17469010308954286
4.14,0.031533158055838104,0.006078014515515618,0.2921960190451517,0.006984511455394376,0.005171517575636859,0.41068154588913824,0.17371049220116513
4.17,0.031415299033503624,0.005958840723732176,0.292222590696813,0.006875245884223129,0.005042435563241222,0.41184358834861867,0.1726015930450073
4.2,0.03132668748229528,0.005848707487708732,0.29225431616319153,0.006775327245967983,0.00492208772944948,0.412996046812761,0.17151258551362208
4.23,0.0312916998137577,0.005749250138861321,0.29240252227223856,0.006687178693155176,0.004811321584567466,0.4142376335094303,0.1705674110350468
4.26,0.0313015144001689,0.005658275732990173,0.29275040760974813,0.006608964742679143,0.0047075867233012025,0.41565150374928495,0.1698493114702113
4.29,0.031326110400365176,0.005571913015044472,0.2933541109817693,0.006535822974684814,0.00460800305540413,0.4173097421520503,0.16939847981148826
4.32,0.03133668145872805,0.005486421268713115,0.29425806988608555,0.006462082955250921,0.004510759582175309,0.4192688277863869,0.1692473119857842
4.35,0.03131934516966107,0.005400851357775382,0.29552613076102385,0.006386253743037526,0.004415448972513238,0.42156916760117247,0.1694830939208752
4.38,0.031277883756749086,0.005317233218018437,0.297198094532202,0.006310385470750631,0.0043240809652862425,0.4242618202374316,0.17013436882697236
4.41,0.031227329520604398,0.005238325952459061,0.2993093672647034,0.006238479299998294,0.004238172604919827,0.42738574307444166,0.17123299145496515
4.44,0.031182532937004105,0.005166861823142203,0.3018889709721944,0.006173923453165345,0.004159800193119061,0.43094944983834416,0.1728284921060447
4.47,0.03114992508494441,0.005102507312447064,0.30492482564837137,0.006116653406539276,0.004088361218354852,0.43492554054979005,0.17492411074695272
4.5,0.03112724743961163,0.00504350728863287,0.3083472928170522,0.006065278842680079,0.004021735734585662,0.43924161363567105,0.17745297199843332
4.53,0.03110868067132079,0.0049872535001854,0.3120262610785816,0.0060168424039147095,0.00395766459645609,0.44377871981512107,0.18027380234204216
4.5600000000000005,0.031090643742449173,0.004931475273793279,0.3157837946570039,0.005968940179434085,0.003894010368152473,0.44838068221903327,0.18318690709497454
4.59,0.031074513023972024,0.004876075830758537,0.3194198109495735,0.0059214541451561905,0.003830697516360884,0.45287312840171023,0.18596649349743677
4.62,0.03106426752995477,0.004823273583007105,0.32274425724596434,0.0058772225020118675,0.0037693246640023424,0.4570878443932612,0.18840067009866748
4.6499999999999995,0.031061327560988058,0.004775758006997343,0.3256083440762498,0.005838178009721624,0.0037133380042730624,0.4608867070570216,0.19032998109547794
4.680000000000001,0.031061527826992615,0.00473453299546431,0.32792810109397874,0.005805165897314934,0.003663900093613685,0.46418021154600453,0.19167599064195298
4.71,0.031056504941941062,0.004698679809662826,0.3296921585832027,0.005776909478373905,0.0036204501409517476,0.4669391972414549,0.19244511992495056
4.74,0.031038314920942167,0.004665207078868761,0.33095268108135906,0.005749851980429201,0.0035805621773083206,0.4691979894802373,0.19270737268248087
4.77,0.03100497123991331,0.004631256385474496,0.33181342383528206,0.005720864017041252,0.0035416487539077406,0.47104252645448935,0.19258432121607477
4.8,0.030963563193831166,0.004595469879564592,0.33244967175351625,0.005688805085410316,0.003502134673718868,0.47256988306703146,0.19232946044000104
4.83,0.030927611252433894,0.004559038788992298,0.3329970103020054,0.005655986174130387,0.0034620914038542092,0.4739109311398774,0.19208308946413338
4.859999999999999,0.030909166589197536,0.004524990092459722,0.33352487108962153,0.005626320585410815,0.0034236595995086284,0.475202375497335,0.19184736668190802
4.89,0.030911076815690032,0.004495962379281588,0.33410190249079835,0.005603027892979541,0.003388896865583635,0.4765430647376441,0.19166074024395266
4.920000000000001,0.030925080830502893,0.004472247738608871,0.33477919691606634,0.005585388984801362,0.003359106492416379,0.4780123016620178,0.19154609217011487
4.95,0.03093673968883443,0.004450331999823407,0.3356002399517485,0.005568593474327572,0.003332070525319243,0.4796746767111952,0.19152580319230178
4.98,0.03093371026548778,0.004427206258190052,0.33661047477050005,0.005548794834629811,0.003305617681750293,0.48158611896666237,0.1916348305743377
5.01,0.03091232286699775,0.004401716477878539,0.33786362106305906,0.00552458322354148,0.0032788497322155975,0.4837982951859666,0.19192894694015147
5.04,0.030878759763173808,0.004375158809399324,0.33942138892953577,0.005497942449615441,0.0032523751691832074,0.4863589119021354,0.19248386595693612
5.07,0.030844683682942624,0.004350400747732842,0.34134501314225124,0.005472915089444856,0.0032278864060208273,0.48930716305795696,0.19338286322654555
5.1,0.030820507280503114,0.00432967459058546,0.34367929477618736,0.005452853983589858,0.003206495197581063,0.4926645330771062,0.19469405647526852
5.13,0.0308102288963083,0.004313093624372545,0.346433511855271,0.00543851094494234,0.0031876763038027485,0.4964227233210258,0.19644430038951616
5.159999999999999,0.030810359119217187,0.0042988396205930176,0.34956625382476275,0.005427430723339377,0.003170248517846658,0.5005328722258626,0.19859963542366293
5.19,0.03081315974091324,0.004284680333892542,0.35298040380234247,0.0054164232125570345,0.0031529374552280495,0.5049011229710331,0.2010596846336519
5.220000000000001,0.030811682115731025,0.0042694120343263866,0.3565314180121074,0.00540371898293471,0.003135105085718063,0.5093939483876715,0.20366888763654337
5.25,0.03080301277304782,0.004253547975768574,0.36004778462513976,0.005389654602686534,0.0031174413488506145,0.513853258203742,0.20624231104653756
5.28,0.030788258900201287,0.004238803344427392,0.36335872407964126,0.005376006264329922,0.0031016004245248627,0.5181180625571451,0.20859938560213745
5.31,0.03077058261191596,0.004226821718277709,0.36632236082198516,0.005364549132836916,0.003089094303718503,0.5220477966752042,0.21059692496876614
5.34,0.030753144063922384,0.0042179061087923965,0.36884780493425073,0.005355977884684913,0.0030798343328998804,0.5255424110089876,0.21215319885951392
5.37,0.030737867683096234,0.00421076253681893,0.3709061722255353,0.005349358931794335,0.003072166141843526,0.5285553423806071,0.21325700207046344
5.3999999999999995,0.030725223533690036,0.004203912920408619,0.37252824383863153,0.005343343564189878,0.0030644822766273594,0.5310969098170071,0.21395957786025604
5.430000000000001,0.030714725649340784,0.004196307654192908,0.3737901943295363,0.005336856017419994,0.0030557592909658217,0.5332274741406389,0.2143529145184338
5.46,0.030705528191955628,0.004187850495772157,0.3747924071172072,0.005329511426604153,0.0030461895649401606,0.5350421627107018,0.2145426515237126
5.49,0.03069683008807788,0.004178831252316681,0.37563789942791603,0.0053215068165771125,0.0030361556880562487,0.5366515890671982,0.21462420978863386
5.5200000000000005,0.030688170200673822,0.004170135551034437,0.37641611379585016,0.005313745475399614,0.00302652562666926,0.5381642231518623,0.21466800443983805
5.55,0.030679457560324398,0.0041629304238151804,0.37719566761656054,0.005307296513810025,0.003018564333820336,0.5396749430631302,0.21471639216999083
5.58,0.030670569948254983,0.004157719866298948,0.3780264899523642,0.005302608424030275,0.0030128313085676216,0.5412614528587616,0.2147915270459668
5.609999999999999,0.03066094337568169,0.004154083244923159,0.37894857267965826,0.005299203702649826,0.003008962787196492,0.5429871575701155,0.21490998778920106
5.64,0.03064970434159738,0.004150758776560759,0.38000266727007603,0.00529577732916477,0.0030057402239567488,0.5449070528574262,0.21509828168272585
5.670000000000001,0.030636313885919118,0.004146300766747091,0.38123826190322824,0.005291023452713654,0.003001578080780527,0.547072832620953,0.21540369118550354
5.7,0.030621280110473954,0.004140361277951141,0.38271554822586956,0.0052848128188671285,0.0029959097370351536,0.5495345340046667,0.2158965624470724
5.73,0.030606400912940413,0.004134101170293277,0.3844994789888723,0.005278524572960292,0.0029896777676262625,0.55233744298278,0.21666151499496467
5.760000000000001,0.030594028087005957,0.004129386324012422,0.3866453004787733,0.0052742493149541304,0.0029845233330707127,0.5555138528330379,0.21777674812450876
5.79,0.03058549687822212,0.004127128804879773,0.3891795496782872,0.005272980715833139,0.002981276893926406,0.559071267539006,0.21928783181756842
5.82,0.030579922921134622,0.00412697427920706,0.39208445915880924,0.0052739488615167664,0.0029799996968973533,0.5629812079757555,0.22118771034186296
5.85,0.03057456407515019,0.004127301592820468,0.3952906383096016,0.005275111293750871,0.002979491891890065,0.5671729081264795,0.22340836849272372
5.88,0.030566571784297454,0.004126467115357407,0.3986809782672134,0.005274694507971987,0.0029782397227428262,0.5715353688541926,0.22582658768023406
5.910000000000001,0.030554803656410542,0.004123930977341021,0.40210627871280874,0.005272313997973987,0.0029755479567080546,0.5759288745642239,0.2282836828613935
5.94,0.03054044461408751,0.00412074231952415,0.40540909190773733,0.0052692866810942545,0.002972197957954046,0.580203764806025,0.23061441900944962
5.970000000000001,0.030526044329106244,0.004118655908173072,0.40844985293980357,0.005267504216402454,0.0029698075999436903,0.5842221484862139,0.23267755739339324
6.0,0.03051366422010297,0.004118862050199652,0.4111290267608366,0.005268056761863894,0.0029696673385354094,0.5878778278245153,0.234380225697158
6.03,0.030503571975806887,0.004120845371657222,0.41340031098626423,0.005270395112305003,0.0029712956310094414,0.591110423743654,0.23569019822887444
6.0600000000000005,0.03049450045703455,0.004122915501256183,0.4152723051833448,0.005272828078680332,0.0029730029238320345,0.5939110251912175,0.23663358517547206
6.09,0.030485062282897647,0.004123657212618784,0.4167989548540744,0.0052739585585423205,0.0029733558666952473,0.5963184306965112,0.23727947901163754
6.12,0.030474943528312398,0.004122771440332896,0.418062005241798,0.005273613856513818,0.0029719290241519737,0.598407206578593,0.23771680390500297
6.1499999999999995,0.030464891604744297,0.004121198841961041,0.4191509303873716,0.005272743433272085,0.0029696542506499977,0.6002710417150601,0.23803081905968315
6.180000000000001,0.030455670106156248,0.004120501439983763,0.42014634167769593,0.00527270142861441,0.002968301451353117,0.6020062787649247,0.23828640459046713
6.210000000000001,0.030447027353526196,0.004121602255777791,0.42111121151027925,0.005274225296323073,0.002968979215232508,0.6037000676728547,0.23852235534770386
6.24,0.030437680318248256,0.004124062439159751,0.4220911089759396,0.005276863356171243,0.002971261522148258,0.6054254053503825,0.23875681260149673
6.2700000000000005,0.030426380017744243,0.004126596087252941,0.4231214522875566,0.0052794693074442465,0.002973722867061635,0.6072425355820992,0.23900036899301397
6.3,0.030413115558173765,0.004128200300909854,0.42423759813426376,0.00528112617089159,0.002975274430928118,0.609204001823578,0.23927119444494943
6.33,0.030399379820581177,0.004128852976821224,0.42548304236996104,0.005281821532775599,0.00297588442086685,0.6113598025043767,0.23960628223554542
6.36,0.03038722338253589,0.0041291751973032125,0.42691244996284894,0.0052823067552551966,0.0029760436393512285,0.6137598012355194,0.24006509869017847
6.39,0.030377810107874395,0.004129835929428112,0.4285895266262524,0.005283483237660221,0.002976188621196003,0.6164523797333079,0.24072667351919683
6.420000000000001,0.03037058888856136,0.004131404087821246,0.4305809548228477,0.005285706983370292,0.0029771011922722,0.6194794527893096,0.2416824568563858
6.45,0.03036370594491296,0.0041336881053892,0.4329270971412367,0.005288710718975289,0.0029786654918031105,0.6228616031790923,0.24299259110338117
6.48,0.0303552785322255,0.0041362620501824475,0.43562826720905534,0.005291912913743252,0.0029806111866216424,0.6265874770854933,0.2446690573326173
6.510000000000001,0.030344524047322935,0.004138845171570903,0.438640167071291,0.005294770935614751,0.0029829194075270543,0.6306077191755488,0.24667261496703313
6.54,0.03033201312848116,0.004141152018174148,0.4418714260274915,0.005297073668322432,0.0029852303680258643,0.6348333092285222,0.24890954282646083
6.57,0.030319085975463206,0.004143099407953355,0.44519458219238284,0.005298980391028323,0.0029872184248783875,0.639143532802938,0.25124563158182767
6.6,0.030306992947403636,0.004144868941169633,0.4484662837206451,0.0053008233443761835,0.002988914537963082,0.6434017975324859,0.25353076990880424
6.63,0.030296316501337933,0.004146673682349928,0.45155137309741217,0.005302963955528789,0.002990383409171068,0.6474755411123734,0.2556272050824509
6.660000000000001,0.030286901730906368,0.004148736410422372,0.4543449986236458,0.005305627956683529,0.002991844864161216,0.6512557021755376,0.25743429507175397
6.69,0.030278153018618956,0.004151250273670159,0.45678765510305763,0.005308822438089854,0.002993678109250464,0.6546716853449074,0.2589036248612079
6.720000000000001,0.03026938354809745,0.004154174249428829,0.45886999417858737,0.005312306094493277,0.0029960424043643814,0.6576989323395224,0.26004105601765237
6.75,0.030260033662643883,0.00415721595386798,0.46062687830508187,0.0053156971245911355,0.0029987347831448245,0.6603578039810565,0.26089595262910725
6.78,0.03024979964061672,0.004160021859788221,0.46212298764734255,0.005318684733965527,0.0030013589856109158,0.6627044567866862,0.26154151850799884
6.8100000000000005,0.030238741435305715,0.004162450351401261,0.4634346720387959,0.00532120430408773,0.0030036963987147927,0.6648165365142966,0.26205280756329524
6.84,0.030227296160139007,0.004164587978515024,0.4646337005459817,0.0053234926609462985,0.0030056832960837494,0.6667780022149259,0.2624893988770375
6.87,0.03021608719474883,0.0041668055796120285,0.4657774687981066,0.005326008326172116,0.0030076028330519406,0.668667320269476,0.2628876173267372
6.8999999999999995,0.030205575973023223,0.004169507371202361,0.46690773513942213,0.005329086863683499,0.0030099278787212224,0.670551635780928,0.26326383449791624
6.930000000000001,0.030195777511246368,0.004172751670373582,0.4680619283354419,0.0053327240805391245,0.003012779260208039,0.6724887896514893,0.2636350670193946
6.960000000000001,0.030186265355006153,0.004176245131696356,0.46928123634383934,0.005336548463654405,0.003015941799738308,0.674531345295726,0.26403112739195267
6.99,0.030176495089605047,0.004179569192932859,0.4705820215027059,0.005340103415861832,0.003019034970003887,0.676719481603679,0.2644445614017328
7.0200000000000005,0.03016621423279244,0.004182476706675018,0.4720104340090394,0.005343206922889827,0.0030217464904602094,0.679100881479077,0.26491998653900184
7.05,0.030155631121182178,0.004185129856580229,0.473625978491253,0.005346050382929884,0.0030242093302305737,0.6817251592573788,0.2655267977251272
7.08,0.03014520266352921,0.004187921923086072,0.47549132192476135,0.005349045833256972,0.0030267980129151714,0.6846375033908073,0.2663451404587154
7.11,0.030135219791830026,0.004191182878497482,0.4776586613531395,0.005352520440789562,0.0030298453162054015,0.68786919736621,0.267448125340069
7.14,0.030125539471270793,0.004194982713501233,0.48015509500654346,0.005356458344202946,0.0030335070827995194,0.6914270570137593,0.26888313299932765
7.170000000000001,0.030115690318856664,0.004198971710455389,0.4829688262756478,0.005360502584205824,0.003037440836704954,0.6952839851504247,0.2706536674008709
7.199999999999999,0.03010526909582994,0.004202784631393558,0.48603322752536376,0.005364311700541525,0.0030412575622455916,0.6993715464479225,0.272694908602805
7.23,0.030094301119981827,0.00420625871960457,0.4892389568488115,0.00536778017542045,0.003044737263788691,0.7035868410806185,0.2748910726170045
7.260000000000001,0.030083262938028918,0.004209478500312584,0.4924566304104326,0.005371080739151574,0.0030478762614735942,0.7078074435868331,0.277105817234032
7.29,0.03007274232152702,0.004212781316097299,0.4955573295130706,0.005374538876698425,0.0030510237554961734,0.7119085996599691,0.27920605936617204
7.32,0.030063003345680052,0.004216438877274905,0.4984336314784262,0.005378368978440352,0.003054508776109458,0.7157815955738093,0.2810856673830431
7.35,0.03005379065709638,0.004220441467782748,0.5010157994092997,0.005382524685059853,0.0030583582505056437,0.7193491196138109,0.2826824792047887
7.38,0.03004451055082985,0.004224572843004135,0.5032791666911517,0.005386769745803844,0.0030623759402044256,0.7225743275433507,0.28398400583895267
7.41,0.030034640761090005,0.0042286347356894505,0.505241432491976,0.0053908636632956876,0.0030664058080832135,0.7254619486590952,0.28502091632485677
7.4399999999999995,0.030024064892721542,0.004232507258418038,0.5069513900644471,0.00539471808650629,0.003070296430329786,0.7280516675744275,0.2858511125544667
7.470000000000001,0.03001310530860004,0.004236230698264774,0.5084731134588089,0.005398427965609256,0.003074033430920292,0.7304060766259943,0.2865401502916234
7.5,0.030002265370872302,0.004239957146782536,0.5098711629369995,0.0054021847083438315,0.00307772958522124,0.7325971141536763,0.2871452117203227
7.53,0.02999189490199703,0.004243854582798836,0.511203169351767,0.0054061405351888804,0.003081568630408792,0.7346955584174595,0.28771078028607455
7.5600000000000005,0.029982011771066096,0.004247941523455725,0.5125167627248447,0.005410318041138804,0.0030855650057726456,0.7367645064968146,0.2882690189528748
7.59,0.029972364423647813,0.0042521596183761196,0.5138331572012402,0.005414622718859603,0.0030896965178926366,0.7388517951222184,0.288814519280262
7.62,0.0299626444792866,0.0042563874757363205,0.5151677585397704,0.0054189303762220385,0.0030938445752506025,0.7409987081123807,0.2893368089671601
7.6499999999999995,0.029952680180585705,0.004260526004528981,0.5165446226683487,0.005423168054541955,0.003097883954516007,0.743248030033817,0.2898412153028803
7.68,0.029942492001378405,0.004264583845836862,0.5180010971108928,0.005427340675958718,0.0031018270157150063,0.7456460673910965,0.2903561268306891
7.710000000000001,0.0299322127392827,0.004268641272734353,0.5195902536658485,0.005431508687114827,0.00310577385835388,0.7482417595272166,0.2909387478044805
7.74,0.029921965907687368,0.004272769713913101,0.5213744844740247,0.005435738676744127,0.003109800751082076,0.7510823834971223,0.29166658545092705
7.7700000000000005,0.029911795834679678,0.004276986687560472,0.5234116777406139,0.00544006646538336,0.0031139069097375844,0.7542056598543432,0.2926176956268846
7.8,0.029901676060668417,0.004281266826369193,0.5257388408359509,0.005444478417803688,0.003118055234934698,0.7576294542725777,0.2938482273993242
7.83,0.02989156111508412,0.004285562395324584,0.5283586393204229,0.005448931978790832,0.0031221928118583364,0.761341975473371,0.29537530316747485
7.86,0.02988143183463156,0.004289831753379033,0.5312331440291872,0.005453382169198553,0.0031262813375595123,0.7652961320980185,0.29717015596035595
7.89,0.029871307214311162,0.004294056405915234,0.5342857806881679,0.005457808830456794,0.0031303039813736734,0.7694107694481719,0.2991607919281639
7.92,0.029861226451547006,0.004298250247570579,0.5374103500067243,0.005462228554028223,0.003134271941112934,0.7735796183152603,0.30124108169818825
7.949999999999999,0.02985121998699236,0.0043024509209430494,0.5404883577337731,0.0054666866262678415,0.0031382152156182574,0.7776872215197621,0.3032894939477842
7.98,0.029841285462835127,0.004306699346658992,0.5434117164271921,0.005471226294090767,0.0031421723992272168,0.7816275584009911,0.30519587445339313
8.01,0.02983137805062575,0.004311015992045466,0.5461018830144063,0.005475855069414091,0.0031461769146768417,0.785319714666488,0.30688405136232466
8.04,0.029821422633854237,0.004315384313132777,0.5485203065637483,0.005480534934832543,0.003150233691433011,0.7887177940012668,0.3083228191262297
8.07,0.029811349503444676,0.004319753791948293,0.5506689912370792,0.005485205201635244,0.0031543023822613427,0.7918137294012638,0.30952425307289466
8.1,0.029801139863965643,0.004324072419416234,0.5525824519784559,0.005489825231637469,0.0031583196071949997,0.7946328314436109,0.31053207251330095
8.13,0.0297908530996414,0.00432832942001529,0.5543144707316207,0.00549440641207638,0.0031622524279541994,0.7972237878279517,0.31140515363528964
8.16,0.029780609733526354,0.004332580671291184,0.5559238315947166,0.00549901775048921,0.003166143592093158,0.799646356988057,0.3122013062013762
8.19,0.029770528100888333,0.004336876370708776,0.5574615358706335,0.005503710395752453,0.0031700423456650995,0.8019603434631452,0.3129627282781219
8.22,0.029760648353962485,0.004341257358145051,0.5589612533538109,0.005508514220281289,0.0031740004960088136,0.8042190436535231,0.3137034630540986
8.25,0.029750897013950253,0.004345708581340845,0.5604387392236743,0.00551340770318213,0.003178009459499559,0.80646821797365,0.31440926047369855
8.28,0.02974112430038031,0.004350166653475317,0.5619027993839752,0.005518330869662544,0.00318200243728809,0.80874821378119,0.3150573849867605
8.31,0.029731194471565487,0.004354569823731872,0.5633693195356021,0.005523225757957625,0.003185913889506118,0.8110976104125697,0.3156410286586345
8.34,0.029721068716340917,0.004358906487262019,0.5648703506381614,0.00552807352266322,0.0031897394518608188,0.8135571067338714,0.3161835945424514
8.370000000000001,0.029710824795431582,0.004363220095073478,0.5664559420490709,0.005532901862597207,0.003193538327549749,0.8161711890904095,0.3167406950077323
8.4,0.02970060267746368,0.004367570420968619,0.5681883755177911,0.005537762153544916,0.0031973786883923213,0.8189858384153701,0.3173909126202122
8.43,0.029690516063509993,0.00437198841948684,0.570129900950197,0.005542695113133392,0.0032012817258402874,0.8220420661789709,0.31821773572142315
8.46,0.029680589877846428,0.004376459353084952,0.5723271585071512,0.00554770789781444,0.0032052108083554646,0.8253664827192404,0.31928783429506197
8.49,0.0296707605535051,0.004380941064384445,0.5747970369999694,0.00555277530447242,0.0032091068242964703,0.8289614057645568,0.32063266823538206
8.52,0.02966092910365268,0.004385402229202557,0.577518510913163,0.005557855245023896,0.003212949213381219,0.8327978458398317,0.32223917598649426
8.549999999999999,0.029651023749681465,0.004389847678335914,0.58043295108279,0.00556291255424565,0.003216782802426178,0.8368143200161564,0.3240515821494237
8.58,0.02964103165661126,0.004394283340314605,0.5834527832910484,0.005567958400827662,0.003220608279801548,0.8409228249338037,0.3259827416482933
8.610000000000001,0.029630988877968716,0.004398736203277603,0.5864763690875454,0.005573012624139834,0.003224459782415373,0.8450212000560653,0.3279315381190256
8.64,0.029620946756270874,0.0044032247878290475,0.5894057687839057,0.005578100279728897,0.0032283492959291975,0.8490092213169873,0.3298023162508242
8.67,0.029610941638100442,0.004407754222114959,0.5921632909604342,0.005583236231747506,0.0032322722124824123,0.8528044839866173,0.3315220979342511
8.7,0.02960098298053625,0.004412314205794052,0.594702904665194,0.00558842017293945,0.003236208238648653,0.856354011017302,0.3330517983130861
8.73,0.02959105816052493,0.004416886476882513,0.5970140211911171,0.005593643729760751,0.0032401292240042743,0.8596389070478276,0.33438913533440656
8.76,0.029581144745154744,0.004421503579632219,0.5991170145985095,0.005598943642879255,0.003244063516385183,0.8626716829656169,0.3355623462314022
8.79,0.029571223213485417,0.004426182381742085,0.6010519976403529,0.005604280876931798,0.003248083886552372,0.8654881336860738,0.3366158615946319
8.82,0.02956128653815642,0.004430895532427664,0.6028645341764158,0.005609631261588321,0.0032521598032670073,0.8681369561366901,0.33759211221614166
8.85,0.029551343233916262,0.00443563051179953,0.6045931545614034,0.005615001275318414,0.0032562597482806467,0.8706700819043043,0.33851622721850255
8.88,0.02954141104736006,0.0044403970202309545,0.6062628707603304,0.0056204082376505845,0.0032603858028113246,0.8731356874108676,0.3393900541097932
8.91,0.02953150323935544,0.004445224110436024,0.6078862545489667,0.005625867322244371,0.003264580898627678,0.8755750295765965,0.3401974795213369
8.94,0.02952161614853154,0.004450118781015553,0.6094707305408685,0.00563135087232482,0.0032688866897062855,0.8780232336135045,0.34091822746823247
8.97,0.02951172870223581,0.004455089186070951,0.611028819824508,0.005636832507258416,0.0032733458648834856,0.880512884784262,0.34154475486475383
9.0,0.029501817151477115,0.0044600726459197325,0.612587119405574,0.005642319287257511,0.0032778260045819544,0.883078378324972,0.34209586048617585
9.03,0.02949187533001142,0.004465067932338515,0.6141901945304957,0.005647816195017493,0.0032823196696595367,0.8857586420364474,0.3426217470245441
9.06,0.029481923595977493,0.004470114723034383,0.6158972835338719,0.0056533341131119125,0.0032868953329568537,0.8885963441423721,0.34319822292537167
9.09,0.029471996888528522,0.0044751876886114286,0.6177720665219549,0.005658874453952321,0.0032915009232705357,0.8916329492384131,0.3439111838054968
9.120000000000001,0.0294621194842921,0.004480339517492984,0.6198681895012136,0.005664452303559769,0.0032962267314261993,0.8949004151162716,0.3448359638861555
9.15,0.02945228619271599,0.004485553169766507,0.6222149493937346,0.005670059348340036,0.0033010469911929777,0.8984116770961337,0.34601822169133545
9.18,0.0294424655133651,0.004490818557021503,0.6248076294762098,0.005675673932564467,0.00330596318147854,0.9021529632532598,0.3474622956991599
9.21,0.029432622570190747,0.004496119631051044,0.6276053652801157,0.005681269228484041,0.0033109700336180466,0.9060807999805853,0.34912993057964603
9.24,0.029422743438264256,0.004501463422461733,0.6305371052110367,0.005686815757790826,0.0033161110871326397,0.9101253291734603,0.35094888124861306
9.27,0.02941284190940216,0.004506850119997638,0.6335141651145072,0.005692330105979054,0.0033213701340162223,0.9141997728045648,0.35282855742444963
9.299999999999999,0.02940294516612966,0.004512278098022031,0.6364463162228494,0.005697849771322166,0.003326706424721896,0.9182140703633731,0.35467856208232573
9.33,0.029393072244178284,0.004517765598325894,0.6392575180355486,0.005703385446035816,0.0033321457506159725,0.9220894062802496,0.35642562979084774
9.360000000000001,0.029383223330369038,0.004523312055155247,0.6418975123780245,0.005708954572015228,0.0033376695382952666,0.9257699339112964,0.3580250908447526
9.39,0.02937338641809189,0.004528898684290655,0.6443465351560179,0.005714527646423995,0.003343269722157316,0.9292287608310517,0.3594643094809842
9.42,0.029363552163025327,0.004534510391744147,0.6466123647593278,0.00572009081930522,0.0033489299641830746,0.9324672270917824,0.36075750242687316
9.45,0.029353722013034794,0.004540158962805063,0.6487213805205786,0.005725627758776965,0.0033546901668331606,0.9355089090260982,0.36193385201505895
9.48,0.02934390295830191,0.0045458549071076765,0.6507070683625176,0.005731180022311523,0.00336052979190383,0.9383910916429334,0.36302304508210176
9.51,0.029334095871141642,0.004551582647136499,0.6525997073590737,0.005736780572137999,0.0033663847221349994,0.941156246669838,0.36404316804830944
9.54,0.029324290349584396,0.004557327342580674,0.6544201868354557,0.0057424064908724,0.0033722481942889478,0.9438454316128306,0.3649949420580807
9.57,0.029314472071349518,0.004563086960500517,0.6561794801620392,0.00574805746128656,0.003378116459714474,0.9464948554936372,0.3658641048304412
9.6,0.029304636114504432,0.004568867320530726,0.6578834339582449,0.005753716820086368,0.0033840178209750844,0.9491357555453035,0.36663111237118623
9.63,0.02929479364251883,0.004574659622345153,0.6595409154656298,0.005759379527635988,0.0033899397170543176,0.9517966403294608,0.36728519060179876
9.66,0.029284965203313938,0.0045804493406643955,0.6611724355305751,0.00576505444809365,0.0033958442332351407,0.9545066297487383,0.3678382413124119
9.690000000000001,0.02927516586665735,0.004586242027173555,0.6628156104530208,0.005770746968331056,0.003401737086016054,0.9572985490087931,0.3683326718972486
9.719999999999999,0.029265394505459095,0.004592043809706843,0.6645243652881161,0.005776462722684067,0.003407624896729619,0.960209806269261,0.3688389243069712
9.75,0.02925563563361477,0.0045978542952640694,0.6663611032064394,0.005782201471284905,0.003413507119243234,0.9632793315439945,0.3694428748688842
9.78,0.029245871382190737,0.004603671033978072,0.6683836379335577,0.005787960069618257,0.003419381998337887,0.9665407153177825,0.37022656054933284
9.81,0.029236093344879477,0.004609530581587851,0.6706309631751193,0.005793776503774467,0.0034252846594012357,0.9700134737628126,0.37124845258742606
9.840000000000002,0.029226305556771595,0.004615417150467584,0.6731124426060222,0.005799627047168703,0.003431207253766465,0.9736952217147827,0.3725296634972617
9.87,0.029216518294118754,0.004621307565782195,0.6758034980606511,0.005805492966274148,0.0034371221652902424,0.9775574503596376,0.3740495457616646
9.9,0.029206739609637225,0.0046272028120058475,0.6786489370794037,0.005811376697500224,0.0034430289265114707,0.9815468122883031,0.37575106187050417
9.93,0.02919697167668333,0.004633107138264814,0.681573320479263,0.005817282667158351,0.0034489316093712762,0.9855925286770844,0.3775541122814417
9.96,0.029187213189003608,0.004639016857201845,0.6844961058744085,0.005823208355197243,0.0034548253592064475,0.9896190384345629,0.37937317331425396
9.99,0.029177463390273686,0.004644929300127869,0.6873475706478829,0.005829150947521259,0.0034607076527344784,0.993560730359168,0.38113441093659767
10.02,0.029167722919414156,0.004650844504514329,0.690077580544734,0.005835109472806383,0.003466579536222275,0.9973681190630526,0.3827870420264155
10.049999999999999,0.029157991109753346,0.004656763449638707,0.6926554307308808,0.005841084383692446,0.0034724425155849684,1.00100413835642,0.3843067231053413
10.08,0.029148263642487345,0.004662691305331639,0.6950735373290456,0.005847079372149084,0.0034783032385141944,1.0044533435001788,0.3856937311579125
10.110000000000001,0.029138534177335487,0.004668647420463347,0.6973451891594419,0.005853106428361403,0.003484188412565291,1.0077256001642256,0.386964778154658
10.14,0.029128799268636762,0.004674604851839705,0.699494098518439,0.005859149156946505,0.003490060546732905,1.0108476474556822,0.38814054958119576
10.17,0.029119062043924587,0.004680562671162763,0.7015438629204623,0.00586520622287123,0.0034959191194542955,1.0138534246610855,0.38923430117983926
10.2,0.029109330714879363,0.004686545058392381,0.7035111980409512,0.005871291299286799,0.003501798817497962,1.0167766574406965,0.3902457386412059
10.23,0.029099612583711403,0.004692542158038449,0.7054066193033682,0.005877398672640645,0.0035076856434362517,1.0196462198985028,0.3911670187082337
10.26,0.02908990847285811,0.004698589192383218,0.7072368875155646,0.005883549786479489,0.0035136285982869473,1.0224866544893607,0.39198712054176843
10.290000000000001,0.02908021236636545,0.004704652517553352,0.7089991409806644,0.005889725485335272,0.003519579549771431,1.0253262783233088,0.39267200363802
10.319999999999999,0.029070516569981518,0.004710717991159075,0.7107110248445082,0.005895917429452097,0.0035255185528660525,1.0281960451266148,0.39322600456240175
10.35,0.02906081795053499,0.004716783670518567,0.7124113128117906,0.005902123794089026,0.0035314435469481088,1.0311357609305476,0.39368686469303354
10.38,0.029051120011747922,0.00472286200671586,0.7141498964309206,0.005908351077777205,0.0035373729356545152,1.0341797840402729,0.39412000882156845
10.41,0.029041429278251825,0.0047289589720458935,0.7159805062430152,0.0059146025797358025,0.0035433153643559846,1.0373518199704783,0.3946091925155522
10.440000000000001,0.02903174934360869,0.0047350617632495404,0.7179605240484439,0.005920871196680479,0.0035492523298186027,1.0406780487273677,0.39524299936952
10.469999999999999,0.029022077782770887,0.004741170412660696,0.720137031778206,0.005927157483924211,0.0035551833413971804,1.0441794664211814,0.3960945971352306
10.5,0.029012408464209716,0.004747283185420213,0.72253225155977,0.005933460507329243,0.0035611058635111833,1.0478619367705666,0.3972025663489733
10.53,0.029002737059862532,0.00475339782752089,0.725136672872721,0.005939778414832307,0.0035670172402094726,1.0517102557894966,0.3985630899559454
10.56,0.028993064892573837,0.004759515669896264,0.727910526773473,0.005946111317565031,0.003572920022227497,1.0556871938866215,0.4001338596603246
10.590000000000002,0.028983397884313162,0.004765644869294187,0.7307921641418332,0.005952463885470809,0.003578825853117565,1.0597390592377123,0.40184526904595413
10.62,0.028973741675211006,0.004771785591822152,0.733711714628496,0.005958836796788594,0.0035847343868557094,1.0638067701941987,0.40361665906279354
10.65,0.02896409714486711,0.004777933815541345,0.7366033252779876,0.005965228504446946,0.003590639126635744,1.0678337703645167,0.4053728801914585
10.68,0.028954459971679083,0.004784087348304998,0.7394105362051081,0.005971638053127288,0.003596536643482708,1.0717650611902199,0.4070560112199964
10.71,0.028944824285631852,0.004790243157304808,0.7420951595310081,0.005978063104174946,0.0036024232104346693,1.0755582108787636,0.40863210818325263
10.74,0.028935187144008865,0.004796398647448358,0.7446432495169343,0.005984501024090026,0.003608296270806691,1.0791952674554532,0.4100912315784154
10.77,0.02892555022712942,0.004802553435091515,0.747060735359394,0.00599095073812336,0.00361415613205967,1.0826808559590213,0.4114406147597667
10.799999999999999,0.028915917787476972,0.004808709427596769,0.7493648044490815,0.005997413392622631,0.0036200054625709077,1.0860346701668162,0.41269493873134677
10.83,0.028906293008082763,0.004814869146232265,0.7515751223770534,0.006003891280023781,0.0036258470124407496,1.0892832078322532,0.41386703692185345
10.860000000000001,0.028896675915217957,0.004821033734461228,0.7537049814515568,0.00601038595440774,0.0036316815145147146,1.092453713923529,0.41495624897958466
10.89,0.028887064263574055,0.004827202222146328,0.7557557655927014,0.006016897083103184,0.003637507361189472,1.0955713084019771,0.41594022278342563
10.92,0.028877456111756017,0.004833372537415525,0.7577238282641833,0.006023423003401576,0.003643322071429475,1.0986572346051364,0.4167904219232301
10.95,0.02886785154256974,0.004839543821226132,0.7596097339072068,0.006029963369812525,0.0036491242726397395,1.1017310370489928,0.41748843076542064
10.98,0.02885825210915348,0.004845723210834156,0.7614260570150516,0.006036530965722177,0.0036549154559461358,1.1048158910564458,0.4180362229736573
11.01,0.028848658853741334,0.004851913837483487,0.7632033123274641,0.0060431299579841915,0.003660697716982783,1.1079428550698445,0.41846376958508363
11.040000000000001,0.02883907098268903,0.004858108439113109,0.7649880431209544,0.006049745421696796,0.0036664714565294207,1.1111462768466434,0.4188298093952653
11.069999999999999,0.028829486464470463,0.004864306542078455,0.7668337029614007,0.006056375894093026,0.003672237190063883,1.114453427527471,0.4192139783953306
11.1,0.028819903903155173,0.004870517637994065,0.7687953676323157,0.00606302685551462,0.00367800842047351,1.1178870503942617,0.4197036848703698
11.13,0.028810323886312134,0.0048767499099305394,0.7709225318633535,0.006069702741705854,0.0036837970781552253,1.1214673168729516,0.42037774685375523
11.16,0.028800748588203827,0.004882983618394897,0.7732476528040054,0.006076391350693957,0.0036895758860958383,1.1252047676335188,0.42129053797449195
11.190000000000001,0.028791180044120925,0.004889218374378727,0.7757776232314181,0.006083092291737394,0.0036953444570200595,1.1290929688150122,0.422462277647824
11.219999999999999,0.028781618647171943,0.004895454288012651,0.7784908604591322,0.006089805685610617,0.0037011028904146846,1.1331056373778219,0.42387608354044254
11.25,0.028772063092207208,0.004901691804397901,0.7813379498119967,0.006096531864113512,0.00370685174468229,1.1372003145394975,0.4254755850844957
11.28,0.02876251162539995,0.004907931444095898,0.7842524872223434,0.006103271033365192,0.003712591854826604,1.141325046376307,0.42717992806837984
11.31,0.02875296336456551,0.0049141737664855165,0.7871678280848575,0.006110023237764502,0.0037183242952065314,1.14542606953336,0.4289095866363549
11.340000000000002,0.028743418585782388,0.004920420050751823,0.790028754702249,0.006116788790822197,0.0037240513106814484,1.1494564325629297,0.43060107684156834
11.37,0.02873387797742206,0.0049266703082102405,0.792798446632799,0.0061235677158912195,0.0037297729005292615,1.1533828452299664,0.4322140480356316
11.4,0.02872434181180713,0.004932950274527296,0.7954603798161065,0.006130374727590603,0.0037355258214639892,1.1571893591155484,0.43373140051666453
11.43,0.028714809892501227,0.004939265818808711,0.79801510390573,0.006137194544788523,0.003741337092828899,1.1608770097664038,0.4351531980450563
11.46,0.02870528219779414,0.004945605853674985,0.8004728976992921,0.006144011296085388,0.003747200411264582,1.16445973583794,0.4364860595606441
11.49,0.02869575937237904,0.004951963933139769,0.8028446300724054,0.00615083382682546,0.0037530940394540774,1.1679582990100257,0.437730961134785
11.520000000000001,0.028686242395113318,0.0049583661530725595,0.805135190721261,0.006157658231267752,0.0037590740748773667,1.1713941253811666,0.4388762560613554
11.549999999999999,0.02867673165129256,0.004964821669287901,0.8073422991426519,0.006164481751337136,0.0037651615872386648,1.174785190225403,0.4398994080599009
11.58,0.02866722632493397,0.004971302278603332,0.8094599505768868,0.006171314656875492,0.0037712899003311713,1.1781456186015005,0.440774282552273
11.610000000000001,0.028657724803593666,0.004977837452204388,0.8114849475619051,0.006178163932670411,0.0037775109717383655,1.1814884508004677,0.44148144432334263
11.64,0.02864822586179183,0.004984439003009113,0.8134242524283188,0.0061850179381051735,0.003783860067913053,1.1848293905324732,0.44201911432416463
11.670000000000002,0.028638729637686235,0.00499105779663186,0.8153003126897184,0.006191865377090537,0.0037902502161731824,1.1881891881479318,0.4424114372315048
11.7,0.028629237550320902,0.004997705730533762,0.8171521375869334,0.006198697632679721,0.003796713828387803,1.1915932598019667,0.44271101537189994
11.73,0.02861975120868479,0.005004385343352571,0.8190316353329699,0.0062055089382379285,0.0038032617484672136,1.1950691222176908,0.4429941484482489
11.76,0.02861027122180343,0.005011101865487606,0.8209963014286764,0.006212355155937311,0.0038098485750379008,1.198643359186582,0.4433492436707708
11.790000000000001,0.02860079687008122,0.005017841048830569,0.823099496476457,0.006219220472329147,0.003816461625331991,1.2023382116958683,0.44386078125704564
11.820000000000002,0.028591326827380352,0.005024624696585398,0.8253798453619623,0.00622613664253663,0.0038231127506341664,1.2061669522777605,0.44459273844616415
11.85,0.02858186024565061,0.005031441680738811,0.8278525589875589,0.006233106526974214,0.0038297768345034082,1.210129064100341,0.44557605387477683
11.88,0.028572397292322367,0.005038283112462563,0.8305056867779956,0.006240118770614809,0.0038364474543103166,1.2142075562156156,0.4468038173403757
11.91,0.028562938794017775,0.005045138116939601,0.8333032303038234,0.0062471553686225265,0.0038431208652566747,1.2183698821508164,0.4482365784568302
11.940000000000001,0.028553485423454723,0.00505201049443184,0.8362036934197385,0.00625421258181094,0.0038498084070527397,1.222569513247037,0.44983787359244
11.97,0.02854403717602357,0.005058941326189974,0.8391439833942514,0.006261305791951149,0.0038565768604288,1.2267624468132967,0.4515255199752062
12.0,0.028534593518059606,0.005065894584588524,0.8420615114832549,0.006268435952832116,0.003863353216344932,1.23091164624167,0.45321137672483974
12.03,0.028525153958623747,0.00507288299050511,0.8449179245578119,0.006275617484472387,0.003870148496537833,1.2349882404980055,0.45484760861761836
12.06,0.028515718480830954,0.005079894818820915,0.8476932334209818,0.006282839333061056,0.0038769503045807743,1.2389776145348796,0.4564088523070839
12.090000000000002,0.02850628748864519,0.0050869263548337295,0.850382549427709,0.006290095258896066,0.003883757450771393,1.2428792366727175,0.45788586218270044
12.120000000000001,0.02849686140223092,0.005093967604772981,0.852989365954108,0.006297361606339155,0.003890573603206808,1.246703157419573,0.45927557448864287
12.15,0.02848744031171806,0.005101029604473191,0.8555181425048165,0.006304638304782299,0.0038974209041640834,1.2504646020973036,0.46057168291232947
12.18,0.02847802396956979,0.0051080924968085655,0.8579689508879222,0.006311924580215952,0.0039042604134011793,1.254178702667509,0.46175919910833546
12.21,0.02846861205359339,0.005115164326201562,0.8603358012778697,0.006319231620482601,0.003911097031920522,1.2578572540938409,0.46281434846189856
12.24,0.02845920441536092,0.005122258097610321,0.862608973411601,0.006326577651792655,0.003917938543427987,1.2615083657483825,0.46370958107481947
12.270000000000001,0.028449801110909972,0.005129352785292654,0.8647805475437542,0.0063339336293775535,0.003924771941207755,1.2651386412875703,0.46442245379993824
12.299999999999999,0.028440402257049475,0.005136448187310564,0.866851349507525,0.0063412994688592465,0.003931596905761881,1.268756592971032,0.46494610604401776
12.33,0.028431007905568052,0.005143544101380052,0.8688368849367463,0.006348675024116103,0.003938413178644001,1.272375575899128,0.4652981939743646
12.360000000000001,0.028421618056700942,0.0051506897137556795,0.8707699426061214,0.006356052622067068,0.003945326805444291,1.2760148103421696,0.4655250748700732
12.39,0.02841223275321554,0.005157842174535304,0.8726985840558938,0.006363438598718206,0.003952245750352402,1.2796980604285717,0.465699107683216
12.420000000000002,0.02840285210986948,0.0051649951348091295,0.8746797320359129,0.0063708340067812515,0.0039591562628370075,1.2834505695069867,0.4659088945648391
12.45,0.02839347622096603,0.0051721486427657734,0.8767697262532679,0.006378238945889084,0.003966058339642463,1.2872950545429223,0.46624439796361344
12.48,0.028384105041105584,0.005179302670117438,0.8790138914483321,0.006385653442272934,0.003972951897961942,1.291247277236093,0.46678050566057117
12.51,0.02837473837925901,0.005186478235981094,0.8814376503772651,0.006393077386826844,0.003979879085135344,1.2953119074426107,0.4675633933119194
12.540000000000001,0.028365376035060896,0.005193726950522519,0.8840417341163502,0.006400501394538874,0.0039869525065061645,1.2994798942315755,0.468603574001125
12.570000000000002,0.028356017958040335,0.00520099601359657,0.8868031797515498,0.00640793430580069,0.003994057721392451,1.3037285160168826,0.46987784348621686
12.6,0.02834666428059919,0.005208265938139857,0.8896817115332459,0.0064153761925822865,0.004001155683697427,1.3080246634979098,0.471338759568582
12.63,0.02833731519380838,0.005215585784514009,0.892626852138319,0.006422823117740445,0.004008348451287573,1.3123315929934165,0.4729221112832217
12.66,0.02832797078266057,0.005222945080203731,0.8955853297280939,0.006430273729428558,0.004015616430978905,1.3166167841822134,0.47455387527397447
12.690000000000001,0.02831863097168742,0.005230340281395276,0.8985140771206281,0.006437745023193688,0.004022935539596864,1.320856354457713,0.4761717997835433
12.72,0.02830929562410149,0.005237781220273503,0.9013872075238818,0.006445242621619253,0.004030319818927753,1.3250373619639064,0.4777370530838573
12.75,0.028299964692919316,0.005245254074997623,0.904194071834911,0.006452748633859514,0.004037759516135732,1.3291580470683089,0.4792300966015131
12.78,0.028290638276050363,0.00525274679218352,0.9069330454077423,0.006460263258457371,0.004045230325909669,1.3332253286116524,0.48064076220383223
12.81,0.028281316520060464,0.005260239537592685,0.9096043912588854,0.00646778675740721,0.004052692317778159,1.3372504922990458,0.481958290218725
12.840000000000002,0.028271999461699653,0.005267732387768403,0.9122048973674415,0.006475319204483626,0.00406014557105318,1.3412446722285227,0.48316512250636023
12.870000000000001,0.02826268695823909,0.005275225687234735,0.9147257784474666,0.006482860640326528,0.004067590734142942,1.3452157186882747,0.48423583820665855
12.9,0.028253378780007547,0.005282725169293578,0.9171541797300268,0.006490411067011677,0.004075039271575478,1.349167420596412,0.48514093886364157
12.93,0.0282440747928861,0.005290242934867464,0.9194777925219578,0.0064979705240393,0.0040825153456956285,1.3531011074256476,0.48585447761826805
12.96,0.028234775077294362,0.005297763291921725,0.9216912885670242,0.006505539074391695,0.004089987509451755,1.357018786389644,0.4863637907444045
12.99,0.02822547988327867,0.005305283884711579,0.9238025737962264,0.006513116729412318,0.00409745104001084,1.3609264271097148,0.486678720482738
13.020000000000001,0.028216189456608136,0.0053128044852904744,0.9258366474112506,0.006520703471382945,0.004104905499198004,1.3648359886797594,0.4868373061427418
13.049999999999999,0.02820690387015462,0.005320324965924021,0.9278354012466816,0.00652829923643181,0.004112350695416231,1.3687653502806698,0.4869054522126934
13.08,0.028197622982041703,0.005327848704998637,0.9298528704198703,0.006535908065656701,0.004119789344340573,1.3727361494572097,0.48696959138253093
13.110000000000001,0.028188346539504902,0.005335393293217579,0.9319467782135005,0.006543550582221754,0.004127236004213403,1.37677013979876,0.487123416628241
13.14,0.028179074343117047,0.005342937495189863,0.9341682895052651,0.006551201639688538,0.004134673350691188,1.3808848803203158,0.48745169869021454
13.170000000000002,0.02816980635622044,0.005350481338345894,0.9365525101659775,0.006558861233841038,0.00414210144285075,1.385089647050839,0.4880153732811162
13.2,0.028160542699233966,0.0053580271466986806,0.93911225911489,0.006566532492151406,0.004149521801245955,1.389382587908512,0.488841930321268
13.23,0.028151283554895858,0.005365597364399343,0.941836795433903,0.006574245911905225,0.004156948816893461,1.3937501161230055,0.4899234747448004
13.26,0.028142029060944873,0.005373167478462501,0.9446955126036741,0.006581967942174519,0.004164367014750483,1.3981691454189438,0.49122187978840437
13.290000000000001,0.02813277925329196,0.00538073717558468,0.9476447650115285,0.006589698199227532,0.0041717761519418275,1.4026120056434426,0.4926775243796145
13.320000000000002,0.02812353407244918,0.005388306422768526,0.9506363504640244,0.006597436671357864,0.004179176174179187,1.4070525421791253,0.49422015874892333
13.35,0.0281142934072931,0.005395883277053296,0.9536273776420938,0.006605194200436594,0.004186572353669997,1.4114709428639918,0.4957838124201958
13.38,0.028105057146071578,0.0054034787963850575,0.9565877763730387,0.006612985509018534,0.004193972083751581,1.4158561685814688,0.4973193841646087
13.41,0.028095825219430683,0.005411073935567367,0.9595015807901921,0.006620784889531897,0.004201362981602837,1.4202060602224302,0.4987971013579539
13.440000000000001,0.028086597628304358,0.005418683961887516,0.962362685064829,0.006628613997578996,0.0042087539261960365,1.4245253418909423,0.5002000282387158
13.47,0.028077374445920487,0.005426326071245222,0.9651681220840129,0.006636495241506311,0.004216156900984133,1.4288222087401552,0.5015140354278708
13.5,0.028068155784075816,0.00543399348924208,0.9679122202124103,0.00664441968286307,0.004223567295621089,1.4331045699425866,0.5027198704822341
13.53,0.028058941731479083,0.005441687207662194,0.9705838629029078,0.006652388551741752,0.0042309858635826356,1.4373771337149754,0.5037905920908401
13.56,0.02804973229675774,0.005449420007993161,0.9731673765217982,0.006660418219761498,0.004238421796224824,1.4416403137797345,0.5046944392638619
13.590000000000002,0.028040527396662338,0.005457178153160345,0.9756464956271031,0.006668486282536304,0.004245870023784386,1.4458912985828745,0.505401692671332
13.620000000000001,0.0280313269060646,0.0054649679970257495,0.9780103027987216,0.006676602195894844,0.004253333798156655,1.4501268105782545,0.5058937950191886
13.65,0.028022130741976625,0.005472809849721521,0.9802595264166497,0.00668479566953589,0.004260824029907152,1.454346459210909,0.5061725936223904
13.68,0.028012938922698988,0.005480675218472327,0.9824112340502783,0.006693027766130207,0.004268322670814447,1.4585553838606202,0.5062670842399364
13.71,0.028003751555201642,0.005488596214791448,0.9845001483261585,0.0067013415914263935,0.004275850838156502,1.4627651769103052,0.5062351197420119
13.74,0.027994568756046043,0.005496549789549087,0.9865756410831438,0.006709706107002398,0.004283393472095776,1.4669927362243647,0.5061585459419229
13.770000000000001,0.027985390564084854,0.005504512044845392,0.9886946862800046,0.006718088438481413,0.00429093565120937,1.471257376483679,0.5061319960763301
13.799999999999999,0.027976216911846666,0.005512489538684228,0.9909122672754286,0.006726497226686621,0.004298481850681835,1.4755769515476738,0.5062475830031835
13.83,0.027967047677202636,0.005520468027357535,0.9932715787351474,0.006734913745479846,0.004306022309235225,1.4799639081319012,0.5065792493383936
13.860000000000001,0.02795788277408348,0.005528478161917675,0.9957965535432709,0.006743378232082461,0.004313578091752889,1.4844222408033163,0.5071708662832255
13.89,0.027948722212135502,0.005536511297671019,0.9984886068315697,0.006751873999863912,0.0043211485954781255,1.4889462558050015,0.5080309578581378
13.920000000000002,0.02793956608249714,0.0055445439407054995,1.0013281379033288,0.006760375131176026,0.004328712750234973,1.4935217447648639,0.5091345310417936
13.95,0.02793041448581536,0.005552588530739888,1.0042798874886365,0.0067688967211056725,0.004336280340374103,1.4981295068256457,0.5104302681516273
13.98,0.027921267460765748,0.00556069757010956,1.0073007724081744,0.006777479928032937,0.004343915212186183,1.5027501683367186,0.5118513764796302
14.01,0.0279121249649879,0.005568820636412697,1.0103489064959936,0.006786080537666375,0.00435156073515902,1.5073685142407767,0.5133292987512106
14.040000000000001,0.027902986914945173,0.005576984168489076,1.013391250194814,0.006794728639910226,0.004359239697067926,1.5119759528797774,0.5148065475098504
14.070000000000002,0.02789385324652362,0.005585151215462409,1.0164068729504303,0.0068033856141159746,0.004366916816808844,1.5165707389735896,0.5162430069272709
14.1,0.027884723949447757,0.005593317715356751,1.0193850527744701,0.006812047204383513,0.004374588226329989,1.5211562752140666,0.5176138303348736
14.13,0.027875599057635838,0.005601483717822784,1.0223198039210257,0.006820713435966792,0.0043822539996787755,1.5257382818218352,0.5189013260202163
14.16,0.027866478614698112,0.005609649278673068,1.0252037308710429,0.006829384341614221,0.004389914215731914,1.5303217718368656,0.5200856899052202
14.190000000000001,0.027857362646901824,0.005617814442097792,1.0280241889517092,0.0068380599440665355,0.0043975689401290485,1.5349086294835779,0.5211397484198407
14.22,0.027848251159271552,0.005625979237242649,1.0307632653875571,0.006846740251521861,0.004405218222963437,1.5394964724587565,0.5220300583163577
14.25,0.02783914414565208,0.005634148530307506,1.03340121187215,0.006855430251101358,0.004412866809513654,1.54407926766695,0.5227231560773502
14.28,0.027830041595232623,0.005642340395602517,1.0359220451130924,0.0068641484800282745,0.004420532311176759,1.548649609400456,0.5231944808257287
14.31,0.027820943490191607,0.00565053198105852,1.0383198075288251,0.006872871360783968,0.004428192601333073,1.5532019036210276,0.5234377114366227
14.340000000000002,0.02781184980451551,0.005658723338461023,1.0406038052928102,0.006881598915865734,0.004435847761056312,1.5577353245737748,0.5234722860118455
14.370000000000001,0.027802760514441742,0.005666914532787276,1.0428011365183905,0.006890331174845901,0.004443497890728652,1.5622554822142825,0.5233467908224985
14.399999999999999,0.027793675616278442,0.0056751056326119625,1.0449553128786868,0.0068990681674432515,0.004451143097780674,1.5667742113407934,0.5231364144165801
14.43,0.027784595134566208,0.00568329671344075,1.0471207739124795,0.0069078099324689805,0.00445878349441252,1.5713075389646343,0.5229340088603248
14.46,0.027775519108252045,0.005691487921208523,1.049354296933789,0.006916556587127586,0.00446641925528946,1.5758724168390725,0.5228361770285054
14.49,0.027766447562131633,0.00569968467261153,1.051705308490264,0.0069253136376938255,0.004474055707529234,1.580483076669913,0.5229275403106148
14.520000000000001,0.02775738048651425,0.005707899696198632,1.0542075349351725,0.006934094039432101,0.004481705352965164,1.5851479236624806,0.5232671462078644
14.549999999999999,0.027748317843412734,0.005716115539566114,1.0568740623985946,0.006942879929423735,0.004489351149708493,1.5898678089274059,0.5238803158697835
14.58,0.02773925959533173,0.0057243316924684,1.059696795268499,0.006951670754159547,0.004496992630777253,1.5946362789870747,0.5247573115499234
14.61,0.02773020573284717,0.005732548597721472,1.062650021476745,0.006960466914094824,0.004504630281348119,1.5994418837171254,0.5258581592363646
14.64,0.027721156278109556,0.005740766825366684,1.0656970107843369,0.006969268941684057,0.004512264709049312,1.6042718436806922,0.5271221778879814
14.670000000000002,0.02771211126250535,0.005748985827184189,1.0687982202286532,0.00697807630968098,0.004519895344687398,1.609115716351693,0.5284807241056135
14.7,0.027703070698885755,0.0057572052181771045,1.0719189329986343,0.006986888653115522,0.004527521783238687,1.613967740374017,0.5298701256232516
14.73,0.02769403457219846,0.0057654249247122156,1.075033811818268,0.00699570590751255,0.004535143941911881,1.6188272205668475,0.5312404030696886
14.76,0.027685002854798454,0.005773644956011396,1.078127126561286,0.007004528083746055,0.0045427618282767365,1.6236970885608313,0.5325571645617406
14.790000000000001,0.027675975530846813,0.005781865379924149,1.0811892165221613,0.007013355230673594,0.004550375529174705,1.6285813824132744,0.533797050631048
14.82,0.02766695260777549,0.005790086372899297,1.0842110054995868,0.007022187443699872,0.004557985302098722,1.6334826537024751,0.5349393572966984
14.85,0.027657934106266865,0.005798308358782561,1.0871791933686188,0.007031024891610536,0.004565591825954587,1.638400084860186,0.5359583018770515
14.879999999999999,0.027648920039830847,0.0058065321527250744,1.0900746528489558,0.0070398678369265905,0.004573196468523558,1.6433286786761259,0.5368206270217858
14.91,0.02764027417615967,0.005814758220200372,1.0928748802357364,0.007048716479185821,0.004580799961214924,1.6482597156964367,0.537490044775036
14.940000000000001,0.0276318522974274,0.0058229858286966,1.0955593300798987,0.007057570802589523,0.004588400854803678,1.6531825683586505,0.5379360918011468
14.97,0.027623435021190156,0.005831238243734395,1.0981157692013592,0.007066433838505104,0.0045960426489636864,1.6580875270476039,0.5381440113551145
15.0,0.027615022338332507,0.005839494173044256,1.1005459614149316,0.007075302936379056,0.004603685409709455,1.6629687919902425,0.5381231308396207
15.03,0.02760661425752107,0.0058477551999436776,1.1028691631757537,0.0070841784865055026,0.0046113319133818526,1.6678266273567748,0.5379116989947326
15.06,0.027598210793672442,0.005856039224068754,1.1051221846677288,0.00709306279750401,0.004619015650633499,1.6726679407599776,0.5375764285754799
15.09,0.027589811953616313,0.0058643239538039415,1.1073554732398943,0.007101953382642017,0.004626694524965866,1.6775050967360106,0.5372058497437779
15.120000000000001,0.027581417730951345,0.0058726094584547455,1.1096257443623223,0.007110850466393043,0.004634368450516448,1.6823533411032634,0.5368981476213812
15.149999999999999,0.027573028112333357,0.005880895825921234,1.1119867575182538,0.0071197542257698,0.0046420374260726675,1.6872275768759275,0.53674593816058
15.18,0.027564643087410853,0.005889183112439753,1.1144804822243473,0.007128664764591961,0.004649701460287545,1.6921393372790399,0.5368216271696546
15.21,0.02755626265319354,0.005897471334158303,1.1171308118727477,0.007137582098033392,0.004657360570283214,1.6970947312880322,0.5371668924574632
15.24,0.027547886810690883,0.005905760471244765,1.1199411631970229,0.007146506146977285,0.004665014795512245,1.7020939414174965,0.5377883849765491
15.270000000000001,0.027539515559271192,0.005914075018279697,1.1228961615333115,0.007155439246167681,0.004672710790391712,1.70713247044361,0.5386598526230131
15.299999999999999,0.027531148895096044,0.005922393121138236,1.1259667151461534,0.007164378836032378,0.004680407406244095,1.712203732020313,0.539729698271994
15.33,0.02752278681441484,0.005930720177741876,1.12911720414953,0.007173325163432367,0.004688115192051386,1.7173019858269287,0.5409324224721315
15.36,0.027514429316988796,0.005939066824799292,1.1323128592054208,0.007182278944116965,0.0046958547054816195,1.7224244556546284,0.5422012627562132
15.39,0.027506076405093824,0.005947437129778685,1.1355250802288888,0.007191240232117313,0.004703634027440057,1.727571868305302,0.5434782921524753
15.420000000000002,0.027497728078664237,0.005955839333100254,1.138733275572362,0.007200209533010612,0.004711469133189896,1.7327473163717215,0.5447192347730025
15.45,0.027489384331587877,0.005964241791863652,1.1419232599928768,0.007209183497991396,0.004719300085735909,1.737953986393861,0.5458925335918927
15.48,0.027481045153400538,0.005972644531650497,1.1450833017828994,0.007218161874171456,0.004727127189129538,1.7431927097714475,0.5469738937943512
15.51,0.02747271053547523,0.005981064788499519,1.1481994880608564,0.007227146089370503,0.004734983487628535,1.7484602901229096,0.5479386859988031
15.540000000000001,0.02746438047627643,0.0059894950406965295,1.151252607531066,0.007236135116066403,0.004742854965326656,1.7537490826821651,0.5487561323799671
15.57,0.02745605498076353,0.005997925750576477,1.1542186648675223,0.007245127674498641,0.004750723826654314,1.759047731027057,0.5493895987079876
15.6,0.027447734054176873,0.0060063573471091135,1.1570733412918963,0.007254123413357144,0.004758591280861083,1.7643428396839758,0.5498038428998169
15.629999999999999,0.027439417695529066,0.00601479061999051,1.159798530752203,0.007263121939667847,0.0047664593003131734,1.7696214222111153,0.5499756392932906
15.66,0.027431105896401534,0.00602322646986214,1.1623886359082078,0.00727212286298468,0.0047743300767396,1.7748736854421776,0.549903586374238
15.690000000000001,0.027422798645927525,0.006031665243034509,1.1648549529928163,0.007281126053375564,0.004782204432693453,1.7800953720528043,0.5496145339328283
15.72,0.02741449593749389,0.00604010835653943,1.1672269839331222,0.007290133650850881,0.0047900830622279785,1.785288906698681,0.5491650611675634
15.75,0.0274061977715137,0.00604855442624512,1.1695499992774379,0.007299145432333752,0.004797963420156488,1.7904629657760145,0.5486370327788611
15.78,0.027397904152342115,0.006057002226001233,1.1718789918623918,0.007308161012257476,0.00480584343974499,1.79563061426656,0.5481273694582236
15.81,0.027389615082393855,0.006065449860429831,1.1742701874116297,0.007317178951500799,0.004813720769358864,1.800806584167911,0.5477337906553484
15.84,0.02738133055844374,0.006073897135745991,1.1767720878937418,0.0073261992036595955,0.004821595067832386,1.806004450188484,0.5475397255989994
15.870000000000001,0.02737305057273292,0.0060823441029424115,1.1794182015890822,0.007335221756697356,0.004829466449187467,1.8112344148328474,0.5476019883453168
15.899999999999999,0.027364775117352018,0.00609079277358158,1.1822230428896716,0.007344248339528901,0.004837337207634259,1.8165022456528883,0.5479438401264549
15.93,0.027356504188021085,0.006099243210058043,1.1851819930103995,0.007353278534575809,0.004845207885540276,1.8218096242665092,0.5485543617542898
15.96,0.02734823778447971,0.0061076964094440795,1.18827470640813,0.007362312623981503,0.004853080194906656,1.8271557329237815,0.5493936798924786
15.99,0.02733997590786265,0.006116153210671869,1.1914710726078945,0.007371350702898837,0.004860955718444901,1.8325394149784495,0.5504027302373394
16.02,0.027331718557749463,0.006124615634052102,1.1947380774872007,0.007380394459586387,0.0048688368085178175,1.8379609723390629,0.5515151826353386
16.05,0.02732346573124587,0.006133082542607184,1.1980454984691418,0.007389443149799852,0.0048767219354145155,1.8434228103030814,0.5526681866352021
16.08,0.027315217424194866,0.006141551144232286,1.2013688747890496,0.00739849477327694,0.004884607515187632,1.8489286309121762,0.5538091186659231
16.11,0.02730697363277433,0.006150021096431342,1.2046894298212962,0.007407549710314039,0.004892492482548646,1.8544814731280015,0.5548973865145911
16.14,0.027298734353908116,0.006158491141652266,1.207991691108762,0.00741660721908332,0.004900375064221212,1.8600813709302184,0.5559020112873057
16.17,0.02729049958454857,0.006166966331936785,1.2112599893527236,0.007425667519569759,0.00490826514430381,1.8657235742865166,0.5567964044189307
16.2,0.02728226932112572,0.006175454461632057,1.2144751286345898,0.007434731360290269,0.0049161775629738445,1.8713980566327089,0.5575522006364708
16.23,0.02727404356009986,0.006183941292359365,1.2176129262944184,0.0074437967753833234,0.004924085809335407,1.8770904483346587,0.5581354042541783
16.26,0.02726582229916536,0.006192426685740919,1.2206464674822675,0.007452863698397933,0.004931989673083905,1.8827839897435736,0.5585089452209614
16.29,0.027257605537726083,0.00620091054523317,1.2235521304126602,0.00746193207491281,0.00493988901555353,1.8884621133536854,0.558642147471635
16.32,0.027249393275795744,0.006209392799419608,1.2263168985528583,0.007471001857559739,0.004947783741279477,1.8941113646274048,0.5585224324783119
16.349999999999998,0.02724118551196525,0.006217873392856833,1.2289440686126574,0.007480073003519615,0.00495567378219405,1.8997239357371778,0.5581642014881368
16.38,0.02723298224212803,0.00622635228035587,1.2314556996048032,0.007489145472739831,0.004963559087971909,1.9052989463248031,0.5576124528848032
16.41,0.027224783460216895,0.006234829423488175,1.2338913010528907,0.007498219226722247,0.004971439620254103,1.9108422239950973,0.5569403781106841
16.44,0.02721658916057004,0.006243304788663797,1.2363029587290777,0.007507294228023426,0.004979315349304169,1.9163648761372454,0.55624104132091
16.470000000000002,0.027208399340118518,0.006251778346165338,1.2387477241581186,0.007516370440360181,0.004987186251970495,1.9218810740138133,0.5556143743024241
16.5,0.02720021399865663,0.006260250069545336,1.2412788342875976,0.007525447828892088,0.004995052310198584,1.927405537923642,0.555152130651553
16.53,0.027192033136996176,0.006268719935008238,1.2439377812153691,0.007534526360245427,0.0050029135097710495,1.9329512839494396,0.5549242784812985
16.56,0.02718385675448419,0.0062771879207275515,1.2467490138098394,0.007543606002178103,0.005010769839277,1.938528185679333,0.5549698419403456
16.59,0.027175684847785674,0.006285654006274111,1.2497182704563474,0.007552686723148025,0.005018621289400197,1.944142791217372,0.5552937496953227
16.62,0.027167517411703396,0.006294118172306484,1.252834604234731,0.007561768492106829,0.005026467852506138,1.9497994456015513,0.5558697628679105
16.65,0.02715935444118256,0.006302580400482659,1.2560752111717868,0.00757085127858635,0.005034309522378967,1.9555020266346155,0.5566483957089582
16.68,0.027151195932874482,0.006311040673421917,1.2594114358626902,0.007579935052865561,0.005042146293978272,1.9612552038695055,0.557567667855875
16.71,0.027143041885215033,0.0063194989746108935,1.262814234892473,0.00758901978598574,0.005049978163236047,1.9670646883354481,0.5585637814494977
16.740000000000002,0.027134892297270483,0.006327955288290627,1.266257793769562,0.007598105449591143,0.005057805126990111,1.97293653609421,0.5595790514449142
16.77,0.027126747167470495,0.006336409599412073,1.2697205979784931,0.007607192015775489,0.0050656271830486575,1.9788755430964904,0.5605656528604958
16.8,0.027118606493166338,0.0063448618936660425,1.2731840385409356,0.0076162794570986195,0.0050734443302334654,1.984882800463037,0.5614852766188344
16.83,0.02711047027107052,0.0063533121575308675,1.27662939093104,0.0076253677467353264,0.005081256568326409,1.9909529121039866,0.5623058697580935
16.86,0.027102338497928667,0.00636176038009295,1.2800346141428574,0.007634456858597364,0.005089063901588537,1.99707216487949,0.5629970634062247
16.89,0.027094211170805956,0.006370224627031771,1.2833726672574077,0.007643547157847359,0.005096902096216183,2.0032193388322552,0.5635259956825603
16.92,0.02708608828694497,0.006378691119190632,1.2866127417859696,0.007652638156801719,0.005104744081579545,2.00936946232197,0.5638560212499691
16.95,0.027077969843600135,0.006387155559289639,1.2897252522830494,0.007661729720554327,0.005112581398024951,2.015498785257845,0.5639517193082536
16.98,0.02706985583814985,0.006395617934796188,1.2926896274760018,0.007670821824531089,0.0051204140450612865,2.0215890395261575,0.5637902154258461
17.01,0.027061746268334755,0.006404078234034399,1.2955015812768773,0.0076799144447042625,0.005128242023364536,2.027630119464383,0.5633730430893715
17.04,0.027053641132218587,0.00641253644608666,1.298176887825435,0.007689007557806782,0.0051360653343665375,2.0336209129305463,0.5627328627203234
17.07,0.027045540427723988,0.0064209925606086736,1.3007507747702902,0.007698101141230403,0.005143883979986944,2.0395683025314764,0.5619332470091041
17.099999999999998,0.02703744415209722,0.006429446567545563,1.3032733803939858,0.007707195172664941,0.005151697962426184,2.045484828239679,0.5610619325482925
17.13,0.02702935230184718,0.006437898456942494,1.3058023217139518,0.007716289629773889,0.0051595072841111,2.051385810710709,0.5602188327171947
17.16,0.027021264873336417,0.00644634821898766,1.3083939074930586,0.0077253844901695335,0.005167311947805786,2.0572866463957062,0.5595011685904111
17.19,0.027013181863589898,0.006454795844248132,1.3110949162290586,0.0077344797316819345,0.005175111956814329,2.0632007841005113,0.5589890483576059
17.220000000000002,0.027005103270629688,0.006463241323912355,1.3139367782070255,0.007743575332659672,0.005182907315165038,2.069138797861074,0.5587347585529772
17.25,0.026997029093016447,0.0064716846498668705,1.3169332597617212,0.00775267127203244,0.005190698027701301,2.075108776590948,0.5587577429324941
17.28,0.026988959328954974,0.006480125814591826,1.32008169848261,0.007761767529100235,0.005198484100083417,2.081117777509267,0.5590456194559529
17.31,0.026980893975696814,0.0064885648110071525,1.3233669496526408,0.007770864083251869,0.005206265538762436,2.0871735649863776,0.5595603343189037
17.34,0.02697283302970911,0.00649700163241809,1.3267666088304075,0.007779960913844257,0.0052140423509919225,2.0932856455507163,0.5602475721100989
17.37,0.026964776487426907,0.0065054362726062005,1.3302558311589234,0.0077890580002898165,0.0052218145449225845,2.0994648719205173,0.5610467903973296
17.4,0.026956724345948296,0.006513868726005443,1.3338103974324822,0.007798155322203523,0.005229582129807364,2.1057215149667137,0.5618992798982506
17.43,0.026948676603135737,0.006522298987878119,1.337407545234853,0.007807252859432091,0.0052373451163241465,2.112062388146957,0.5627527023227491
17.46,0.02694063325713526,0.006530727054455039,1.3410249979271365,0.007816350591919865,0.005245103516990212,2.1184879838627872,0.5635620119914857
17.490000000000002,0.026932594305791847,0.006539152923086964,1.3446391760743883,0.0078254484995158,0.005252857346658127,2.1249905111876313,0.5642878409611451
17.52,0.02692455974644168,0.006547576592531831,1.3482237260133896,0.007834546561843892,0.00526060662321977,2.131553454657473,0.5648939973693061
17.55,0.026916529576152502,0.006555998063647247,1.3517492245270086,0.007843644758207115,0.005268351369087378,2.1381530095140313,0.565345439539986
17.58,0.026908503792085814,0.006564417341974867,1.3551842972915789,0.007852743067061027,0.005276091616888706,2.1447613912416474,0.5656072033415102
17.61,0.02690048239162833,0.0065728344861805095,1.3584982609359595,0.007861841454527438,0.005283827517833581,2.1513514011380153,0.5656451207339035
17.64,0.026892465372248705,0.006581268291522146,1.3616661241520758,0.007870935402740843,0.005291601180303449,2.1579009158102522,0.5654313324938994
17.67,0.026884452731318904,0.006589706902566249,1.364675724171639,0.00788002754239487,0.005299386262737628,2.164395975834353,0.5649554725089246
17.7,0.026876444466131126,0.006598143280590007,1.3675337482399876,0.007889119509621794,0.005307167051558219,2.17083201269051,0.5642354837894652
17.73,0.026868440574081533,0.006606577415731402,1.370267482614914,0.007898211288383465,0.005314943543079339,2.17721332499782,0.5633216402320081
17.76,0.026860441052792786,0.0066150093089794425,1.3729218194399366,0.0079073028603291,0.005322715757629786,2.1835511149579334,0.56229252392194
17.79,0.02685244590000403,0.006623438964609033,1.3755526346309468,0.00791639420654727,0.005330483722670795,2.189860705952595,0.5612445633092987
17.82,0.026844455113303696,0.006631866389827785,1.3782181911006854,0.007925485307464415,0.005338247472191155,2.1961587399669273,0.5602776422344437
17.849999999999998,0.026836468689962534,0.006640291595502168,1.3809705577927545,0.007934576142448775,0.005346007048555561,2.202461013524662,0.5594801020608471
17.88,0.026828486627042618,0.006648714598286704,1.3838489585048073,0.007943666689135499,0.005353762507437909,2.2087813267687246,0.5589165902408898
17.91,0.026820508921701076,0.006657143630137153,1.3868762601795301,0.007952754677369021,0.005361532582905284,2.215131443013364,0.5586210773456961
17.94,0.026812535571413054,0.006665592160167474,1.3900588501543798,0.00796183627171285,0.005369348048622097,2.2215219549729652,0.5585957453357944
17.970000000000002,0.02680456657391204,0.006674060842534897,1.3933893429254867,0.007970911067234927,0.005377210617834868,2.227963521254455,0.5588151645965184
18.0,0.026796601926911343,0.006682527657054297,1.3968509592976806,0.007979985073611398,0.0053850702404971956,2.2344677203208274,0.5592341982745335
18.03,0.026788641627873436,0.006691004323994986,1.4004220872366868,0.007989054938317315,0.005392953709672656,2.2410468433410236,0.55979733113235
18.06,0.026780685674032093,0.0066994916272459255,1.4040796575387577,0.007998120336301918,0.005400862918189933,2.2477123436811866,0.5604469713963287
18.09,0.026772734062624436,0.006708024973222968,1.407800571280043,0.008007174689203596,0.005408875257242342,2.2544722284752883,0.5611289140847977
18.12,0.026764786791093745,0.00671656955004756,1.411561244055576,0.008016224604689027,0.005416914495406092,2.2613281670656695,0.5617943210454824
18.15,0.02675684385707145,0.006725157605191569,1.4153360771194852,0.008025263274165948,0.005425051936217189,2.268273283860424,0.5623988703785466
18.18,0.026748905258173958,0.00673377086355231,1.419096090312369,0.008034293558078864,0.005433248169025757,2.2752914311372274,0.5629007494875109
18.21,0.026740970991823723,0.006742410272109114,1.4228088830332264,0.008043315948064095,0.005441504596154133,2.2823583214833785,0.5632594445830742
18.240000000000002,0.026733041055271224,0.0067510812440708095,1.4264404573174165,0.008052331741048253,0.005449830747093366,2.2894444471319524,0.5634364675028808
18.27,0.02672511544579359,0.006759761430317989,1.4299584260546572,0.008061344264915372,0.005458178595720605,2.2965193441492007,0.5633975079601138
18.3,0.026717194160875857,0.006768446725009294,1.4333356729035154,0.008070353806831526,0.005466539643187063,2.3035563854147743,0.5631149603922564
18.33,0.026709277198197094,0.006777161547111673,1.4365547619170584,0.008079354713126614,0.0054749683810967325,2.3105368163363926,0.5625727074977244
18.36,0.026701364555432913,0.006785882865962519,1.4396136963274784,0.008088351814298133,0.0054834139176269045,2.3174518065262557,0.5617755861287012
18.39,0.026693456230059184,0.006794602587188242,1.4425303637189018,0.008097347037552664,0.005491858136823821,2.3243023432198595,0.5607583842179441
18.42,0.026685552219340034,0.006803323026639505,1.4453422638766862,0.008106340087503733,0.005500305965775275,2.331097570590834,0.5595869571625383
18.45,0.026677652520508938,0.0068120610120798435,1.4481013663780888,0.008115328550527347,0.00550879347363234,2.3378522255290606,0.5583505072271172
18.48,0.026669757130974827,0.006820798929259702,1.4508659790533827,0.008124314916253428,0.005517282942265975,2.3445838480867875,0.5571481100199777
18.51,0.026661866048366286,0.00682953446471824,1.4536918944174173,0.008133299509677148,0.005525769419759333,2.351310415935437,0.5560733728993974
18.54,0.026653979270386687,0.006838267479626015,1.4566249312316626,0.008142282345699175,0.005534252613552856,2.3580488289519144,0.5552010335114107
18.57,0.02664609679461441,0.006846997931133256,1.4596962879089554,0.008151263425345272,0.00554273243692124,2.3648143871676295,0.5545781886502816
18.599999999999998,0.02663821861842846,0.006855725798462812,1.4629211561343094,0.008160242746404322,0.005551208850521303,2.3716211273460095,0.5542211849226092
18.63,0.026630344739109024,0.006864451069080826,1.4663002510880117,0.008169220305476324,0.005559681832685327,2.3784826080901253,0.5541178940858981
18.66,0.026622475154012566,0.006873173734409211,1.4698233155938891,0.008178196098673264,0.005568151370145158,2.3854125343254156,0.5542340968623629
18.69,0.026614609860664364,0.006881893788129009,1.4734732493877434,0.008187170121943605,0.005576617454314413,2.392424609765194,0.5545218890102929
18.720000000000002,0.026606748856700942,0.006890611225374448,1.477229515748026,0.008196142371234524,0.005585080079514372,2.399531264935834,0.5549277665602184
18.75,0.02659889213972972,0.006899326042273993,1.4810699452747182,0.008205112842563226,0.00559353924198476,2.40674136871789,0.5553985218315466
18.78,0.026591039707236537,0.006908038235665056,1.4849707692999603,0.008214081532047827,0.005601994939282285,2.414057513776451,0.5558840248234697
18.81,0.02658319155661488,0.006916747802938522,1.4889054309165437,0.008223048435940218,0.005610447169936827,2.4214737541620863,0.5563371076710009
18.84,0.026575347685270184,0.006925454741996962,1.4928432556934543,0.008232013550686954,0.0056188959333069695,2.4289746296022345,0.5567118817846743
18.87,0.026567508090694792,0.006934159051287873,1.4967492185923126,0.00824097687301334,0.0056273412295624065,2.436535961561308,0.5569624756233174
18.9,0.02655967277044865,0.006942860729866597,1.5005856914166464,0.008249938400015543,0.00563578305971765,2.4441274228852867,0.5570439599480059
18.93,0.026551841722079382,0.006951559777463376,1.504316244524537,0.008258898129252098,0.005644221425674654,2.451716457940414,0.5569160311086603
18.96,0.026544014943068253,0.00696025619457441,1.5079104964894467,0.008267856058854495,0.0056526563302943264,2.459272856342803,0.5565481366360908
18.990000000000002,0.0265361924308556,0.006968949982624107,1.5113482815269734,0.008276812187692916,0.005661087777555298,2.4667731226861713,0.5559234403677753
19.02,0.026528374182914764,0.006977641144248962,1.5146226276421808,0.00828576651563963,0.005669515772858295,2.4742036046473306,0.555041650637031
19.05,0.02652056019679632,0.006986329683746308,1.5177430711457514,0.008294719043971865,0.005677940323520751,2.481561416270224,0.5539247260212786
19.08,0.026512750470094777,0.006995015607750698,1.5207381872476724,0.008303669775973011,0.005686361439528385,2.488853184733349,0.552623189761996
19.11,0.02650494500036676,0.007003698926280331,1.523653612989102,0.008312618717852084,0.005694779134708579,2.4960925921445862,0.5512146338336178
19.14,0.026497143785079565,0.007012379654456959,1.5265452867602956,0.008321565880221718,0.005703193428692201,2.503297589890872,0.5497929836297188
19.17,0.026489346821640888,0.007021057815527328,1.5294706211624847,0.008330511280584155,0.005711604350470501,2.5104878744868815,0.5484533678380876
19.2,0.026481554107488207,0.007029733446677908,1.532480376003516,0.008339454947547386,0.00572001194580843,2.5176830449230563,0.5472777070839757
19.23,0.026473765640158825,0.007038406614306297,1.5356129770629796,0.0083483969259249,0.0057284163026876935,2.5249016424170216,0.5463243117089378
19.26,0.02646598141727685,0.007047082452133006,1.538891916102918,0.008357333897024309,0.005736831007241703,2.5321610107437142,0.5456228214621218
19.29,0.026458201436468,0.007055776367775148,1.5423260881477663,0.008366255604189323,0.0057452971313609715,2.5394776575887614,0.5451745187067711
19.32,0.026450425695274164,0.007064468528483717,1.5459123553232235,0.008375175974824303,0.0057537610821431304,2.546867612524819,0.5449570981216278
19.349999999999998,0.026442654191142438,0.007073159642151728,1.5496391480740834,0.008384095757437496,0.005762223526865962,2.5543462408411552,0.5449320553070116
19.380000000000003,0.02643488692149335,0.007081851301709628,1.5534897590030547,0.008393016393532151,0.005770686209887105,2.5619271409079527,0.545052377098157
19.41,0.026427123883809522,0.007090545786679896,1.557444332459837,0.008401939937273098,0.0057791516360866935,2.5696201178354747,0.5452685470841994
19.439999999999998,0.026419365075668843,0.007099243747470201,1.5614802283259845,0.008410866963159428,0.005787620531780974,2.5774286698557827,0.5455317867961864
19.470000000000002,0.02641161049469868,0.007107943249168919,1.5655711372963228,0.008419795708268493,0.005796090790069345,2.5853477524652355,0.5457945221274101
19.5,0.026403860138493628,0.00711664232212548,1.5696858580023343,0.008428724383290016,0.005804560260960944,2.593362635204768,0.5460090807999007
19.53,0.026396114004570335,0.007125339914863038,1.5737878816432709,0.00843765203215346,0.005813027797572615,2.6014494061325366,0.5461263571540051
19.56,0.026388372090392666,0.007134035531850385,1.577836747409657,0.008446578202444972,0.005821492861255799,2.6095772334605236,0.5460962613587905
19.59,0.026380634393440683,0.0071427289295898444,1.5817915440320272,0.008455502669768597,0.005829955189411092,2.6177120479822746,0.5458710400817797
19.62,0.026372900911260412,0.007151419979172457,1.585616130194082,0.008464425313093677,0.005838414645251236,2.6258209837284965,0.5454112766596677
19.65,0.026365171641454337,0.007160108607574248,1.5892848351065423,0.00847334606135422,0.005846871153794276,2.633876741482365,0.5446929287307192
19.680000000000003,0.026357446581627142,0.007168794771495054,1.5927867536541946,0.008482264869201266,0.005855324673788841,2.6418610444946324,0.5437124628137571
19.71,0.026349725729336394,0.007177478445839853,1.5961272461509042,0.008491181704462235,0.00586377518721747,2.6497665082962083,0.5424879840055998
19.74,0.026342009082090508,0.007186174282730617,1.5993279786745371,0.00850008577412361,0.0058722627913376235,2.6575964659737794,0.5410594913752951
19.77,0.02633429663739086,0.00719488024997022,1.6024267814148605,0.008508978406825775,0.005880782093114665,2.6653629281112217,0.5394906347184996
19.8,0.026326588392775532,0.007203607118173056,1.6054744059462545,0.00851785150147889,0.005889362734867222,2.6730837118827235,0.5378651000097854
19.830000000000002,0.026318884345828283,0.007212331674268283,1.6085271854074092,0.008526722088457216,0.005897941260079351,2.680779705164123,0.5362746656506958
19.86,0.026311184494147606,0.007221053725804296,1.6116386785878603,0.008535590298807731,0.0059065171528008605,2.688472728036597,0.5348046291391233
19.889999999999997,0.026303488835309686,0.007229788862839576,1.6148530712299882,0.008544444475758079,0.005915133249921073,2.6961841939538083,0.5335219485061682
19.92,0.026295797366859282,0.007238531145539259,1.6182013903718884,0.008553288957065528,0.0059237733340129885,2.7039345559029915,0.532468224840785
19.95,0.026288110086331435,0.007247283449591564,1.6217005956949413,0.008562121519340155,0.005932445379842973,2.7117432808015822,0.5316579105883004
19.98,0.026280426991281892,0.007256046134543158,1.6253550677131592,0.008570941821083618,0.005941150448002698,2.7196289244601495,0.5310812109661691
20.01,0.026272748079293202,0.007264828523209264,1.629159516362634,0.00857974277523607,0.005949914271182459,2.7276088341173566,0.5307101986079115
20.04,0.026265073347955838,0.007273635661794756,1.6331020363110154,0.008588520502486272,0.00595875082110324,2.7356981152259263,0.5305059573961044
20.07,0.026257402794843863,0.007282443306705086,1.6371662046750464,0.008597293243744577,0.005967593369665595,2.743907783687562,0.5304246256625305
20.099999999999998,0.02624973641751087,0.0072912632447751325,1.641331709676752,0.008606052098291078,0.005976474391259187,2.7522424204952793,0.5304209988582247
20.130000000000003,0.026242074213509648,0.007300088317739994,1.6455737159439277,0.008614802461248478,0.005985374174231509,2.7606979864602437,0.5304494454276119
20.16,0.026234416180416997,0.007308911405685291,1.649861742869087,0.00862354970763849,0.005994273103732091,2.7692605669227133,0.5304629188154604
20.189999999999998,0.02622676231583606,0.007317732969406127,1.654159112548875,0.008632293493003604,0.006003172445808651,2.7779066347021777,0.5304115903955724
20.220000000000002,0.026219112617375365,0.007326563560862409,1.658423932476198,0.008641025858333939,0.006012101263390878,2.786605027902821,0.5302428370495749
20.25,0.026211467082622533,0.007335402423289041,1.6626121119359416,0.008649747387288187,0.006021057459289896,2.795320405172749,0.529903818699134
20.28,0.026203825709137138,0.00734423964045395,1.6666822185630747,0.008658465572989651,0.006030013707918249,2.804017597419006,0.5293468397071435
20.31,0.026196188494471986,0.007353074439895284,1.6706013230590497,0.008667181005816543,0.0060389678739740235,2.8126660667131476,0.5285365794049519
20.34,0.026188555436202375,0.007361906700807035,1.6743505620969275,0.008675893785316326,0.006047919616297743,2.821243624764007,0.5274574994298478
20.37,0.02618092653193677,0.007370736389916721,1.6779289639280737,0.00868460394618692,0.0060568688336465224,2.829738704075691,0.5261192237804564
20.4,0.026173301779301293,0.007379563498350951,1.6813540966619887,0.008693311506062961,0.006065815490638941,2.8381508392448005,0.524557354079177
20.430000000000003,0.026165681175910706,0.007388388027124827,1.684659347756914,0.008702016476600636,0.006074759577649019,2.846489454962051,0.5228292405517767
20.46,0.026158064719351726,0.007397209982466072,1.6878899994835845,0.008710718867149024,0.0060837010977831205,2.854771409964494,0.521008589002675
20.49,0.026150452407192225,0.007406029374013136,1.691098679197462,0.008719418686277085,0.006092640061749187,2.863018107007294,0.5191792513876299
20.52,0.026142844237006305,0.007414846214068511,1.6943389735631464,0.00872811594253035,0.006101576485606671,2.8712530075837788,0.5174249395425141
20.55,0.026135240206393774,0.007423660517308849,1.697658730068954,0.008736810644869641,0.006110510389748055,2.8794999401402035,0.5158175199977046
20.580000000000002,0.02612764031297886,0.007432472300712464,1.701095228695514,0.008745502802958577,0.006119441798466352,2.887782194565638,0.5144082628253903
20.61,0.026120044554390688,0.0074412815836009975,1.7046730010885418,0.008754192427374975,0.006128370739827021,2.896122154627922,0.5132238475491617
20.639999999999997,0.026112452928244944,0.007450088387742698,1.708404114308952,0.008762879529779801,0.006137297245705595,2.904541082515272,0.5122671461026318
20.67,0.026104865432139183,0.007458892737491219,1.7122901694241857,0.008771564123062124,0.006146221351920314,2.913058646276851,0.51152169257152
20.7,0.026097282063665433,0.007467694659936485,1.71632489760828,0.008780246221462232,0.006155143098410737,2.921691865068238,0.5109579301483222
20.73,0.026089702820425074,0.007476494185044676,1.720496233810784,0.0087889258406681,0.00616406252942125,2.930453359063634,0.5105391085579343
20.76,0.02608212770003459,0.007485291345754902,1.7247871776999977,0.008797602997870078,0.006172979693639726,2.939349124207766,0.5102252311922295
20.79,0.0260745567001199,0.007494086177995265,1.7291754201867187,0.008806277711755042,0.006181894644235488,2.9483763877116225,0.5099744526618148
20.82,0.026066989818306276,0.007502878720577643,1.7336323349002376,0.00881495000241873,0.0061908074387365545,2.957522260963514,0.5097424088369615
20.849999999999998,0.02605942705221473,0.007511669014924489,1.738122301109094,0.008823619891169325,0.006199718138679652,2.9667637933371473,0.5094808088810407
20.880000000000003,0.02605186839946457,0.0075204571045769915,1.7426033326234829,0.008832287400191052,0.0062086268089629314,2.9760696923984424,0.5091369728485231
20.91,0.02604431385767786,0.007529243034432753,1.7470296204216187,0.008840952552034143,0.006217533516831364,2.9854035611399796,0.5086556797032575
20.939999999999998,0.026036763424480736,0.007538026849672392,1.7513559645451466,0.008849615368903099,0.006226438330441686,2.9947281483203074,0.5079837807699861
20.970000000000002,0.02602921709750029,0.0075468085943645015,1.7555434060302164,0.008858275871730801,0.006235341316998203,3.004009878932811,0.5070769331276221
21.0,0.026021674874361543,0.007555588309789462,1.7595649267999927,0.008866934079053534,0.006244242540525389,3.0132228477707947,0.5059070058291903
21.03,0.026014136752689633,0.0075643660325884895,1.7634100178580023,0.008875590005734065,0.006253142059442914,3.0223515429612418,0.5044684927547627
21.06,0.02600660273011451,0.007573141792919572,1.7670871886011632,0.008884243661617122,0.0062620399242220215,3.031391842724047,0.502782534478279
21.09,0.025999072804275165,0.007581915612863734,1.770623744096123,0.00889289505022751,0.0062709361754999604,3.0403502640920506,0.5008972241001954
21.12,0.02599154697281752,0.007590687505357009,1.774062102349849,0.00890154416762846,0.006279830843085558,3.04924189700409,0.49888230769560793
21.15,0.025984025233386346,0.007599457473906991,1.7774531292851596,0.008910191001538849,0.006288723946275134,3.0580877245480877,0.49681853402223153
21.180000000000003,0.02597650758362056,0.007608225513271072,1.7808494565858342,0.008918835530758394,0.00629761549578375,3.066912031343149,0.4947868818285197
21.21,0.02596899402115301,0.007616991611137206,1.784300270199669,0.008927477724907013,0.006306505497367399,3.0757404227834693,0.4928601176158689
21.24,0.025961484543617696,0.007625755750623304,1.787847032011139,0.008936117544474669,0.0063153939567719385,3.0845986157584377,0.4910954482638401
21.27,0.025953979148656613,0.007634517913079841,1.791520611537976,0.008944754941302384,0.006324280884857299,3.093511779270621,0.4895294438053315
21.3,0.025946477833921996,0.007643278080168589,1.7953404185322772,0.008953389859928714,0.006333166300408462,3.102504033494874,0.4881768035696803
21.330000000000002,0.02593898059707176,0.00765203623362145,1.7993153023483146,0.008962022240675922,0.006342050226566978,3.1115977382574815,0.4870328664391479
21.36,0.02593148743576302,0.007660792351158783,1.8034453976553735,0.008970652025364274,0.006350932676953291,3.1208123105831227,0.4860784847276245
21.389999999999997,0.02592399834764829,0.007669546399084309,1.807723916466443,0.008979279165106059,0.00635981363306256,3.1301624758654927,0.4852853570673932
21.42,0.02591651333037656,0.007678298325878908,1.8121381071450884,0.00898790362686101,0.006368693024896807,3.1396561073078684,0.4846201069823084
21.45,0.02590903238159813,0.007687048062367777,1.81666912738054,0.008996525394549804,0.0063775707301857495,3.149292103877727,0.4840461508833529
21.48,0.025901555498968616,0.007695795529208139,1.8212911879103852,0.00900514446420195,0.0063864465942143275,3.1590589506763043,0.4835234251444662
21.51,0.02589408268014984,0.007704540646665431,1.8259707831197882,0.009013760836997016,0.006395320456333844,3.1689345653528918,0.4830070008866847
21.54,0.02588661392280741,0.0077132833416373595,1.8306669736615868,0.009022374514082396,0.006404192169192323,3.1788877632230097,0.4824461841001637
21.57,0.025879149224607767,0.0077220235506577604,1.8353334530520038,0.009030985494211906,0.006413061607103614,3.188881289449639,0.4817856166543688
21.599999999999998,0.025871688583216854,0.007730761220145927,1.8399225598469025,0.009039593773325178,0.006421928666966675,3.1988759934543225,0.4809691262394822
21.630000000000003,0.025864231996301185,0.00773949630547555,1.8443906924681805,0.009048199344936824,0.0064307932660142755,3.208835441095409,0.4799459438409519
21.66,0.02585677946152855,0.007748228769886891,1.8487040488029678,0.009056802200605717,0.006439655339168065,3.2187301402708757,0.47867795733506013
21.689999999999998,0.02584933097656865,0.007756958583816034,1.8528434730085175,0.009065402330074267,0.006448514837557801,3.22854063335778,0.4771463126592548
21.720000000000002,0.025841886539093195,0.007765685725171531,1.8568074814602666,0.009073999720696946,0.006457371729646115,3.2382589637307513,0.475355999189782
21.75,0.025834446146776022,0.007774410181684554,1.8606130990982346,0.009082594355315169,0.00646622600805394,3.2478884018961667,0.4733377963003027
21.78,0.02582700979729359,0.007783131958772927,1.8642944895984856,0.009091186205977484,0.0064750777115683686,3.25744174129996,0.4711472378970114
21.81,0.02581957748832537,0.007791851104593616,1.8678989571038938,0.009099775214654942,0.006483926994532288,3.2669387997343065,0.46885911447348105
21.84,0.025812149217553208,0.007800567784586141,1.8714798752828992,0.009108361236443393,0.006492774332728889,3.2764038449457473,0.466555905620051
21.87,0.025804724982660225,0.007809282345174242,1.875088813820078,0.009116943990884849,0.006501620699463636,3.2858635019470936,0.4643141256930623
21.9,0.02579730478132919,0.007817994871422075,1.8787705059246753,0.00912552339692229,0.00651046634592186,3.2953453638291963,0.4621956480201541
21.930000000000003,0.025789888611243303,0.00782670500479184,1.8825606509108872,0.009134099711324678,0.006519310298259003,3.3048771213774595,0.46024418044431514
21.96,0.025782476470087086,0.007835412493769716,1.8864850335365362,0.009142673111321402,0.00652815187621803,3.3144858165376103,0.45848425053546205
21.99,0.025775068355548866,0.007844117235238398,1.890559637350375,0.009151243662903178,0.006536990807573618,3.3241968711218295,0.45692240357892033
22.02,0.025767664265320477,0.007852819182836727,1.8947915840904281,0.009159811390081846,0.006545826975591608,3.3340326856721036,0.45555048250875263
22.05,0.02576026419709723,0.00786151831102477,1.8991803275889845,0.00916837630200084,0.0065546603200487,3.344010767072331,0.45434988810563803
22.080000000000002,0.02575286814857521,0.007870214603138121,1.9037184365389985,0.009176938401889767,0.006563490804386476,3.3541415327299204,0.4532953403480766
22.11,0.025745476117450206,0.007878908046941432,1.9083915714634896,0.009185497690347969,0.006572318403534895,3.3644261569134493,0.4523569860135299
22.139999999999997,0.025738088101417908,0.007887598632729628,1.9131777450059153,0.009194054166708944,0.006581143098750313,3.3748550029217865,0.4515004870900443
22.17,0.025730704098175867,0.007896286352410133,1.918046457725574,0.009202607829669971,0.006589964875150294,3.3854072141603844,0.4506857012907637
22.2,0.025723324105424855,0.007904971199010397,1.9229586303905521,0.009211158677608333,0.006598783720412461,3.3960518780771576,0.4498653827039467
22.23,0.025715948120868887,0.007913653166388519,1.9278682241603662,0.009219706708750264,0.006607599624026774,3.4067508676470086,0.44898558067372374
22.26,0.025708576142214792,0.007922332249048982,1.9327259298644135,0.009228251921264717,0.006616412576833247,3.4174630459389004,0.4479888137899264
22.29,0.025701208167170177,0.007931008442018756,1.9374844736234047,0.009236794313317826,0.006625222570719687,3.4281490918578372,0.4468198553889724
22.32,0.025693844193443442,0.007939681740758615,1.9421044124123137,0.009245333883104272,0.006634029598412958,3.438775996686351,0.44543282813827667
22.349999999999998,0.02568648421874376,0.007948352141098281,1.9465591542627534,0.009253870628866437,0.006642833653330124,3.4493204189692803,0.44379788955622645
22.380000000000003,0.025679128240782466,0.007957019639185983,1.9508382859478854,0.009262404548904911,0.0066516347294670545,3.459770438375477,0.44190613352029384
22.41,0.02567177625727333,0.007965684231449156,1.9549488679975096,0.009270935641584618,0.006660432821313692,3.470125638902071,0.43977209709294796
22.439999999999998,0.02566442826593264,0.007974345914561415,1.9589148479421505,0.009279463905336632,0.006669227923786198,3.480395811927816,0.4374338839564851
22.470000000000002,0.02565708426447785,0.00798300468541603,1.9627747880473505,0.009287989338658664,0.006678020032173396,3.49059883773188,0.43495073836282083
22.5,0.025649744250627965,0.007991660541103182,1.9665776668923012,0.009296511940113772,0.006686809142092593,3.500758358819211,0.4323969749653913
22.53,0.025642408222103646,0.008000313478891748,1.970376422940068,0.009305031708329128,0.006695595249454366,3.5109016764030962,0.4298511694770397
22.56,0.025635076176627532,0.008008963496213209,1.9742206299034362,0.009313548641993494,0.006704378350432923,3.5210580723523224,0.42738318745454973
22.59,0.025627748111924448,0.008017610590649338,1.9781516129553944,0.009322062739855981,0.006713158441442696,3.531257594061989,0.42504563184880007
22.62,0.025620424025721074,0.008026254759920063,1.9822011147831404,0.009330574000722684,0.006721935519117441,3.5415300908605127,0.42287213870576834
22.65,0.025613103915745186,0.008034896001873624,1.9863916819538099,0.009339082423453804,0.006730709580293445,3.5519041088975913,0.42087925501002843
22.680000000000003,0.025605787779725886,0.008043534314477626,1.9907373872067347,0.009347588006959867,0.006739480621995386,3.562405356220829,0.4190694181926402
22.71,0.025598475615394137,0.008052169695812347,1.9952444922795605,0.009356090750198387,0.006748248641426306,3.5730546746894256,0.4174343098696953
22.74,0.02559116742048323,0.008060802144065992,1.9999117760766794,0.009364590652170468,0.006757013635961518,3.583865669614238,0.41595788253912036
22.77,0.025583863192728932,0.008069431657531592,2.004730268243841,0.009373087711916566,0.006765775603146618,3.5948423477145575,0.4146181887731242
22.8,0.025576562929868683,0.008078058234605497,2.00968239990147,0.009381581928510654,0.006774534540700341,3.6059772872910645,0.41338751251187533
22.830000000000002,0.02556926662964084,0.008086681873789421,2.0147410519358564,0.00939007330105348,0.006783290446525363,3.6172509594834286,0.41223114438828423
22.86,0.025561974289785037,0.008095302573695515,2.019869386656914,0.009398561828661972,0.006792043318729059,3.628632731098012,0.41110604221581615
22.889999999999997,0.02555468590804224,0.008103920333059286,2.025022329343799,0.009407047510455244,0.006800793155663327,3.6400837079756734,0.40996095071192507
22.92,0.025547401482156125,0.008112535150763187,2.0301500146978055,0.00941553034553166,0.006809539955994714,3.65156102057803,0.4087390088175811
22.95,0.025540121009872796,0.008121147025881416,2.0352027735004934,0.009424010332931087,0.006818283718831744,3.663022728194587,0.4073828188063999
22.98,0.025532844488940457,0.008129755957764736,2.0401367176575147,0.009432487471565672,0.006827024443963802,3.6744324284907,0.405841006824329
23.01,0.025525571917108622,0.008138361946212017,2.0449188284232593,0.009440961760084233,0.006835762132339801,3.6857628318499183,0.4040748249966002
23.040000000000003,0.025518303292127488,0.008146964991848447,2.0495306462420344,0.009449433196577879,0.006844496787119014,3.6969978535680554,0.40206343891601337
23.07,0.025511038611748617,0.008155565097068653,2.0539701186422628,0.009457901777851921,0.006853228416285386,3.7081331179632033,0.3998071193213222
23.099999999999998,0.025503777873725073,0.008164162268843356,2.0582516497821124,0.009466367497265222,0.006861957040421492,3.719175101916706,0.3973281976475187
23.130000000000003,0.025496521075813287,0.008172756529636897,2.0624046063504196,0.009474830336331468,0.006870682722942325,3.730139387157043,0.3946698255437959
23.16,0.025489268215771604,0.00818134798249017,2.0664704287183913,0.009483290214661932,0.006879405750318406,3.741048558414334,0.3918922990224485
23.19,0.025482019291360354,0.008189937288821413,2.070498308828391,0.009491746622417023,0.006888127955225803,3.7519301596183885,0.38906645803839357
23.220000000000002,0.02547477430034073,0.008198525070470813,2.074539450940969,0.009500199079682059,0.006896851061259568,3.762814884772544,0.38626401710939406
23.25,0.025467533240474946,0.00820711028815533,2.0786408955269136,0.009508648384289,0.00690557219202166,3.773735010237278,0.3835467808165489
23.28,0.025460296109527047,0.008215692627384473,2.082841265726652,0.00951709477716132,0.0069142904776076245,3.7847230351476693,0.38095949630563464
23.31,0.02545306290526292,0.008224272036648158,2.0871697253088723,0.009525538297080567,0.006923005776215749,3.7958103728434214,0.3785290777743231
23.340000000000003,0.02544583362545081,0.008232848502677772,2.09164674178197,0.009533978953479582,0.006931718051875963,3.8070257663798337,0.37626771718410623
23.37,0.025438608267861172,0.00824142202633606,2.0962848638006606,0.009542416744974412,0.0069404273076977075,3.8183932054179657,0.3741765221833555
23.4,0.02543138683026555,0.008249993200082389,2.1010888646146038,0.009550851214479116,0.006949135185685662,3.829929426057628,0.37224830317157953
23.430000000000003,0.02542416931043707,0.008258563739690078,2.106055239653593,0.009559281039012376,0.006957846440367781,3.8416413636088924,0.37046911569829355
23.46,0.025416955706150473,0.008267133015282811,2.1111712787899943,0.009567706702486743,0.006966559328078879,3.8535241399512543,0.36881841762873435
23.490000000000002,0.025409746015182078,0.008275700700918268,2.116414180272755,0.009576128455103436,0.006975272946733101,3.865560240174272,0.36726812037123846
23.52,0.02540254023531057,0.008284265433173276,2.121750874803582,0.00958454734697531,0.006983983519371241,3.877720368971234,0.36578138063593024
23.55,0.025395338364316088,0.008292827207356005,2.1271391908431605,0.009592963381331927,0.006992691033380082,3.8899660778941367,0.36431230379218427
23.580000000000002,0.025388140399980223,0.00830138602217556,2.1325306808825504,0.009601376558834031,0.007001395485517087,3.902253794648697,0.3628075671164035
23.61,0.025380946340086485,0.008309942894070865,2.1378749602337574,0.009609786095566189,0.007010099692575542,3.914539568936592,0.36121035153092285
23.640000000000004,0.02537375618241982,0.008318498800620477,2.1431249373219403,0.009618191237458515,0.00701880636378244,3.9267837457745887,0.35946612886929197
23.67,0.0253665699247672,0.008327052609892915,2.148241997645799,0.009626592856919025,0.0070275123628668066,3.9389548495695452,0.3575291457220524
23.7,0.025359387564917648,0.00833560560886094,2.153200188011914,0.009634989961685976,0.007036221256035906,3.951032164888142,0.35536821113568595
23.73,0.02535220910066161,0.008344157780808624,2.157988766156896,0.009643382564885089,0.007044932996732158,3.963006796817466,0.3529707354963265
23.76,0.025345034529791133,0.008352709071095773,2.1626129577548556,0.009651770709189584,0.007053647433001962,3.974881323702845,0.3503445918068666
23.790000000000003,0.025337863850099483,0.008361259880774664,2.1670931006392036,0.009660154086448165,0.007062365675101164,3.9866684216089014,0.3475177796695059
23.82,0.025330697059381915,0.008369809910359715,2.171462440498003,0.009668532928785842,0.007071086891933588,3.9983889562502677,0.344535924745738
23.849999999999998,0.025323534155435347,0.00837835709053255,2.1757638217812274,0.009676908831233939,0.0070798053498311595,4.0100699790729735,0.34145766448948156
23.880000000000003,0.02531637513605896,0.008386901316742506,2.1800454780787253,0.00968528187453703,0.007088520758947982,4.021742870008478,0.3383480861489725
23.91,0.025309219999053757,0.008395442580459645,2.1843561198500785,0.00969365206549958,0.00709723309541971,4.033441637259907,0.3352706024402501
23.94,0.02530206874222203,0.008403980879251935,2.1887399792752236,0.00970201940627924,0.00710594235222463,4.045201260602166,0.33227869794828147
23.970000000000002,0.025294921363367598,0.008412516212067544,2.1932333162620834,0.009710383898021393,0.007114648526113696,4.057055996986473,0.32941063553769356
24.0,0.02528777786029563,0.008421048578342466,2.197863381967304,0.009718745541548652,0.007123351615136281,4.069037560469058,0.3266892034655502
24.03,0.025280638230813227,0.00842957797773714,2.202648896957156,0.009727104337563117,0.0071320516179111644,4.081172999751499,0.3241247941628129
24.06,0.025273502472729248,0.008438104410038722,2.207600453591459,0.00973546028672428,0.007140748533353164,4.093482211735403,0.32171869544751464
24.090000000000003,0.025266370583854662,0.008446627875116516,2.212720193634645,0.009743813389682662,0.00714944236055037,4.105975358975593,0.31946502829369616
24.12,0.02525924256200208,0.008455148372900533,2.2180009497508117,0.009752163647097686,0.00715813309870338,4.118650742662299,0.3173511568393239
24.15,0.025252118404985768,0.008463665903369612,2.2234253475790977,0.00976051105964761,0.007166820747091615,4.131493767811913,0.31535692734628307
24.180000000000003,0.02524499811062111,0.00847218046654488,2.2289654444089435,0.009768855628035962,0.007175505305053799,4.144477481773751,0.3134534070441364
24.21,0.025237881676725426,0.008480692062485288,2.2345834420313193,0.009777197352995407,0.007184186771975168,4.1575648171184225,0.3116020669442161
24.240000000000002,0.025230769101117653,0.008489200691285387,2.2402338380359357,0.009785536235291086,0.007192865147279687,4.170712269713889,0.30975540635798193
24.27,0.02522366038161852,0.008497706353074156,2.2458670667307925,0.009793872275723505,0.007201540430424807,4.183874442379118,0.30785969108246736
24.3,0.025216555516050496,0.008506209048013651,2.2514342690705957,0.009802205475130155,0.007210212620897146,4.197008745915053,0.30585979222613857
24.330000000000002,0.02520945450223786,0.008514708776298736,2.2568924411683815,0.009810535834387686,0.007218881718209787,4.210079561063685,0.3037053212730778
24.36,0.025202357338006482,0.008523205538156896,2.2622090251835902,0.009818863354413638,0.007227547721900156,4.2230613029426465,0.3013567474245342
24.390000000000004,0.025195264021183564,0.008531699333848787,2.2673651527830705,0.009827188036168742,0.0072362106315288326,4.235940073094577,0.2987902324715641
24.42,0.025188174549598426,0.008540190163667978,2.2723571626476,0.009835509880658042,0.007244870446677915,4.248713888645889,0.2960004366493105
24.45,0.025181088921081667,0.008548678027941905,2.2771964318990086,0.009843828888933183,0.007253527166950627,4.261391758002168,0.2930011057958486
24.48,0.025174007133465844,0.00855716292703259,2.2819077862261037,0.00985214506209436,0.00726218079197082,4.273992036499412,0.2898235359527954
24.51,0.0251669291845851,0.008565644861337946,2.2865268272707993,0.009860458401292712,0.0072708313213831815,4.28654050046698,0.2865131540746182
24.540000000000003,0.02515985507227497,0.008574123831294245,2.291096537219109,0.00986876890773365,0.007279478754854839,4.299068443574188,0.2831246308640303
24.57,0.02515278479437299,0.00858259983738353,2.295663450880491,0.009877076582684375,0.007288123092082686,4.3116108863614375,0.2797160153995444
24.599999999999998,0.025145718348718267,0.008591072880198182,2.3002735693286174,0.009885381427528756,0.0072967643328676075,4.324204794329599,0.27634234432763494
24.630000000000003,0.02513865573315171,0.00859954382971325,2.304968387073322,0.009893684165733635,0.007305403493692866,4.336887139066781,0.2730496350798628
24.66,0.025131596945515543,0.008608013700144674,2.3097819408656663,0.009901985639212697,0.007314041761076651,4.349692736793095,0.26987114493823716
24.69,0.025124541983654186,0.008616480609139098,2.314739585811951,0.009910284284858031,0.007322676933420164,4.362651890582647,0.2668272810412544
24.720000000000002,0.025117490845413034,0.00862494455707568,2.319857950464362,0.009918580103993869,0.0073313090101574906,4.375787864573537,0.2639280363551868
24.75,0.025110443528639458,0.008633405544659963,2.32514491419382,0.009926873098247753,0.007339937991072174,4.389114332495498,0.2611754958921422
24.78,0.025103400031182447,0.008641863572664919,2.3305990915602206,0.009935163269336866,0.0073485638759929715,4.402633203225577,0.2585649798948646
24.81,0.02509636035089262,0.008650318641921433,2.3362090592490707,0.00994345061906194,0.0073571866647809256,4.41633338958933,0.25608472890881107
24.840000000000003,0.025089324485622448,0.008658770753319061,2.3419528450193408,0.009951735149309455,0.007365806357328667,4.430191002394903,0.25371468764377836
24.87,0.02508229243322614,0.008667219907809769,2.3477981982698437,0.009960016862056617,0.00737442295356292,4.444171162016719,0.2514252345229684
24.9,0.0250752641915592,0.008675666106412714,2.3537040517645007,0.009968295759377244,0.007383036453448184,4.458231261564238,0.24917684196476309
24.930000000000003,0.025068239758478637,0.008684109350219226,2.3596233803230366,0.009976571843447742,0.007391646856990708,4.472325223094449,0.2469215375516236
24.96,0.02506121913184333,0.0086925496403996,2.3655073411662295,0.009984845116554942,0.007400254164244259,4.486408126567406,0.2446065557650523
24.990000000000002,0.02505420230951396,0.008700986978210078,2.3713101807856356,0.009993115581103879,0.007408858375316277,4.500440558508771,0.24217980306249975
25.02,0.02504718928935257,0.00870942136500203,2.376994067666627,0.010001383239627749,0.007417459490376312,4.514392105138191,0.2395960301950626
25.05,0.025040180069223025,0.008717852802232222,2.3825329603583367,0.01000964809479879,0.007426057509665654,4.528243594866776,0.23682232584989693
25.080000000000002,0.025033174646990827,0.008726281291475187,2.3879149116100336,0.010017910149441018,0.007434652433509355,4.541987956554221,0.23384186666584572
25.11,0.02502617302052318,0.008734706834437781,2.3931426591264175,0.010026169406544792,0.00744324426233077,4.555629837638344,0.23065548061449137
25.140000000000004,0.025019175187688515,0.008743129432977333,2.398232698239761,0.010034425869284616,0.0074518329966700506,4.56918432808316,0.22728106839636197
25.17,0.025012181146357372,0.008751549089122524,2.4032131894780036,0.01004267954103917,0.007460418637205878,4.582675199738659,0.22375117921734722
25.2,0.025005190894401622,0.008759965805100073,2.4081211032337557,0.010050930425416375,0.007469001184783772,4.5961329947191985,0.22010921174831255
25.23,0.024998204429694852,0.008768379583366412,2.4129989718302562,0.010059178526282561,0.007477580640450262,4.60959312563315,0.21640481802736167
25.26,0.024991221750112286,0.008776790426647373,2.417891468552042,0.010067423847798488,0.007486157005496258,4.62309395552427,0.21268898157981342
25.290000000000003,0.0249842428535308,0.008785198337986772,2.4228418663855478,0.010075666394462661,0.007494730281510881,4.636674696606016,0.20900903616507982
25.32,0.024977267737828733,0.008793603320807654,2.427888565042864,0.010083906171165306,0.007503300470450001,4.6503729963240445,0.20540413376168365
25.349999999999998,0.02497029640088631,0.008802005378987409,2.4330623440764625,0.010092143183253674,0.007511867574721144,4.664222266360799,0.20190242179212614
25.380000000000003,0.02496332884058523,0.008810404516953025,2.4383850092024555,0.010100377436614138,0.007520431597291911,4.678248976905126,0.19852104149978578
25.41,0.024956365054808756,0.008818800739799033,2.443869216248392,0.010108608937772896,0.007528992541825169,4.692470152144995,0.19526828035178845
25.44,0.02494940504144179,0.008827194053433558,2.4495185727262387,0.010116837694019698,0.007537550412847419,4.706891307278267,0.1921458381742105
25.470000000000002,0.024942448798370962,0.008835584464757863,2.4553274224987365,0.010125063713559158,0.007546105215956568,4.721505169897356,0.1891496751001167
25.5,0.024935496323484473,0.008843971981880937,2.461280399607688,0.010133287005690758,0.0075546569580711145,4.736291579202309,0.18626922001306712
25.53,0.024928547614672017,0.008852356614366843,2.4673522376568067,0.010141507581015681,0.007563205647718004,4.751218815926687,0.18348565938692651
25.56,0.024921602669825023,0.00886073837349998,2.4735083861421248,0.010149725451658414,0.0075717512953415445,4.766246332489132,0.1807704397951171
25.590000000000003,0.024914661486836298,0.008869117272531068,2.4797068541782834,0.010157940631472743,0.0075802939135893935,4.7813285676378685,0.1780851407186983
25.62,0.02490772406360075,0.00887749332683087,2.4859014376320454,0.010166153136172973,0.007588833517488766,4.796419341065016,0.17538353419907393
25.65,0.02490079039801433,0.00888586655382628,2.4920460927289034,0.010174362983288141,0.007597370124364417,4.811476247004856,0.17261593845295042
25.680000000000003,0.024893860487974998,0.008894236972540635,2.4980997815498136,0.01018257019179466,0.007605903753286609,4.826464482395128,0.16973508070449883
25.71,0.02488693433138199,0.0089026046025503,2.5040308562970943,0.010190774781275032,0.0076144344238255664,4.8413596521090625,0.1667020604851257
25.740000000000002,0.024880011926136508,0.008910969462265116,2.509820165042017,0.010198976770527588,0.0076229621540026445,4.8561492949852605,0.16349103509877327
25.77,0.024873093270141075,0.008919331566716947,2.51546248181151,0.010207176175778414,0.007631486957655479,4.870833131625336,0.16009183199768406
25.8,0.02486617836129989,0.00892769092541133,2.52096630136373,0.01021537300894692,0.007640008841875739,4.885422261075987,0.15651034165147326
25.830000000000002,0.024859267197518856,0.008936047541026565,2.526352292540895,0.010223567276603162,0.007648527805449968,4.899937649174101,0.1527669359076902
25.86,0.024852359776705222,0.008944401409529049,2.531650796195876,0.01023175898007822,0.0076570438389798766,4.91440823695215,0.14889335543960192
25.890000000000004,0.02484545609676793,0.008952752521659004,2.5368987796677867,0.010239948116689213,0.007665556926628796,4.928868891657725,0.14492866767784873
25.92,0.02483855615561767,0.008961100865158715,2.5421366370767737,0.010248134681567116,0.007674067048750314,4.943358287903088,0.14091498625045906
25.95,0.024831659951166502,0.008969446426967157,2.5474051121185886,0.01025631866945607,0.007682574184478244,4.957916693597957,0.13689353063922027
25.98,0.024824767481328332,0.008977789194870125,2.552742449250625,0.010264500076069192,0.007691078313671058,4.9725835765764455,0.13290132192480497
26.01,0.02481787874401834,0.008986129158471934,2.55818184988402,0.010272678898892555,0.007699579418051314,4.987394980443292,0.12896871932474774
26.040000000000003,0.024810993737153456,0.008994466309603625,2.563749513289624,0.010280855137531625,0.007708077481675625,5.002380757808809,0.1251182687704393
26.07,0.024804112458652338,0.009002800642364112,2.5694635527402645,0.01028902879375998,0.007716572490968243,5.017561904195016,0.1213652012855122
26.099999999999998,0.024797234906435026,0.00901113215297037,2.575333593934884,0.010297199871413918,0.007725064434526823,5.032948302495775,0.11771888537399322
26.130000000000003,0.024790361078423098,0.009019460839540047,2.581360498034903,0.010305368376233076,0.007733553302847017,5.048537209004863,0.11418378706494359
26.16,0.02478349097253993,0.00902778670188698,2.5875359157784903,0.010313534315712644,0.007742039088061316,5.064312822057022,0.11075900949995887
26.19,0.02477662458671027,0.009036109741396188,2.5938418798237506,0.010321697699021073,0.007750521783771303,5.08024718576381,0.10743657388369154
26.220000000000002,0.024769761918860465,0.0090444299610913,2.600250912471415,0.010329858537074948,0.007759001385107651,5.09630246161886,0.10419936332396906
26.25,0.024762902966918507,0.009052747366274285,2.606727124407693,0.010338016843078961,0.007767477889469609,5.11243434183332,0.10101990698206542
26.28,0.02475604772881384,0.009061061967679751,2.6132286096310002,0.010346172635106772,0.00777595130025273,5.128596184341552,0.09786103492044917
26.31,0.024749196202477702,0.009069373805029222,2.619711127789688,0.010354325955232068,0.007784421654826377,5.144743354966625,0.09467890061275108
26.340000000000003,0.024742348385842754,0.009077683473932976,2.626132627662189,0.01036247729698609,0.00779288965087986,5.160837248771282,0.0914280065530968
26.37,0.024735504276843245,0.00908599223528294,2.632457777108905,0.010370627693867502,0.007801356776698377,5.176848518796566,0.08806703542124339
26.4,0.02472866387341484,0.009094298469919965,2.638661590424832,0.010378775843566444,0.0078098210962734855,5.192759179927048,0.08456400092261607
26.430000000000003,0.024721827173495168,0.009102601952112602,2.6447315533558307,0.010386921574972412,0.007818282329252793,5.2085634704998665,0.08089963621179441
26.46,0.024714994175022993,0.009110902669294018,2.650668111525385,0.010395064890512796,0.00782674044807524,5.224267580869143,0.07706864218162668
26.490000000000002,0.024708164875938916,0.009119200624699486,2.6564837397724417,0.010403205806059114,0.007835195443339858,5.23988851484729,0.07307896469759356
26.52,0.024701339274185004,0.009127495825281101,2.662200978426926,0.010411344341143757,0.007843647309418446,5.255452396500024,0.06894956035382771
26.55,0.024694517367704824,0.009135788279595805,2.667849881561878,0.010419480517265914,0.007852096041925697,5.270992484160916,0.06470727896283979
26.580000000000002,0.024687699154443413,0.009144077997218147,2.673465308337824,0.010427614357431142,0.007860541637005152,5.286547043766951,0.060383572908697225
26.61,0.024680884632347643,0.009152364988529846,2.6790843631532506,0.010435745885992585,0.007868984091067108,5.302157106752691,0.0560116195538094
26.640000000000004,0.02467407379936578,0.009160649264633386,2.684744054982268,0.010443875128586168,0.007877423400680605,5.317864041532086,0.05162406843244893
26.67,0.024667266653447623,0.009168930837317894,2.690479050164036,0.010452002112098215,0.007885859562537574,5.333706857311716,0.04725124301635608
26.7,0.024660463192544512,0.009177209719055774,2.696319459585988,0.010460126864641844,0.007894292573469703,5.349719273098437,0.042919646073539486
26.73,0.024653663414609485,0.009185485923028584,2.702288906984598,0.010468249415528109,0.00790272243052906,5.365926786294593,0.03865102767460282
26.76,0.024646867317596976,0.009193759463201117,2.708403225050099,0.01047636979521982,0.007911149131182415,5.382344128123026,0.03446232197717247
26.790000000000003,0.024640074899462926,0.009202030354499636,2.7146697594820592,0.010484488035243333,0.00791957267375594,5.3989734933178575,0.030366025646261008
26.82,0.02463328615816504,0.00921029861326774,2.721086913789763,0.01049260416799714,0.007927993058538342,5.415803834910751,0.026369992668775932
26.849999999999998,0.024626501091662246,0.009218564258613208,2.72764371671449,0.010500718226247213,0.007936410290979202,5.43281140469445,0.022476028734530473
26.880000000000003,0.024619719697915383,0.009226827317458596,2.734319609864409,0.01050883024134282,0.007944824393574372,5.449961581163423,0.018677638565394172
26.91,0.02461294197488651,0.009235087853113333,2.7410849184851647,0.010516940233347868,0.007953235472878798,5.467211845765421,0.014957991204908705
26.94,0.024606167920539226,0.009243346245992042,2.747902461512141,0.01052504811444601,0.007961644377538074,5.484515595356251,0.011289327668030147
26.970000000000002,0.024599397532838973,0.009251603395999659,2.7547305157664876,0.010533153618851229,0.007970053173148089,5.501826363052578,0.007634668480397622
27.0,0.02459263080975249,0.009259858468287762,2.761526916138233,0.01054125707875704,0.007978459857818485,5.519101966553944,0.003951865722523262
27.03,0.024585867749248078,0.009268111094669981,2.768253592315017,0.010549358668915872,0.00798686352042409,5.5363081075399085,0.00019907709012567665
27.06,0.024579108349295525,0.009276361250232814,2.774880600333328,0.010557458451194442,0.007995264049271186,5.553421028069819,-0.003659827403163174
27.090000000000003,0.02457235260786648,0.009284608961375302,2.781388886637856,0.010565556484978934,0.00800366143777167,5.570429003166791,-0.0076512298910786924
27.12,0.0245656005229336,0.009292854319975655,2.7877714796564628,0.010573652873687375,0.008012055766263935,5.587332668599647,-0.011789709286721628
27.15,0.02455885209247139,0.00930109777730686,2.794033227504346,0.010581748008672637,0.008020447545941084,5.604144364413032,-0.016077909404340396
27.180000000000003,0.024552107314455777,0.009309340160764366,2.8001894217499355,0.010589842584142015,0.008028837737386718,5.620886758587654,-0.02050791508778227
27.21,0.02454536618686432,0.009317580720743417,2.806263710681998,0.010597936016223023,0.00803722542526381,5.637591001556443,-0.025063580192447255
27.240000000000002,0.024538628707675883,0.009325818995547401,2.8122857039743834,0.01060602795298094,0.008045610038113863,5.654294588881013,-0.029723180932246684
27.27,0.02453189487487125,0.009334054921264025,2.8182886118121733,0.010614118363212292,0.008053991479315757,5.671039016173333,-0.034461792548986736
27.3,0.024525164686432368,0.009342290236944027,2.8243071058143916,0.01062220867402214,0.008062371799865914,5.687867230509059,-0.03925301888027555
27.330000000000002,0.024518438140342623,0.009350525067961144,2.8303753678706074,0.010630299004490596,0.008070751131431691,5.7048208499747455,-0.04407011423353069
27.36,0.024511715234587225,0.00935875979966721,2.8365251546099155,0.01063838968265788,0.008079129916676541,5.721937169660756,-0.04888686044092516
27.390000000000004,0.024504995967152797,0.009366992203558853,2.84278381040821,0.010646478917634872,0.008087505489482835,5.7392461088258875,-0.053678488009467173
27.42,0.024498280336027436,0.00937522227087084,2.84917244500176,0.010654566713616746,0.008095877828124935,5.756767429384224,-0.05842253938070341
27.45,0.02449156833920075,0.009383450005924275,2.8557045866652992,0.01066265308313218,0.00810424692871637,5.774508647441593,-0.06309947411099381
27.48,0.02448485997466378,0.009391676667898833,2.8623853392138843,0.010670739053410292,0.008112614282387375,5.792463984629295,-0.06769330620152703
27.51,0.02447815524040929,0.009399902717767155,2.8692107976718995,0.010678825003232834,0.008120980432301476,5.810614533454635,-0.07219293811083638
27.540000000000003,0.02447145413443127,0.009408127434744954,2.876167609501135,0.010686910351654186,0.008129344517835722,5.828929653154603,-0.0765944341523328
27.57,0.02446475665472533,0.0094163518093091,2.883232938623187,0.010694995903993131,0.00813770771462507,5.847369487625919,-0.08090361037954441
27.599999999999998,0.024458062799288867,0.0094245766880618,2.890375318217016,0.010703082350818408,0.008146071025305193,5.865888380486169,-0.08513774405213637
27.630000000000003,0.024451372566120434,0.009432802227082126,2.8975567993965354,0.010711169831137715,0.008154434623026537,5.884438858756035,-0.08932525996296414
27.66,0.02444468595322009,0.009441025736531928,2.904736434426732,0.010719256209766636,0.00816279526329722,5.902975780099395,-0.09350291124593113
27.69,0.024438002958589576,0.009449247470909734,2.911874610006152,0.01072734190750751,0.008171153034311958,5.921460197899838,-0.0977109778875338
27.720000000000002,0.024431323580232,0.009457469335246698,2.918937348766163,0.010735428782653022,0.008179509887840374,5.939862519357556,-0.10198782182522903
27.75,0.02442464781615191,0.009465690434861592,2.925899693040974,0.010743515802928264,0.00818786506679492,5.958164645069932,-0.10636525898798288
27.78,0.024417975664355537,0.009473909362041772,2.932747657220037,0.010751601559441382,0.008196217164642163,5.976360968195791,-0.11086565375571666
27.81,0.02441130712285051,0.009482125954499364,2.939478699375372,0.010759685839759033,0.008204566069239696,5.99445830402491,-0.11550090527416579
27.840000000000003,0.02440464218964592,0.009490340163714545,2.946100965294995,0.010767768566843689,0.008212911760585402,6.012474941936072,-0.12027301134608237
27.87,0.02439798086275232,0.009498551963074163,2.9526316659132164,0.01077584969141444,0.008221254234733886,6.030439040263083,-0.12517570843664982
27.9,0.02439132314018191,0.009506761332309576,2.959094967474418,0.010783929172056889,0.008229593492562264,6.0483865509706565,-0.13019661602182087
27.930000000000003,0.024384669019948166,0.00951496825339276,2.965519762213684,0.010792006969920621,0.0082379295368649,6.066358805139625,-0.1353192807122574
27.96,0.02437801850006617,0.009523172709196403,2.971937607226976,0.010800083047047599,0.008246262371345207,6.08439983601276,-0.14052462155880807
27.990000000000002,0.024371371578552584,0.009531374683015355,2.9783809363113876,0.010808157365842373,0.008254592000188337,6.102553481707178,-0.14579160908440203
28.02,0.024364728253425193,0.00953957415840181,2.9848814313310226,0.010816229888955649,0.00826291842784797,6.120860316688882,-0.1510974540268366
28.05,0.024358088522703804,0.009547771119128103,2.991468340193603,0.010824300579330419,0.008271241658925788,6.139354528442784,-0.156417848055578
28.080000000000002,0.024351452384409156,0.009555965549202598,2.998166665584154,0.01083236940030958,0.008279561698095616,6.158060980940334,-0.16172764977202636
28.11,0.024344819836563808,0.009564157432906163,3.004995418767874,0.01084043631576157,0.008287878550050755,6.176992832084653,-0.1670019945489054
28.140000000000004,0.024338190877191714,0.00957234675483654,3.0119662163717806,0.010848501290205956,0.008296192219467122,6.1961500885835346,-0.17221765583997284
28.17,0.024331565504318208,0.00958053349995059,3.0190822777449076,0.010856564288926786,0.008304502710974394,6.215519340228781,-0.17735478473896604
28.2,0.02432494371597023,0.009588717653603161,3.026337695493701,0.010864625278071801,0.008312810029134522,6.235074712430075,-0.18239932144267268
28.23,0.024318325510176174,0.009596899201579768,3.0337170040725794,0.010872684224734665,0.00832111417842487,6.25477992964898,-0.18734592150382134
28.26,0.024311710884965816,0.009605078130123481,3.041195389380667,0.010880741097021324,0.008329415163225638,6.27459130225059,-0.1922005234892561
28.290000000000003,0.024305099838370463,0.00961325442595509,3.0487400142076337,0.010888795864100098,0.008337712987810083,6.294461386332516,-0.19698135791724924
28.32,0.02429849236842281,0.009621428076287294,3.0563127226143427,0.01089684849623727,0.008346007656337317,6.314342997744083,-0.2017175525153978
28.349999999999998,0.02429188847315715,0.009629599068833948,3.0638739067457093,0.010904898964820251,0.008354299172847645,6.334193197179639,-0.2064453836882203
28.380000000000003,0.024285288150609083,0.009637767391813898,3.0713868254846077,0.010912947242368442,0.008362587541259353,6.353976833496326,-0.21120318252711057
28.41,0.02427869139881595,0.009645933033951044,3.0788214643468432,0.010920993302534843,0.008370872765367245,6.373669278585894,-0.21602634989220793
28.44,0.02427209821581625,0.009654095984470314,3.086157235824429,0.01092903712009839,0.008379154848842238,6.393258122322369,-0.22094365067351074
28.470000000000002,0.02426550859965004,0.009662256233091372,3.0933842547165815,0.010937078670950205,0.00838743379523254,6.412743775220996,-0.2259752657878331
28.5,0.02425892254835881,0.009670413770018614,3.100503298560492,0.010945117932072496,0.008395709607964732,6.432139074317552,-0.2311324771965686
28.53,0.024252340059985646,0.009678568585930174,3.1075247471682528,0.010953154881513867,0.008403982290346482,6.451468058917455,-0.23641856458094956
28.56,0.02424576113257483,0.0096867206719648,3.114466847604422,0.01096118949836026,0.008412251845569338,6.470764088606314,-0.24183039339746992
28.590000000000003,0.0242391857641723,0.009694870019707555,3.1213536689081454,0.010969221762703122,0.008420518276711987,6.490067455419199,-0.24736011760290788
28.62,0.024232613952825416,0.009703016621174405,3.1282130934142436,0.01097725165560511,0.0084287815867437,6.5094226197398966,-0.2529964329114094
28.65,0.024226045696582946,0.009711160468796921,3.1350750753426597,0.01098527915906521,0.008437041778528633,6.528875181312681,-0.2587250306273612
28.680000000000003,0.024219480993495284,0.00971930155540556,3.141970180716598,0.010993304255981688,0.008445298854829432,6.54846869100581,-0.26452832957261396
28.71,0.024212919841613834,0.009727439874213656,3.148928212449477,0.011001326930115678,0.008453552818311633,6.568241430971701,-0.2703850060727473
28.740000000000002,0.02420636223899188,0.009735575418800626,3.1559766772331583,0.011009347166053845,0.008461803671547407,6.588223354128219,-0.27626999966190313
28.77,0.02419980818368399,0.009743708183096302,3.163139034561706,0.011017364949172319,0.008470051417020286,6.608433468742927,-0.2821553996195143
28.799999999999997,0.024193257673746117,0.00975183816136433,3.170432925982462,0.011025380265599963,0.008478296057128697,6.628878016178616,-0.2880121642136917
28.830000000000002,0.0241867107072357,0.009759965348186926,3.177868642790228,0.011033393102183455,0.008486537594190397,6.649549732641038,-0.29381244706058185
28.86,0.02418016728221177,0.009768089738449243,3.185447928763198,0.011041403446452453,0.008494776030446034,6.670428309303994,-0.2995324517775986
28.89,0.024173627396734513,0.009776211327324999,3.1931631267400653,0.011049411286586595,0.008503011368063402,6.691481980821386,-0.3051557273412553
28.92,0.024167091048865764,0.009784330110261873,3.2009968416797703,0.011057416611382877,0.00851124360914087,6.712670069194203,-0.31067638583466284
28.95,0.02416055823666865,0.009792446082967992,3.2089225108164343,0.01106541941022486,0.008519472755711124,6.733946268731582,-0.3161012470987137
28.98,0.024154028958207882,0.009800559241398514,3.216906252688753,0.011073419673052566,0.008527698809744463,6.75526241966994,-0.32144991429243364
29.009999999999998,0.024147503211549536,0.009808669581743068,3.224910033273026,0.011081417390333947,0.008535921773152188,6.776572462911584,-0.3267523963655323
29.040000000000003,0.024140980994761016,0.00981677710041388,3.232895702669224,0.011089412553037832,0.00854414164778993,6.797836216594092,-0.3320448112556438
29.07,0.024134462305911285,0.009824881794033812,3.2408291045545723,0.011097405152607345,0.008552358435460278,6.819022604422482,-0.3373643953133376
29.099999999999998,0.024127947143070642,0.009832983659425759,3.2486834525498884,0.011105395180935522,0.008560572137915995,6.84011202753061,-0.34274512243083377
29.130000000000003,0.024121435504311027,0.00984108269360213,3.2564414722810797,0.011113382630341628,0.008568782756862632,6.861097702159358,-0.3482147575971988
29.16,0.024114927387705466,0.009849178893754864,3.264096201976244,0.01112136749354855,0.008576990293961178,6.881985936001795,-0.3537935320493073
29.19,0.024108422791328587,0.009857272257246192,3.2716506249803516,0.011129349763661821,0.008585194750830562,6.9027954279339525,-0.3594941779732488
29.22,0.0241019217132565,0.009865362781599484,3.279116434659273,0.011137329434149143,0.008593396129049824,6.923555727587555,-0.36532285826900823
29.25,0.02409542415156668,0.009873450464490969,3.2865122828644053,0.011145306498821436,0.008601594430160502,6.944305006125356,-0.3712804403965455
29.28,0.024088930104337956,0.009881535303741808,3.293861886652505,0.011153280951814868,0.008609789655668748,6.965087297843532,-0.3773635245385223
29.31,0.024082439569650685,0.009889617297310409,3.301192319368973,0.011161252787573597,0.008617981807047221,6.985949379842,-0.38356474110405436
29.340000000000003,0.024075952545586442,0.009897696443285356,3.308532634605073,0.011169222000833666,0.008626170885737045,7.006937456590318,-0.3898721873801727
29.37,0.024069469030228333,0.009905772739878646,3.315912709559365,0.011177188586607746,0.008634356893149547,7.028093811772931,-0.3962683926542008
29.4,0.02406298902166118,0.00991384618541921,3.323362009916406,0.011185152540170573,0.008642539830667846,7.049453603839828,-0.40272958400701553
29.43,0.024056512517970696,0.00992191677834712,3.33090802709843,0.011193113857045542,0.0086507196996487,7.071042033189151,-0.4092259789922905
29.46,0.024050039517244264,0.00992998451720763,3.338574385657628,0.011201072532991546,0.008658896501423714,7.0928721689682375,-0.4157233976529815
29.490000000000002,0.024043570017570695,0.009938049400646009,3.346378835644229,0.0112090285639911,0.008667070237300917,7.1149437166054845,-0.4221860453170265
29.52,0.024037104017040158,0.009946111427402397,3.3543313683434146,0.01121698194623869,0.008675240908566103,7.137242894347896,-0.42858015766106616
29.549999999999997,0.02403064151374419,0.009954170596306969,3.3624326225515433,0.011224932676129945,0.008683408516483993,7.159743425392217,-0.4348781802891306
29.580000000000002,0.024024182505775878,0.009962226906275441,3.3706727991855288,0.011232880750251431,0.008691573062299451,7.182408536985021,-0.4410629386139635
29.61,0.024017726991229407,0.009970280356304996,3.379031482597403,0.011240826165371151,0.00869973454723884,7.205193814308323,-0.4471308491135182
29.64,0.02401127496820065,0.009978330945469948,3.387478817907543,0.011248768918429184,0.008707892972510711,7.228050723675908,-0.4530930878608226
29.67,0.024004826434786714,0.009986378672917965,3.395978212705891,0.01125670900652902,0.00871604833930691,7.250930546064005,-0.4589741206522229
29.7,0.023998381389086294,0.009994423537866897,3.4044902330772904,0.011264646426929934,0.008724200648803861,7.273788375765533,-0.4648079096109523
29.73,0.02399193982919925,0.010002465539601357,3.4129769520777904,0.011272581177039104,0.00873234990216361,7.296586797690961,-0.47063289353538007
29.759999999999998,0.023985501753227115,0.010010504677484785,3.4214058990275316,0.011280513254416218,0.008740496100553352,7.31929888511365,-0.47648708705858667
29.790000000000003,0.02397906715927251,0.010018543346687074,3.4297529596520513,0.011288444504190105,0.008748642189184044,7.34191025136689,-0.4824043320627882
29.82,0.023972636045439658,0.010026579543819343,3.4380039392207213,0.011296373378061879,0.008756785709576807,7.364420020619001,-0.48841214217755846
29.849999999999998,0.023966208409833954,0.010034612875254699,3.446154833248939,0.011304299570670239,0.008764926179839158,7.386840712235001,-0.4945310457371228
29.880000000000003,0.02395978425056254,0.010042643340563715,3.454211053082656,0.011312223080060642,0.008773063601066788,7.409197124180367,-0.5007750180150552
29.91,0.02395336356573352,0.010050670939367548,3.462185952130632,0.011320143904389051,0.008781197974346046,7.43152435357276,-0.5071524493114961
29.94,0.02394694635345674,0.01005869567133474,3.470099056705284,0.011328062041916035,0.008789329300753447,7.4538651321075005,-0.5136670186969328
29.97,0.02394053261184318,0.010066717536179048,3.4779744064893237,0.011335977491001856,0.00879745758135624,7.476266687775759,-0.5203178747971111
30.0,0.023934122339005458,0.010074736533657543,3.485839250338957,0.01134389025010209,0.008805582817212994,7.498777345915676,-0.5270988452377621
