t,alg,z,r,s,q,v
0.0,0.7989597180894238,0.7987855357769573,0.7846713852467663,0.7987895053078158,0.7987958119851561,0.7987930883975771
0.1,0.7597220234266036,0.7592934735097214,0.7445110284152937,0.7593015077141252,0.7593027518318378,0.7593026455039149
0.2,0.7230224846202412,0.7222655233221928,0.7070291073003006,0.722277809445399,0.7222734972843836,0.7222747246349213
0.30000000000000004,0.6883898834460203,0.6878522126891811,0.6731693692854985,0.687864085565892,0.6878558528154274,0.6878631939848577
0.4,0.6540999645214138,0.6538798736206575,0.6402912475696069,0.6538899131391033,0.6538799535347934,0.6538930321893527
0.5,0.6232931854554826,0.6230391598810399,0.6095452018947369,0.6230491550549054,0.6230395723309556,0.6230516292084628
0.6000000000000001,0.5954395770458589,0.594927435812064,0.5823497445605924,0.594940677157958,0.5949275191832077,0.5949394097926983
0.7000000000000001,0.5687700182980407,0.5682081613390462,0.5559790488124168,0.5682222611026716,0.5682073866620143,0.568220173427717
0.8,0.5417375901159049,0.5413475548111252,0.5292919039779899,0.5413596819245188,0.5413456931342995,0.5413598615654789
0.9,0.5165169769906992,0.5163329047955738,0.5054282912687355,0.5163425749861605,0.5163307103379472,0.5163452440139575
1.0,0.49405352240889033,0.49384997832908184,0.4846956096612566,0.49385731076117373,0.4938516717713861,0.49385883600626523
1.1,0.4721322967667518,0.4717352004153188,0.4638440571759892,0.47174155366999154,0.47174069276715774,0.4717396497155029
1.2000000000000002,0.45199400236156917,0.4515973850612901,0.44477539575862124,0.451600368187745,0.4516064943577435,0.4515975983563404
1.3,0.4326952929530107,0.43265742014575503,0.4269090144167225,0.43265112828123353,0.43267382921519015,0.43265146891170975
1.4000000000000001,0.41333193766724446,0.41348917948467473,0.40844858389599037,0.41347568271253254,0.4135122833378611,0.41347718366202013
1.5,0.3956985492033723,0.39571168691129577,0.3916205734510671,0.3956957283210414,0.3957391336058995,0.39569483468366873
1.6,0.3786875401678881,0.3785833846366394,0.3753667882641466,0.3785646439428466,0.3786161557232103,0.37856112510755424
1.7000000000000002,0.36268151279304817,0.3627665958222552,0.3600809327924646,0.3627424494746909,0.36280439497252415,0.36274058200390624
1.8,0.3472395807216367,0.34744944718490256,0.34543619633317624,0.34742404131941174,0.34748682631942157,0.34742430549000664
1.9000000000000001,0.3330071519918226,0.3331431086406421,0.3321642038015244,0.33312033942523045,0.33317793191214173,0.3331203146119184
2.0,0.319580549308358,0.3195709875132774,0.3204782130937853,0.3195520137528409,0.31960378630634234,0.3195506530991362
2.1,0.30667800161606035,0.30657116070105606,0.30950932465538855,0.3065561440579652,0.3066007995749526,0.3065542716251185
2.2,0.2945839634505654,0.2944604802776676,0.29943689926115435,0.2944483949198425,0.29448624862605544,0.29444680809143775
2.3000000000000003,0.2829547294134003,0.2829277181564264,0.29017959206609995,0.282918440632547,0.28294771935998786,0.2829191274160506
2.4000000000000004,0.2716101599139865,0.27156151973523057,0.2814636431124303,0.27155718694332504,0.2715748260160763,0.2715584560669368
2.5,0.26095633915022504,0.260642826889222,0.2728966927042401,0.2606446323676961,0.26065194578427,0.26064276159849187
2.6,0.25058065467856777,0.2501910433498302,0.2646925424226303,0.250197715362863,0.25019439882335126,0.2501957232320762
2.7,0.2407491123750386,0.24060646554154547,0.25753121308255256,0.24061657653777382,0.24060038584895077,0.2406182753809349
2.8000000000000003,0.23182675859869722,0.231644751118943,0.250648835920551,0.23166001585004536,0.2316322859127425,0.2316613891196779
2.9000000000000004,0.22327404829770864,0.22271600965174798,0.2437244736755923,0.2227381711018811,0.222699979558183,0.22273599326382498
3.0,0.21497600423013769,0.21441151310816173,0.23742507379304867,0.21443720797309485,0.21439038948173467,0.2144357966913099
3.1,0.20681631998478456,0.20659880758768695,0.23173298998222597,0.2066235861446965,0.20657349482745374,0.20662617319667925
3.2,0.1994663547075241,0.19915558955016988,0.2264864530332406,0.19918218688300374,0.1991289664122238,0.19918377417428357
3.3000000000000003,0.19250864897010178,0.19186561239659636,0.2220992615856551,0.1918950315679053,0.1918393045238516,0.191892643223437
3.4000000000000004,0.1852770221798809,0.18476280947362406,0.21900599727951248,0.1847890001058661,0.1847385360550869,0.18478742858605102
3.5,0.1783688560713844,0.17824177974923888,0.21709359910424308,0.1782610903250661,0.17822103729239064,0.17826396739360623
3.6,0.17203454310070837,0.17185797310159023,0.21572852522322755,0.171873828008686,0.17184208075400054,0.17187525823145994
3.7,0.1658369900986587,0.16548950024289183,0.21482409184183093,0.16550188277743233,0.16548066593404084,0.16549979237037216
3.8000000000000003,0.15981001478093065,0.1595746056284811,0.21415944688709526,0.15957956721407418,0.1595745151908623,0.159578080047573
3.9000000000000004,0.15409921521419628,0.15408485969637492,0.21288867638428938,0.15407895948694983,0.15409605710513613,0.15407900237188568
4.0,0.14870089190918845,0.1487310772574015,0.21086172554008525,0.14871510927726628,0.14875420277296197,0.1487144954745951
4.1000000000000005,0.14339056331383537,0.14347581236104695,0.20862502533591915,0.14345210494885002,0.1435103310976173,0.14345223546916164
4.2,0.13857810408362,0.13869173258463308,0.20618770401531883,0.13865835131301668,0.13873916922645385,0.1386571888223028
4.3,0.13406461109455936,0.13408716338284274,0.20337143474045666,0.1340461389825169,0.1341462560707275,0.1340424653052531
4.4,0.1292708091507794,0.12946373360843463,0.2005497251217382,0.1294119355943163,0.12953562783005806,0.12940923342724586
4.5,0.12450732665856885,0.1251446101539405,0.19811959007126034,0.12507938572734,0.12522853046517685,0.12508051626667455
4.6000000000000005,0.12047546285193834,0.12107114533122378,0.1960532098911407,0.12099869331951188,0.12116590463821333,0.12099812719466288
4.7,0.11698991120865308,0.11719473908257189,0.194499031973915,0.11711953572849879,0.1173006754711196,0.11711359401495952
4.800000000000001,0.11321247119817157,0.1134776234287217,0.19393195903336893,0.11339714828064376,0.11359078508325007,0.11339109333222659
4.9,0.10914087364189588,0.10988290195507888,0.1946109810339496,0.10979572524149886,0.10999723528218272,0.10979536204561655
5.0,0.10563082871365533,0.10639241085949519,0.1964541653165494,0.10630487819124765,0.10650667868271999,0.10630540599070545
5.1000000000000005,0.10271788602832213,0.10304952970110268,0.19936339465586295,0.10296875414748832,0.10316250911627978,0.10296454018621293
5.2,0.0998184392031579,0.09989949010147922,0.20291255397917063,0.09982750538786028,0.10000522854013669,0.0998214426042813
5.300000000000001,0.09663078110271128,0.09681519661766654,0.20629683912339258,0.09675117391224441,0.09690791731974044,0.09674870757414697
5.4,0.09360279764148727,0.09383822855461375,0.20902191332277587,0.09378525997558151,0.09391485475481864,0.09378632892751329
5.5,0.091076161587458,0.09106582299949445,0.21095270421291623,0.09102936892735532,0.09112486945751806,0.09103008103470407
5.6000000000000005,0.08886954288893122,0.08836885788195273,0.2118142005365033,0.08835137421225053,0.08841101224212931,0.08834855180971275
5.7,0.08644006172989181,0.08566068132951345,0.21161283955747734,0.08566061431879057,0.08568303101437418,0.08565745961039556
5.800000000000001,0.08375416839470107,0.08309467635774542,0.21080933283063197,0.08310777998921998,0.08309620800308934,0.08310906823084402
5.9,0.08129431345285093,0.08069130866173294,0.20969547264099747,0.08071644262203476,0.08067576467226245,0.08072015976106037
6.0,0.07939401441095982,0.07835411769859357,0.20838575768755646,0.07839467310078407,0.0783241693569272,0.07839530198795813
6.1000000000000005,0.07741738744404242,0.07605681713780368,0.20720332690376497,0.07611033079110574,0.07601359229616253,0.07610928556429516
6.2,0.07509344895667677,0.07387533061902127,0.2064932727637973,0.0739348468312753,0.07382171833538324,0.0739361627380939
6.300000000000001,0.07288093049018339,0.07178365505570483,0.20648291571415978,0.07184862685488869,0.0717205779958891,0.07185232593025281
6.4,0.0710972865018693,0.06973955539407994,0.20753391829935802,0.06981209589012038,0.06966943526627883,0.06981417989998641
6.5,0.06927884034861483,0.06778422100387585,0.20999629687477842,0.06786066669438048,0.06771045365166359,0.06786162916633523
6.6000000000000005,0.06730700064015306,0.06587535219835411,0.2138018796221449,0.06595138809516359,0.06580043111279171,0.06595366529397997
6.7,0.06546411937281602,0.06404231148554831,0.21849926764009298,0.06411608510222636,0.06396943239994722,0.06411842489994335
6.800000000000001,0.06371841009852114,0.062284440036015104,0.2235988413933611,0.06235352064724717,0.06221694953525371,0.06235492335930805
6.9,0.06183161501211097,0.060549899899819265,0.22856163857523745,0.0606106623317985,0.06049071594223136,0.06061339699035357
7.0,0.06007375756545405,0.05886232660626791,0.23268672942990373,0.05891233769655016,0.05881706202048288,0.0589142277007494
7.1000000000000005,0.058468472889808464,0.057249200787451396,0.235573921134246,0.057286253719148056,0.057221891308495795,0.05728508748801612
7.2,0.056619831424651976,0.05569104018313416,0.23732707653483698,0.055711576206788516,0.05568091227224104,0.055711903665653574
7.300000000000001,0.05475223437469951,0.05414549184056568,0.23809978045793856,0.054149493217458676,0.054152379907955156,0.054151677637991356
7.4,0.053358622635789346,0.05264323500446154,0.23802609575255357,0.052635253419847206,0.05266854042517152,0.05263309019541185
7.5,0.051939084587636415,0.05119690285659043,0.23747885249559475,0.05117735086477038,0.051238161195415244,0.05117284516541576
7.6000000000000005,0.05002484849835216,0.04979308145016892,0.23684408224023162,0.049757825024393035,0.049847044082341294,0.04975785796312485
7.7,0.04839834221858806,0.04843254190106577,0.23628507950911096,0.048385384722584135,0.04849830712806648,0.0483868416657488
7.800000000000001,0.04751884915686838,0.04711771247838421,0.23602933982506002,0.04706801125940159,0.04719401012314651,0.04706332713716114
7.9,0.04636170017500319,0.04582881309963928,0.2365140462930455,0.04577573455733113,0.045912085142833556,0.04576884384586186
8.0,0.044590290643206645,0.044569748561171095,0.2381283962749897,0.04450861508434173,0.04465576054500538,0.04450767797024499
8.1,0.043222073499254415,0.04335477005122069,0.24104855086655053,0.04329105337688777,0.04344121201718643,0.043292860112099825
8.200000000000001,0.042565473129839854,0.04216770702360827,0.2452609872045725,0.04211021035127699,0.042253882667475796,0.0421062928693443
8.3,0.04165591499481433,0.04101241839900732,0.25048173694184955,0.04096101386503195,0.04109463009538184,0.040954699229617385
8.4,0.0403237060040926,0.03990605516934126,0.2560702286104014,0.039858409095799414,0.0399789938298881,0.03985679720884294
8.5,0.03921724099100684,0.03884333049682,0.26131856172343415,0.03880265854701628,0.038905276419003335,0.038803652817002196
8.6,0.03845524740743348,0.03781047903952291,0.26577214615379163,0.03778189871413119,0.037862691392800865,0.03778107465687761
8.700000000000001,0.0377279193221811,0.036815673465634316,0.2691465996040054,0.03680101427373751,0.036853783306858526,0.03679900192942521
8.8,0.03699813436300019,0.03585211585047483,0.2712919757011769,0.03585221110629962,0.03587172073378016,0.03584967991649384
8.9,0.03615290719724462,0.03490567981675384,0.2723707539627252,0.034917715090591786,0.03490875357812408,0.03491800247311859
9.0,0.035086877278286556,0.033986077145861715,0.2727316248237555,0.03400885754442114,0.03397219861936565,0.03401281742736075
9.1,0.0342848543139525,0.03310042059852403,0.27263477744837655,0.03313624456207516,0.03307034540526528,0.033139254472549666
9.200000000000001,0.03392379122682511,0.03223996606421099,0.27228691803765637,0.0322909627933122,0.032195511595681806,0.03228992323788327
9.3,0.03330215749152135,0.03140020064601173,0.2719427769344893,0.0314617645344221,0.031343951043749485,0.03145936939503065
9.4,0.032149820835813296,0.030586993388415626,0.2718935083110973,0.03065142640430126,0.030521484122685662,0.0306535241675
9.5,0.031192495846259036,0.029800418411038705,0.2724964760587162,0.029867314649702305,0.029727794841042043,0.02987246183305075
9.600000000000001,0.030745432292048493,0.02902600099954844,0.27415788557684784,0.02909727651007304,0.028951138750395473,0.029098954536649242
9.700000000000001,0.03018723629477379,0.028272942780771596,0.27714529318144404,0.02834425721226666,0.02820086612361527,0.028342670886257606
9.8,0.029243022852913227,0.02753831035646724,0.2814119299201571,0.0276027917687631,0.027471688529730996,0.027602912437630796
9.9,0.02823608693617262,0.02681546453426982,0.2866084736881267,0.02686959149177965,0.026756748111862357,0.026872472833157246
10.0,0.02741807905730706,0.026112197023642352,0.29219850012867504,0.026156040034248818,0.026064718403068975,0.026159085795727233
10.100000000000001,0.02683569310932399,0.025437354415873893,0.29754482503337487,0.02547184134323721,0.025404309626596802,0.025471982165575058
10.200000000000001,0.026283081975552604,0.02478247662991028,0.302078818725299,0.0248061031627471,0.02476518071515656,0.024802919617074017
10.3,0.025409039456362734,0.024144159746449394,0.30551658643231894,0.024151651260409968,0.024141050607626332,0.02415161340046066
10.4,0.024366406005296708,0.02352183195536137,0.30783656816001115,0.02351341149858268,0.023532671396411322,0.02351715215224776
10.5,0.02378737696212073,0.022913734546477823,0.3091489480865371,0.022893738642550787,0.022940295569562785,0.022894903308613646
10.600000000000001,0.02347658098609779,0.02231741857384458,0.3096987468834975,0.02228882531445352,0.0223582006791428,0.02228541623882068
10.700000000000001,0.02267226555270859,0.021737061452966628,0.3097894825788694,0.021695645261423487,0.021789677139055018,0.021694131495262642
10.8,0.02165860843622675,0.02117468206871371,0.309629762944715,0.02111897024725716,0.0212390786383789,0.021120725888766234
10.9,0.02123641328875813,0.02062976901400424,0.30939476305686664,0.020567499312128798,0.020703799765936958,0.020566769637638958
11.0,0.020978626781735336,0.02010161438762858,0.3093843111185465,0.020037001086539108,0.020181526500133475,0.020032714668412915
11.100000000000001,0.02020934240464961,0.01959124440414969,0.3099942483947411,0.019521331780548386,0.01967359042433088,0.019519213455402813
11.200000000000001,0.019501233513846687,0.019094209976310755,0.31160070985191846,0.019022585361197032,0.019174676418625976,0.01902337357065591
11.3,0.019352568933184218,0.018607043484881427,0.31447247487907537,0.018542816625350074,0.018681654514519697,0.01854092703315423
11.4,0.019135599635083985,0.01813076653740843,0.31863562129936807,0.01807703300183481,0.018195177092744753,0.01807308735028275
11.5,0.018576979486086446,0.0176670085154717,0.3237588852010517,0.017623646212394636,0.01771611095208202,0.017622975923806822
11.600000000000001,0.018272013945321124,0.017218185291858777,0.32924887579520645,0.017188394400113546,0.017250278723821257,0.01718896452608245
11.700000000000001,0.018159387605737952,0.016785922728105532,0.3345022253681926,0.01677255257858934,0.016800346209964914,0.016771328415335476
11.8,0.01784137124216077,0.016367926670658218,0.33904035820492173,0.016370632484317024,0.016361777080498456,0.01637095333718676
11.9,0.017577784136639674,0.01596242350001643,0.34253470304632083,0.015981966624242585,0.015935065817232683,0.015983375160279683
12.0,0.017546002908709335,0.015569389665271927,0.34490548848949054,0.015607026176577155,0.015521925691569422,0.015606485441925146
12.100000000000001,0.01714825961689544,0.015184999179348315,0.34632507791628153,0.01523732451355372,0.015116439556457814,0.015239073180567067
12.200000000000001,0.016551238039940283,0.014806422022104311,0.3470317299201222,0.014870840497352378,0.014716629531435163,0.014876941909948553
12.3,0.016554524565556467,0.014436288789640882,0.3472264425358226,0.014517434526240264,0.014326992012062702,0.014520779043840465
12.4,0.016703578986401145,0.014076229948026923,0.34711289190562,0.014174809148313466,0.01394862911471043,0.014173555540020316
12.5,0.01612636196265015,0.013724998286287388,0.34691200481798395,0.013831324165333864,0.013580356303203955,0.013833975193401354
12.600000000000001,0.015298448147027712,0.013383825425105494,0.34688699378416377,0.013493336311092799,0.013224746516108563,0.013502141506016595
12.700000000000001,0.015319263847761493,0.01305555240312804,0.34740753654858636,0.013173370057452208,0.012887122496140675,0.013179052977215408
12.8,0.015513907605679335,0.01273738879117835,0.3489001347586121,0.01286199981973708,0.012565670199956164,0.012861247550023418
12.9,0.015012858845971673,0.012424563051764554,0.351656974719496,0.012545454226503001,0.012252868376957885,0.012546783836983898
13.0,0.014234668688569024,0.012116501053395888,0.3556755743555134,0.012228064894188484,0.011948045016619906,0.01223477419268364
13.100000000000001,0.013928372000069762,0.011815536847297494,0.3606464762172231,0.011919393390957501,0.011656283607073537,0.01192488086518493
13.200000000000001,0.01388802547484291,0.011521798051237745,0.36603794587008476,0.011618151202346692,0.011376225316897332,0.011619156929773443
13.3,0.013630947391005266,0.011234167319338004,0.37122853745304507,0.011319418980243063,0.011103061269800695,0.011318963372886976
13.4,0.013157975428484316,0.010952897380593872,0.37570049003453704,0.011023707159122754,0.010836184407221536,0.011024710939094044
13.5,0.012577121863623687,0.010679928684415838,0.37917888067646055,0.010734985180911935,0.010578643276736598,0.010738370189270586
13.600000000000001,0.012165989258709388,0.010415370348927547,0.3816091440810474,0.010456254985028985,0.010330893941976239,0.010459327928095785
13.700000000000001,0.012141548498550621,0.010157489851525151,0.3830910000606694,0.010187817236028303,0.010088900451388706,0.010186928694424825
13.8,0.011960285576228,0.009905060528416543,0.3838358174103511,0.009924677053600768,0.009849998654019832,0.009921786563266179
13.9,0.011379249174427626,0.009659065332176867,0.3840738550609324,0.009664330530638417,0.009616220194728454,0.009664544022064745
14.0,0.0108335197904623,0.009419489259186748,0.3839849826875332,0.00941314001220872,0.009385673450121453,0.009415214279150562
14.100000000000001,0.010876746231556537,0.009187075177878801,0.3837545341601751,0.009176791049000623,0.009158945211456545,0.009176188678402995
14.200000000000001,0.010813729651484891,0.008964291201156778,0.38366012996211907,0.008951847337961075,0.008940263070897963,0.008948594065686925
14.3,0.01050531254480249,0.008751813779905035,0.384083100822386,0.00873592830369373,0.008728764326806174,0.008733971344745713
14.4,0.01020509770483234,0.00854674522265524,0.38544268779964325,0.008531054364959769,0.0085202343948386,0.008530768953929032
14.5,0.010156789439133231,0.008347430147207,0.3880493885859585,0.008336664934038777,0.008314422274543574,0.008335876536996856
14.600000000000001,0.010031713561385686,0.008155256665112456,0.3919315696351096,0.008152307784513334,0.008113262754142949,0.008151055936187361
14.700000000000001,0.010067330240007798,0.007970176011207527,0.39677614858377064,0.007977711347761415,0.007916670065199857,0.007975709153864205
14.8,0.010013031334794632,0.007789740931344257,0.40204139631180036,0.007808947153706671,0.007721667748663211,0.007806422219504747
14.9,0.009768772948905411,0.007613014047552589,0.4071399242581745,0.0076437744778936785,0.007526110724772642,0.007644442720022196
15.0,0.009560326021145423,0.007442378913751618,0.4115764589434241,0.007487259640126576,0.007335135078553834,0.007489948867264161
15.100000000000001,0.0098696258039607,0.007278622449373091,0.41504679841010006,0.0073415782694535615,0.007151463897762699,0.007340497221269948
15.200000000000001,0.009869097929895545,0.007120011309862265,0.4174860567274215,0.007199115984988429,0.006970225824511039,0.007197619522847401
15.3,0.009387018426172886,0.006965203674667772,0.41900183513402367,0.007055206704089885,0.006791338228570021,0.007059593535012135
15.4,0.009242203334745153,0.006814556197506973,0.4197710791194083,0.006917628413352606,0.0066183431808785,0.006922382061487277
15.5,0.00970302499559015,0.006667103845928392,0.4199947216512432,0.006787534917637757,0.0064498723874896365,0.0067869685209841395
15.600000000000001,0.009585615108319871,0.0065217472999426224,0.41986713231409395,0.006652400108286451,0.00628507813479612,0.006652633099330342
15.700000000000001,0.00892895108377941,0.006379902949103794,0.4195740525143899,0.006512067458476562,0.006127408353158914,0.006518438784086854
15.8,0.008877931671082365,0.006243500856003188,0.4193742932759555,0.0063804515662296175,0.005979542889975112,0.006386269184166446
15.9,0.009278624156163096,0.006111001193730925,0.41966198411605177,0.006255245136525872,0.005840600448513386,0.006254904809243207
16.0,0.009051541467999722,0.005980325295578448,0.4208805815339694,0.0061235965976134,0.005706744084206411,0.006123610369974446
16.1,0.008485098487556329,0.00585180968372773,0.423339024040579,0.0059888329193343234,0.005577181708276383,0.00599414143716028
16.2,0.008407598378566026,0.0057273639929499385,0.4270665915348368,0.005861079204094297,0.005455838355235292,0.005865409961041352
16.3,0.008537534068889796,0.005605122953219822,0.4317770665515027,0.005736391649294698,0.005339589820577311,0.0057366009675851835
16.400000000000002,0.008345019243253642,0.005482504983228923,0.4369428494510157,0.005607928468935217,0.0052223796325123265,0.0056087587569365206
16.5,0.008151594563297148,0.005360926314587749,0.4419618498457868,0.005478950590002463,0.0051069522436830925,0.005480747114243224
16.6,0.008034073856536018,0.005243707881298258,0.44634617536829524,0.005353659976338656,0.004997790767086539,0.0053549909049575555
16.7,0.00766341446827958,0.0051307062776829206,0.4498132636952379,0.005230690737159567,0.004893090979871662,0.005233733365367827
16.8,0.007590588600561772,0.005021001380332289,0.45227154820847626,0.005112774102343664,0.004791772705444897,0.005115295170617236
16.900000000000002,0.0078010632083222835,0.004915347464064662,0.45378797678671023,0.005002724762670644,0.004694004607002856,0.005000797815544199
17.0,0.007692905328181825,0.004813588596957621,0.4545384573527482,0.004893912273530431,0.004597941079817067,0.004892148589790331
17.1,0.007053646402614749,0.0047138381898159856,0.4547230693153427,0.004783800513082014,0.004500818269548009,0.004787649601743065
17.2,0.006934927985439221,0.004616810622043272,0.45451790163249806,0.0046837986476139055,0.004403040788050858,0.004687951840695457
17.3,0.007331170736774821,0.004524584684931278,0.4541126577987874,0.004596743083431517,0.004307574401224975,0.004594492972580152
17.400000000000002,0.0073371425244437415,0.004436403645109949,0.45378498518507515,0.004511063563162096,0.004213342082979986,0.004507274100134479
17.5,0.006872771380201307,0.004350315092666177,0.4539300579170551,0.004424123259386963,0.004116871891674997,0.004426187802797139
17.6,0.00665450524772672,0.004268177485193278,0.45499155810711256,0.004346352180593399,0.004022430963048086,0.004350489259912176
17.7,0.00687829704240314,0.00419274844146872,0.4572961152727354,0.004281034662824595,0.003935536588030991,0.0042808690410106355
17.8,0.0070743581256561255,0.004122502285935822,0.46088528024312897,0.004220678158728147,0.0038527466048633064,0.004218083044116534
17.900000000000002,0.007000791547339463,0.00405378329415919,0.4654697756313085,0.004159410394834101,0.003768607248601459,0.00415875784056129
18.0,0.006819278740467372,0.003986683113610029,0.47053098941316024,0.00409948451666967,0.0036841588155886677,0.00410219528579321
18.1,0.0065723180455189364,0.003923609900423005,0.4754899600784799,0.004045955971572678,0.003603906012619734,0.004050012546086971
18.2,0.006912178661735657,0.003864570475726881,0.47985795855204016,0.003999590814922101,0.003528499131521144,0.004000279091373385
18.3,0.0070824811993086875,0.00380799198912088,0.4833321847453354,0.003954977558316672,0.0034539034296260833,0.003953190635773558
18.400000000000002,0.006908894042473027,0.0037539705333269092,0.4858111758617222,0.003907616619079369,0.003380536867792631,0.003909845634985067
18.5,0.006564247902556838,0.0037030684750855975,0.48734132885697395,0.003861512810839106,0.0033125827914540352,0.0038673743552293674
18.6,0.006810095312642013,0.0036541304752289033,0.4880598513180613,0.003822456131192182,0.0032482938177625566,0.0038252346140737704
18.7,0.0069644328949161555,0.003606003886253345,0.48815336447437707,0.003783727124642741,0.0031855572423228795,0.0037836818096973583
18.8,0.006756668822210179,0.0035594802469936884,0.4878174421806283,0.003738595139564785,0.0031274939891358655,0.0037413092593162143
18.900000000000002,0.00658506758669393,0.003514431164743319,0.4872593046624536,0.003693373909659756,0.0030738715670442984,0.003698814053295296
19.0,0.006718289458325673,0.003469010294211915,0.4867664836537352,0.0036521638276068346,0.0030221895388434453,0.0036549950056124253
19.1,0.00668701402579852,0.0034230016558220635,0.48674849127078645,0.0036079192814151475,0.002973225045830171,0.0036083629565387566
19.200000000000003,0.006464793960638327,0.003379147980113662,0.48765766843770314,0.0035607735870470682,0.002928986972215652,0.0035632018486078023
19.3,0.006523576782500769,0.0033379193394525073,0.48981431594627584,0.0035166140757803468,0.002889785836588544,0.003519210472923788
19.400000000000002,0.006523202696907437,0.003296692782649292,0.4932605755051401,0.003472767541816081,0.0028523972023725497,0.0034732701758012495
19.5,0.0063095107978579906,0.003254412933153703,0.4977281603065589,0.0034258274295162743,0.0028137090654034953,0.0034276465367205486
19.6,0.006238999677031678,0.0032135171182608425,0.5027113217391415,0.003380770889252481,0.002777610180798285,0.0033826052459032937
19.700000000000003,0.006392612580732657,0.0031748619436075785,0.5076350668072656,0.003338780004431717,0.0027452687907318736,0.0033371233347939157
19.8,0.0062160240497041224,0.0031369320996983466,0.5120200021106418,0.0032940391502485453,0.002711523504415029,0.003294475441604103
19.900000000000002,0.00592069160112808,0.0030996961449242704,0.5155582510942931,0.0032495141233372027,0.0026775223996515886,0.0032536410147485295
20.0,0.006110458301572552,0.0030649847726414835,0.518115150697662,0.003214335144505279,0.0026469844567077604,0.003213622016546548
20.1,0.006272842262646319,0.0030325219756588036,0.5196981901980786,0.0031825597978508875,0.002616625050913878,0.0031776383868277703
20.200000000000003,0.005967915029331946,0.0030011516601410253,0.5204104831452503,0.0031438390431091793,0.0025847179604195584,0.0031449915286623415
20.3,0.005675200189686269,0.00297201524280105,0.5204155503792884,0.0031091626500861346,0.0025544805434816143,0.0031142487385166775
20.400000000000002,0.006012758540402076,0.0029462137528729867,0.519927940414921,0.0030895852216055245,0.0025269151428569466,0.0030871697726832063
20.5,0.006155160900389077,0.0029212682450820236,0.5192317989580993,0.003069836543352612,0.002498669976907269,0.0030620812523562903
20.6,0.005858269666121882,0.0028957000435528117,0.5187660101538507,0.003040179437303308,0.0024670612847932766,0.003038684013504687
20.700000000000003,0.0056544670401255746,0.002872184742138552,0.5190548751290442,0.0030153393334057055,0.002435908806867267,0.003018703022215742
20.8,0.005872956182119419,0.002853202061555116,0.5201614974013349,0.003003464540197258,0.002410367358392539,0.003001323685911753
20.900000000000002,0.005989044996714551,0.002835841004352805,0.5220714516343449,0.0029925551022191767,0.0023858334083014378,0.00298634116770377
21.0,0.005868433783325239,0.002817742098975639,0.5249407076857241,0.002976527587660883,0.0023576590200559354,0.0029738901379394887
21.1,0.005817223979456826,0.0028008070423199685,0.5289384956468601,0.002962027469734287,0.0023303827801897264,0.002962139000501287
21.200000000000003,0.005779533182204903,0.002786838514510322,0.5337183214218147,0.0029528654112192074,0.002307083495247148,0.0029525466483515447
21.3,0.005822116183014145,0.0027739054026128347,0.538615527304245,0.0029460782323389254,0.0022842725625254467,0.002944753915489551
21.400000000000002,0.0059203280572091305,0.0027607076839017333,0.5430904657863325,0.002940221338269308,0.0022601880239618974,0.0029364837927402503
21.5,0.005974526725745499,0.002748644487586581,0.5468010817231583,0.0029339076524250688,0.0022366251420462783,0.0029296004347185885
21.6,0.005822495903705157,0.0027384335110000857,0.5495785358224169,0.0029242801459001657,0.002215692242110559,0.0029244474256865517
21.700000000000003,0.005728448720394038,0.002729006136081102,0.5513844978714788,0.002916559630247077,0.0021970868948301887,0.0029186344354628292
21.8,0.0058937530885221755,0.0027208530202445375,0.5522924838749896,0.002916139015894377,0.002181024456438787,0.0029131051951377406
21.900000000000002,0.005975352735845304,0.002714860729644987,0.5524908022268531,0.0029146628860945946,0.002169596844941973,0.0029080973983458902
22.0,0.00584672486773583,0.002709371976546343,0.5522852950084636,0.002905659112457843,0.0021600727195361337,0.002902901615095016
22.1,0.005719856979692924,0.0027023629028503082,0.5520440194642017,0.0028962319263576303,0.0021484711384479353,0.0028969093738084313
22.200000000000003,0.0057567510112715254,0.002695388046174991,0.5520497442384333,0.0028919335244177915,0.0021385918218968887,0.0028891087504539716
22.3,0.005802738102889234,0.0026904183674838853,0.5524807421442954,0.0028886549490779755,0.0021330040459123173,0.00288170151779058
22.400000000000002,0.005799363595877755,0.002685725843868904,0.5534941699837748,0.0028822566917398973,0.0021271727757078045,0.0028756303898426626
22.5,0.005728133979483044,0.002678886969158986,0.5552175122391236,0.002872343708687414,0.0021186539565845207,0.0028673901515006046
22.6,0.005606275719587226,0.002671434073599759,0.5577213044667543,0.0028623728888863796,0.0021103946716486497,0.0028584518206615614
22.700000000000003,0.00560020001912742,0.0026658415739406823,0.561024273860985,0.0028566188505594363,0.002105792145475046,0.0028511183793321175
22.8,0.005722879248310471,0.002661264925243243,0.5650695980802926,0.002852906161405048,0.0021030926621309924,0.002843181550716594
22.900000000000002,0.005685010502041244,0.002656002103367936,0.5695675326628534,0.0028453740959554284,0.002097168255737968,0.002836089225657962
23.0,0.005512481347725486,0.0026510635745294643,0.5739906392666907,0.00283538830988882,0.002090160049152006,0.002831038794502411
23.1,0.005505909501507963,0.002647827912274009,0.5778669354312059,0.002831422718803536,0.002087087317727985,0.002825318653850245
23.200000000000003,0.005643326039302703,0.002645508930301659,0.5809137761463938,0.00283265118992167,0.0020844446222604606,0.0028205510900933713
23.3,0.005582250561916302,0.002643537703883166,0.5830199211096911,0.002828509362759413,0.0020801437124706515,0.002818127851409485
23.400000000000002,0.005423622443580703,0.002643203791398402,0.5842231337117832,0.00282196353383243,0.0020786796930209036,0.00281632899930193
23.5,0.0054701751106567015,0.002644257776720704,0.5846940724606122,0.002823846627161781,0.002078786826004501,0.002815981970948898
23.6,0.0055652799321719015,0.0026446678680611185,0.5846972017807747,0.0028288183287594726,0.00207651477105804,0.0028163088107423747
23.700000000000003,0.005466952610283551,0.002644712200385512,0.584528369880038,0.002827467799692497,0.0020729250367647676,0.0028164877016405515
23.8,0.0053782831844350594,0.0026468656838085206,0.5844681047808764,0.0028275488692552932,0.002070779715899633,0.002819509549649518
23.900000000000002,0.005454764238595857,0.002650762399940578,0.5847666031058883,0.0028348189917485876,0.002070653105290164,0.002823961344727508
24.0,0.005486384310210058,0.0026540858075239622,0.5856319523619455,0.0028416024450868688,0.002070028742476556,0.002827694400234453
24.1,0.0054060508463684275,0.0026570658374322114,0.5872101284334188,0.002845313608657612,0.002067807225095227,0.0028330573237984715
24.200000000000003,0.00542442748486461,0.002661913512140616,0.5895676681729775,0.0028518115296704664,0.002068649167041432,0.0028396911909997695
24.3,0.005462776714085354,0.0026684884450710587,0.5926855313905472,0.002859984405804289,0.0020730256995967655,0.0028466133571778316
24.400000000000002,0.0054221470832736185,0.00267492096802467,0.5964557178306462,0.0028666293708543202,0.0020762373493347763,0.002854960326805541
24.5,0.005414521273819242,0.002681014458028405,0.6006496664942109,0.0028743984766787466,0.0020790560390652533,0.002862842314102983
24.6,0.005500794024922847,0.0026877820731159123,0.604892796587285,0.0028847061447380296,0.0020837227522808935,0.0028699081216477253
24.700000000000003,0.005483867461455389,0.0026947991834780608,0.6087558401826714,0.002891713748427921,0.0020878069424907324,0.002878241667525882
24.8,0.005373907547853919,0.002701449477953967,0.6118993750092394,0.002895716943461715,0.0020910866436832575,0.002886450257322776
24.900000000000002,0.005407366716564483,0.0027085885677619304,0.614143061244483,0.002905144808815935,0.0020961569950413983,0.002893779815355281
25.0,0.005515939630702689,0.0027164557571431065,0.6154721343860907,0.002918259287028383,0.002102683323819853,0.0029016420060708793
25.1,0.00547393679311373,0.002723653963412767,0.6160178592642991,0.0029249440963805347,0.002108023793857007,0.002909276555986144
25.200000000000003,0.005344767868546117,0.0027300979475746133,0.6160188229588139,0.0029279282678535464,0.0021117712904300274,0.0029163976577470246
25.3,0.005358209386893655,0.002737476515629696,0.6157691097679733,0.00293650558982287,0.0021172297613386176,0.002923603070910022
25.400000000000002,0.0054338766191484025,0.0027460665870556724,0.615572017343121,0.0029477810383533288,0.0021258086738111673,0.0029305195123671616
25.5,0.005412179906875646,0.002753933926795258,0.6157090682249758,0.0029549552324771673,0.0021332681452796588,0.0029372324121067234
25.6,0.005340140668659414,0.0027603416057747705,0.6164134346850911,0.002958908334275579,0.00213836996153585,0.002943254928984952
25.700000000000003,0.005305650433342962,0.002766762815046543,0.6178442918640148,0.0029636948781810355,0.002145044319214047,0.0029483992199971516
25.8,0.005311951497930849,0.002773863226072281,0.6200709154713977,0.0029704161320224243,0.002153926898357527,0.0029539483279417173
25.900000000000002,0.00533799058075693,0.0027805132616860375,0.6230675281879429,0.0029772578404310907,0.002161968586253018,0.002959346042831659
26.0,0.00533725598012955,0.0027863805393936285,0.6267103876430011,0.0029824414435062974,0.0021681689606563273,0.0029641524648149594
26.1,0.005284812378667858,0.0027924945950457444,0.6307687766779622,0.002986014925580205,0.0021741395699133546,0.002969792262339372
26.200000000000003,0.005238913478558378,0.002799383386733527,0.6349045604729282,0.002990625204203962,0.002181331408017806,0.002975932746785914
26.3,0.005275173638399867,0.002806842475414687,0.6387250329318097,0.002999028214610909,0.002189154019943352,0.0029821222435555982
26.400000000000002,0.005299753830218613,0.002815073320194715,0.6418846931945421,0.0030085056015129157,0.0021971506735409905,0.002989634865541123
26.5,0.005254646463440631,0.00282427817242872,0.6441688849104062,0.00301582386596481,0.002206407418229136,0.002998210225470472
26.6,0.005208618489254526,0.0028337162950594903,0.6455262099104959,0.0030232505137937973,0.002215562968366222,0.0030073158487474018
26.700000000000003,0.0052235379815730905,0.0028427339154611514,0.6460597911679185,0.003033267816706899,0.002223277684083878,0.003016583813200272
26.8,0.005227446929426676,0.0028520229453599956,0.6459926832275753,0.0030437356505698056,0.002231564573296229,0.003025528511048468
26.900000000000002,0.005204473190601161,0.002862023442584987,0.6456209238231132,0.003053725284335768,0.0022409140937655597,0.0030349750117779476
27.0,0.0051951317879538415,0.0028715104842777115,0.6452654678984269,0.0030633955500963786,0.002248959955495978,0.003044476832322702
27.1,0.005183376002494663,0.00287984236916167,0.6452294584375384,0.0030720968517258607,0.0022555325931687717,0.003052817047092527
27.200000000000003,0.005156873575934319,0.0028881351574236054,0.6457635893374674,0.0030808458116191196,0.0022623876825580563,0.003061367503070504
27.3,0.005174132180483609,0.0028970596753188703,0.6470399676509794,0.0030912286725518325,0.002270211335199892,0.0030707695079675613
27.400000000000002,0.00520015444212104,0.002905975753336823,0.6491347875256321,0.0031012631425312307,0.002278025200129875,0.0030800477273198153
27.5,0.005171395794436052,0.002914661709140013,0.6520211800559432,0.0031092178963132637,0.0022849695246939437,0.0030898431978445785
27.6,0.005142085409491393,0.002923760316717713,0.6555689147226694,0.0031184186648244576,0.00229232851404619,0.003100188828963387
27.700000000000003,0.005184280095502468,0.0029336943051140396,0.6595436503172453,0.0031303608815242074,0.0023013547864585574,0.0031102802574879363
27.8,0.0052070017208487645,0.0029439773339112562,0.663614890531056,0.0031415287835944417,0.002310356412774949,0.0031209856207254773
27.900000000000002,0.005158303735253257,0.0029542692390670203,0.6674017224178932,0.0031506926925600628,0.002318860031244337,0.003132195621135493
28.0,0.005136785873417029,0.0029650353569009432,0.6705569776398168,0.0031613468563629855,0.002328933816571695,0.0031430391214774273
28.1,0.005183156226096136,0.002975935892618464,0.6728469782720943,0.0031742330967256876,0.0023394278130463774,0.003153948917510046
28.200000000000003,0.005184021975565302,0.0029861315549106083,0.674194137559321,0.0031852815620202982,0.002348553599184903,0.0031646459758625685
28.3,0.005121838818833236,0.0029961071995320758,0.6746800851633752,0.0031940287099515743,0.0023576121780261835,0.0031747189359622036
28.400000000000002,0.005107351554653635,0.0030066276006461283,0.6745183314016532,0.0032046560331786228,0.0023677194297097174,0.0031847934339548863
28.5,0.005138273838392589,0.003016706968818383,0.6740081370368101,0.0032163908885696106,0.0023773204836825953,0.003194325061318213
28.6,0.005123043204009639,0.0030268075298105924,0.6734832045824992,0.0032259935088476454,0.002386813585761951,0.0032037461831949865
28.700000000000003,0.005079612173732323,0.0030371084405358137,0.6732643996723686,0.003235484035284544,0.002396480091435776,0.0032136471816793387
28.8,0.005073508726580277,0.0030471441821650312,0.6736195640611142,0.0032453016024882398,0.0024063866687323385,0.003223145823177772
28.900000000000002,0.00507688272024711,0.003056984944307281,0.6747335044598968,0.0032545169719029273,0.0024167400039981643,0.0032324290043902948
29.0,0.005066152665946503,0.0030664422991544425,0.6766903803367332,0.0032636296852144725,0.0024265010947655177,0.0032417753133010116
29.1,0.005065291200714008,0.0030756621229161424,0.6794662180966589,0.003272902057248245,0.002435899410333487,0.003250745708342813
29.200000000000003,0.0050635848872912755,0.003085048905833698,0.6829277884071583,0.003281766536385503,0.0024456180981879422,0.0032596511609307545
29.3,0.005037421329170634,0.003094594252421443,0.68683604099891,0.0032898918111717973,0.0024552901084994886,0.003268909562529449
29.400000000000002,0.005025035210797212,0.0031043289165504574,0.6908605414223209,0.00329896584184145,0.0024651163786382733,0.0032781782984242845
29.5,0.005045128531643337,0.0031144815214519594,0.6946223815307817,0.0033096193413866583,0.0024755581122845685,0.003287641063620443
29.6,0.005044750849543405,0.003124874294020463,0.6977688296595457,0.0033199926655253127,0.002486106565685623,0.003297656636954892
29.700000000000003,0.005005509204858255,0.0031352520650960703,0.700050739181368,0.003329224904832501,0.0024963841627990897,0.003308040535176104
29.8,0.004984882442926136,0.003145780507334789,0.701370965345308,0.0033393812870396843,0.0025070538250479618,0.0033186694414245976
29.900000000000002,0.0049996037432322536,0.0031564962674802996,0.70179451088757,0.003351051374404868,0.002517206706936086,0.003329127862033613
30.0,0.004999474180539638,0.0031674351427482005,0.7015265877084897,0.0033626180698256825,0.0025272508059697007,0.0033396376523673484
30.1,0.004972206493774625,0.003178015953704251,0.7008692625734306,0.003373073377842018,0.002536912230187256,0.0033500366369112198
30.200000000000003,0.004949982711532341,0.0031880520369110417,0.7001681287916498,0.0033831277053827146,0.0025457476379118103,0.0033599735165746043
30.3,0.004945560819313136,0.0031980132010619236,0.699759822150515,0.00339341823968605,0.0025549568091083634,0.003369730499232107
30.400000000000002,0.004952217713601618,0.003207984112328658,0.6999280963595882,0.0034040205140072983,0.002564443728745514,0.003379720873880927
30.5,0.004957010806976118,0.0032176312869758705,0.7008715848040965,0.003414250133826939,0.0025734609375775088,0.0033896618144550143
30.6,0.004945183081108335,0.00322708422930216,0.70268385867577,0.003423593911194804,0.0025822782437205016,0.003399544520465246
30.700000000000003,0.004928746686731067,0.0032367317020849298,0.7053449703404608,0.0034328494624013537,0.0025914117956407356,0.0034096552635102294
30.8,0.00493727523756291,0.0032468463980180485,0.7087210221088471,0.0034431372120677984,0.002601343491412386,0.003420032101629864
30.900000000000002,0.0049536069168865104,0.0032575118065136565,0.7125692526365764,0.0034540459248046905,0.0026115260580574255,0.0034309251135021955
31.0,0.004942628486519872,0.0032683605880371737,0.7165553814936665,0.0034646874599169215,0.0026217639176580906,0.0034420224368109245
31.1,0.004921305646808389,0.003279463562502684,0.7202970408572731,0.0034753825675798676,0.002632422934825052,0.003453322398918639
31.200000000000003,0.004923910946007958,0.0032907815902154126,0.7234340433931098,0.0034868319190016236,0.00264342721265904,0.0034648225124750934
31.3,0.004929756495726376,0.0033020976171969267,0.7257029607828105,0.0034985772652497862,0.0026543769978721312,0.003476281010910513
31.400000000000002,0.004911638932157006,0.0033132167613134566,0.7269890963791785,0.0035099871992256525,0.002665012612244992,0.003487447665393719
31.5,0.0048928248269784775,0.003324090907908161,0.7273430985713139,0.0035212092754033347,0.0026752776541660024,0.003498257858116421
31.6,0.004889432099100529,0.003334705459019035,0.7269635294800983,0.0035321759044788376,0.00268528077929152,0.0035084682737892194
31.700000000000003,0.004878707204207123,0.003345019792101109,0.7261547282411029,0.003542583311226349,0.0026949938750711047,0.003518122578857433
31.8,0.00485958817888421,0.0033551046031349927,0.7252724577138316,0.00355292384775994,0.0027044096778540546,0.0035276477391880823
31.900000000000002,0.004854599381541145,0.0033651928548715493,0.7246685302014346,0.0035631970158799724,0.0027140257880691396,0.00353731967669063
32.0,0.004851370051607037,0.0033749494838573313,0.7246427738904709,0.003572735519579718,0.002723741610411514,0.003546797530085903
32.1,0.0048372328253050885,0.0033845333258407545,0.725407823627145,0.003581817325745705,0.0027334343867802696,0.0035563674287423215
32.2,0.004832770124972552,0.00339414149415938,0.7270678416595786,0.003591337950920935,0.00274320606054255,0.003565971708529945
32.300000000000004,0.0048399356754648916,0.0034039222216339336,0.729608698054045,0.0036010700003081975,0.002753200625790053,0.0035755772013655977
32.4,0.004831556104480349,0.0034139058461039678,0.7328968395845261,0.003610402632509358,0.0027634871214848207,0.003585506208469381
32.5,0.004814606134402549,0.0034242929594980685,0.7366860885377234,0.0036199301927697207,0.0027738940247768783,0.0035957504027931972
32.6,0.00481704442258338,0.003434957967574021,0.740637411520678,0.003630421497345365,0.002784538890520325,0.0036062482232549816
32.7,0.004823261405345811,0.0034459146499551995,0.7443622411420111,0.0036413185068603325,0.002795445717214877,0.003617122759724166
32.800000000000004,0.0048053877010895436,0.0034569877638686757,0.7474905844916928,0.0036518282585026223,0.0028064906716933975,0.0036281519138164336
32.9,0.004783767511761554,0.0034679960288632504,0.7497449375499001,0.0036625087793407843,0.002817383904074545,0.003639149063929174
33.0,0.004784432450995953,0.0034788799732507294,0.7509947057268277,0.0036738054852038086,0.0028279514412441736,0.0036499654476744793
33.1,0.004784496496801002,0.0034895843755672756,0.7512771313922284,0.0036850168863209916,0.0028381434839902077,0.0036603853758806187
33.2,0.004763978712887348,0.003500027542236445,0.7507840335822813,0.003695699813444158,0.002847813800280565,0.003670466216932709
33.300000000000004,0.0047442576018426955,0.0035102161846754954,0.7498217108637717,0.0037062501533750934,0.002857100289812585,0.0036802895778903348
33.4,0.004740493736253168,0.003520217409172726,0.7487554651642166,0.003716750072797467,0.0028663823471677613,0.003689867719071821
33.5,0.004739041204363662,0.003530135469117504,0.7479513211213763,0.0037270043980502853,0.0028756944096210305,0.003699573479854436
33.6,0.004733660355673472,0.003539984647168668,0.7477250901329249,0.003737053835272468,0.0028851214255096935,0.003709555209485106
33.7,0.004729164562277163,0.003549722613993201,0.7483043381473212,0.0037468929003927195,0.0028945898918226525,0.0037195260561012373
33.800000000000004,0.00472433645886319,0.0035595201087457668,0.7498047023906589,0.0037565131351167255,0.002904310001957341,0.003729572043033396
33.9,0.0047217250189371136,0.0035696269212678743,0.7522188829844247,0.003766270669123019,0.0029143514856821776,0.003739925325715496
34.0,0.004725514241800753,0.003580035682337686,0.7554151247459107,0.003776532384152235,0.002924528957106355,0.003750479622099015
34.1,0.004726250959060263,0.003590732388386091,0.7591444534740428,0.0037871017714415016,0.0029349104484108534,0.003761263458904386
34.2,0.004715950631090188,0.0036017301160296026,0.7630621292614769,0.0037976767708999977,0.0029456419155571376,0.0037723315454317144
34.300000000000004,0.004705668203232255,0.0036129150880326857,0.7667719173766586,0.0038085114076822947,0.002956654696052371,0.003783590849917395
34.4,0.004704281323079523,0.003624130300489466,0.7698930374466877,0.0038198513341445917,0.0029676746573897407,0.003794914221828478
34.5,0.004700515278055274,0.003635258031816416,0.7721335475567346,0.003831321217104131,0.0029785157574434007,0.0038061030476816346
34.6,0.0046867801849353324,0.0036462077283818594,0.7733471838684292,0.003842504446272211,0.0029890546598684217,0.0038169719318578146
34.7,0.0046716957314925246,0.003656905794136078,0.7735583370525521,0.0038534015597047142,0.0029991893332055454,0.0038273879036007093
34.800000000000004,0.004660917975519898,0.0036673200005276786,0.7729521562685271,0.003864125657227966,0.0030089520573807786,0.0038372992289465767
34.9,0.004651731629592143,0.003677458745240315,0.7718360733049666,0.00387469856279495,0.0030184441774124644,0.003846883699400211
35.0,0.004644173121487704,0.0036873488379201595,0.7705840189965654,0.0038850143955830776,0.0030277942717416824,0.0038563545056371114
35.1,0.0046365678981151555,0.0036970497471537347,0.7695759293407469,0.0038948575052962435,0.0030371736411305664,0.00386580250649895
35.2,0.0046269424710777465,0.0037067065192809964,0.7691436249020553,0.003904303994279105,0.003046725158318284,0.003875409305596722
35.300000000000004,0.0046224728119155034,0.0037163744530507624,0.7695300362452839,0.003913756971936818,0.0030565351895004782,0.0038851315494061183
35.4,0.004625602263192993,0.0037262305038069476,0.7708633816286521,0.003923368554275053,0.0030665714324960725,0.003895058230558129
35.5,0.0046240049183919685,0.0037362997617566562,0.7731443563840475,0.003932973963631101,0.0030767251704644063,0.0039051500611242155
35.6,0.004614313301102178,0.003746637079670951,0.7762438431500593,0.003942676716471033,0.0030870396322516093,0.003915447065251447
35.7,0.00460927604363031,0.003757282513056465,0.779910767044145,0.003952857779817213,0.003097638003005637,0.003925993310424229
35.800000000000004,0.004610303107835764,0.0037681924638627,0.7837946932174203,0.003963555769161287,0.00310848934838983,0.0039368349366714775
35.9,0.004603738324458011,0.0037792374580164277,0.7874907014011633,0.003974420854146329,0.003119464975464516,0.0039478810347248405
36.0,0.0045900595346826225,0.003790286059655753,0.7906062240328771,0.003985354679536486,0.003130412635564626,0.003958964019271366
36.1,0.004581913672630158,0.003801247635373496,0.7928347052143533,0.003996458469615654,0.00314115914936325,0.003969914442270742
36.2,0.004576512583673254,0.0038120368575495964,0.794014363492341,0.004007544542066009,0.0031515552697876413,0.0039805183680689925
36.300000000000004,0.0045635827907731605,0.0038225745703581674,0.7941565801127211,0.004018395234962963,0.003161482480574727,0.003990698455303272
36.4,0.004548920491134046,0.0038328371823556314,0.7934393969529994,0.004029077419784355,0.0031709762677970387,0.004000533944147988
36.5,0.004541062558451813,0.0038428513648976707,0.7921708062771413,0.004039555965062956,0.0031802647060220784,0.004010096858676951
36.6,0.004534762020884533,0.003852657623124101,0.7907325837283602,0.004049685392072224,0.0031895190918427904,0.004019563250445942
36.7,0.004527316282123753,0.00386232966390986,0.789517950734637,0.004059567439380949,0.0031988339336690578,0.004029155575619815
36.800000000000004,0.004524183860864351,0.003871991013230193,0.7888748433436821,0.004069339746922507,0.003208353829233954,0.004038925945981863
36.9,0.004523263735379759,0.003881758997758998,0.7890621855370772,0.004078956424587404,0.0032181198659272654,0.004048877651868496
37.0,0.004519749140052869,0.003891705450072048,0.7902215497408654,0.004088510777113455,0.003228054179235994,0.004059025294760301
37.1,0.004517715004366609,0.003901894928365305,0.7923626822002414,0.004098334395251781,0.003238158625286558,0.00406933980998621
37.2,0.004518655603120251,0.003912391683378572,0.7953602364933026,0.004108557905503899,0.003248502114050233,0.004079867156175943
37.300000000000004,0.004514969294745003,0.003923189841360931,0.7989616450143044,0.004119013450081305,0.003259124066462389,0.004090671241210864
37.4,0.004505824062864148,0.003934194006498292,0.802810779597201,0.004129673766305011,0.0032699888993085457,0.004101703393935834
37.5,0.004499805583330151,0.003945287168324292,0.8064936907287121,0.004140689246701844,0.0032809593432872944,0.004112871883380043
37.6,0.004496604468983564,0.003956364922762575,0.8096054976370064,0.004151933633986687,0.0032918667877266713,0.004124021355521922
37.7,0.004487338776771503,0.003967316512070515,0.8118245780825407,0.004163065173221927,0.0033025363883968143,0.004134929824861763
37.800000000000004,0.004472788857253026,0.003978042595980807,0.8129734462278608,0.0041739902874379925,0.003312798603746326,0.004145442201802446
37.9,0.004461231539535655,0.003988494255805458,0.8130503197544736,0.004184788753905666,0.0033226257627182072,0.004155491860855324
38.0,0.00445309199773474,0.003998665011467011,0.8122255942486887,0.00419539789188438,0.0033321253762364626,0.00416513534866312
38.1,0.004444115194836918,0.004008572121859839,0.8108069292140739,0.004205702942982737,0.0033414219375797667,0.00417456993548742
38.2,0.00443504245484919,0.00401827457712539,0.8091831785911081,0.00421567059602958,0.0033506881282594813,0.004183974933210452
38.300000000000004,0.004428337039328913,0.004027877881523943,0.8077604406302001,0.004225337369374216,0.00336011312954155,0.004193466359447415
38.400000000000006,0.004424720980743016,0.004037493603626763,0.8069027089033697,0.004234823687197176,0.0033697656959453134,0.004203135701645592
38.5,0.004424071181591696,0.004047214664675029,0.8068853647016063,0.004244294912495726,0.003379609748795122,0.00421299018698485
38.6,0.004423442547196692,0.004057131579573093,0.8078642474035788,0.0042538499177760015,0.0033896138373357794,0.0042230064931013
38.7,0.004419577998504308,0.004067326772601342,0.8098591168580369,0.00426355650336108,0.0033998092512967535,0.004233218646622978
38.800000000000004,0.004414561673391649,0.004077830320247528,0.8127493125582981,0.004273558681174421,0.0034102561819554732,0.004243669528724127
38.900000000000006,0.004411610267832194,0.004088600011268902,0.8162815910572534,0.004283983526877663,0.003420951685190804,0.004254380911270164
39.0,0.004407949638332677,0.00409954654685661,0.8200944491474984,0.004294758773356173,0.003431823644386252,0.004265327631813349
39.1,0.004400127373267164,0.0041105624807255305,0.8237646530587266,0.0043056985158284825,0.0034427628348630964,0.004276390847408638
39.2,0.0043905454439154695,0.004121534605531817,0.8268746424196829,0.004316701966834428,0.003453595406653998,0.00428738475168371
39.300000000000004,0.004381797748204363,0.004132355167467674,0.8290874925570165,0.004327709630191232,0.0034641204444934718,0.004298102822795915
39.400000000000006,0.004371999418341655,0.004142941411834328,0.8302097381857717,0.004338617676786799,0.003474206666952489,0.004308402052112625
39.5,0.004360657190483447,0.004153251995479272,0.8302259661816409,0.00434934132580796,0.0034838462081917656,0.004318282645773396
39.6,0.004350363630683176,0.0041632881520818005,0.8292982768139465,0.004359807977994556,0.0034931673926950164,0.00432783971719505
39.7,0.004341576132425114,0.004173088364546268,0.8277331895391843,0.004369956246465294,0.003502366484404621,0.004337228786175736
39.800000000000004,0.004334304580006474,0.004182726255717805,0.8259257816366017,0.004379829382407219,0.0035116166013999363,0.004346647463572143
39.900000000000006,0.004330676799330472,0.004192300985388812,0.8242944795652146,0.00438951953989466,0.003521038977844696,0.004356220528841669
40.0,0.004329566007715666,0.004201917643812364,0.8232193277673383,0.0043990554436257115,0.003530670881826626,0.004365975806336808
40.1,0.004327253949794056,0.004211676308406091,0.8229925717367599,0.004408507574556716,0.0035404855135081877,0.004375917186081321
40.2,0.0043246224075438764,0.004221668743190415,0.8237850384189245,0.0044180879277260394,0.003550487368306119,0.004386039361620507
40.300000000000004,0.0043239846966270454,0.004231957710933658,0.8256274951526009,0.004427985754446686,0.003560714802988729,0.004396360270162242
40.400000000000006,0.0043222764387385,0.004242545468238763,0.8284049575012893,0.004438213690895625,0.0035711867763950113,0.0044069281720468395
40.5,0.004316553587323161,0.004253372183222573,0.8318642387686995,0.004448722327166458,0.003581897219148004,0.004417748658896539
40.6,0.004310005872761513,0.0042643452818104995,0.8356388977051178,0.0044595187705348625,0.00359278331632607,0.0044287639170705675
40.7,0.004304885691393421,0.004275356867721229,0.8392965139541633,0.004470541617632948,0.0036036980074647916,0.004439842805199893
40.800000000000004,0.004297513926435598,0.004286287034578837,0.8424066434748904,0.004481598397182203,0.003614442187902911,0.004450775047869909
40.900000000000006,0.004286230089036166,0.004297027102912557,0.8446167684180621,0.004492549993917833,0.0036248245355734897,0.004461368873073245
41.0,0.004274958824143228,0.00430750944417927,0.8457171510399535,0.004503363497670552,0.003634757394862167,0.0044715226383423515
41.1,0.0042655021610993465,0.004317709188781957,0.8456782842587738,0.004513970954738174,0.0036442952809425744,0.004481240904659987
41.2,0.004255899810426048,0.004327635367251126,0.8446532059892595,0.004524290488949625,0.003653569643789337,0.00449066328358811
41.300000000000004,0.004246852540626705,0.004337336492530496,0.8429463679295832,0.004534315928351851,0.0036627575692436075,0.004499988838643989
41.400000000000006,0.004240831406749785,0.004346898500629618,0.840958251101013,0.004544066895175445,0.0036720453506028697,0.004509368596225141
41.5,0.004237382539296596,0.004356422530638388,0.83911905354483,0.004553578413101574,0.0036815281060593036,0.004518901510728852
41.6,0.004235288451240188,0.004366011595775296,0.8378247103850256,0.0045629685752017046,0.003691206891200954,0.004528625383262904
41.7,0.004234336157867938,0.004375771056588034,0.8373846769862225,0.0045723999125420155,0.0037010728311359445,0.0045385252705524475
41.800000000000004,0.004233054400954108,0.0043857902016361736,0.8379854830770894,0.004581991160194832,0.003711135568700414,0.004548607686723877
41.900000000000006,0.0042299814606441746,0.004396108578561927,0.8396697735362781,0.004591835584608824,0.0037214184407448276,0.004558908150282406
42.0,0.004226225935268077,0.0044067069993076954,0.8423291890968065,0.0046020325795786896,0.0037319417274575754,0.0045694557640450426
42.1,0.004222654099076455,0.004417523161599735,0.8457114696586208,0.004612600945780146,0.0037426859523879063,0.0045802550471035625
42.2,0.0042173987428201064,0.004428461738964345,0.8494457761152527,0.004623421632361131,0.0037535670260063804,0.004591232328825925
42.300000000000004,0.004209335787650502,0.004439403270959538,0.8530906883641418,0.00463434905370228,0.003764420899410219,0.004602217771964323
42.400000000000006,0.00420022102954775,0.004450228914789275,0.856202864859961,0.004645301059301736,0.0037750367007354747,0.004613004303554619
42.5,0.0041911760858518495,0.0044608460133168,0.858414040315189,0.004656196796468481,0.003785252569278969,0.004623416492708549
42.6,0.004181246575794311,0.004471197800671664,0.8594978674285684,0.004666924987077021,0.003795017173766445,0.004633383344378262
42.7,0.004170517484646989,0.004481266573394,0.859410188842584,0.0046774018102278304,0.0038043992925318243,0.004642966055893038
42.800000000000004,0.004160798343181464,0.004491077033036338,0.8582942079752667,0.0046875930347416534,0.0038135710448707477,0.004652312577022094
42.900000000000006,0.004153483347414746,0.004500691252438747,0.8564513764582252,0.004697501883759004,0.0038227318390738063,0.004661607256603938
43.0,0.004149032605064015,0.004510195849123464,0.8542866659629915,0.00470716378525079,0.003832023262968867,0.004671007455614188
43.1,0.004146840603684919,0.0045196929488743945,0.8522414210593328,0.004716635655748336,0.0038415076562512878,0.004680585833395385
43.2,0.00414527765710791,0.00452929331744587,0.8507272723502443,0.004726009288031101,0.0038511926147933554,0.004690352193638395
43.300000000000004,0.004143665983856609,0.004539099494112303,0.8500711057476613,0.0047354361106639355,0.003861073019074721,0.004700301618436675
43.400000000000006,0.004142530744739763,0.004549181509882377,0.850475756864445,0.004745085763915599,0.0038711582364247014,0.004710440327764689
43.5,0.0041410924068751055,0.004559560601656668,0.8519966186819782,0.0047550597385635635,0.0038814683657811453,0.004720801743038445
43.6,0.004137612536332017,0.004570207141528036,0.8545328877376974,0.004765367115680071,0.0038920201843633826,0.004731418902311364
43.7,0.004132310370725949,0.004581047451078714,0.857834082554294,0.004776002725940632,0.0039027881848939985,0.004742271014070667
43.800000000000004,0.0041265448624489415,0.004591975003216939,0.8615256384751209,0.004786877043559693,0.003913657078186128,0.004753253747557559
43.900000000000006,0.004119830032873138,0.0046028676008801695,0.8651575132123893,0.004797846726392279,0.00392443443590371,0.004764181268156075
44.0,0.004110983142311337,0.004613611396771774,0.8682735600521815,0.004808761666382234,0.003934918001785926,0.004774845434976425
44.1,0.004100774720147235,0.004624122642664938,0.8704896722168446,0.004819508974687029,0.003944973999115741,0.00478509949396518
44.2,0.0040905884491224875,0.004634356849361054,0.8715626123117743,0.004830110343270754,0.003954592154756191,0.0047949043881146715
44.300000000000004,0.00408069704416923,0.004644309339226972,0.8714330224353743,0.004840460516399669,0.003963878765270819,0.004804347946105126
44.400000000000006,0.004071850940459724,0.004654014960163402,0.8702334452784319,0.004850530103800708,0.003973009671704466,0.004813610187400407
44.5,0.0040655012583993184,0.004663543556931375,0.8682613638873712,0.004860319504885123,0.003982171587975531,0.004822871912033295
44.6,0.00406159761073252,0.004672989032909806,0.8659253173193133,0.004869847972956908,0.003991491740736658,0.0048322590905080605
44.7,0.004059210880701404,0.004682458909567422,0.8636770940090351,0.004879199624063721,0.0040010138065427765,0.0048418318777268465
44.800000000000004,0.004058164118525944,0.004692063842598827,0.8619437063246443,0.004888521674423956,0.004010737998643583,0.004851592040105641
44.900000000000006,0.004057725965037275,0.004701898458437011,0.8610696153585105,0.004897959624726221,0.004020657611426712,0.004861531111473125
45.0,0.00405623278476379,0.0047120186233235925,0.8612744775234087,0.004907626661697412,0.004030779667392294,0.0048716686567145066
45.1,0.00405333250343994,0.004722430812732611,0.8626272050283683,0.004917651828575021,0.004041131876500189,0.004882040647726288
45.2,0.00404990462239806,0.004733093968234039,0.8650354773315697,0.004928081343226733,0.004051726197194053,0.004892670152794067
45.300000000000004,0.004045598437583916,0.00474392409275173,0.8682515050280889,0.0049387792405481785,0.004062508055152203,0.004903518835363305
45.400000000000006,0.004039258465850932,0.004754805746909416,0.8718977318752722,0.0049496364374875534,0.004073336549842382,0.0049144517553429915
45.5,0.00403124771252875,0.004765616665738168,0.875515990152496,0.004960531757852156,0.004084010360336827,0.004925269864090705
45.6,0.004022651039942027,0.004776252837821478,0.8786375858053364,0.004971362946146096,0.004094341604778826,0.004935776577370565
45.7,0.004013304142737299,0.00478664155252497,0.8808625808497652,0.004982023526146909,0.00410422953265524,0.004945848790258512
45.800000000000004,0.004003017904421277,0.004796747984498997,0.8819305922934593,0.0049924205646884445,0.004113692795204297,0.004955491954920168
45.900000000000006,0.003993207457888899,0.004806579870135018,0.8817665226740061,0.005002623313105238,0.004122866463135235,0.004964827527165471
46.0,0.003985481781367683,0.0048161843707644515,0.8804914437036495,0.005012570609879771,0.004131947091472111,0.004974034260121101
46.1,0.003980221551277191,0.004825638399448551,0.8783978764070017,0.005022239837758981,0.004141104841254822,0.004983286928394234
46.2,0.003977180332134425,0.0048350407927996945,0.8758969383389382,0.005031681290811245,0.004150438262858837,0.004992696986679777
46.300000000000004,0.0039757844015356585,0.004844503656532674,0.8734500943203555,0.005040990147867146,0.004159980469222661,0.0050022977436021245
46.400000000000006,0.003975068804746105,0.004854134766280037,0.8714993301485984,0.005050296889076739,0.004169724806534254,0.005012084410339042
46.5,0.003974329821499681,0.004864016122162905,0.870406689509954,0.005059753074526909,0.004179663275593616,0.005022054380545709
46.6,0.003973165371813147,0.00487418950585029,0.8704090643080509,0.005069571236554227,0.004189812245076217,0.005032229797551741
46.7,0.003970897391454299,0.004884649258770031,0.8715896046642517,0.005079760778023253,0.004200200324701862,0.005042650794615487
46.800000000000004,0.003967020153108553,0.004895339978423926,0.8738653552950865,0.005090247264421006,0.004210825631590284,0.005053326436320298
46.900000000000006,0.003961841265276104,0.00490616438679845,0.8769921482714981,0.005100965458605701,0.004221608021420924,0.005064187147836189
47.0,0.003955720700169813,0.004917003095653488,0.8805902774969672,0.005111818896425293,0.0042323809469843945,0.005075076638335855
47.1,0.00394830844399419,0.004927738074131566,0.8841940776654633,0.005122683173604481,0.0042429401296371,0.00508578826958172
47.2,0.003939342427410711,0.0049382721794848875,0.8873226820644565,0.005133432218089062,0.004253116353157296,0.005096139488876442
47.300000000000004,0.00392943605487707,0.004948542665572913,0.88956044173694,0.005143974140034077,0.004262840846128272,0.005106042713724859
47.400000000000006,0.003919592586200171,0.004958527908899193,0.8906296563599293,0.005154251313206587,0.004272173542273229,0.005115536391015838
47.5,0.003910772859673876,0.004968247352183755,0.8904389842042078,0.005164232097354316,0.004281272878747525,0.00512476787676055
47.6,0.003903898879603083,0.004977756893693413,0.8890972149371712,0.005174053590534919,0.004290329427809164,0.005133926907173751
47.7,0.0038993636030561006,0.00498714201641603,0.8868909051205457,0.005183600606121482,0.004299499080533406,0.005143170247311741
47.800000000000004,0.003896862555669009,0.004996508395968305,0.8842327252306096,0.0051929358775466275,0.004308863839738457,0.005152585287603912
47.900000000000006,0.003895935305687496,0.005005968246298479,0.8815929563466807,0.005202177819602803,0.004318439098684847,0.005162193030127336
48.0,0.003895845837267591,0.005015622685242248,0.879428033474769,0.005211471941278218,0.004328211614381407,0.005171983093692408
48.1,0.003895366966946037,0.005025543748137937,0.8781174748147711,0.00522106432982214,0.004338178354783055,0.005181959404881196
48.2,0.0038937016324397103,0.00503576057429988,0.8779156969551544,0.005230979827391351,0.004348363612828628,0.005192154140830451
48.300000000000004,0.003890998773959072,0.00504625242563824,0.8789207131211144,0.005241209225436959,0.004358793667055109,0.005202602335391432
48.400000000000006,0.0038873639471131167,0.005056950069106652,0.8810597940855907,0.005251727868356179,0.004369444503120889,0.0052132948374938055
48.5,0.0038823324861129824,0.005067747632547758,0.8840933463293598,0.0052624539370517125,0.004380208476401829,0.005224136431181581
48.6,0.0038757335796495186,0.0050785239751463315,0.887640421618856,0.0052732713323173225,0.004390904062351889,0.005234949488003689
48.7,0.003867965440337035,0.005089165891375871,0.8912286129699911,0.005284064162311062,0.004401329762425164,0.005245527102146256
48.800000000000004,0.003859226275989494,0.005099585479993958,0.8943654043523992,0.005294724330206057,0.004411340000410673,0.005255706920949541
48.900000000000006,0.0038496416686941482,0.005109731064373453,0.8966196725949912,0.005305156134259329,0.004420901505925381,0.005265437484111856
49.0,0.0038401291104503336,0.0051195928660149066,0.8976963097577247,0.005315300918492684,0.004430106203956943,0.005274796256223673
49.1,0.0038320265662315006,0.00512920205900551,0.8974872847838409,0.0053251496077122845,0.004439132742725842,0.0052839478781988415
49.2,0.003826080455824823,0.005138624481653309,0.8960883250910179,0.005334758620200781,0.004448170048260679,0.005293077909423475
49.300000000000004,0.0038224589082542634,0.005147952834749584,0.8937790075190755,0.005344197655721935,0.0044573530070034775,0.005302328706393385
49.400000000000006,0.0038209493166900727,0.005157296614256839,0.8909724798632832,0.005353461773758525,0.004466742237975694,0.005311764993003346
49.5,0.0038207058413402403,0.005166766621517677,0.8881468972122941,0.005362672888918231,0.004476340072852624,0.00532139232422456
49.6,0.0038206485036720726,0.005176456483496272,0.8857724928680786,0.005372105820424996,0.004486131459936881,0.0053312017534866835
49.7,0.0038201377394492518,0.005186426602982085,0.8842460035806744,0.005381777656243457,0.004496122904593744,0.005341204178475143
49.800000000000004,0.0038187810711584644,0.005196692245684107,0.8838395354813485,0.005391752271534818,0.004506343696556261,0.005351436473959211
49.900000000000006,0.0038161292406940803,0.005207217370346906,0.884666495125037,0.005402039022212424,0.004516809264658755,0.005361926682321967
50.0,0.00381205532719164,0.0052179193792600866,0.8866651851001772,0.005412589414847445,0.004527473671878093,0.005372641379597808
50.1,0.0038068324330016437,0.005228685895465587,0.8896015581303172,0.005423315928146164,0.004538204776248957,0.005383459070385635
50.2,0.0038004914989395113,0.005239396635467402,0.8930944174616082,0.005434105974547757,0.004548807958300453,0.005394187264024901
50.300000000000004,0.0037927419194675027,0.00524994372688424,0.8966654900765174,0.005444834820946149,0.004559090057204328,0.0054046230414716715
50.400000000000006,0.0037837414545721683,0.005260248258363175,0.8998112726076943,0.005455392391551699,0.004568932690777674,0.005414632207322269
50.5,0.003774345955986097,0.005270270799410276,0.9020855428315542,0.005465702474176821,0.004578341603718146,0.005424200801302865
50.6,0.0037655753443239463,0.0052800140037046715,0.9031758051141678,0.005475722510853217,0.004587441415951029,0.005433436259143114
50.7,0.0037583131259267518,0.005289519549772893,0.9029569647159317,0.005485445915851973,0.004596419104558579,0.005442519726483713
50.800000000000004,0.0037532395921664615,0.005298862533849242,0.9015109437175975,0.005494911755665658,0.004605453139446996,0.005451630490625809
50.900000000000006,0.003750522266349264,0.0053081427958931275,0.8991093282124645,0.005504202158202812,0.004614659977256203,0.005460887679416963
51.0,0.003749703175863467,0.005317471833400066,0.8961646226215836,0.00551342584454375,0.004624079121123236,0.005470336615175058
51.1,0.0037499444187811797,0.005326956721973539,0.8931618151170618,0.005522703293567904,0.00463370176130387,0.005479974027485672
51.2,0.0037502496429829457,0.005336683264839558,0.8905841541937957,0.005532152310906908,0.0046435169079733175,0.005489793209335388
51.300000000000004,0.0037497735074111136,0.005346700024972031,0.8888451867328941,0.005541865152126809,0.004653539306433441,0.005499815034534868
51.400000000000006,0.0037481663769363925,0.005357006797205435,0.8882347201428759,0.005551888164205121,0.004663798813336442,0.005510078234442481
51.5,0.0037454382828364715,0.0053675524800210475,0.888881972901351,0.005562214761408219,0.004674296842636492,0.0055205972096233
51.6,0.003741530341483341,0.005378244261801337,0.8907370344997277,0.005572785988678671,0.004684962511997544,0.0055313150991781815
51.7,0.0037362846465302784,0.005388965517171542,0.8935723817358626,0.005583500834345235,0.004695642002242782,0.005542085613356679
51.800000000000004,0.0037296946297226156,0.005399597446822875,0.8970076338358659,0.0055942399798662515,0.004706133698560254,0.005552705299811996
51.900000000000006,0.003721911506764445,0.005410039213794906,0.9005596576449233,0.005604887211838695,0.004716258671485892,0.005562983725502729
52.0,0.003713216339945554,0.005420222729859703,0.9037147777653027,0.00561534097425845,0.004725931925653921,0.005572817706539621
52.1,0.0037042615537656786,0.00543012054696319,0.9060121933346044,0.005625527771138079,0.004735195931818895,0.005582231984504735
52.2,0.003696098066735641,0.005439747156889293,0.9071221650834944,0.005635415936521159,0.004744200549033935,0.0055913627144190264
52.300000000000004,0.0036897211533355153,0.005449155236760639,0.9069022548568986,0.005645017897042025,0.004753139626915384,0.005600396852091975
52.400000000000006,0.003685691572598545,0.005458428541912592,0.9054198907314777,0.005654385143669157,0.004762178181779882,0.005609501358357381
52.5,0.003684007482916037,0.005467671785033554,0.9029376625844081,0.00566360485299696,0.004771408786842769,0.005618774266916322
52.6,0.0036840128941548643,0.005476996959179376,0.8998662660607916,0.005672792091275244,0.004780852549115332,0.005628241649687987
52.7,0.0036846604244571025,0.0054865067669939895,0.8966963834568703,0.005682070909198545,0.004790495527396869,0.005637894644647671
52.800000000000004,0.003685082030781296,0.005496277407259234,0.893923346762502,0.005691552415931647,0.004800333073145825,0.005647732915120959
52.900000000000006,0.0036847548646640775,0.005506343621490386,0.8919769332800114,0.00570131653443272,0.004810387095584671,0.005657784404791041
53.0,0.003683298590723583,0.005516689763401205,0.891164501985352,0.005711395044286185,0.00482068334932941,0.00566808608015284
53.1,0.003680515700261849,0.005527250981588713,0.8916313717987399,0.005721763030388896,0.0048312059315407645,0.0056786354900478985
53.2,0.0036764952780306004,0.005537925492383668,0.8933401025828152,0.005732347668754442,0.0048418596641572,0.005689349127364976
53.300000000000004,0.003671325589274115,0.0055485940374238,0.8960706783543045,0.005743044319963424,0.004852470901161715,0.005700058984271899
53.400000000000006,0.0036648724044029326,0.0055591410907186315,0.8994446725981239,0.0057537315328148415,0.004862836248479605,0.005710556920058862
53.5,0.0036571336028646084,0.005569473794693516,0.9029752244168272,0.005764291379928346,0.004872797452881482,0.005720671196246691
53.6,0.0036486241555886006,0.005579535328319013,0.9061394626227474,0.005774630827050742,0.004882305495128995,0.005730334344853045
53.7,0.0036402305987313366,0.005589310689355748,0.9084626941158435,0.0057846916121442596,0.004891439443842982,0.005739606725073008
53.800000000000004,0.003632916219096519,0.005598826059841064,0.9095982246556586,0.005794452981816306,0.004900369388342448,0.005748647235869175
53.900000000000006,0.0036275621094600478,0.0056081442412702414,0.9093861029068675,0.005803936437215262,0.00490928705849812,0.005757645262735351
54.0,0.0036246435474893987,0.005617356761173182,0.9078786430039765,0.005813206856950989,0.0049183399431968295,0.005766750361962766
54.1,0.0036239202148787763,0.005626572232767767,0.9053284512636026,0.005822363102400136,0.004927598012970079,0.005776037753444225
54.2,0.003624605169058064,0.0056359016403576215,0.902143205102707,0.005831523289675316,0.004937066937155019,0.005785519185751714
54.300000000000004,0.003625751270001942,0.005645441719072863,0.8988180357447562,0.00584080921188607,0.004946731823161804,0.005795183863154087
54.400000000000006,0.0036264905402310834,0.005655257872311321,0.8958592708513313,0.0058503260108111795,0.004956595415768224,0.005805039290601199
54.5,0.003626233743728187,0.005665370213536374,0.8937121507686261,0.005860139937199672,0.004966683899453574,0.0058151198046346485
54.6,0.003624786332029657,0.005675747792772226,0.892701250635997,0.00587026565240165,0.004977015884944418,0.00582545570696648
54.7,0.0036221699233849455,0.005686313580949802,0.8929881337133705,0.005880665147223865,0.004987554966085682,0.005836024368193221
54.800000000000004,0.0036183525553877796,0.005696958787035089,0.894548431379714,0.005891254302665258,0.00499818093140676,0.005846716134638787
54.900000000000006,0.003613242660215509,0.005707562974261277,0.8971706086035749,0.005901919148079475,0.0050087048672745604,0.0058573444224610804
55.0,0.0036068583833862022,0.005718015428170195,0.9004794010361516,0.005912538530728713,0.005018928356554821,0.005867703587752016
55.1,0.0035994197099778755,0.005728232837951767,0.9039854876208614,0.0059230025192494005,0.005028720053739496,0.0058776464937110645
55.2,0.003591421825505533,0.005738170156911943,0.9071579493539941,0.005933225353677496,0.005038068695837345,0.005887142771227125
55.300000000000004,0.0035837213188362567,0.005747824532530919,0.9095090675200013,0.00594315724167455,0.0050470851461308155,0.00589628747200241
55.400000000000006,0.0035773805047701612,0.0057572337164528975,0.9106756471130724,0.00595279166641806,0.005055954314023656,0.00590525603316693
55.5,0.003573240307878366,0.005766470215308361,0.9104801862557335,0.005962164860266895,0.0050648618321598084,0.005914232204690782
55.6,0.003571554994396924,0.005775631996289669,0.9089593496912368,0.005971351142534796,0.005073933645759371,0.005923346203169203
55.7,0.0035719001729699836,0.005784830115303348,0.9063547983059729,0.0059804558051077825,0.005083217692310527,0.005932651801759254
55.800000000000004,0.0035733762349258224,0.005794173363739739,0.9030699411913196,0.005989601432875632,0.005092709048033287,0.005942148941783878
55.900000000000006,0.0035750138141345715,0.005803750865624217,0.8996030026757338,0.005998907276030764,0.005102394876258185,0.00595182902963837
56.0,0.0035760820903682176,0.005813615486341957,0.896470046769825,0.006008467865098729,0.005112285560870037,0.0059617078758000385
56.1,0.003576132808713284,0.005823772308254373,0.894130804958433,0.0060183354096708065,0.005122409204597871,0.005971822858123288
56.2,0.0035749580022611006,0.005834175964621846,0.8929265297754907,0.006028508841972774,0.005132773018873153,0.005982194054732789
56.300000000000004,0.003572557120765276,0.005844738353645228,0.8930350050147777,0.0060389345629424645,0.0051433178680112,0.005992775178881945
56.400000000000006,0.0035689914735931296,0.005855345093423391,0.8944454348535569,0.006049518681784311,0.005153899746443242,0.006003430751183937
56.5,0.003564222021064151,0.005865876532471472,0.8969557227663192,0.0060601440892466,0.005164319178332249,0.006013961184268311
56.6,0.0035582106524220418,0.005876228325968784,0.9001950401695813,0.006070689591783053,0.005174389648809907,0.006024169862558441
56.7,0.003551210663037756,0.005886327359642025,0.9036730100976142,0.006081049861176283,0.00518401106726185,0.006033939627512926
56.800000000000004,0.0035438897852300907,0.00589614070906856,0.9068519985684413,0.006091150231009946,0.0051932101476690725,0.006043278186154649
56.900000000000006,0.0035372043249897725,0.005905677797363176,0.9092323288806946,0.006100953884617836,0.0052021264110148485,0.0060523103264077845
57.0,0.0035321616930139776,0.005914987398179109,0.9104349474761437,0.006110465610471516,0.005210952562827527,0.006061222260588664
57.1,0.0035294683460349876,0.005924150787269567,0.9102649179783153,0.00611973314933033,0.005219861681954574,0.006070187522185699
57.2,0.0035291816981382453,0.005933271471000758,0.9087428229456727,0.006128842417836869,0.005228957210108894,0.00607931408888247
57.300000000000004,0.003530709951931954,0.005942461707051502,0.9060984535653768,0.00613790586603381,0.005238267699250142,0.006088636369847166
57.400000000000006,0.0035331391234911576,0.005951826318995661,0.9027296617824159,0.006147046549319076,0.005247781202496287,0.006098147038776394
57.5,0.003535544101064216,0.005961445227966958,0.8991362928800707,0.006156378612757009,0.005257489545344503,0.00610784220796762
57.6,0.0035372015742650984,0.005971357936457662,0.895842704887751,0.006165985770978865,0.005267410101956884,0.006117746069079012
57.7,0.0035377430731571968,0.0059815544106181055,0.8933219237987342,0.0061759047151935965,0.005277569726016493,0.006127895858916141
57.800000000000004,0.0035371176040945008,0.005991975591689678,0.8919311142323607,0.006186118940538708,0.005287960467463859,0.006138296762753652
57.900000000000006,0.003535360010938954,0.006002523853904819,0.8918640694362491,0.006196562222665953,0.00529849832017966,0.006148877129768223
58.0,0.003532432981676362,0.006013081075799005,0.8931239490551324,0.006207130991312807,0.0053090179898003555,0.006159477901136182
58.1,0.003528290585411196,0.006023530081111481,0.8955190213334325,0.006217704420966055,0.005319315781767557,0.00616989227400456
58.2,0.0035230229933924653,0.006033774293909224,0.8986842283798305,0.006228165347104991,0.0053292236140190016,0.0061799396067728565
58.300000000000004,0.003516975785221101,0.006043751639493182,0.9021296831424628,0.006238416315314403,0.0053386764138735,0.006189536369670349
58.400000000000006,0.003510853194321996,0.006053441461658629,0.9053125664968119,0.006248391733198088,0.005347737362213823,0.006198727895133996
58.5,0.0035056739415448325,0.006062865231337982,0.9077225327518826,0.0062580666470033715,0.00535656903695445,0.006207664407352712
58.6,0.0035024354404333126,0.006072082310846821,0.9089655257612049,0.0062674597768086395,0.005365366186273291,0.006216535674591286
58.7,0.0035016740643784437,0.006081181888958511,0.9088294694909066,0.00627663092331622,0.005374285205576829,0.006225500114029453
58.800000000000004,0.0035032513869101465,0.006090271736111923,0.9073185537892798,0.0062856745406038115,0.005383406178026609,0.0062346433308471975
58.900000000000006,0.0035064571350116747,0.006099463850505516,0.9046498253320983,0.006294708352067649,0.005392741403732592,0.006243982872470885
59.0,0.003510320189048069,0.006108857487533736,0.901214255546091,0.006303855363738894,0.005402275759130888,0.0062535079875997174
59.1,0.003513956405911383,0.006118521841846424,0.8975117163713006,0.006313222319554766,0.005412007480920885,0.006263221869778455
59.2,0.003516776152384796,0.0061284822539871275,0.8940732197819098,0.006322880221777759,0.005421959842976694,0.006273155456466172
59.300000000000004,0.003518504338544217,0.006138713810330855,0.8913836459302245,0.006332850698493753,0.005432154545001424,0.006283341952490388
59.400000000000006,0.003519094213056003,0.006149144700241565,0.8898150566241377,0.00634310152487493,0.005442564664116193,0.006293767760248145
59.5,0.0035185921886648724,0.006159669212640489,0.8895768313402085,0.00635355367831565,0.005453080980491344,0.006304334532305223
59.6,0.003517003040118624,0.0061701673626558,0.8906863292795996,0.006364097161130936,0.005463520613601799,0.006314863241422916
59.7,0.003514283473018197,0.0061805261952262115,0.8929630643193893,0.006374610265807382,0.005473682123882911,0.006325146403729673
59.800000000000004,0.003510526737630353,0.006190657954413394,0.8960491369032033,0.006384979100486055,0.005483421705841124,0.006335025475483132
59.900000000000006,0.003506180367418961,0.006200512110336327,0.8994568388759161,0.006395114396188965,0.005492711321238662,0.006344453675273194
60.0,0.0035020833727102086,0.00621008046738304,0.9026399066141658,0.006404962539542994,0.005501648517210681,0.006353511599322137
60.1,0.0034992736283588595,0.006219396260718718,0.9050788589481052,0.00641451111974938,0.00551041324652019,0.006362368895121871
60.2,0.003498635498913682,0.006228528707577843,0.9063657348908668,0.006423790807135231,0.005519195505606433,0.006371213202506139
60.300000000000004,0.003500526695201546,0.006237573994898358,0.9062718201533828,0.006432872913021606,0.005528131654716072,0.006380184129445237
60.400000000000006,0.003504625176720273,0.00624664296839756,0.904784746804115,0.006441860873137626,0.005537279531917787,0.006389344998708837
60.5,0.003510112816064733,0.006255845731401222,0.9021080062759151,0.00645087582460932,0.005546638514348466,0.006398700295471114
60.6,0.003516015588776818,0.006265274301925053,0.8986243353417177,0.0064600378597533216,0.005556193782371586,0.006408239562327689
60.7,0.0035214938094204028,0.0062749860306570236,0.8948319105791489,0.006469445108805816,0.005565951133696265,0.006417974241316357
60.800000000000004,0.0035260235799198176,0.006284991665250318,0.8912665460284774,0.006479154994352075,0.0055759373787700565,0.006427940031611315
60.900000000000006,0.003529425375878216,0.006295251704007337,0.8884232705400201,0.006489173214326516,0.005586164962108793,0.006438161618899707
61.0,0.0035317180676495397,0.006305682761419464,0.8866877548389769,0.006499453075975686,0.005596584909775782,0.006448603196044659
61.1,0.00353292289511817,0.006316172857831254,0.8862843057077203,0.0065099046762018605,0.005607063411606506,0.006459140263275197
61.2,0.003532994794553769,0.006326601972535886,0.8872445642711628,0.006520412094741733,0.005617404984780971,0.006469578334945478
61.300000000000004,0.0035319184292655842,0.006336862848364261,0.8894001066770689,0.006530854144245726,0.005627417157921226,0.006479716095237128
61.400000000000006,0.003529878736529128,0.006346877586819356,0.8924016214847479,0.0065411230290862805,0.005636985549482611,0.00648942264394437
61.5,0.0035274100109331415,0.006356607676765563,0.8957654109049368,0.006551138592202109,0.00564612014233464,0.006498689202753102
61.6,0.0035254136776299576,0.006366057314737254,0.8989437298829346,0.006560858377323052,0.005654948847107356,0.006507628543483325
61.7,0.0035249316062404513,0.006375271104740853,0.9014097637478845,0.006570282948294173,0.005663662631864817,0.006516423518506477
61.800000000000004,0.00352673494195716,0.006384327442578911,0.9027430178664955,0.0065794558927039495,0.005672441493912189,0.006525253475543578
61.900000000000006,0.0035309907955542617,0.006393328428499403,0.9026988799881337,0.006588459010069822,0.005681399535125999,0.0065342368492706995
62.0,0.0035372147295622217,0.006402386533924536,0.9012484309269918,0.00659740255749144,0.005690573935540035,0.0065434163289172596
62.1,0.003544499944627038,0.006411608377979789,0.89858087651348,0.0066064096402118425,0.005699955064810194,0.0065527870395862345
62.2,0.0035518722554382866,0.006421077249499338,0.8950693391479265,0.0066155959418218915,0.005709531470624588,0.006562342160112061
62.300000000000004,0.003558583953049781,0.006430837584570474,0.8912084439980921,0.0066250490400857655,0.005719316639043643,0.006572101590483311
62.400000000000006,0.0035642274525684763,0.0064408852616216605,0.8875367284625415,0.006634811958369769,0.005729337841670632,0.006582102557173415
62.5,0.0035686835131547084,0.006451166822145796,0.884557379433567,0.006644874652456509,0.005739593973210138,0.006592356911255778
62.6,0.0035719836699950134,0.006461588655129625,0.8826680914214518,0.006655176216881427,0.005750011965421681,0.0066028040418222335
62.7,0.003574158717555605,0.006472034285677696,0.8821071795305422,0.006665617367892745,0.005760435518085074,0.006613294858934662
62.800000000000004,0.0035751704028686828,0.006482385447624743,0.8829204644832941,0.00667607887497291,0.005770662160447438,0.006623625042778624
62.900000000000006,0.0035750172093946806,0.006492541949060964,0.8849523158667751,0.006686441373070858,0.005780514954155764,0.00663360618112862
63.0,0.0035739573076721074,0.00650243653943684,0.8878634658320377,0.006696603441843332,0.005789912940210976,0.006643139662144961
63.1,0.003572650192498869,0.006512043041414952,0.8911761952011384,0.0067064953076672665,0.00579890362285846,0.006652254736268843
63.2,0.0035720726843862676,0.006521377930785598,0.8943434720720844,0.006716086980180773,0.005807640681392644,0.006661091615968311
63.300000000000004,0.003573222031670151,0.0065304966537287346,0.8968332428266338,0.006725391652764343,0.005816319500585846,0.00666983997081232
63.400000000000006,0.0035767275099560167,0.006539485938618444,0.8982141582300035,0.0067344648740449795,0.005825105082435057,0.0066786659764731995
63.5,0.0035825740079221307,0.006548452654354039,0.8982267237885413,0.0067433984801083665,0.005834088399190124,0.006687665427199219
63.6,0.0035901272732950713,0.0065575094128158175,0.8968256779076209,0.006752308489539576,0.005843288602184362,0.006696862878241653
63.7,0.0035984303349888562,0.006566757715317602,0.8941853098349762,0.00676131778627025,0.005852690947636083,0.006706248240506936
63.800000000000004,0.003606552824047037,0.0065762707535655255,0.8906677276614815,0.006770535737592155,0.005862289804678254,0.006715820817419935
63.900000000000006,0.003613829960559427,0.0065860792599563844,0.8867620088429575,0.006780038224179298,0.0058721053524514065,0.006725608218322202
64.0,0.003619945938740788,0.006596164206405791,0.8830070939088652,0.006789852983274197,0.005882161553753526,0.006735645433610611
64.10000000000001,0.003624860253551724,0.006606459020778941,0.8799120327521159,0.006799954436061095,0.005892439920042399,0.006745927199094032
64.2,0.003628628661696463,0.006616861455208787,0.877884641534173,0.006810269066347447,0.0059028422307016645,0.0067563667405502546
64.3,0.0036312517935897905,0.00662725238364323,0.8771760435031357,0.006820689651048538,0.005913192940737639,0.006766793312218201
64.4,0.003632679670305004,0.006637516934852715,0.8778459286672117,0.006831094761126981,0.005923288910607327,0.006776998982257754
64.5,0.0036329718148306513,0.006647563217913103,0.8797520814237083,0.00684136870506368,0.005932974922700861,0.0067868148165824566
64.60000000000001,0.0036324906717219935,0.006657335348018269,0.8825667365349184,0.006851418115841449,0.005942206403340623,0.006796177794359456
64.7,0.0036319868595508604,0.0066668196393304055,0.8858202446567447,0.006861183914045798,0.005951066419796635,0.0068051537350748755
64.8,0.0036324750952798296,0.006676044575754141,0.8889687152940348,0.006870648534956475,0.0059597286545287845,0.00681390502478172
64.9,0.00363489523760217,0.00668507586693565,0.8914772643906252,0.006879838213482559,0.005968386700573624,0.0068226216104135
65.0,0.003639717337801147,0.0066940076382485635,0.8929057114507462,0.006888820231912955,0.005977186818115064,0.006831452273435911
65.10000000000001,0.0036467391786931475,0.0067029502085742265,0.8929810122214087,0.006897694996575254,0.005986196922400072,0.00684047020428126
65.2,0.003655200249978367,0.006712014785713951,0.8916420088857191,0.0069065825426677715,0.005995421459082592,0.0068496850319253455
65.3,0.0036641131655385556,0.006721296214896477,0.8890475641445994,0.006915603962876781,0.006004844418069584,0.006859085332238937
65.4,0.0036726056540965658,0.0067308563232428365,0.8855473578413615,0.006924860541747155,0.0060144674681062,0.006868678272727179
65.5,0.003680119473523668,0.006740711498163623,0.8816227765046236,0.006934415070631886,0.0060243155554273505,0.006878497258540441
65.60000000000001,0.003686431647685418,0.006750828063214979,0.8778105887279533,0.006944279756788572,0.006034405215018411,0.006888570802080352
65.7,0.0036915441227932245,0.006761127438546935,0.8746230934957586,0.006954413965526496,0.006044697249067945,0.006898872876190873
65.8,0.0036955147676265543,0.006771500382504321,0.87247599564804,0.0069647325829069896,0.0060550685196535305,0.006909290236645652
65.9,0.0036983339776446023,0.006781826918428024,0.8716317306699866,0.006975122332414599,0.006065328575351478,0.006919634595177516
66.0,0.003699958183890909,0.006791997146522944,0.8721633205525978,0.006985461505694503,0.0060752802146931476,0.006929701128767712
66.10000000000001,0.0037005009312491045,0.0068019285518391495,0.8739424497980828,0.006995639132105352,0.006084795462999374,0.006939346275419314
66.2,0.003700429141793072,0.006811577135215929,0.8766542877566693,0.00700557071910189,0.006093867621636391,0.00694854470388852
66.3,0.003700591501071747,0.006820941749822969,0.8798394432345932,0.007015208906580292,0.006102612152501812,0.006957395932109634
66.4,0.003702017350373836,0.006830062529918748,0.8829598192534307,0.007024548966534541,0.0061112165969019125,0.00696607838448236
66.5,0.0037055490623416863,0.006839014725975772,0.8854804374932822,0.007033629677546886,0.006119866762195749,0.006974776317611675
66.60000000000001,0.0037114805794974844,0.006847898804866814,0.8869546887204052,0.007042529294092079,0.0061286873989134984,0.006983618086625025
66.7,0.0037194304287614987,0.006856827169176065,0.8870976727656505,0.007051355821722976,0.006137724703340117,0.006992655291123982
66.8,0.0037285374362824447,0.006865908048267028,0.8858330589595522,0.0070602316472645615,0.006146972197889172,0.007001886457877132
66.9,0.0037378202174051115,0.006875228122162272,0.8833039189052974,0.0070692740611406815,0.0061564159966158785,0.007011302361069058
67.0,0.0037464811254304953,0.006884836769937061,0.8798460829128575,0.007078574692379536,0.0061660655758439,0.007020918711429406
67.10000000000001,0.0037540568226469865,0.006894735670011787,0.8759309507944878,0.0070881822539606235,0.0061759478142406595,0.007030771986668403
67.2,0.003760409498927869,0.006904877001832078,0.8720902800272534,0.007098093190460563,0.006186067643271766,0.007040879776529934
67.3,0.0037655861034345517,0.006915171477046,0.8688366803691795,0.007108252728852668,0.006196362644632059,0.007051192362382533
67.4,0.003769633628884454,0.0069255046145519465,0.8665911810615776,0.007118565712507385,0.006206686169159907,0.007061571108096238
67.5,0.00377251531192005,0.006935757349655429,0.8656257369441533,0.007128914248460125,0.006216838178378724,0.007071815312097809
67.60000000000001,0.003774209258818959,0.006945826194240804,0.8660259271656063,0.007139177861477001,0.006226634097324789,0.0070817301390030205
67.7,0.0037749137859598627,0.00695563895181303,0.8676776598758758,0.007149251908560307,0.006235977814633286,0.0070912024364124275
67.8,0.003775200207836466,0.00696516389697952,0.8702804039927354,0.007159061744806404,0.006244900638423722,0.007100245126345651
67.9,0.003775987912644522,0.0069744123256515024,0.873387268034171,0.007168571991944786,0.006253545994049796,0.007108987445874796
68.0,0.0037782956194554514,0.006983435555156947,0.8764687937325197,0.007177790896886399,0.006262108799356174,0.007117617434697428
68.10000000000001,0.003782845945930824,0.006992317566014832,0.8789929690384215,0.007186769689000685,0.006270761920979346,0.007126308136257741
68.2,0.003789743544096156,0.0070011639950395554,0.8805095641168137,0.007195596709261421,0.006279607033588579,0.007135165661800445
68.3,0.003798443556872857,0.0070100878679206675,0.8807239219734722,0.007204386009145072,0.006288670868278083,0.007144222155719045
68.4,0.003808014061993386,0.007019192867751375,0.879545582068433,0.007213260616819771,0.006297940055097059,0.007153469041727378
68.5,0.0038174987757991297,0.007028556095235386,0.8771016325286273,0.00722233226633342,0.006307405553609752,0.007162902223141942
68.60000000000001,0.0038261885766736363,0.007038213561191368,0.8737126335231896,0.0072316813567467495,0.006317084120629139,0.007172545588481645
68.7,0.003833724125356056,0.007048152121852483,0.8698375473432439,0.007241341773036869,0.006327001096201563,0.007182435136351361
68.8,0.0038400393754428257,0.007058310584598971,0.8660000175534692,0.007251294427663349,0.006337145763559044,0.007192573238190411
68.9,0.0038451999030051907,0.007068590401847355,0.8627097141974975,0.0072614712800874275,0.006347430965897478,0.007202884521916511
69.0,0.0038492361828858625,0.007078873624379449,0.8603901178118527,0.007271768607918657,0.006357689236448696,0.007213207280906979
69.10000000000001,0.003852101255655243,0.007089043808535769,0.8593206346235644,0.007282065771004076,0.006367716985044616,0.0072233344017793525
69.2,0.003853806721116718,0.007099005194388221,0.8595983949938863,0.007292245067983647,0.0063773486977909966,0.007233087719856828
69.3,0.0038546374600671694,0.007108696667899249,0.8611236717954683,0.007302209196872932,0.0063865235613440536,0.007242388433684448
69.4,0.003855271085004201,0.007118099016419639,0.8636114816243945,0.007311894216556774,0.0063953095670955164,0.007251286893984301
69.5,0.0038566864055108257,0.007127235779475081,0.8666296593739035,0.0073212773323085584,0.006403872837173493,0.007259936954201747
69.60000000000001,0.0038598579932600362,0.007136168874532919,0.8696603597495767,0.00733037971969842,0.006412409196128455,0.00726852976564216
69.7,0.003865359334927032,0.007144990077290074,0.8721778860070521,0.0073392644428499736,0.006421074195636428,0.00727722261360246
69.8,0.003873104344849642,0.007153808939035802,0.8737316047204429,0.007348028973249505,0.006429946112935703,0.0072860987302459474
69.9,0.0038824060062233046,0.007162737602031483,0.8740196393740283,0.007356791989372312,0.006439035306404422,0.007295173762858322
70.0,0.0038922923076585643,0.007171873636839111,0.8729388021596033,0.0073656752859548895,0.006448325439474311,0.0073044360793046974
70.10000000000001,0.003901857154973676,0.007181283268656656,0.8706002050602308,0.007374783234411812,0.006457814228833517,0.0073138888012754585
70.2,0.003910485735473545,0.00719098846003215,0.8673077296473521,0.007384183748513247,0.0064675241877120695,0.007323562601188354
70.3,0.0039179144324450075,0.007200961394972952,0.8635053025670164,0.007393895357159574,0.006477475160179987,0.007333488936400083
70.4,0.003924140303067791,0.00721112849200968,0.8597051083869092,0.007403883838431572,0.006487637193345455,0.007343651000778883
70.5,0.00392923823063018,0.007221383532908088,0.8564103589065225,0.007414069149596249,0.006497897998133623,0.007353946978858706
70.60000000000001,0.003933212033232983,0.007231606900038028,0.8540438644438876,0.007424340592158269,0.0065080731518799406,0.007364195689854851
70.7,0.003936008327474583,0.007241686384836818,0.8528901973864857,0.007434576339416221,0.006517962049080827,0.007374190164050172
70.8,0.003937693147297109,0.007251535122825353,0.8530568356080557,0.007444662979414905,0.006527424115734591,0.007383775139122813
70.9,0.003938652088509623,0.007261103703418881,0.854458366998625,0.007454511768822858,0.006536435996462154,0.007392908793186759
71.0,0.003939658463203272,0.007270385529601659,0.8568264298742564,0.0074640701113001,0.006545099690135319,0.007401676660148174
71.10000000000001,0.003941724188579866,0.00727941606000711,0.8597456993583086,0.0074733280090617795,0.006553597990123198,0.007410251404601916
71.2,0.0039457511539009015,0.00728826712586302,0.8627129336740895,0.007482319499341176,0.00656212148696298,0.007418820988374924
71.3,0.003952143774587503,0.007297037262974526,0.8652122967626276,0.007491118907081718,0.006570805170585265,0.007427523375104918
71.4,0.003960629639692454,0.007305838582905221,0.866796331796615,0.007499831597382732,0.0065797047365392675,0.007436419526149804
71.5,0.0039704065634827805,0.007314780793751333,0.8671589188467332,0.007508579207610554,0.006588817822508386,0.007445512178755442
71.60000000000001,0.003980489243726048,0.007323953842725954,0.8661859296188787,0.007517480501161253,0.006598128739722361,0.007454790387307857
71.7,0.003990037993330612,0.007333411933689193,0.863972732260349,0.00752663081288607,0.006607642915340419,0.007464265649792727
71.8,0.003998541100881322,0.0073431625251676475,0.8608051545570683,0.007536084457622175,0.00661738619931119,0.007473973035038368
71.9,0.004005826781636317,0.00735316353602361,0.8571093744447025,0.007545844413892612,0.006627368752750539,0.0074839350863716856
72.0,0.00401193599776503,0.00736333018482513,0.8533825931498388,0.007555861968959903,0.006637538466598178,0.007494112529311409
72.10000000000001,0.004016936408544501,0.007373550259818902,0.8501178755694053,0.007566046343641429,0.006647758786985968,0.007504377552778271
72.2,0.004020808775035766,0.007383704252096246,0.8477341083614723,0.0075762815648667495,0.006657833245423384,0.007514534218909914
72.3,0.004023508835114329,0.007393685699120708,0.8465186348009328,0.00758644632627716,0.006667570932309628,0.0075243825444643
72.4,0.00402516819364142,0.007403417643185318,0.8465879493333393,0.007596432813966542,0.006676861261740257,0.007533795623411826
72.5,0.004026276795343935,0.0074128628382689275,0.8478707273166132,0.007606161781035552,0.006685719066958446,0.007542769872005762
72.60000000000001,0.004027696336798519,0.007422027278243802,0.8501160715143852,0.007615592638541889,0.006694276468745327,0.007551422464191206
72.7,0.0040304458663654695,0.007430957905013512,0.8529273713360281,0.0076247284066817845,0.006702726531650944,0.007559938523233716
72.8,0.004035321427904486,0.007439735662022543,0.8558188207114414,0.007633615641246995,0.0067112490108996205,0.007568497074154523
72.9,0.004042544193319489,0.007448464706809094,0.858288007657241,0.007642339101882095,0.006719956240847266,0.007577214386157912
73.0,0.004051668493080933,0.007457258286518588,0.8598944599173262,0.007651010772878471,0.006728883228420449,0.0075861308208423316
73.10000000000001,0.0040618047000825115,0.007466222105831319,0.860331158564094,0.007659753535874855,0.0067380188500331915,0.007595240186623511
73.2,0.00407198191516432,0.007475437051572083,0.8594751896896268,0.007668681261260713,0.006747351121909254,0.007604535451460394
73.3,0.004081442761393326,0.007484944348114682,0.8574066519318533,0.007677878729520797,0.0067568931337610785,0.007614036597762202
73.4,0.004089778027028601,0.007494736746682799,0.854392022219495,0.007687385814141577,0.006766670868721533,0.007623779888960774
73.5,0.004096897003477174,0.0075047585465993685,0.8508369879116957,0.007697189947241298,0.0067766806594610485,0.007633774546915725
73.60000000000001,0.004102871777816077,0.007514915129428219,0.8472202018680575,0.007707228819333182,0.0067868462382780406,0.007643956414518863
73.7,0.004107752692265355,0.00752509004092542,0.8440209029421212,0.007717402411041606,0.006797008910341391,0.007654173463192894
73.8,0.004111497339246262,0.007535165611455135,0.8416508571076664,0.007727591119992407,0.0068069659213661655,0.007664220644470324
73.9,0.004114084926883688,0.007545042503524681,0.8403978347530701,0.007737675713811405,0.006816542649036734,0.007673911776602517
74.0,0.004115730212863008,0.007554654524935549,0.8403859980280511,0.007747555303006392,0.006825662487801332,0.007683152758059885
74.10000000000001,0.004117029522459015,0.007563976912594748,0.8415577446269933,0.0077571610408357266,0.006834377776127339,0.0076919780242611265
74.2,0.00411891408263112,0.007573028096071533,0.8436802088250503,0.007766464770647618,0.006842845807960818,0.007700531747319717
74.3,0.00412238010537383,0.007581865950647912,0.846376986545854,0.007775482566541735,0.006851263382453959,0.007709004978088107
74.4,0.004128091214511888,0.007590579627466197,0.8491821465338355,0.007784273111641225,0.006859794663843885,0.007717562788497051
74.5,0.004136078304843103,0.007599277668045367,0.851609994536072,0.0077929306386314645,0.00686852846365454,0.007726298607573873
74.60000000000001,0.004145741094827856,0.0076080729621223545,0.8532308051513067,0.0078015722535583355,0.006877481862042619,0.007735234828266836
74.7,0.00415613216633977,0.007617065654324323,0.8537401746630993,0.007810320299165034,0.00688663899254697,0.007744360404106973
74.8,0.00416631774331377,0.0076263262482580575,0.8530088287745501,0.007819281992516497,0.00689599388381351,0.007753674710998986
74.9,0.004175634098373997,0.0076358822295136755,0.851102313905577,0.007828530187547287,0.006905566217764194,0.007763205269456517
75.0,0.004183774624078728,0.007645711685693212,0.8482666320094936,0.007838089712880629,0.006915378334371877,0.0077729856717486615
75.10000000000001,0.004190717004176004,0.007655746175403368,0.8448843952665334,0.007847932756139025,0.006925408898537265,0.007783007673859428
75.2,0.004196546149652211,0.007665882752430318,0.8414123600813737,0.007857984461762002,0.006935556572714871,0.007793180905917062
75.3,0.004201287637013136,0.007676002497214894,0.838312553087141,0.007868137118864402,0.006945643879522423,0.007803332171402647
75.4,0.004204885860315688,0.007685991235446167,0.8359867357217878,0.0078782692157498,0.006955468132495304,0.007813253657005931
75.5,0.004207359756953812,0.007695757996587996,0.8347210098467827,0.007888265109484784,0.00696487716231867,0.007822779451212493
75.60000000000001,0.0042090169697389,0.00770524805367811,0.8346459665869723,0.007898031965453554,0.006973831085234194,0.007831851492201537
75.7,0.004210557430314356,0.007714449300490065,0.8357172837327597,0.007907512108531635,0.006982417655511956,0.007840540592766508
75.8,0.004212962455171775,0.007723392326528024,0.8377204011007096,0.007916690203228377,0.006990813599738334,0.007849012370695135
75.9,0.004217173553562654,0.007732145278643503,0.840300107814705,0.007925595279490015,0.0069992130992199,0.007857457370458197
76.0,0.004223697577962404,0.007740804502439847,0.8430121352965592,0.007934297527572744,0.007007760956738767,0.007866022690140301
76.10000000000001,0.004232376317918627,0.00774948159696722,0.8453901482973023,0.007942899538095467,0.007016522792867729,0.007874778989277532
76.2,0.004242478225120593,0.007758287559921643,0.8470184493324282,0.007951521973959718,0.007025501203932672,0.007883734051801016
76.3,0.004253027405063094,0.007767315456600947,0.847598555938016,0.007960284811975681,0.0070346793847139485,0.007892875898030385
76.4,0.004263148934208265,0.00777662422429226,0.8469973048830415,0.007969286921232195,0.007044058787700548,0.007902211900279336
76.5,0.0042722799286318384,0.007786227075954609,0.8452666285850898,0.007978588076281237,0.0070536636510493056,0.007911775159940373
76.60000000000001,0.004280209697907716,0.007796087730018287,0.8426312817490303,0.007988197704439256,0.007063508546515867,0.007921592323507361
76.7,0.004286970190457617,0.007806126091417919,0.8394487074266648,0.007998073276961032,0.007073551218141395,0.00793163406128501
76.80000000000001,0.004292645609704689,0.007816232511856681,0.8361510359045875,0.008008128659455849,0.007083665555835547,0.007941783687909078
76.9,0.0042972324541155895,0.007826287384623758,0.8331803602125524,0.008018250080173015,0.007093659768436235,0.00795185107975689
77.0,0.0043006718655874245,0.007836181587929664,0.8309261437528205,0.008028315752409173,0.007103337911014735,0.007961632415150948
77.10000000000001,0.004303040184068205,0.007845833611746907,0.8296711443484497,0.008038215056117109,0.007112575722693317,0.007970987888439973
77.2,0.004304747702833865,0.007855200741921895,0.8295513484799923,0.008047864297800255,0.00712137142027006,0.007979897344734005
77.30000000000001,0.00430658883964047,0.007864283565202003,0.8305352453163057,0.008057217616528483,0.007129844789433633,0.007988464975988522
77.4,0.004309569025459179,0.007873124434024017,0.8324265739593233,0.008066272702935435,0.0071381856940426315,0.007996871683709772
77.5,0.004314544426365254,0.007881800995891326,0.834891737357216,0.008075071315029065,0.007146579812563298,0.008005301463218886
77.60000000000001,0.004321847385318803,0.007890415675313255,0.8375090673186314,0.00808369441162815,0.007155149967753464,0.008013880529402053
77.7,0.0043311385105992,0.00789908172096639,0.839833193582262,0.008092251656068403,0.007163940027545245,0.008022658003635384
77.80000000000001,0.004341582383890536,0.007907906681951602,0.8414647175755392,0.008100865578569386,0.007172941979401009,0.008031630913514685
77.9,0.004352202585017057,0.007916975096047961,0.8421136428355597,0.0081096519835717,0.007182141431432067,0.008040789842049607
78.0,0.004362199726756149,0.007926333317209173,0.8416450823525075,0.008118699825267358,0.007191547671257351,0.008050150739709053
78.10000000000001,0.004371115848025439,0.007935979984564152,0.8400984701885231,0.008128054848820777,0.007201186613597912,0.008059749421417049
78.2,0.004378828244293051,0.007945864987157521,0.8376771639989542,0.008137710998450245,0.007211060855889579,0.008069601160149788
78.30000000000001,0.004385406381027591,0.007955897851336807,0.8347123009933778,0.00814761179349573,0.0072211047846192705,0.008079652713234567
78.4,0.0043909198947073985,0.007965963931467816,0.8316097596928366,0.00815766119853125,0.007231169084861991,0.008089762270270136
78.5,0.004395337840131467,0.007975944678007857,0.8287900057246818,0.008167741056361685,0.0072410530618411025,0.008099728045260192
78.60000000000001,0.004398613475091526,0.007985737464378483,0.8266286936767111,0.00817773093504499,0.0072505742000064195,0.008109357076009493
78.7,0.0044008957440612815,0.007995271181466042,0.8254040403105996,0.008187526561651528,0.007259640639536781,0.008118540586704102
78.80000000000001,0.004402701253503796,0.008004515521968533,0.825256594653591,0.00819705431912669,0.007268288638062053,0.008127296759976754
78.9,0.004404906159809721,0.008013483668864087,0.8261671579454289,0.008206280703105528,0.007276665494915171,0.008135758966427268
79.0,0.004408512033246258,0.008022229224500584,0.8279575067059941,0.008215216532721949,0.0072849676764010895,0.00814411688569746
79.10000000000001,0.004414259617980562,0.008030838455908943,0.8303155436536583,0.008223915893485773,0.007293367185668699,0.008152542590572394
79.2,0.004422295384765091,0.00803941865214024,0.832842250456531,0.008232469591372995,0.007301963453250329,0.008161139723759201
79.30000000000001,0.004432113942134514,0.008048083240363095,0.8351135890672235,0.008240992958095605,0.007310781006389377,0.008169938112105172
79.4,0.0044428051332631845,0.008056934768372872,0.8367473190000012,0.008249608643833352,0.007319805269302576,0.008178928109552463
79.5,0.004453418088648197,0.008066047895340975,0.8374632595704905,0.008258426496899823,0.007329026943049414,0.008188105710135065
79.60000000000001,0.004463242659414274,0.008075455566156936,0.8371262925994523,0.008267524143610372,0.007338462532695232,0.008197494961365574
79.7,0.004471925156433854,0.00808514179047521,0.8357645953087982,0.008276932594525199,0.007348136075540385,0.00820713078978513
79.80000000000001,0.004479418917337505,0.008095043400444464,0.8335608748567778,0.008286630474402562,0.0073580341834337,0.008217012797552662
79.9,0.004485814878904561,0.008105060976927411,0.830820210417442,0.00829654832781986,0.0073680664690070775,0.008227062003159775
80.0,0.004491158429040359,0.008115076630464933,0.8279220681166832,0.00830658173139259,0.007378063231414524,0.008237113968614788
80.10000000000001,0.004495396010852764,0.008124974553954837,0.8252647913752791,0.008316609818108677,0.007387820997679985,0.008246961316392885
80.2,0.0044985093694815325,0.00813465992741723,0.8232094880784819,0.008326515057544344,0.007397177079243012,0.008256428608311595
80.30000000000001,0.004500734578360206,0.008144072827496783,0.8220290047684934,0.00833620076696581,0.007406075338809555,0.008265441888577578
80.4,0.004502694344602328,0.008153195600602375,0.8218676952412065,0.008345604243095921,0.0074145885924513065,0.00827405664695481
80.5,0.004505327774921738,0.008162053800023331,0.8227180655135499,0.008354704734259272,0.007422886211421803,0.00828243023811976
80.60000000000001,0.0045096020425759754,0.008170711649923652,0.824419422826844,0.008363526137405281,0.00743116477674593,0.008290754589913334
80.7,0.004516116343867215,0.00817926304931892,0.8266806304272802,0.008372134327288623,0.00743957838006554,0.008299185364085741
80.80000000000001,0.0045248273177134896,0.008187818846563569,0.8291246525887749,0.008380628886039073,0.007448202868891955,0.008307803179456261
80.9,0.004535084538309649,0.00819649112836887,0.8313480559055979,0.008389129272164062,0.0074570466162455435,0.008316621648048424
81.0,0.004545933189602767,0.00820537591929546,0.8329852255692677,0.008397756464718737,0.007466092434213794,0.008325628484041135
81.10000000000001,0.004556470513459921,0.008214536776273604,0.833765775095634,0.008406612652254581,0.007475337950482552,0.008334827104001564
81.2,0.004566084946389229,0.008223992619191916,0.8335550293595417,0.00841576289702422,0.007484805268995504,0.008344248128560348
81.30000000000001,0.0045745236767157525,0.008233713018864216,0.83237123119285,0.008425223017789932,0.007494512544613419,0.008353921468079045
81.4,0.004581802104040545,0.008243622740099883,0.8303781485355194,0.008434956741966135,0.007504426856308753,0.008363827171532882
81.5,0.004588015877512799,0.008253614979312948,0.827856501310934,0.008444882792341282,0.007514432792100224,0.008373859862232737
81.60000000000001,0.004593179944200394,0.008263570370635638,0.8251605986780071,0.008454889943697464,0.007524344258651562,0.008383836207730649
81.7,0.0045972285160872095,0.008273377451127684,0.8226671896671252,0.008464856299125276,0.007533961576891426,0.008393549853594976
81.80000000000001,0.0046001893764099225,0.008282950377542219,0.8207226330643103,0.008474668710266508,0.007543147696167877,0.008402849037836457
81.9,0.00460239602113154,0.008292241040159042,0.8195937164122755,0.00848423920220865,0.0075518841956376155,0.008411697107429776
82.0,0.004604571934664885,0.008301244542056104,0.8194277386058613,0.008493516696539687,0.0075602776116135,0.008420184432619719
82.10000000000001,0.004607696875738934,0.008309998456583161,0.8202280916974619,0.008502493477466514,0.007568513284936688,0.008428486406724191
82.2,0.004612672145833104,0.008318576888544047,0.821850861505241,0.008511206326968185,0.007576781768304473,0.00843679094521298
82.30000000000001,0.004619933576619814,0.008327080277073164,0.8240250523926529,0.00851973219788626,0.007585216093807735,0.008445233884174666
82.4,0.0046292519025121735,0.00833562164476066,0.8263945518698189,0.008528178226530278,0.007593869497611254,0.00845387356011441
82.5,0.00463985714569448,0.008344310193011104,0.828575194688567,0.008536666365409198,0.007602737931629349,0.008462711051983518
82.60000000000001,0.004650778987789242,0.008353233959082242,0.8302166156740629,0.008545314119720503,0.007611805193122238,0.008471735158210276
82.7,0.004661182271322462,0.008362444327897765,0.8310573082041365,0.008554214415070052,0.007621076705066544,0.008480957755145862
82.80000000000001,0.004670559579295404,0.008371945805725544,0.8309631359478633,0.008563418724452466,0.007630577644546714,0.00849041355127158
82.9,0.004678751426954928,0.008381693959168135,0.8299437741545665,0.00857292747180862,0.0076403160779127885,0.008500123044922037
83.0,0.0046858193549732235,0.008391602669298961,0.8281464264406788,0.008582690139163934,0.007650236723332991,0.008510043527483444
83.10000000000001,0.004691849325204771,0.008401559405381443,0.8258301115807067,0.008592614945757561,0.007660200144243034,0.008520043845072697
83.2,0.004696824207657126,0.008411445077500232,0.8233260980166095,0.008602585511295101,0.00767000887415825,0.008529926609663733
83.30000000000001,0.004700679154406804,0.008421154064189428,0.8209906030415193,0.008612480545207551,0.007679473752878335,0.008539493350541431
83.4,0.0047035051911549965,0.008430610519121386,0.8191552213340362,0.008622192672226858,0.007688488320889291,0.008548621339655395
83.5,0.004705740436441692,0.008439778619576205,0.8180799226175558,0.008631643642634305,0.0076970724518491095,0.008557312289797316
83.60000000000001,0.004708198637419839,0.008448666189607643,0.8179138760739186,0.008640794590267007,0.007705362348232571,0.008565687746467706
83.7,0.004711873579938639,0.008457322350545558,0.8186702811713434,0.008649650972220091,0.007713552835953989,0.00857393473553882
83.80000000000001,0.0047175699972881995,0.008465830235780496,0.8202210272081549,0.008658262113448258,0.00772182290956218,0.008582231451486629
83.9,0.00472554493448173,0.008474295634315183,0.8223143059977931,0.008666715183448841,0.007730282589260136,0.008590691674532157
84.0,0.00473539441222706,0.008482832290711855,0.8246138260599385,0.00867512350863106,0.007738964514033381,0.008599353288517516
84.10000000000001,0.0047462574638626655,0.008491544972655071,0.8267533506210312,0.00868360981898731,0.007747856235737025,0.00860820886669636
84.2,0.004757175595374679,0.008500512353276878,0.8283963535711121,0.008692286368994263,0.007756945550307634,0.008617251459028656
84.30000000000001,0.004767396607626096,0.008509772754502341,0.829289206207692,0.008701235357214983,0.007766245517503684,0.00862650139059134
84.4,0.0047765189959174375,0.008519316116935644,0.8292983280828097,0.00871049386538005,0.00777578110610702,0.008635994152463917
84.5,0.004784466329843354,0.008529084672436288,0.8284262085652181,0.008720046977866241,0.0077855461592691326,0.008645736441366753
84.60000000000001,0.004791329159327553,0.008538982771370874,0.8268059776511101,0.008729830801318863,0.007795461142724786,0.008655660502264222
84.7,0.00479717146105319,0.00854889387644785,0.8246777467643006,0.008739744491889608,0.007805364865773155,0.008665611331585926
84.80000000000001,0.004801947394810086,0.008558700881572142,0.8223519295727835,0.00874966819028003,0.007815054330951428,0.008675383234359423
84.9,0.004805609416928695,0.008568305382884122,0.8201652484581119,0.00875948280581153,0.007824357466454716,0.008684792418514851
85.0,0.004808327174861322,0.008577642396653873,0.818434410035138,0.008769088027570295,0.007833202268764671,0.008693749503860964
85.10000000000001,0.004810645726517917,0.008586688708238784,0.8174116341808155,0.008778416223028558,0.007841646041360471,0.00870229417187102
85.2,0.004813453828309559,0.008595464692751903,0.8172466679697545,0.008787441201500778,0.007849849575604955,0.008710574342982865
85.30000000000001,0.0048177300648699906,0.00860403042888485,0.8179612162345884,0.00879618159634592,0.007858010619584174,0.008718782105303097
85.4,0.004824153965052999,0.008612477118007405,0.8194418358725377,0.008804698775230033,0.007866291925752325,0.00872708102501018
85.5,0.004832795489257158,0.008620914617282852,0.8214549417292765,0.008813089101859243,0.007874779778527363,0.008735561837037782
85.60000000000001,0.004843093804053147,0.008629455890607103,0.8236831733573384,0.008821470606861363,0.007883489104486862,0.008744244722491388
85.7,0.004854126796980929,0.0086381997454607,0.8257773313637684,0.00882996503308258,0.007892403096473008,0.00875311784963144
85.80000000000001,0.0048649724590104524,0.008647214229036373,0.8274139209456028,0.008838677661793186,0.007901515784708067,0.008762180924295442
85.9,0.004874973219878115,0.008656523909498441,0.8283467725357658,0.008847678667847268,0.007910846683649879,0.008771461647911389
86.0,0.004883831317689623,0.008666104252159842,0.8284432386590079,0.008856990181856567,0.007920416716377492,0.008780992366667472
86.10000000000001,0.004891540001379858,0.008675885044105849,0.8277000081470591,0.008866582250868357,0.007930201715234547,0.00879076187687447
86.2,0.004898201848971774,0.008685762598679342,0.8262382881579499,0.008876378670932238,0.00794009711116291,0.00880067619181035
86.30000000000001,0.0049038505068731645,0.008695618124308083,0.8242815425475128,0.008886271080560478,0.007949923448012302,0.008810559662437123
86.4,0.004908419185283524,0.00870533813686082,0.82212097972139,0.008896137819242578,0.00795947861084555,0.008820204699420117
86.5,0.004911895210166921,0.008714832691148413,0.8200744515911349,0.00890586351751119,0.007968613726854715,0.008829448605890406
86.60000000000001,0.004914539865686334,0.00872404837506194,0.8184433828008523,0.008915356117976727,0.00797729384517689,0.008838238422459704
86.7,0.004917002834110019,0.008732974755114978,0.8174711286344045,0.00892455938021167,0.007985611438019916,0.008846649965758893
86.80000000000001,0.004920227678624431,0.008741644457438094,0.8173065647541414,0.008933460116924714,0.007993746024618973,0.008854851868871798
86.9,0.004925146753645959,0.008750127811328296,0.8179784527447985,0.008942089992478721,0.008001891929538497,0.00886303485568736
87.0,0.004932289835581348,0.008758523020960285,0.819386792562447,0.008950521762979724,0.008010192012680682,0.008871343957165607
87.10000000000001,0.004941539189899773,0.00876694264822245,0.8213153218607728,0.008958859815475409,0.008018709298820488,0.008879847097768977
87.2,0.004952200292970277,0.008775497341956005,0.823465039159309,0.008967225289384664,0.008027444539074237,0.008888550215439238
87.30000000000001,0.0049633197736330395,0.008784278471781905,0.825503508148181,0.008975737154033499,0.00803638036508137,0.008897440974663742
87.4,0.004974033374953216,0.008793342339652248,0.8271202977184768,0.008984492087283417,0.008045518354325442,0.008906527218549232
87.5,0.004983785709625816,0.00880269928619388,0.828077119789224,0.008993547135786546,0.008054882335866115,0.008915841945979528
87.60000000000001,0.004992377116582963,0.008812310633138764,0.8282431767744822,0.009002909167909558,0.00806448503431607,0.00892541004585826
87.7,0.004999855057891146,0.008822094814640434,0.8276107600792357,0.00901253373636122,0.008074281093812329,0.008935198881952731
87.80000000000001,0.0050063179739024185,0.008831941711140868,0.8262908103591018,0.009022333559614694,0.008084141350942974,0.008945088287222014
87.9,0.005011765095018961,0.008841732029117694,0.8244916334888379,0.009032194373146566,0.008093872673499498,0.008954886342709585
88.0,0.0050161208034,0.008851357452138095,0.8224861358438162,0.00904199437631289,0.008103280528241965,0.008964390357344813
88.10000000000001,0.005019425203734395,0.008860737589931486,0.8205733891370148,0.00905162336334107,0.008112244608721324,0.008973464470419914
88.2,0.00502204048577359,0.008869831154280302,0.819038841497387,0.00906099860435158,0.00812076822488261,0.008982093835958807
88.30000000000001,0.005024713514293767,0.008878640521939388,0.818115717318272,0.009070075899007213,0.00812897546851302,0.008990387231994345
88.4,0.005028418448582206,0.008887210143853835,0.8179504736841401,0.009078855258238388,0.008137058218160867,0.008998527750168841
88.5,0.00503401012391552,0.008895619779822762,0.8185773939547545,0.009087381083118134,0.008145201530151953,0.009006698758235584
88.60000000000001,0.005041849370132017,0.008903973471932988,0.8199086503001075,0.009095736703492997,0.008153525881607865,0.009015023992502971
88.7,0.005051637854603871,0.008912385054026766,0.8217444781486329,0.009104033217382311,0.008162072619748278,0.0090235499451208
88.80000000000001,0.005062574379548797,0.008920961315794656,0.8238039520118189,0.009112393194914161,0.008170832261452408,0.009032272231261355
88.9,0.005073702848071111,0.008929784787746175,0.8257716720463188,0.009120931056153494,0.008179790186522425,0.009041181458628905
89.0,0.005084234415973962,0.008938899074582861,0.8273510473769605,0.009129733367229711,0.008188955822561992,0.009050294062938061
89.10000000000001,0.00509371951925202,0.008948300045263027,0.8283128431922616,0.009138843157421358,0.008198354341855011,0.00905964537220598
89.2,0.005102047399200169,0.008957935445129012,0.8285295220564685,0.009148251973531918,0.008207986067633875,0.009069248390178732
89.30000000000001,0.005109302729632444,0.008967713625908084,0.827990425327453,0.009157901638984448,0.008217782125223703,0.009079046332685928
89.4,0.00511556599911365,0.00897751971812464,0.826797481930901,0.009167695172044708,0.00822759046858747,0.009088894207243316
89.5,0.0051208028086767565,0.00898723564969486,0.8251446817781285,0.009177514064938844,0.008237209799065835,0.009098589203508738
89.60000000000001,0.005124943907872646,0.008996759706183983,0.8232868995864889,0.009187237995734746,0.008246459845596351,0.009107940393491974
89.7,0.005128099060681643,0.00900602199668104,0.821504068392306,0.009196763271584392,0.008255253241463366,0.009116843552622822
89.80000000000001,0.005130736580361934,0.00901499375420869,0.8200647238160697,0.00920601744923815,0.008263631323453044,0.009125322186950523
89.9,0.005133687983756293,0.00902369005542127,0.8191905845846702,0.00921496888754326,0.00827174513659722,0.009133513678394885
90.0,0.005137930291006319,0.009032166627069193,0.8190240785133488,0.00922363084729109,0.008279792337348615,0.009141609029030174
90.10000000000001,0.0051442108873861565,0.009040511729135794,0.8196034136281021,0.009232060018070453,0.0082879436215459,0.009149778958018237
90.2,0.0051527091760300864,0.009048833984082415,0.8208516193391897,0.009240349334766685,0.008296295819550391,0.009158124374997127
90.30000000000001,0.005162960394106755,0.009057247010619794,0.8225846383870563,0.009248615165710405,0.008304871137586795,0.009166672720012117
90.4,0.00517408599240094,0.009065852209317795,0.8245395207720028,0.009256979773249553,0.008313653937705678,0.009175413398136238
90.5,0.005185153402467263,0.009074721974561294,0.8264185390520205,0.009265551296433862,0.008322634956859268,0.009184342727252976
90.60000000000001,0.005195462844429476,0.009083886451151709,0.8279402175789266,0.00927440483437936,0.008331830739748355,0.009193485125598023
90.7,0.005204670312502369,0.009093327028900542,0.8288860526002051,0.009283568740144976,0.008341264179978963,0.009202874566616625
90.80000000000001,0.005212741805714638,0.009102978667992399,0.8291335225097853,0.009293019429665955,0.008350919222918118,0.009212507908140426
90.9,0.005219781633923363,0.009112741060733436,0.8286705292452538,0.009302685966150519,0.008360702185074589,0.009222302530937435
91.0,0.005225841648439818,0.00912249631766603,0.8275910252257059,0.009312463158440238,0.008370441100494026,0.00923209127194849
91.10000000000001,0.0052308595209098335,0.00913212925549703,0.8260751451878573,0.009322229933022475,0.008379932701779405,0.009241666585701169
91.2,0.005235006125837473,0.009141546069180028,0.8243596236646817,0.009331869009250081,0.008389017333798031,0.009250855929433092
91.30000000000001,0.005238451040661091,0.009150688155858972,0.822704630984304,0.009341284454134714,0.008397643744826194,0.009259590351607517
91.4,0.005240544869558087,0.009159539515004865,0.8213607179002953,0.00935041494645819,0.008405889635990732,0.009267930491449984
91.5,0.005243843266682908,0.00916812767773922,0.8205366634436926,0.009359241790546863,0.008413927443617387,0.009276037006466066
91.60000000000001,0.005248671678372,0.00917651897815756,0.8203692107215301,0.009367791404420971,0.008421954110446765,0.009284102272078244
91.7,0.005255643062875502,0.00918480913977278,0.8208988341316796,0.009376132161068682,0.008430121840465757,0.009292279989466308
91.80000000000001,0.0052647503709785425,0.009193110024289757,0.8220580396914255,0.009384365480006073,0.008438503777484261,0.009300647951889802
91.9,0.005275382687740228,0.009201533511899819,0.8236776592422255,0.009392611448581063,0.008447106277882265,0.009309217735108254
92.0,0.005286614143216713,0.009210174123941046,0.825512674680787,0.009400990252351159,0.008455911498245053,0.009317976564431021
92.10000000000001,0.005297558902017625,0.009219092952625442,0.8272838295103909,0.009409602093483096,0.008464917273425967,0.00932692837308459
92.2,0.0053076159311914815,0.009228306127924274,0.8287262817144153,0.009418509428415146,0.008474145535288231,0.009336103911918582
92.30000000000001,0.0053165427245024975,0.009237780791770648,0.82963419297741,0.00942772551767321,0.008483612851016634,0.00934553162312968
92.4,0.005324367260616799,0.009247440118181724,0.8298920013910118,0.009437212077914751,0.008493283309301521,0.009355188406519468
92.5,0.005331196450804902,0.009257176686595262,0.8294877448182545,0.009446886561835026,0.008503038309194133,0.009364965307162161
92.60000000000001,0.005337047055638126,0.009266871333331893,0.8285083759237067,0.009456637147104931,0.008512690088971233,0.009374676872485582
92.7,0.005341839004733988,0.009276413351338032,0.8271205071592,0.00946634186537007,0.008522040025800141,0.00938411748660474
92.80000000000001,0.005347480001899693,0.009285718013285524,0.8255425001579214,0.009475887965350269,0.00853095481212458,0.009393139065296773
92.9,0.005349949889368842,0.009294738635693679,0.824014065713486,0.009485188411484505,0.008539421140610095,0.009401710237704537
93.0,0.005351389741083564,0.009303472081355854,0.8227666752721163,0.009494193714526044,0.008547550067880307,0.00940992616470766
93.10000000000001,0.005355101643426802,0.009311957959508446,0.821994727510941,0.009502898372470743,0.008555529226237256,0.00941796473723465
93.2,0.005360554097266773,0.009320272426901848,0.8218275971418245,0.00951134171727688,0.008563548734417167,0.009426013478927943
93.30000000000001,0.005368203289851782,0.009328517532785584,0.8223063018476554,0.00951960304372073,0.008571739289042174,0.009434205797028378
93.4,0.005377858441604895,0.009336806964992629,0.8233713542029313,0.009527790993586437,0.008580151465399566,0.009442597267558377
93.5,0.005388787479846528,0.00934524932588655,0.824867572231054,0.009536027730650086,0.00858877957825745,0.00945118736299553
93.60000000000001,0.0054000466197420905,0.00935393083401931,0.8265677762319177,0.009544429593613374,0.008597607142525934,0.009459964811670891
93.7,0.005410816385807048,0.009362900269592233,0.8282119784223755,0.009553087300579854,0.008606639849788704,0.009468942076946582
93.80000000000001,0.005420600100275149,0.00937215941454041,0.829553529219087,0.009562049692079685,0.00861590239339259,0.00947815364335922
93.9,0.00542924915674972,0.009381661629340763,0.8304012498340552,0.009571314767595172,0.008625400797327988,0.00948761800958246
94.0,0.005436836882272053,0.009391319488007074,0.8306485407776782,0.009580830205031799,0.008635076562535253,0.009497289017422368
94.10000000000001,0.00544345737103374,0.009401020096795346,0.8302852010224427,0.009590503151314766,0.008644787321201096,0.009507032158532595
94.2,0.00544909057492664,0.009410644749467267,0.8293922055677182,0.009600216789355196,0.008654334647674192,0.009516648656361499
94.30000000000001,0.005455198397813568,0.009420088701921585,0.8281230300638696,0.009609849899043822,0.008663531294048583,0.009525941698319766
94.4,0.005460529006122078,0.009429277325026606,0.8266775002105426,0.009619295660432903,0.00867227514211475,0.00953479290138173
94.5,0.0054620877527691535,0.009438176328969372,0.8252742540708031,0.00962847695592068,0.008680591228508196,0.009543209350797117
94.60000000000001,0.005463202132725638,0.009446795392523244,0.8241246667158812,0.009637356707287385,0.008688619754923322,0.009551316856469353
94.7,0.005467389361889274,0.009455185699722032,0.8234073596001081,0.009645942713117339,0.008696557010651274,0.009559304074564514
94.80000000000001,0.0054734911713889235,0.009463432332648064,0.8232426470475283,0.009654286822785633,0.00870458082935005,0.00956734804232251
94.9,0.0054817906234312114,0.009471642434074001,0.8236703050844878,0.009662478335322262,0.008712798593585334,0.009575559800609826
95.0,0.005491923428795726,0.009479930047046765,0.824637280690681,0.009670631721641405,0.008721240458280056,0.009583974679567054
95.10000000000001,0.005503064516586607,0.009488398963654754,0.8260013532104544,0.00967886951259479,0.008729892761035685,0.009592584120223503
95.2,0.00551427976737001,0.00949712576966253,0.8275529646033919,0.009687302460664307,0.008738743324572099,0.009601381448869229
95.30000000000001,0.005524831839994826,0.00950614610226894,0.8290520794868015,0.009696010391211176,0.008747805421155231,0.009610387515782647
95.4,0.005534330052055008,0.009515447293219455,0.8302716992836741,0.009705027776894744,0.008757103142802395,0.009619637142044574
95.5,0.005542708789082264,0.009524969614388215,0.8310372209870174,0.009714337435629494,0.008766627858434975,0.00962913451399455
95.60000000000001,0.005550069039142014,0.009534616388805359,0.8312529730291152,0.009723873878095441,0.008776296712301155,0.009638808257494613
95.7,0.005556479499733863,0.009544270951177637,0.8309121651786202,0.009733535378852437,0.008785945989597931,0.009648500403630522
95.80000000000001,0.0055618866244018135,0.009553816742527598,0.8300909130582116,0.00974320179476324,0.008795372529406577,0.009658004700168303
95.9,0.005569799865373092,0.00956315635026838,0.8289300993182152,0.009752754248765295,0.00880440699727478,0.009667139906359274
96.0,0.005574086155888822,0.009572226110179341,0.8276110438319615,0.009762093156320859,0.008812982189531965,0.00967582150950416
96.10000000000001,0.005574808269643798,0.00958100444528438,0.8263308893781953,0.009771152216805919,0.008821160440680346,0.009684094459605101
96.2,0.005575918312931485,0.009589513663156538,0.8252800487960024,0.009779907207637132,0.008829105886740348,0.009692110271936519
96.30000000000001,0.005580635482042497,0.009597815896087077,0.8246200560630379,0.009788379188345702,0.008837016893060339,0.009700061778489076
96.4,0.005587398000157555,0.009606004145769113,0.8244604879420175,0.009796631973267866,0.008845054425697265,0.00970811072926836
96.5,0.005596306522500273,0.00961418933060962,0.8248380443933536,0.009804763797375559,0.008853301983083576,0.009716344972963527
96.60000000000001,0.005606840172433061,0.009622484336934549,0.8257044348627907,0.009812893452210918,0.008861772297278081,0.009724782464444517
96.7,0.005618110618185653,0.009630986645454358,0.8269292386866776,0.00982114208548989,0.008870447779431604,0.009733410721399178
96.80000000000001,0.0056292182879709015,0.009639761999274257,0.8283201395761237,0.009829613186986028,0.008879322706446206,0.009742229972627692
96.9,0.005639519702471656,0.009648832259886515,0.8296575560012228,0.009838374447074276,0.008888416631266579,0.009751268251697726
97.0,0.005648727929630041,0.009658170441866575,0.8307354105388738,0.009847445453038617,0.008897749152051264,0.00976055672384035
97.10000000000001,0.005656846613859988,0.00966770463399855,0.8313974248610417,0.009856794163584204,0.008907293251452146,0.009770081221865304
97.2,0.005663986699710808,0.00967733039309511,0.8315607152655651,0.009866342984227588,0.008916941075579868,0.00977974412263435
97.30000000000001,0.005670182702129566,0.00968692901484541,0.8312235465653355,0.009875982850998456,0.008926511192461926,0.009789367356737199
97.4,0.005677611200336604,0.009696387710201346,0.8304584032149396,0.009885591970281323,0.008935802174713264,0.009798743675603842
97.5,0.005684805193194673,0.009705617634451382,0.8293943257192516,0.009895055338190776,0.008944668644587778,0.009807713761297236
97.60000000000001,0.005688093045662219,0.009714566797991087,0.8281944163894617,0.009904281802756813,0.008953080747506288,0.009816229874875347
97.7,0.005688062809608867,0.009723226503697087,0.8270341524274782,0.009913216652162457,0.008961135676543022,0.009824372808509669
97.80000000000001,0.005689478774253158,0.009731631365245146,0.8260823168509703,0.00992184882546418,0.008969015537799004,0.009832314007983935
97.9,0.005694770925354261,0.009739853717204832,0.8254821650752356,0.009930212453671941,0.008976914448970977,0.009840244075632774
98.0,0.005702190823497134,0.009747993372017733,0.825330898053283,0.009938382606900381,0.00898497298421307,0.0098483057022879
98.10000000000001,0.0057116550778738215,0.009756163631087795,0.8256602760827477,0.009946465243768072,0.008993251385444104,0.009856563940974908
98.2,0.0057225086624802645,0.009764474690380326,0.8264250148625372,0.009954581871464108,0.009001748585333683,0.009865022921919696
98.30000000000001,0.005733829789106831,0.00977301627524882,0.8275052006906938,0.009962850492643907,0.009010446841928017,0.009873670112285736
98.4,0.00574477497177967,0.00978184222163189,0.8287252029625983,0.009971365752333004,0.009019348091117124,0.00988251400466881
98.5,0.005754802256835433,0.009790960196415668,0.8298861796345035,0.009980182154337807,0.009028475917383722,0.009891587615040984
98.60000000000001,0.005763722500460141,0.0098003292641494,0.8308040065578745,0.009989304125896605,0.009037841247604464,0.00990091410934048
98.7,0.005771592598615969,0.009809866430445693,0.8313422568275073,0.00999868532126007,0.009047395589132777,0.009910457526567674
98.80000000000001,0.005778516874951009,0.009819461077224234,0.8314325415281065,0.010008237269589763,0.009057006682379926,0.009920094210745065
98.9,0.005784491488128473,0.009828994194477043,0.8310797889260975,0.010017845175452435,0.009066480091578413,0.009929630506576002
99.0,0.005794039135672616,0.009838358296290555,0.8303541814905393,0.010027387254053378,0.009075622842539254,0.009938864991192932
99.10000000000001,0.005800152422243072,0.009847474199201033,0.8293738861087572,0.01003675382482035,0.00908431877990187,0.009947665908195147
99.2,0.005802499226101388,0.009856302139856013,0.8282843568160203,0.010045863250985181,0.009092576429193672,0.009956023798509043
99.30000000000001,0.005801809760645612,0.009864846319581823,0.82723951341114,0.010054673050235444,0.009100524128108058,0.009964051945987398
99.4,0.005803827140104386,0.009873153204185352,0.8263860639755133,0.01006318548640067,0.009108355515238347,0.009971935397747926
99.5,0.005809727691307602,0.00988130446908602,0.8258479357697592,0.010071447418950993,0.009116254674795925,0.00997985659557568
99.60000000000001,0.005817786891741247,0.009889405532141841,0.8257083778039885,0.010079544309300912,0.009124339443954646,0.009987936565117352
99.7,0.005827743348112343,0.009897570623718127,0.82599234315923,0.01008758849430887,0.009132648531264404,0.009996219092346346
99.80000000000001,0.005838834353032459,0.00990590571561943,0.8266557379833128,0.010095702517216032,0.009141171066245204,0.010004698460946895
99.9,0.005850133249488173,0.009914491417315135,0.8275877491846346,0.010103999492258799,0.009149892407198015,0.010013365471788528
100.0,0.005860870417834797,0.009923368761626798,0.8286287055686057,0.010112563762713496,0.009158822332172571,0.010022237204611636
