t,a1,a2,a3,b1,b2,b3
0.0,1.0,1.0,1.0,0.0625,0.0625,0.0625
0.03,0.9542532477303964,0.9539184016652205,0.9525947846723548,0.061828954881303945,0.061945143950222735,0.06205034027335584
0.06,0.9077839360878679,0.906687301431337,0.9020067763346464,0.0598302291748582,0.06029042748844213,0.06070783129725587
0.09000000000000001,0.8614320220576959,0.8595052099498773,0.8504856449860195,0.056546742404788304,0.057565230756721694,0.05849179058271482
0.12,0.8155706198700097,0.8129883555756273,0.7995152292460049,0.05204900233971371,0.05381794069565115,0.05543410498611455
0.15,0.7701428526639618,0.7671423982080893,0.7495368254536222,0.046433590948141056,0.04911509191517145,0.051578771885680046
0.18000000000000002,0.7247877972478839,0.7215125272980207,0.7001382737357638,0.03982109045099146,0.04354018534638778,0.04698126609830934
0.21000000000000002,0.6790177631603852,0.6754585103081119,0.6505949589006363,0.03235349400605653,0.03719220564967238,0.04170774164626145
0.24,0.6324043640705317,0.6284749931697772,0.6005293947663012,0.024191156625904743,0.03018386370305999,0.03583407985957026
0.27,0.5847338979736765,0.5804615396307466,0.550395193330508,0.015509351803531359,0.02263959537624616,0.029444797511144698
0.3,0.5361018345212534,0.5318501682147083,0.5015310412471585,0.006494507786857186,0.014693352122743707,0.022631830695520612
0.33,0.4869304689273841,0.4835370628422427,0.4557214905605448,-0.0026597956777755154,0.006486222619103274,0.015493211950168374
0.36000000000000004,0.43791119232349773,0.4366393609380083,0.4144750612962351,-0.011756984169406612,-0.0018360723200703307,0.008131659654404853
0.39,0.3898899536369719,0.3921745359164485,0.37839800228792475,-0.02060170972223876,-0.010125767072536106,0.0006531000032057145
0.42000000000000004,0.34372682723106734,0.3507924547686615,0.346976118708738,-0.029004045619202064,-0.018235674845199258,-0.006834857176598631
0.44999999999999996,0.30016437680110153,0.3126579139193746,0.3188409796714765,-0.03678356477263887,-0.02602180103355425,-0.014224466836093179
0.48,0.2597337402097044,0.27750739652936046,0.2923621196133872,-0.04377321411523025,-0.03334589990256307,-0.021409399059774077
0.51,0.2227145430682838,0.24483350910563945,0.2662878889102768,-0.04982290180464842,-0.04007792919409336,-0.028286269058532296
0.54,0.18914959488565664,0.21411569180516293,0.24016812664382536,-0.05480272021229757,-0.04609835907839525,-0.03475612478488595
0.5700000000000001,0.1589024932693288,0.18501849950176016,0.21440539301040687,-0.05860573548747542,-0.051300294453274664,-0.04072587076500017
0.6,0.13173858057266133,0.1575037326144857,0.18995478457684867,-0.06115028379540647,-0.055591372908705944,-0.046109607659817274
0.63,0.10740774435026651,0.13183517666196318,0.16784489283285584,-0.06238172492100836,-0.058895404657775006,-0.050829868280202924
0.66,0.08571041202092028,0.10848606238317764,0.14874169499126277,-0.062273615582479604,-0.061153725316333785,-0.054818732270949064
0.6900000000000001,0.06653430966167537,0.0879838323313522,0.13271544918316755,-0.06082827725962516,-0.06232623751223065,-0.05801880342432131
0.7200000000000001,0.04985761879880688,0.0707402394879812,0.11926593353202228,-0.058076746343690346,-0.06239212282993502,-0.060384035560477514
0.75,0.03572246620143556,0.05691617284509125,0.10757140009732526,-0.05407810767915769,-0.061350211449699044,-0.061880395091072266
0.78,0.024189459927663026,0.04636079000800858,0.09685505304048009,-0.04891822580865964,-0.05921900291816772,-0.06248635073234594
0.81,0.015287607634007841,0.03864372413831198,0.08671086020879416,-0.042707901165548075,-0.05603633768164687,-0.06219318332116208
0.8400000000000001,0.008973495680503128,0.03316913230487732,0.07723756943488981,-0.03558049080701588,-0.05185872521408527,-0.06100511127601587
0.8700000000000001,0.0051093598779880026,0.029330290617400993,0.06892272082975356,-0.027689044778824227,-0.04676034066912297,-0.05893922989774103
0.8999999999999999,0.0034631934875342246,0.026648578794563862,0.062349876657023295,-0.019203019603746607,-0.0408317078710436,-0.05602526538332426
0.9299999999999999,0.0037275899006607525,0.024850913431946915,0.05788442735126546,-0.010304639466450783,-0.034178092028644656,-0.052305147092349666
0.96,0.0055496845955129515,0.02386917853493624,0.055484001222705914,-0.0011849832327106562,-0.02691763071002372,-0.047832404220778967
0.99,0.008563380001528904,0.02377628811999643,0.054705308495151816,0.007960118671878982,-0.01917923626355872,-0.04267139556339551
1.02,0.01241668071023938,0.024691315518622373,0.05488721147957075,0.016934289415540437,-0.011100306928423545,-0.03689638344794611
1.05,0.01679011773185953,0.026688103435174554,0.0554136479319359,0.02554482264717358,-0.0028242872747725237,-0.03059046516624514
1.08,0.021405409592456827,0.029733790770088604,0.05592863033863571,0.03360682056535577,0.005501878711061425,-0.023844377277997885
1.11,0.02602576637863664,0.033670929766579295,0.056409371139932676,0.04094716431088912,0.013730356674880232,-0.016755189992348242
1.1400000000000001,0.030450438870947276,0.03824154922287045,0.057084798018787825,0.04740823142489391,0.021715046751766016,-0.009424910413840032
1.1700000000000002,0.034506553556394856,0.043137233210150575,0.058260627437511384,0.05285128054582068,0.02931417762668657,-0.001959014750841167
1.2,0.038041232224175325,0.04805229058136673,0.060138058308084656,0.057159430664279975,0.03639282373999393,0.005535069393353061
1.2300000000000002,0.04091649428291712,0.05272109025434424,0.0626975309259044,0.060240170960828524,0.04282530094384167,0.012949508808255399
1.26,0.043008400917566594,0.05693219733068522,0.06568732928060897,0.06202734733185132,0.04849739807369829,0.020177616300249054
1.2899999999999998,0.044210438076896744,0.06052331308463829,0.06871633520141711,0.062482582945987596,0.05330840481252618,0.02711538582648589
1.32,0.04443967852934403,0.06336692942369769,0.07140241545221841,0.061596102326862225,0.0571728998420995,0.03366298904940789
1.3499999999999999,0.04364337082204567,0.0653569460633184,0.07349743778633144,0.05938694126622825,0.06002226753213047,0.03972621177780247
1.3800000000000001,0.041803633715195465,0.06640333731971237,0.07492750391878739,0.055902538059962543,0.061805916237791775,0.04521780962528139
1.41,0.0389388238755877,0.06643667076708579,0.0757447529152906,0.05121771484448536,0.062492176574282986,0.05005876337946265
1.4400000000000002,0.03510143607667386,0.06541839028959859,0.07603808778832584,0.04543307090781912,0.062068863719222524,0.054179416018208595
1.47,0.030373491464834864,0.06334928171733464,0.07585879052383698,0.03867282247643083,0.06054349375896491,0.057520475012266925
1.5,0.02486084365094239,0.06026996405449718,0.0751911547348422,0.031082135365074284,0.05794315023752926,0.060033865492070605
1.53,0.01868762885648205,0.056252525031333496,0.07396736076121299,0.022824007766825475,0.05431400327761534,0.061683422002384476
1.56,0.011991504419314635,0.051387417305939626,0.07210673569887686,0.014075770120544378,0.0497204898119028,0.06244540889106416
1.59,0.004919789546223928,0.045771316624030216,0.06955429880713639,0.005025277215662348,0.044244169479949524,0.06230886184399541
1.62,-0.0023735903696200473,0.03950014318851033,0.06630174613219106,-0.004133125697080954,0.037982276504689994,0.061275745651829715
1.65,-0.009730407425562554,0.03266885459022818,0.06239071724537497,-0.013202776167456787,0.03104599326053638,0.059360925938393025
1.6800000000000002,-0.01698971247776534,0.02537686530666296,0.057908741349332396,-0.021988917565819548,0.023558476186560283,0.05659195525757067
1.71,-0.023988953394883175,0.017735197234552448,0.052983102537331114,-0.030302881178647805,0.015652669095443494,0.053008676636544245
1.7400000000000002,-0.030565304400091163,0.009870063323909868,0.047767457276729396,-0.0379661375755606,0.007468942703758119,0.04866265027004079
1.77,-0.036558144757044275,0.0019195336869167901,0.042417411636508626,-0.04481413025100707,-0.0008473977053550944,0.04361641161495472
1.7999999999999998,-0.0418134111626923,-0.005975178477589977,0.03706276825139024,-0.05069980921914001,-0.00914869223468003,0.037942571560701306
1.83,-0.04618983323142124,-0.013678274603274435,0.031788355147482836,-0.055496788683422546,-0.017287548132518166,0.03172277162305073
1.8599999999999999,-0.049566187768432864,-0.021062858466438676,0.02662641131993845,-0.05910206097492693,-0.025119456809007717,0.02504650919527484
1.8900000000000001,-0.05184815375550465,-0.028009100221763103,0.02155564574517261,-0.06143820848172407,-0.032505359643014174,0.018009849760198544
1.92,-0.052973399655846895,-0.03440102651981586,0.01650642273821651,-0.06245506607162228,-0.03931411702268104,0.010714044593279907
1.95,-0.05291410291387175,-0.04012598280634566,0.011378892431390992,-0.06213079831031404,-0.04542483678085396,0.003264073846743108
1.98,-0.051676834150668594,-0.04507752277123661,0.006076850277248379,-0.060472368343347384,-0.050729020683090834,-0.004232864021511221
2.01,-0.049300278050584616,-0.04915947379366091,0.0005470007299784052,-0.05751538837341134,-0.05513249085651847,-0.01166889473844284
2.04,-0.04585146780322502,-0.052288782123951244,-0.0051938720948039915,-0.05332335494370296,-0.05855706195503317,-0.018937020430787977
2.07,-0.04142118163443737,-0.05439692024621474,-0.011055393817124125,-0.047986285448475566,-0.060941929370894043,-0.0259326592293615
2.1,-0.03611908418955767,-0.055431812550961274,-0.016892943153555058,-0.041618785149582414,-0.06224474884446567,-0.032555150109207634
2.13,-0.030069196867735473,-0.05536252801246051,-0.02253916954175166,-0.034357586206827266,-0.06244238830321431,-0.03870920131228686
2.16,-0.02340628428611994,-0.05418700962609402,-0.027833301886144336,-0.026358611567615466,-0.06153133858076042,-0.0443062615111838
2.19,-0.01627359115395545,-0.05193995712402816,-0.032637550166572785,-0.017793626764305945,-0.05952777572350883,-0.04926579398400895
2.22,-0.00882196864610647,-0.048695857652673175,-0.03684000710385083,-0.00884655151670564,-0.0564672737785781,-0.05351643546624989
2.25,-0.001209892617576255,-0.044563213292591455,-0.04035268338242068,0.0002904896576971769,-0.052404173162592244,-0.05699702300472367
2.2800000000000002,0.0063965470946933285,-0.03967037296966668,-0.04311253477043654,0.009421293018761453,-0.04741061582619552,-0.059657474038114736
2.31,0.01382467424489864,-0.03414826569298132,-0.04508393504051275,0.018349788773680285,-0.04157526434532423,-0.06145950704052149
2.3400000000000003,0.020897917950435056,-0.028117016531925335,-0.04625557681472733,0.026884251370657298,-0.03500172768227399,-0.06237719235859143
2.37,0.027440250165845878,-0.02168063830833795,-0.04663082786694532,0.034841416506767836,-0.027806721567794446,-0.062397325316187954
2.4,0.03328194705507649,-0.01492921269702298,-0.046219914500192916,0.04205041644366805,-0.0201179961673513,-0.06151961621794436
2.4299999999999997,0.038266003403151824,-0.00794497062908707,-0.04504203550334865,0.048356449126371145,-0.012072067826656928,-0.05975669451772272
2.4600000000000004,0.04225452093746995,-0.0008089444520720481,-0.04313538514649077,0.05362410231647503,-0.003811795170220412,-0.05713392709199715
2.49,0.045134470373980676,0.006393229928019064,-0.04056484278499918,0.0577402613592532,0.004516157409758776,-0.05368905323304615
2.52,0.04682226898818198,0.013566616435004062,-0.03741890716278713,0.0606165381448358,0.01276392383740033,-0.04947164161407739
2.55,0.04726664264586811,0.020603870828353125,-0.03379587612068846,0.062191169105319355,0.020785061773519395,-0.044542377040074264
2.5799999999999996,0.04644938481605182,0.027384723079246488,-0.029786432135078304,0.06243034149127089,0.028437152756997455,-0.03897218724738568
2.6100000000000003,0.04438397621067049,0.03377875957239479,-0.025461738767671445,0.061328919447902586,0.035584330900614386,-0.032841222316636796
2.64,0.041112516619563916,0.039651169411842366,-0.020872813633458404,0.05891055429956088,0.042099695243351894,-0.02623770138430203
2.67,0.03670182907721914,0.044870136511879447,-0.016059951598213388,0.055227176674342404,0.047867562926903716,-0.019256643247735704
2.6999999999999997,0.031239706398443534,0.049314275175229516,-0.0110645979937086,0.050357881374670094,0.05278552319035677,-0.01199849912912583
2.73,0.024832012224791304,0.05287899570208794,-0.005935796786823396,0.044407228939498666,0.05676625571355935,-0.004567707271682584
2.7600000000000002,0.017600852326767537,0.055481565203877065,-0.0007295768883749154,0.037503000369457834,0.059739081023774045,0.0029288098338622714
2.79,0.009683539641321869,0.05706523057049656,0.0044943208496656065,0.029793453228716807,0.061651215437535135,0.010383183968869935
2.82,0.0012317952988450402,0.05760250637056462,0.00967420389433652,0.02144413804451243,0.062468708255723815,0.01768815331459318
2.85,-0.007589379675550564,0.0570967249116344,0.01474682061331451,0.012634343367206792,0.0621770445715938,0.024738605854419466
2.8800000000000003,-0.016603547322325017,0.05558026291883691,0.01964829712136236,0.003553245827677346,0.06078140298865357,0.03143309184237197
2.91,-0.025625556289077436,0.053108631895143865,0.024315193231596775,-0.005604152136434181,0.0583065636725228,0.037675283574790976
2.94,-0.03446515585818873,0.049751718811087135,0.028683558974508895,-0.014641209654607011,0.05479646836933852,0.04337536146037857
2.97,-0.042931422662262235,0.04558529460399528,0.03268602102340114,-0.023363869980122895,0.05031344020275725,0.04845130644429047
3.0,-0.050837840756213795,0.04068584693959683,0.03625013976685028,-0.03158482755671044,0.044937077102364574,0.05283008018944104
3.0300000000000002,-0.05800775115164132,0.0351298179133664,0.03930143714224268,-0.039127550113880784,0.038762838511106165,0.056448676033261265
3.06,-0.06427974274867265,0.028996023696557655,0.04177154441286914,-0.04583006942271657,0.031900350465306114,0.059255025597576186
3.0900000000000003,-0.06951247855468527,0.022369021356116736,0.04360866064529442,-0.05154845931153267,0.024471459141243983,0.061208748006291155
3.12,-0.07358851675295042,0.015341731551957952,0.044785795158128285,-0.05615992625643497,0.016608067428337172,0.06228173093031045
3.15,-0.07641689510779019,0.008016769883782849,0.045302621610780594,-0.05956544618115451,0.008449792941423272,0.06245853509896819
3.18,-0.07793451100559523,0.0005066758688938635,0.04517962269777475,-0.06169189084498393,0.00014148905505612702,0.061736616457411644
3.2100000000000004,-0.07810653004143539,-0.007066714779826561,0.04444765084344589,-0.06249359815794434,-0.008169327025172623,0.0601263627732895
3.24,-0.07692612320660527,-0.01457380686380317,0.043138726366731,-0.06195335270310823,-0.016335093488680542,0.057650944166007516
3.27,-0.07441377999877066,-0.021879972916626043,0.04128210469625765,-0.06008275541088729,-0.02421082393792057,0.054345979709302675
3.3,-0.07061634234059297,-0.02884964493852752,0.038905119816820585,-0.056921974447105235,-0.03165668167893508,0.050259024904428434
3.3300000000000005,-0.06560581901974066,-0.03535144959730033,0.036035644166967924,-0.05253888266414648,-0.03854046257689583,0.04544888739875652
3.3600000000000003,-0.059477994614168084,-0.041263437471656825,0.03270404297004502,-0.04702760013707508,-0.04473994239255242,0.03998478079599642
3.39,-0.052350821247944726,-0.04647719988813838,0.028944663881810887,-0.0405064730814925,-0.05014504692170681,0.03394532873395138
3.42,-0.04436254979720425,-0.05090013088585081,0.02479737035880096,-0.03311553255272821,-0.05465980640603323,0.027417433560246993
3.4499999999999997,-0.03566951706049376,-0.05445604154258535,0.020308792897677008,-0.02501348749684299,-0.05820405951391033,0.020495025884783087
3.4800000000000004,-0.026443481820693553,-0.057085067959676244,0.015532691488286551,-0.016374316722995497,-0.060714876636414984,0.013277713001737851
3.5100000000000002,-0.0168684254330586,-0.05874381639059781,0.010529322802590706,-0.0073835329792616205,-0.062147677227297395,0.005869345629130346
3.54,-0.007136809172120699,-0.059406098339933155,0.005363988736412182,0.001765800644935131,-0.06247702134812635,-0.001623476410714754
3.57,0.0025546144978385275,-0.059063986064832985,0.0001049350395154325,0.010877216448223913,-0.06169706136440903,-0.009092938067870086
3.5999999999999996,0.012009252364565013,-0.05772864945999339,-0.005178862868440881,0.0197550609554301,-0.059821645772643026,-0.016431560427553716
3.6300000000000003,0.021035167504902356,-0.05543048162494606,-0.01041903429772696,0.028208696271478387,-0.05688407331481035,-0.02353374723619124
3.66,0.029449440062532542,-0.05221819406567198,-0.015547690850907674,0.03605659373351851,-0.052936501746107416,-0.030297304337656334
3.69,0.037082274100984615,-0.048156813369054474,-0.02049636993319964,0.043130231956464725,-0.04804902175347256,-0.036624910156352615
3.7199999999999998,0.043780784653125404,-0.043324854504571464,-0.025195088671927435,0.04927771556748728,-0.042308412467852316,-0.042425516068192184
3.75,0.04941240721589195,-0.03781125265515385,-0.029572138169056406,0.05436703692276408,-0.035816600666575764,-0.04761565650937701
3.7800000000000002,0.05386784316854774,-0.03171268712598006,-0.03355488791431217,0.058288910766201234,-0.02868885102330542,-0.052120649971682205
3.81,0.057063426032834666,-0.025131684072691667,-0.03707205271523342,0.06095912096023776,-0.021051719538389017,-0.05587567360298636
3.84,0.05894280299163959,-0.018175545101030588,-0.04005772434965682,0.06232032889634246,-0.013040806487261754,-0.05882669595050245
3.87,0.05947788269332059,-0.010955929472463252,-0.042456421143910725,0.0623433047524016,-0.004798348784184673,-0.060931254425363124
3.9,0.05866907779710005,-0.0035888192928015005,-0.044227492412087586,0.06102755515766139,0.0035293054901514857,-0.06215906630153598
3.93,0.05654492780653216,0.0038054996722268765,-0.0453476292056897,0.05840133378709708,0.01179429555640052,-0.062492464457337485
3.96,0.05316119868247619,0.011102905532662091,-0.04581146364443164,0.05452103465771132,0.019849873262894994,-0.0619266515896124
3.99,0.04859952650778268,0.01817677615495248,-0.045630791842850744,0.04946998115477945,0.027553008656838136,-0.06046976924266258
4.02,0.042965632887822264,0.02490036006546908,-0.04483250732698061,0.04335663679181877,0.03476692953741129,-0.05814278065866024
4.05,0.036387119752091086,0.031150020558280866,-0.043454971967422804,0.03631227612542679,0.04136354990003205,-0.05497916913522417
4.08,0.029010860450632735,0.03680898646454759,-0.0415430171776804,0.028488165838468065,0.04722574415377932,-0.05102445623052512
4.11,0.021000028683858116,0.04177121593032479,-0.0391425576203158,0.02005231652346109,0.05224942673235995,-0.04633554674852097
4.14,0.012530823391746595,0.04594502876312484,-0.036296170072524975,0.011185874916562377,0.05634540017430558,-0.0409799099294017
4.17,0.003788942432091674,0.049256193033724346,-0.03304084937206539,0.002079234053308339,0.05944093885900851,-0.035034608627186214
4.2,-0.005034162785957019,0.05165016646545796,-0.0294086403041044,-0.007072055125532872,0.061481080278739886,-0.028585190443742386
4.23,-0.013745233714552938,0.053093236193759885,-0.025429904512587406,-0.01607148292609766,0.062429600919607246,-0.021724456774826414
4.26,-0.022153321357586145,0.05357238860741661,-0.0211378857424109,-0.024725800641293972,0.06226965942430103,-0.014551127480474884
4.29,-0.030074000101801,0.05309389275184828,-0.016572813832186797,-0.032849170266052136,0.06100409561702223,-0.007168420393955848
4.32,-0.03733355243625432,0.05168083642606198,-0.011784453516590077,-0.0402671550792823,0.05865538008128599,0.0003174338911173182
4.35,-0.04377296261435068,0.04937018456405977,-0.006833004281921143,-0.04682046540100113,0.05526521518586698,0.0077987205846158465
4.38,-0.04925155722154618,0.046210151099564015,-0.0017885725561094135,-0.052368379090322534,0.050893794642828116,0.015167790619994294
4.41,-0.05365016266092881,0.042258559637360985,0.0032708539553012884,-0.0567917633344412,0.045618734744471014,0.0223186096286853
4.44,-0.05687369356676564,0.0375823908000532,0.00826297391966236,-0.059995632840392873,0.03953369625551699,0.02914828368042552
4.47,-0.05885312206211725,0.03225815196282508,0.013105673364975708,-0.0619111894964045,0.0327467214293652,0.035558539835465364
4.5,-0.059546800136156014,0.026372419252396,0.017721306522651047,-0.062497299704280806,0.025378315675358882,0.04145714020483223
4.53,-0.05894112558094099,0.02002201600653312,0.022039817880229868,-0.061741377659413364,0.017559307937812404,0.04675920917157658
4.5600000000000005,-0.057050567117285865,0.01331360934264661,0.026000450652207838,-0.05965965561134852,0.00942852777661162,0.05138845467546692
4.59,-0.053917096089429004,0.006362732753413768,0.029552264710660116,-0.05629683530148901,0.0011303403937357663,0.0552782659879321
4.62,-0.049609096564393454,-0.0007077438862374307,0.03265377825493726,-0.0517251280627623,-0.007187916627724787,0.05837267218124539
4.6499999999999995,-0.04421982715814354,-0.007769769337124834,0.03527200486404433,-0.04604270419362135,-0.015378549360347334,0.060627147500430426
4.680000000000001,-0.037865483408600104,-0.014692984226693904,0.03738112927833911,-0.03937158490365812,-0.0232961298961895,0.062009252049303194
4.71,-0.03068287347608938,-0.021348263491714075,0.03896105609216985,-0.03185502209801723,-0.030800078476534137,0.062499098571747215
4.74,-0.02282669536044098,-0.027611625014062523,0.039996165885861135,-0.023654422265661793,-0.037757159540836555,0.06208963861165434
4.77,-0.01446640671348613,-0.0333679813677501,0.04047481317634863,-0.014945880526204032,-0.04404384737654254,0.06078676393394383
4.8,-0.005782707619030561,-0.03851417887690478,0.040390041129970314,-0.005916399261251113,-0.04954851936673361,0.05860922174730148
4.83,0.0030363035598672218,-0.042960983019228974,0.03974137444946158,0.003240127470726431,-0.05417343789362426,0.055588344948508145
4.859999999999999,0.011799209845044345,-0.04663403214772051,0.038536767710675504,0.012327077507562088,-0.057836485708434596,0.0517676012699021
4.89,0.020315485734166475,-0.0494740802334421,0.036793622150926436,0.021149322738342146,-0.06047262395546313,0.04720196781734252
4.920000000000001,0.02839973221374463,-0.051436919937825086,0.03453845625596732,0.029517419175928858,-0.06203504696256865,0.04195713999851693
4.95,0.03587583231925161,-0.052493240747075884,0.03180564958372493,0.037251674971771176,-0.06249601329430145,0.03610858622441124
4.98,0.042580917767316664,-0.05262850265752504,0.028635934196043548,0.044186009018715604,-0.06184733831200853,0.029740461985947913
5.01,0.04836902906903097,-0.05184283429704312,0.02507499318269931,0.050171517284326624,-0.06010053949531437,0.02294439893126468
5.04,0.053114352094479116,-0.05015098093414491,0.021172183474105828,0.05507967029325853,-0.057286631944736925,0.015818186367735142
5.07,0.05671393345667393,-0.0475823200479368,0.016979364370699176,0.058805073097720706,-0.05345557769637066,0.0084643641607457
5.1,0.05908981451695981,-0.04418087329532052,0.012549978477124158,0.06126772846996559,-0.04867539862627096,0.0009887472761646561
5.13,0.060190566393962495,-0.04000513847432552,0.007938668335251899,0.062414754718262765,-0.043030968695271864,-0.006501096802973837
5.159999999999999,0.05999223939722858,-0.03512754665125141,0.0032016756467000782,0.06222152123893428,-0.03662250697840565,-0.013897395876950333
5.19,0.0584987505909097,-0.0296334441606634,-0.0016020239320725736,0.06069217742023844,-0.02956379823578012,-0.021093723775531786
5.220000000000001,0.055741726517682236,-0.023619636808166262,-0.006409383676680194,0.057859563540714254,-0.02198017261937805,-0.027986531735975224
5.25,0.051779807219524646,-0.017192623402574606,-0.011152616586130704,0.05378450557530588,-0.014006280386879653,-0.03447663837769493
5.28,0.04669741447387302,-0.010466648815598197,-0.015759885884734808,0.04855450905220824,-0.005783701133340075,-0.04047065683418187
5.31,0.040602995095279516,-0.0035616474974443832,-0.020157426346529284,0.04228188000782523,0.0025415700102454967,-0.045882338507015445
5.34,0.03362676422135119,0.00339891669403556,-0.024272607257362785,0.03510131338940883,0.010821714577955317,-0.050633814106541525
5.37,0.025917986370790166,0.010290327422037032,-0.02803730842106697,0.027167000690679358,0.018909715343983814,-0.05465671412174445
5.3999999999999995,0.01764184054409944,0.016988979941112925,-0.03139111479253362,0.01864931892945092,0.026661966671350703,-0.05789315259674733
5.430000000000001,0.008975922333742932,0.0233747365974527,-0.03428391034701074,0.009731172066314834,0.033940824286507715,-0.06029656005827111
5.46,0.0001064456819998342,0.02933315677781705,-0.036677433856102976,0.0006040634267214018,0.04061704920759125,-0.061832353608966564
5.49,-0.008775778568532032,0.03475754208200886,-0.03854547391783218,-0.008536016534916325,0.04657210243341294,-0.06247843454457169
5.5200000000000005,-0.017479494054338858,0.03955082896971007,-0.039872715319334825,-0.01749279882523039,0.05170024965008182,-0.062225506334625875
5.55,-0.025817175297580854,0.04362739569684373,-0.04065262946559105,-0.02607395048309636,0.05591043858536373,-0.06107720839128095
5.58,-0.033609121792510174,0.04691478322015484,-0.0408850353009231,-0.03409520463066459,0.059127915677612386,-0.05905006370139486
5.609999999999999,-0.04068736923831682,0.04935521363551914,-0.040573996704226095,-0.0413843173178056,0.061295553354678865,-0.056173241075435504
5.64,-0.0468993292401937,0.05090672732347796,-0.03972658114720856,-0.04778476619289278,0.06237486435644011,-0.05248813543422186
5.670000000000001,-0.05211108044219202,0.05154380760813266,-0.03835270005512137,-0.05315911157672323,0.06234668509125073,-0.048047772172802976
5.7,-0.05621024286334772,0.05125748476125537,-0.03646589445270286,-0.05739194776574474,0.061211515893055325,-0.04291604417214943
5.73,-0.05910837459057652,0.05005502659979233,-0.03408470899431498,-0.06039238118994506,0.05898951213776236,-0.03716679243738077
5.760000000000001,-0.06074283957570231,0.04795937122641003,-0.03123427792959424,-0.062095982210819176,0.0557201263766119,-0.030882743591327862
5.79,-0.061078109473281864,0.04500843358074751,-0.027947788015761622,-0.06246616864759066,0.05146140784060011,-0.024154319511953418
5.82,-0.060106479999598506,0.04125435263377939,-0.024267457150897252,-0.06149499132261461,0.046288971753535135,-0.017078336241890313
5.85,-0.057848198983549474,0.03676267855157386,-0.020244655525517283,-0.05920330475759705,0.04029465675397679,-0.009756610891633117
5.88,-0.05435101510196469,0.0316114579307976,-0.01593895985846667,-0.055640319355195166,0.033584894264061894,-0.0022944965818077574
5.910000000000001,-0.04968916251184106,0.02589017061213126,-0.011416250504422024,-0.05088254468220149,0.02627881875771358,0.005200633494601974
5.94,-0.04396180027604671,0.019698489642912827,-0.006746237243829251,-0.04503214654566141,0.018506152481166303,0.012620931077073811
5.970000000000001,-0.03729093107383541,0.01314484861062034,-0.001999894446839205,-0.03821475314115743,0.010404902183426207,0.01985962467816607
6.0,-0.02981883367670054,0.006344792803931409,0.0027527672876729733,-0.030576757382811907,0.00211890875212404,0.026812555930329062
6.03,-0.02170505693916585,-0.0005809218633971106,0.007444291637936374,-0.022282173343273114,-0.006204706738059469,0.03337967833224364
6.0600000000000005,-0.013123036059208382,-0.007508505060981522,0.012010610744528328,-0.01350911430674415,-0.014418155217980384,0.039466496829059124
6.09,-0.004256401439613043,-0.014313556464973924,0.016391225447784274,-0.0044459680633848605,-0.022375603677122928,0.044985427512250376
6.12,0.004704943977169217,-0.02087364699202733,0.020529005878820266,0.004712648425312445,-0.029935764486100032,0.0498570578742215
6.1499999999999995,0.01356889954235338,-0.027070919705780665,0.024369935471722056,0.01377006812290778,-0.0369644040141229,0.05401128948371248
6.180000000000001,0.022145310435914854,-0.032794562487508366,0.027863070080337178,0.022531797036567453,-0.04333672599994906,0.05738834663992524
6.210000000000001,0.030250090593443885,-0.03794302318068439,0.030960893920374495,0.030809690672888284,-0.04893958735861966,0.05993963649173259
6.24,0.03770922962614534,-0.04242587458986116,0.03362013371484568,0.038425994148102646,-0.053673507081465205,0.061628448245619215
6.2700000000000005,0.04436258529481742,-0.046165284624056196,0.03580293203931247,0.045217159197584934,-0.05745443256056951,0.06243048140137373
6.3,0.05006736617318947,-0.049097098416096475,0.037478137529567204,0.05103735612032028,-0.06021523197590576,0.06233419541468969
6.33,0.05470121924983389,-0.051171580986953555,0.03862242980159169,0.05576160524479344,-0.06190688624722369,0.06134097575534155
6.36,0.05816485256571145,-0.05235388951825924,0.03922106472050281,0.059288460672941,-0.062499359387112985,0.059465113971505966
6.39,0.06038414012001353,-0.05262434409941823,0.03926812419885031,0.061542188672942,-0.0619821318017817,0.056733602047085066
6.420000000000001,0.061311672110149915,-0.05197855376085983,0.03876624131703288,0.06247439394325181,-0.060364387070584495,0.05318574401104719
6.45,0.06092772689152719,-0.050427435150705316,0.03772587599033349,0.06206505882638999,-0.05767484888795656,0.048872590387381364
6.48,0.05924065255873623,-0.04799713168383567,0.0361643451103239,0.06032297315698312,-0.05396127106291352,0.04385620362342812
6.510000000000001,0.05628665709394165,-0.044728803019366464,0.03410488756130233,0.057285545513745005,-0.04928958963137678,0.03820876506642012
6.54,0.05212901709573933,-0.0406782224360333,0.03157599486824519,0.053017999928464024,-0.04374275213590378,0.03201153633804644
6.57,0.046856725458281484,-0.035915110571905134,0.028611092245230212,0.047611975301422284,-0.03741924485942234,0.02535369005193755
6.6,0.04058260696625797,-0.030522152332330396,0.025248511558889228,0.041183557598620656,-0.030431344162513804,0.018331026699007064
6.63,0.03344093753891879,-0.024593677034470466,0.02153161777558662,0.033870787086312075,-0.02290312297243967,0.011044596163529947
6.660000000000001,0.025584609157314683,-0.018234014006769363,0.017508927292057046,0.025830694131102276,-0.01496824781948391,0.0035992437051156154
6.69,0.01718189027290294,-0.01155556070737471,0.013234070118907319,0.01723592721719785,-0.006767605535097563,-0.003897898671396891
6.720000000000001,0.008412841738418442,-0.004676621122771455,0.00876548997728699,0.00827104558888379,0.0015531982492457425,-0.011338953750275254
6.75,-0.0005345397809503076,0.0022809084073593285,0.0041658276626999275,-0.0008714438720361288,0.009846424387345929,-0.018616851362152673
6.78,-0.009468367628178195,0.009193913753399395,-0.0004990311937704143,-0.009995220431946531,0.01796482338496633,-0.025626869028606714
6.8100000000000005,-0.018197008581866184,0.0159404014742075,-0.005161233012427414,-0.01890436518766017,0.025764249872560218,-0.03226813882555199
6.84,-0.02653322819890381,0.022401716496592568,-0.009752488079833806,-0.027407568119974548,0.033106221963041686,-0.03844509878302164
6.87,-0.03429824236003379,0.028464583501073802,-0.014205704639764415,-0.035322236178617294,0.039860380052196345,-0.04406886793698469
6.8999999999999995,-0.041325582249430774,0.03402295763780641,-0.018456527304963204,-0.04247841418384914,0.045906801404762776,-0.04905852524742576
6.930000000000001,-0.04746468501658099,0.038979708229474025,-0.022444619774248248,-0.048722434349464314,0.05113812942979782,-0.05334227398019249
6.960000000000001,-0.052584129383562786,0.04324817466288414,-0.026114621274930923,-0.053920216059361176,0.055461479839203555,-0.05685847479819087
6.99,-0.05657444496720848,0.04675361684572481,-0.029416779662418006,-0.05796014504011657,0.058800089844821074,-0.05955653269666419
7.0200000000000005,-0.059350436288644635,0.0494345440823087,-0.03230729957489008,-0.060755470103813214,0.06109468111194753,-0.06139762502034532
7.05,-0.06085297652825507,0.05124387149433232,-0.03474847012135296,-0.06224616599479793,0.06230451226950034,-0.06235526008696248
7.08,-0.06105024028580255,0.05214984252708492,-0.0367086709284378,-0.062400222338635326,0.06240810228909622,-0.062415658379002724
7.11,-0.059938357122509736,0.052136669667352115,-0.03816237617770959,-0.06121433101508425,0.061403611889164954,-0.06157795081872241
7.14,-0.05754147777721996,0.05120486715746604,-0.03909025766173155,-0.058713957194831835,0.05930887619211758,-0.059854191273403565
7.170000000000001,-0.05391125347270745,0.04937126440092279,-0.03947943276207104,-0.05495279251458194,0.05616108805472823,-0.057269183110916534
7.199999999999999,-0.049125737377599454,0.046668695392219975,-0.03932383305592778,-0.050011602132711976,0.05201613769432321,-0.05386012230130026
7.23,-0.0432877274424056,0.043145366379249914,-0.038624606315717694,-0.043996490423183585,0.04694762033597444,-0.04967606219981123
7.260000000000001,-0.03652258159090414,0.038863918144929344,-0.037390433669377277,-0.03703662254923167,0.0410455295003117,-0.04477720771273739
7.29,-0.028975548503639825,0.0339002192066119,-0.035637664611085015,-0.029281450842490953,0.03441465913314307,-0.039234049002303616
7.32,-0.020808668541893272,0.028341943276582925,-0.03339023341487933,-0.020897505546752085,0.027172742947700952,-0.033126347195885225
7.35,-0.012197308948051256,0.02228698917507091,-0.03067937482993614,-0.012064818840130923,0.01944836401622445,-0.026541986694272556
7.38,-0.003326405489185733,0.015841790007720354,-0.027543169660628315,-0.0029730589242098543,0.011378671726902432,-0.019575710593250625
7.41,0.005613510225004509,0.009119535386837133,-0.024025937322253256,0.006182542805429191,0.003106946642505171,-0.012327757414653457
7.4399999999999995,0.014430412216543481,0.0022383076786820933,-0.020177493183248754,0.01520538404960543,-0.005219943502401822,-0.004902418763121615
7.470000000000001,0.022934919915097583,-0.004680876867157376,-0.016052312954368993,0.023901713333961298,-0.013454151495891112,0.0025934613373996807
7.5,0.030944383208865296,-0.011516124158049867,-0.011708663956007833,0.0320847905203579,-0.02144947573411272,0.010052023834207781
7.53,0.038286820497767604,-0.018146799186605576,-0.007207747739062666,0.039578896760736205,-0.029063956088314392,0.017365946641751548
7.5600000000000005,0.04480462162878657,-0.024455708232916887,-0.0026128606062772947,0.046223107785925165,-0.03616239446280208,0.02442998891106021
7.59,0.050357934474485666,-0.03033127605743882,0.0020114526614006256,0.0518747495038915,-0.04261875529034201,0.031142505352027523
7.62,0.05482766254017421,-0.03566965679553438,0.006600283994785938,0.05641246170383649,-0.04831840334326361,0.03740690881879941
7.6499999999999995,0.05811801061323337,-0.04037670825929865,0.011089302455279025,0.05973880407786188,-0.053160139127046396,0.04313306011296125
7.68,0.060158525862460135,-0.0443697558370117,0.015415736229040182,0.06178234859994521,-0.05705799571717662,0.04823856500649205
7.710000000000001,0.060905593038532324,-0.04757908087944972,0.019519353898510172,0.06249921333164226,-0.059942765135727945,0.05264995982147802
7.74,0.06034335450606791,-0.049949091853116495,0.023343393296934294,0.06187400471842596,-0.06176322716624931,0.05630376850714714
7.7700000000000005,0.058484038365008456,-0.0514391684576225,0.0268353998259057,0.05992014814231442,-0.06248705878886793,0.059147416003825545
7.8,0.0553676902267916,-0.052024197870846944,0.029947954432570572,0.056679599632684645,-0.06210140808822925,0.06113998475132032
7.83,0.051061315748913136,-0.05169483881908004,0.03263927567702016,0.05222194492583376,-0.06061312244431247,0.06225280345624529
7.86,0.0456574517315083,-0.05045755048802117,0.03487367666608481,0.046642905219581435,-0.05804862695450395,0.06246985964645129
7.89,0.03927219386949628,-0.0483344129866016,0.03662186879357293,0.04006228170950822,-0.054453455245592385,0.06178803007626939
7.92,0.03204271968810708,-0.045362750873423355,0.03786113638294811,0.03262138304471526,-0.049891441006303466,0.06021712566724024
7.949999999999999,0.02412435597312642,-0.04159455751373511,0.038575437843941934,0.02447999094448965,-0.04444358459503206,0.057779750337672596
7.98,0.0156872507741544,-0.037095709282901554,0.038755495004826404,0.01581292913453529,-0.03820661484659774,0.05451097575234797
8.01,0.0069127200521903655,-0.031944955075067186,0.03839890963715102,0.006806309279524395,-0.0312912716137108,0.05045783667243432
8.04,-0.002010652483907003,-0.02623266711478734,0.03751030932485626,-0.0023464654752740352,-0.023820339537300946,0.04567865416707484
8.07,-0.010891077289180966,-0.020059344221520847,0.036101488623994885,-0.011448853535564577,-0.01592646795689046,0.04024219642503569
8.1,-0.019537693144358548,-0.01353387098120195,0.034191485976826586,-0.020305395282904506,-0.007749815669361111,0.034226689241587185
8.13,-0.027764681769830435,-0.006771556894612193,0.03180653061487383,-0.028725910265835253,0.0005644376456499538,0.027718690418832875
8.16,-0.035395271113661406,0.00010799557648887623,0.028979809827491536,-0.03652958102911833,0.008868669148103869,0.02081184427586524
8.19,-0.0422655381704403,0.006983124862695943,0.025751037142730644,-0.04354883588719815,0.017015433939188234,0.013605534190240123
8.22,-0.04822792761185546,0.01373236927561284,0.022165832481428456,-0.04963294726537397,0.02486008300352879,0.006203452559500412
8.25,-0.05315441051404492,0.020236681541197895,0.018274949246908583,-0.054651268339904094,0.03226333150939022,-0.0012878912402682558
8.28,-0.05693921738396604,0.026381546346502485,0.014133400412430058,-0.0584960384752329,0.03909373186568509,-0.008760703429699437
8.31,-0.05950109057993254,0.03205896752507728,0.00979954276617631,-0.06108469721594214,0.045230007625690516,-0.016107456882829524
8.34,-0.06078501223368314,0.03716930651922545,0.005334169055292209,-0.06236165714405027,0.05056320679809318,-0.023222438346875908
8.370000000000001,-0.06076337445008119,0.04162296182421166,0.0007996336671212059,-0.06229949753230842,0.0549986363324779,-0.030003269561992146
8.4,-0.05943656891661642,0.045341880428285686,-0.00374098731633296,-0.060899553161645845,0.058457543431708225,-0.036352380393438743
8.43,-0.056832983467820605,0.048260888914155295,-0.008224713183357713,-0.05819188565882668,0.060878513838836135,-0.04217841277910684
8.46,-0.05300840402750451,0.050328826827108736,-0.01258946396989613,-0.05423463796979712,0.06221856227140638,-0.04739753529083773
8.49,-0.048044831880514054,0.05150946068853943,-0.016774860527205077,-0.049112785830403405,0.06245389564206517,-0.051934649394169106
8.52,-0.042048738286500104,0.05178215488444252,-0.020723020599233727,-0.04293631304470386,0.06158033551419091,-0.05572447004950234
8.549999999999999,-0.035148790711312924,0.05114227584627037,-0.024379345654979373,-0.03583784975393378,0.059613392291681055,-0.05871246510580037
8.58,-0.027493097028736566,0.04960130890585333,-0.027693285370666256,-0.027969824410621624,0.056587989825626094,-0.06085563996977588
8.610000000000001,-0.019246025564831157,0.04718667393971959,-0.03061906097997876,-0.01950119061478039,0.052557845327587685,-0.06212315625987733
8.64,-0.010584669426104244,0.04394123679372382,-0.03311632668682417,-0.01061379909827325,0.047594515599364645,-0.06249677554319193
8.67,-0.001695032685086553,0.03992252688370064,-0.035150748296639736,-0.001498492763343169,0.041786126513812784,-0.061971121770285964
8.7,0.0072319768747327075,0.03520168398741161,-0.03669448024725953,0.007648991371722683,0.035235808305286616,-0.06055375863177813
8.73,0.016004659140983476,0.02986216594981486,-0.037726529191037445,0.016632225320454365,0.028059864451737082,-0.058265080723553755
8.76,0.024434646043044274,0.023998252537060005,-0.038233004117324096,0.02525830811352705,0.02038570666068431,-0.055138020086655685
8.79,0.03234094864946345,0.017713379671427873,-0.03820726393685628,0.033342008046884426,0.012349592624202248,-0.05121757234448192
8.82,0.03955383991030492,0.011118334481641111,-0.037649977711877516,0.040709740244325436,0.0040942067099658435,-0.04656014925575465
8.85,0.04591849090778158,0.0043293370540661725,-0.03656911011338072,0.0472032941225876,-0.004233873455856584,-0.041232766999448056
8.88,0.05129828471309275,-0.0025339684618896478,-0.034979838203425054,0.05268323071741499,-0.012486779532047862,-0.035312081871533334
8.91,0.05557773918018264,-0.00935059101776661,-0.03290439678015891,0.05703187691832048,-0.020517977922940207,-0.028883287269007744
8.94,0.05866497813383516,-0.016000312518736282,-0.030371839673339042,0.06015585231551034,-0.02818487154008088,-0.022038887832627217
8.97,0.06049369942705754,-0.022365818906400214,-0.027417698401819394,0.06198807439886584,-0.03535133166966287,-0.014877368387339161
9.0,0.06102459825183233,-0.028334804037105345,-0.024083522983702456,0.062489199050454074,-0.041890114991417815,-0.007501776833179573
9.03,0.0602462148441034,-0.0338020015056375,-0.02041630168953772,0.06164846539823324,-0.04768512283384946,-1.8241377575089745e-05
9.06,0.058175187248933086,-0.038671095346703356,-0.016467769852505733,0.05948392688903361,-0.052633462551841634,0.007465556555240721
9.09,0.05485590201518673,-0.042856460278127353,-0.012293626182533532,0.0560420636188817,-0.056647274426070156,0.014841931764220499
9.120000000000001,0.05035954845789124,-0.04628468719624344,-0.007952678372162349,0.051396784245270444,-0.059655291646900345,0.022004744765841217
9.15,0.04478259526052625,-0.04889585987509436,-0.0035059415371987432,0.045647838913756365,-0.061604105684642224,0.02885092904694089
9.18,0.038244721330807016,-0.05064456210161532,0.0009842852532051258,0.03891867727881508,-0.06245911457901637,0.035281974100242884
9.21,0.030886245449750487,-0.05150060748351595,0.005455338437772102,0.03135379761462401,-0.06220513731057777,0.04120534290300467
9.24,0.022865110774797068,-0.05144949412497995,0.009845081217886912,0.023115643939492857,-0.06084668334569119,0.04653580344253305
9.27,0.014353490175531057,-0.05049259217246223,0.01409274757606021,0.014381117783366098,-0.058407872569180994,0.0511966551290971
9.299999999999999,0.005534086419423635,-0.048647074303324135,0.018139729366397767,0.005337779502761869,-0.054932007026282655,0.05512083244924691
9.33,-0.0034037926492297816,-0.04594559866522161,0.0219303086037832,-0.003820179286002494,-0.05048080207778623,0.058251869978947865
9.360000000000001,-0.012268299471451121,-0.04243575174405921,0.025412346061749747,-0.012896105669569554,-0.04513329061951482,0.06054471487084899
9.39,-0.02086916557834091,-0.038179256242739795,0.02853793816066248,-0.02169510825282451,-0.038984419822152436,0.06196637512471573
9.42,-0.0290217857709053,-0.033250947379865725,0.03126404693696927,-0.03002824214831497,-0.03214336530685795,0.06249639431299178
9.45,-0.03655118035803115,-0.027737521166226083,0.03355309785904048,-0.03771656627367264,-0.024731592689140724,0.06212714593061102
9.48,-0.04329575067211544,-0.02173606122908462,0.035373532232999085,-0.04459498583288873,-0.0168807009090492,0.06086394313362738
9.51,-0.04911074740888667,-0.01535235732708315,0.03670029582139299,-0.050515797470137465,-0.008730085640193952,0.05872496228762125
9.54,-0.05387137738014379,-0.00869903859706355,0.03751524229323054,-0.05535186096948622,-0.00042446426469757575,0.055740981425953046
9.57,-0.057475481901639355,-0.0018935561217369827,0.03780743004335134,-0.058999329393176855,0.007888693640884613,0.05195493738121696
9.6,-0.05984572913108927,0.004943940236936279,0.037573295387623794,-0.06137987903300726,0.016061784685939304,0.047421307962380005
9.63,-0.060931273088265625,0.011692779372902402,0.03681669377366922,-0.06244239129007754,0.023949692422091176,0.04220532806752794
9.66,-0.06070884365487962,0.018233948212828928,0.03554881077875978,-0.06216405036715052,0.03141236394286058,0.03638205101165919
9.690000000000001,-0.059183244302941085,0.02445222329242764,0.03378795348627325,-0.06055083320239143,0.038317296578141945,0.030035268576185437
9.719999999999999,-0.05638724727302745,0.03023821102791629,0.031559238587519564,-0.05763738112392213,0.044541890531263575,0.023256305319666836
9.75,-0.052380889001947505,0.03549025994417703,0.02889419528870462,-0.053486255981208604,0.04997562568663198,0.016142704498578814
9.78,-0.04725018139876648,0.04011621511833793,0.025830298894988484,-0.04818659672670251,0.054522023937884176,0.008796824506542684
9.81,-0.04110526681112582,0.04403499174619288,0.022410446488713,-0.041852205295555486,0.058100362194639224,0.0013243660280121998
9.840000000000002,-0.034078056053424254,0.047177950466328306,0.01868238160420346,-0.03461910288616054,0.06064710565274001,-0.006167148900634532
9.87,-0.026319399598769843,0.049490061147850775,0.014698070836587317,-0.026642609116592962,0.06211703587970788,-0.013569924037638603
9.9,-0.017995851873402174,0.050930843747931887,0.010513031140219092,-0.01809400677752085,0.062484053685808956,-0.02077744002797558
9.93,-0.009286097377753544,0.05147507471267307,0.006185602708615377,-0.009156863800826056,0.06174164252544032,-0.027685987122205526
9.96,-0.00037711487037245695,0.051113246165833744,0.0017761617694151328,-2.3091423935776294e-05,0.05990298420096207,-0.03419615746759564
9.99,0.008539838154482955,0.04985176431137895,-0.002653726849392838,0.009111176805348611,0.05700072481460813,-0.04021427549877265
10.02,0.01727333420575121,0.04771287459682967,-0.0070422066878968615,0.01804979669156721,0.05308639512409181,-0.04565374584585459
10.049999999999999,0.025635888906534558,0.04473430513922409,-0.011328053513032036,0.02660082528295917,0.048229495593720494,-0.05043629936486201
10.08,0.03344798930318375,0.04096862656844987,-0.015451594982542973,0.03458064254764981,0.042516262386296966,-0.054493119361138334
10.110000000000001,0.04054194996809969,0.03648233479439506,-0.01935559279235676,0.041817894328085296,0.036048136206106904,-0.05776583180042531
10.14,0.04676551336891765,0.03135467199056077,-0.022986058451270823,0.04815717190490449,0.02893996117928794,-0.06020734525933625
10.17,0.05198511687037853,0.025676209298535924,-0.026292983670868447,0.053462349157339904,0.02131794575116827,-0.06178252852908611
10.2,0.05608875643326762,0.01954722171006174,-0.029230978677417373,0.05761950565982149,0.01331742180564511,-0.06246871612236322
10.23,0.058988386260901644,0.013075890701748978,-0.03175982298613633,0.06053937294583258,0.005080441794320421,-0.06225603440954773
10.26,0.06062180395515789,0.0063763729873227894,-0.03384494062317807,0.0621592514093086,-0.003246743460688107,-0.06114754369146676
10.290000000000001,0.06095398184584114,-0.0004332258908208267,-0.03545781418720253,0.062444356681104055,-0.011516281507657032,-0.05915919416438526
10.319999999999999,0.05997781679442902,-0.007232935900520385,-0.03657634910806237,0.061388566569188466,-0.019581343443731188,-0.056319596410857486
10.35,0.057714282779213665,-0.01390302976074071,-0.03718519128640998,0.05901455252319281,-0.027298730919884683,-0.052669609718871614
10.38,0.05421198283018801,-0.020326119829913575,-0.03727599000301845,0.0553732928003101,-0.03453141868396971,-0.0482617541530092
10.41,0.04954610928539861,-0.02638921214594327,-0.0368475876365065,0.050542977786554574,-0.04115098751800059,-0.04315945483739287
10.440000000000001,0.04381683373012682,-0.03198568500137039,-0.035906112559175106,0.04462733097990207,-0.047039904371913986,-0.037436129324519174
10.469999999999999,0.03714716014292664,-0.03701715907361844,-0.03446495342632987,0.03775338168958567,-0.052093609209132974,-0.031174131181927762
10.5,0.029680286447223203,-0.041395226276736,-0.032544600738779,0.03006873727936317,-0.05622237151117052,-0.024463564997556038
10.53,0.02157653056421365,-0.04504300570066203,-0.03017235231106031,0.02173841352908721,-0.05935288347830254,-0.01740098985479895
10.56,0.013009886879018268,-0.04789649743566077,-0.027381890401345983,0.012941291177630761,-0.061429561638405406,-0.01008802993311557
10.590000000000002,0.004164287460796735,-0.049905708611712715,-0.02421274750106971,0.0038662747373943603,-0.06241553375338076,-0.0026299122264049
10.62,-0.004770350875815797,-0.051035530378363544,-0.02070968348967433,-0.005291763936124165,-0.062293293500255635,0.004866047579916117
10.65,-0.013602207769048713,-0.05126634964619438,-0.016921998402594274,-0.014336170214166596,-0.06106501130283715,0.012291989286249212
10.68,-0.02214168016320165,-0.050594385094289894,-0.012902802930905996,-0.023072729546832635,-0.05875249579498359,0.019541060191226537
10.71,-0.03020545366508515,-0.04903174296663562,-0.008708263988861126,-0.031313837918301994,-0.05539680659972652,0.026508952607118295
10.74,-0.037620436794046086,-0.04660619402965269,-0.0043968363296119995,-0.03888253035112444,-0.051057525299503075,0.03309540475475598
10.77,-0.04422747397836062,-0.04336067814929928,-2.848463849584296e-05,-0.045616280953717336,-0.045811697541708905,0.039205643441427226
10.799999999999999,-0.04988475831762699,-0.0393525469300432,0.004336104362214231,-0.051370492910964315,-0.03975246506290407,0.044751747762889496
10.83,-0.054470871788579706,-0.0346525578771466,0.008636321904108178,-0.056021603475798085,-0.03298741192062048,0.049653914207042675
10.860000000000001,-0.05788738854024139,-0.029343636124600364,0.012812449382868595,-0.05946973728690512,-0.025636654296076047,0.053841604955543014
10.89,-0.06006098606068869,-0.0235194225257482,0.01680647822067773,-0.061640851036683694,-0.017830707784100387,0.057254562860318804
10.92,-0.06094501918092432,-0.017282630244852965,0.020562926857072172,-0.06248832343604827,-0.00970817003737853,0.05984367849037774
10.95,-0.06052052298962022,-0.010743235996098596,0.024029638594581862,-0.06199395633406051,-0.0014132599105764888,0.06157169677287303
10.98,-0.0587966226234032,-0.004016536499896363,0.027158540008130352,-0.060168365494900664,0.006906743202186864,0.06241375306049129
11.01,-0.05581034039402144,0.002778894941607483,0.029906338697091167,-0.05705075264085207,0.015104114370950494,0.06235773091162902
11.040000000000001,-0.051625803595986744,0.009523313228614657,0.03223514177318745,-0.052708063656320914,0.023033306044186137,0.061404436435218826
11.069999999999999,-0.046332869337926935,0.0160979267401865,0.034112981800155984,-0.04723355102914992,0.030553532302862167,0.05956758669153826
11.1,-0.04004519554321764,0.022387001524762157,0.03551424331310901,-0.04074477139856157,0.037531268569848335,0.056873612315903474
11.13,-0.03289779952151908,0.028279903864444886,0.036419988970843566,-0.0333810612092727,0.043842622391337044,0.05336127720531718
11.16,-0.025044156864486754,0.0336730433401821,0.03681818866353494,-0.02530054467817977,0.04937553319612388,0.04908112074044205
11.190000000000001,-0.016652903533475743,0.038471682470328755,0.036703856774215976,-0.016676738322874234,0.05403176197515561,0.04409473056882977
11.219999999999999,-0.007904212611474615,0.04259158364208414,0.03607910215971149,-0.0076948249644539415,0.057728635553802046,0.0384738564134086
11.25,0.0010140759059859292,0.04596046869432489,0.03495309299167962,0.0014523227853781091,0.06040051448661125,0.032299377657737834
11.28,0.009910488814372372,0.04851927051117182,0.03334193566864202,0.010568284163501392,0.06199995851149867,0.025660139563559715
11.31,0.018594030192339163,0.050223159032930294,0.03126846482002012,0.01945730808559554,0.06249856887027268,0.018651674866443962
11.340000000000002,0.02687828058899453,0.05104232629333934,0.02876194080446441,0.027928516596047955,0.06188749253976376,0.011374829144627379
11.37,0.03458539725141435,0.05096251690646346,0.025857652472626558,0.03580000367500598,0.06017757942073537,0.003934309740769288
11.4,0.041549929962868964,0.049985292469671004,0.02259642626530667,0.042902741387070766,0.057399189693625494,-0.00356282088365097
11.43,0.04762237101862647,0.048128021197889934,0.019024047240772328,0.04908420949316841,0.05360165476159335,-0.011008685682003241
11.46,0.05267236347952579,0.04542358813902911,0.015190602144631329,0.05421167058533181,0.04885240135203985,-0.01829614527733212
11.49,0.05659149901909486,0.0419198266231589,0.01114975803859168,0.05817502041597055,0.04323575432852392,-0.025320339602771493
11.520000000000001,0.059295645302005956,0.03767867792620773,0.006957991820696754,0.06088915221524352,0.03685143946962031,-0.03198019674471265
11.549999999999999,0.06072675276011588,0.03277509298158984,0.002673786298872976,0.06229578422649792,0.029812812798469673,-0.03817988727781368
11.58,0.06085410169570021,0.027295696722335647,-0.0016431924010236554,0.06236471121629522,0.02224484790197159,-0.04383020316526202
11.610000000000001,0.05967496262761574,0.02133724166135867,-0.005932923086194722,0.06109445308479383,0.014281916975560416,-0.048849841383140774
11.64,0.05721465544774204,0.015004882107507445,-0.010135852598132064,0.058512286648589845,0.0060654049919874435,-0.053166573798685016
11.670000000000002,0.053526005975335966,0.008410303652724403,-0.014193704993853432,0.05467365991352888,-0.0022588006445184382,-0.05671828646891972
11.7,0.04868821156598931,0.0016697442034728019,-0.01805026949212429,0.049661001415068816,-0.01054290038653306,-0.059453873405095566
11.73,0.0428051402292768,-0.005098056884263395,-0.021652160612322485,0.043581950193756276,-0.01863980678257434,-0.06133397194244672
11.76,0.0360030999345279,-0.01177394561016563,-0.024949543994432354,0.03656704441433894,-0.02640575607269592,-0.06233152913395336
11.790000000000001,0.02842812616929042,-0.01824044111039271,-0.02789682082277085,0.028766918261821317,-0.0337028607706294,-0.06243219101820605
11.820000000000002,0.02024284612634223,-0.02438379046643044,-0.03045326270803515,0.02034906730675894,-0.04040155791037458,-0.06163450916015339
11.85,0.011622986929619987,-0.03009595748884289,-0.03258358756577674,0.011494251798537585,-0.04638290948765583,-0.059949961492795086
11.88,0.002753602890902045,-0.03527651323135637,-0.034258465791026,0.002392615120317125,-0.05154071425100117,-0.05740278715992709
11.91,-0.006174897232273045,-0.03983439685788219,-0.035454945245629824,-0.006760399244220366,-0.055783393346762224,-0.05402963773640483
11.940000000000001,-0.014970837751016455,-0.043689516604382486,-0.036156783759800276,-0.0157682445555332,-0.05903561633770549,-0.04987904984455507
11.97,-0.02344539065820779,-0.046774162162873376,-0.03635467958236058,-0.024437491353585354,-0.06123963872457499,-0.04501074675531738
12.0,-0.03141662907919217,-0.04903420208001488,-0.03604639373223949,-0.03258198105448549,-0.06235632722240435,-0.03949477902345423
12.03,-0.038713432587675345,-0.05043004288827521,-0.035236762977285424,-0.04002682341637571,-0.06236585458739398,-0.03341051652232523
12.06,-0.045179160562094006,-0.05093733077221546,-0.033937606977352236,-0.046612152035210956,-0.06126805165742858,-0.026845506381949234
12.090000000000002,-0.05067501471040661,-0.05054738157628727,-0.032167536676728954,-0.05219655722700151,-0.0590824103556171,-0.019894213263610638
12.120000000000001,-0.05508301855355335,-0.049267330667257844,-0.029951672569464002,-0.056660122580714664,-0.05584773760352604,-0.012656660097338738
12.15,-0.0583085498893378,-0.04712000020001101,-0.027321281040502673,-0.05990699997658754,-0.05162146628901292,-0.005236988840839724
12.18,-0.06028237187540059,-0.044143487265225524,-0.024313335316790134,-0.061867467775339975,-0.04647863552269718,0.002258038030718825
12.21,-0.06096211915322632,-0.04039048186348952,-0.02097000569057044,-0.06249942798187713,-0.04051055828901629,0.00972057374184073
12.24,-0.06033320714205646,-0.03592732847028382,-0.017338082571543748,-0.061789310234221184,-0.03382320014824691,0.017043239035952056
12.270000000000001,-0.05840914500659489,-0.030832849124210436,-0.01346833610418369,-0.059752363205916585,-0.02653529777627492,0.024120667267470194
12.299999999999999,-0.055231245583610866,-0.02519694958054422,-0.009414817489929426,-0.05643232716449569,-0.018776250748181088,0.03085102053418944
12.33,-0.05086773847426025,-0.019119033232175644,-0.005234109333399046,-0.0519004947173022,-0.010683823997854839,0.037137455034185585
12.360000000000001,-0.0454123053025784,-0.012706250294347271,-0.000984534754877016,-0.04625417991369412,-0.0024017017473697017,0.04288951456205592
12.39,-0.038982068537066414,-0.0060716122368791505,0.003274662785114511,-0.039614628577274075,0.005923063662932672,0.048024432093322265
12.420000000000002,-0.03171507700717245,0.0006679963399536522,0.007484155393982714,-0.03212441474051045,0.014142662746624035,0.05246832072835424
12.45,-0.02376734206689532,0.007393874265356359,0.011585368051509733,-0.02394437908926403,0.022111153286797833,0.05615723685918814
12.48,-0.015309488029081978,0.013987593116042186,0.015521303031398252,-0.015250175159359738,0.029687051597572203,0.05903810026121584
12.51,-0.006523088804933739,0.020333082565929632,0.019237337885663328,-0.0062284974502571045,0.036735844622619765,0.06106945787044198
12.540000000000001,0.002403230550489939,0.026318674669977924,0.022681984648561446,0.0029269275487913173,0.04313237826742611,0.062222080256233575
12.570000000000002,0.01127784361762446,0.03183907043539516,0.02580759951684032,0.01201950133361915,0.048763079559497644,0.062479382206849204
12.6,0.019910236693934595,0.03679719337483699,0.02857103414700081,0.020853975032076234,0.05352797318118975,0.06183766137589595
12.63,0.028115098790693883,0.041105896933516045,0.030934221630275982,0.029240642069711425,0.05734245657082111,0.06030615155580351
12.66,0.035716299710318665,0.044689495607363544,0.0328646917917719,0.036999411823237224,0.06013880207445536,0.05790688981175768
12.690000000000001,0.042550670817427305,0.04748509304654519,0.03433601138544992,0.04396367678640755,0.061867359477053796,0.05467439938791766
12.72,0.04847150739481113,0.0494436842980366,0.03532814491077267,0.04998389020693949,0.06249743756158542,0.0506551929486151
12.75,0.05335171748010549,0.050531013450861514,0.035827731355020126,0.054930777370293615,0.06201784904366513,0.04590710330245234
12.78,0.05708654967489819,0.05072817221475713,0.03582827165637197,0.058698111572991256,0.06043710920619121,0.04049845123958539
12.81,0.05959584144266024,0.05003192932215243,0.03533022171534665,0.061204995175761466,0.057783284707145964,0.034507062456273524
12.840000000000002,0.06082573967707357,0.04845478505725668,0.03434098683246391,0.06239759675445134,0.05410349524503633,0.028019147712277478
12.870000000000001,0.06074985661551041,0.04602474968356966,0.032874815574749354,0.06225030704608716,0.04946307693010098,0.02112806233464607
12.9,0.05936983625881642,0.04278484909000939,0.030952593879515634,0.06076628886794354,0.04394442221595716,0.013932962917529301
12.93,0.056715319085190785,0.03879236562932396,0.02860154307642934,0.05797740920096446,0.037645516989157655,0.00653738054691367
12.96,0.05284330574692239,0.03411782685557079,0.02585482790417265,0.053943554895938946,0.03067820079120849,-0.0009522689196921695
12.99,0.047836933340603835,0.02884375958242977,0.022751082210711825,0.04875134669657639,0.023166181063490256,-0.008428216082870152
13.020000000000001,0.041803690468231694,0.023063231219261227,0.019333860824246832,0.04251227919383473,0.015242836672946004,-0.015782888707170654
13.049999999999999,0.03487310938464657,0.01687820450553927,0.01565102627335835,0.03536032665308775,0.007048849717801726,-0.02291045958997607
13.08,0.02719398479033578,0.010397735375423399,0.01175407897500183,0.027449066125267076,-0.0012702923384591263,-0.02970836932089282
13.110000000000001,0.018931179026824212,0.003736046603634724,0.007697439542331922,0.01894837961869038,-0.009566879854272627,-0.036078802020517525
13.14,0.010262082336594988,-0.0029894879698499823,0.00353769217666115,0.010040806147303384,-0.017693603652817795,-0.04193009282400801
13.170000000000002,0.0013728042630867699,-0.009660412489648863,-0.0006672013118275521,0.000917621989422904,-0.025506170554430895,-0.047178046857021455
13.2,-0.0075458219722091885,-0.016159274688756886,-0.004858706599731651,-0.00822526667267551,-0.03286586535880314,-0.05174715072512822
13.23,-0.016302336289951688,-0.02237169146944685,-0.008978530143949153,-0.01719153053315241,-0.039642013787959486,-0.055571659084445384
13.26,-0.024708761808462234,-0.02818835865917208,-0.012969429296586999,-0.025788633028919355,-0.04571430265949654,-0.05859654065870418
13.290000000000001,-0.03258463992646799,-0.03350697043597757,-0.016776007711758183,-0.033831964762705495,-0.050974916094490536,-0.06077827009040662
13.320000000000002,-0.039760903867054234,-0.038234015625884035,-0.020345484675681164,-0.041148807702574494,-0.05533044983086321,-0.06208545423203683
13.35,-0.04608350760571041,-0.04228642011514778,-0.02362842740401093,-0.04758204403287629,-0.05870356965281823,-0.06249928386555326
13.38,-0.05141673236217028,-0.045593006975231005,-0.02657943594909435,-0.052993530014831126,-0.061034384490280855,-0.06201380435031959
13.41,-0.05564609974621783,-0.04809574861484131,-0.029157771122796973,-0.057267062408340355,-0.06228150980841984,-0.0606360013050914
13.440000000000001,-0.05868082906528434,-0.04975078843738437,-0.03132791676476146,-0.060310873755731846,-0.062422802406351986,-0.05838570009117066
13.47,-0.06045578605118133,-0.05052921317462418,-0.03306006873821211,-0.06205960294510485,-0.061455753578389255,-0.055295280543076364
13.5,-0.06093288114348268,-0.05041756132276577,-0.0343305441483891,-0.062475698738492944,-0.059397533657095644,-0.0514092110515033
13.53,-0.06010188725316666,-0.04941805788693015,-0.03512210539066847,-0.06155022612626213,-0.05628468714727442,-0.04678340870270109
13.56,-0.05798065937623832,-0.04754857082505042,-0.03542419471935731,-0.059303058192537984,-0.05217248386390165,-0.041484434681299254
13.590000000000002,-0.05461475126935356,-0.04484228998580397,-0.035233076091728655,-0.05578244937165062,-0.04713393759480752,-0.035588536514016444
13.620000000000001,-0.05007643736117984,-0.04134713473243323,-0.03455188212415172,-0.05106399925925105,-0.0412585097121357,-0.029180550935515776
13.65,-0.04446316087130277,-0.037124901610933625,-0.0333905651660342,-0.045249029228642865,-0.034650520750469566,-0.022352683163191424
13.68,-0.03789544146135378,-0.032250168169754984,-0.03176575281970939,-0.03846240671196697,-0.027427298154680847,-0.015203180146037503
13.71,-0.030514287378416084,-0.02680897324376817,-0.029700509722008328,-0.030849863866415302,-0.01971709308496671,-0.007834916878368733
13.74,-0.02247816771285254,-0.02089729762633267,-0.02722400898371127,-0.022574868202943767,-0.011656803267021686,-0.00035391612008213956
13.770000000000001,-0.013959609848336,-0.014619372089079602,-0.024371118230260398,-0.01381511237586288,-0.003389542319036013,0.007132177176630407
13.799999999999999,-0.005141495225906666,-0.008085842240507521,-0.021181906580378898,-0.004758698509612063,0.004937901286923841,0.014515644782475072
13.83,0.0037868669961190933,-0.0014118218304741304,-0.01770108006264408,0.004399901001637838,0.013177670512011611,0.02169024516064129
13.860000000000001,0.012633804064456848,0.005285132125780714,-0.013977353881276817,0.0134640194860111,0.021183465010521426,0.028552742188094588
13.89,0.021209394289667435,0.011887087601644307,-0.010062770626589713,0.02223901910465264,0.028813138750108592,0.03500439063163621
13.920000000000002,0.029329543944062758,0.018277813350351897,-0.0060119740360006415,0.030536470396421683,0.03593122387054153,0.040952357004049304
13.95,0.03681993893708334,0.024344825848028565,-0.001881448295263404,0.03817819850733552,0.0424113359688794,0.046311055355474404
13.98,0.043519786506451705,0.02998137107740274,0.0022712668577850237,0.04500010921828274,0.048138418104290266,0.05100337877916366
14.01,0.04928526666734863,0.035088305646901255,0.006388374804609168,0.05085571261301499,0.0530107836793212,0.054961808911340365
14.040000000000001,0.053992619374763476,0.03957584334789255,0.010412624002342497,0.055619268721130495,0.056941921925459174,0.058129387460446935
14.070000000000002,0.05754080114743085,0.04336513567098029,0.014288102704364872,0.059188487588261715,0.059862033935876004,0.060460535786338886
14.1,0.05985365411456778,0.04638965796890366,0.01796101587642498,0.06148672579366157,0.061719271972491475,0.06192171073640861
14.13,0.060881540887769904,0.048596376745957466,0.021380433670199952,0.06246463224839137,0.06248066004296982,0.06249188730174004
14.16,0.06060241011113125,0.04994667780806328,0.02449900079033139,0.06210120793315549,0.062132679402442784,0.06216286114830097
14.190000000000001,0.05902226976037274,0.05041703954580769,0.027273596224967875,0.06040425681956208,0.060681508584145616,0.060939366670018265
14.22,0.05617505798491913,0.049999440281490365,0.02966593323349128,0.05741021829197731,0.05815291369712768,0.05883900886505689
14.25,0.05212191424027715,0.04870149326660769,0.03164309029682926,0.05318338466845313,0.054591790938844906,0.05589201001554273
14.28,0.046949866359141605,0.04654630749898287,0.03317796495808596,0.04781452062324895,0.05006136944550313,0.05214077481578277
14.31,0.04076996177527537,0.04357207702277471,0.03424964403779418,0.04141891415670003,0.044642088633858254,0.04763928020640106
14.340000000000002,0.03371488306821234,0.03983140579718636,0.03484368544236246,0.03413390096482168,0.03843016996771133,0.04245229869413505
14.370000000000001,0.025936099077608382,0.035390379591161064,0.034952308511266336,0.02611591536895939,0.03153590850794671,0.03665446633302997
14.399999999999999,0.01760061280352925,0.030327400676219564,0.034574491408763716,0.017537131132181277,0.02408171458031468,0.030329208777953757
14.43,0.008887375950278744,0.024731805299771176,0.03371597536244736,0.008581764295653308,0.01619994033191795,0.023567540863567844
14.46,-1.6552894933722205e-05,0.01870228793409934,0.032389176569754916,-0.0005578825741674039,0.008030529766746971,0.01646675698174555
14.49,-0.008920023978599298,0.012345159984738932,0.030613007405277153,-0.009685549783885696,-0.0002814660151918787,0.009129031101743176
14.520000000000001,-0.017631899811340168,0.005772473862541312,0.028412609293570888,-0.018605234884664337,-0.008588464257247979,0.0016599465775892562
14.549999999999999,-0.02596515826149353,-0.0008999540616898953,0.02581900039458172,-0.027125401519793455,-0.016742970936058324,-0.005833023102542989
14.58,-0.03374090727219044,-0.007554586202509933,0.02286864216719263,-0.03506309236988168,-0.02460019957598493,-0.013242060764313682
14.61,-0.04079222505337056,-0.014074235668678358,0.01960292995642674,-0.042247857876571565,-0.03202064198997671,-0.020460556940532802
14.64,-0.04696774333291828,-0.020344130467915472,0.016067613969979393,-0.04852541638155143,-0.038872545302339995,-0.02738464388664417
14.670000000000002,-0.05213489674903336,-0.0262539335513974,0.01231215831613132,-0.05376096708507422,-0.04503425127290347,-0.03391469014525743
14.7,-0.056182768615458234,-0.03169968331236599,0.00838904708494891,-0.05784208468335482,-0.05039635638695623,-0.03995673415427268
14.73,-0.05902447194302725,-0.03658562078440675,0.004353047657758598,-0.060681133527012404,-0.05486365435771191,-0.04542383627025101
14.76,-0.06059901457249295,-0.04082587188924342,0.0002604423992479811,-0.06221714946026215,-0.05835682655140311,-0.05023732975261623
14.790000000000001,-0.06087260835171228,-0.04434595560380315,-0.0038317594985906736,-0.06241714893128814,-0.06081385032084316,-0.05432795270813684
14.82,-0.0598393942359965,-0.04708409182922828,-0.007866618072945761,-0.061276837262689635,-0.06219110024193861,-0.05763684470801337
14.85,-0.05752156774419212,-0.048992286052588326,-0.011788054864043006,-0.0588207008729948,-0.062464122700264656,-0.060116393737136724
14.879999999999999,-0.05396890209135185,-0.05003717160284972,-0.015541630342001119,-0.05510148146892863,-0.06162807007461403,-0.06173092128867052
14.91,-0.04925767926125507,-0.05020059440959179,-0.01907529622628792,-0.0501990434993378,-0.059697786808419515,-0.06245719574605534
14.940000000000001,-0.04348905199820078,-0.049479929641589995,-0.022340113234458746,-0.04421865919043683,-0.05670754584081812,-0.06228476666532395
14.97,-0.03678687191363565,-0.04788812436461485,-0.0252909254401781,-0.037288747988575004,-0.052710440077127156,-0.06121611514770216
15.0,-0.029295030357879417,-0.04545346531308732,-0.027886982856016942,-0.029558118952472512,-0.04777743970341328,-0.05926661813876732
15.03,-0.02117436915659171,-0.04221907589305153,-0.030092504134173786,-0.021192775310261407,-0.04199613208290556,-0.056464327167867624
15.06,-0.012599227533999696,-0.03824215148625908,-0.03187717153162303,-0.01237234979849596,-0.035469166607887605,-0.05284956471154554
15.09,-0.003753699344932415,-0.03359294687191269,-0.033216550688671936,-0.0032862473286799257,-0.02831243211933544,-0.04847434398893685
15.120000000000001,0.005172319049934723,-0.028353534006278595,-0.034092428477432754,0.005870422188455744,-0.020652999254932993,-0.043401620537773924
15.149999999999999,0.013987205438709654,-0.022616352411350057,-0.0344930632738258,0.014901033524655471,-0.012626864259885911,-0.037704386340149276
15.18,0.022501725439660506,-0.016482577963945182,-0.034413343477762245,0.023611668354927316,-0.004376534320060783,-0.03146461953276472
15.21,0.030533094904971286,-0.010060338915917622,-0.03385485184189589,0.03181527935179615,0.003951502709189739,-0.024772104814402066
15.24,0.037908903835549256,-0.003462810503065399,-0.03282583500191495,0.03933570673557781,0.012209379252555295,-0.017723141523903592
15.270000000000001,0.04447081756182361,0.0031937784897358573,-0.03134107935239454,0.04601146103150766,0.02025047346176708,-0.010419157978271865
15.299999999999999,0.05007797572328295,0.009792192354452554,-0.029421695940762754,0.051699190804900964,0.027932012544223176,-0.0029652520093322327
15.33,0.05461001606728741,0.01621625248011104,-0.02709481828917944,0.056276760910128995,0.035117607750115534,0.004531321300661714
15.36,0.057969658145971215,0.022352882592861445,-0.024393218012914913,0.05964587515280448,0.04167967600836449,0.011962692924339104
15.39,0.06008479144457628,0.028094099260104005,-0.021354843859663505,0.06173418704758736,0.04750170521426153,0.01922193202864733
15.420000000000002,0.06091002312054131,0.03333891254645591,-0.018022290450154868,0.06249685334637175,0.05248032294774676,0.026204584614505186
15.45,0.060427652139760826,0.037995103196781135,-0.014442203652632421,0.061917496977253864,0.05652713189141369,0.03281017651701641
15.48,0.058648048914110566,0.041980844853468605,-0.010664630236953347,0.06000855871666513,0.05957027935967236,0.038943659139406415
15.51,0.055609432307586505,0.0452261425663444,-0.006742320246522433,0.05681103004305867,0.061555733071462684,0.04451677711785566
15.540000000000001,0.05137704881341926,0.04767406216952194,-0.002729991365609844,0.05239357290870055,0.0624482405146714,0.04944933823774831
15.57,0.04604177153447492,0.04928172889916646,0.0013164346275361275,0.04685104533109669,0.06223195486835976,0.0536703673283699
15.6,0.03971814904997185,0.05002107781064599,0.0053406125373632145,0.04030246446468515,0.06091071636930652,0.057119127532534966
15.629999999999999,0.03254194605707976,0.04987934301732308,0.009286560284501016,0.03288845089265926,0.05850798412709243,0.0597459942559822
15.66,0.024667228583919565,0.04885927741498229,0.013099439802333444,0.024768209018777562,0.05506641959837629,0.06151316922118213
15.690000000000001,0.01626305634712844,0.04697909928592101,0.016726320878419333,0.016116108400547245,0.050647129115940714,0.06239522435095766
15.72,0.007509853262327625,0.044272166919652745,0.020116916886501957,0.007117939434330891,0.045328578921702584,0.0623794676559155
15.75,-0.001404465972450399,0.04078638707979112,0.02322428196821867,-0.0020330762042880847,0.039205201967704044,0.0614661258608936
15.78,-0.010288530061624935,0.03658336773279068,0.026005460026760657,-0.011140434695296672,0.03238572122188087,0.05966834114259219
15.81,-0.018951619454327495,0.031737329878551795,0.02842207681992779,-0.020008569687987466,0.024991219248974152,0.05701198202533115
15.84,-0.02720776064225342,0.02633379752617242,0.030440867421302198,-0.02844705178399942,0.017152988341936137,0.05353527115597565
15.870000000000001,-0.03487971851566751,0.020468088774221196,0.03203413229957956,-0.03627467771230107,0.009010199375593093,0.04928823531401801
15.899999999999999,-0.04180280107254719,0.014243634510447517,0.03318011621125814,-0.043323361387447135,0.0007074307729861407,0.044331985570682006
15.93,-0.0478283948082226,0.007770154362548513,0.03386330500484598,-0.049441743296687546,-0.007607898541434888,0.038737837954920216
15.96,-0.052827154897612826,0.0011617221314661709,0.03407463632349238,-0.05449844070995786,-0.0157881466228381,0.032586287279139384
15.99,-0.05669178169434927,-0.005465245048588637,0.03381162112176169,-0.05838486891954933,-0.023688069946850843,0.02596584889038941
16.02,-0.059339323951344225,-0.011994038208204699,0.033078373943602635,-0.06101757292772728,-0.031167402265501753,0.018971785013187088
16.05,-0.06071295932531867,-0.01830971238732866,0.031885551090006695,-0.06234001951293461,-0.0380933450896613,0.011704734010769356
16.08,-0.060783213946063855,-0.0243011105013045,0.030250197147744504,-0.06232381119274764,-0.0443429255784848,0.004269262288488421
16.11,-0.05954859486990729,-0.02986281955844112,0.028195501817889004,-0.06096929601561897,-0.049805179970602846,-0.003227640323828157
16.14,-0.05703562183855242,-0.03489702484964184,0.025750470493629708,-0.058305560087078594,-0.054383123789379,-0.010678100060441752
16.17,-0.053298257659452106,-0.03931522961135014,0.022949513488516753,-0.05438980299088146,-0.05799547384046482,-0.017974911427319117
16.2,-0.0484167494357088,-0.04303981008306794,0.01983196011560341,-0.049306109516960454,-0.06057809142690806,-0.025013079793912922
16.23,-0.04249590552477309,-0.046005378788249646,0.016441504907084542,-0.043163644071415465,-0.062085121156961534,-0.031691332172581625
16.26,-0.035662845223538416,-0.04815993221247297,0.012825594130283917,-0.03609430654077424,-0.06248980512461199,-0.037913574446875535
16.29,-0.028064269501434987,-0.04946576278713544,0.009034761424532096,-0.02824989994719203,-0.06178495800673306,-0.04359027408046913
16.32,-0.019863311388402506,-0.04990011916185414,0.00512192189900092,-0.019798870714786938,-0.05998309464132549,-0.04863974841078696
16.349999999999998,-0.011236033649320933,-0.0494556031119895,0.0011416344357555474,-0.01092269154481858,-0.05711620782164268,-0.05298933998992286
16.38,-0.0023676489463757607,-0.04814029601984586,-0.002850657740658007,-0.0018119645718366762,-0.0532352002515543,-0.05657646206074123
16.41,0.006551456356367485,-0.04597761261947052,-0.006799397931847915,0.007337671520543025,-0.048408980748004204,-0.05934949912468836
16.44,0.015329809383135393,-0.043005884524281904,-0.01064968783419145,0.016329742535916153,-0.042723240737843504,-0.06126854964294348
16.470000000000002,0.023778961192612327,-0.03927768087203885,-0.014348049925775994,0.024971157742704007,-0.03627893277281936,-0.06230600018410005
16.5,0.031717532248232025,-0.034858878123902315,-0.017843169950758797,0.033076356197126074,-0.029190478077284438,-0.06244692275690227
16.53,0.038975106079512725,-0.029827495542912634,-0.021086609248785578,0.04047129137569747,-0.021583734954323225,-0.061689289610772094
16.56,0.045395887561215306,-0.024272317055924957,-0.024033476963412334,0.04699716855346926,-0.013593764122043767,-0.060044002413337856
16.59,0.05084204728796501,-0.01829132398564244,-0.02664305258895476,0.05251385467363013,-0.005362430657368756,-0.057534735385125935
16.62,0.055196680256051796,-0.011989966453665244,-0.02887934991090335,0.056902887486826086,0.0029641148742423225,-0.054197594648567785
16.65,0.058366315338125904,-0.005479304045671458,-0.030711614190813134,0.06007001934361419,0.011238031379606741,-0.05008059869298737
16.68,0.06028292167441088,0.0011259514429636033,-0.03211474545377377,0.06194724101606597,0.01931241221461719,-0.045242987431216096
16.71,0.06090536890049838,0.00770945672222236,-0.033069641932697985,0.06249424209010113,0.027043893569529315,-0.03975436978989648
16.740000000000002,0.06022030985604661,0.014155285681590368,-0.03356345904888286,0.061699276568898793,0.03429519994983069,-0.03369372209889252
16.77,0.058242466819374616,0.020349970079662015,-0.03358978067855111,0.05957941509990005,0.04093758155667657,-0.027148251692092975
16.8,0.05501431512325515,0.026184496462194205,-0.033148700787571074,0.05618017840921958,0.04685310029024334,-0.020212142071381965
16.83,0.05060517095089216,0.03155622427283406,-0.03224681475620957,0.051574559814891736,0.05193672378711051,-0.012985197689752223
16.86,0.04510970290862131,0.03637069146116712,-0.03089712085101236,0.04586145780895811,0.05609819031121324,-0.005571407853927461
16.89,0.03864589934696552,0.0405432758136626,-0.029118833361586362,0.03916355236625692,0.05926361138649252,0.0019225495893411436
16.92,0.03135253508746871,0.04400068271867082,-0.026937109958246934,0.031624670582878156,0.06137678371586958,0.009388843252680053
16.95,0.023386191957861305,0.04668223309908302,-0.024382696888640087,0.023406698213099035,0.06240018709290679,0.016720039805922803
16.98,0.014917897112198139,0.04854092876206209,-0.021491496735053867,0.014686103424737775,0.062315650587840554,0.02381064984625001
17.01,0.006129451311112346,0.04954427636349445,-0.018304064579427598,0.005650147419869771,0.0611246751795913,0.030558645796942514
17.04,-0.002790474014289086,0.04967485548838947,-0.014865039521620263,-0.003507136708070768,0.05884840710529192,0.036866929993533616
17.07,-0.011650387134244777,0.04893062091775384,-0.011222519509878098,-0.012589110533017688,0.055527262400524496,0.042644731832905465
17.099999999999998,-0.02026008688646024,0.04732493389086135,-0.007427388320821484,-0.021400752800463593,0.05122020929670106,0.04780891388159579
17.13,-0.028434745797786983,0.04488632198178385,-0.0035326042393620826,-0.029752847205407995,0.046003721216905394,0.05228516814957724
17.16,-0.03599887781665796,0.04165797199753294,0.0004075394732169591,-0.03746604551804844,0.0399704189601668,0.056009085316192836
17.19,-0.04279010548465781,0.03769696498737316,0.004338171868943716,-0.04437471880791351,0.033227426182718435,0.05892708152303665
17.220000000000002,-0.04866264567617806,0.033073266953413435,0.008204608705411977,-0.05033051406739264,0.025894467375317788,0.06099716939805368
17.25,-0.05349043907219615,0.027868493104421604,0.011953113243592276,-0.055205539861707384,0.018101742107790586,0.062189562216507635
17.28,-0.057169856179502876,0.022174467436615605,0.015531642867734643,-0.05889511259844839,0.009987613284422889,0.06248710250547696
17.31,-0.059621921796866095,0.01609160299843726,0.018890571206120463,-0.06132000444481361,0.001696150456136864,0.06188550892464155
17.34,-0.060794010169675575,0.009727131343362191,0.021983375829260122,-0.06242814462202323,-0.006625428191090601,0.06039343787096489
17.37,-0.06066097444208777,0.003193212338890871,0.024767282116937368,-0.06219573754426132,-0.014829369753063938,0.05803235892083515
17.4,-0.059225686165538347,-0.0033950423726961743,0.02720385449836402,-0.060627773791850526,-0.022770010018337387,0.05483624590194195
17.43,-0.056518973292614405,-0.009921597422453944,0.029259526968662956,-0.05775792294630598,-0.030306359793621607,0.05085108804009006
17.46,-0.052598958002458764,-0.016271537508627563,0.030906065569789025,-0.053647810588468896,-0.03730460822240288,0.04613422821511289
17.490000000000002,-0.0475498085899147,-0.022333090891945746,0.03212095640538408,-0.04838569498505989,-0.043640498649367476,0.04075353784779503
17.52,-0.04147993222852643,-0.02799959691660786,0.03288771375030573,-0.04208457187974878,-0.04920153484622334,0.03478644029044766
17.55,-0.03451964741752071,-0.033171382891025405,0.033196103921424205,-0.03487974808540348,-0.05388897842651108,0.02831879677367867
17.58,-0.02681838608819027,-0.037757517290491836,0.03304228178407542,-0.02692593598084831,-0.05761960198451831,0.021443670939593075
17.61,-0.018541485437112357,-0.041677408454932036,0.03242883804703797,-0.018393931303292477,-0.06032716683062576,0.01425998973869325
17.64,-0.009866638356868337,-0.04486222070317572,0.03136475680544604,-0.009466945575666083,-0.06196359908531258,0.006871119958982249
17.67,-0.0009800786613022375,-0.047256083017522904,0.029865284083505785,-0.0003366719242793095,-0.06249984324980872,-0.0006166191302485959
17.7,0.007927417004991243,-0.0488170691096895,0.027951709376213843,0.008800831232751934,-0.06192637809791168,-0.008095485618213804
17.73,0.0166646247466703,-0.049517931698144335,0.025651063376363276,0.017749350234928588,-0.060253385729105186,-0.015457865262974603
17.76,0.025043978565482045,-0.04934657814034543,0.022995736197974924,0.026316729562379623,-0.05751057078137527,-0.022597819964738558
17.79,0.03288559694602208,-0.048306279100951456,0.02002302147283349,0.03431899807661853,-0.05374663301367129,-0.02941261212096337
17.82,0.040021144433848195,-0.046415606624582426,0.016774592701897337,0.0415843195144461,-0.049028402622517904,-0.035804182929149685
17.849999999999998,0.04629744530192234,-0.04370810274114931,0.013295919177805825,0.04795668240429075,-0.0434396536455719,-0.041680563365859555
17.88,0.05157977172444858,-0.0402316844815332,0.009635629640216054,0.0532992501697752,-0.03707961652061071,-0.04695719753922649
17.91,0.05575473586742449,-0.0360477958369819,0.00584483256102551,0.05749729948224885,-0.03006121621005331,-0.051558159373090565
17.94,0.05873272381201001,-0.031230321671276262,0.001976402563482333,0.060460683765737905,-0.022509067173805977,-0.055417245115755284
17.970000000000002,0.06044981906666992,-0.02586428280588417,-0.0019157570537018899,0.06212576895437819,-0.014557260790479316,-0.05847892595313608
18.0,0.06086917438482567,-0.020044335364391624,-0.005777465393420361,0.06245679993495209,-0.0063469845121836045,-0.06069914701904387
18.03,0.05998180245042433,-0.013873100910130377,-0.009555018166717659,0.06144666833230276,0.0019759849742537906,-0.06204596130555594
18.06,0.057806768469744245,-0.007459356876885934,-0.01319593452373067,0.05911706515062856,0.010263870069739707,-0.062499989352067034
18.09,0.05439078054615222,-0.00091611922583917,-0.016649686115897983,0.05551801499292345,0.018369516112351294,-0.062054698098504106
18.12,0.04980718664028366,0.005641348875584565,-0.019868398254720875,0.050726801860476074,0.026149004166277467,-0.060716494890254484
18.15,0.04415439965447232,0.012097567291170163,-0.022807513435895668,0.04484630959921159,0.033464206359169725,-0.05850463528216029
18.18,0.03755378445455579,0.018338872352992513,-0.02542640804014331,0.03800281262920845,0.040185238396881824,-0.05545094596819754
18.21,0.030147052191514225,0.02425541774363714,-0.027688953692217338,0.030343264398035676,0.046192765710233875,-0.05159936682363576
18.240000000000002,0.022093217862094762,0.029743107646727177,-0.029564015542873218,0.02203214178415552,0.051380122287257385,-0.04700531864928429
18.27,0.013565186424474025,0.03470542817346945,-0.031025880620425487,0.013247913211917699,0.055655204570220725,-0.04173490571542375
18.3,0.004746040760402793,0.03905514484840736,-0.032054610366676894,0.004179206319879354,0.05894210679054796,-0.03586396458010667
18.33,-0.004174888822652474,0.04271583627932676,-0.032636312517098545,-0.00497924252419031,0.0611824687056159,-0.029476972868486658
18.36,-0.013006089165144579,0.0456232370094946,-0.03276332859885733,-0.014030769883758799,0.062336511807832035,-0.022665833714871738
18.39,-0.021557975642422317,0.047726365909054144,-0.032434334492351155,-0.02278100829478188,0.06238374560769337,-0.015528553358300298
18.42,-0.029646962098869398,0.04898842024890401,-0.031654352717747546,-0.031042060004518958,0.06132333145049249,-0.00816783091986414
18.45,-0.0370994019551522,0.04938741974655621,-0.030434676348496937,-0.03863653178336635,0.059174097406961945,-0.0006895806536295264
18.48,-0.04375531588296312,0.04891658930225559,-0.028792705697116748,-0.045401344168403406,0.05597420397346782,0.006798592065347812
18.51,-0.04947182602641194,0.04758447377166569,-0.026751700143047126,-0.05119123334107417,0.05178046651737705,0.014188939086735727
18.54,-0.054126223051333563,0.04541478286176916,-0.024340448658598503,-0.05588187044163106,0.0466673464978477,0.021375119885048054
18.57,-0.05761860018755254,0.04244596900161477,-0.021592863720272783,-0.05937253133791716,0.04072562937331411,0.02825373170529648
18.599999999999998,-0.05987399772517764,0.038730545743088374,-0.0185475043542907,-0.06158825951935725,0.03406081266993988,0.034725797436735914
18.63,-0.060844011934862705,0.03433415880630843,-0.015247035042847119,-0.06248147567137492,0.026791232831517773,0.04069818980552245
18.66,-0.0605078338784255,0.02933442622149176,-0.011737628097293729,-0.062032999367130116,0.019045964109333787,0.046084971393417364
18.69,-0.05887269581394297,0.0238195680614987,-0.008068317872849581,-0.06025246093733689,0.01096252679803286,0.050808631200858906
18.720000000000002,-0.0559737156161828,0.01788684993986493,-0.004290315846108275,-0.05717809467389806,0.0026844455086604494,0.05480119996135831
18.75,-0.05187314255629492,0.011640867707194014,-0.0004562960955414873,-0.05287591780798691,-0.005641299167296845,0.05800522815883703
18.78,-0.04665902063671397,0.005191703559991779,0.003380338885199554,-0.047438312892743806,-0.01386688035616364,0.06037461267510505
18.81,-0.040443298182131965,-0.001347013967114513,0.007166201850317924,-0.04098204403171344,-0.021846249626401477,0.06187526017275756
18.84,-0.03335942427636125,-0.007860111962358729,0.010848663617746987,-0.033645749551429696,-0.029437730135994416,0.06248557766799988
18.87,-0.02555948365222464,-0.014232901791346179,0.01437658471322554,-0.025586964959102527,-0.03650653216054201,0.06219678323449356
18.9,-0.017210931550338003,-0.020353198707949903,0.017701025654768235,-0.01697874011275767,-0.04292714633786832,0.06101303236747146
18.93,-0.00849299864980593,-0.026113296837998998,0.020775925972278633,-0.008005923244836014,-0.048585572136146955,0.05895135818985453
18.96,0.0004071567449414135,-0.03141186473746879,0.023558742490222544,0.0011388083659369219,-0.053381341978213405,0.05604142636075114
18.990000000000002,0.009298466653478499,-0.03615572813232151,0.02601103798324509,0.010259085839266909,-0.057229305082940954,0.05232510821298779
19.02,0.017990055247479465,-0.04026150844834789,0.02809901203496277,0.01915906540940573,-0.060061139350874315,0.04785587826184274
19.05,0.026295336502068015,-0.043657088299509206,0.029793966771003547,0.02764763386524823,-0.06182656444999655,0.042698044754296526
19.08,0.03403601970655498,-0.04628287817414575,0.031072701076859256,0.03554251240913007,-0.062494234562814,0.0369258243305117
19.11,0.04104593684984089,-0.048092862082006596,0.031917827927715706,0.042674170810345004,-0.062052294943683396,0.03062227411234069
19.14,0.04717460971987995,-0.04905540383559525,0.0323180105331473,0.04888946780302606,-0.06050859240448669,0.0238780965851592
19.17,0.052290480143810304,-0.04915379986530901,0.03226811412103629,0.05405493955651132,-0.057890535991397624,0.016790334469713217
19.2,0.05628373402609183,-0.04838656893386685,0.03176927134236951,0.05805966560341074,-0.05424461032647896,0.009460974363613947
19.23,0.05906865856149216,-0.04676747374371595,0.03082886046260702,0.06081765068402876,-0.04963555025492167,0.001995479244838516
19.26,0.06058548202122269,-0.04432527414223919,0.029460396705322696,0.062269671360740235,-0.044145191452389446,-0.005498729046793176
19.29,0.06080165661903726,-0.04110321634375903,0.027683338315876438,0.06238454774914987,-0.03787101740038734,-0.012913815514422585
19.32,0.05971255692118012,-0.037158267224601124,0.025522810100108394,0.06115981305758742,-0.030924428528678844,-0.020143083653919248
19.349999999999998,0.05734157881277924,-0.03256010722849817,0.02300924834681942,0.05862176655761993,-0.023428764256809002,-0.027082510721748974
19.380000000000003,0.05373963690383193,-0.02738989966652551,0.020177972144267007,0.05482490884812186,-0.015517113054164897,-0.033632244529803366
19.41,0.048984071173569885,-0.02173885813340421,0.017068687132093856,0.04985077153972816,-0.007329949401818995,-0.039698040229643336
19.439999999999998,0.04317698633505936,-0.015706637319451766,0.01372492867445528,0.04380616649037552,0.0009873603871720417,-0.04519261641210826
19.470000000000002,0.036443059579897366,-0.009399575609760454,0.010193452282602669,0.036820892186873976,0.009287139203870828,-0.050036911009222695
19.5,0.028926863774373285,-0.0029288204721630183,0.006523579842570725,0.029044946524395297,0.01742202120865309,-0.05416121892708833
19.53,0.0207897635787228,0.003591630304556958,0.0027665108050412444,0.020645305835101147,0.025247568369692348,-0.05750619504023495
19.56,0.012206451127212699,0.010046936988026932,-0.0010253920376967825,0.011802339331258778,0.03262483501706476,-0.060023708115233165
19.59,0.0033611956424160552,0.01632344050107211,-0.004799332232296213,0.0027059359570984647,0.03942283487780666,-0.06167753337636692
19.62,-0.005556112503528497,0.022310663614329953,-0.008502814654176336,-0.00644857318075833,0.045520866788746284,-0.06244387374796139
19.65,-0.014354038356209796,0.02790325550018187,-0.012084375601202294,-0.015464609244839056,0.050810657793163,-0.06231170227315231
19.680000000000003,-0.022843712061104738,0.03300284542986514,-0.015494297861835716,-0.024148566891438464,0.055198285569749365,-0.06128292078199515
19.71,-0.03084288343589648,0.03751977300947036,-0.0186853008362622,-0.03231397164408571,0.05860584606039306,-0.05937233252582078
19.74,-0.038179834390970294,0.04137466453426664,-0.02161319612888029,-0.03978548414273468,0.06097283668739119,-0.056607429171605245
19.77,-0.04469706520754253,0.044499827755879226,-0.024237499503143738,-0.04640266528365752,0.062257230600530754,-0.05302799522131507
19.8,-0.0502546755378014,0.04684044055641082,-0.02652199069444689,-0.052023421399521624,0.06243622288035568,-0.048685535548282366
19.830000000000002,-0.054733367545790904,0.04835551265301083,-0.028435213309257835,-0.05652705549976919,0.06150663544848758,-0.043642534287852384
19.86,-0.058037006720844206,0.049018603453674175,-0.02995090788956241,-0.05981685905066056,0.05948497349565827,-0.037971555746208516
19.889999999999997,-0.06009468539283611,0.04881828348138339,-0.0310483721759933,-0.0618221886405383,0.05640713242555196,-0.03175420026449765
19.92,-0.0608622446562088,0.04775833130416142,-0.031712743641741196,-0.06249998293715717,0.052327760517784705,-0.02507993006244318
19.95,-0.06032322203808142,0.04585766257320279,-0.031935200471526114,-0.061835687362781916,0.047319288626190614,-0.01804478195651246
19.98,-0.05848920457486004,0.04314999249647311,-0.031713078305166564,-0.05984356663109434,0.04147064414050378,-0.01074998547548034
20.01,-0.05539957972676232,0.03968323777579284,-0.0310499012357041,-0.0565663984346657,0.03488567204555236,-0.0033005062574775583
20.04,-0.05112068948649061,0.0355186686266241,-0.029955326732942947,-0.052074554860579506,0.027681291112680285,0.004196464312254012
20.07,-0.04574440584952441,0.03072982589922031,-0.028445005342701897,-0.04646449125937453,0.019985417960943695,0.01163305149012894
20.099999999999998,-0.03938615823435157,0.025401222449523222,-0.026540357179389948,-0.03985667501649599,0.011934695847192487,0.018902249395905027
20.130000000000003,-0.03218245520502988,0.01962685169618516,-0.024268268373584388,-0.03239299870266467,0.0036720685112631574,0.025899460732198797
20.16,-0.024287953703467403,0.013508529681375621,-0.02166071174415233,-0.024233733151734115,-0.00465575784638364,0.03252400184663427
20.189999999999998,-0.015872138711858462,0.0071540998703425685,-0.01875429702079991,-0.015554085893947432,-0.012900919390994792,0.03868055148011834
20.220000000000002,-0.00711568462834874,0.0006755323288803055,-0.015589756930561449,-0.006540438846883547,-0.02091702003410891,0.04428052235504256
20.25,0.0017934235283676423,-0.005813049231903584,-0.012211376362872867,0.002613653946174939,-0.028561730753727428,0.04924333586747626
20.28,0.010663925814026545,-0.012197377789991231,-0.008666372625801617,0.0117116225881121,-0.035699316702119864,0.05349758154166304
20.31,0.019305393313783184,-0.01836505531749221,-0.005004235486617024,0.020558102360616844,-0.04220304723146956,0.0569820445633011
20.34,0.027532316209773425,-0.02420753161514716,-0.001276036242571308,0.02896312887748172,-0.04795744604640593,0.05964658660631647
20.37,0.035168086198611406,-0.029622014827535084,0.002466284514419606,0.036746217274173834,-0.052860341531079415,0.06145286727881494
20.4,0.04204878776542298,-0.03451327999907573,0.006170640496315332,0.04374023783942982,-0.05682468084641493,0.062374895807246464
20.430000000000003,0.04802671692588094,-0.03879534383595032,0.009785524598639943,0.04979500486571768,-0.05978007558753298,0.06239940502053738
20.46,0.05297355189992617,-0.04239297620836117,0.0132607249797884,0.054780501653586784,-0.06167405155758273,0.061526042252890926
20.49,0.05678310765459999,-0.045243021818134624,0.016548022397177363,0.058589672417956346,-0.062472980467760494,0.05976737441833465
20.52,0.059373615188058754,-0.04729550881557868,0.019601859131711096,0.06114072114449965,-0.06216267702081334,0.05714870718399638
20.55,0.060689476630460634,-0.0485145249152694,0.022379970237568617,0.062378868031760605,-0.06074865077657504,0.053707720844044585
20.580000000000002,0.06070245849091777,-0.048878845664763075,0.024843968385310035,0.06227752580214161,-0.0582560083275627,0.049493928133743544
20.61,0.059412297441543374,-0.04838230388969327,0.026959874215362147,0.060838870622314786,-0.05472900752154483,0.04456796178519724
20.639999999999997,0.05684670564095019,-0.04703389389630316,0.02869858487747906,0.058093795373429236,-0.05023027164603466,0.03900070207622153
20.67,0.0530607754897604,-0.044857608678905536,0.030036274290376593,0.05410124627456393,-0.04483967752717225,0.03287225692614105
20.7,0.048135796603157484,-0.04189201307458125,0.03095471960433123,0.04894695710440521,-0.03865293728523742,0.026270809214025848
20.73,0.04217751040354974,-0.03818956044988384,0.03144154937709237,0.042741608201768526,-0.03177989892828259,0.01929134790543386
20.76,0.0353138398091625,-0.03381566501431665,0.03149041006737609,0.03561844977756332,-0.024342595957514392,0.012034301245617721
20.79,0.027692142762625903,-0.02884754615444176,0.031101048595647975,0.027730440573877975,-0.016473080614448264,0.00460409168633093
20.82,0.019476048565407127,-0.02337286519505406,0.030279309901541568,0.01924696331302809,-0.008311079241385494,-0.0028923666604477078
20.849999999999998,0.010841944939736593,-0.017488178648515665,0.029037049621803132,0.010350187467188457,-1.5113852103737882e-06,-0.010347206421565813
20.880000000000003,0.001975191237173983,-0.0112972352444307,0.027391963202061588,0.0012311574524705552,0.008308083306204027,-0.017653159078330254
20.91,-0.006933860908827952,-0.004909146780952221,0.025367333920756775,-0.007914309752609799,0.016470164708514402,-0.024705098465156526
20.939999999999998,-0.015693954056253033,0.001563534943550071,0.02299170342709579,-0.016889829472015356,0.024339811853885666,-0.0314015534416609
20.970000000000002,-0.024117030825015387,0.008006801213777368,0.0202984694624836,-0.02550266638749116,0.031777296059814726,-0.037646167972188345
21.0,-0.032022271020669915,0.014307194545616946,0.017325416434364145,-0.033567873229589054,0.03865056186688455,-0.043349087603529415
21.03,-0.03923997334441315,0.020353806521757833,0.014114185432048735,-0.04091226223246378,0.04483757173542217,-0.04842825239064403
21.06,-0.04561519835993539,0.026040230134800082,0.010709691105451927,-0.04737812407162946,0.05022847287004872,-0.05281057766634004
21.09,-0.051011094513953165,0.03126643227467218,0.007159493558991236,-0.05282661442627536,0.054727547699298634,-0.05643300566468033
21.12,-0.05531183581223546,0.03594051341760701,0.003513134033439661,-0.05714073544498556,0.05825491337877481,-0.05924341286619219
21.15,-0.058425108090562256,0.03998032357181912,-0.00017855635181778195,-0.06022784809252583,0.06074794014249214,-0.061201360008987925
21.180000000000003,-0.06028409051134452,0.04331490607463791,-0.0038641651532256805,-0.062021661428960276,0.062162363319023285,-0.062278673973803114
21.21,-0.06084888975356027,0.045885743872580056,-0.007492414575984312,-0.06248365610442437,0.062473069268162026,-0.062459853170144033
21.24,-0.06010739611357735,0.047647786396928946,-0.011012874890411951,-0.061603911502219444,0.06167454128348977,-0.061742290590397875
21.27,-0.05807554314509031,0.048570239012603836,-0.014376665359469817,-0.059401318768617775,0.05978095754366931,-0.060136311322355314
21.3,-0.05479696527133849,0.048637101200515294,-0.017537132926951936,-0.05592317515489485,0.05682593937330219,-0.05766502398037362
21.330000000000002,-0.05034206072707244,0.047847444060416154,-0.020450499234507483,-0.05124416838246227,0.05286195428307739,-0.054363988192953724
21.36,-0.04480647995391292,0.04621542231486371,-0.023076466987387786,-0.0454647728402796,0.047959384388468126,-0.05028070293128968
21.389999999999997,-0.038309071906720615,0.043770020674152574,-0.025378777267517423,-0.038709092053709905,0.042205276747569756,-0.04547392304128773
21.42,-0.030989332365583912,0.04055453910377825,-0.02732571008939024,-0.031122193754442664,0.035701797806322176,-0.04001281381355193
21.45,-0.02300440903823331,0.036625826136627265,-0.028890521297907597,-0.022866994776710413,0.0285644193930502,-0.03397595575632283
21.48,-0.014525727751645165,0.0320532738095828,-0.030051809804093506,-0.014120762671805046,0.020919868470702742,-0.02745021389180215
21.51,-0.0057353121651003945,0.026917591999697166,-0.030793810130221626,-0.005071309163277912,0.012903877049746831,-0.020529487845684303
21.54,0.003178123984549407,0.021309383814402158,-0.031106606276058053,0.004087042817550541,0.004658772212898636,-0.01331336071499574
21.57,0.01202322821237901,0.01532754718542459,-0.03098626400928399,0.013157631914135184,-0.0036690509582491112,-0.0059056661558329355
21.599999999999998,0.02061011721534254,0.009077530866385415,-0.030434879812999138,0.021945681341293273,-0.011931728685520839,0.00158700569066694
21.630000000000003,0.02875445321423675,0.0026694755867778938,-0.029460545878665964,0.030262481413554275,-0.019982553873737777,0.009056841935725278
21.66,0.03628140119829552,-0.0037837268738450942,-0.028077231699912733,0.037929441791985014,-0.027678580952935725,0.016396358274573135
21.689999999999998,0.043029382120731756,-0.010168422492817266,-0.02630458398544036,0.044781926433795666,-0.03488316393322211,0.023499945590070452
21.720000000000002,0.04885354147495954,-0.01637219666022447,-0.02416764775034807,0.050672788895151775,-0.04146838260810946,0.030265389574041898
21.75,0.05362885879229726,-0.02228585343394183,-0.02169651254618802,0.05547553207206605,-0.04731731382812999,0.036595341500328775
21.78,0.05725283131145989,-0.02780533754674975,-0.01892588883319083,0.05908702452885147,-0.05232610751737461,0.04239871898644005
21.81,0.05964767421255843,-0.032833565334610494,-0.01589462046734106,0.061429715085209384,-0.05640583057246529,0.04759201658808717
21.84,0.06076199018733474,-0.037282132367327615,-0.012645140156737632,0.06245329810714108,-0.05948404590480897,0.0521005073683121
21.87,0.060571872510121146,-0.041072867742671625,-0.009222875524821742,0.062135793742152244,-0.06150609858961628,0.0558593181516968
21.9,0.05908141793592072,-0.04413920771415619,-0.00567561409342616,0.060484019902380164,-0.06243608628560294,0.05881436299170163
21.930000000000003,0.05632263842195277,-0.046427364512980546,-0.002052836058384299,0.057533445860540655,-0.06225749669519017,0.0609231214193673
21.96,0.05235477357499799,-0.04789726983960252,0.001594975832208868,0.0533474306024938,-0.06097350074684735,0.062155250275073244
21.99,0.04726301859185714,-0.04852327647583811,0.005217039677918027,0.048015862291621976,-0.058606896294008955,0.062493020319637146
22.02,0.04115669500803558,-0.048294605733869705,0.008762981308643366,0.041653228060405355,-0.05519970333021378,0.06193157134230999
22.05,0.034166903531032106,-0.047215532938650086,0.012183534813982438,0.03439615557741694,-0.05081241790758088,0.060478982094889194
22.080000000000002,0.02644370935257498,-0.04530530775584191,0.015431226979018293,0.02640047918076018,-0.04552293800559335,0.05815615404566024
22.11,0.018152920370147436,-0.04259781084732725,0.018461036117363334,0.017837893578167868,-0.03942518042181259,0.05499651062584419
22.139999999999997,0.009472527486737239,-0.03914095297832744,0.02123101615563413,0.008892266970345179,-0.03262741324217253,0.051045516296127344
22.17,0.000588883411340434,-0.034995827232769505,0.023702877314396888,-0.00024430723250446314,-0.025250333498500414,0.046360022353478456
22.2,-0.008307298004357967,-0.030235629337189075,0.025842515342565597,-0.009375635317727409,-0.01742492414521113,0.04100744889151174
22.23,-0.01702503600599386,-0.02494436517198151,0.027620481986974386,-0.018305636224882026,-0.009290128405397675,0.035064814685259224
22.26,-0.02537718285822848,-0.01921536829064381,0.029012390206124034,-0.026842552081369996,-0.0009903827792180615,0.028617628959448253
22.29,-0.03318444143221151,-0.01314965360705825,0.02999924855470529,-0.034803065904336426,0.007326947483014171,0.02175866098675378
22.32,-0.040279214211417044,-0.0068541362890957224,0.030567720159568552,-0.04201623804759847,0.01551418490885118,0.014586605220413017
22.349999999999998,-0.046509201088515376,-0.00043974726310673853,0.030710302763389638,-0.048327176864530516,0.023425961875358933,0.007204661168757787
22.380000000000003,-0.05174066871975595,0.005980521453585243,0.03042542741396745,-0.05360036476513282,0.030921801668478067,-0.0002809515539920802
22.41,-0.05586132125510766,0.012293607148315205,0.02971747450951244,-0.05772256824538408,0.03786861270237263,-0.00776252163357496
22.439999999999998,-0.058782710820741116,0.01838836747362929,0.02859670705833152,-0.06060526940052606,0.04414305161292052,-0.015132395925771513
22.470000000000002,-0.0604421360116095,0.02415753710844129,0.027079122160046473,-0.0621865667093166,0.04963371326769053,-0.022284528489473553
22.5,-0.060803987643759556,0.029499615572308346,0.02518622284992887,-0.06243250427286702,0.054243108807916926,-0.02911600649352853
22.53,-0.05986051288259875,0.03432065296882975,0.022944713552932088,-0.06133780096472855,0.057889396601557744,-0.03552853104091632
22.56,-0.057631981349891864,0.03853590224228203,0.02038612345426947,-0.05892596383486428,0.06050783537368402,-0.041429831602514455
22.59,-0.054166249650678164,0.04207130889203374,0.017546363093827275,-0.055248783332332935,0.062051933713297806,-0.04673499370800698
22.62,-0.04953773367595078,0.0448648119601365,0.014465220417860341,-0.05038522118599173,0.062494275546633164,-0.05136768078964483
22.65,-0.04384581075055893,0.04686743343804316,0.011185803359931017,-0.044439714824249535,0.06182700692033663,-0.05526123259761176
22.680000000000003,-0.03721268593543467,0.04804413697002781,0.007753936761963835,-0.037539934743817505,0.06006197545150027,-0.05835962438177513
22.71,-0.02978076829616271,0.048374440798007574,0.004217522075213254,-0.02983404298447324,0.05723051996855708,-0.06061827303804843
22.74,-0.021709613469183042,0.047852774223681296,0.0006258687911299125,-0.021487511579826604,0.053382914078047426,-0.06200467861963598
22.77,-0.013172498166752176,0.04648857138311604,-0.0029709930634974407,-0.012679569302905805,0.04858747353694755,-0.06249889198238308
22.8,-0.004352700162366569,0.044306100756637545,-0.006523009779400856,-0.00359935300717274,0.04292934327951589,-0.06209380183523062
22.830000000000002,0.004560436379892521,0.041344033491592144,-0.009980800458958838,0.005558153793069997,0.0365089856354729,-0.06079523706537331
22.86,0.013375565761389163,0.0376547582151181,-0.013296343461393847,0.014596307890215083,0.02944039658179556,-0.05862188286575337
22.889999999999997,0.021903448525785123,0.03330345447726919,-0.01642364326007823,0.023321028990217336,0.02184908169927819,-0.05560501187174045
22.92,0.029961013971682653,0.0283669412128224,-0.019319368456130165,0.031544967284880245,0.013869827771547313,-0.0517880341757022
22.95,0.03737529018867913,0.022932320567884308,-0.02194345210307813,0.03909152649743289,0.005644309592667261,-0.04722587269435564
22.98,0.043987117249366825,0.017095441035210393,-0.02425964602951377,0.04579865601275418,-0.002681425524590623,-0.04198417287680826
23.01,0.04965456384590787,0.010959207016694592,-0.02623602149310772,0.05152233066214912,-0.010959550876269425,-0.03613835812488755
23.040000000000003,0.0542559740271337,0.004631764627103553,-0.027845409251574013,0.056139643439714323,-0.019043085088538955,-0.029772544517421055
23.07,0.05769257863394173,-0.0017754042772868551,-0.029065772984154435,0.05955144473902169,-0.026788501829838916,-0.022978330454620017
23.099999999999998,0.059890615376566245,-0.008149446255714163,-0.029880510929483083,0.06168447143661967,-0.0340582781773867,-0.01585347863850815
23.130000000000003,0.060802912046404464,-0.014378124022037723,-0.030278681609356407,0.062492920103597166,-0.04072333639079945,-0.008500509354525865
23.16,0.06040989888097692,-0.0203517927573626,-0.030255150568811166,0.06195943056294006,-0.04666533573817861,-0.0010252252957374292
23.19,0.05872002835582029,-0.025965330198638822,-0.029810656165907907,0.0600954586723166,-0.05177877368238287,0.006464810843890364
23.220000000000002,0.0557695933985385,-0.031119986528940588,-0.028951793574070427,0.056941030327361676,-0.055972859120100166,0.01386182410105832
23.25,0.051621947934770845,-0.03572512151612717,-0.027690917299806286,0.052563881967856343,-0.05917312441362168,0.021059378029071995
23.28,0.046366146506244245,-0.03969979834042982,-0.026045963653138507,0.04705800604309515,-0.06132274759305934,0.027953906223714516
23.31,0.040115032171947895,-0.04297420608321531,-0.024040195721225573,0.040541632670308726,-0.06238356125278586,0.0344462025517589
23.340000000000003,0.03300281374712122,-0.04549088587422692,-0.02170187447182986,0.033154690826886164,-0.0623367302287441,0.040442848639055985
23.37,0.025182184396952877,-0.04720573915967523,-0.019063860637429084,0.025055803593343317,-0.06118308602419829,0.0458575580779131
23.4,0.016821043447345994,-0.04808880039743209,-0.01616315298858622,0.016418881969518226,-0.05894311204606626,0.05061241801181396
23.430000000000003,0.0080988917924632,-0.048124760640270624,-0.013040369483556476,0.007429390406490193,-0.05565657991396755,0.054639010232179076
23.46,-0.0007970217148255863,-0.04731323286005745,-0.009739178568202434,-0.0017196357538870406,-0.0513818432994632,0.0578793956555807
23.490000000000002,-0.009675720158428939,-0.0456687544173385,-0.006305688585713691,-0.010831735412549679,-0.04619480183364959,0.060286948015660174
23.52,-0.018346598440379003,-0.04322052671144733,-0.0027878038303624708,-0.01971124040959316,-0.04018755347933478,0.06182702477366181
23.55,-0.026623515131802278,-0.040011896674434125,0.0007654437641407051,-0.028167477193506978,-0.03346675929545978,0.06247746559377717
23.580000000000002,-0.034328788450712064,-0.03609958931630333,0.004304577979604924,-0.036018861238966866,-0.02615174962801596,0.062228911210682365
23.61,-0.04129701058309118,-0.031552704909427076,0.007780367187798176,-0.04309679629193398,-0.01837240535278447,0.06108493810104807
23.640000000000004,-0.04737859846460306,-0.02645149853972146,0.01114450915183297,-0.04924929471184059,-0.010266851789266493,0.05906200702121882
23.67,-0.05244300479894319,-0.020885963578661744,0.014350302227576283,-0.054344241169647874,-0.0019790062312704058,0.056189226151558636
23.7,-0.05638152038378992,-0.014954244076381809,0.017353293637163376,-0.05827222961893889,0.006343977361284635,0.05250793225560544
23.73,-0.059109607589879716,-0.008760904081483976,0.020111895815930723,-0.060948912620507514,0.014554321138845795,0.04807109588078168
23.76,-0.06056871490451604,-0.0024150844049674056,0.02258796228834522,-0.06231681257235376,0.022506247216109682,0.04294255915929432
23.790000000000003,-0.06072753359171469,0.003971420680345102,0.02474731510083544,-0.06234655595174001,0.030058566015753053,0.03719611717659196
23.82,-0.05958266949802818,0.010286132912143576,0.02656021652143439,-0.06103750406588064,0.03707718314494939,0.030914456125670387
23.849999999999998,-0.057158715588777304,0.016417870985976215,0.02800177849823008,-0.05841776676687568,0.04343748029409214,0.02418796352624252
23.880000000000003,-0.05350772366443064,0.022258708088346128,0.029052304240094765,-0.05454359883638154,0.049026527883930644,0.017113427628661408
23.91,-0.04870808660505406,0.027705871548633056,0.029697557232225252,-0.04949819200171877,0.05374509017469802,0.009792644717017943
23.94,-0.04286285514522057,0.032663551172471536,0.02992895401274648,-0.04338988852299092,0.05750938723572922,0.002330954351083994
23.970000000000002,-0.03609752532086817,0.03704458443760933,0.02974367810099967,-0.03634985471165127,0.060252582491105135,-0.005164276376332463
24.0,-0.02855734409271034,0.040771988911668264,0.02914471356823531,-0.02852926433808555,0.061925969429364465,-0.012585197756430631
24.03,-0.02040419099398997,0.04378031495092997,0.028140797861702305,-0.020096052410149858,0.06249983640678524,-0.01982502932587538
24.06,-0.011813102751556455,0.046016794912415115,0.02674629461770887,-0.011231309030217646,0.06196399418931341,-0.026779596342763792
24.090000000000003,-0.0029685154930552985,0.04744226870200028,0.02498098831228164,-0.002125390767044009,0.06032795686642386,-0.03334882876857611
24.12,0.0059396947850767455,0.04803186942575635,0.022869803684003133,0.007026166955315117,0.05762077292471713,-0.03943820118709304
24.15,0.014720288484230584,0.04777545714059042,0.020442453907386558,0.016026848676441996,0.05389050948060652,-0.044960092941125955
24.180000000000003,0.023184767895327814,0.04667779313920474,0.017733022482326024,0.02468337876325186,0.04920339882974732,-0.04983504891590119
24.21,0.031151423779797804,0.044758451775258556,0.014779484722141488,0.03280987170343753,0.04364266246655889,-0.05399292282754611
24.240000000000002,0.038449236169807624,0.04205147145703442,0.011623175556917099,0.04023182370757086,0.03730703345383582,-0.05737388656577171
24.27,0.04492154564836595,0.03860475103052714,0.008308211108789872,0.04678985990641761,0.030309003378357433,-0.05992929106720764
24.3,0.050429416298180166,0.034479202254843584,0.004880872131499294,0.052343156678234797,0.022772825018488617,-0.06162236633218728
24.330000000000002,0.05485461812820066,0.029747673365177175,0.0013889579292313487,0.056772465616897666,0.014832306187194924,-0.06242875051236381
24.36,0.058102164956514796,0.024493662745783414,-0.0021188802275156097,0.05998267420584665,0.006628433921657592,-0.06233684045605631
24.390000000000004,0.060102353272269024,0.01880984542638222,-0.005593816894170918,0.06190484821136623,-0.0016931287970631185,-0.061347958667290224
24.42,0.06081225831271762,0.012796438405259902,-0.008987532009853446,0.06249771193797836,-0.009984629347588547,-0.0594763342761398
24.45,0.06021665524433038,0.006559433633163371,-0.012252882761957767,0.061748534559769606,-0.018098848874168592,-0.05674889829419239
24.48,0.05832834567897291,0.0002087298141444012,-0.015344558414695921,0.05967340349506587,-0.02589171621540986,-0.05320489610122663
24.51,0.0551878825225372,-0.006143804047888527,-0.01821970900492298,0.05631687895415912,-0.033224865944451565,-0.048895322739076603
24.540000000000003,0.05086269906996363,-0.01238629923601404,-0.02083853918160402,0.051751037078136046,-0.039968095101579115,-0.04388218913830158
24.57,0.045445661050050316,-0.018408857328712794,-0.02316485895968134,0.04607392221591324,-0.046001674999020775,-0.038237629836007335
24.599999999999998,0.03905307271121686,-0.024105484938480082,-0.025166583767610454,0.039407441574420984,-0.05121847705092342,-0.03204286502396655
24.630000000000003,0.03182217975953091,-0.029375959120514564,-0.026816176881580805,0.03189474745104663,-0.055525874883559416,-0.02538703186224344
24.66,0.023908222761217165,-0.034127590622109974,-0.028091028148161716,0.023697163260822097,-0.05884738895304922,-0.018365901874680884
24.69,0.015481104271692355,-0.038276853951798875,-0.028973763789379277,0.014990719367137776,-0.0611240444697648,-0.011080502881788967
24.720000000000002,0.00672174124477453,-0.04175085560142412,-0.02945248304760691,0.00596237310362753,-0.062315418518931465,-0.003635665300196092
24.75,-0.002181818968871106,-0.044488614612586325,-0.029520918448859033,-0.003194005843627802,-0.06240035778538992,0.003861486273878569
24.78,-0.011038435650752982,-0.046442132990910684,-0.029178517528108218,-0.012281798485908635,-0.06137735413903273,0.011303074492357953
24.81,-0.019657978103590004,-0.04757723717886313,-0.02843044495448528,-0.021105858618660583,-0.0592645714122479,0.018582021514470224
24.840000000000003,-0.027855407309320374,-0.04787417583504053,-0.027287505102588108,-0.02947670328255041,-0.05609952289392571,0.025593589761712335
24.87,-0.03545474823254886,-0.04732796346374098,-0.02576598622323582,-0.037214581615144,-0.051938405266249515,0.03223688899851943
24.9,-0.0422928674944681,-0.04594846391742373,-0.023887428457385278,-0.04415333472094852,-0.04685510081048495,0.03841632805308869
24.930000000000003,-0.048222975321490405,-0.04376021237741207,-0.021678318995245978,-0.05014396367511638,-0.040939865597996505,0.04404299028938518
24.96,-0.05311777659293555,-0.04080197902409772,-0.019169718693967372,-0.05505782904348395,-0.03429772695817634,0.049035913038509946
24.990000000000002,-0.056872203346034725,-0.0371260821558253,-0.016396825417385817,-0.0587894132142313,-0.027046618676872875,0.05332325257955014
25.02,-0.05940567008247838,-0.032797462925496554,-0.01339848023690789,-0.06125858622438936,-0.019315287035605207,0.056843317906872
25.05,-0.06066380346582491,-0.027892538058147294,-0.010216623421527342,-0.06241232642609629,-0.011241004870661061,0.05954545840886423
25.080000000000002,-0.06061960928333399,-0.022497850817562726,-0.006895707836415823,-0.06222585904397291,-0.0029671342398589332,0.06139079268522347
25.11,-0.059274051626917665,-0.016708544036781778,-0.003482077954123363,-0.06070318817486948,0.005359419027214777,0.062352768015748926
25.140000000000004,-0.05665603186653784,-0.010626682153788872,-2.332315232398679e-05,-0.05787701080611695,0.013590813700031158,0.0624175424303874
25.17,-0.052821767874613235,-0.004359451844890141,0.0034323856790440424,-0.05380801469860719,0.021580898126356083,0.06158418388288034
25.2,-0.04785358683521003,0.0019827270223305303,0.006836966975135736,-0.04858357521157018,0.029187805212359873,0.059864683662081135
25.23,-0.04185815756058332,0.00828814682435633,0.010143097437341783,-0.042315879052708325,0.03627647132870612,0.057283783847965765
25.26,-0.034964200269774925,0.014445779729745409,0.013304869772801702,-0.035139515243233575,0.04272103441845065,0.053878621295091376
25.290000000000003,-0.027319723001172292,0.02034723270454884,0.016278430091529038,-0.02720858502808467,0.04840706872740093,0.04969819326626451
25.32,-0.019088843992407963,0.02588865555072411,0.019022586112037602,-0.018693392791504632,0.05323361647841898,0.044802652405475506
25.349999999999998,-0.010448268248607114,0.030972568390205756,0.02149937774084637,-0.009776789035417165,0.057114980416490685,0.03926244119481196
25.380000000000003,-0.001583493942987832,0.03550957643569637,0.023674602122707993,-0.0006502439494500864,0.059982245397218394,0.03315727834974709
25.41,0.007315169907156156,0.03941994188362725,0.025518285899383937,0.008490264113420678,0.061784502002334235,0.026575011737673855
25.44,0.016056688995491262,0.042634985289789706,0.027005098156312964,0.017448456967019403,0.06248975045645902,0.019610354325167733
25.470000000000002,0.02445340480393429,0.04509829179919084,0.028114698368236726,0.026031971360570238,0.062085468795708997,0.012363521342573612
25.5,0.032325063161214584,0.04676670104552965,0.028832014565122126,0.0340564896801516,0.06057883520009317,0.004938788275907146
25.53,0.03950268379957038,0.047611063351507804,0.029147447915772576,0.04134969788261973,0.057996600542101935,-0.00255700956471445
25.56,0.04583218784088325,0.04761674898165877,0.029057000954586874,0.047754985671529825,0.05438461341443707,-0.010016014310235372
25.590000000000003,0.0511777053412668,0.04678390155184539,0.028562327742493024,0.05313480945953496,0.049807006070202685,-0.017330897511538552
25.62,0.055424491892492794,0.04512743120735162,0.027670705341148953,0.05737364590287877,0.04434505572950926,-0.02439640450044057
25.65,0.058481391672163326,0.042676747765196435,0.026394927074839054,0.06038047258542506,0.038095741470440536,-0.031110868910822
25.680000000000003,0.060282794072000975,0.03947523859524458,0.024753119141904263,0.062090722583395014,0.031170022327351832,-0.03737767556728015
25.71,0.06079004190597166,0.03557950050830347,0.0227684832020454,0.062467670939576225,0.023690867169542374,-0.04310665069163663
25.740000000000002,0.05999226097375625,0.031058339248612805,0.020468968592828915,0.061503223274627386,0.015791071340581237,-0.048215359423463625
25.77,0.0579065931775882,0.025991554276771096,0.01788687880409856,0.05921808960127815,0.0076108988247149505,-0.05263029198446168
25.8,0.05457782819499049,0.02046853030525557,0.015058417749294097,0.055661339609034716,-0.0007044081953796791,-0.0562879214188378
25.830000000000002,0.05007744162159879,0.014586660445814383,0.012023182205251115,0.05090934896896005,-0.009007208170715297,-0.05913561768973993
25.86,0.04450206023987065,0.008449628786364096,0.008823607535274535,0.045064159284993716,-0.01715008161980693,-0.061132404978712404
25.890000000000004,0.03797138736752939,0.002165582682573106,0.005504374453749026,0.038251286909304606,-0.024988448619589,-0.06224955129130639
25.92,0.030625632830064697,-0.004154773017305236,0.0021117851253135756,0.0306170276739569,-0.032383135878855,-0.06247098188494452
25.95,0.022622502735698543,-0.010400126230473254,-0.0013068826896867978,0.022325315415582282,-0.03920284781482046,-0.06179351057018022
25.98,0.014133813680637493,-0.01646051802323889,-0.0047040344348419135,0.013554201751352425,-0.0453264977578723,-0.06022688555713207
26.01,0.005341804074318524,-0.02222927859494152,-0.00803242132259038,0.004492032697584438,-0.05064535789304667,-0.05779364918740396
26.040000000000003,-0.003564778224343193,-0.027604904776784712,-0.011245797441335866,-0.004666595767855137,-0.05506498976517812,-0.05452881356982381
26.07,-0.012394727967535858,-0.03249284600021618,-0.014299562266827201,-0.013725016351344413,-0.05850692107084133,-0.05047935678731447
26.099999999999998,-0.020958487285821864,-0.036807167311017824,-0.017151379652052667,-0.022488713567582707,-0.060910038964984634,-0.04570354692403211
26.130000000000003,-0.02907221504151228,-0.040472060179568475,-0.019761764706047086,-0.030769500656932038,-0.062231675143547445,-0.04027010363942084
26.16,-0.03656173340887842,-0.04342317454639334,-0.02209463042728403,-0.03838956060322379,-0.0624483634359928,-0.03425720935338768
26.19,-0.04326626695864598,-0.04560874869766568,-0.024117786525228144,-0.04518526447746179,-0.06155625645640135,-0.02775138427076457
26.220000000000002,-0.04904189397968838,-0.0469905171321323,-0.0258033835361115,-0.05101068511443287,-0.05957119391532271,-0.020846241432455417
26.25,-0.05376463594939442,-0.04754438049611667,-0.027128296106626357,-0.05574073067148774,-0.05652842137948019,-0.013641139706975834
26.28,-0.05733311883316848,-0.047260825857798366,-0.028074440171288524,-0.0592738307811937,-0.05248196447286126,-0.006239754104640137
26.31,-0.05967074908613346,-0.046145089991938476,-0.028629019673895393,-0.061534117616911306,-0.04750366963049953,0.0012514160136961753
26.340000000000003,-0.060727357648988484,-0.04421706287405602,-0.028784699467956122,-0.0624730550363058,-0.04168192843674251,0.008724579367788112
26.37,-0.060480276651449894,-0.04151093315895437,-0.028539702061522183,-0.06207048081947171,-0.03512010819788118,0.016072203778724693
26.4,-0.05893482571557217,-0.03807458196180784,-0.027897826934097605,-0.06033503962122886,-0.02793471661494221,0.023188563461414537
26.430000000000003,-0.056124197426050466,-0.033968735690709705,-0.026868392232355015,-0.057303997340612936,-0.02025333314359959,0.029971260324669808
26.46,-0.05210874443324094,-0.029265892919629468,-0.025466099732052584,-0.053042440893686926,-0.012212343770724787,0.03632269738873238
26.490000000000002,-0.04697468350019281,-0.024049044265510043,-0.02371082502066356,-0.047641880573307066,-0.003954519427509305,0.042151483119073484
26.52,-0.04083224432169718,-0.018410207872843212,-0.021627335893877477,-0.04121828500799223,0.004373518964612264,0.047373746469351594
26.55,-0.03381330286251766,-0.012448806349522223,-0.019244942954890334,-0.03390959091609704,0.012623903806131249,0.05191434371122912
26.580000000000002,-0.026068550027701462,-0.006269913782171231,-0.01659708734453364,-0.02587274112944259,0.020650146266893814,0.055707939685839376
26.61,-0.017764256452629894,1.759626137635164e-05,-0.013720871399905625,-0.01728031449023776,0.028309737252937294,0.058699947918656244
26.640000000000004,-0.009078702870130524,0.006302969100200565,-0.010656538827341334,-0.00831681998901032,0.03546667771154407,0.06084731607034897
26.67,-0.000198352690438394,0.012475519877462982,-0.007446911671474661,0.0008252652788314968,0.04199389334795082,0.06211914542168254
26.7,0.00868615103702225,0.018426582701282876,-0.004136791956225351,0.00994962925908966,0.0477754908794676,0.06249713547862627
26.73,0.01738407834192511,0.024051423665503138,-0.000772336357589118,0.0188603404346391,0.05270881576632675,0.06197584730019842
26.76,0.025708706869082568,0.02925108407246901,0.0025995873645669027,0.027366055149849005,0.05670627488344057,0.06056278175999306
26.790000000000003,0.03348133033193964,0.033934121418787586,0.005932053202953912,0.03528412641781817,0.05969689177081329,0.058278271615275434
26.82,0.04053509483224888,0.038018217514819104,0.00917872991438273,0.042444525980183126,0.061627566848524114,0.05515518893667561
26.849999999999998,0.04671858069097884,0.04143162545734534,0.012294525119466625,0.04869349539936825,0.06246402022066833,0.05123847210830707
26.880000000000003,0.05189905289976053,0.04411443002094356,0.015236211536414537,0.053896847781753535,0.06219140032840145,0.046584479204358195
26.91,0.05596531041703057,0.04601959932677975,0.017963026652172615,0.05794284923239322,0.0608145476452119,0.04126017704649278
26.94,0.058830073145730744,0.047113809329671144,0.020437237512363055,0.060744618166529256,0.058357908732409126,0.035342177610802855
26.970000000000002,0.06043185535505925,0.04737802667037337,0.022624662805101423,0.062241990956418726,0.05486510218080551,0.02891563564956149
27.0,0.060736285334243065,0.04680783969945762,0.024495145015830007,0.062402813851612865,0.050398144145468525,0.022073023390018556
27.03,0.059736842954908734,0.045413531916775024,0.026022966132257054,0.06122363343071026,0.045036347224478426,0.01491279994123512
27.06,0.05745499931513598,0.043219896608168745,0.027187201170433335,0.05872977075820718,0.03887491223253245,0.007537994555009292
27.090000000000003,0.05393975547440681,0.04026579601887456,0.027972004663792783,0.05497477765404223,0.03202323787300949,5.47241265098441e-05
27.12,0.04926659018884148,0.03660347290070847,0.028366826194438553,0.05003928675160061,0.024602978320933062,-0.007429333733534155
27.15,0.04353583924340572,0.03229762662851081,0.02836655203698188,0.044029280037392794,0.016745883205211566,-0.01480649008395354
27.180000000000003,0.03687054117981574,0.02742427022370677,0.027971571016037092,0.03707381305282356,0.00859145834212127,-0.021970594201294207
27.21,0.02941379567371326,0.02206938847636459,0.027187763734703337,0.02932224362727681,0.000284488754629846,-0.02881856099438643
27.240000000000002,0.021325691276436395,0.016327420853998322,0.026026415398333905,0.020941024651160437,-0.008027532042672777,-0.03525185430719022
27.27,0.012779868480794442,0.01029959596406998,0.02450405352076988,0.012110129759119105,-0.01619702084897835,-0.04117790476650694
27.3,0.003959791898231738,0.004092146943577799,0.02264221284421016,0.003019188676305525,-0.024078925175078352,-0.04651144177298889
27.330000000000002,-0.004945188421392289,-0.0021855607625070493,0.020467130814486652,-0.006136584784865088,-0.031533298707401514,-0.051175720469279866
27.36,-0.013743901970496485,-0.008422956238511432,0.01800937791665981,-0.015160584637544558,-0.03842778610989315,-0.05510362603030575
27.390000000000004,-0.02224746179764603,-0.014510210603447322,0.01530342807816791,-0.023859034528060742,-0.04463997304510091,-0.058238639385959176
27.42,-0.03027331945036767,-0.02034017088289542,0.012387175175730979,-0.03204514878155754,-0.05005955968891769,-0.06053565048028723
27.45,-0.03764918379716259,-0.025810246195895975,0.00930140242634078,-0.03954314333368624,-0.05459031914737185,-0.061961607365105136
27.48,-0.04421671960219173,-0.030824213055045027,0.006089212091672671,-0.046192010419831946,-0.0581518060030039,-0.06249599178815581
27.51,-0.04983494645530458,-0.03529390801208617,0.0027954234701895184,-0.05184897596629811,-0.06068078465491626,-0.06213111443252432
27.540000000000003,-0.054383265093702754,-0.039140777874356186,-0.0005340524153980969,-0.056392565441353924,-0.06213235209175625,-0.060872225559074414
27.57,-0.057764046151438805,-0.04229726023422967,-0.0038528527116941233,-0.059725212331764345,-0.06248073516235618,-0.058737439459860825
27.599999999999998,-0.05990472576739064,-0.044707970049756865,-0.007114808291307855,-0.06177535323182866,-0.06171974818817645,-0.05575747380956568
27.630000000000003,-0.06075936306962687,-0.04633067143711545,-0.010274585984743425,-0.06249896455615079,-0.05986290279246268,-0.051975207665460044
27.66,-0.06030962610689031,-0.04713701762392711,-0.013288318554593163,-0.061880507877626105,-0.05694316799605687,-0.047445064475878436
27.69,-0.05856518506825091,-0.047113046100111744,-0.01611421365835885,-0.059933263590982576,-0.05301238483945602,-0.042232228975166014
27.720000000000002,-0.055563504356391874,-0.04625942031770329,-0.0187131333470323,-0.05669904573697096,-0.048140345924733804,-0.0364117092332841
27.75,-0.05136903798532386,-0.044591413756874726,-0.02104913606468751,-0.05224730411091074,-0.04241355622042091,-0.030067257356346667
27.78,-0.04607184558252346,-0.042138636713620475,-0.023089973643866897,-0.04667363293641356,-0.03593369713174103,-0.023290164368247816
27.81,-0.03978565871358085,-0.038944510695170256,-0.024807536425025666,-0.040097718128195035,-0.028815821107240014,-0.016177946613962605
27.840000000000003,-0.03264543904740491,-0.0350654997524618,-0.02617824035681749,-0.032660767223311696,-0.02118630883727815,-0.008832942586010252
27.87,-0.024804480788562882,-0.03057011235665566,-0.027183350747326293,-0.02452247716905007,-0.013180625315130265,-0.0013608403644998542
27.9,-0.016431119586253217,-0.025537691463441238,-0.02780923822305928,-0.015857605079504393,-0.004940914602712063,0.006130843140412377
27.930000000000003,-0.007705118576724068,-0.020057014133750405,-0.028047563400194896,-0.0068522155985087565,0.003386523993186062,0.013534309261304894
27.96,0.0011861908536771953,-0.014224725426959604,-0.027895387767970414,0.002300314549035111,0.01165383352267346,0.020743028700509224
27.990000000000002,0.010051930732964384,-0.008143634193896899,-0.027355209313295215,0.011403449021391922,0.019714224651099982,0.027653274392025782
28.02,0.01870177425765294,-0.0019209008208459705,-0.02643492246432588,0.020261712172081395,0.027424581961467912,0.03416561404181644
28.05,0.02695003166629634,0.0043338511302795125,-0.025147702984221657,0.028684886585186878,0.03464800502498999,0.04018634087014557
28.080000000000002,0.03461963651822049,0.010510466109522911,-0.023511819489945657,0.03649209769834549,0.04125623912208555,0.04562882196885874
28.11,0.041545946802365064,0.01650019657362855,-0.021550374290277487,0.04351569780249756,0.04713195245540682,0.05041474487193634
28.140000000000004,0.04758027927732279,0.022197617622104593,-0.019290977218008355,0.04960486601554504,0.0521708194220818,0.054475244402279535
28.17,0.052593101171545545,0.027502482565225347,-0.016765357060009374,0.05462884692608681,0.05628337295585504,0.05775189358040505
28.2,0.05647681072927195,0.03232148676454074,-0.014008916052644352,0.05847975836239676,0.059396593050062646,0.06019754433675305
28.23,0.05914804691507936,0.03656990871124349,-0.011060233696898018,0.06107490799417514,0.06145520325659072,0.0617770059305054
28.26,0.0605494786985498,0.04017309947859032,-0.007960526846731968,0.06235856902165586,0.06242265214096805,0.06246755131307038
28.290000000000003,0.06065103551334505,0.04306779436309907,-0.0047530736259051975,0.06230317682190928,0.06228176226747154,0.06225924415011327
28.32,0.05945055248214086,0.04520322366813176,-0.0014826092245003577,0.06090992085622351,0.061035035191258365,0.06115508179657658
28.349999999999998,0.05697381656281515,0.04654200312730775,0.0018052979901410863,0.058208719128274314,0.058704607042269576,0.05917095216740631
28.380000000000003,0.05327401263229322,0.04706078835143984,0.005064881347688765,0.05425757574155462,0.05533185548953039,0.05633540512457618
28.41,0.04843058140642577,0.04675068184280358,0.008250812889584055,0.04914133535151807,0.05097666506435065,0.052689241669947505
28.44,0.04254751372066752,0.04561738548118975,0.011318833658472778,0.042969861258638574,0.04571636388690133,0.04828492685511414
28.470000000000002,0.03575111779607493,0.043681095870497955,0.014226368498758173,0.03587567626500208,0.03964435067500511,0.04318583485593826
28.5,0.028187307428509674,0.04097614446360385,0.01693311682879814,0.02801111695336399,0.032868436413140315,0.03746533707448331
28.53,0.02001846932304977,0.037550388877106544,0.0194016111879133,0.019545062496100968,0.025508930125977915,0.031205746389746974
28.56,0.011419976829714905,0.03346436618721899,0.021597735817708866,0.01065930823779417,0.017696502744295697,0.02449713274848774
28.590000000000003,0.0025764249267741903,0.028790223186415793,0.02349119810080461,0.0015446619231146259,0.009569866991171164,0.01743602713874048
28.62,-0.006322332718800692,0.02361044250380357,0.02505594634298653,-0.0076031536025582555,0.0012733144829869495,0.010124032594690309
28.65,-0.015085259536176135,0.018016387081522513,0.026270528137735345,-0.01658770323665696,-0.007045846225010202,0.0026663622193100586
28.680000000000003,-0.0235242371817034,0.012106688691707678,0.027118384384487867,-0.025216057757560868,-0.015239905160087441,-0.004829674738683608
28.71,-0.0314581039739915,0.005985508917537773,0.027588074932178054,-0.03330293667939377,-0.02316337358072928,-0.012256216969548423
28.740000000000002,-0.03871654393780441,-0.00023929674043150485,0.027673432774980244,-0.040674686862124235,-0.03067556718650653,-0.01950640313090224
28.77,-0.045143742969690204,-0.006458079274377326,0.027373644724374785,-0.04717301144250849,-0.037643104023202756,-0.026475909487467184
28.799999999999997,-0.050601733638597796,-0.012561327610741826,0.026693257506750234,-0.052658369012886716,-0.04394227273190957,-0.03306445103690285
28.830000000000002,-0.054973356819955396,-0.018441597061423672,0.025642109274451125,-0.05701297005575796,-0.04946122909289599,-0.039177224521861946
28.86,-0.05816477658823739,-0.023995400825413384,0.024235187556011454,-0.06014330629036421,-0.054101981863750814,-0.04472627256460737
28.89,-0.060107494384310255,-0.029125031242216888,0.022492415693846395,-0.06198215861750196,-0.057782132652460294,-0.04963174929550596
28.92,-0.060759819223904034,-0.03374027874517638,0.02043837081070251,-0.062490040545071096,-0.06043633893328978,-0.053823069264129726
28.95,-0.06010776239161321,-0.037760018273637265,0.018101937295910052,-0.061656046099043786,-0.062017474229046465,-0.057239923101154826
28.98,-0.05816533742017575,-0.04111363524576751,0.015515900695775922,-0.05949808401228489,-0.06249746486023061,-0.0598331453165864
29.009999999999998,-0.05497425892216577,-0.043742266027293475,0.012716487716933919,-0.056062493162383216,-0.06186778840426465,-0.06156542174746384
29.040000000000003,-0.05060304674657043,-0.045599831105433336,0.009742858795729106,-0.051423047516367996,-0.06013962501446043,-0.062411826475502995
29.07,-0.04514555469895774,-0.04665384283409914,0.006636560340474591,-0.04567937194957409,-0.0573436589119967,-0.06236018048890735
29.099999999999998,-0.038718955417016435,-0.046885973591496585,0.003440944307665896,-0.03895480295648056,-0.053529533575495045,-0.06141122692752379
29.130000000000003,-0.031461224667976094,-0.04629237441448904,0.000200563220343487,-0.03139374019142821,-0.0487649703015176,-0.05957862038972063
29.16,-0.023528179080173295,-0.04488373857106916,-0.0030394509293694477,-0.023158545710757622,-0.04313456578629198,-0.05688873045485258
29.19,-0.015090130907137865,-0.04268510902552311,-0.006234015235501355,-0.014426057500317325,-0.0367382900780731,-0.05338026224844974
29.22,-0.0063282316432604745,-0.039735433261227145,-0.009338723137863322,-0.005383792154913297,-0.02968971156958892,-0.049103699509860294
29.25,0.002569417011102351,-0.036086873374051635,-0.012310461659284322,0.003774081748750851,-0.02211398054652782,-0.044120578176108594
29.28,0.011411801343680533,-0.03180388365675074,-0.015108010041650004,0.012850913120093108,-0.014145607094958,-0.03850260093445126
29.31,0.020009096290975643,-0.0269620719856679,-0.01769261146915807,0.021651791130794545,-0.005926072821807074,-0.03233060548443314
29.340000000000003,0.028176740533062433,-0.021646865123605682,-0.020028509949798948,0.029987730621516905,0.0023986812067550603,-0.025693401355235176
29.37,0.03573939853986979,-0.015952001499908084,-0.022083444918609973,0.03767973026410035,0.01068084570638743,-0.018686492015478694
29.4,0.04253472451422853,-0.009977878060083262,-0.02382909672177513,0.04456261633652351,0.01877336758659815,-0.011410700663190426
29.43,0.048416847430797695,-0.0038297803393923576,-0.025241476830766017,0.0504885895715403,0.026532560936245148,-0.0039707194695892435
29.46,0.053259502358364144,0.0023839730372306515,-0.02630125741075289,0.05533039891593851,0.03382065822344224,0.0035263968482127737
29.490000000000002,0.05695874084737517,0.008553938728693925,-0.026994035716591,0.058984074048879245,0.040508256412312094,0.010972771449444993
29.52,0.05943516220185842,0.014571476302876881,-0.027310529700925644,0.06137115798273815,0.04647661456482035,0.01826125762154165
29.549999999999997,0.06063561774108028,0.02033066116230749,-0.0272467021796219,0.06244039180481974,0.051619762132866,0.02528698052610932
29.580000000000002,0.060534351470559924,0.025730149088043032,-0.026803811896399778,0.06216881538273834,0.05584638050707217,0.03194884625464414
29.61,0.05913355268148459,0.03067495958119275,-0.02598839084734092,0.06056226039753045,0.05908142441463795,0.03815099648002826
29.64,0.05646330862241036,0.03507814662102082,-0.024812148252629965,0.05765522511737977,0.06126745437769429,0.043804187772663206
29.67,0.05258095826634449,0.03886232745027095,-0.023291802583203826,0.05351013360099421,0.06236565657384132,0.04882707573410694
29.7,0.04756986105340531,0.04196104250702845,-0.021448844049706983,0.04821599523808958,0.06235653199084189,0.05314738547067285
29.73,0.04153760704822447,0.044319922603756085,-0.019309230926394548,0.041886493411261994,0.061240242639258514,0.05670295156491575
29.759999999999998,0.0346137069424918,0.04589764285546828,-0.016903023999989414,0.034657544322260904,0.059036608675892104,0.05944261258073954
29.790000000000003,0.026946811499121488,0.04666664662032357,-0.014263964290266353,0.026684378403069562,0.055784756489096844,0.06132694723099309
29.82,0.01870152013574334,0.046613626770873884,-0.011428999973453313,0.018138206983948038,0.05154242399435512,0.062328841614756755
29.849999999999998,0.010054847164754981,0.0457397558913161,-0.008437769140569843,0.009202545796555247,0.046384935474862915,0.06243387936227919
29.880000000000003,0.001192421555690634,0.04406066141995794,-0.005332045630896031,6.927425919908634e-05,0.04040386416923453,0.06164054907372558
29.91,-0.0076954981945679,0.0416061462487889,-0.0021551556875120744,-0.009065484835068654,0.03370540635260843,0.059960266066877974
29.94,-0.016418108529963834,0.03841965977439962,0.0010486264196906455,-0.018005576750226442,0.02640849577998407,0.057417208120857786
29.97,-0.024788156956488165,0.03455752878758907,0.004234695373396167,-0.02655902692498274,0.018642691970590382,0.054047967579372136
30.0,-0.03262596188198753,0.03008796181550291,0.007358735793374584,-0.03454216332772858,0.010545879827628184,0.04990102481940928
30.03,-0.03976326987871402,0.02508984451568206,0.010377338581498342,-0.04178356052758565,0.0022618214375433143,0.04503605066170054
30.06,-0.04604686756395056,0.019651347395852156,0.013248604055636746,-0.04812772078876184,-0.006062396482401933,0.03952304776064228
30.090000000000003,-0.051341870562806605,0.013868370432042695,0.01593272349298868,-0.053438413142441535,-0.014278974166686088,0.03344134332831379
30.12,-0.05553461895049751,0.007842852022704933,0.01839253101200291,-0.057601598734838076,-0.022242023044538276,0.026878447686397373
30.15,-0.05853511702023584,0.0016809720975744821,0.020594018142619564,-0.06052787963411135,-0.029810156048932945,0.019928795070423843
30.18,-0.06027896500587908,-0.004508718944694705,0.02250680396118774,-0.06215441851183286,-0.036848997999613865,0.012692384805051457
30.21,-0.06072874129566364,-0.010617212499135064,0.024104554291648865,-0.06244628797682613,-0.04323357148730867,0.0052733424026582135
30.240000000000002,-0.05987480547054011,-0.016536961530353972,0.025365344189629553,-0.06139722058653821,-0.048850515896820726,-0.0022215787102399997
30.27,-0.05773550493454328,-0.02216377405222684,0.02627195872092456,-0.05902974343061504,-0.05360010016936986,-0.009684533279920133
30.299999999999997,-0.054356780708345626,-0.02739864697481828,0.02681212790932637,-0.055394694396708036,-0.05739799356679445,-0.01700813602280586
30.330000000000002,-0.049811180855783926,-0.032149508041783875,0.026978692648784233,-0.050570130505950765,-0.06017676299699945,-0.02408700680425986
30.36,-0.0441963027298094,-0.0363328352094239,0.0267696993385918,-0.044659651759902594,-0.06188707031504771,-0.030819286965064918
30.39,-0.03763269748600008,-0.03987512498573324,0.02618842199425555,-0.03779017649173767,-0.06249854834134254,-0.037108104977003446
30.42,-0.0302612818552596,-0.04271418391589421,0.025243311597034256,-0.030109215992550578,-0.062000340042853666,-0.04286297033805423
30.45,-0.022240312744812203,-0.04480022052255882,0.023947873457796434,-0.021781706935937357,-0.060401291304012,-0.0480010756502933
30.48,-0.013741989621021841,-0.046096718529852775,0.022320474371732117,-0.012986469619604814,-0.05772979386454986,-0.0524484881447552
30.509999999999998,-0.004948757617468312,-0.046581076057195574,0.020384082315664045,-0.0039123680777577,-0.05403328121298724,-0.056141213508270865
30.540000000000003,0.003950609264402827,-0.04624499959474518,0.01816594237568272,0.005245745480125306,-0.04937738638637368,-0.059026116704759324
30.57,0.012765060774766766,-0.045094645893816676,0.015697193476584097,0.014291214817260792,-0.04384477662988272,-0.06106168654117328
30.599999999999998,0.021305371852995077,-0.04315050934683308,0.013012431303864569,0.023029802556208772,-0.037533685607336616,-0.062218632976674106
30.630000000000003,0.029388204834285343,-0.040447056913999316,0.010149223552481053,0.03127386112428066,-0.030556169223841124,-0.06248030858028807
30.66,0.03684004521954459,-0.03703211709900024,0.007147584293946132,0.03884636219314529,-0.02303611602908592,-0.06184294807264268
30.69,0.04350092651806086,-0.032966033805336616,0.0040494148155396465,0.04558469808668802,-0.015107047527383217,-0.06031572250499046
30.72,0.049227864201616026,-0.02832060004222717,0.0008979187447576459,0.05134417352780498,-0.006909747450805598,-0.0579206072959322
30.75,0.053897925054345985,-0.023177790321512577,-0.002263000377698673,0.056001112744303805,0.0014102379113884228,-0.05469206602467387
30.78,0.05741086603074075,-0.017628314126580086,-0.005389350676831434,0.059455515213647024,0.00970518394440615,-0.050676554530751254
30.81,0.05969128597662676,-0.0117700159787496,-0.008437664155428161,0.06163320301855259,0.01782781061659972,-0.04593185245578654
30.840000000000003,0.06069024402635645,-0.005706150320563687,-0.011365601020078591,0.06248741370233166,0.02563389749439637,-0.04052623184579691
30.87,0.06038630993921331,0.0004564383683043164,-0.014132537719912443,0.061999804419874224,0.03298484443286067,-0.03453747477712892
30.9,0.05878602383341197,0.006609198146799385,-0.0167001305316533,0.06018084582170266,0.03975013247581986,-0.028051754141508504
30.93,0.05592375545521766,0.012643781709492808,-0.019032846872795106,0.057069597213046185,0.045809641271302055,-0.021162393694714975
30.96,0.051860966011428825,0.01845395432422618,-0.021098456981365765,0.052732867816045234,0.051055781855663986,-0.013968525210676597
30.990000000000002,0.04668488841902528,0.02393746401280681,-0.02286847915938807,0.047263782145674636,0.055395406937986766,-0.006573662063346865
31.02,0.04050665431084647,0.02899784105183649,-0.024318572429911353,0.04077978030570504,0.058751464766888264,0.0009157902387494464
31.049999999999997,0.03345890801271044,0.03354609512499635,-0.025428871195196257,0.03342009614523493,0.06106436721469588,0.008392065133216334
31.080000000000002,0.02569295872045637,0.037502280269670854,-0.026184257295944022,0.025342767428457206,0.06229304778810688,0.0157475856688422
31.11,0.017375532018579824,0.040796900097610875,-0.026574565746994003,0.016721242219611788,0.062415690779940435,0.022876512442319034
31.14,0.008685190482626493,0.043372128590104614,-0.026594721351420207,0.007740654355726211,0.06143011861560513,0.029676266533191557
31.17,-0.00019149978929741972,0.04518282502303549,-0.026244804359492314,-0.0014061520144289165,0.05935383051679291,0.03604900552335579
31.2,-0.009063974417126282,0.04619732520881002,-0.025530044328065358,-0.010522763458330376,0.0562236917959104,0.04190303136249839
31.23,-0.017741761766191695,0.04639799518637788,-0.024460742335836942,-0.01941341493250685,0.05209527929794715,0.04715410982154428
31.259999999999998,-0.02603857193534722,0.045781537677890366,-0.023052122706638423,-0.02788719353219757,0.047041894611718225,0.05172668254835002
31.290000000000003,-0.033776295924686464,0.044359045987142104,-0.02132411637264866,-0.035762138048883056,0.04115326257130383,0.05555495428523897
31.32,-0.04078882913095251,0.04215580446404514,-0.01930107895852351,-0.04286914630406975,0.0345339381563051,0.05858383960428378
31.349999999999998,-0.04692563709103094,0.03921083912261873,-0.017011447572751526,-0.049055606355416025,0.027301450077029266,0.06076975553765731
31.380000000000003,-0.052054986928227215,0.03557622639873506,-0.014487341141523231,-0.054188673600699025,0.019584214005979622,0.06208124869780539
31.41,-0.05606677513352761,0.03131617229070442,-0.011764109901276932,-0.058158123408914415,0.011519252507046766,0.062499447863739614
31.44,-0.05887489098062066,0.02650587816578179,-0.008879840368057345,-0.06087871802269541,0.003249762145955615,0.0620183355211356
31.47,-0.060419064843049826,0.02123021326775859,-0.005874822715197144,-0.0622920369065051,-0.005077429021120195,0.06064483444901608
31.5,-0.06066616174043537,0.015582217358971438,-0.0027909880071554805,-0.062367731236722956,-0.013314468437486142,0.05839870810711338
31.53,-0.059610892350829635,0.009661459914580997,0.00032867685046995647,-0.061104175595403196,-0.021315104226264647,0.05531227625724855
31.56,-0.05727592623226368,0.0035722848054098996,0.0034407282823328586,-0.05852850287359569,-0.028937281950032725,0.0514299499106829
31.590000000000003,-0.05371140482991993,-0.0025780285862337664,0.006501870985171872,-0.05469602163473492,-0.03604566684327005,0.04680759229313612
31.62,-0.048993864730621034,-0.008681155410696823,0.009469560216980156,-0.0496890284493115,-0.04251404673438756,0.041511715022616455
31.65,-0.0432245942868395,-0.014629633256522803,0.01230259305552792,-0.04361504070409097,-0.04822757299251025,0.0356185210663496
31.68,-0.03652745889641838,-0.020318754313967367,0.014961680409910263,-0.03660448783355171,-0.05308479971012194,0.029212808247805495
31.71,-0.029046241630520928,-0.02564840848004,0.017409991844615696,-0.028807910550754087,-0.05699948491508161,0.022386749081382468
31.740000000000002,-0.02094155630613953,-0.030524844962225517,0.01961366566165083,-0.020392728219799143,-0.059902121830783014,0.015238564491843097
31.77,-0.012387399277457202,-0.0348623213827072,0.021542277177035933,-0.011539643785522868,-0.061741172996330675,0.007871110502500478
31.799999999999997,-0.003567413975451021,-0.03858461137504019,0.02316925871657183,-0.0024387634589660666,-0.06248398533444286,0.00039039822845576957
31.830000000000002,0.005329051609108717,-0.04162634416560761,0.02447226553388726,0.006714485517664125,-0.062117369919690746,-0.007095931529131011
31.86,0.01411100986002476,-0.043934152598647025,0.025433482611885556,0.015723551366896436,-0.060647836153060464,-0.014480157138504202
31.89,0.02258993362114326,-0.04546760944379151,0.02603986813619421,0.024394978419542423,-0.05810147618497656,-0.021656026155856135
31.92,0.0305838034130819,-0.046199935559276026,0.02628333031450156,0.03254256127413627,-0.054523501638901496,-0.02852028420356196
31.95,0.03792101489737766,-0.046118467506358604,0.02616083514636596,0.039991343268158064,-0.049977440861166116,-0.03497416070890658
31.98,0.04444406270540649,-0.04522487645017591,0.025674443711211047,0.04658137340009359,-0.044544010950176224,-0.040924790124843985
32.01,0.050012921551351563,-0.04353513456447085,0.024831278524341735,0.0521711410282758,-0.03831968459256074,-0.04628654818268517
32.04,0.05450805204804476,-0.041079229605186285,0.02364341949824329,0.05664061459169552,-0.03141497715264961,-0.050982283949226256
32.07,0.05783296670212965,-0.037900632752471124,0.022127731025416056,0.05989381910098077,-0.023952484428682096,-0.05494442996010963
32.1,0.05991630100769521,-0.03405552916410831,0.0203056226559345,0.06186089705193714,-0.016064705916156184,-0.05811597445558557
32.13,0.060713345182579245,-0.029611824859283722,0.018202746764507935,0.062499608506737934,-0.007891692227135176,-0.06045128172906608
32.16,0.060207003670829345,-0.024647947486483364,0.015848637475272685,0.06179623813085518,0.00042144156349243136,-0.061916748784384
32.190000000000005,0.0584081618197447,-0.01925146215391077,0.01327629592575361,0.059765889708524755,0.008727092493283833,-0.06249128885304333
32.22,0.05535545186676792,-0.013517526751414651,0.010521727693142677,0.0564521618124845,0.016877790460935578,-0.06216663481407704
32.25,0.051114423267028475,-0.007547214012376443,0.007623438866001803,0.05192621159247279,0.024728816615975386,-0.060947458150570434
32.28,0.04577613517972139,-0.0014457299028002575,0.004621897813605759,0.04628522678617285,0.03214077289891259,-0.05885130173117129
32.31,0.039455201336219915,0.004679440258071849,0.0015589701755681841,0.039650338763789664,0.03898205710865047,-0.055908327383801235
32.34,0.032287329268572515,0.010720425277776393,-0.0015226650403086653,0.03216402142037973,0.04513119955136443,-0.05216088189375815
32.37,0.02442640673146424,0.016570867815563224,-0.004580110108832857,0.0239870317706728,0.05047901978272545,-0.04766288767111137
32.4,0.016041197870816377,0.022127796896259253,-0.007570845702110977,0.015294957942350914,0.054930565149661784,-0.04247906685514417
32.43,0.007311720069306487,0.02729344024598543,-0.010453322157150889,0.006274448694256994,0.058406796712086956,-0.036684010020291105
32.46,-0.0015746207466109318,0.03197694455197218,-0.013187536674859869,-0.002880794575238206,0.060845992610390136,-0.030361102884064115
32.49,-0.010427053369242406,0.03609597337944718,-0.015735588432688134,-0.011974177264327656,0.06220484396134684,-0.023601326460686294
32.52,-0.019055536769663615,0.039578154641823945,-0.01806220390830493,-0.020810433130900998,0.062459223824386616,-0.016501947925156416
32.55,-0.02727483983421298,0.04236235217795452,-0.02013522513370389,-0.029199817331220203,0.061604615584919094,-0.009165121025046638
32.58,-0.034908517795069274,0.04439973909507593,-0.02192605412203975,-0.03696218089515759,0.05965619314860373,-0.0016964161788638025
32.61,-0.041792699991284446,0.04565465403348018,-0.023410047325922598,-0.043930839144981186,0.056648551522682486,0.005796698588447437
32.64,-0.047779607647950875,0.04610522533716116,-0.02456685468717134,-0.04995615098941402,0.05263509256800991,0.01320640401487164
32.67,-0.052740726158031256,0.045743752206234285,-0.02538069861431089,-0.054908732233197595,0.04768707682799505,0.0204260810246789
32.699999999999996,-0.05656956376930493,0.04457683618965398,-0.025840589064517618,-0.05868223390133713,0.04189235826960559,0.027351844882167166
32.730000000000004,-0.05918393745861991,0.04262526077519595,-0.025940471799514895,-0.06119562591783915,0.035353824401605664,0.033884040000681716
32.76,-0.06052773692654279,0.03992362127033687,-0.025679307817626104,-0.06239493710049426,0.028187569466341933,0.039928673897938464
32.79,-0.06057212884963492,0.036519711564408655,-0.02506108292378668,-0.06225441410802508,0.020520833140776865,0.04539876966430847
32.82,-0.05931617554441495,0.03247367864181422,-0.024094747372424626,-0.06077707445301276,0.012489741345943646,0.05021561748324699
32.85,-0.056786854768611075,0.027856959802839726,-0.022794086491184997,-0.057994641705510164,0.004236889277640025,0.05430990719560041
32.88,-0.05303848024167164,0.02275102137077127,-0.021177524152960092,-0.053966864278743275,-0.004091190427397512,0.057622725611197245
32.91,-0.04815153533169106,0.017245921154392843,-0.019267861896254096,-0.04878023242491772,-0.012346629436133214,0.06010640421729577
32.940000000000005,-0.04223094495373255,0.011438720032136779,-0.01709195738661009,-0.04254612099164896,-0.020382849179685025,0.0617252050861171
32.97,-0.035403822784546915,0.005431770673752995,-0.01468034675227279,-0.03539839782043147,-0.028057163413507374,0.06245583511186393
33.0,-0.02781674216200278,-0.0006690864291714173,-0.012066816103809122,-0.02749054914306801,-0.035233311667823355,0.062287781177811294
33.03,-0.01963258926237082,-0.0067563878289870274,-0.009287928249316488,-0.01899238370369719,-0.041783878605896795,0.06122346143071272
33.06,-0.011027066115450302,-0.012722940026051744,-0.0063825112344203915,-0.010086386380269778,-0.04759255633348573,0.05927819048581756
33.09,-0.0021849185339093066,-0.01846370706888853,-0.0033911158609891564,-0.0009637996057779688,-0.05255620949128268,0.05647995906316838
33.12,0.00670403006221386,-0.02387765961131469,-0.00035544976316347467,0.008179483265381312,-0.05658670646381245,0.05286903122601625
33.15,0.015448953778868242,-0.0288695528758273,0.0026822040618972674,0.017147124462342508,-0.059612484190952886,0.0484973650167351
33.18,0.023862120854154775,-0.03335160223395074,0.005679576162543137,0.025746557845859584,-0.06157981879823408,0.04342786482676956
33.21,0.03176292379230415,-0.03724502692631108,0.008594998778812707,0.03379312396647459,-0.06245377948537485,0.03773347625834819
33.24,0.03898175650851603,-0.040481434775831215,0.011387985043236864,0.041114035338827404,-0.062218848736390345,0.03149613650209762
33.27,0.045363655253052595,-0.043004023555444075,0.014019791185681883,0.04755208678401167,-0.060879197839195834,0.024805595333690884
33.3,0.05077162515507844,-0.044768577907511514,0.016453953935977622,0.05296903116614882,-0.05845861282274805,0.01775812369434037
33.33,0.055089580976682234,-0.045744244318608636,0.01865679567079112,0.05724854803449066,-0.05500007212673904,0.01045512843751433
33.36,0.058224838950380595,-0.04591407056686491,0.02059789030729125,0.060298741424081086,-0.05056498350248341,0.0030016931744405377
33.39,0.0601101062113565,-0.0452753002106426,0.022250483499158764,0.06205411317859486,-0.045232093694124086,-0.004494933785666487
33.42,0.06070492512180327,-0.04383941700379752,0.023591861332639644,0.06247696942131636,-0.03909609025919591,-0.011926882643458429
33.449999999999996,0.05999654148746601,-0.04163193852804828,0.024603662442594133,0.06155822997248275,-0.03226592035377324,-0.019187214259996786
33.480000000000004,0.05800017803454934,-0.03869196274947419,0.025272129260731434,0.05931762333201382,-0.024862856332833066,-0.026171458915920324
33.51,0.05475870728307709,-0.035071475556092205,0.02558829495934744,0.05580326304067772,-0.017018342511860397,-0.032779119537859495
33.54,0.050341730846438656,-0.03083443154024748,0.025548103552000045,0.05109061451667733,-0.008871661321291333,-0.03891511776200571
33.57,0.04484408492944214,-0.026055624279148086,0.025152461545119333,0.045280874553233805,-0.0005674602921400805,-0.04449116202726588
33.6,0.038383804115164614,-0.020819366069092245,0.024407220488550617,0.03849879827493473,0.007746816217846445,-0.04942701801235769
33.63,0.031099587159807977,-0.015218000418659523,0.023323090735170447,0.03089002021557776,0.015923544956793458,-0.053651663136384774
33.66,0.023147819205000624,-0.009350273544481898,0.02191548767660425,0.022617927043194038,0.023817544887638806,-0.0571043085106547
33.690000000000005,0.014699214339044555,-0.0033195935885500885,0.020204312660402072,0.013860149085614832,0.03128865493458822,-0.05973527363676128
33.72,0.005935150588091808,0.002767791755110797,0.01821367170075483,0.004804745995609978,0.038204222598182444,-0.061506701264803225
33.75,-0.0029562239797907112,0.008804667088669275,0.015971535957375105,-0.004353831537496588,0.044441459252636234,-0.06239310212556468
33.78,-0.011784030441954578,0.014684737655973293,0.013509348763562159,-0.013418917313775569,0.049889620306217866,-0.06238172169844574
33.81,-0.020358756786099677,0.020304500926716037,0.010861584723555515,-0.022195852723283508,0.05445197151506364,-0.061472723737678314
33.84,-0.02849632628249396,0.025565068465537917,0.008065267060836226,-0.030496166736783258,0.058047506537751585,-0.059679187916048294
33.87,-0.03602204912520717,0.030373906017381425,0.005159449973929605,-0.0381416230277979,0.06061238523477692,-0.057026921620028655
33.9,-0.04277437251105862,0.03464646118994849,0.002184673236582768,-0.04496804732035018,0.062101067175355976,-0.053554088604424385
33.93,-0.04860834865305823,0.03830765010242447,-0.0008176033416553917,-0.05082885277605081,0.062487120225699175,-0.04931065984985876
33.96,-0.05339874628136887,0.041293176861558846,-0.0038055777056130733,-0.05559818771833417,0.06176368986194995,-0.044357694524773755
33.99,-0.05704273883919969,0.043550662677700455,-0.0067376875438182405,-0.05917363810136201,0.0599436208749537,-0.03876646139826236
34.02,-0.05946211166921664,0.04504056479236529,-0.009573188374766582,-0.06147842669228086,0.057059229305940734,-0.032617413345821245
34.05,-0.06060494081290685,0.04573686909609911,-0.012272719690140241,-0.06246306174281672,0.05316172866249483,-0.02599902970397464
34.08,-0.060446707389148716,0.04562754430539749,-0.014798851288999555,-0.0621063997475501,0.04832032060256884,-0.01900654313125755
34.11,-0.05899082363548541,0.04471474976992053,-0.01711660222026848,-0.06041609946779134,0.04262096623181046,-0.01174056929489721
34.14,-0.056268559326133075,0.0430147933221161,-0.019193925139367227,-0.057428457471600046,0.03616485983029777,-0.004305659100783582
34.17,-0.05233837015342478,0.04055783998416597,-0.02100214937310238,-0.053207628721470786,0.029066632108267078,0.0031912057011470457
34.199999999999996,-0.0472846424978462,0.037387376734336744,-0.02251637656801528,-0.04784424894635161,0.021452314892734883,0.010642151889213896
34.230000000000004,-0.04121588154044796,0.0335594428291031,-0.02371582346313643,-0.04145348838041232,0.013457103382803941,0.01793996696977964
34.26,-0.03426238162126472,0.02914163930321601,-0.024584107069152292,-0.03417257866149386,0.005222955705691342,0.024979641869749023
34.29,-0.026573428861903947,0.024211935154607976,-0.025109468341975014,-0.026157865995245718,-0.0031039276056939445,0.03165988192380415
34.32,-0.018314096111093442,0.01885729129632098,-0.025284931298339475,-0.017581453863665886,-0.011375699460756353,0.037884564414613076
34.35,-0.009661699023160525,0.013172126560639815,-0.025108395422319553,-0.008627507370652682,-0.019445491294498803,0.04356412169330335
34.38,-0.0008019893533037096,0.007256652815017445,-0.024582660141978026,0.0005117014170034245,-0.027170020776700655,0.0486168299783263
34.41,0.008074832806025889,0.0012151085464564982,-0.02371538110176563,0.009639922213040011,-0.03441213584608566,0.05296998528804175
34.440000000000005,0.016778202237360037,-0.004846077949549061,-0.02251895890558253,0.018561140681215154,-0.04104324989915203,0.05656094958639828
34.47,0.02512127960073813,-0.010820163408793026,-0.021010361944395317,0.027083787538140367,-0.04694562489592833,0.0593380520886027
34.5,0.03292496240198693,-0.016601969439857898,-0.019210885837911647,0.035024852205520936,-0.05201446184521407,0.06126133275779086
34.53,0.040021729821406976,-0.022089734261856567,-0.017145852899334117,0.04221381267752341,-0.0561597615519166,0.06230311729444383
34.56,0.04625923886516836,-0.027186903737462235,-0.0148442558634433,0.04849629721548422,-0.05930792258818298,0.06244841534496244
34.59,0.05150359464122175,-0.03180383017875848,-0.012338350889677625,0.05373739924076395,-0.06140304811572057,0.061695136199533006
34.62,0.05564222455823893,-0.03585934903672433,-0.00966320555280999,0.057824574243581735,-0.06240793835616145,0.06005411887558338
34.65,0.05858629474978964,-0.03928220574432602,-0.006856208154581254,0.060670056501220856,-0.06230475108776897,0.057548976153955336
34.68,0.06027261685406139,-0.0420123076300426,-0.00395654522168065,0.06221274371034292,-0.06109531844110721,0.054215754811974055
34.71,0.06066500422093865,-0.04400177890645458,-0.001004654491445061,0.06241950906386452,-0.05880111436884171,0.05010241694235889
34.74,0.05975504843827199,-0.04521580021276745,0.001958338979389888,0.06128591259758739,-0.05546287336725793,0.04526814982133532
34.77,0.05756229951392876,-0.04563321798953283,0.0048911957201606595,0.05883629653152004,-0.051139867219246835,0.0397825142563326
34.8,0.05413384585255572,-0.045246913021366464,0.00775313578547652,0.055123262558584525,-0.045908852600470784,0.033724443667786846
34.83,0.0495433030510608,-0.044063921727615585,0.010504405741051484,0.050226542305119755,-0.039862708234376217,0.02718110830737283
34.86,0.043889233228022115,-0.04210530813690515,0.01310683081360486,0.04425128521828437,-0.03310878579390246,0.020246660955554704
34.89,0.03729302882710575,-0.039405788872551806,0.015524344536383697,0.037325800645312775,-0.02576700383027587,0.013020882146753164
34.92,0.029896306330690577,-0.03601311782463906,0.017723488542470717,0.029598802589958485,-0.017967718571933675,0.005607744416134831
34.949999999999996,0.021857865840465365,-0.031987241414526205,0.019673875580581025,0.02123621631069252,-0.009849409398380839,-0.001886083772763486
34.980000000000004,0.01335028180094575,-0.02739923939426361,0.02134860934654146,0.012417615333990911,-0.0015562200843024137,-0.00935277289242376
35.01,0.004556198059604699,-0.02233006989577674,0.022724655330779414,0.0033323653923062677,0.006764600529889933,-0.016684883922414524
35.04,-0.004335593196337237,-0.01686914088640472,0.023783157569388466,-0.005824441910345378,0.01496531299917553,-0.02377691430140873
35.07,-0.013134204447680285,-0.011112733237926761,0.024509696944045763,-0.014856178386978912,0.022900310445920235,-0.030526816015276122
35.1,-0.02165075078523523,-0.005162303221971552,0.024894487493618632,-0.023568901551962524,0.030428703867298658,-0.036837463977311656
35.13,-0.029702404812087926,0.0008773056400753379,0.024932508066281764,-0.03177551923408302,0.03741682367499224,-0.042618053571913526
35.16,-0.03711632145719247,0.006899709856980341,0.02462356754327496,-0.03929980708976946,0.043740593051341224,-0.04778540725229931
35.190000000000005,-0.04373334844507783,0.012798859829583804,0.023972302791474498,-0.04598019274663074,0.04928773098207798,-0.05226517139148033
35.22,-0.04941144276891718,0.0184709072882812,0.022988109438820528,-0.05167322531871345,0.05395974584992834,-0.05599288616487246
35.25,-0.05402871982658154,0.02381603342233706,0.02168500650129076,-0.05625665579103923,0.05767368419204185,-0.05891491306988334
35.28,-0.05748606976604613,0.028740205519079295,0.02008143680953413,-0.0596320621269573,0.06036360357137464,-0.06098920673629365
35.31,-0.05970928487831293,0.033156831199316644,0.018200006074697867,-0.06172696272821697,0.06198174341061355,-0.06218591992176681
35.34,-0.06065065237336188,0.036988281147638274,0.01606716428402059,-0.06249637286449413,0.06249937300002459,-0.062487832987139585
35.37,-0.0602899783521829,0.040167253560519,0.013712833915620667,-0.06192377065046962,0.061907301622512456,-0.061890601671725706
35.4,-0.05863502099925895,0.04263795633028705,0.011169990197518798,-0.06002145182760505,0.06021604173841995,-0.06040281960336621
35.43,-0.05572132370281099,0.04435708619965451,0.008474199298122181,-0.05683026573222961,0.057455622332656955,-0.05804589464376236
35.46,-0.051611451692401014,0.04529458770289603,0.00566312091502424,-0.05241873811961217,0.053675055738254214,-0.054853740848371954
35.49,-0.04639364858856042,0.045434178592714765,0.0027759822180523173,-0.046881599680006804,0.0489414674030994,-0.05087229047329233
35.52,-0.040179941712077206,0.044773632567888785,-0.0001469695056901132,-0.04033775184449964,0.04333890405118983,-0.04615883305091726
35.55,-0.03310373683410124,0.04332481439339707,-0.0030650278678479403,-0.0329277135618109,0.03696684139996765,-0.04078119104448175
35.58,-0.025316954008282197,0.04111346686652037,-0.0059375942363209975,-0.024810603872546955,0.029938417929803757,-0.03481674394309313
35.61,-0.01698676597746305,0.03817875345256653,-0.008724742541006088,-0.01616072507542464,0.02237842606574829,-0.028351314839653596
35.64,-0.00829200917854062,0.034572564715418724,-0.011387774170768514,-0.00716381985665584,0.014421096438906465,-0.021477935512828433
35.67,0.0005806556031542783,0.030358600825319392,-0.013889755250169224,0.0019869172451858186,0.0062077145687510875,-0.014295507782432732
35.699999999999996,0.009440750505060977,0.025611246366015673,-0.0161960288371657,0.011094988391231159,-0.002115887716884672,-0.006907380400143011
35.730000000000004,0.018098069755275545,0.020414257316287245,-0.0182746949392357,0.019964811927614897,-0.01040192158330882,0.0005801380471884847
35.76,0.026366762951097373,0.014859283382713511,-0.02009705170008615,0.02840592219712789,-0.018503265237899125,0.008059308823617111
35.79,0.03406932478967817,0.009044251753266782,-0.021637991655881064,0.036237059492802724,-0.02627607613543722,0.015422513308763547
35.82,0.04104040560150775,0.003071640774122416,-0.02287634759105476,0.04329006232804415,-0.03358234495911434,0.022563801534115274
35.85,0.04713036088543176,-0.0029533260177533717,-0.023795183230405834,0.04941347844286056,-0.040292346030270765,0.02938041670891074
35.88,0.05220846364789951,-0.00892453367998686,-0.024382024776386128,0.054475817005456985,-0.04628694063887953,0.03577427379903356
35.91,0.05616571058885686,-0.01473684480907474,-0.024629030127499667,0.058368372173221675,-0.05145969239823507,0.04165337088348064
35.940000000000005,0.05891716189669422,-0.02028795072702367,-0.02453309348394697,0.06100755738152796,-0.0557187570648918,0.046933112980238965
35.97,0.06040376442771171,-0.02548017231609707,-0.02409588394794059,0.06233670023513205,-0.05898851326935574,0.05153752929289318
36.0,0.060593619136706287,-0.030222178803585038,-0.023323817645906894,0.06232725945966719,-0.06121090520326389,0.05540036636286715
36.03,0.05948266555640003,-0.03443059425262624,-0.022227963825260703,0.060979437781094735,-0.062346473423112087,0.05846604139781031
36.06,0.057094768638374344,-0.03803146350139794,-0.020823886296710656,0.05832217757247961,-0.06237505546820537,0.06069044205858049
36.09,0.05348120609827533,-0.04096155177631819,-0.0191314224913538,0.054412539361568896,-0.061296143853083414,0.062041561196599496
36.12,0.048719567277876075,-0.0431694551413974,-0.017174403267667913,0.04933447654475617,-0.05912889507812464,0.062499957408274825
36.15,0.042912087169836105,-0.04461650228369101,-0.014980317424892507,0.043197032618542366,-0.05591178949834211,0.06205903477951892
36.18,0.03618345137648045,-0.045277431815045954,-0.012579925644818819,0.03613199964014209,-0.05170194808953468,0.060725137795090735
36.21,0.02867811913133334,-0.04514083322809184,-0.010006829283087893,0.028291088198149978,-0.04657411824287932,0.05851746004709873
36.24,0.020557221857673315,-0.04420934380992632,-0.007297000054060443,0.019842669663742884,-0.040619346595580655,0.055467768056268685
36.27,0.011995103849946672,-0.04249959811676875,-0.004488277191579762,0.010968160677503693,-0.03394336246199215,0.05161994417994285
36.3,0.0031755793458929653,-0.040041930971247364,-0.0016198391140919885,0.0018581275093856914,-0.02666470056802545,0.047029355183958156
36.33,-0.005712013655197808,-0.036879839284174154,0.0012683430295017607,-0.007291806055375131,-0.018912596420437366,0.041762055564092834
36.36,-0.014476878110228669,-0.033069212248224115,0.004136062311954005,-0.016285159432617945,-0.010824691679541268,0.03589383708057797
36.39,-0.022930853924474345,-0.028677343527133737,0.006943435717785841,-0.024928814354038507,-0.0025445902773534265,0.02950913818202751
36.42,-0.030892457286267418,-0.023781742899134706,0.009651458780917721,-0.03303716178147002,0.005780691326741421,0.02269982901120712
36.449999999999996,-0.038190776629606446,-0.01846876833987826,0.012222547457220016,-0.04043608757213266,0.01400333448109107,0.01556388947532918
36.480000000000004,-0.044669141588992295,-0.012832102686068759,0.01462105970452313,-0.04696671130889303,0.021977342920116306,0.008203999402267357
36.51,-0.050188486185120194,-0.006971101750944466,0.016813789532322966,-0.05248879800997214,0.029561134985469348,0.0007260610690899387
36.54,-0.05463033404514543,-0.0009890430186684535,0.018770426673541472,-0.05688376945694516,0.03662005746410335,-0.0067623246375868055
36.57,-0.057899341576142585,0.005008694212965964,0.02046397551572743,-0.060057250477450516,0.043028776409068596,-0.014153406502727027
36.6,-0.05992534450086361,0.010916485173886555,0.021871127502168342,-0.06194109550514948,0.04867350249307112,-0.021340833427096053
36.63,-0.060664863827216656,0.016630319746356457,0.022972581866470228,-0.06249485189971511,0.05345401138276551,-0.02822118472505911
36.66,-0.06010203892812288,0.02204963361493845,0.023753310288082915,-0.06170662860433076,0.057285423261241024,-0.03469545825633275
36.690000000000005,-0.058248967707416555,0.02707907820366021,0.024202761840862484,-0.059593351487630356,0.060099709902578916,-0.04067049497879562
36.72,-0.05514544655619137,0.031630198249559455,0.02431500544109149,-0.056200399887009554,0.061846902539779064,-0.04606031942430977
36.75,-0.05085811568920626,0.03562298749736552,0.024088807873766507,-0.05160063215797454,0.06249597907988542,-0.05078737680929663
36.78,-0.04547902821602341,0.03898729515493975,0.02352764637423187,-0.04589282115433985,0.06203541491345649,-0.05478364897914614
36.81,-0.039123673672429346,0.04166405838515383,0.022639655653867115,-0.03919953323490321,0.06047338753854199,-0.057991633129010615
36.84,-0.031928498448814624,0.043606339180570865,0.02143751017082377,-0.031664496341628316,0.057837631365986374,-0.06036516921806104
36.87,-0.024047976352155977,0.044780147418407065,0.01993824334706097,-0.02344951366576082,0.05417494528404821,-0.06187010417144997
36.9,-0.01565129219521808,0.045165035663911,0.018163006308633246,-0.014730989176094757,0.049550361725719444,-0.06248478331270515
36.93,-0.006918709613268573,0.04475445531400289,0.016136769565178462,-0.005696139618262841,0.04404599199228133,-0.062200361955278394
36.96,0.0019622989133270077,0.04355586787884198,0.013887971835198212,0.0034610256735289617,0.03775956833483175,-0.061020932669724345
36.99,0.010801076748288601,0.04159060951281658,0.011448120955065293,0.012543870825035858,0.030802708679700277,-0.058963466395247424
37.02,0.019407876097712773,0.03889351125227968,0.008851352471613214,0.02135735587136854,0.02329893480823414,-0.05605756824296958
37.05,0.027597931449379543,0.035512281718645844,0.006133952101518779,0.029712224936717657,0.015381479178953132,-0.052345051504692694
37.08,0.03519542600590431,0.031506663226488596,0.0033338487374403245,0.0374290702097665,0.007190919332809239,-0.04787933599679103
37.11,0.04203726596277144,0.026947376223437743,0.0004900850841930177,0.044342184447244276,-0.0011273181163832773,-0.0427246793965303
37.14,0.04797658160841939,0.0219148707118181,-0.0023577266873920284,0.050303119279101464,-0.009425539588715032,-0.036955252631200676
37.17,0.052885880089004966,0.016497906695603706,-0.005169956680005285,0.05518387290624101,-0.01755640689582395,-0.03065407262439229
37.199999999999996,0.056659782159321666,0.010791988700721808,-0.007907508718393007,0.0588796387399573,-0.025375553288420893,-0.023911807756245837
37.230000000000004,0.059217284173006646,0.004897681979230306,-0.010532363834025994,0.06131105596032845,-0.03274414674474502,-0.01682547322604367
37.26,0.060503496757887215,-0.0010811599165831708,-0.013008108231331625,0.06242591366632267,-0.039531354987753425,-0.009497035089714102
37.29,0.06049082285726,-0.007039224951984216,-0.015300438404211743,0.06220027202364722,-0.04561666846369471,-0.0020319430589086683
37.32,0.05917954985386288,-0.012871597579667052,-0.017377636396656487,0.06063897633543463,-0.050892040036667516,0.005462386826630377
37.35,0.05659784307189923,-0.018475606188374388,-0.019211008623522242,0.05777555299689823,-0.05526380340804508,0.01287811782041623
37.38,0.05280114080366369,-0.023752630498858895,-0.02077528218100093,0.05367148956816876,-0.05865433619847367,0.020108544144159853
37.41,0.04787096385521186,-0.028609837090565776,-0.022048953173733524,0.04841491442462757,-0.0610034381637697,0.02704962638908508
37.440000000000005,0.04191316517429609,-0.03296181251728149,-0.02301458225851985,0.04211870433719091,-0.06226940007394955,0.03360148855055615
37.47,0.0350556571436391,-0.03673206528232924,-0.023659033343709893,0.03491806061931346,-0.062429744277024385,0.039669855155019855
37.5,0.02744566533550047,-0.0398543702616259,-0.023973652178280333,0.026967605889182473,-0.06148162379855828,0.045167407800282944
37.53,0.01924656768870779,-0.04227393194508594,-0.023954382404189754,0.018438063789616127,-0.05944187289081986,0.05001504158971561
37.56,0.010634386968657289,-0.04394834606433595,-0.02360181751813894,0.009512592963514472,-0.05634670813400745,0.054143003381409795
37.59,0.0017940118132094881,-0.04484834273106028,-0.022921188082167542,0.00038285400703493325,-0.05225108539661303,0.05749189547389827
37.62,-0.00708477250684332,-0.04495829806280344,-0.02192228442414391,-0.008755106143447614,-0.047227724072346954,0.060013530286289224
37.65,-0.015811358400025406,-0.044276505353777466,-0.020619315966598106,-0.017705064014210917,-0.04136581591868079,0.0616716237347287
37.68,-0.024198407871762695,-0.0428152010852368,-0.019030709203024992,-0.026274833187920225,-0.03476944142208815,0.06244231732811988
37.71,-0.03206587420301017,-0.040600345388628375,-0.01717884719250887,-0.03428039120785971,-0.027555721808042007,0.062314521470605774
37.74,-0.03924486705453131,-0.03767116089892616,-0.015089754254467977,-0.04154983117381438,-0.01985273950755838,0.06129007503099778
37.77,-0.04558127802374839,-0.03407943818916638,-0.012792730304243757,-0.04792705317523038,-0.011797264003221284,0.05938371888308776
37.8,-0.050939088824594914,-0.029888620085326868,-0.010319939966656262,-0.053275116293871196,-0.0035323234331879733,0.05662288379757509
37.83,-0.05520329107507365,-0.02517268105103835,-0.00770596222888382,-0.05747917919692906,0.004795334929698915,0.053047295737655334
37.86,-0.0582823550159529,-0.02001482143573321,-0.004987306937487243,-0.06044896617593077,0.01303785023349935,0.0487084042377162
37.89,-0.06011019416818644,-0.01450599963434095,-0.0022019048996029396,-0.062120705677089876,0.02104887337479908,0.04366864209026332
37.92,-0.060647583758305895,-0.008743328054320668,0.0006114212909727836,-0.062458499696182876,0.02868616548464272,0.0380005269935231
37.949999999999996,-0.059883002467880794,-0.002828361176648724,0.0034134983208208933,-0.061455094632325395,0.03581412343563625,0.03178561808621515
37.980000000000004,-0.057832879443410076,0.0031346941106145144,0.0061653475767771354,-0.05913203704776308,0.04230618752884635,0.025113342384031578
38.01,-0.05454124127091568,0.009040814367545065,0.00882872732514874,-0.055539210988978176,0.04804708861106791,0.018079708004359218
38.04,-0.05007876650095438,0.014786009303510182,0.011366664109261102,-0.05075376680442098,0.05293489472400835,0.010785922694797374
38.07,-0.044541268028207,0.020269152746977527,0.013743965981695363,-0.04487846446083835,0.05688282094632675,0.003336937543618008
38.1,-0.0380476359122167,0.02539376264602573,0.015927710447534923,-0.03803946693290308,0.05982077029407023,-0.004160063173119498
38.13,-0.030737284808554224,0.030069698768542194,0.017887700353764937,-0.03038363104966783,0.061696578320213684,-0.01159720427804109
38.16,-0.022767160814046186,0.034214748229509526,0.019596881412575536,-0.022075353972700048,0.06247693931494827,-0.018867471920386666
38.190000000000005,-0.014308371987426535,0.03775607095682918,0.02103171558631641,-0.013293043022872488,0.062147997661667946,-0.025866253410214247
38.22,-0.005542514884839676,0.040631479681720865,0.022172505181639934,-0.004225284660785241,0.06071559384889579,-0.03249284250203397
38.25,0.003342224025364192,0.04279053196114503,0.023003663191249107,0.004933205113997087,0.05820516077011151,-0.0386518884681783
38.28,0.012155108372205063,0.04419541505635221,0.02351392617395341,0.013985761986018643,0.05466127215271748,-0.044254768111030414
38.31,0.020706946584612893,0.044821608145040326,0.023696506766902516,0.022737996384057393,0.05014685113396484,-0.04922086097207432
38.34,0.02881415338241302,0.0446583102702708,0.023549183766689474,0.031001967694657736,0.04474205303588548,-0.05347870938864166
38.37,0.036302690865250745,0.04370862655804229,0.023074328586724972,0.03860021999433095,0.0385428421760008,-0.056967046706169665
38.4,0.043011804594731716,0.04198950949448304,0.022278867784740933,0.04536959263935489,0.03165928798309326,-0.05963567885090979
38.43,0.0487974744670776,0.039531456367957296,0.021174182244133564,0.051164723886687066,0.024213610671175806,-0.06144620657803908
38.46,0.05353550629733447,0.036377968274999416,0.019775944473719165,0.05586117231118427,0.01633801117148705,-0.06237257800266592
38.49,0.05712419775014353,0.03258478028628238,0.018103896350101904,0.05935808899155157,0.0081723238529238,-0.06240146346330012
38.52,0.05948652139066905,0.028218876395913858,0.016181570453300577,0.06158038308398586,-0.00013846629221653302,-0.061532447323835025
38.55,0.06057177799627489,0.023357306663360354,0.014035958928084392,0.06248033428119,-0.008446797913839215,-0.05977803395418172
38.58,0.060356684642381274,0.018085827435630954,0.011697134529790473,0.06203861753170965,-0.016605153313902228,-0.057163467803499214
38.61000000000001,0.058845874210451926,0.012497388646839693,0.009197829174186146,0.06026471801533953,-0.024468677681206915,-0.053726370155007
38.64,0.05607179560175614,0.006690494878260322,0.006572975897066439,0.05719672746364819,-0.03189775104558464,-0.04951619778915532
38.67,0.052094016806147274,0.0007674690773114409,0.003859220632658447,0.05290052619932103,-0.038760467285420555,-0.044593531344509094
38.699999999999996,0.04699794579440891,-0.005167350460311549,0.001094410633615743,0.04746836845875363,-0.04493497617276017,-0.03902920361619984
38.73,0.04089299670053538,-0.011009448074799151,-0.0016829333262413323,0.04101690137589143,-0.05031164687206608,-0.0329032803349562
38.760000000000005,0.03391024066834378,-0.016655971315603233,-0.004434153606587105,0.03368466016655469,-0.054795014478852856,-0.026303908092396966
38.79,0.026199591799424753,-0.022007541690756846,-0.007120993736726772,0.025629093300267487,-0.05830547503664046,-0.01932604598991772
38.82,0.01792658861915433,-0.02697000371349259,-0.00970613034534299,0.017023181539396276,-0.06078069893653311,-0.012070099261616434
38.85,0.009268840160075955,-0.03145608146336326,-0.012153691588252772,0.008051723446471024,-0.06217673760395774,-0.004640474532209666
38.879999999999995,0.00041221296104463945,-0.035386913516685777,-0.014429754873655266,-0.0010926328773612677,-0.062468803822903346,0.002855922501505982
38.910000000000004,-0.008453159158429969,-0.0386934392515171,-0.016502816979433475,-0.010213526610509397,-0.061651711842697375,0.010311225348618619
38.940000000000005,-0.017136956885558795,-0.041317612157512174,-0.018344230047953512,-0.01911510075400458,-0.059739969453049956,0.01761815882703922
38.97,-0.025452761135673272,-0.043213418834542425,-0.0199285974249519,-0.027606207855760304,-0.05676752039253746,0.024671582658031346
39.0,-0.03322205499653442,-0.04434768579197109,-0.021234123873731033,-0.03550451460464189,-0.05278714166416405,0.03137000434137902
39.029999999999994,-0.04027805598397066,-0.04470065990251312,-0.02224291533605863,-0.04264041715457571,-0.0478695064589007,0.03761703954226364
39.06,-0.046469296341103396,-0.04426635235466346,-0.02294122411790532,-0.04886068310320581,-0.04210192932536302,0.04332279897618068
39.09,-0.051662874523314195,-0.043052640115422806,-0.023319636141559685,-0.05403174191927394,-0.035586815865634225,0.04840518183585487
39.12,-0.055747308070901794,-0.04108112318703451,-0.023373197715050878,-0.058042553161915714,-0.02843984448349402,0.05279105714888998
39.15,-0.05863492662949117,-0.03838674024241755,-0.023101480113881717,-0.06080699090132677,-0.0207879124688293,0.05641731606746666
39.18,-0.06026375375095243,-0.035017149478180555,-0.022508581137048386,-0.06226569313907604,-0.012766882886306336,0.05923177994857473
39.21,-0.060598837082901466,-0.031031885656637226,-0.021603063677112674,-0.062387336514642795,-0.004519172273182896,0.061193951158312464
39.24,-0.05963299839716349,-0.026501308246366796,-0.020397832220473366,-0.06116930892583837,0.0038087780223649025,0.06227559579684627
39.27,-0.05738698736264339,-0.021505359245288597,-0.018909949056762583,-0.05863776561963571,0.012069101965017728,0.0624611499591365
39.3,-0.05390903576847714,-0.01613215261631014,-0.017160392813478406,-0.05484706754894346,0.020115134251969154,0.06174794368569857
39.33,-0.049273821774334425,-0.010476420224539578,-0.015173762731932643,-0.04987861405573884,0.027804014413103397,0.060146239380947035
39.36000000000001,-0.04358086642999448,-0.004637841684828798,-0.012977932852247777,-0.04383909494687252,0.034999223354871094,0.05767908414631676
39.39,-0.03695239689393139,0.0012807124352124954,-0.010603660968067821,-0.036858199496497344,0.0415730073105282,0.05438197815295631
39.42,-0.02953072222898953,0.007174993094337469,-0.008084157836268983,-0.029085831570728568,0.047408646158547514,0.0503023638258158
39.449999999999996,-0.02147517811654056,0.012941209004959264,-0.0054546226746437915,-0.020688890675399696,0.0524025258343166,0.04549894318931621
39.48,-0.01295870608418197,0.01847785426574125,-0.00275175144374015,-0.011847688048904,0.05646597803863673,0.04004083319738923
39.510000000000005,-0.00416414068742006,0.02368749521734982,-1.3224781401887325e-05,-0.0027520747589506803,0.05952685457827438,0.034006571201937695
39.54,0.0047197156455264875,0.02847848506667265,0.002722817265012676,0.006402635053667615,0.06153080838552908,0.027482984870141572
39.57,0.013502145839219765,0.03276657610594497,0.005418306387016385,0.01541985824230012,0.062442258471811105,0.020563942811495105
39.6,0.02199461245182689,0.036476401165350586,0.00803577564757424,0.024105963971589248,0.06224502168209825,0.013349003891941663
39.629999999999995,0.030014805115971155,0.039542798248706795,0.010538880229770257,0.03227443163833124,0.06094260003322286,0.005941984670275507
39.660000000000004,0.03739055425088843,0.04191195507096072,0.01289290206424626,0.0397498561111663,0.058558118534184606,-0.0015505344298725639
39.690000000000005,0.04396352702903879,0.04354235339452199,0.015065231329470505,0.04637171428280876,0.05513391459251383,-0.00902074271760819
39.72,0.04959262625581143,0.04440549659284372,0.01702581814752486,0.05199781205396971,0.05073078629693716,-0.016361150534798953
39.75,0.05415701919966985,0.044486407691850055,0.01874758821932141,0.056507337730356544,0.045426912923382474,-0.023466135936723743
39.779999999999994,0.057558731355059074,0.04378388918540159,0.02020681665102141,0.05980345626580049,0.03931646683116399,-0.030233464497986074
39.81,0.05972474946105985,0.042310540118681024,0.021383454810780862,0.061815388644178244,0.03250794139567708,-0.03656576037503496
39.84,0.060608588634582856,0.040092530209205404,0.022261405713536415,0.062499931748636786,0.025122224665815894,-0.042371907458011074
39.87,0.06019128998166107,0.037169135053807936,0.022828744152140992,0.061842386081295025,0.01729045294908458,-0.047568360450588446
39.9,0.058481827277123366,0.03359204067603458,0.023077878565671978,0.05985687141208543,0.009151682434843229,-0.0520803470125379
39.93,0.0555169139891314,0.029424429727918904,0.023005652449366733,0.05658602357866791,0.0008504201969342591,-0.055842943667249255
39.96,0.05136021479838555,0.024739865501588895,0.022613383954029523,0.052100078948166074,-0.007465941586290606,-0.05880200999285916
39.99,0.0461009785458907,0.01962099346203456,0.021906843184136014,0.046495366200485166,-0.015649742638109487,-0.060914967654804544
40.02,0.03985212196357475,0.01415808322009141,0.02089616757123259,0.039892237819817974,-0.023555676349761575,-0.06215141307021563
40.05,0.032747805332140265,0.008447436667882703,0.01959571656051401,0.032432485712339545,-0.03104336975647733,-0.06249355488845227
40.08,0.024940552117201475,0.002589690348368675,0.018023867691684813,0.02427629644567888,-0.037979875914717756,-0.061936469992827696
40.11000000000001,0.01659797442388666,-0.0033119580149692323,0.016202756968652764,0.015598811491661695,-0.044242034427483916,-0.0604881743398822
40.14,0.00789917457153053,-0.009153567575437654,0.014157967184976205,0.006586366335758443,-0.049718658205640684,-0.058169507616892685
40.17,-0.0009690999577878398,-0.014832284978468151,0.011918168592585314,-0.002567510787490559,-0.054312507638446805,-0.05501383337729398
40.199999999999996,-0.009816465649518194,-0.020248155294177266,0.009514716960142028,-0.011666254612142922,-0.057942017121116414,-0.05106655896879667
40.23,-0.018452990096956987,-0.02530588138232944,0.006981214655389134,-0.02051448377404508,-0.06054274328423565,-0.04638448216200923
40.260000000000005,-0.026693269409160503,-0.0299165007222549,0.004353040894852159,-0.028922196321574684,-0.062068509211151056,-0.04103497388099779
40.29,-0.034360408353970376,-0.033998950202717794,0.001666857727292728,-0.036708849711870314,-0.062492224327299645,-0.03509500879556461
40.32,-0.04128981779275336,-0.03748149134833127,-0.0010399013514332943,-0.04370723768097882,-0.061806365404022956,-0.028650057724160616
40.35,-0.047332747886792675,-0.04030297092482882,-0.0037295530195054706,-0.049767080738167026,-0.060023110136452944,-0.021792857784769894
40.379999999999995,-0.05235948122860457,-0.04241389477176431,-0.006364688718170415,-0.05475825318412005,-0.057174120923741883,-0.014622077990201742
40.410000000000004,-0.056262117352979965,-0.04377729600671691,-0.008908694906375258,-0.05857357735783223,-0.053309982690703306,-0.007240899488688195
40.440000000000005,-0.05895688885549843,-0.04436938237167817,-0.011326261746129777,-0.061131125110087156,-0.04849930473256208,0.0002444691211370743
40.47,-0.060385959402280184,-0.044179951386032215,-0.01358387315175528,-0.06237597708296538,-0.042827502529913554,0.0077263200375804735
40.5,-0.06051866503793351,-0.04321256606276273,-0.015650271402377337,-0.06228140201759012,-0.03639528116324668,0.015096996075429834
40.529999999999994,-0.05935217215022173,-0.04148448816311022,-0.017496889877587157,-0.06084943076631246,-0.029316847254603103,0.02225043975716957
40.56,-0.05691153797332983,-0.03902637023553154,-0.01909824792602296,-0.058110812683317435,-0.021717881184051928,0.029083719385823832
40.59,-0.05324917233790362,-0.035881711932263236,-0.020432302409362585,-0.05412435533009517,-0.013733305585074674,0.0354985101405957
40.62,-0.048443712229908106,-0.03210609024626717,-0.02148075107237809,-0.04897566167457431,-0.005504889740103227,0.041402508883652524
40.65,-0.04259833332586352,-0.027766177289798796,-0.022229283564745836,-0.042775291900601205,0.0028212675888891164,0.04671076232024517
40.68,-0.035838534758559304,-0.022938562973274047,-0.022667776672774812,-0.035656389300045783,0.011097332201409918,0.05134688940111744
40.71,-0.028309444675452468,-0.017708403373773336,-0.022790431098862085,-0.02777182122780646,0.01917635931286383,0.05524418037792141
40.74,-0.020172704438878364,-0.012167918646086903,-0.02259584794241455,-0.019290896513256123,0.0269149026170395,0.058346556697208056
40.77,-0.011602998362115095,-0.006414766971830085,-0.022087043876800588,-0.010395729816610065,0.034175561231735804,0.06060937792097168
40.8,-0.0027843034840863345,-0.0005503232174283582,-0.02127140487089108,-0.001277331000004991,0.04082941930550533,0.062000084062878776
40.83,0.006094060105261615,0.005322107358483463,-0.02016057915901929,0.007868496512040484,0.04675833496933718,0.06249866409753375
40.86000000000001,0.014841493596101698,0.011099108872740408,-0.018770311007833315,0.016845360306457745,0.051857037992041076,0.062097943901349616
40.89,0.02327021119316662,0.016678976004548866,-0.01712021765078843,0.02546049620307261,0.05603499889463575,0.06080368948181044
40.92,0.0311992714130096,0.021963504530078108,-0.015233512549512692,0.03352890756539463,0.05921803633688,0.058634524009748154
40.949999999999996,0.03845846140208972,0.02685971968231799,-0.013136678885035419,0.04087733781549364,0.06134963423616592,0.0556216598484656
40.98,0.04489195089001145,0.03128151191783794,-0.010859097870593998,0.04734799084938859,0.062391945232809956,0.05180844943556848
41.010000000000005,0.050361637338635454,0.03515115131148827,-0.008432637101895377,0.052801919462818016,0.06232646268482051,0.04724976147991758
41.04,0.05475011047801863,0.03840065394581196,-0.005891204711686038,0.05712200902622164,0.061154349260610606,0.04201119144967272
41.07,0.057963172591879136,0.04097297627605004,-0.0032702755656815376,0.0602154923391562,0.058896416295362575,0.03616811771180369
41.1,0.05993186045307066,0.0428230164879563,-0.0006063961198598659,0.062015941661560506,0.055592754277580717,0.02980461690438192
41.129999999999995,0.06061392550861973,0.04391840527059293,0.0020633251504110035,0.062484695146098265,0.05130202102668858,0.023012254148481487
41.160000000000004,0.05999474054453,0.044240072139792835,0.0047017346449140344,0.061611687041164015,0.046100400200357765,0.01588876550746515
41.190000000000005,0.05808761337309681,0.04378257740455775,0.007272150657312948,0.05941566383723449,0.04008024862368067,0.008536651651895214
41.22,0.05493350081557033,0.04255420399857149,0.009738873323879071,0.055943781715158986,0.03334845645738994,0.0010617029659813577
41.25,0.05060012912737012,0.04057680762946464,0.012067680413409608,0.05127059394056011,0.026024549320983484,-0.006428522682027232
41.279999999999994,0.04518053975529697,0.03788542795494351,0.014226302073452806,0.0454964499484745,0.01823856606830585,-0.013826247601974186
41.31,0.03879109165277106,0.034527667702427864,0.016184867947477567,0.03874534049539935,0.010128749896515835,-0.021025025106970158
41.34,0.031568963045209814,0.030562850733349384,0.017916320468487706,0.03116223515075126,0.0018390937837094192,-0.027921271186612955
41.37,0.023669206282811293,0.026060973942852242,0.019396788611256217,0.02290996930096492,-0.006483216163080962,-0.0344157549888372
41.4,0.015261419011565497,0.021101471511869682,0.020605916941126172,0.014165747512974131,-0.014690414055148168,-0.04041502666368439
41.43,0.00652610312933922,0.015771813327646156,0.02152714542438286,0.0051173383419029555,-0.022636777863623954,-0.04583276202359051
41.46,-0.0023492103044240728,0.010165962302729106,0.02214793615474967,-0.004040957706449825,-0.030181216771456673,-0.05059100467172464
41.49,-0.01117398701332907,0.004382717800066774,0.02245994389294527,-0.013112480476601955,-0.03718977629640038,-0.054621287725255874
41.52,-0.01975877987340189,-0.0014760256303863357,0.02245912810107758,-0.021902433134183812,-0.043538016705570615,-0.057865618992947405
41.55,-0.02791929589560216,-0.007307073515277279,0.02214580496998115,-0.030222065124813322,-0.049113222491880396,-0.0602773154312481
41.58,-0.035480352512961125,-0.013007749091371559,0.0215246387740375,-0.03789272529851738,-0.05381640368223252,-0.06182167487179971
41.61000000000001,-0.042279638241237524,-0.018477701293933012,0.020604572732896113,-0.0447496981651603,-0.0575640534434537,-0.06247647535479813
41.64,-0.0481711969826354,-0.02362067126407609,0.019398700401071733,-0.05064574090326393,-0.06028963077898523,-0.06223229488324523
41.67,-0.053028561175829075,-0.028346186278933858,0.01792407943292467,-0.05545424517045939,-0.06194474199046691,-0.06109264699711189
41.699999999999996,-0.056747466534886645,-0.03257115129560715,0.016201490370550627,-0.0590719558206113,-0.06249999992689892,-0.05907393021662049
41.73,-0.05924809010280149,-0.036221310111546376,0.014255143864505875,-0.061421188147395195,-0.06194554576507434,-0.05620519208211304
41.760000000000005,-0.060476763579371394,-0.03923255044820993,0.012112340451503958,-0.0624514960424728,-0.060291224056865586,-0.05252771118576158
41.79,-0.06040712514838681,-0.04155203002082315,0.009803087669348377,-0.06214075524716424,-0.057566407935331125,-0.048094403209313075
41.82,-0.05904068508365502,-0.04313910381616466,0.007359679878339505,-0.06049563843647342,-0.053819477583177004,-0.04296905951445774
41.85,-0.05640679299850274,-0.04396603630678352,0.004816246672083831,-0.05755147193377629,-0.0491169612235708,-0.037225429241828714
41.879999999999995,-0.05256200744888516,-0.04401848612205111,0.002208276191964075,-0.053371477133001284,-0.043542353885354254,-0.030946158126412743
41.910000000000004,-0.047588881430317836,-0.04329575470711637,-0.0004278799974203839,-0.04804541291757992,-0.0371946349159431,-0.024221599298874866
41.940000000000005,-0.041594189848109746,-0.04181079465946942,-0.0030555135644505906,-0.04168764822810805,-0.030186510564056194,-0.017148513184309266
41.97,-0.03470663701962077,-0.03958997766615132,-0.00563807053720416,-0.03443470616732769,-0.022642412835909065,-0.009828675205717742
42.0,-0.027074093429339745,-0.03667262619810479,-0.00813965978424786,-0.02644233237895315,-0.014696290155968064,-0.002367411326125347
42.029999999999994,-0.018860421062861142,-0.03311031727719234,-0.010525551776815568,-0.01788215065234388,-0.0064892290599527945,0.0051279174984193605
42.06,-0.010241955477406795,-0.028965970642793718,-0.012762660701802622,-0.008937977568709241,0.0018330508521362404,0.01254946014758509
42.09,-0.0014037201348161893,-0.02431273743803785,-0.014820003233426783,0.00019812467391731083,0.010122784224869846,0.019790427218526984
42.12,0.007464545730251022,-0.019232709043890836,-0.016669127602710936,0.009329972497493448,0.018232783579435165,0.02674662763048475
42.15,0.016172460432142283,-0.013815468850814847,-0.018284507023432865,0.018261473681005218,0.026019052685253955,0.03331796784183526
42.18,0.024533086899998117,-0.008156512516960805,-0.019643892034940234,0.02680083813575427,0.03334334326973237,0.03940989210719862
42.21,0.032366945747404785,-0.0023555645703854035,-0.02072861689918163,0.03476469629904857,0.040075609670754436,0.04493474305057802
42.24,0.039505868195382404,0.0034851789699299235,-0.021523855833357405,0.04198203671020119,0.04609631784859793,0.04981302297709507
42.27,0.04579660613717443,0.00926285098529538,-0.02201882556171817,0.048297878215520236,0.05129856775985742,0.053974537774165735
42.3,0.05110412184788685,0.014875724943356428,-0.022206931420409484,0.05357659794740244,0.05558999140979001,0.057359406942395566
42.33,0.05531448672022936,0.020225005971872427,-0.022085855037389267,0.05770484361435838,0.058894392882417386,0.05991892522274736
42.36000000000001,0.05833732680175607,0.025216569785393467,-0.02165758242432709,0.06059396756507322,0.06115310122900417,0.06161626342193204
42.39,0.060107762638868203,0.029762618857474353,-0.02092837214766715,0.062181930358765035,0.062326012193845225,0.06242699835176823
42.42,0.06058780178953459,0.033783226697267195,-0.019908664080131026,0.06243463296562973,0.06239230028111039,0.06233946425715414
42.449999999999996,0.05976715411712365,0.03720774306828622,-0.01861293006024286,0.06134664899044113,0.06135078851971976,0.06135492067591557
42.48,0.0576634523696583,0.0399760354438422,-0.017059468594488265,0.05894134119594385,0.05921996936092842,0.059487534315176
42.510000000000005,0.054321873316170124,0.04203954488469833,-0.015270146513258469,0.0552703598238806,0.05603767633757596,0.05676417520503173
42.54,0.04981416758054878,0.04336213779886498,-0.01327009122700714,0.05041253348642888,0.051860412314819845,0.053224030062699434
42.57,0.04423711900709554,0.043920738643358076,-0.011087337912868853,0.044472176444427726,0.04676234625952546,0.04891803843048254
42.6,0.037710466638391116,0.04370573248970045,-0.008752436584889499,0.037576848620960245,0.04083399634106701,0.04390815970102984
42.629999999999995,0.030374333922178996,0.04272113043086817,-0.00629802455439294,0.02987461645051433,0.03418062274560302,0.038266481576741514
42.660000000000004,0.022386220342102692,0.04098449498578924,-0.0037583702632219642,0.02153087338272331,0.026920358740041346,0.0320741827917994
42.690000000000005,0.013917620060242188,0.03852662688477317,-0.001168894865094543,0.012724788315420631,0.019182113169388924,0.025420365022329427
42.72,0.005150340165834399,0.03539101882093341,0.0014343217662717038,0.0036454582213818363,0.011103281629470978,0.01840077079247113
42.75,-0.0037274024275256975,0.031633085854771335,0.004015043713428016,-0.005512152414892757,0.002827306954049269,0.011116405824546132
42.779999999999994,-0.012525021642928902,0.0273191860894166,0.006537383372890926,-0.014551398156078631,-0.005498867669149449,0.0036720856564825457
42.81,-0.021053653714093068,0.022525448923395676,0.008966300474729544,-0.023278175266773646,-0.013727407732567297,-0.003825072560621292
42.84,-0.029130211637039972,0.017336431571332772,0.011268088825624252,-0.03150508978915123,-0.021712212268683573,-0.011267191383101033
42.87,-0.03658131556016407,0.011843627561177628,0.013410844014560898,-0.03905548153658191,-0.029311507930197378,-0.018547185335264848
42.9,-0.04324701473769277,0.006143853516358967,0.015364905591808534,-0.04576721759622228,-0.036390366231609926,-0.025560301774216705
42.93,-0.04898422114718852,0.00033754266702000095,0.01710326759334496,-0.051496173881006795,-0.042823099257591465,-0.032205628187289
42.96,-0.0536697810625955,-0.005473024831272237,0.01860195172932353,-0.05611932997013138,-0.04849549130138783,-0.038387544233414096
42.99,-0.057203118647466925,-0.011185523588872745,0.01984033808022364,-0.05953741078114557,-0.053306826809648336,-0.04401709763484999
43.02,-0.05950839482153093,-0.01669938494635369,0.020801448740612117,-0.06167701834785609,-0.05717167862671645,-0.04901328412140091
43.05,-0.06053613506039099,-0.021917567479059936,0.021472180509598558,-0.06249220792742882,-0.06002142478740201,-0.05330421300987306
43.08,-0.06026429118949175,-0.026748264872465073,0.021843483439859743,-0.061965474592241866,-0.06180546692698225,-0.05682814164711315
43.11000000000001,-0.0586987143847364,-0.031106521110827255,0.02191048281356776,-0.06010812912096504,-0.06249212867508267,-0.059534363831913684
43.14,-0.055873029232454505,-0.034915724562593745,0.02167254290311359,-0.05696005511718979,-0.062069218082100565,-0.061383939432183274
43.17,-0.05184791155942048,-0.038108954686891225,0.021133271686155402,-0.052588852571108985,-0.06054424409206893,-0.062350254698839515
43.199999999999996,-0.046709785543280716,-0.040630157688419336,0.020300466506922504,-0.04708838625492676,-0.05794428321839968,-0.0624194052140054
43.23,-0.04056896808028264,-0.04243513046716548,0.019186001497418767,-0.04057677012294797,-0.05431549878973087,-0.06159039596322503
43.260000000000005,-0.033557300252987754,-0.04349229559129142,0.017805658381759775,-0.03319383099821857,-0.0497223213018572,-0.059875155652837325
43.29,-0.025825316750968018,-0.04378325370664581,0.01617890307309331,-0.025098106009099525,-0.0442463044289178,-0.05729836506649342
43.32,-0.017539014015976344,-0.04330310371964934,0.014328611224474867,-0.01646343825115097,-0.03798467700581291,-0.05389710193061491
43.35,-0.008876286496830813,-0.04206052518261964,0.012280746602271242,-0.007475243777189967,-0.03104861669197168,-0.04972030739886335
43.379999999999995,-2.3107523358139782e-05,-0.04007762149984101,0.010063996803347432,0.0016734699238989178,-0.023561275968250264,-0.04482808183243544
43.410000000000004,0.008830463209715856,-0.03738952678503367,0.00770937142642704,0.010786248462628859,-0.01565559551616228,-0.03929082000927937
43.440000000000005,0.017494359836720784,-0.03404378336215627,0.0052497683254691865,0.01966740910120232,-0.007471943803754029,-0.03318819820580338
43.47,0.02578259059940039,-0.030099500938416634,0.002719514011544106,0.028126242735783458,0.0008443752117937007,-0.02660802772607032
43.5,0.03351723061545481,-0.025626312319914413,0.0001538846234894432,0.03598110907772114,0.009145702013115967,-0.019644991375174226
43.529999999999994,0.04053224142271276,-0.020703144118905004,-0.0024113858482509424,0.04306333709607882,0.017284643275512233,-0.012399281057824126
43.56,0.04667703530412022,-0.015416824154310418,-0.004940603229351737,0.04922084696553773,0.025116688893439383,-0.004975156105880577
43.59,0.05181970787866813,-0.00986055011663023,-0.007398609790342519,0.05432141574397874,0.03250277781431379,0.0025205569207696027
43.62,0.05584986956585346,-0.004132246504399507,-0.009751272927014446,0.058255516654398744,0.039311767122233374,0.009980001373468285
43.65,0.058681015143350584,0.001667161200969314,-0.011965959100486229,0.06093867100200112,0.04542276053206636,0.0172958424761029
43.68,0.06025238053436539,0.007435524706108891,-0.014011986456641897,0.062313262222700526,0.05072725495057772,0.0243628117771412
43.71,0.060530246969747126,0.013071272093562849,-0.01586104984773168,0.06234977310917368,0.055131066991555594,0.031079221869091747
43.74,0.059508664533998654,0.018475196336770305,-0.01748761236905503,0.06104741964695187,0.05855600523890338,0.037348429579923285
43.77,0.05720957956915259,0.02355220164950384,-0.018869257995308565,0.0584341678499116,0.060941258566008134,0.043080226582418925
43.8,0.053682363208467226,0.028212976928784328,-0.01998700044773865,0.054566133233647354,0.06224447586122841,0.04819213741183236
43.83,0.0490027511682993,0.03237556684311432,-0.020825544037010396,0.049526375822101266,0.06244251798855052,0.05261060621452573
43.86000000000001,0.04327121756532614,0.03596681292889788,-0.02137349289908682,0.0434231165628071,0.06153186863205591,0.056272055151330866
43.89,0.03661081767620149,0.038923639355103325,-0.02162350576298959,0.0363874134504556,0.05952869672949423,0.059123799226150325
43.92,0.029164545956904667,0.04119416075898416,-0.021572394149999514,0.02857034726041118,0.05646856938642964,0.06112480437622756
43.949999999999996,0.021092266044760312,0.0427385926955714,-0.021221162693025816,0.020139777324173165,0.05240582036828258,0.062246277915841045
43.98,0.012567278653988198,0.043529948725277906,-0.020574991071522195,0.011276737011454766,0.04741258538293928,0.062472082837462424
44.010000000000005,0.0037726010484615217,0.04355451192590505,-0.01964315787021083,0.0021715463202929782,0.04157752128286623,0.061798970008953104
44.04,-0.005102962033739952,0.04281207259127828,-0.01843890747767818,-0.00698027494873297,0.03500423192779986,0.06023662492568806
44.07,-0.013868871653285056,0.041315927998589984,-0.01697926193239202,-0.0159822056759508,0.02780942865743922,0.057807528344885374
44.1,-0.02233694512411586,0.03909264431769536,-0.01528478038786061,-0.024640943407813653,0.020120858035672835,0.054546632807489545
44.129999999999995,-0.030325395836424945,0.03618158492427069,-0.01337926959490656,-0.032770555226272376,0.012075033660056774,0.050500859702171316
44.160000000000004,-0.037662735722946705,0.032634213491132616,-0.011289449477290152,-0.04019647036884151,0.003814812309159221,0.04572842410824595
44.190000000000005,-0.044191456593178545,0.028513184195744102,-0.009044578497799442,-0.04675922886405635,-0.004513142535770387,0.040297997132420355
44.22,-0.04977141130833315,0.023891235127231937,-0.006676044066843986,-0.05231790568620825,-0.012760964758636657,0.034287717792598885
44.25,-0.054282822214486146,0.018849904437225333,-0.004216923726887967,-0.056753136900963966,-0.020782211029588556,0.027784068666861512
44.279999999999994,-0.057628852254149196,0.013478091894628178,-0.001701523247111846,-0.059969682820101095,-0.02843446096397998,0.02088063148602643
44.31,-0.059737683565551876,0.007870491220289974,0.000835101922002913,-0.061898473125600484,-0.03558184585235477,0.013676740575714103
44.34,-0.060564058952674735,0.0021259208457329176,0.0033576351592177296,-0.062498090047238324,-0.04209746106286009,0.006276053523684697
44.37,-0.060090253140535024,-0.003654417479188349,0.0058309903411057325,-0.06175565774474734,-0.0478656192829337,-0.0012149403607243604
44.4,-0.05832645297181967,-0.009368721542788224,0.00822079982423271,-0.059687118796449085,-0.05278390459307225,-0.008688452333117665
44.43,-0.0553105383898791,-0.01491638158404128,0.01049389195450151,-0.05633689185719439,-0.05676499090179217,-0.01603694519827671
44.46,-0.051107268916935025,-0.02019975168493328,0.012618751469548908,-0.05177691783687481,-0.059738192454754944,-0.023154680674825696
44.49,-0.04580689309895306,-0.025125868454689133,0.014565956404584066,-0.04610511508133726,-0.06165071888815679,-0.029939240875125884
44.52,-0.039523210776009406,-0.02960808675514976,0.016308585445227376,-0.03944327672828766,-0.06246861254241588,-0.03629300200765511
44.55,-0.03239112978320915,-0.03356760368626745,0.01782259008802661,-0.031934455389193414,-0.062177351393783734,-0.04212453909660488
44.58,-0.024563769540141722,-0.036934844026794686,0.019087126464507255,-0.023739891317070844,-0.060782106898592626,-0.04734994150602855
44.61000000000001,-0.016209173713504083,-0.039650682772806686,0.02008484225088914,-0.015035550022974025,-0.05830765217201296,-0.05189402033931726
44.64,-0.007506702529092709,-0.0416674832924864,0.020802114715024828,-0.006008343690482739,-0.054797922131642904,-0.05569139034059817
44.67,0.001356817814272888,-0.04294993286884241,0.02122923663586471,0.003147882472566842,-0.05031523341575395,-0.05868741073045551
44.699999999999996,0.010191105962780115,-0.043475660975329164,0.021360547559264774,0.012236512758258189,-0.044939177926851044,-0.060838971438184536
44.73,0.018806510352653346,-0.043235629459673686,0.021194508617042945,0.02106238297494822,-0.03876520964611678,-0.06211511341739498
44.760000000000005,0.027018080586908296,-0.042234287831057336,0.020733719923208632,0.02943597129456798,-0.03190294981040549,-0.06249747411917385
44.79,0.034649537840867856,-0.040489490984312135,0.01998488036126258,0.03717746793894623,-0.024474240544036803,-0.06198055171284462
44.82,0.04153705906212755,-0.03803218087905129,0.018958690378245976,0.044120636314975405,-0.016610981503922106,-0.060571784252420935
44.85,0.04753279372906853,-0.034905837847969495,0.017669699193652737,0.05011638268675087,-0.00845278794924135,-0.0582914426496199
44.879999999999995,0.05250803767432888,-0.03116571126373203,0.016136098603386488,0.05503595773152961,-0.0001445118175647247,-0.055172338993458164
44.910000000000004,0.056355995842560916,-0.026877843176540607,0.014379466299924978,0.05877372123107617,0.008166330178311582,-0.05125935441345268
44.940000000000005,0.05899407467724456,-0.022117902176297784,0.012424462329465393,0.061249410530951814,0.016332175767662615,-0.04660879328005491
44.97,0.06036565492981033,-0.016969848070222514,0.010298482955372633,0.06240986405611366,0.024208037148030822,-0.04128757303480039
45.0,0.06044130683904671,-0.011524450940128016,0.008031276785763463,0.06223016287300864,0.031654075300724865,-0.03537226130779774
45.029999999999994,0.05921942160024667,-0.00587769070109939,0.005654528543402201,0.06071416578489265,0.03853808288763612,-0.02894797417758069
45.06,0.0567262455747761,-0.00012906538008883967,0.0032014163010845613,0.05789442647003568,0.04473783164456265,-0.022107151426384662
45.09,0.05301531651269949,0.00562016206781191,0.0007061483692270194,0.05383149444214111,0.050143242592148314,-0.014948226413836023
45.12,0.048166313898515986,0.011268747513976038,-0.0017965137005199541,0.04861261484376613,0.0546583405314875,-0.007574209708389449
45.15,0.04228334810734896,0.016717248560901433,-0.004271739344926273,0.04234985499265641,0.058202958121556875,-9.120685679823805e-05
45.18,0.035492725106094455,0.021869775200203796,-0.006685113707229191,0.03517769791049683,0.060714159281908535,0.007393108380402443
45.21,0.0279402346924478,0.026635677404209808,-0.009003116098474763,0.02725015450930355,0.06214735664754956,0.014771043358614887
45.24,0.019788020492711687,0.030931139950974323,-0.011193585550687847,0.01873745644676046,0.062477103235156733,0.021936436150623052
45.27,0.011211098917282648,0.0346806564247973,-0.013226166996497316,0.00982240066628526,0.06169754426428117,0.02878618312237406
45.3,0.0023936018079952974,0.03781835647019165,-0.015072731885717446,0.0006964241171384548,0.059822521111279635,0.03522172250263913
45.33,-0.006475176557675337,0.040289162968995124,-0.016707767411115466,-0.008444507056147486,0.05688532555022941,0.04115045259930506
45.36000000000001,-0.015204843241493134,0.042049758812154156,-0.018108728958062575,-0.01740410558175912,0.05293810864437619,0.04648706425542422
45.39,-0.02360799395718901,0.04306934629665682,-0.019256350909735924,-0.025989978024301624,0.04805095478347982,0.051154768372164705
45.42,-0.03150423617552901,0.04333018583489565,-0.020134911523745906,-0.034017756134420915,0.042310637307889455,0.055086400835696464
45.449999999999996,-0.03872406165563869,0.04282790455392169,-0.020732448239312327,-0.04131505587004434,0.03581907781373224,0.05822538894909735
45.48,-0.04511248526999058,0.04157156941702986,-0.02104092046739621,-0.04772517907541982,0.02869153649485849,0.06052656546318301
45.510000000000005,-0.050532372008580004,0.039583523648440644,-0.021056317649816414,-0.053110478330156724,0.021054565652734267,0.061956818493080365
45.54,-0.05486738074281289,0.03689898941043207,-0.020778711137093692,-0.05735531271337157,0.013043762710518773,0.062495567968822836
45.57,-0.058024461557760434,0.03356544379771541,-0.02021224921791393,-0.06036853101250341,0.004801362627445987,0.062135061764266676
45.6,-0.05993585304604371,0.029641779203680507,-0.01936509542477086,-0.06208542905375391,-0.0035262875388592106,0.0608804872432965
45.629999999999995,-0.06056053669192026,0.02519726290713721,-0.018249311029511772,-0.06246913912352691,-0.01179132708199032,0.05874989661826924
45.660000000000004,-0.059885117129677076,0.020310314259593544,-0.01688068341819119,-0.06151142164520431,-0.019847006971798396,0.05577394719472219
45.690000000000005,-0.05792410938596592,0.015067121059825458,-0.015278502786054141,-0.05923284211123149,-0.027550295441181708,0.05199546023999292
45.72,-0.05471962694663303,0.009560119528132686,-0.013465290310193757,-0.05568232947117111,-0.03476441757140692,0.04746880482323958
45.75,-0.050340477351592514,0.003886364687591414,-0.011466481629515777,-0.05093612545865458,-0.041361283784624836,0.04225911549285607
45.779999999999994,-0.04488068474022783,-0.001854180118242667,-0.009310070079788412,-0.04509614741879981,-0.04722376412474024,0.03644135504820883
45.81,-0.03845747107163537,-0.007560404426069147,-0.007026214687210708,-0.03828779979182877,-0.05224776794588392,0.03009923589157694
45.84,-0.03120873936465932,-0.013131831542512438,-0.004646818409425369,-0.030657281247868328,-0.05634409208279937,0.02332401548108251
45.87,-0.023290112992650804,-0.018470387755518777,-0.002205082521545797,-0.02236844529802392,-0.05944000468815167,0.01621318321697312
45.9,-0.014871594597733174,-0.023482128715044164,0.00026495662904899703,-0.013599281795217629,-0.06148053661510366,0.008869057655795704
45.93,-0.006133916354504731,-0.028078892593899493,0.0027289020361326915,-0.004538094879084847,-0.062429457416153473,0.0013973142373032053
45.96,0.0027353400617162772,-0.03217985093785367,0.005152475004141873,0.0046205405623851985,-0.06226991862899002,-0.0060945352912047095
45.99,0.011545770504006507,-0.035712929924242826,0.007501992004704415,0.013679957085771221,-0.06100475292757271,-0.013498689873374502
46.02,0.020108235927499947,-0.03861607703837047,0.00974483278701221,0.02244561781951314,-0.05865642382689041,-0.020708610305191787
46.05,0.028238922756051495,-0.04083835090644007,0.011849893237027053,0.03072929384049021,-0.05526662683441134,-0.027620552239440658
46.080000000000005,0.03576328887546093,-0.04234081514444689,0.013788016699060036,0.038353106097222874,-0.050895549129936886,-0.03413505897465761
46.11000000000001,0.04251981054317913,-0.04309722053930004,0.015532397779076921,0.045153345085687586,-0.04562080091853503,-0.040158392548673705
46.14,0.048363449779283016,-0.04309446361047444,0.017058953037813587,0.05098398625615073,-0.039536037430802515,-0.04560388254458083
46.17,0.05316876780507904,-0.042332813541907856,0.01834665344794744,0.055719825663130454,-0.032749296037383566,-0.05039317320100288
46.199999999999996,0.0568326176951188,-0.0408259035551884,0.019377814026600867,0.05925916852528333,-0.025381078002931375,-0.0544573508818635
46.230000000000004,0.05927635844251973,-0.03860048694441072,0.020138336654808957,0.0615260129625761,-0.017562208938725742,-0.05773793568236241
46.260000000000005,0.06044754291232459,-0.03569596213732556,0.020617902750852186,0.06247168201838513,-0.009431515942452773,-0.060187722902831586
46.29,0.06032104345260992,-0.03216367521358847,0.020810113165361854,0.06207586892138873,-0.001133362668444104,-0.061771462282410476
46.32,0.058899591005680166,-0.028066012227445557,0.020712573403055344,0.060347073141879884,0.007184913905826259,-0.06246636521897118
46.35,0.056213716152775844,-0.02347529738015187,0.02032692303855927,0.05732241787886856,0.015375619505767773,-0.06226243267684974
46.38,0.0523210933649772,-0.018472516501743055,0.019658808971394603,0.05306685289715419,0.023293324929650132,-0.061162599064082786
46.410000000000004,0.04730530254476387,-0.013145888372429226,0.01871780294699559,0.04767175983220151,0.030797448201319886,-0.05918269000888378
46.440000000000005,0.04127403445195893,-0.007589309086878101,0.01751726454572999,0.041252989911727246,0.037754750658519104,-0.05635119464291803
46.47,0.03435677854599849,-0.0019006968930453724,0.01607415159950359,0.033948376230872754,0.04404170265777556,-0.05270885566801769
46.5,0.026702042887350064,0.0038197333181176577,0.014408780725143004,0.025914774000981956,0.04954667689184295,-0.04830808310491232
46.53000000000001,0.018474165785933284,0.009471235465379967,0.01254454135523126,0.017324692328036108,0.054171930376476794,-0.04321220015960989
46.56,0.009849787647950765,0.014954306571121607,0.010507567290837528,0.008362589848061791,0.05783533991559062,-0.03749453205874065
46.59,0.0010140587664900138,0.020172438648496514,0.00832637038772311,-0.000779086235022897,0.060471860230925566,-0.03123735096471353
46.62,-0.007843335530952771,0.025033817337628668,0.006031441510006879,-0.009904032653625813,0.062034678866567265,-0.024530692152418224
46.65,-0.01653224704490732,0.029452937393317204,0.0036548243357279863,-0.018816305383664828,0.06249604736252561,-0.017471058481638175
46.68000000000001,-0.02486614675518667,0.03335210659966095,0.0012296679710549546,-0.02732452723755656,0.061847773939563526,-0.010160031806664924
46.71,-0.03266612912857084,0.03666281166007715,-0.0012102353810469176,-0.03524599739149822,0.0601013689474615,-0.002702811303695488
46.74,-0.039764752720529546,0.039326922049490794,-0.003630921250004152,-0.042410614601339436,0.057287840494226853,0.004793300251817643
46.77,-0.04600963462400043,0.04129771067593867,-0.005998725665033463,-0.048664529862088544,0.053457143884931516,0.01222044047674019
46.8,-0.05126672160355067,0.04254067343096692,-0.008280753280526658,-0.05387345007587468,0.0486772946456084,0.019471739424086986
46.830000000000005,-0.05542316769498165,0.04303413325498031,-0.010445334350202501,-0.05792552178723741,0.0430331608808163,0.026442857346578703
46.86000000000001,-0.05838975649954852,0.04276961814257235,-0.01246246420231319,-0.06073373306201621,0.03662495640703991,0.033033486052873526
46.89,-0.060102816177057004,0.04175200649685802,-0.014304219117868364,-0.06223778193322844,0.02956646141693472,0.03914879225329191
46.92,-0.06052558603330342,0.039999437340733024,-0.015945142848122762,-0.06240537129196827,0.021983002267223384,0.04470078212657224
46.949999999999996,-0.05964900537082109,0.037542987034579374,-0.017362598421731046,-0.06123290241755961,0.014009226259904493,0.04960956747275451
46.980000000000004,-0.05749190767492292,0.03442611826128207,-0.01853708038016432,-0.0587455522544823,0.005786710926409394,0.053804515233377294
47.010000000000005,-0.054100615973317535,0.030703911048121466,-0.019452483135342,-0.05499673277666981,-0.0025385497371922783,0.05722526383841411
47.04,-0.0495479480630552,0.026442089430600356,-0.020096321758167633,-0.05006694404848882,-0.010818737451055018,0.059822591755619846
47.07,-0.043931652967252724,0.02171586095805797,-0.020459902172155715,-0.04406204561113128,-0.018906834223296327,0.06155912574463432
47.1,-0.03737231219398705,0.016608589531781938,-0.02053843843328928,-0.03711098331370614,-0.02665923271230782,0.06240987862469566
47.13,-0.030010750858821978,0.011210324995391405,-0.020331115515778108,-0.029363020401795448,-0.0339382860316283,0.06236260881796417
47.160000000000004,-0.022005014254005285,0.005616215413051108,-0.0198410967831864,-0.02098453232153924,-0.04061475172458974,0.061417996494947814
47.190000000000005,-0.013526974775582248,-7.51699705924481e-05,-0.019075476094875747,-0.012155434065843396,-0.0465700865150043,0.05958963378745306
47.22,-0.0047586420542747,-0.0057635775301016715,-0.01804517526813118,-0.0030653167798910417,-0.05169855108969083,0.056903829209888165
47.25,0.004111744493349256,-0.011348835216137469,-0.016764788375985967,0.00609062341365821,-0.055909087541598686,0.0533992291031225
47.28000000000001,0.012893756806885075,-0.016732616562555123,-0.015252375099074445,0.015115776947637822,-0.05912693613878709,0.04912626154798824
47.31,0.021398866261654215,-0.02182017168009018,-0.013529206056569997,0.02381634269486509,-0.061294962712890706,0.04414641075001501
47.34,0.029444490923572493,-0.026521994763412722,-0.011619463706602613,0.032005489545753746,-0.06237467309876651,0.03853133233635627
47.37,0.036857915094524296,-0.030755398765184926,-0.009549903021281864,0.03950736831564542,-0.06234689661354696,0.032361822294998295
47.4,0.043479997006096276,-0.034445969534075735,-0.0073494766970703,0.04616088783239338,-0.061212126439659766,0.025726654392300295
47.43000000000001,0.04916858506848419,-0.03752887384437864,-0.005048930150087063,0.05182317411859402,-0.05899051086817974,0.01872130279739396
47.46,0.05380156933897691,-0.0399499983252812,-0.002680371961234207,0.05637263838791087,-0.055721495557990566,0.011446568293742068
47.49,0.05727950270628385,-0.041666899282375415,-0.0002768257721219637,0.059711587975044514,-0.05146312316258578,0.00400712784545089
47.52,0.05952773552495946,-0.042649546740003264,0.0021282301149751657,0.06176832413369036,-0.04629100275991082,-0.003489971611211924
47.55,0.060498017879950336,-0.04288084966164879,0.004501329014900748,0.06249868165553783,-0.04029696738342489,-0.010936853478092548
47.580000000000005,0.06016953509059192,-0.04235695316283669,0.0068094815213748695,0.061886977249388915,-0.03358744349044712,-0.01822636374352337
47.61000000000001,0.05854935423083619,-0.0410873025488809,0.009020634073866104,0.05994634631543019,-0.0262815613185181,-0.02525361283331804
47.64,0.05567227208688398,-0.0390944731175447,0.011104114055749913,0.05671846088295523,-0.018509039681143584,-0.03191748487852368
47.67,0.05160006782327492,-0.03641376879186514,0.013031055243548207,0.05227263476838553,-0.010407882759204271,-0.03812209268290865
47.699999999999996,0.04642017640799426,-0.03309259671840606,0.01477479770647291,0.04670433516892921,-0.0021219297824068145,-0.04377815745449682
47.730000000000004,0.040243811281941655,-0.02918962890938187,0.016311256616758182,0.04013313265308715,0.006201698892853712,-0.04880429344803783
47.760000000000005,0.03320357658123231,-0.024773765754034185,0.017619254869255935,0.03270013356877035,0.01441521396332714,-0.05312817903354985
47.79,0.025450620178456354,-0.019922919709418355,0.018680814917317455,0.024564950004068515,0.022372781236156224,-0.05668759734029938
47.82,0.017151388665981586,-0.014722640642079125,0.01948140580394595,0.01590227236604691,0.029933110972370124,-0.05943133150227601
47.85,0.008484053949057107,-0.00926460707438289,0.020010141994559503,0.006898118176108152,0.03696196654181046,-0.06131990162337546
47.88,-0.00036531183456182134,-0.0036450099436460587,0.02025993129166903,-0.0022541623667991146,0.04333454784733438,-0.06232613285801687
47.910000000000004,-0.009206730949798226,0.0020371426326836,0.02022756982292709,-0.011358038280810737,0.04893770719965971,-0.06243554643301914
47.940000000000005,-0.017850398496592458,0.00768176970973227,0.019913782832409525,-0.020218017998140728,0.05367195829912234,-0.06164656798427901
47.97,-0.026110757083818673,0.013189480253448214,0.01932321076035213,-0.02864384724227516,0.05745324265408381,-0.059970550210471325
48.0,-0.033810480270917875,0.01846332321721092,0.0184643408583514,-0.036454594442486256,0.06021442207253522,-0.05743160951780475
48.03000000000001,-0.04078427926296521,0.023410494141614356,0.017349385344645984,-0.04348253595774776,0.061906470727121424,-0.05406627900636986
48.06,-0.04688245114024023,0.027943968236820244,0.015994107846985718,-0.049576757680914144,0.06249934562800196,-0.04992298279129749
48.09,-0.05197409245299272,0.03198403121025116,0.014417600598446361,-0.054606395684318784,0.06198252004796035,-0.045061339222778864
48.12,-0.055949909196836733,0.03545968091145005,0.012642015534394743,-0.0584634463189699,0.060365170428589104,-0.03955130303099193
48.15,-0.05872456284979995,0.038309875148670666,0.010692253077185142,-0.06106508542483722,0.05767601344895743,-0.03347215873970624
48.18000000000001,-0.0602385021124586,0.04048460374784256,0.008595612980232755,-0.062355446850797504,0.05396279614967172,-0.026911379832449806
48.21,-0.060459241033957445,0.04194576602602189,0.006381412126776056,-0.06230682209329094,0.049291448165376645,-0.019963370086822918
48.24,-0.05938205609200217,0.04266783828356388,0.00408057463367915,-0.06092025529331505,0.043744911118142646,-0.012728105188039652
48.27,-0.057030087268961374,0.042638319621499304,0.0017251999907737484,-0.05822552081512167,0.03742166595632081,-0.005309694167670723
48.3,-0.05345384096122768,0.04185794829769192,-0.0006518847337186977,-0.05428048388807955,0.030433984386543492,0.0021851186327941697
48.330000000000005,-0.04873010540028197,0.04034068487843035,-0.003017582375307995,-0.04916985804092365,0.022905935445383767,0.009648489518151629
48.36000000000001,-0.04296030187580445,0.038113462549931504,-0.005338986467811889,-0.04300338601055687,0.014971182604778326,0.016973027214412732
48.39,-0.036268307162939176,0.03521570905444192,-0.007583838935422136,-0.03591348318755693,0.006770610524474283,0.024053338133792023
48.42,-0.02879779390743511,0.03169864873602005,-0.009720978316714937,-0.028052394201728732,-0.001550176410555843,0.030787542894767463
48.449999999999996,-0.02070914607017515,0.027624397050886727,-0.011720772293007175,-0.019588923705602692,-0.009843439353278164,0.0370787422758355
48.480000000000004,-0.012176015654432229,0.023064863548341044,-0.013555528517926282,-0.010704811557215718,-0.01796192815597546,0.04283641150918956
48.510000000000005,-0.0033815946392487554,0.018100482696423517,-0.015199878052839757,-0.0015908302394837606,-0.025761495854576513,0.047977702851675186
48.54,0.00548531784466395,0.01281879495253212,-0.016631126099516755,0.007557311681988346,-0.03310365805473841,0.052428637690183244
48.57,0.014234368665378945,0.007312903109875439,-0.01782956518161105,0.016543172095791238,-0.03985805177677456,0.05612517102814432
48.6,0.022677737153296337,0.0016798311397659101,-0.01877874645378604,0.025173793633349987,-0.045904750101669,0.0590141130361095
48.63,0.030634167150381364,-0.003981185541105492,-0.01946570540414739,0.033263847128133656,-0.051136391520725855,0.06105389440612381
48.660000000000004,0.037932858086888066,-0.009570448250072632,-0.01988113885388359,0.04063961127109697,-0.055460086181412994,0.062215164497123124
48.690000000000005,0.04441713155473487,-0.0149895508679449,-0.02001953083870793,0.04714270300544669,-0.05879906518325453,0.06248121366457371
48.72,0.04994779466725499,-0.02014311239610749,-0.019879225670334934,0.05263347855631024,-0.06109404363987442,0.06184821369740646
48.75,0.05440612800527258,-0.02494045573768682,-0.01946244721284692,0.056994032063487216,-0.06230427330548821,0.06032527290257184
48.78000000000001,0.057696434009577524,-0.029297203155056486,-0.01877526415814194,0.060130727426311883,-0.06240826607604517,0.05793430504459788
48.81,0.05974809111683492,-0.03313676033187726,-0.017827501836261236,0.06197620899319831,-0.06140417551897324,0.05470971402599438
48.84,0.06051706954716461,-0.03639166293769816,-0.01663260183981434,0.062490847919439235,-0.05930982965731613,0.050697898845672204
48.87,0.059986876209250695,-0.03900476202206328,-0.015207431466615535,0.0616635931349756,-0.056162414426167144,0.04595658595858593
48.9,0.05816890844476044,-0.0409302274101626,-0.013572045680948162,0.05951220864892845,-0.05201781342175555,0.04055399864335129
48.93000000000001,0.055102209024956425,-0.04213435148311323,-0.011749404951922546,0.056082892095147385,-0.04694961566620009,0.03456787532989915
48.96,0.05085262766621705,-0.04259613924630665,-0.009765052938070114,0.05144928270991652,-0.04104780900545715,0.02808435101255863
48.99,0.04551140707179664,-0.04230767435682223,-0.007646758542168743,0.04571088004395277,-0.034417182339697275,0.021196717844040976
49.02,0.039193223861046074,-0.041274254729274415,-0.005424127351657539,0.03899090736439556,-0.02717546505513842,0.014004082744275169
49.05,0.03203372644927382,-0.03951429539903949,-0.0031281879010966298,0.0314336656269053,-0.019451236692456235,0.006609941339911187
49.080000000000005,0.02418662274024715,-0.03705900042108358,-0.0007909585381694327,0.023201434837201954,-0.011381643966431366,-0.0008793112457660219
49.11000000000001,0.0158203801572016,-0.0339518096493818,0.001554999061016789,0.01447098934048264,-0.003109965672048567,-0.00835591132410223
49.14,0.007114608859692539,-0.03024763020457437,0.0038770335016988537,0.005429801867455055,0.005216931286901775,-0.01571227726477896
49.17,-0.0017437942059380378,-0.02601186622629849,0.00614285808658573,-0.003727982150809088,0.013451199577506205,-0.02284255749986088
49.199999999999996,-0.010564657641267388,-0.021319264054890805,0.008320999714575644,-0.012805713553876866,0.021446636525315733,-0.0296441536337831
49.230000000000004,-0.019158618178203045,-0.016252593232464432,0.01038123602122579,-0.021608462186648678,0.029061280000375007,-0.036019196743079254
49.260000000000005,-0.02734118586458873,-0.01090118659866034,0.012295014689830009,-0.029947202721088362,0.03615992901071495,-0.04187595562320948
49.29,-0.034936704582997524,-0.0053593652309528814,0.014035849115963724,-0.037642873680981244,0.04261654424917932,-0.04713015671906787
49.32,-0.04178212288068872,0.0002752240002058898,0.015579684943054346,-0.04453022250848006,0.04831648597093146,-0.0517061967465425
49.35,-0.047730494161891415,0.005903328960335631,0.016905232397193673,-0.050461354105618396,0.05315854946724521,-0.05553823055658163
49.38,-0.05265413110450144,0.01142584054855781,0.01799425983023868,-0.055308906651384944,0.057056761994941835,-0.05857111858836883
49.410000000000004,-0.056447346587172584,0.016745537968297076,0.01883184442448895,-0.058968786498629,0.05994190925628343,-0.06076122027859801
49.440000000000005,-0.05902872229025427,0.021768800237698824,0.01940657661224915,-0.06136240342314235,0.061762764326071466,-0.06207702201039392
49.47,-0.06034285627448107,0.026407253809859026,0.019710715410978633,-0.062438358226421846,0.06248699720586629,-0.06249959056625136
49.5,-0.06036155202704514,0.030579327306825454,0.019740292560445044,-0.062173546453469786,0.06210174885583424,-0.06202284556020825
49.53000000000001,-0.05908442345553973,0.03421168601548445,0.019495164062753798,-0.060573654525009776,0.06061385951206115,-0.060653646929195656
49.56,-0.05653890284882244,0.037240520918790626,0.018979008459353203,-0.05767303763045092,0.05804974723546833,-0.05841169622464216
49.59,-0.052779651640930667,0.039612669604762604,0.018199271920893437,-0.05353398200365884,0.05445493884874302,-0.05532925312465845
49.62,-0.04788738663463289,0.041286549362887545,0.01716706096581759,-0.04824536742301339,0.04989326158968248,-0.05145067124594005
49.65,-0.04196714688979118,0.04223288609068053,0.01589698435148957,-0.0419207586564828,0.04444570983346498,-0.0468317599346422
49.68000000000001,-0.035146038489057806,0.042435226233690816,0.014406946387399085,-0.03469596683496122,0.038209007005639714,-0.04153898121948912
49.71,-0.027570505601766236,0.04189022280674265,0.012717894593730636,-0.02672613311958233,0.031293888219636495,-0.035648493482248605
49.74,-0.019403186435597696,0.0406076905252324,0.010853525260997657,-0.018182397286714905,0.02382313413124228,-0.029245055606303968
49.77,-0.01081942157642237,0.03861042914272239,0.008839951048764304,-0.009248222767593321,0.015929390919732066,-0.022420807371651367
49.8,-0.002003489678347125,0.035933818173224275,0.0067053352856535995,-0.00011545705663790437,0.007752815102747284,-0.01527394364535467
49.830000000000005,0.006855348681715251,0.03262519020155867,0.004479498091632867,0.00901978791493434,-0.0005614149978395408,-0.007907301444678825
49.86000000000001,0.01556691405332483,0.028742993882150725,0.002193499830656959,0.017961346977642893,-0.008865676954170783,-0.0004268802038075489
49.89,0.023944190840031035,0.024355761426983945,-0.00012079228818035904,0.02651721406548574,-0.017012525326713466,0.007059683463807852
49.92,0.03180734205809751,0.0195408988220808,-0.002431148414025748,0.034503665247406584,-0.024857309616071636,0.014444664560654288
49.949999999999996,0.03898756993957267,0.014383320128330507,-0.004705424870767841,0.04174920391280278,-0.03226074258953656,0.021621799772130794
49.980000000000004,0.04533073950322754,0.008973949961953703,-0.0069120113370964974,0.04809824339435474,-0.03909137338072593,0.028487816501204386
50.010000000000005,0.050700687306394404,0.0034081205642490257,-0.009020270169415617,0.053414447949582326,-0.045227921451454565,0.034943918869298124
50.04,0.05498214435010125,-0.0022161082811249506,-0.011000961762295829,0.05758366035874874,-0.050561429975425114,0.040897209301179245
50.07,0.058083210393977264,-0.007799676874636116,-0.012826650041383805,0.060516353273502674,-0.05499720040956353,0.0462620252385043
50.1,0.05993732656834749,-0.013244270333795917,-0.01447208246588684,0.06214955167736157,-0.05845647390392407,0.05096117174790132
50.13,0.06050470394196954,-0.018454049702771286,-0.015914539277917895,0.06244818517618872,-0.06087782969606896,0.05492703228745426
50.160000000000004,0.059773177383748405,-0.023337338957792775,-0.017134147169030015,0.06140584108033079,-0.06221827566088029,0.058102541648647164
50.190000000000005,0.057758466394748104,-0.0278082382129947,-0.01811415303409354,0.05904490210714865,-0.06245401165266286,0.060442007073998105
50.22,0.05450383731802112,-0.03178813473956415,-0.018841154042254386,0.05541606574699407,-0.06158085208609856,0.06191176573523006
50.25,0.050079174184889476,-0.03520708521883491,-0.019305280866213012,0.050597255613499974,-0.05961430025296112,0.062490669111452075
50.28000000000001,0.04457947815144401,-0.03800504492525836,-0.019500331565921614,0.04469194815524249,-0.05658927305506868,0.06217038729757918
50.31,0.03812282774565152,-0.04013292223781324,-0.019423854311857384,0.037826950660038036,-0.05255948104094898,0.06095552886426338
50.34,0.03084784372023954,-0.04155343996066244,-0.01907717784667133,0.030149678265775182,-0.04759647475391011,0.05886357454465782
50.37,0.022910712940990376,-0.042241788341338,-0.01846538931228102,0.02182498844973617,-0.04178837432398235,0.055924625702202704
50.4,0.014481835205933538,-0.042186058347336075,-0.01759725980222399,0.013031640970823767,-0.035238304860326,0.05218097119875786
50.43000000000001,0.005742164984981397,-0.04138744763497991,-0.01648511872611607,0.0039584592819251,-0.02806256542432894,0.047686478895464686
50.46,-0.00312067338193614,-0.03986023564949955,-0.015144678784255176,-0.0051997241598917415,-0.020388564093997186,0.04250582054209929
50.49,-0.01191641362778155,-0.037631528361912525,-0.013594814035895365,-0.014246251617194622,-0.012352555783383005,0.03671354120807002
50.52,-0.020456232169980007,-0.03474077720484243,-0.01185729419497528,-0.022986862991059606,-0.0040972229829569495,0.03039298664512044
50.55,-0.028556801702738718,-0.031239080744444574,-0.00995647889310541,-0.031233867254387454,0.0042308576241692685,0.023635104016035045
50.580000000000005,-0.03604422674914916,-0.02718828144914625,-0.007918976203010953,-0.03881017282462547,0.012483817688942956,0.016537133245795838
50.61000000000001,-0.04275777668718406,-0.02265987352066403,-0.005773270208742354,-0.045553090329912595,0.020515122657107795,0.00920120782548359
50.64,-0.048553336112467566,-0.017733741075315786,-0.003549322835000834,-0.051317826110162654,0.028182173547889634,0.001732885202112047
50.67,-0.05330649846977228,-0.012496748945572228,-0.001278155501019334,-0.05598059143558655,0.03534883885502605,-0.005760372099220693
50.699999999999996,-0.056915236544272135,-0.007041210960679949,0.0010085835602524954,-0.059441260677024245,0.04188787161524046,-0.013170742765561298
50.730000000000004,-0.059302092488213096,-0.0014632627155575174,0.0032790602831416875,-0.061625521348015314,0.04768316872815857,-0.020391598148968692
50.760000000000005,-0.06041584037381149,0.0041388324887203665,0.0055016979062936875,-0.06248646984980046,0.052631832412552884,-0.027319036557991998
50.79,-0.06023258558739697,0.009666414681023375,0.007645616097619263,-0.06200561865311339,0.05664599719694822,-0.033853378310668154
50.82,-0.05875627746996319,0.01502216473854089,0.009681059960840531,-0.06019329328910149,0.05965439000565099,-0.03990060003655531
50.85,-0.0560186242058227,0.020111817787832068,0.01157981296407333,-0.057088410624613055,0.06160359564026072,-0.045373687589470454
50.88,-0.05207841179355374,0.024845822322549886,0.013315588060407793,-0.05275764318304422,0.06245900518754146,-0.0501938881037194
50.910000000000004,-0.04702024172639184,0.029140915836535733,0.014864391579480801,-0.0472939874556549,0.06220543051429814,-0.054291843177842726
50.940000000000005,-0.04095271448802258,0.032921589249632496,0.016204854853195533,-0.0408147669466403,0.06084737393865938,-0.05760858688037065
50.97,-0.034006097866484224,0.03612141436998304,0.01731852899261545,-0.033459112833457386,0.058408948289647045,-0.06009639421717109
51.0,-0.026329530148203485,0.038684211055994996,0.018190138750260196,-0.025384976341305116,0.05493344877440629,-0.061719467851699766
51.03000000000001,-0.018087818238655372,0.04056503357082557,0.018807791975300164,-0.016765736986367324,0.05048258425476206,-0.062454453196858266
51.06,-0.009457899451426142,0.041730958812222024,0.019163141790453524,-0.00778647952051613,0.04513538158208919,-0.06229077446674606
51.09,-0.0006250429269173529,0.042161662594562846,0.019251499280042543,0.0013599804757052775,0.03898678244446184,-0.06123078685282042
51.12,0.008221127769411724,0.04184977389636524,0.019071895169434264,0.010477237007614878,0.03214595763961338,-0.059289742634784516
51.15,0.016890705481461578,0.04080100089948625,0.018627089687331684,0.019369511179480266,0.024734368704453783,-0.0564955717138379
51.18000000000001,0.025197576336989144,0.03903402666679004,0.01792353052418135,0.027845855241633053,0.016883611317675386,-0.05288847972622089
51.21,0.0329634151409659,0.03658017636234802,0.016971259522265074,0.03572425289623976,0.008733078766682589,-0.048520369519841726
51.24,0.04002151351682404,0.033482861940824095,0.015783769445799026,0.04283552781404374,0.0004274869649097852,-0.04345409431842366
51.27,0.04622035861614742,0.029796814149744246,0.014377812872662203,0.049026976432763464,-0.007885695036180813,-0.037762553319476255
51.3,0.05142688557305501,0.02558711543091116,0.012773165913591893,0.054165647028454944,-0.01605886341815066,-0.031527642739632177
51.330000000000005,0.055529333884383955,0.020928050809444678,0.010992350090601198,0.05814119464688376,-0.02394690035947706,-0.024839077400874897
51.36000000000001,0.058439646400405845,0.015901797059201077,0.009060316285321689,0.06086825058969822,-0.031409750659591645,-0.01779309981398416
51.39,0.06009535943063621,0.010596973275383623,0.007004095191942402,0.06228825557437555,-0.0383149084740912,-0.010491095334341163
51.42,0.06046094339449454,0.005107078419053985,0.004852419171167473,0.062370717203684006,-0.04453977000815838,-0.0030381333167705605
51.449999999999996,0.05952856524259378,-0.0004711566187490682,0.0026353207947846986,0.06111386474246113,-0.0499738103951947,0.004458544739095323
51.480000000000004,0.05731825628803475,-0.006039473388273053,0.0003837136896217068,0.05854468714139571,-0.05452054610932875,0.01189106829868561
51.510000000000005,0.05387748185175763,-0.011499816657300325,-0.0018710384695034884,0.05471835349131201,-0.058099248068393325,0.01915248995361369
51.54,0.0492801219677262,-0.01675606110572047,-0.004097558809030004,0.04971702835279854,-0.060646375010553644,0.02613832429983467
51.57,0.043624885036805006,-0.02171570353250381,-0.0062648938638561,0.04364810740013406,-0.06211670169442065,0.03274805138974845
51.6,0.037033188491224736,-0.026291490785317277,-0.008342943867549118,0.03664191126631179,-0.06248412189101217,0.03888656312490885
51.63,0.029646551973188752,-0.030402954763606254,-0.010302880744434417,0.028848887110251038,-0.061742111910123756,0.04446553177703318
51.660000000000004,0.021623558995841757,-0.03397782749072995,-0.012117547999385782,0.02043637799818556,-0.05990384643101592,0.04940468094551118
51.690000000000005,0.013136452317856553,-0.036953311370570785,-0.013761836958680187,0.011585029471735767,-0.05700196458079841,0.053632940663464364
51.72,0.004367436125454286,-0.039277182301473715,-0.01521303414974911,0.0024849104660233092,-0.053087990413881854,0.057089470031406166
51.75,-0.004495235591014823,-0.04090870627024436,-0.01645113501432608,-0.006668568124925043,-0.04823141808211218,0.059724532663713345
51.78000000000001,-0.013261300489826532,-0.041819353339184184,-0.017459119622627823,-0.015678849593027858,-0.042518477938752235,0.06150021235101204
51.81,-0.02174257239772081,-0.04199329651172746,-0.0182231865891659,-0.0243524521655732,-0.03605060548461988,0.062390958640732685
51.84,-0.02975698121104131,-0.041427686754171314,-0.01873294197609264,-0.03250312372519096,-0.02894264034084673,0.06238395448541466
51.87,-0.037132481451288474,-0.04013269939541912,-0.018981540599444402,-0.03995584128422748,-0.021320787226204906,0.06147930066862805
51.9,-0.043710745568908735,-0.03813135115408116,-0.0189657778184548,-0.0465505693310344,-0.013320375142651927,0.059690014354787706
51.93000000000001,-0.04935056271109319,-0.035459091081749605,-0.01868613057898657,-0.05214569634353371,-0.0050834545556364494,0.05704184178372626
51.96,-0.05393086999330477,-0.03216317269164747,-0.01814674718943249,-0.0566210756762783,0.0032437247678258323,0.05357288780518483
51.99,-0.05735335120441531,-0.028301818393065788,-0.0173553860213081,-0.05988060552269051,0.011513310481328417,0.04933306758389083
52.02,-0.059544547162308885,-0.023943191006269425,-0.016323304037260206,-0.06185429255180463,0.01957847283567807,0.04438338836469956
52.05,-0.06045743242120945,-0.01916419052557217,-0.015065096746463032,-0.06249975490612558,0.0272960116988829,0.038795071632560685
52.080000000000005,-0.06007242448872946,-0.014049097370383418,-0.013598491861680096,-0.06180313228606396,0.034528899130858416,0.032648528298647804
52.11000000000001,-0.05839780389374985,-0.008688086061204522,-0.01194409957427251,-0.05977938357830026,0.041148712368436945,0.0260322016588116
52.14,-0.055469536094178346,-0.003175635532413482,-0.010125122964233728,-0.05647196563697248,0.04703791402207398,0.0190412947731563
52.17,-0.05135049905486548,0.0023911358937134487,-0.008167032613605494,-0.05195190011536112,0.0520919389984614,0.011776400578616253
52.199999999999996,-0.046129133084811653,0.007914181528723446,-0.0060972099857582035,-0.04631624838640902,0.05622105109491524,0.0043420544459951615
52.230000000000004,-0.0399175419253708,0.013296253190974458,-0.003944564563181155,-0.03968602730078448,0.05935193630097387,-0.003154769991114256
52.260000000000005,-0.032849085861197856,0.018442613515030574,-0.0017391300967007654,-0.03220361053833978,0.06142900451750962,-0.010606200091845125
52.29,-0.025075518530313274,0.023262703547912267,0.0004883543955167427,-0.02402967135489855,0.06241537658081865,-0.01790501639948696
52.32,-0.016763728904783184,0.0276717362788095,0.0027068730341168077,-0.01533973237412691,0.0622935390666879,-0.024946195434176713
52.35,-0.008092158388870061,0.031592188061709145,0.004885564919628193,-0.006320396512338895,0.06106565524813513,-0.03162842088743467
52.38,0.0007530300448313004,0.0349551616966445,0.006994153396243563,0.002834660028739636,0.05875352668564506,-0.03785554147379887
52.410000000000004,0.009581948438488967,0.037701597202991766,0.00900336676781821,0.011928846657003812,0.05539820613188204,-0.04353795446236866
52.440000000000005,0.018205060351933415,0.039783309007348916,0.010885344620352622,0.02076687986700059,0.051059268623908374,-0.04859389498046823
52.47,0.02643724977125056,0.04116383133155625,0.012614024111200089,0.029158976649307833,0.04581375370495302,-0.052950612537496056
52.5,0.034101795073021,0.041819056949310054,0.01416550086948987,0.036924929785320984,0.0397547975569993,-0.05654541783982783
52.53000000000001,0.04103416273342464,0.04173765812291174,0.015518359510748165,0.04389797751683384,0.0329899793312161,-0.05932658483403684
52.56,0.04708553934209954,0.04092128237075686,0.016653969196372822,0.04992838449528107,0.025639411037786435,-0.06125409499883131
52.59,0.05212602609960025,0.03938451968353697,0.01755674015945446,0.054886657115330285,0.017833604909891436,-0.06230021317600947
52.62,0.05604742722389697,0.03715464183290127,0.01821433766554626,0.05866632418853833,0.009711156107641533,-0.062449886654736525
52.65,0.05876557241000672,0.03427111842959137,0.018617850472698087,0.06118622324643248,0.001416281906458628,-0.0617009617666755
52.68000000000001,0.06022212349036404,0.03078491831815333,0.018761911491052934,0.062392243378215737,-0.006903738937411914,-0.06006421487536056
52.71,0.060385826517152436,0.026757608673060714,0.018644769009664934,0.062258487178368654,-0.015101181179186268,-0.0575631973139032
52.74,0.059253182393794485,0.022260267719968797,0.018268307547622577,0.06078782685313132,-0.02303049600540689,-0.054233896502239975
52.77,0.0568485216655307,0.017372230283255408,0.01763801808843365,0.05801184254434407,-0.03055089531041244,-0.05012421812014332
52.8,0.05322348187052496,0.012179688299354632,0.01676291816117114,0.05399014419504654,-0.037528851444566975,-0.04529329678706568
52.830000000000005,0.04845589867860879,0.006774170983008636,0.015655422929286462,0.04880909151871598,-0.04384046805023479,-0.03981064516752133
52.86000000000001,0.04264813462927923,0.0012509314457018793,0.01433116912856987,0.042579939558813465,-0.04937367989037494,-0.03375515374562321
52.89,0.035924881353739196,-0.004292731794869069,0.012808794350025621,0.035436449659860876,-0.054030242610932984,-0.02721395566113027
52.92,0.028430482468436838,-0.009759188837132213,0.011109674782351385,0.02753201715072691,-0.05772747710801553,-0.020281172941005645
52.949999999999996,0.020325834617087382,-0.015052197755506065,0.00925762510369141,0.019036377418653695,-0.060399737527921736,-0.013056562167099406
52.980000000000004,0.011784933193669453,-0.020078599018298927,0.007278564735412302,0.010131961105958294,-0.0619995768351135,-0.0056440790675941176
53.010000000000005,0.002991136905988038,-0.02474995513217395,0.005200155134601469,0.0010099766958878015,-0.06249858925300629,0.0018496173135333256
53.04,-0.005866768625628853,-0.028984106654943116,0.0030514132004136087,-0.008133695391999405,-0.061887914619712686,0.009316699345361577
53.07,-0.014598623726623038,-0.032706617199594876,0.0008623061968093558,-0.017102709029014233,-0.06017839570370401,0.016649722353802274
53.1,-0.02301697697654263,-0.03585208201528198,-0.0013366661538437416,-0.025704468604896297,-0.057400385686188445,0.02374317065496899
53.13,-0.03094110932927654,-0.03836527714079381,-0.0035148965788365147,-0.03375426471882662,-0.053603209228431925,0.030494975832091584
53.160000000000004,-0.0382009136572391,-0.04020212894024293,-0.005642096245632227,-0.04107924052636518,-0.04885428669298351,0.03680798540932046
53.190000000000005,-0.04464054643629082,-0.04133048699963469,-0.007688715906318234,-0.047522103571185054,-0.04323793706860214,0.04259136078951007
53.22,-0.05012177318077853,-0.04173068683075262,-0.009626356340691975,-0.05294450339579334,-0.0368538808534239,0.04776188434089924
53.25,-0.05452693581348446,-0.041395892534226195,-0.011428162397288376,-0.05723000240230454,-0.029815469478268287,0.05224515682487277
53.28000000000001,-0.057761478272310054,-0.040332213451431474,-0.013069195165437647,-0.060286576168654786,-0.02224767270736975,0.055976667934883
53.31,-0.059755976139915734,-0.03855859281666842,-0.014526777121066438,-0.06204858952985707,-0.014284859751026458,0.05890272454242762
53.34,-0.06046762673066555,-0.036106470436714694,-0.015780805470038337,-0.0624782059910278,-0.006068413487384712,0.060981223293449224
53.37,-0.05988116765248436,-0.033019225403646414,-0.016814029360000277,-0.061566200207233225,0.002255779846209844,0.062182256438180955
53.4,-0.05800920413094364,-0.029351408718687556,-0.01761228713867266,-0.059332156083415355,0.010539920920776075,0.06248854217708519
53.43000000000001,-0.054891938075644985,-0.025167779401647508,-0.018164700396180046,-0.05582404624050986,0.018636921550956174,0.06189567333058974
53.46,-0.0505963047122729,-0.02054216111718222,-0.01846382213352854,-0.05111720187806654,0.026403016303639563,0.06041218075448505
53.49,-0.045214535321826566,-0.01555613950486498,-0.01850573704023843,-0.04531269515396953,0.0337003151098128,0.058059410588491095
53.52,-0.03886217694848562,-0.010297623199393577,-0.018290112532484977,-0.03853516881713545,0.040399251557007486,0.05487121710427821
53.55,-0.031675611594837914,-0.004859293920998057,-0.01782019988955852,-0.030930159698449616,0.04638088339195004,0.050893475572585584
53.580000000000005,-0.023809128167556433,0.0006630270377877719,-0.017102785521458663,-0.022660973533807492,0.051539004387083406,0.046183422158846875
53.61000000000001,-0.01543161003740626,0.006172067138509075,-0.016148093094307016,-0.013905178227572984,0.05578203007393933,0.04080883034563813
53.64,-0.00672290932860122,0.011570815988951898,-0.014969637923344915,-0.004850790858163705,0.05903462386142301,0.034847035732496985
53.67,0.0021300142231058094,0.016764233620946107,-0.013584035706082867,0.0043077596961155346,0.06123903466663995,0.028383823245377162
53.699999999999996,0.010937106950962526,0.021660923572506385,-0.012010768301483801,0.013373807814663767,0.06235612230810315,0.021512192767805107
53.730000000000004,0.019509301310072336,0.026174741321546426,-0.01027190985610962,0.0221526742227349,0.062366052455060675,0.014331020955209444
53.760000000000005,0.027662574712404353,0.030226309765421455,-0.008391817126697013,0.030455846425902672,0.061268648793844874,0.006943638487725747
53.79,0.0352219000103283,0.03374441508570369,-0.006396788343067095,0.038105026722514965,0.059083396158390894,-0.000543656766455761
53.82,0.04202500282212815,0.03666725845176163,-0.00431469538878664,0.04493596086936961,0.05584909456934108,-0.0080231292829415
53.85,0.04792584504060789,0.03894354156252776,-0.00217459444361416,0.05080196518597442,0.05162317032440707,-0.015387156099580896
53.88,0.05279775974507371,0.040533366958344655,-6.320526445351827e-06,0.05557707635831634,0.04648065637185131,-0.0225297754152421
53.910000000000004,0.05653617022142832,0.041408937302221616,0.002159928403810564,0.05915875630500558,0.040512860070958286,-0.029348211285956997
53.940000000000005,0.05906083472415097,0.04155504137457748,0.004294011992208633,0.06147009402300352,0.03382574199393243,-0.035744352479413065
53.97,0.06031756879585881,0.040969318285084017,0.006366266820403445,0.06246145713172388,0.026538034554233352,-0.04162616420839024
54.0,0.060279408176353313,0.039662295313293516,0.008347918694307222,0.06211155765116788,0.018779133865842613,-0.04690901242955336
54.03000000000001,0.058947187342751846,0.03765719877746658,0.010211482156848365,0.060427909128166285,0.010686802264330601,-0.051516881652117416
54.06,0.05634952126766002,0.03498954132816636,0.011931141679248393,0.05744666529465381,0.0024047222823662005,-0.05538346873320146
54.09,0.05254219079402536,0.03170649299936093,0.013483109244574977,0.05323184372253834,-0.005920054490203161,-0.05845313692112786
54.12,0.04760694482829177,0.027866047155676237,0.01484595337097052,0.04787395114596846,-0.014139718365207714,-0.06068171641883192
54.15,0.04164974507289153,0.02353599608308625,0.016000895024185086,0.04148803997006431,-0.022108325975345636,-0.062037139947985896
54.18000000000001,0.03479849098621139,0.018792734318221593,0.016932066334196638,0.034211237699562455,-0.029684391556111772,-0.06249990416863438
54.21,0.027200273816048823,0.013719910839743839,0.017626728552245806,0.026199802339049654,-0.03673339908123421,-0.06206335031492273
54.24,0.019018218661711384,0.008406953900634031,0.01807544625523557,0.01762576699548339,-0.04313019064766527,-0.06073376000881977
54.27,0.010427982363298552,0.0029474945161280155,0.01827221541616004,0.008673245734938143,-0.04876118870341141,-0.0585302648731604
54.3,0.001613982404506795,-0.0025622836008544324,0.01821454360347953,-0.0004655199804449168,-0.05352641266167216,-0.055484571244596215
54.330000000000005,-0.007234562211063783,-0.00802533857775635,0.017903481240154714,-0.00959428937869092,-0.057341254095510406,-0.051640503947590004
54.36000000000001,-0.015927693114579058,-0.013345479540148794,0.017343603535076704,-0.01851703634317923,-0.06013797899377396,-0.04705337569414092
54.39,-0.02427879055125739,-0.018429060286680003,0.01654294338637699,-0.027042158768441685,-0.06186693040512317,-0.04178919118301785
54.42,-0.03210857963922249,-0.023186627660075235,0.015512876238012917,-0.034986592917206016,-0.062497410116746574,-0.03592369735080561
54.449999999999996,-0.0392489789035774,-0.027534495599523964,0.014267958538615271,-0.04217974442926963,-0.06201822371321197,-0.029541293440807435
54.480000000000004,-0.04554670846835614,-0.031396217176974946,0.012825722095579986,-0.048467151569905775,-0.060437879337718485,-0.02273381657294339
54.510000000000005,-0.050866580449577925,-0.03470392872441404,0.011206427228848662,-0.05371380205524313,-0.05778443662666527,-0.01559922028921477
54.54,-0.05509440091595454,-0.03739954241920364,0.009432778199274936,-0.05780703223095562,-0.05410500849976323,-0.00824016508929062
54.57,-0.058139421123385535,-0.03943576637008656,0.007529604908018767,-0.060658946348911676,-0.04946492465160218,-0.0007625412371567693
54.6,-0.05993628540616813,-0.04077693429026229,0.0055235153288389965,-0.06220830399158188,-0.04394657159721017,0.006726054905673235
54.63,-0.0604464339140944,-0.04139963020232429,0.0034425235380444704,-0.062421835114702916,-0.037647929867052336,0.014117869096174322
54.660000000000004,-0.059658930088310115,-0.0412930972335674,0.0013156585416702676,-0.06129495446970327,-0.030680834324148136,0.02130653969760073
54.690000000000005,-0.05759069511870343,-0.040459423365525576,-0.0008274406384235472,-0.058851860064780694,-0.023168988492060977,0.028188628128910143
54.72,-0.054286144356547814,-0.03891350093151196,-0.0029569379719551173,-0.05514501355033318,-0.015245768150148543,0.03466510725401413
54.75,-0.049816233494832066,-0.036682760641165685,-0.005043215766436492,-0.05025401368665754,-0.007051853194104545,0.04064278629425635
54.78000000000001,-0.044276934999552466,-0.033806684881364374,-0.007057286570576781,-0.04428388708444377,0.001267270190959932,0.04603565176089433
54.81,-0.037787177506205756,-0.030336108928427377,-0.008971195906786855,-0.037362832921753096,0.0095638926949954,0.05076610511275825
54.84,-0.03048629242424281,-0.026332322438908436,-0.0107584102378903,-0.029639470066172867,0.01769070451995123,0.05476607933029285
54.87,-0.022531022570835398,-0.021865987099779112,-0.01239418478405647,-0.021279645715916052,0.025503410923220116,0.057978018339474434
54.9,-0.014092157056889775,-0.017015889551623607,-0.013855906091592651,-0.012462874089331338,0.032863294227586465,0.06035570519256329
54.93000000000001,-0.005350864670991067,-0.01186755159375439,-0.015123404611516556,-0.0033784816364244028,0.039639676808183644,0.06186492708890643
54.96,0.0035051955213308626,-0.006511722187028782,-0.016179232967751027,0.005778458452025793,0.04571224132515727,0.062483967666732504
54.99,0.012285902863874362,-0.001042777844564978,-0.017008906076405532,0.014811315137665752,0.050973167005390355,0.062203919482297296
55.02,0.020802756593280906,0.004442940393881493,-0.01760109981217358,0.023526121880118524,0.05532904404276752,0.06102881218008273
55.05,0.028872922499078316,0.009848824099552282,-0.017947805497892058,0.03173574176658723,0.05870253212604797,0.05897555450979412
55.080000000000005,0.036323157888151034,0.015079698807806803,-0.018044438110662732,0.0392638859858346,0.06103373364653221,0.056073691024479545
55.11000000000001,0.0429935305950846,0.020043499624658054,-0.017889896744001207,0.04594889935606332,0.06228125720367973,0.052364976960669087
55.14,0.048740852202187004,0.02465289158675827,-0.01748657653123655,0.051647231618377074,0.062422952525717,0.04790277741763104
55.17,0.05344175176919317,0.028826806256334915,-0.016840331911553024,0.05623651995519718,0.06145630375643098,0.04275129948102155
55.199999999999996,0.05699532409095939,0.03249186751596904,-0.015960391797225054,0.059618216541348856,0.0593984741251864,0.03698466833998586
55.230000000000004,0.05932529563614131,0.03558368148715749,-0.014859227869324462,0.061719704705246556,0.05628600120703309,0.030685860691565113
55.260000000000005,0.06038166167480075,0.03804796789666902,-0.013552377880177996,0.06249585825891009,0.05217414818368001,0.023945510779771258
55.29,0.0601417594557966,0.0398415130134018,-0.012058226465082773,0.06193001051262603,0.04713592262395285,0.016860606249366628
55.32,0.05861075440194637,0.04093292742637093,-0.010397746554587126,0.060034312166172596,0.04126078020567423,0.009533092579853361
55.35,0.05582152889237883,0.04130319537606664,-0.008594205023856313,0.05684947039145083,0.034653036394894865,0.002068406180627125
55.38,0.051833976026704184,0.04094600602603318,-0.006672836709723049,0.052443874709316614,0.02743001428373601,-0.005426042745247746
55.410000000000004,0.04673371353927587,0.03986786090434703,-0.004660491362146191,0.046912128431048174,0.019719961472711312,-0.012842415738399813
55.440000000000005,0.040630245479687244,0.03808795568800012,-0.0025852584689557106,0.04037301719945822,0.011659772984102349,-0.020073997782739737
55.47,0.03365461113051369,0.03563783847754877,-0.00047607519583196085,0.032966958252068954,0.003392560636957107,-0.02701673283969911
55.5,0.025956571640686113,0.03256085064477391,0.0016376770866973508,0.02485298517945385,-0.004934887959584994,-0.03357072112214593
55.53000000000001,0.017701394776471986,0.02891136016322101,0.003726582063984985,0.016205332926368405,-0.013174715678067935,-0.03964165656353574
55.56,0.009066306818822766,0.02475380098298751,0.0057615978254075256,0.007209696367456276,-0.021180621134212593,-0.045142183798394964
55.59,0.0002366877806363832,0.0201615354227463,0.007714460603953465,-0.001940757201205044,-0.028810456325577796,-0.049993155128393175
55.62,-0.0085979083730803,0.01521555966372979,0.009558077294876226,-0.011049536029180193,-0.035928750525292104,-0.0541247693873798
55.65,-0.017247823063340592,0.01000307518753752,0.011266901302635409,-0.01992104326623574,-0.04240911561812973,-0.057477576318129386
55.68000000000001,-0.025527364633185397,0.004615951353722683,0.012817286502640326,-0.028364777100310795,-0.04813649017124183,-0.060003332008706854
55.71,-0.03325879467500157,-0.0008508937771803276,0.014187814413912262,-0.03619942148747176,-0.053009182395184096,-0.061665693079483566
55.74,-0.040276143572849,-0.006301165837704131,0.015359590056318179,-0.04325673963179148,-0.0569406757216635,-0.0624407396320701
55.77,-0.046428773350864386,-0.011638890298229843,0.01631650240617874,-0.04938518660873137,-0.059861164939260664,-0.062317319435395334
55.8,-0.05158461134453364,-0.01677010248647242,0.017045445860632162,-0.054453163556561386,-0.061718795612433396,-0.06129720839640004
55.830000000000005,-0.05563298527920442,-0.021604501722189674,0.01753649966717842,-0.05835184355712138,-0.06248058477742933,-0.05939508500631434
55.86000000000001,-0.058486998897900516,-0.02605704044821522,0.017783062862688322,-0.06099750852453186,-0.06213300656778917,-0.056638319130214373
55.89,-0.06008539714456987,-0.03004942039209366,0.01778194288762039,-0.06233334692080608,-0.06068223237142939,-0.05306657817898876
55.92,-0.06039388086757242,-0.03351146943791599,0.01753339668756284,-0.06233067369521807,-0.05815402125522074,-0.048731256330550185
55.949999999999996,-0.05940584282622506,-0.03638237499629738,0.017041123776492417,-0.06098954625112725,-0.05459326260261738,-0.04369473501329172
55.980000000000004,-0.05714250920684857,-0.03861175219454513,0.016312211405083734,-0.058338763213330626,-0.05006317908498551,-0.038029485292773564
56.010000000000005,-0.053652483617295604,-0.04016052812418329,0.015357032643698487,-0.054435246022411746,-0.044644204118189264,-0.03181702507749807
56.04,-0.04901070335639175,-0.04100162662768503,0.014189098844065388,-0.0493628166353854,-0.038432553735634034,-0.025146746148655284
56.07,-0.04331683037171538,-0.04112044162328042,0.01282486857703338,-0.04323039757961461,-0.0315385182347234,-0.018114627891838278
56.1,-0.03669311145482354,-0.040515090694042036,0.011283515747352042,-0.03616967301104093,-0.02408450392921927,-0.010821856238985926
56.13,-0.029281753616878677,-0.039196444539403325,0.00958666015183326,-0.02833226100186273,-0.016202859776962775,-0.0033733676927510227
56.160000000000004,-0.021241870995055083,-0.03718793183560925,0.00775806426664785,-0.019886457778383004,-0.008033527472036187,0.004123660616510845
56.190000000000005,-0.01274606883769109,-0.03452512300678111,0.005823300515727339,-0.011013623821452424,0.00027844327509555735,0.01156135311439372
56.22,-0.003976737906468436,-0.03125510030064617,0.0038093936788389862,-0.001904289432376554,0.008585470152284691,0.01883268801608284
56.25,0.0048778611502817044,-0.02743562532401126,0.001744443439282231,0.0072459366088011,0.016740058627740154,0.02583303727472279
56.28000000000001,0.013627639391145651,-0.02313411875655264,-0.0003427676573698001,0.01624056743744381,0.024597420773492328,0.03246167208602385
56.31,0.022084760376836987,-0.018426470264759312,-0.002423175364198675,0.024886457353966496,0.03201804603204165,0.03862321228623328
56.34,0.03006767256127213,-0.013395699622805946,-0.004467838422687609,0.032997949327160644,0.03887017828121737,0.0442289987879228
56.37,0.03740500671289237,-0.008130492661273903,-0.006448341146781987,0.04040086169001972,0.04503215521598495,0.04919836930546122
56.4,0.04393925469912424,-0.0027236378620569277,-0.00833718830154884,0.04693622841997633,0.050394568510557396,0.05345981901361621
56.43000000000001,0.0495301506614878,0.002729608840093876,-0.010108186789394367,0.05246371268685363,0.05486220640628192,0.056952029438439716
56.46,0.05405768199878308,0.00813320223265928,-0.01173680884571232,0.056864620367901,0.058355744233889506,0.059624750775611426
56.49,0.057424665523811896,0.013391999411904677,-0.013200531708286315,0.06004444881936807,0.06081315285421939,0.061439524940463536
56.52,0.05955883349458071,0.018413434988142394,-0.014479149057032997,0.06193491617371411,0.062190800009999096,0.062370238945639624
56.55,0.060414384743452815,0.023109150414082597,-0.015555049918058622,0.06249542758645311,0.06246422503374566,0.06240350064377485
56.580000000000005,0.05997296761136588,0.027396548757117386,-0.016413461182916526,0.061713946947265313,0.06162857315654431,0.06153883142859429
56.61000000000001,0.058244073592465626,0.031200247557650322,-0.017042650403980855,0.05960725533673576,0.05969868170638139,0.059788673121631886
56.64,0.055264833245450964,0.03445340421824086,-0.01743408608284517,0.05622059067876346,0.05670881666554605,0.057178208945476205
56.67,0.051099218759988144,0.03709889062049322,-0.0175825532628306,0.05162667632654498,0.0527120642646279,0.05374500115957891
56.699999999999996,0.04583667030425523,0.03909029632849366,-0.017486222860743902,0.04592415944173676,0.0477793884155985,0.04953845057272463
56.730000000000004,0.03959017564957393,0.040392742762190695,-0.017146673818246763,0.03923549270017344,0.041998370719623423,0.04461908570929734
56.760000000000005,0.032493844304625416,0.04098349405805451,-0.01656886781058666,0.03170430481121536,0.035471655421262065,0.03905769185760909
56.79,0.02470002824298157,0.04085235391884168,-0.015761076910837384,0.023492316314730314,0.028315126919505457,0.032934292532511435
56.82,0.016376051040670345,0.040001841526134646,-0.014734765262010563,0.014775866884169628,0.020655852194660894,0.026336998008137366
56.85,0.00770061564630526,0.038447143482044845,-0.013504426448333209,0.005742128706500953,0.01262982468410393,0.01936073748936436
56.88,-0.0011400320954972276,0.03621584269147897,-0.012087378871763052,-0.003414912749229225,0.004379549665271724,0.01210589316492426
56.910000000000004,-0.009956101804180075,0.033347429024182196,-0.01050352202190354,-0.01249862426796282,-0.003948485981626912,0.004676855796921816
56.940000000000005,-0.018558332969258896,0.02989260043722539,-0.008775057068815765,-0.021313947280922577,-0.012206414705825822,-0.002819477369454964
56.97,-0.026762057933236022,0.025912366926074862,-0.006926175701312512,-0.02967158644482607,-0.020247613732564968,-0.01027524076228843
57.0,-0.03439116622862422,0.021476973140979058,-0.004982721571346434,-0.03739207446480097,-0.027929308408165973,-0.017583152572645942
57.03000000000001,-0.04128188516501678,0.016664658694109567,-0.0029718290820280064,-0.0443096258752551,-0.03511510722020327,-0.024638058444463984
57.06,-0.047286295507834405,0.011560278035631942,-0.0009215445674452,-0.0502756970247544,-0.04167742348248994,-0.03133844455227625
57.09,-0.052275506778308715,0.006253804243516227,0.0011395648474529368,-0.0551621758197736,-0.04749974068690818,-0.03758789829494197
57.12,-0.056142424012304015,0.0008387431091014946,0.0031828092523737217,-0.058864132732536385,-0.052478681299870995,-0.04329649558728986
57.15,-0.05880404658682289,-0.004589514527545427,0.005179775277850811,-0.06130207399933292,-0.05652584227111969,-0.04838209478778397
57.18000000000001,-0.06020324976917546,-0.00993537315913975,0.00710272118434515,-0.062423648625387164,-0.05956936466467603,-0.052771518643742195
57.21,-0.06031001074913129,-0.015104716108513154,0.008924962220928043,-0.062204772541000965,-0.0615552095425337,-0.056401607246966266
57.24,-0.05912205284050001,-0.020006562494462112,0.010621240900944797,-0.06065014576947117,-0.062448117447271946,-0.059220126848687556
57.27,-0.056664894029465264,-0.024554668494635695,0.012168077057146471,-0.057793151501403524,-0.062232234447599954,-0.061186521456789225
57.3,-0.05299129883446807,-0.028669044723395744,0.013544092825142691,-0.053695139242645365,-0.06091139363114692,-0.06227249640048876
57.330000000000005,-0.04818014525198111,-0.032277363027989725,0.014730308057616538,-0.048444107429119775,-0.05850904704648249,-0.062462425465503714
57.36000000000001,-0.042334731119141294,-0.03531622796147933,0.01571040208756699,-0.04215281379735744,-0.05506784930276387,-0.061753575741387484
57.39,-0.03558055625835564,-0.03773229058110249,0.016470938231059648,-0.03495635408757846,-0.0506489002203617,-0.06015614694568177
57.42,-0.02806262802232609,-0.03948318500389324,0.017001547941945534,-0.027009261072907305,-0.045330659979500885,-0.0576931246590461
57.449999999999996,-0.019942348088878178,-0.04053827127831744,0.017295072095440622,-0.018482186208554165,-0.03920755602887936,-0.05439994958318055
57.480000000000004,-0.011394047343902763,-0.04087917154623695,0.01734765747644902,-0.009558235157382406,-0.03238830648915049,-0.05032400758062608
57.510000000000005,-0.002601243244674597,-0.040500090113460986,0.017158807173692198,-0.00042903588074791056,-0.02499398981990017,-0.04552394783431664
57.54,0.006247299987355832,-0.03940791185524102,0.016731384223351756,0.008709376273759268,-0.017155895023941277,-0.040068838937961065
57.57,0.01496162376334783,-0.03762207728820991,0.016071568497083497,0.017660768126333857,-0.009013190559394308,-0.03403717506036413
57.599999999999994,0.023354653116440742,-0.03517423657365652,0.01518876747984775,0.02623292246711327,-0.0007104533489377296,-0.027515746484098956
57.63,0.031246212738326916,-0.03210768860939109,0.014095482223973783,0.03424176562163065,0.00760489824035861,-0.020598390770475386
57.660000000000004,0.038466894848661684,-0.028476615150258074,0.012807130388323627,0.041515320146518285,0.01578522186816364,-0.013384642520430649
57.69,0.04486169586476925,-0.024345123504013175,0.011341828866701235,0.04789739777747232,0.02368527266874861,-0.005978301160082982
57.72,0.0502933438034093,-0.01978611471633294,0.009720139069509096,0.05325095332916823,0.031164782130745437,0.001514062640758744
57.75,0.05464524498656227,-0.014879997226948537,0.007964778439331008,0.05746102752734575,0.038090948619774766,0.008984640425819167
57.78,0.057823986796702906,-0.009713268694342459,0.006100302247469406,0.06043721558032374,0.04434079532373411,0.01632593722022775
57.81,0.05976134275837572,-0.00437699100140399,0.004152760128048281,0.0621156084812135,0.04980335375449957,0.023432318287671304
57.84,0.06041573690743243,0.0010348146717463242,0.0021493321534647326,0.062460165354386345,0.05438163403710883,0.030201529120366916
57.87,0.05977313601765273,0.006426824421748427,0.00011794953496341595,0.06146348737719088,0.057994347003165664,0.03653616679055054
57.9,0.05784735053742913,0.011704090655515927,-0.0019130947589117017,0.0591469766581554,0.06057734751201968,0.0423450814920409
57.93000000000001,0.05467973778306228,0.016773714008946165,-0.003915540038103592,0.055560376660013205,0.062084773372985576,0.04754468810494132
57.96,0.05033831376746837,0.021546478710389484,-0.005861551093709566,0.050780704036251297,0.062489859646589825,0.05206016891122895
57.99,0.0449162927382667,0.025938422600734343,-0.007724105097112719,0.044910594818330166,0.06178541386660552,0.05582655015522308
58.019999999999996,0.03853008578475859,0.029872314181029577,-0.009477366818201837,0.038076100466630576,0.059983943745121115,0.05878963695818412
58.05,0.03131680148548886,0.0332790107038404,-0.011097046953078688,0.030423981111503365,0.057117435093189374,0.06090679313445313
58.080000000000005,0.023431302257622848,0.0360986734269078,-0.012560738591751696,0.022118554107858544,0.05323678390016271,0.0621475546882706
58.11,0.015042879606801531,0.038281818669995006,-0.013848227165329456,0.013338165575679546,0.048410892655369964,0.062494068163600695
58.14,0.006331619656726758,0.03979018621351924,-0.014941769585789235,0.004271360694639124,0.04272544695729883,0.06194134753949636
58.17,-0.0025154630141292576,0.040597409799546146,-0.015826338724243934,-0.004887165010219788,0.03628139413206947,0.06049734597450944
58.199999999999996,-0.01130844022830019,0.04068947798513211,-0.016489829859684974,-0.013940746451898856,0.02919315087392708,0.058182841367807485
58.230000000000004,-0.019858547566088916,0.040064977293312126,-0.01692322626262355,-0.022694972058137086,0.02158657173180201,0.05503113738367101
58.260000000000005,-0.02798223669108172,0.03873511344311246,-0.01712072164943432,-0.030961858457381516,0.013596714512258025,0.05108758424136307
58.29,-0.03550511565057231,0.03672351034922393,-0.017079797845536013,-0.03856388712915126,0.0053654422749789795,0.04640892616577891
58.32,-0.04226569256300096,0.03406579049554011,-0.016801256620410286,-0.04533781633801019,-0.002961095501692154,0.04106248488848105
58.349999999999994,-0.048118842326340616,0.030808944135725762,-0.01628920529614842,-0.05113818649579841,-0.011235057862264659,0.0351251909478141
58.38,-0.05293892192841437,0.027010498490572923,-0.015550996374822481,-0.055840443679923454,-0.01930953734845396,0.02868247672682978
58.410000000000004,-0.05662246748471511,0.022737501630714092,-0.014597122069545384,-0.05934361423501699,-0.027041168398925185,0.021827047157222623
58.44,-0.05909041510943862,0.018065338992386118,-0.013441065250715332,-0.061572473025048445,-0.034292672861262356,0.014657545777754159
58.47,-0.06028979794833158,0.013076403416055947,-0.012099108923929625,-0.062479158776055796,-0.0409352974195962,0.007277135341399323
58.5,-0.060194882948122634,0.007858642171111723,-0.010590106931002392,-0.062044201822522085,-0.046851099660403815,-0.00020798660498322921
58.53,-0.058807722965304565,0.0025040065892807366,-0.008935219102460208,-0.060276942188143695,-0.051935042186482074,-0.007690115808967624
58.56,-0.05615811236864619,-0.0028931683629499216,-0.007157614581384489,-0.0572153290233564,-0.05609685759727691,-0.015061591081031304
58.59,-0.052302947095574426,-0.00823782601680214,-0.005282147477725183,-0.05292510570638632,-0.059262651222108775,-0.022216343443388662
58.62,-0.047325002907564875,-0.013435862159854917,-0.0033350093931658565,-0.04749839810651244,-0.06137621314913499,-0.02905142236831284
58.65,-0.041331158079450744,-0.01839578193536769,-0.0013433636740311922,-0.04105173632439034,-0.062400016254458276,-0.03546847714473271
58.68000000000001,-0.034450098683980586,-0.023030310309281203,0.0006650335007598175,-0.033723552389484886,-0.06231588251098202,-0.04137517205755626
58.71,-0.02682955573999897,-0.027257927758050096,0.0026622199114842947,-0.025671207647665686,-0.06112530574643608,-0.04668651501654763
58.74,-0.018633133541859012,-0.031004304155562053,0.004620416579446259,-0.017067613671190522,-0.05884942511987751,-0.0513260805169691
58.769999999999996,-0.010036797263377056,-0.034203605637966476,0.006512414119748921,-0.008097519251776401,-0.05552864978760124,-0.055227109334671336
58.8,-0.001225095243432985,-0.036799651469426126,0.008311950791946857,0.0010464567921961837,-0.05122194142266534,-0.05833346913199676
58.830000000000005,0.007612802944792802,-0.038746900579968296,0.009994076996272486,0.010167961805054221,-0.04600576732717897,-0.06060046215223101
58.86,0.016287167585207207,-0.04001125045199569,0.011535501156852849,0.019071125661548432,-0.039972742725256416,-0.061995468380597045
58.89,0.024611781887329313,-0.04057063434159509,0.012914912197253558,0.027564766772979567,-0.03322998634326032,-0.06249841491727682
58.92,0.03240793959237019,-0.04041540637617934,0.014113274144065565,0.035466497414298595,-0.025897218474653858,-0.06210206480859993
58.949999999999996,0.03950828129832121,-0.039548507808539246,0.015114088786425894,0.042606640216670065,-0.01810463529906931,-0.06081212118037511
58.980000000000004,0.04576038714884886,-0.03798541156317164,0.015903622767818294,0.0488318717249156,-0.009990597197894377,-0.05864714517497849
59.010000000000005,0.051030048762074245,-0.03575384611585812,0.0164710959849389,0.05400851478011164,-0.0016991721112429828,-0.055638288873010956
59.04,0.05520415016220884,-0.03289330363311002,0.01680882870985107,0.05802540902854872,0.006622422445025562,-0.051828847042544646
59.07,0.05819309587165705,-0.029454341095849157,0.016912345428517883,0.060796297917339405,0.014826433284244404,-0.0472736341658885
59.099999999999994,0.05993273404335151,-0.025497686774708296,0.01678043399302672,0.062261680919658995,0.022767194964923024,-0.042038195707904055
59.13,0.060385733354029206,-0.021093167848500516,0.016415159307976865,0.06239009121596423,0.03030371613799377,-0.03619786497501946
59.160000000000004,0.059542384106142834,-0.01631847810248833,0.01582183140489591,0.061178771394974275,0.03730218290370776,-0.029836679135902246
59.19,0.05742080634737032,-0.011257807453775756,0.015008928393362032,0.058653732664786906,0.0436383347300931,-0.023046170001290018
59.22,0.054066560546859946,-0.006000357478052132,0.013987975404902531,0.05486919630266326,0.04919967074760812,-0.015924046962582594
59.25,0.049551669193138914,-0.000638769112408011,0.012773381256991094,0.049906429337477916,0.05388744724635963,-0.008572791040538735
59.28,0.04397307032467402,0.004732509752083269,0.011382235151087576,0.043871999466741717,0.057618430909536875,-0.0010981802744671613
59.31,0.03745053619893093,0.010018888023837479,0.00983406627251682,0.036895486681138547,0.06032637665371157,0.006392232329749145
59.34,0.03012410178763511,0.015127297202459259,0.008150569673391778,0.02912670073587799,0.061963203836367754,0.01379066639182014
59.37,0.022151058308320377,0.019967829873468644,0.0063553022856465465,0.020732464219336413,0.062499849946633844,0.020990665020931564
59.4,0.013702576339272195,0.02445532206007893,0.00447335332312169,0.011893030297581193,0.06192678662160198,0.02788862663579047
59.43000000000001,0.004960031016208996,0.028510851583111764,0.002530993683858015,0.0027982120581396945,0.06025418882616175,0.034385295699304395
59.46,-0.0038888917961884782,0.032063126067326586,0.0005553092514637564,-0.006356693430667919,0.05751175419249377,0.040387190917547035
59.49,-0.012654224763751068,0.035049736183430984,-0.001426176786317033,-0.015375098820349228,0.05374817572692153,0.04580795035249657
59.519999999999996,-0.021147797272741534,0.037418252095333476,-0.0033858873358740466,-0.024063347889618864,0.04903027724641893,0.05056957409356985
59.55,-0.029187275000259097,0.03912714384976102,-0.0052965751724619176,-0.032234874010382455,0.04344182689543851,0.054603546607013505
59.580000000000005,-0.036600074145270126,0.040146509551337875,-0.007131701750982525,-0.039714206375739664,0.037082049809536145,0.0578518226135416
59.61,-0.04322706629217721,0.0404585985558183,-0.008865805786682956,-0.04634073796249438,0.03006386633403497,0.06026766230831701
59.64,-0.04892599437446833,0.04005812052760875,-0.010474856487112228,-0.051972174317040945,0.0225118870788495,0.06181630390520313
59.67,-0.05357452640894386,0.03895233498130754,-0.011936586535238315,-0.05648758910731644,0.01456020040806076,0.06247546382797195
59.699999999999996,-0.057072881448117604,0.0371609197942319,-0.013230800210155082,-0.05979002082759599,0.006349991648235799,0.062235657351161475
59.730000000000004,-0.05934597138265585,0.03471562106966582,-0.014339652382253307,-0.06180855489593654,-0.0019729637126150406,0.06110033507684564
59.760000000000005,-0.06034501261997148,0.031659690580286115,-0.015247894529152102,-0.06249984643446668,-0.010260888326203945,0.059085833283537136
59.79,-0.06004857304617526,0.028047120760128826,-0.015943084381333225,-0.061849051033185554,-0.018366626828948587,0.05622113886165847
59.82,-0.058463031802165916,0.023941690775733774,-0.016415756315800493,-0.05987014351056674,-0.026146258643371837,0.0525474722179508
59.849999999999994,-0.05562244201043787,0.019415840530069527,-0.016659550165067254,-0.056605617826079195,-0.033461653344600974,0.04811769415045544
59.88,-0.05158779940658256,0.01454939247804882,-0.016671296689679403,-0.05212557458853677,-0.04018292322042847,0.042995545228609974
59.910000000000004,-0.04644573258328667,0.009428143806706785,-0.016451058567194463,-0.046526215754614665,-0.04619072947876508,0.037254728623103285
59.94,-0.04030664297109965,0.0041423538094386425,-0.01600212637062281,-0.03992777884153949,-0.05137840115486433,0.030977849582752855
59.97,-0.033302334492801476,-0.001214846877888192,-0.015330969636150764,-0.032471955013520605,-0.05565382909628647,0.024255226818389486
60.0,-0.02558318378326846,-0.006549097142870348,-0.01444714374477971,-0.02431884648449881,-0.058941101397153584,0.017183592896878947
