t,r0,r1,r2,r3,r4,c0,c1,c2,c3,c4
0.0,0.020770077260777526,0.020770077260777526,0.020770077260777526,0.020770077260777526,0.020770077260777526,0.020770077260777526,0.020770077260777526,0.020770077260777526,0.020770077260777526,0.020770077260777526
0.01,0.020770939512550355,0.020774345064388654,0.02077850461692308,0.02080796040599649,0.020835581972312132,0.02077093951255035,0.020774345064388657,0.020778504616923064,0.02080796040599649,0.02083558197231214
0.02,0.020771797413626104,0.02077850461692307,0.02078650153608001,0.020835581972312132,0.020862401825117026,0.0207717974136261,0.020778504616923075,0.020786501536079995,0.020835581972312132,0.020862401825117033
0.03,0.02077265096917931,0.020782556561066628,0.020794073118741735,0.020853540111830597,0.020854957772372743,0.020772650969179306,0.02078255656106663,0.02079407311874172,0.020853540111830597,0.020854957772372753
0.04,0.020773500184378995,0.020786501536080006,0.020801224411176034,0.020862401825117022,0.020817221782461023,0.02077350018437899,0.02078650153608001,0.02080122441117602,0.020862401825117022,0.020817221782461034
0.05,0.02077434506438865,0.02079034017781685,0.02080796040599649,0.020862704567537898,0.020752761921178954,0.020774345064388647,0.020790340177816852,0.020807960405996476,0.020862704567537898,0.020752761921178964
0.06,0.020775185614366254,0.020794073118741735,0.020814286042727895,0.020854957772372736,0.02066478288669742,0.02077518561436625,0.02079407311874174,0.02081428604272788,0.020854957772372736,0.02066478288669743
0.07,0.02077602183946428,0.020797700987948097,0.020820206208365662,0.020839644295028135,0.020556162458152748,0.020776021839464278,0.0207977009879481,0.02082020620836565,0.020839644295028135,0.020556162458152758
0.08,0.020776853744829692,0.020801224411176034,0.020825725737929256,0.020817221782461006,0.020429484271903248,0.02077685374482969,0.020801224411176038,0.020825725737929242,0.020817221782461006,0.020429484271903255
0.09,0.020777681335603964,0.020804644010830004,0.02083084941500984,0.020788123971703543,0.020287067297396988,0.02077768133560396,0.020804644010830008,0.020830849415009827,0.020788123971703543,0.020287067297396995
0.1,0.020778504616923068,0.02080796040599649,0.020835581972312125,0.020752761921178937,0.020130992346797466,0.020778504616923064,0.020807960405996494,0.02083558197231211,0.020752761921178937,0.020130992346797473
0.11,0.020779323593917494,0.020811174212461477,0.02083992809219038,0.020711525178304664,0.019963125918562852,0.02077932359391749,0.02081117421246148,0.020839928092190367,0.020711525178304664,0.01996312591856286
0.12,0.02078013827171226,0.020814286042727906,0.02084389240717889,0.0206647828866974,0.019785141644679895,0.020780138271712257,0.02081428604272791,0.020843892407178877,0.0206647828866974,0.019785141644679902
0.13,0.020780948655426897,0.020817296506033034,0.020847479500516734,0.020612884836120695,0.019598539583863307,0.020780948655426894,0.020817296506033037,0.02084747950051672,0.020612884836120695,0.019598539583863313
0.14,0.020781754750175473,0.02082020620836567,0.02085069390666701,0.020556162458152723,0.01940466357842886,0.02078175475017547,0.020820206208365673,0.020850693906666995,0.020556162458152723,0.019404663578428863
0.15,0.020782556561066604,0.020823015752483316,0.02085354011183058,0.02049492977039592,0.019204716870449855,0.0207825565610666,0.02082301575248332,0.020853540111830566,0.02049492977039592,0.019204716870449858
0.16,0.02078335409320343,0.020825725737929263,0.020856022554454363,0.020429484271903227,0.018999776152956418,0.020783354093203428,0.020825725737929266,0.02085602255445435,0.020429484271903227,0.01899977615295642
0.17,0.020784147351683647,0.020828336761049546,0.020858145625734258,0.020360107792356086,0.018790804214106414,0.020784147351683643,0.02082833676104955,0.020858145625734244,0.020360107792356086,0.018790804214106418
0.18,0.02078493634159951,0.020830849415009855,0.020859913670112744,0.02028706729739697,0.018578661316240315,0.020784936341599506,0.02083084941500986,0.02085991367011273,0.02028706729739697,0.01857866131624032
0.19,0.02078572106803783,0.020833264289812296,0.020861330985771188,0.020210615652394168,0.018364115437344262,0.020785721068037825,0.0208332642898123,0.020861330985771174,0.020210615652394168,0.018364115437344265
0.2,0.02078650153607998,0.020835581972312143,0.020862401825116998,0.02013099234679745,0.018147851489521,0.020786501536079978,0.020835581972312146,0.020862401825116984,0.02013099234679745,0.018147851489521003
0.21,0.020787277750801917,0.020837803046234404,0.02086313039526555,0.020048424181130967,0.017930479617457775,0.020787277750801914,0.020837803046234407,0.020863130395265536,0.020048424181130967,0.01793047961745778
0.22,0.02078804971727417,0.020839928092190405,0.02086352085851708,0.019963125918562835,0.01771254266944978,0.020788049717274167,0.02083992809219041,0.020863520858517066,0.019963125918562835,0.017712542669449785
0.23,0.02078881744056184,0.02084195768769419,0.02086357733282849,0.019875300902889834,0.017494522924167484,0.020788817440561838,0.020841957687694194,0.020863577332828478,0.019875300902889834,0.01749452292416749
0.24,0.020789580925724627,0.020843892407178915,0.020863303892280166,0.01978514164467987,0.01727684814793774,0.020789580925724624,0.02084389240717892,0.020863303892280152,0.01978514164467987,0.017276848147937746
0.25,0.02079034017781682,0.02084573282201309,0.020862704567537874,0.019692830377223948,0.017059897049745806,0.020790340177816818,0.020845732822013092,0.02086270456753786,0.019692830377223948,0.017059897049745813
0.26,0.02079109520188733,0.020847479500516762,0.020861783346309754,0.01959853958386328,0.016844004194370116,0.020791095201887325,0.020847479500516766,0.02086178334630974,0.01959853958386328,0.016844004194370123
0.27,0.02079184600297965,0.020849133007977635,0.020860544173798495,0.019502432498175813,0.016629464427956875,0.020791846002979647,0.020849133007977638,0.02086054417379848,0.019502432498175813,0.016629464427956882
0.28,0.0207925925861319,0.020850693906667044,0.0208589909531487,0.019404663578428835,0.01641653686485618,0.020792592586131895,0.020850693906667047,0.020858990953148686,0.019404663578428835,0.016416536864856186
0.29,0.020793334956376797,0.020852162755855923,0.020857127545889538,0.019305378957631295,0.016205448479612677,0.020793334956376794,0.020852162755855927,0.020857127545889524,0.019305378957631295,0.01620544847961268
0.3,0.0207940731187417,0.020853540111830614,0.02085495777237272,0.019204716870449837,0.015996397343575306,0.020794073118741697,0.020853540111830618,0.020854957772372708,0.019204716870449837,0.01599639734357531
0.31,0.020794807078248594,0.02085482652790865,0.020852485412205832,0.019102808058186854,0.01578955554161111,0.02079480707824859,0.020854826527908654,0.02085248541220582,0.019102808058186854,0.015789555541611114
0.32,0.020795536839914093,0.0208560225544544,0.02084971420468107,0.018999776152956404,0.015585071800832162,0.02079553683991409,0.020856022554454404,0.020849714204681055,0.018999776152956404,0.015585071800832162
0.33,0.020796262408749457,0.020857128738894695,0.02084664784919948,0.01889573804213478,0.015383073860031167,0.020796262408749454,0.020857128738894698,0.020846647849199467,0.01889573804213478,0.015383073860031167
0.34,0.020796983789760592,0.0208581456257343,0.020843290005690678,0.01879080421410639,0.015183670605633384,0.02079698378976059,0.020858145625734303,0.020843290005690664,0.018790804214106394,0.01518367060563338
0.35000000000000003,0.02079770098794806,0.020859073756571374,0.020839644295028117,0.01868507908627252,0.014986953997376972,0.020797700987948056,0.020859073756571377,0.020839644295028104,0.018685079086272524,0.014986953997376968
0.36,0.020798414008307054,0.020859913670112785,0.02083571429944004,0.018578661316240287,0.014793000804601334,0.02079841400830705,0.02085991367011279,0.020835714299440027,0.01857866131624029,0.01479300080460133
0.37,0.020799122855827464,0.0208606659021894,0.020831503562916003,0.018471644097061295,0.01460187417192633,0.02079912285582746,0.020860665902189404,0.02083150356291599,0.0184716440970613,0.014601874171926326
0.38,0.020799827535493837,0.020861330985771236,0.020827015591609113,0.018364115437344238,0.014413625031220772,0.020799827535493833,0.02086133098577124,0.0208270155916091,0.01836411543734424,0.014413625031220768
0.39,0.02080052805228538,0.020861909450982593,0.02082225385423408,0.018256158427022995,0.014228293375064614,0.020800528052285376,0.020861909450982596,0.020822253854234068,0.018256158427023,0.01422829337506461
0.4,0.020801224411175993,0.02086240182511705,0.020817221782460996,0.018147851489520975,0.014045909405386482,0.02080122441117599,0.020862401825117054,0.020817221782460982,0.01814785148952098,0.014045909405386478
0.41000000000000003,0.020801916617134267,0.02086280863265242,0.020811922771304944,0.01803926862101403,0.013866494569589188,0.020801916617134264,0.020862808632652424,0.02081192277130493,0.018039268621014033,0.013866494569589185
0.42,0.02080260467512348,0.02086313039526561,0.02080636017951155,0.017930479617457747,0.013690062495245169,0.020802604675123477,0.020863130395265612,0.020806360179511537,0.01793047961745775,0.013690062495245165
0.43,0.0208032885901016,0.020863367631847395,0.020800537329938404,0.017821550290010375,0.013516619833337183,0.020803288590101596,0.020863367631847398,0.02080053732993839,0.01782155029001038,0.013516619833337178
0.44,0.0208039683670213,0.020863520858517143,0.020794457509932477,0.017712542669449757,0.013346167019024545,0.020803968367021298,0.020863520858517146,0.020794457509932463,0.01771254266944976,0.013346167019024541
0.45,0.020804644010829963,0.02086359058863742,0.020788123971703532,0.017603515200151673,0.013178698958020573,0.02080464401082996,0.020863590588637425,0.02078812397170352,0.017603515200151677,0.01317869895802057
0.46,0.020805315526469692,0.02086357733282856,0.020781539932693622,0.01749452292416746,0.013014205645862172,0.02080531552646969,0.020863577332828565,0.020781539932693608,0.017494522924167463,0.013014205645862168
0.47000000000000003,0.0208059829188773,0.0208634815989831,0.02077470857594264,0.017385617655910873,0.012852672726628942,0.020805982918877298,0.020863481598983102,0.020774708575942626,0.017385617655910877,0.012852672726628938
0.48,0.020806646192984325,0.020863303892280232,0.020767633050450013,0.01727684814793772,0.01269408199701828,0.02080664619298432,0.020863303892280236,0.02076763305045,0.017276848147937722,0.012694081997018276
0.49,0.02080730535371704,0.020863044715200077,0.020760316471532633,0.01716826024827665,0.012538411861097424,0.020807305353717036,0.02086304471520008,0.02076031647153262,0.017168260248276657,0.012538411861097422
0.5,0.02080796040599645,0.020862704567537946,0.02075276192117892,0.017059897049745785,0.012385637740526858,0.020807960405996445,0.02086270456753795,0.020752761921178906,0.017059897049745792,0.012385637740526857
0.51,0.020808611354738302,0.02086228394641849,0.020744972448399217,0.016951799031667197,0.012235732444575476,0.0208086113547383,0.020862283946418494,0.020744972448399204,0.016951799031667204,0.012235732444575475
0.52,0.020809258204853104,0.020861783346309826,0.02073695106957241,0.0168440041943701,0.01208866650382168,0.0208092582048531,0.02086178334630983,0.020736951069572396,0.016844004194370106,0.012088666503821678
0.53,0.020809900961246092,0.020861203259037526,0.02072870076878898,0.016736548186853092,0.01194440847105087,0.02080990096124609,0.02086120325903753,0.020728700768788966,0.0167365481868531,0.01194440847105087
0.54,0.02081053962881728,0.020860544173798564,0.020720224498190342,0.01662946442795686,0.011802925192514538,0.020810539628817275,0.020860544173798568,0.020720224498190328,0.016629464427956868,0.011802925192514538
0.55,0.02081117421246143,0.0208598065771752,0.02071152517830465,0.016522784221380336,0.01166418205240537,0.020811174212461425,0.020859806577175205,0.020711525178304636,0.01652278422138034,0.01166418205240537
0.56,0.020811804717068092,0.020858990953148766,0.020702605698379055,0.01641653686485616,0.011528143193123053,0.02081180471706809,0.02085899095314877,0.02070260569837904,0.016416536864856165,0.011528143193123053
0.5700000000000001,0.020812431147521574,0.02085809778311338,0.020693468916708417,0.016310749753785016,0.011394771713653612,0.02081243114752157,0.020858097783113382,0.020693468916708403,0.01631074975378502,0.011394771713653612
0.58,0.020813053508700975,0.0208571275458896,0.020684117660960597,0.01620544847961266,0.011264029848158311,0.02081305350870097,0.020857127545889604,0.020684117660960583,0.016205448479612663,0.011264029848158311
0.59,0.02081367180548018,0.02085608071773803,0.020674554728498277,0.016100656923219117,0.011135879126663997,0.020813671805480178,0.020856080717738035,0.020674554728498263,0.01610065692321912,0.011135879126663997
0.6,0.02081428604272786,0.020854957772372784,0.020664782886697385,0.01599639734357529,0.011010280519562732,0.020814286042727857,0.020854957772372788,0.02066478288669737,0.015996397343575292,0.011010280519562732
0.61,0.020814896225307487,0.020853759180974936,0.020654804873262187,0.015892690461909127,0.010887194567462986,0.020814896225307484,0.02085375918097494,0.020654804873262173,0.01589269046190913,0.010887194567462986
0.62,0.02081550235807732,0.02085248541220589,0.020644623396537005,0.0157895555416111,0.010766581497785319,0.020815502358077317,0.020852485412205895,0.02064462339653699,0.015789555541611103,0.010766581497785319
0.63,0.02081610444589045,0.02085113693222067,0.020634241135814697,0.01568701046409664,0.010648401329360983,0.020816104445890448,0.020851136932220675,0.020634241135814683,0.015687010464096644,0.010648401329360983
0.64,0.020816702493594772,0.02084971420468113,0.020623660741641833,0.015585071800832155,0.01053261396617068,0.02081670249359477,0.020849714204681135,0.02062366074164182,0.015585071800832158,0.01053261396617068
0.65,0.020817296506032996,0.020848217690769118,0.02061288483612069,0.015483754881720421,0.01041917928125134,0.020817296506032992,0.02084821769076912,0.020612884836120678,0.015483754881720425,0.01041917928125134
0.66,0.02081788648804266,0.020846647849199547,0.020601916013208016,0.015383073860031158,0.010308057191700403,0.020817886488042656,0.02084664784919955,0.020601916013208002,0.015383073860031163,0.010308057191700401
0.67,0.020818472444456136,0.020845005136233413,0.020590756839010693,0.015283041774052918,0.010199207725618073,0.020818472444456133,0.020845005136233417,0.02059075683901068,0.015283041774052923,0.010199207725618071
0.68,0.020819054380100614,0.020843290005690743,0.020579409852078245,0.015183670605633373,0.010092591081748044,0.02081905438010061,0.020843290005690747,0.02057940985207823,0.015183670605633378,0.01009259108174804
0.6900000000000001,0.02081963229979815,0.020841502908963458,0.020567877563692247,0.015084971335766506,0.009988167682504736,0.020819632299798146,0.02084150290896346,0.020567877563692234,0.015084971335766513,0.009988167682504732
0.7000000000000001,0.020820206208365628,0.020839644295028183,0.020556162458152713,0.014986953997376961,0.009885898221009977,0.020820206208365624,0.020839644295028187,0.0205561624581527,0.014986953997376968,0.009885898221009973
0.71,0.020820776110614794,0.020837714610459006,0.020544266993061458,0.014889627725444153,0.00978574370270306,0.02082077611061479,0.02083771461045901,0.020544266993061444,0.01488962772544416,0.009785743702703057
0.72,0.020821342011352245,0.02083571429944011,0.020532193599602445,0.014793000804601324,0.009687665482035087,0.02082134201135224,0.020835714299440113,0.02053219359960243,0.01479300080460133,0.009687665482035084
0.73,0.02082190391537944,0.020833643803778407,0.020519944682819202,0.014697080714337831,0.009591625294710335,0.020821903915379438,0.02083364380377841,0.02051994468281919,0.014697080714337838,0.009591625294710332
0.74,0.020822461827492717,0.020831503562916066,0.020507522621889294,0.014601874171926318,0.00949758528589418,0.020822461827492714,0.02083150356291607,0.02050752262188928,0.014601874171926325,0.009497585285894176
0.75,0.020823015752483267,0.020829294013942977,0.020494929770395895,0.014507387173190172,0.009405508034767779,0.020823015752483263,0.02082929401394298,0.02049492977039588,0.014507387173190181,0.009405508034767775
0.76,0.020823565695137186,0.020827015591609176,0.020482168456596544,0.014413625031220758,0.009315356575774493,0.020823565695137183,0.02082701559160918,0.02048216845659653,0.014413625031220767,0.009315356575774491
0.77,0.020824111660235435,0.02082466872833715,0.020469240983688984,0.014320592413148245,0.009227094416870774,0.02082411166023543,0.020824668728337152,0.02046924098368897,0.014320592413148253,0.009227094416870772
0.78,0.02082465365255387,0.020822253854234144,0.020456149630074274,0.0142282933750646,0.009140685555065533,0.020824653652553867,0.020822253854234148,0.02045614963007426,0.014228293375064609,0.00914068555506553
0.79,0.020825191676863253,0.02081977139710435,0.02044289664961707,0.01413673139519216,0.009056094489505622,0.02082519167686325,0.020819771397104354,0.020442896649617057,0.014136731395192169,0.00905609448950562
0.8,0.020825725737929218,0.02081722178246105,0.020429484271903206,0.014045909405386466,0.00897328623234154,0.020825725737929214,0.020817221782461055,0.020429484271903192,0.014045909405386477,0.008973286232341539
0.81,0.02082625584051234,0.020814605433538722,0.020415914702494545,0.013955829821057513,0.00889222631758582,0.020826255840512335,0.020814605433538726,0.02041591470249453,0.013955829821057522,0.008892226317585818
0.8200000000000001,0.020826781989368083,0.020811922771305006,0.020402190123181105,0.013866494569589168,0.00881288080815732,0.02082678198936808,0.02081192277130501,0.02040219012318109,0.013866494569589176,0.008812880808157317
0.8300000000000001,0.02082730418924683,0.020809174214472693,0.02038831269223058,0.013777905117332546,0.008735216301286933,0.020827304189246828,0.020809174214472696,0.020388312692230567,0.013777905117332555,0.008735216301286932
0.84,0.020827822444893892,0.02080636017951161,0.02037428454463522,0.01369006249524515,0.008659199932444307,0.02082782244489389,0.020806360179511613,0.020374284544635204,0.013690062495245158,0.008659199932444305
0.85,0.02082833676104951,0.02080348108066044,0.02036010779235607,0.013602967323243958,0.008584799377930679,0.020828336761049508,0.020803481080660442,0.020360107792356055,0.013602967323243967,0.008584799377930677
0.86,0.020828847142448852,0.020800537329938466,0.02034578452456467,0.013516619833337162,0.008511982856269947,0.02082884714244885,0.02080053732993847,0.020345784524564658,0.013516619833337172,0.008511982856269945
0.87,0.020829353593822028,0.020797529337157315,0.020331316807882232,0.01343101989159595,0.008440719128517989,0.020829353593822025,0.020797529337157318,0.02033131680788222,0.013431019891595961,0.008440719128517987
0.88,0.02082985611989408,0.02079445750993254,0.020316706686616205,0.013346167019024524,0.008370977497599675,0.020829856119894078,0.020794457509932543,0.020316706686616195,0.013346167019024536,0.008370977497599673
0.89,0.02083035472538503,0.02079132225369525,0.020301956182994473,0.013262060411383706,0.008302727806773009,0.020830354725385025,0.020791322253695253,0.020301956182994463,0.013262060411383718,0.008302727806773007
0.9,0.020830849415009813,0.02078812397170359,0.020287067297396943,0.013178698958020553,0.008235940437311134,0.02083084941500981,0.020788123971703595,0.020287067297396932,0.013178698958020565,0.00823594043731113
0.91,0.020831340193478348,0.02078486306505422,0.020272042008584828,0.013096081259753763,0.008170586305484645,0.020831340193478345,0.020784863065054223,0.020272042008584817,0.013096081259753775,0.008170586305484642
0.92,0.02083182706549552,0.02078153993269368,0.02025688227392743,0.01301420564586215,0.008106636858919445,0.020831827065495516,0.020781539932693684,0.02025688227392742,0.013014205645862162,0.008106636858919441
0.93,0.02083231003576118,0.020778154971429746,0.02024159002962656,0.012933070190221002,0.008044064072398636,0.020832310035761175,0.02077815497142975,0.020241590029626548,0.012933070190221014,0.008044064072398632
0.9400000000000001,0.020832789108970153,0.02077470857594269,0.02022616719093858,0.01285267272662892,0.007982840443170797,0.02083278910897015,0.020774708575942692,0.02022616719093857,0.01285267272662893,0.007982840443170793
0.9500000000000001,0.020833264289812248,0.020771201138796512,0.020210615652394136,0.0127730108633655,0.007922938985821571,0.020833264289812244,0.020771201138796516,0.020210615652394126,0.01277301086336551,0.007922938985821566
0.96,0.020833735582972253,0.020767633050450075,0.020194937288015538,0.012694081997018257,0.007864333226760332,0.02083373558297225,0.02076763305045008,0.020194937288015528,0.012694081997018268,0.007864333226760327
0.97,0.020834202993129956,0.020764004699268195,0.02017913395153189,0.012615883325615172,0.0078069971983691375,0.020834202993129953,0.020764004699268198,0.02017913395153188,0.01261588332561518,0.007806997198369132
0.98,0.020834666524960143,0.020760316471532703,0.02016320747659191,0.012538411861097403,0.007750905432857024,0.02083466652496014,0.020760316471532706,0.0201632074765919,0.012538411861097411,0.007750905432857018
0.99,0.02083512618313259,0.0207565687514534,0.020147159676974565,0.012461664441165013,0.00769603295585878,0.020835126183132588,0.020756568751453403,0.020147159676974554,0.012461664441165022,0.007696032955858774
1.0,0.020835581972312094,0.020752761921178992,0.02013099234679741,0.012385637740526834,0.0076423552798139446,0.02083558197231209,0.020752761921178996,0.0201309923467974,0.012385637740526844,0.007642355279813939
1.01,0.02083603389715846,0.02074889636080795,0.02011470726072282,0.012310328281584026,0.007589848397158523,0.020836033897158455,0.020748896360807952,0.02011470726072281,0.012310328281584036,0.007589848397158518
1.02,0.020836481962326507,0.020744972448399283,0.020098306174162,0.012235732444575452,0.007538488773359039,0.020836481962326504,0.020744972448399287,0.02009830617416199,0.012235732444575462,0.007538488773359033
1.03,0.020836926172466085,0.02074099055998335,0.02008179082347684,0.012161846477211496,0.00748825333981587,0.020836926172466082,0.020740990559983352,0.02008179082347683,0.012161846477211507,0.007488253339815866
1.04,0.020837366532222065,0.020736951069572476,0.02006516292617968,0.012088666503821656,0.007439119486660386,0.02083736653222206,0.02073695106957248,0.02006516292617967,0.012088666503821665,0.007439119486660381
1.05,0.02083780304623436,0.02073285434917165,0.02004842418113093,0.012016188534039927,0.007391065055468192,0.020837803046234355,0.020732854349171652,0.020048424181130918,0.012016188534039936,0.007391065055468189
1.06,0.020838235719137913,0.02072870076878905,0.02003157626873465,0.011944408471050848,0.00734406833190875,0.02083823571913791,0.020728700768789052,0.02003157626873464,0.011944408471050856,0.007344068331908747
1.07,0.020838664555562717,0.020724490696446593,0.02001462085113208,0.011873322119417848,0.007298108038349772,0.020838664555562714,0.020724490696446596,0.020014620851132068,0.011873322119417856,0.007298108038349769
1.08,0.02083908956013382,0.020720224498190404,0.01999755957239304,0.011802925192514515,0.007253163326433111,0.020839089560133816,0.020720224498190408,0.01999755957239303,0.011802925192514524,0.007253163326433108
1.09,0.020839510737471312,0.020715902538101214,0.019980394058705463,0.01173321331957831,0.007209213769637292,0.02083951073747131,0.020715902538101218,0.019980394058705452,0.011733213319578316,0.007209213769637289
1.1,0.020839928092190353,0.020711525178304713,0.0199631259185628,0.011664182052405343,0.007166239355840388,0.02083992809219035,0.020711525178304716,0.01996312591856279,0.011664182052405351,0.007166239355840385
1.11,0.020840341628901166,0.020707092778981858,0.01994575674294953,0.01159582687170384,0.00712422047989568,0.020840341628901162,0.02070709277898186,0.01994575674294952,0.01159582687170385,0.007124220479895678
1.12,0.020840751352209044,0.020702605698379114,0.019928288105524685,0.011528143193123022,0.007083137936231292,0.02084075135220904,0.020702605698379117,0.019928288105524675,0.011528143193123033,0.007083137936231291
1.1300000000000001,0.02084115726671435,0.02069806429281865,0.019910721562803466,0.011461126372973413,0.007042972911483924,0.020841157266714348,0.020698064292818653,0.019910721562803456,0.011461126372973423,0.007042972911483923
1.1400000000000001,0.020841559377012535,0.020693468916708473,0.01989305865433693,0.011394771713653582,0.007003706977175776,0.02084155937701253,0.020693468916708476,0.01989305865433692,0.01139477171365359,0.007003706977175776
1.1500000000000001,0.02084195768769414,0.02068881992255252,0.019875300902889796,0.011329074468797815,0.006965322082442868,0.020841957687694136,0.020688819922552525,0.019875300902889786,0.011329074468797823,0.006965322082442867
1.16,0.020842352203344783,0.02068411766096067,0.019857449814616384,0.011264029848158283,0.0069278005468220395,0.02084235220334478,0.020684117660960673,0.019857449814616374,0.011264029848158292,0.0069278005468220395
1.17,0.020842742928545197,0.020679362480658724,0.019839506879234695,0.011199633022234725,0.00689112505310324,0.020842742928545193,0.020679362480658728,0.019839506879234685,0.011199633022234737,0.006891125053103239
1.18,0.020843129867871207,0.02067455472849835,0.019821473570198665,0.011135879126663969,0.00685527864025289,0.020843129867871204,0.020674554728498353,0.019821473570198655,0.011135879126663983,0.00685527864025289
1.19,0.02084351302589375,0.02066969474946695,0.0198033513448686,0.011072763266380995,0.006820244696413533,0.020843513025893746,0.020669694749466953,0.01980335134486859,0.011072763266381009,0.006820244696413533
1.2,0.02084389240717886,0.020664782886697458,0.01978514164467984,0.011010280519562704,0.006786006951984332,0.020843892407178856,0.02066478288669746,0.01978514164467983,0.011010280519562718,0.0067860069519843315
1.21,0.0208442680162877,0.020659819481478138,0.019766845895309623,0.010948425941364963,0.006752549472786447,0.020844268016287696,0.02065981948147814,0.019766845895309613,0.010948425941364977,0.006752549472786446
1.22,0.020844639857776556,0.020654804873262267,0.019748465506842207,0.010887194567462961,0.006719856653316819,0.020844639857776553,0.02065480487326227,0.019748465506842196,0.010887194567462975,0.006719856653316818
1.23,0.020845007936196844,0.020649739399677822,0.01973000187393227,0.010826581417404512,0.006687913210093397,0.02084500793619684,0.020649739399677826,0.01973000187393226,0.010826581417404524,0.006687913210093396
1.24,0.020845372256095108,0.020644623396537085,0.019711456375966576,0.010766581497785296,0.006656704175094452,0.020845372256095104,0.02064462339653709,0.019711456375966566,0.01076658149778531,0.006656704175094451
1.25,0.020845732822013026,0.02063945719784623,0.01969283037722392,0.010707189805254778,0.006626214889294203,0.020845732822013022,0.020639457197846232,0.01969283037722391,0.010707189805254792,0.006626214889294201
1.26,0.02084608963848743,0.020634241135814777,0.01967412522703345,0.010648401329360962,0.006596430996296628,0.020846089638487428,0.02063424113581478,0.01967412522703344,0.010648401329360974,0.006596430996296626
1.27,0.020846442710050293,0.02062897554086513,0.019655342259931284,0.010590211055241787,0.006567338436069029,0.02084644271005029,0.020628975540865135,0.019655342259931274,0.0105902110552418,0.006567338436069027
1.28,0.02084679204122874,0.02062366074164192,0.019636482795815452,0.010532613966170659,0.006538923438776573,0.020846792041228735,0.02062366074164192,0.01963648279581544,0.010532613966170673,0.006538923438776572
1.29,0.02084713763654506,0.020618297065021406,0.019617548140099316,0.010475605045963107,0.006511172518718796,0.020847137636545058,0.020618297065021406,0.019617548140099306,0.010475605045963121,0.006511172518718795
1.3,0.020847479500516703,0.020612884836120775,0.019598539583863244,0.010419179281251321,0.00648407246836878,0.0208474795005167,0.020612884836120775,0.019598539583863234,0.010419179281251335,0.006484072468368779
1.31,0.020847817637656287,0.020607424378307412,0.019579458404004796,0.010363331663632978,0.0064576103525155,0.020847817637656283,0.020607424378307412,0.019579458404004785,0.010363331663632992,0.006457610352515499
1.32,0.0208481520524716,0.020601916013208103,0.019560305863387265,0.010308057191700378,0.0064317735025096094,0.020848152052471598,0.020601916013208103,0.019560305863387254,0.010308057191700392,0.006431773502509609
1.33,0.020848482749465626,0.020596360060718213,0.01954108321098671,0.010253350872955732,0.006406549510612753,0.020848482749465623,0.020596360060718213,0.0195410832109867,0.010253350872955746,0.006406549510612751
1.34,0.020848809733136502,0.02059075683901079,0.019521791682037402,0.010199207725618045,0.006381926224450326,0.0208488097331365,0.02059075683901079,0.019521791682037392,0.010199207725618059,0.006381926224450323
1.35,0.020849133007977586,0.020585106664545643,0.01950243249817577,0.010145622780326899,0.00635789174156742,0.020849133007977583,0.020585106664545643,0.01950243249817576,0.010145622780326912,0.006357891741567419
1.36,0.020849452578477406,0.02057940985207835,0.01948300686758282,0.010092591081748014,0.00633443440408756,0.020849452578477402,0.02057940985207835,0.01948300686758281,0.010092591081748028,0.0063344344040875585
1.37,0.020849768449119708,0.02057366671466924,0.019463515985125062,0.010040107690085424,0.006311542793473716,0.020849768449119704,0.02057366671466924,0.01946351598512505,0.010040107690085438,0.006311542793473715
1.3800000000000001,0.020850080624383437,0.020567877563692345,0.01944396103249395,0.009988167682504706,0.006289205725390949,0.020850080624383434,0.020567877563692345,0.01944396103249394,0.00998816768250472,0.006289205725390947
1.3900000000000001,0.020850389108742737,0.02056204270884422,0.019424343178343906,0.009936766154471578,0.0062674122446699145,0.020850389108742734,0.02056204270884422,0.019424343178343895,0.009936766154471591,0.006267412244669913
1.4000000000000001,0.020850693906666985,0.02055616245815282,0.0194046635784288,0.009885898221009945,0.006246151620370413,0.02085069390666698,0.02055616245815282,0.01940466357842879,0.00988589822100996,0.006246151620370411
1.41,0.02085099502262076,0.02055023711798625,0.01938492337573711,0.009835559017883282,0.006225413340944019,0.020850995022620757,0.02055023711798625,0.0193849233757371,0.009835559017883296,0.006225413340944017
1.42,0.02085129246106388,0.02054426699306156,0.01936512370062556,0.009785743702703032,0.006205187109494786,0.020851292461063875,0.02054426699306156,0.01936512370062555,0.009785743702703045,0.006205187109494784
1.43,0.02085158622645138,0.02053825238645337,0.019345265670951427,0.00973644745596757,0.006185462839136957,0.020851586226451377,0.02053825238645337,0.019345265670951416,0.009736447455967582,0.0061854628391369544
1.44,0.02085187632323354,0.020532193599602556,0.019325350392203434,0.009687665482035061,0.0061662306484485075,0.020851876323233536,0.020532193599602556,0.019325350392203424,0.009687665482035075,0.006166230648448505
1.45,0.02085216275585587,0.020526090932324825,0.019305378957631267,0.009639393010033406,0.006147480857019349,0.020852162755855868,0.020526090932324825,0.019305378957631257,0.009639393010033418,0.006147480857019346
1.46,0.020852445528759134,0.020519944682819317,0.01928535244837372,0.009591625294710315,0.0061292039810929245,0.02085244552875913,0.020519944682819317,0.01928535244837371,0.009591625294710325,0.006129203981092922
1.47,0.020852724646379342,0.020513755147677042,0.019265271933585543,0.00954435761722642,0.006111390729299919,0.02085272464637934,0.020513755147677042,0.019265271933585532,0.009544357617226431,0.006111390729299915
1.48,0.020853000113147755,0.02050752262188941,0.01924513847056291,0.009497585285894153,0.006094031998482746,0.02085300011314775,0.02050752262188941,0.0192451384705629,0.009497585285894164,0.006094031998482742
1.49,0.020853271933490902,0.020501247398856608,0.019224953104867586,0.009451303636865015,0.0060771188696094654,0.0208532719334909,0.020501247398856608,0.019224953104867576,0.009451303636865025,0.006077118869609462
1.5,0.020853540111830576,0.020494929770396016,0.019204716870449806,0.009405508034767756,0.006060642603775739,0.020853540111830573,0.020494929770396016,0.019204716870449796,0.009405508034767765,0.006060642603775736
1.51,0.020853804652583827,0.02048857002675048,0.01918443078976984,0.009360193873299848,0.006044594638293414,0.020853804652583824,0.02048857002675048,0.019184430789769828,0.009360193873299857,0.006044594638293411
1.52,0.020854065560163,0.02048216845659667,0.0191640958739183,0.009315356575774472,0.00602896658286432,0.020854065560162997,0.02048216845659667,0.01916409587391829,0.00931535657577448,0.006028966582864317
1.53,0.020854322838975706,0.02047572534705324,0.019143713122735204,0.009270991595625262,0.006013750215837848,0.020854322838975703,0.02047572534705324,0.019143713122735193,0.009270991595625269,0.006013750215837844
1.54,0.020854576493424842,0.020469240983689106,0.019123283524927728,0.009227094416870757,0.00599893748055083,0.02085457649342484,0.020469240983689106,0.019123283524927717,0.009227094416870764,0.005998937480550825
1.55,0.020854826527908606,0.020462715650531562,0.019102808058186815,0.009183660554540637,0.0059845204817483,0.020854826527908602,0.020462715650531562,0.019102808058186805,0.009183660554540644,0.005984520481748294
1.56,0.020855072946820475,0.020456149630074385,0.019082287689302462,0.009140685555065513,0.005970491482083658,0.02085507294682047,0.02045614963007439,0.019082287689302452,0.00914068555506552,0.005970491482083653
1.57,0.020855315754549242,0.020449543203285944,0.019061723374277893,0.00909816499663213,0.005956842898696773,0.02085531575454924,0.020449543203285948,0.019061723374277882,0.009098164996632137,0.0059568428986967676
1.58,0.020855554955478996,0.02044289664961718,0.019041116058442453,0.009056094489505605,0.005943567299868566,0.020855554955478993,0.020442896649617185,0.019041116058442442,0.009056094489505612,0.005943567299868561
1.59,0.02085579055398913,0.02043621024700962,0.019020466676563375,0.009014469676320407,0.005930657401750615,0.020855790553989128,0.020436210247009624,0.019020466676563364,0.009014469676320414,0.005930657401750611
1.6,0.020856022554454366,0.02042948427190332,0.018999776152956366,0.008973286232341523,0.005918106065168333,0.020856022554454363,0.020429484271903324,0.018999776152956355,0.00897328623234153,0.0059181060651683276
1.61,0.02085625096124473,0.020422718999244745,0.01897904540159499,0.008932539865697373,0.005905906292496245,0.020856250961244726,0.02042271899924475,0.01897904540159498,0.008932539865697382,0.005905906292496241
1.62,0.02085647577872558,0.02041591470249465,0.018958275326218983,0.0088922263175858,0.005894051224603979,0.020856475778725576,0.020415914702494653,0.018958275326218972,0.008892226317585808,0.005894051224603973
1.6300000000000001,0.020856697011257613,0.02040907165363589,0.018937466820441357,0.008852341362454523,0.0058825341378714755,0.02085669701125761,0.020409071653635893,0.018937466820441347,0.008852341362454531,0.00588253413787147
1.6400000000000001,0.020856914663196856,0.020402190123181202,0.018916620767854442,0.008812880808157302,0.005871348441272052,0.020856914663196852,0.020402190123181205,0.01891662076785443,0.00881288080815731,0.005871348441272047
1.6500000000000001,0.020857128738894663,0.020395270380180918,0.018895738042134753,0.008773840496087027,0.005860487673521888,0.02085712873889466,0.02039527038018092,0.018895738042134742,0.008773840496087036,0.0058604876735218825
1.6600000000000001,0.02085733924269774,0.020388312692230678,0.018874819507146843,0.00873521630128692,0.005849945500294554,0.020857339242697736,0.02038831269223068,0.018874819507146832,0.008735216301286928,0.0058499455002945485
1.67,0.020857546178948142,0.020381317325479088,0.018853866017045973,0.008697004132540912,0.005839715711499206,0.02085754617894814,0.02038131732547909,0.018853866017045962,0.00869700413254092,0.0058397157114992
1.68,0.02085774955198329,0.02037428454463532,0.0188328784163798,0.008659199932444288,0.005829792218621084,0.020857749551983287,0.020374284544635322,0.01883287841637979,0.008659199932444296,0.005829792218621079
1.69,0.020857949366135956,0.020367214612976685,0.018811857540188905,0.008621799677455577,0.00582016905212297,0.020857949366135952,0.02036721461297669,0.018811857540188895,0.008621799677455586,0.005820169052122965
1.7,0.02085814562573426,0.020360107792356166,0.018790804214106373,0.008584799377930661,0.005810840358906283,0.020858145625734258,0.02036010779235617,0.018790804214106362,0.00858479937793067,0.005810840358906277
1.71,0.020858338335101718,0.020352964343209934,0.018769719254456228,0.00854819507814001,0.0058018003998305066,0.020858338335101714,0.020352964343209937,0.018769719254456217,0.008548195078140019,0.005801800399830502
1.72,0.02085852749855721,0.020345784524564776,0.018748603468350902,0.00851198285626993,0.005793043547289661,0.020858527498557208,0.02034578452456478,0.018748603468350892,0.008511982856269938,0.005793043547289657
1.73,0.02085871312041498,0.020338568594045495,0.018727457653787697,0.00847615882440864,0.005784564282844535,0.020858713120414978,0.020338568594045498,0.018727457653787687,0.008476158824408648,0.005784564282844531
1.74,0.020858895204984677,0.02033131680788233,0.018706282599744155,0.008440719128517977,0.005776357194909453,0.020858895204984674,0.020331316807882333,0.018706282599744144,0.008440719128517985,0.005776357194909449
1.75,0.020859073756571332,0.02032402942091826,0.018685079086272503,0.008405659948391493,0.005768416976492332,0.02085907375657133,0.020324029420918262,0.018685079086272493,0.008405659948391502,0.005768416976492326
1.76,0.020859248779475367,0.02031670668661631,0.018663847884593115,0.00837097749759966,0.005760738422986807,0.020859248779475363,0.020316706686616313,0.018663847884593104,0.008370977497599668,0.0057607384229868015
1.77,0.020859420277992598,0.020309348857066804,0.018642589757186922,0.008336668023422889,0.0057533164300152834,0.020859420277992594,0.020309348857066808,0.01864258975718691,0.008336668023422898,0.005753316430015277
1.78,0.02085958825641425,0.02030195618299458,0.01862130545788694,0.008302727806772991,0.005746145991321676,0.020859588256414246,0.020301956182994584,0.01862130545788693,0.008302727806773,0.005746145991321669
1.79,0.02085975271902695,0.020294528913766197,0.018599995731968792,0.008269153162103738,0.005739222196712754,0.020859752719026948,0.0202945289137662,0.018599995731968782,0.008269153162103747,0.005739222196712748
1.8,0.020859913670112758,0.02028706729739705,0.01857866131624028,0.008235940437311115,0.005732540230046932,0.020859913670112754,0.020287067297397054,0.018578661316240266,0.008235940437311124,0.005732540230046926
1.81,0.020860071113949122,0.0202795715805585,0.01855730293913006,0.008203086013623824,0.005726095367269397,0.02086007111394912,0.020279571580558504,0.018557302939130046,0.008203086013623835,0.005726095367269389
1.82,0.02086022505480893,0.020272042008584935,0.018535921320775344,0.00817058630548462,0.005719882974492499,0.020860225054808928,0.02027204200858494,0.01853592132077533,0.008170586305484633,0.005719882974492491
1.83,0.020860375496960515,0.02026447882548079,0.018514517173108706,0.008138437760422949,0.005713898506120364,0.02086037549696051,0.020264478825480794,0.018514517173108692,0.00813843776042296,0.005713898506120356
1.84,0.020860522444667594,0.020256882273927548,0.01849309119994398,0.008106636858919424,0.0057081375030166226,0.02086052244466759,0.02025688227392755,0.018493091199943967,0.008106636858919436,0.0057081375030166165
1.85,0.020860665902189365,0.0202492525952907,0.018471644097061285,0.008075180114262625,0.0057025955907143025,0.020860665902189362,0.020249252595290704,0.01847164409706127,0.008075180114262637,0.005702595590714297
1.86,0.020860805873780457,0.020241590029626673,0.018450176552291076,0.008044064072398618,0.0056972684776668316,0.020860805873780454,0.020241590029626676,0.018450176552291062,0.008044064072398629,0.005697268477666826
1.87,0.020860942363690935,0.0202338948156897,0.01842868924559744,0.008013285311773711,0.005692151953539213,0.020860942363690932,0.020233894815689702,0.018428689245597426,0.008013285311773722,0.005692151953539207
1.8800000000000001,0.020861075376166327,0.020226167190938688,0.0184071828491604,0.007982840443170778,0.005687241887538371,0.020861075376166324,0.02022616719093869,0.018407182849160385,0.00798284044317079,0.005687241887538365
1.8900000000000001,0.020861204915447604,0.020218407391543996,0.01838565802745746,0.007952726109539596,0.005682534226781766,0.0208612049154476,0.020218407391544,0.018385658027457445,0.007952726109539607,0.0056825342267817595
1.9000000000000001,0.020861330985771216,0.02021061565239424,0.018364115437344217,0.007922938985821554,0.005678024994703321,0.020861330985771212,0.020210615652394244,0.018364115437344203,0.007922938985821566,0.005678024994703315
1.9100000000000001,0.020861453591369067,0.020202792207103033,0.018342555728134195,0.00789347577876911,0.005673710289495808,0.020861453591369063,0.020202792207103033,0.01834255572813418,0.007893475778769123,0.005673710289495802
1.92,0.02086157273646853,0.020194937288015653,0.01832097954167779,0.007864333226760311,0.005669586282588748,0.020861572736468527,0.02019493728801565,0.018320979541677777,0.007864333226760323,0.005669586282588742
1.93,0.020861688425292468,0.020187051126215758,0.018299387512440445,0.007835508099608729,0.005665649217161046,0.020861688425292464,0.020187051126215754,0.01829938751244043,0.007835508099608741,0.00566564921716104
1.94,0.02086180066205921,0.020179133951532004,0.018277780267579948,0.007806997198369115,0.005661895406687435,0.020861800662059206,0.020179133951532,0.018277780267579934,0.007806997198369127,0.005661895406687428
1.95,0.02086190945098258,0.02017118599254463,0.01825615842702296,0.007778797355139066,0.005658321233517971,0.020861909450982576,0.020171185992544628,0.018256158427022946,0.007778797355139077,0.005658321233517963
1.96,0.020862014796271876,0.02016320747659204,0.018234522603540776,0.007750905432857003,0.0056549231474897444,0.020862014796271873,0.020163207476592036,0.018234522603540762,0.007750905432857013,0.0056549231474897375
1.97,0.020862116702131915,0.020155198629777302,0.0182128734028242,0.007723318325096718,0.005651697664570029,0.02086211670213191,0.0201551986297773,0.018212873402824185,0.007723318325096728,0.005651697664570022
1.98,0.020862215172762995,0.02014715967697469,0.018191211423557726,0.007696032955858759,0.0056486413655301,0.02086221517276299,0.020147159676974686,0.018191211423557712,0.00769603295585877,0.005648641365530093
1.99,0.020862310212360922,0.02013909084183611,0.0181695372574929,0.007669046279358901,0.005645750894648976,0.02086231021236092,0.020139090841836106,0.018169537257492888,0.007669046279358912,0.00564575089464897
2.0,0.020862401825117022,0.02013099234679754,0.01814785148952095,0.007642355279813924,0.005643022958446344,0.02086240182511702,0.020130992346797535,0.018147851489520937,0.007642355279813935,0.005643022958446339
2.0100000000000002,0.020862490015218123,0.0201228644130854,0.018126154697744604,0.0076159569712249435,0.005640454324443969,0.02086249001521812,0.020122864413085396,0.01812615469774459,0.007615956971224955,0.0056404543244439635
2.02,0.02086257478684657,0.02011470726072295,0.01810444745354922,0.007589848397158503,0.00563804181995487,0.020862574786846565,0.020114707260722946,0.018104447453549208,0.007589848397158513,0.005638041819954864
2.0300000000000002,0.020862656144180244,0.020106521108536585,0.018082730321673124,0.007564026630525624,0.005635782330899596,0.02086265614418024,0.02010652110853658,0.01808273032167311,0.007564026630525633,0.0056357823308995905
2.04,0.020862734091392544,0.02009830617416213,0.018061003860277244,0.0075384887733590195,0.00563367280064894,0.02086273409139254,0.020098306174162126,0.01806100386027723,0.007538488773359028,0.005633672800648935
2.05,0.020862808632652396,0.020090062674051112,0.018039268621014,0.007513231956588659,0.0056317102288924205,0.020862808632652392,0.02009006267405111,0.018039268621013987,0.007513231956588667,0.005631710228892416
2.06,0.02086287977212428,0.020081790823476973,0.01801752514909549,0.007488253339815851,0.005629891670531928,0.020862879772124275,0.02008179082347697,0.018017525149095475,0.00748825333981586,0.005629891670531925
2.07,0.0208629475139682,0.020073490836541263,0.01799577398336094,0.0074635501110860225,0.0056282142345999014,0.020862947513968198,0.02007349083654126,0.017995773983360927,0.007463550111086031,0.005628214234599898
2.08,0.02086301186233972,0.0200651629261798,0.0179740156563435,0.007439119486660366,0.0056266750832014234,0.020863011862339718,0.020065162926179797,0.017974015656343486,0.007439119486660374,0.00562667508320142
2.09,0.02086307282138996,0.02005680730416882,0.01795225069433628,0.007414958710786477,0.005625271430479677,0.020863072821389956,0.020056807304168818,0.017952250694336265,0.007414958710786485,0.005625271430479673
2.1,0.02086313039526558,0.020048424181131043,0.017930479617457726,0.007391065055468173,0.005624000541604158,0.020863130395265578,0.02004842418113104,0.017930479617457713,0.007391065055468181,0.005624000541604154
2.11,0.02086318458810882,0.020040013766541735,0.017908702939716335,0.00736743582023459,0.0056228597317811106,0.020863184588108815,0.020040013766541732,0.01790870293971632,0.007367435820234598,0.005622859731781107
2.12,0.02086323540405746,0.020031576268734766,0.017886921169074674,0.007344068331908731,0.005621846365285623,0.020863235404057455,0.020031576268734762,0.01788692116907466,0.00734406833190874,0.005621846365285619
2.13,0.02086328284724487,0.02002311189490858,0.017865134807512704,0.007320959944375553,0.005620957854514864,0.020863282847244865,0.020023111894908577,0.01786513480751269,0.007320959944375561,0.00562095785451486
2.14,0.020863326921799995,0.02001462085113219,0.017843344351090522,0.007298108038349752,0.005620191659061938,0.020863326921799992,0.020014620851132186,0.017843344351090508,0.007298108038349761,0.005620191659061935
2.15,0.020863367631847356,0.02000610334235108,0.01782155029001035,0.007275510021143334,0.005619545284809856,0.020863367631847353,0.020006103342351075,0.017821550290010337,0.007275510021143344,0.005619545284809853
2.16,0.020863404981507055,0.019997559572393145,0.017799753108677954,0.007253163326433092,0.005619016283045127,0.02086340498150705,0.01999755957239314,0.01779975310867794,0.007253163326433103,0.005619016283045125
2.17,0.02086343897489479,0.019988989743974554,0.017777953285763388,0.007231065414028092,0.005618602249590493,0.020863438974894788,0.01998898974397455,0.017777953285763374,0.007231065414028103,0.005618602249590491
2.18,0.020863469616121854,0.019980394058705567,0.017756151294261117,0.007209213769637273,0.005618300823956349,0.02086346961612185,0.019980394058705563,0.017756151294261103,0.007209213769637283,0.005618300823956346
2.19,0.02086349690929513,0.019971772717096384,0.017734347601549523,0.007187605904637242,0.0056181096885103725,0.020863496909295128,0.01997177271709638,0.01773434760154951,0.007187605904637251,0.00561810968851037
2.2,0.0208635208585171,0.019963125918562905,0.017712542669449726,0.00716623935584037,0.0056180265676649375,0.020863520858517098,0.0199631259185629,0.017712542669449712,0.007166239355840378,0.005618026567664935
2.21,0.02086354146788586,0.01995445386143248,0.017690736954283904,0.007145111685263256,0.00561804922708188,0.020863541467885858,0.019954453861432478,0.01769073695428389,0.007145111685263264,0.0056180492270818784
2.22,0.020863558741495137,0.019945756742949634,0.017668930906932907,0.007124220479895662,0.005618175472894181,0.020863558741495133,0.01994575674294963,0.017668930906932893,0.00712422047989567,0.005618175472894178
2.23,0.020863572683434244,0.019937034759281765,0.017647124972893332,0.007103563351469976,0.005618403150944162,0.02086357268343424,0.019937034759281762,0.017647124972893318,0.0071035633514699836,0.005618403150944159
2.24,0.02086358329778813,0.019928288105524793,0.017625319592333964,0.007083137936231277,0.0056187301460378074,0.020863583297788126,0.01992828810552479,0.01762531959233395,0.007083137936231285,0.005618730146037805
2.25,0.02086359058863737,0.019919516975708783,0.01760351520015164,0.007062941894708096,0.005619154381214808,0.020863590588637366,0.01991951697570878,0.017603515200151625,0.007062941894708103,0.005619154381214806
2.2600000000000002,0.020863594560058176,0.019910721562803577,0.017581712226026544,0.007042972911483906,0.005619673817033946,0.020863594560058173,0.019910721562803574,0.01758171222602653,0.007042972911483914,0.005619673817033944
2.27,0.020863595216122383,0.01990190205872432,0.017559911094476938,0.0070232286949694234,0.005620286450873463,0.02086359521612238,0.019901902058724316,0.017559911094476924,0.007023228694969431,0.005620286450873461
2.2800000000000002,0.020863592560897485,0.01989305865433704,0.01753811222491326,0.00700370697717576,0.005620990316246047,0.02086359256089748,0.019893058654337038,0.017538112224913246,0.007003706977175768,0.005620990316246044
2.29,0.0208635865984466,0.019884191539464146,0.01751631603169175,0.006984405513488522,0.005621783482128085,0.020863586598446598,0.019884191539464142,0.017516316031691737,0.00698440551348853,0.005621783482128083
2.3000000000000003,0.020863577332828495,0.019875300902889904,0.017494522924167425,0.00696532208244285,0.005622664052302845,0.02086357733282849,0.0198753009028899,0.017494522924167415,0.006965322082442859,0.005622664052302844
2.31,0.02086356476809761,0.019866386932365906,0.017472733306746587,0.006946454485499509,0.005623630164717245,0.020863564768097607,0.019866386932365903,0.017472733306746577,0.006946454485499519,0.005623630164717244
2.32,0.020863548908304042,0.019857449814616488,0.01745094757893871,0.006927800546822022,0.005624679990851899,0.02086354890830404,0.019857449814616485,0.0174509475789387,0.006927800546822033,0.0056246799908518975
2.33,0.020863529757493525,0.019848489735344123,0.017429166135407858,0.006909358113054934,0.005625811735104119,0.02086352975749352,0.01984848973534412,0.017429166135407848,0.006909358113054945,0.005625811735104117
2.34,0.020863507319707493,0.019839506879234796,0.0174073893660235,0.006891125053103222,0.005627023634183548,0.02086350731970749,0.019839506879234792,0.017407389366023488,0.006891125053103232,0.005627023634183546
2.35,0.020863481598983033,0.019830501429963343,0.01738561765591084,0.006873099257912904,0.00562831395652017,0.02086348159898303,0.01983050142996334,0.017385617655910828,0.0068730992579129156,0.005628313956520168
2.36,0.020863452599352916,0.019821473570198762,0.01736385138550062,0.006855278640252873,0.005629681001684356,0.020863452599352912,0.01982147357019876,0.01736385138550061,0.006855278640252883,0.005629681001684356
2.37,0.02086342032484559,0.0198124234816095,0.017342090930578393,0.006837661134497995,0.005631123099818691,0.020863420324845585,0.019812423481609498,0.017342090930578383,0.006837661134498006,0.005631123099818691
2.38,0.020863384779485187,0.0198033513448687,0.017320336662333263,0.006820244696413516,0.005632638611081293,0.020863384779485183,0.019803351344868696,0.017320336662333253,0.006820244696413526,0.005632638611081292
2.39,0.02086334596729154,0.019794257339659442,0.01729858894740619,0.006803027302940778,0.005634225925100368,0.020863345967291537,0.01979425733965944,0.017298588947406178,0.006803027302940788,0.0056342259251003675
2.4,0.02086330389228017,0.019785141644679934,0.017276848147937684,0.006786006951984313,0.00563588346043973,0.020863303892280166,0.01978514164467993,0.017276848147937673,0.006786006951984324,0.005635883460439729
2.41,0.0208632585584623,0.0197760044376487,0.01725511462161513,0.006769181662200297,0.005637609664075027,0.020863258558462296,0.019776004437648695,0.01725511462161512,0.0067691816622003085,0.005637609664075026
2.42,0.02086320996984485,0.01976684589530971,0.017233388721719502,0.006752549472786427,0.00563940301088043,0.020863209969844847,0.019766845895309706,0.017233388721719492,0.0067525494727864385,0.00563940301088043
2.43,0.020863158130430468,0.019757666193437502,0.017211670797171667,0.006736108443273227,0.0056412620031255495,0.020863158130430465,0.0197576661934375,0.01721167079717166,0.0067361084432732395,0.0056412620031255495
2.44,0.02086310304421749,0.01974846550684229,0.017189961192578186,0.006719856653316799,0.005643185169982333,0.020863103044217488,0.019748465506842287,0.01718996119257818,0.006719856653316812,0.005643185169982333
2.45,0.0208630447152,0.019739244009375004,0.017168260248276616,0.0067037922024930415,0.00564517106704171,0.020863044715199997,0.019739244009375,0.01716826024827661,0.006703792202493055,0.00564517106704171
2.46,0.020862983147367776,0.019730001873932354,0.017146568300380395,0.006687913210093377,0.005647218275839783,0.020862983147367772,0.01973000187393235,0.017146568300380388,0.006687913210093391,0.005647218275839783
2.47,0.02086291834470633,0.01972073927246182,0.017124885680823213,0.006672217814921961,0.005649325403393321,0.020862918344706327,0.019720739272461818,0.017124885680823206,0.006672217814921975,0.005649325403393321
2.48,0.020862850311196925,0.01971145637596666,0.01710321271740293,0.006656704175094432,0.005651491081744356,0.02086285031119692,0.019711456375966656,0.01710321271740292,0.006656704175094445,0.005651491081744355
2.49,0.02086277905081653,0.01970215335451084,0.01708154973382505,0.006641370467838182,0.005653713967513678,0.020862779050816526,0.019702153354510837,0.017081549733825044,0.006641370467838194,0.005653713967513677
2.5,0.02086270456753787,0.019692830377224003,0.017059897049745743,0.006626214889294183,0.005655992741463019,0.020862704567537867,0.019692830377224,0.017059897049745736,0.006626214889294195,0.005655992741463018
2.5100000000000002,0.02086262686532942,0.01968348761230635,0.017038254980814422,0.006611235654320371,0.00565832610806574,0.020862626865329418,0.019683487612306347,0.017038254980814415,0.006611235654320384,0.0056583261080657395
2.52,0.020862545948155398,0.01967412522703354,0.017016623838715845,0.0065964309962966055,0.00566071279508582,0.020862545948155394,0.019674125227033535,0.017016623838715838,0.0065964309962966185,0.005660712795085818
2.5300000000000002,0.020862461819975774,0.019664743387761516,0.016995003931211835,0.006581799166931192,0.005663151553164961,0.02086246181997577,0.019664743387761512,0.016995003931211828,0.006581799166931206,0.005663151553164958
2.54,0.02086237448474628,0.019655342259931367,0.016973395562182518,0.006567338436069006,0.005665641155417644,0.020862374484746277,0.019655342259931364,0.01697339556218251,0.00656733843606902,0.005665641155417641
2.5500000000000003,0.020862283946418415,0.01964592200807413,0.01695179903166716,0.006553047091501208,0.005668180397033936,0.02086228394641841,0.019645922008074128,0.01695179903166715,0.006553047091501222,0.005668180397033933
2.56,0.020862190208939438,0.019636482795815546,0.01693021463590458,0.006538923438776552,0.00567076809488989,0.020862190208939434,0.019636482795815542,0.016930214635904575,0.006538923438776565,0.005670768094889886
2.57,0.020862093276252384,0.01962702478588083,0.016908642667373124,0.006524965801014305,0.0056734030871653665,0.02086209327625238,0.019627024785880826,0.016908642667373117,0.006524965801014318,0.005673403087165363
2.58,0.020861993152296057,0.01961754814009941,0.01688708341483024,0.006511172518718777,0.0056760842329691245,0.020861993152296053,0.019617548140099406,0.016887083414830233,0.00651117251871879,0.005676084232969119
2.59,0.020861889841005052,0.019608053019409606,0.016865537163351634,0.006497541949595457,0.0056788104119709915,0.02086188984100505,0.019608053019409603,0.016865537163351627,0.006497541949595469,0.005678810411970986
2.6,0.02086178334630975,0.019598539583863334,0.01684400419437005,0.006484072468368764,0.0056815805240409975,0.020861783346309747,0.01959853958386333,0.016844004194370044,0.0064840724683687765,0.005681580524040992
2.61,0.020861673672136316,0.019589007992630754,0.016822484785713576,0.006470762466601431,0.005684393488895291,0.020861673672136313,0.01958900799263075,0.01682248478571357,0.006470762466601443,0.005684393488895286
2.62,0.020861560822406706,0.01957945840400488,0.016800979211643627,0.006457610352515485,0.005687248245748707,0.020861560822406703,0.019579458404004876,0.01680097921164362,0.006457610352515496,0.0056872482457487016
2.63,0.02086144480103868,0.019569890975406224,0.016779487742892518,0.006444614550814852,0.005690143752973833,0.020861444801038676,0.01956989097540622,0.01677948774289251,0.006444614550814865,0.005690143752973828
2.64,0.020861325611945807,0.019560305863387348,0.01675801064670059,0.006431773502509591,0.005693078987766436,0.020861325611945803,0.019560305863387344,0.016758010646700582,0.006431773502509603,0.005693078987766431
2.65,0.020861203259037453,0.019550703223637427,0.01673654818685305,0.0064190856647417345,0.00569605294581712,0.02086120325903745,0.019550703223637424,0.016736548186853044,0.006419085664741747,0.005696052945817115
2.66,0.020861077746218797,0.01954108321098679,0.016715100623716325,0.0064065495106127345,0.005699064640989075,0.020861077746218794,0.019541083210986788,0.01671510062371632,0.006406549510612747,0.005699064640989071
2.67,0.020860949077390844,0.019531445979411432,0.01669366821427412,0.006394163529012549,0.005702113105001789,0.02086094907739084,0.01953144597941143,0.016693668214274114,0.006394163529012562,0.005702113105001786
2.68,0.02086081725645041,0.019521791682037486,0.016672251212163057,0.006381926224450309,0.005705197387120588,0.020860817256450406,0.019521791682037482,0.01667225121216305,0.006381926224450322,0.005705197387120584
2.69,0.020860682287290135,0.0195121204711457,0.01665084986770797,0.006369836116886609,0.005708316553851901,0.02086068228729013,0.019512120471145696,0.016650849867707963,0.006369836116886624,0.005708316553851898
2.7,0.020860544173798495,0.019502432498175855,0.01662946442795681,0.006357891741567401,0.005711469688644114,0.02086054417379849,0.01950243249817585,0.016629464427956802,0.006357891741567416,0.005711469688644112
2.71,0.02086040291985981,0.01949272791373122,0.016608095136715184,0.006346091648859476,0.005714655891593895,0.020860402919859806,0.019492727913731217,0.016608095136715177,0.00634609164885949,0.0057146558915938915
2.72,0.020860258529354216,0.019483006867582905,0.0165867422345806,0.006334434404087543,0.005717874279157884,0.020860258529354213,0.019483006867582902,0.016586742234580593,0.006334434404087558,0.00571787427915788
2.73,0.020860111006157707,0.019473269508674243,0.016565405958976244,0.006322918587372902,0.005721123983869633,0.020860111006157703,0.01947326950867424,0.016565405958976237,0.006322918587372917,0.005721123983869629
2.74,0.02085996035414212,0.019463515985125135,0.016544086544184555,0.0063115427934737,0.005724404154061681,0.020859960354142115,0.01946351598512513,0.016544086544184548,0.0063115427934737145,0.005724404154061676
2.75,0.020859806577175136,0.0194537464442364,0.016522784221380284,0.006300305631626749,0.005727713953592675,0.020859806577175132,0.019453746444236395,0.016522784221380277,0.006300305631626764,0.00572771395359267
2.7600000000000002,0.020859649679120316,0.019443961032494024,0.016501499218663347,0.006289205725390931,0.005731052561579405,0.020859649679120313,0.01944396103249402,0.01650149921866334,0.006289205725390947,0.0057310525615794005
2.77,0.020859489663837057,0.019434159895573486,0.016480231761091275,0.006278241712492162,0.005734419172133691,0.020859489663837053,0.019434159895573483,0.016480231761091268,0.006278241712492177,0.005734419172133686
2.7800000000000002,0.020859326535180626,0.019424343178343986,0.016458982070711344,0.006267412244669897,0.005737812994103977,0.020859326535180623,0.019424343178343982,0.016458982070711337,0.006267412244669911,0.005737812994103973
2.79,0.02085916029700217,0.019414511024872672,0.01643775036659235,0.006256715987525211,0.005741233250821577,0.020859160297002168,0.01941451102487267,0.016437750366592344,0.006256715987525225,0.005741233250821573
2.8000000000000003,0.020858990953148696,0.019404663578428884,0.016416536864856102,0.006246151620370396,0.005744679179851457,0.020858990953148693,0.01940466357842888,0.016416536864856095,0.00624615162037041,0.005744679179851453
2.81,0.020858818507463104,0.01939480098148831,0.016395341778708522,0.006235717836080103,0.005748150032747467,0.0208588185074631,0.019394800981488308,0.016395341778708515,0.006235717836080117,0.005748150032747463
2.82,0.020858642963784164,0.01938492337573719,0.01637416531847049,0.006225413340944,0.005751645074811932,0.02085864296378416,0.019384923375737186,0.016374165318470482,0.006225413340944016,0.005751645074811929
2.83,0.020858464325946534,0.019375030902076394,0.016353007691608332,0.006215236854520969,0.005755163584859514,0.02085846432594653,0.01937503090207639,0.016353007691608325,0.006215236854520984,0.005755163584859511
2.84,0.020858282597780768,0.019365123700625635,0.01633186910276401,0.0062051871094947674,0.005758704854985268,0.020858282597780765,0.019365123700625632,0.016331869102764004,0.006205187109494784,0.005758704854985266
2.85,0.020858097783113313,0.019355201910727492,0.01631074975378495,0.006195262851531231,0.005762268190336796,0.02085809778311331,0.01935520191072749,0.016310749753784944,0.006195262851531247,0.005762268190336794
2.86,0.020857909885766517,0.019345265670951513,0.016289649843753657,0.006185462839136938,0.005765852908890427,0.020857909885766513,0.01934526567095151,0.01628964984375365,0.0061854628391369544,0.005765852908890426
2.87,0.020857718909558627,0.0193353151190983,0.01626856956901692,0.006175785843519359,0.0057694583412313365,0.020857718909558624,0.019335315119098296,0.016268569569016914,0.006175785843519376,0.005769458341231336
2.88,0.0208575248583038,0.01932535039220352,0.01624750912321481,0.006166230648448486,0.005773083830337543,0.020857524858303795,0.019325350392203518,0.016247509123214803,0.006166230648448504,0.005773083830337543
2.89,0.020857327735812108,0.019315371626541927,0.016226468697309294,0.006156796050119904,0.005776728731367677,0.020857327735812104,0.019315371626541924,0.016226468697309288,0.006156796050119923,0.005776728731367677
2.9,0.020857127545889545,0.019305378957631354,0.016205448479612587,0.006147480857019327,0.005780392411452491,0.02085712754588954,0.01930537895763135,0.01620544847961258,0.0061474808570193456,0.005780392411452491
2.91,0.020856924292338014,0.01929537252023668,0.016184448655815257,0.006138283889788559,0.005784074249489985,0.02085692429233801,0.019295372520236678,0.01618444865581525,0.006138283889788578,0.005784074249489986
2.92,0.02085671797895536,0.01928535244837381,0.016163469409013934,0.006129203981092903,0.005787773635944137,0.020856717978955358,0.019285352448373805,0.016163469409013927,0.006129203981092921,0.005787773635944137
2.93,0.020856508609535345,0.019275318875313568,0.016142510919738846,0.006120239975489967,0.005791489972647103,0.02085650860953534,0.019275318875313564,0.01614251091973884,0.006120239975489986,0.005791489972647102
2.94,0.020856296187867673,0.01926527193358564,0.016121573365980992,0.006111390729299897,0.0057952226726048885,0.02085629618786767,0.019265271933585636,0.016121573365980985,0.006111390729299916,0.0057952226726048885
2.95,0.02085608071773798,0.01925521175498245,0.016100656923219072,0.006102655110476992,0.005798971159806375,0.020856080717737976,0.019255211754982446,0.016100656923219065,0.0061026551104770115,0.005798971159806375
2.96,0.02085586220292784,0.019245138470563018,0.01607976176444612,0.006094031998482722,0.005802734869035646,0.020855862202927837,0.019245138470563014,0.016079761764446112,0.00609403199848274,0.005802734869035647
2.97,0.02085564064721479,0.019235052210656845,0.016058888060195863,0.0060855202841601,0.005806513245687581,0.020855640647214787,0.01923505221065684,0.016058888060195856,0.006085520284160117,0.0058065132456875815
2.98,0.020855416054372303,0.0192249531048677,0.016038035978568833,0.006077118869609442,0.005810305745586603,0.0208554160543723,0.019224953104867697,0.016038035978568826,0.0060771188696094585,0.005810305745586603
2.99,0.020855188428169812,0.019214841282077472,0.016017205685258183,0.00606882666806546,0.005814111834808576,0.02085518842816981,0.01921484128207747,0.016017205685258176,0.006068826668065477,0.005814111834808576
3.0,0.02085495777237273,0.01920471687044992,0.015996397343575237,0.006060642603775716,0.005817930989505751,0.020854957772372725,0.019204716870449917,0.01599639734357523,0.006060642603775732,0.005817930989505751
3.0100000000000002,0.0208547240907424,0.019194579997434475,0.015975611114474767,0.00605256561188039,0.00582176269573472,0.020854724090742398,0.01919457999743447,0.01597561111447476,0.006052565611880408,0.00582176269573472
3.02,0.02085448738703616,0.019184430789769953,0.01595484715658006,0.006044594638293388,0.005825606449287322,0.020854487387036158,0.01918443078976995,0.015954847156580052,0.006044594638293406,0.005825606449287322
3.0300000000000002,0.020854247665007312,0.01917426937348833,0.01593410562620765,0.006036728639584737,0.005829461755524452,0.02085424766500731,0.019174269373488328,0.015934105626207642,0.006036728639584756,0.005829461755524452
3.04,0.020854004928405126,0.019164095873918412,0.015913386677391866,0.006028966582864295,0.0058333281292126974,0.020854004928405123,0.01916409587391841,0.01591338667739186,0.006028966582864313,0.005833328129212699
3.0500000000000003,0.020853759180974867,0.019153910415689552,0.01589269046190908,0.006021307445666738,0.005837205094363773,0.020853759180974863,0.01915391041568955,0.015892690461909074,0.006021307445666756,0.005837205094363775
3.06,0.020853510426457788,0.019143713122735308,0.015872017129301717,0.006013750215837823,0.005841092184076691,0.020853510426457784,0.019143713122735304,0.01587201712930171,0.006013750215837842,0.005841092184076694
3.0700000000000003,0.02085325866859111,0.0191335041182971,0.01585136682690203,0.006006293891421922,0.005844988940382621,0.020853258668591106,0.019133504118297097,0.015851366826902025,0.0060062938914219426,0.005844988940382623
3.08,0.020853003911108076,0.019123283524927842,0.015830739699855614,0.005998937480550802,0.0058488949140923785,0.020853003911108073,0.01912328352492784,0.015830739699855607,0.005998937480550823,0.00584889491409238
3.09,0.020852746157737904,0.01911305146449554,0.01581013589114467,0.005991680001333637,0.005852809664646523,0.0208527461577379,0.019113051464495538,0.015810135891144664,0.005991680001333659,0.005852809664646524
3.1,0.020852485412205825,0.019102808058186926,0.015789555541611055,0.0059845204817482725,0.005856732759967974,0.020852485412205822,0.019102808058186923,0.01578955554161105,0.005984520481748294,0.005856732759967974
3.11,0.02085222167823308,0.019092553426511,0.015768998789979085,0.005977457959533677,0.005860663776317142,0.020852221678233078,0.019092553426510995,0.01576899878997908,0.005977457959533698,0.005860663776317141
3.12,0.020851954959536918,0.01908228768930258,0.01574846577287808,0.005970491482083631,0.0058646022981495025,0.020851954959536914,0.019082287689302577,0.015748465772878077,0.005970491482083652,0.0058646022981495025
3.13,0.020851685259830593,0.019072010965725885,0.015727956624864706,0.005963620106341593,0.005868547917975581,0.02085168525983059,0.01907201096572588,0.015727956624864703,0.005963620106341614,0.005868547917975582
3.14,0.020851412582823393,0.01906172337427801,0.015707471478445076,0.005956842898696748,0.005872500236223298,0.02085141258282339,0.019061723374278007,0.015707471478445072,0.0059568428986967676,0.005872500236223298
3.15,0.020851136932220626,0.01905142503279245,0.01568701046409661,0.005950158934881236,0.005876458861102636,0.020851136932220623,0.019051425032792446,0.015687010464096606,0.005950158934881256,0.005876458861102636
3.16,0.020850858311723612,0.01904111605844257,0.01566657371028968,0.005943567299868541,0.0058804234084725866,0.02085085831172361,0.019041116058442567,0.015666573710289677,0.00594356729986856,0.0058804234084725866
3.17,0.020850576725029726,0.01903079656774509,0.01564616134350906,0.005937067087773022,0.005884393501710346,0.020850576725029723,0.019030796567745086,0.015646161343509057,0.005937067087773042,0.005884393501710346
3.18,0.020850292175832376,0.019020466676563503,0.015625773488275096,0.005930657401750593,0.005888368771582691,0.020850292175832372,0.0190204666765635,0.015625773488275093,0.005930657401750612,0.00588836877158269
3.19,0.020850004667821005,0.01901012650011152,0.0156054102671647,0.0059243373539005105,0.005892348856119526,0.020850004667821,0.019010126500111517,0.015605410267164697,0.0059243373539005295,0.0058923488561195255
3.2,0.020849714204681093,0.018999776152956484,0.015585071800832125,0.00591810606516831,0.005896333400489563,0.02084971420468109,0.01899977615295648,0.015585071800832122,0.005918106065168328,0.005896333400489563
3.21,0.020849420790094164,0.01898941574902276,0.0155647582080295,0.005911962665249808,0.00590032205687806,0.02084942079009416,0.018989415749022756,0.015564758208029496,0.0059119626652498255,0.005900322056878059
3.22,0.02084912442773782,0.0189790454015951,0.015544469605627184,0.005905906292496225,0.005904314484366633,0.020849124427737818,0.018979045401595097,0.01554446960562718,0.0059059062924962415,0.005904314484366632
3.23,0.02084882512128571,0.018968665223322023,0.015524206108633897,0.005899936093820382,0.005908310348815061,0.020848825121285705,0.01896866522332202,0.015524206108633894,0.005899936093820398,0.00590831034881506
3.24,0.020848522874407537,0.018958275326219097,0.015503967830216634,0.00589405122460396,0.005912309322745081,0.020848522874407534,0.018958275326219094,0.01550396783021663,0.005894051224603978,0.005912309322745079
3.25,0.020848217690769073,0.018947875821672344,0.01548375488172039,0.005888250848605839,0.005916311085226117,0.02084821769076907,0.01894787582167234,0.015483754881720387,0.005888250848605855,0.005916311085226114
3.2600000000000002,0.02084790957403216,0.018937466820441468,0.015463567372687668,0.0058825341378714565,0.005920315321762919,0.020847909574032156,0.018937466820441465,0.015463567372687665,0.005882534137871475,0.005920315321762917
3.27,0.02084759852785471,0.018927048432663206,0.015443405410877806,0.005876900272643241,0.005924321724185082,0.020847598527854706,0.018927048432663202,0.015443405410877803,0.0058769002726432595,0.0059243217241850814
3.2800000000000002,0.020847284555890716,0.018916620767854546,0.015423269102286079,0.005871348441272033,0.005928329990538399,0.020847284555890713,0.018916620767854542,0.015423269102286075,0.00587134844127205,0.005928329990538398
3.29,0.02084696766179026,0.018906183934916006,0.015403158551162614,0.005865877840129555,0.005932339824978032,0.020846967661790256,0.018906183934916002,0.01540315855116261,0.005865877840129573,0.00593233982497803
3.3000000000000003,0.020846647849199495,0.018895738042134864,0.01538307386003113,0.005860487673521868,0.005936350937663458,0.02084664784919949,0.01889573804213486,0.015383073860031127,0.005860487673521886,0.005936350937663457
3.31,0.02084632512176068,0.01888528319718837,0.015363015129707447,0.005855177153603829,0.005940363044655168,0.020846325121760677,0.018885283197188366,0.015363015129707443,0.005855177153603846,0.0059403630446551664
3.3200000000000003,0.020845999483112165,0.01887481950714695,0.015342982459317846,0.005849945500294533,0.0059443758678130775,0.020845999483112162,0.018874819507146947,0.015342982459317842,0.00584994550029455,0.005944375867813075
3.33,0.020845670936888393,0.01886434707847741,0.015322975946317203,0.0058447919411937265,0.005948389134696634,0.02084567093688839,0.018864347078477405,0.015322975946317199,0.005844791941193745,0.0059483891346966316
3.34,0.020845339486719905,0.018853866017046073,0.015302995686506957,0.005839715711499186,0.005952402578466581,0.0208453394867199,0.01885386601704607,0.015302995686506954,0.005839715711499203,0.005952402578466579
3.35,0.020845005136233365,0.018843376428121963,0.015283041774052885,0.005834716053925045,0.005956415937788357,0.02084500513623336,0.01884337642812196,0.015283041774052882,0.0058347160539250625,0.005956415937788355
3.36,0.02084466788905153,0.018832878416379897,0.015263114301502713,0.005829792218621066,0.005960428956737089,0.020844667889051528,0.018832878416379893,0.01526311430150271,0.005829792218621083,0.005960428956737087
3.37,0.02084432774879328,0.01882237208590365,0.015243213359803505,0.005824943463092849,0.005964441384704176,0.020844327748793277,0.018822372085903646,0.015243213359803501,0.005824943463092867,0.005964441384704174
3.38,0.02084398471907362,0.018811857540189013,0.015223339038318918,0.005820169052122952,0.005968452976305412,0.020843984719073616,0.01881185754018901,0.015223339038318915,0.005820169052122969,0.005968452976305411
3.39,0.020843638803503674,0.018801334882146917,0.015203491424846253,0.005815468257692929,0.005972463491290644,0.02084363880350367,0.018801334882146914,0.01520349142484625,0.005815468257692946,0.005972463491290642
3.4,0.020843290005690688,0.01879080421410648,0.015183670605633338,0.005810840358906266,0.005976472694454907,0.020843290005690684,0.018790804214106477,0.015183670605633335,0.0058108403589062834,0.005976472694454905
3.41,0.020842938329238052,0.018780265637818067,0.015163876665395227,0.005806284641912212,0.005980480355551059,0.02084293832923805,0.018780265637818063,0.015163876665395223,0.00580628464191223,0.005980480355551057
3.42,0.02084258377774528,0.018769719254456328,0.01514410968733075,0.005801800399830489,0.0059844862492038475,0.020842583777745276,0.018769719254456325,0.015144109687330747,0.005801800399830508,0.005984486249203846
3.43,0.020842226354808018,0.018759165164623226,0.015124369753138873,0.0057973869326768766,0.005988490154825392,0.020842226354808015,0.018759165164623223,0.01512436975313887,0.005797386932676895,0.0059884901548253894
3.44,0.02084186606401808,0.018748603468351013,0.01510465694303489,0.005793043547289644,0.005992491856532088,0.020841866064018076,0.01874860346835101,0.015104656943034887,0.005793043547289662,0.005992491856532086
3.45,0.02084150290896341,0.018738034265105265,0.015084971335766464,0.00578876955725686,0.00599649114306287,0.020841502908963406,0.01873803426510526,0.01508497133576646,0.005788769557256878,0.005996491143062868
3.46,0.020841136893228106,0.018727457653787808,0.015065313008629493,0.005784564282844518,0.006000487807698829,0.020841136893228102,0.018727457653787805,0.01506531300862949,0.005784564282844536,0.006000487807698826
3.47,0.02084076802039243,0.01871687373273972,0.0150456820374838,0.005780427050925514,0.0060044816481841685,0.020840768020392426,0.018716873732739718,0.015045682037483797,0.0057804270509255315,0.006004481648184165
3.48,0.020840396294032792,0.018706282599744255,0.015026078496768689,0.005776357194909435,0.006008472466648462,0.02084039629403279,0.018706282599744252,0.015026078496768685,0.0057763571949094525,0.006008472466648459
3.49,0.020840021717721778,0.01869568435202976,0.015006502459518315,0.00577235405467317,0.006012460069530197,0.020840021717721775,0.018695684352029757,0.015006502459518312,0.0057723540546731865,0.006012460069530196
3.5,0.020839644295028138,0.018685079086272607,0.014986953997376921,0.0057684169764923125,0.00601644426750159,0.020839644295028135,0.018685079086272604,0.014986953997376918,0.005768416976492329,0.006016444267501589
3.5100000000000002,0.020839264029516785,0.018674466898600067,0.014967433180613892,0.0057645453129733775,0.0060204248753946265,0.02083926402951678,0.018674466898600063,0.014967433180613889,0.005764545312973395,0.0060204248753946265
3.52,0.020838880924748823,0.01866384788459322,0.014947940078138676,0.005760738422986787,0.006024401712128358,0.02083888092474882,0.018663847884593215,0.014947940078138672,0.005760738422986805,0.006024401712128358
3.5300000000000002,0.02083849498428153,0.018653222139289785,0.014928474757515532,0.005756995671600644,0.006028374600637365,0.020838494984281527,0.01865322213928978,0.014928474757515528,0.005756995671600661,0.006028374600637365
3.54,0.02083810621166836,0.018642589757187026,0.014909037284978156,0.005753316430015263,0.0060323433678014255,0.020838106211668355,0.018642589757187022,0.014909037284978152,0.005753316430015281,0.0060323433678014255
3.5500000000000003,0.020837714610458958,0.018631950832244528,0.014889627725444117,0.005749700075498471,0.006036307844376343,0.020837714610458954,0.018631950832244525,0.014889627725444114,0.0057497000754984885,0.006036307844376343
3.56,0.02083732018419918,0.018621305457887052,0.014870246142529176,0.005746145991321656,0.006040267864925912,0.020837320184199176,0.01862130545788705,0.014870246142529173,0.0057461459913216726,0.006040267864925912
3.5700000000000003,0.020836922936431055,0.018610653727007334,0.01485089259856145,0.005742653566696545,0.006044223267755014,0.02083692293643105,0.01861065372700733,0.014850892598561446,0.005742653566696561,0.006044223267755014
3.58,0.020836522870692833,0.018599995731968893,0.014831567154595415,0.005739222196712736,0.006048173894843821,0.02083652287069283,0.01859999573196889,0.014831567154595411,0.0057392221967127515,0.006048173894843822
3.59,0.020836119990518945,0.01858933156460878,0.014812269870425799,0.005735851282275934,0.006052119591783083,0.02083611999051894,0.018589331564608777,0.014812269870425795,0.005735851282275949,0.006052119591783083
3.6,0.020835714299440058,0.018578661316240377,0.01479300080460129,0.0057325402300469125,0.006056060207710489,0.020835714299440054,0.018578661316240374,0.014793000804601287,0.005732540230046929,0.006056060207710488
3.61,0.020835305800983018,0.0185679850776561,0.014773760014438135,0.00572928845238119,0.006059995595248077,0.020835305800983014,0.018567985077656095,0.014773760014438132,0.005729288452381205,0.006059995595248076
3.62,0.02083489449867092,0.018557302939130164,0.014754547556033592,0.005726095367269376,0.00606392561044069,0.020834894498670917,0.01855730293913016,0.014754547556033589,0.005726095367269391,0.006063925610440688
3.63,0.020834480396023047,0.018546614990421297,0.014735363484279227,0.005722960398278247,0.006067850112695434,0.020834480396023043,0.018546614990421293,0.014735363484279224,0.005722960398278263,0.006067850112695433
3.64,0.020834063496554943,0.01853592132077545,0.014716207852874101,0.005719882974492478,0.006071768964722154,0.02083406349655494,0.018535921320775448,0.014716207852874098,0.005719882974492493,0.006071768964722153
3.65,0.020833643803778355,0.018525222018928474,0.0146970807143378,0.005716862530457051,0.006075682032474882,0.020833643803778352,0.01852522201892847,0.014697080714337797,0.005716862530457067,0.00607568203247488
3.66,0.02083322132120127,0.018514517173108806,0.01467798212002335,0.005713898506120344,0.006079589185094265,0.020833221321201266,0.018514517173108803,0.014677982120023346,0.005713898506120359,0.006079589185094263
3.67,0.020832796052327907,0.01850380687104015,0.01465891212012998,0.0057109903467778556,0.006083490294850942,0.020832796052327903,0.018503806871040147,0.014658912120129977,0.00571099034677787,0.006083490294850939
3.68,0.020832368000658727,0.01849309119994409,0.014639870763715769,0.005708137503016605,0.006087385237089851,0.020832368000658723,0.018493091199944085,0.014639870763715765,0.005708137503016619,0.0060873852370898485
3.69,0.020831937169690444,0.018482370246542746,0.014620858098710143,0.005705339430660156,0.006091273890175475,0.02083193716969044,0.018482370246542743,0.01462085809871014,0.00570533943066017,0.006091273890175474
3.7,0.020831503562916017,0.0184716440970614,0.014601874171926281,0.005702595590714285,0.006095156135437987,0.020831503562916014,0.018471644097061396,0.014601874171926278,0.005702595590714298,0.006095156135437986
3.71,0.02083106718382464,0.01846091283723108,0.014582919029073355,0.005699905449313271,0.00609903185712028,0.020831067183824638,0.018460912837231076,0.014582919029073351,0.005699905449313284,0.006099031857120279
3.72,0.020830628035901792,0.018450176552291198,0.014563992714768662,0.005697268477666815,0.006102900942325884,0.02083062803590179,0.018450176552291194,0.014563992714768659,0.005697268477666828,0.006102900942325883
3.73,0.02083018612262919,0.018439435326992083,0.014545095272549637,0.005694684152007553,0.0061067632809677485,0.020830186122629185,0.01843943532699208,0.014545095272549633,0.005694684152007566,0.0061067632809677485
3.74,0.020829741447484822,0.01842868924559757,0.014526226744885722,0.005692151953539194,0.006110618765717869,0.02082974144748482,0.018428689245597568,0.014526226744885719,0.005692151953539207,0.00611061876571787
3.75,0.020829294013942946,0.018417938391887552,0.014507387173190134,0.005689671368385253,0.006114467291957757,0.020829294013942942,0.01841793839188755,0.01450738717319013,0.005689671368385266,0.006114467291957757
3.7600000000000002,0.02082884382547408,0.01840718284916053,0.014488576597831513,0.005687241887538353,0.006118308757729711,0.020828843825474078,0.018407182849160528,0.01448857659783151,0.005687241887538366,0.006118308757729711
3.77,0.020828390885545046,0.01839642270023613,0.014469795058145425,0.005684863006810138,0.006122143063688928,0.020828390885545042,0.018396422700236125,0.014469795058145421,0.005684863006810151,0.006122143063688929
3.7800000000000002,0.020827935197618924,0.01838565802745759,0.014451042592445779,0.0056825342267817465,0.006125970113056394,0.02082793519761892,0.018385658027457587,0.014451042592445775,0.0056825342267817595,0.006125970113056394
3.79,0.02082747676515507,0.018374888912694325,0.014432319238036104,0.005680255052754858,0.006129789811572545,0.020827476765155065,0.018374888912694322,0.0144323192380361,0.005680255052754871,0.006129789811572545
3.8000000000000003,0.02082701559160916,0.018364115437344352,0.014413625031220718,0.005678024994703302,0.006133602067451728,0.020827015591609155,0.01836411543734435,0.014413625031220715,0.005678024994703316,0.006133602067451728
3.81,0.02082655168043312,0.018353337682336792,0.014394960007315792,0.0056758435672252215,0.006137406791337392,0.020826551680433115,0.01835333768233679,0.014394960007315789,0.005675843567225236,0.006137406791337393
3.8200000000000003,0.020826085035075204,0.01834255572813433,0.014376324200660274,0.005673710289495787,0.006141203896258039,0.0208260850350752,0.018342555728134327,0.01437632420066027,0.005673710289495802,0.00614120389625804
3.83,0.020825615658979953,0.018331769654735666,0.014357717644626743,0.005671624685220449,0.006144993297583904,0.02082561565897995,0.018331769654735663,0.01435771764462674,0.005671624685220464,0.006144993297583904
3.84,0.02082514355558821,0.018320979541677933,0.0143391403716321,0.00566958628258873,0.0061487749129843575,0.020825143555588208,0.01832097954167793,0.014339140371632097,0.005669586282588745,0.006148774912984357
3.85,0.020824668728337138,0.018310185468039145,0.014320592413148203,0.005667594614228541,0.006152548662386015,0.020824668728337135,0.018310185468039142,0.0143205924131482,0.005667594614228555,0.006152548662386014
3.86,0.02082419118066019,0.018299387512440594,0.014302073799712338,0.005665649217161029,0.00615631446793155,0.020824191180660187,0.01829938751244059,0.014302073799712335,0.005665649217161043,0.006156314467931549
3.87,0.020823710915987153,0.01828858575304923,0.014283584560937635,0.005663749632755923,0.00616007225393919,0.02082371091598715,0.018288585753049227,0.014283584560937632,0.005663749632755937,0.006160072253939189
3.88,0.02082322793774413,0.018277780267580087,0.014265124725523342,0.0056618954066874165,0.006163821946862884,0.020823227937744125,0.018277780267580084,0.014265124725523338,0.0056618954066874295,0.006163821946862884
3.89,0.020822742249353543,0.018266971133298626,0.014246694321265008,0.005660086088890523,0.006167563475253148,0.02082274224935354,0.018266971133298622,0.014246694321265005,0.0056600860888905355,0.006167563475253148
3.9,0.020822253854234127,0.0182561584270231,0.014228293375064557,0.005658321233517952,0.0061712967697185464,0.020822253854234123,0.018256158427023095,0.014228293375064554,0.005658321233517964,0.0061712967697185464
3.91,0.020821762755800978,0.018245342225126908,0.01420992191294026,0.0056566003988974675,0.006175021762887836,0.020821762755800974,0.018245342225126904,0.014209921912940257,0.005656600398897479,0.006175021762887836
3.92,0.020821268957465503,0.018234522603540915,0.014191579960036603,0.005654923147489725,0.006178738389372727,0.0208212689574655,0.01823452260354091,0.0141915799600366,0.005654923147489737,0.006178738389372728
3.93,0.020820772462635456,0.018223699637755792,0.014173267540634072,0.005653289045846608,0.006182446585731272,0.020820772462635452,0.01822369963775579,0.014173267540634069,0.00565328904584662,0.006182446585731274
3.94,0.02082027327471492,0.018212873402824334,0.01415498467815879,0.00565169766457001,0.006186146290431877,0.020820273274714918,0.01821287340282433,0.014154984678158787,0.005651697664570022,0.006186146290431878
3.95,0.020819771397104347,0.018202043973363724,0.014136731395192118,0.005650148578271106,0.006189837443817902,0.020819771397104343,0.01820204397336372,0.014136731395192115,0.005650148578271118,0.006189837443817903
3.96,0.020819266833200522,0.018191211423557858,0.014118507713480105,0.0056486413655300795,0.006193519988072855,0.02081926683320052,0.018191211423557854,0.014118507713480102,0.0056486413655300926,0.006193519988072857
3.97,0.0208187595863966,0.01818037582715959,0.014100313653942882,0.0056471756088563,0.006197193867186187,0.020818759586396597,0.018180375827159586,0.014100313653942879,0.005647175608856314,0.006197193867186189
3.98,0.02081824966008208,0.01816953725749303,0.01408214923668392,0.005645750894648956,0.006200859026919633,0.020818249660082076,0.018169537257493026,0.014082149236683916,0.00564575089464897,0.0062008590269196345
3.99,0.020817737057642817,0.018158695787455756,0.014064014480999226,0.005644366813158132,0.006204515414774144,0.020817737057642813,0.018158695787455752,0.014064014480999223,0.005644366813158145,0.006204515414774146
4.0,0.02081722178246105,0.018147851489521083,0.014045909405386433,0.005643022958446326,0.006208162979957364,0.020817221782461048,0.01814785148952108,0.01404590940538643,0.005643022958446338,0.006208162979957367
4.01,0.02081670383791537,0.018137004435740265,0.01402783402755379,0.005641718928350399,0.006211801673351641,0.020816703837915368,0.01813700443574026,0.014027834027553787,0.005641718928350411,0.006211801673351644
4.0200000000000005,0.020816183227380755,0.018126154697744742,0.01400978836442907,0.0056404543244439505,0.006215431447482599,0.02081618322738075,0.01812615469774474,0.014009788364429067,0.0056404543244439635,0.006215431447482603
4.03,0.020815659954228558,0.018115302346748314,0.013991772432168386,0.00563922875200013,0.006219052256488228,0.020815659954228554,0.01811530234674831,0.013991772432168382,0.005639228752000143,0.006219052256488232
4.04,0.0208151340218265,0.01810444745354936,0.013973786246164905,0.0056380418199548496,0.0062226640560884856,0.020815134021826498,0.018104447453549357,0.013973786246164901,0.005638041819954862,0.006222664056088489
4.05,0.020814605433538712,0.018093590088532997,0.013955829821057478,0.0056368931408704165,0.0062262668035554265,0.02081460543353871,0.018093590088532993,0.013955829821057475,0.0056368931408704295,0.006226266803555431
4.0600000000000005,0.020814074192725684,0.018082730321673266,0.013937903170739216,0.0056357823308995775,0.006229860457683831,0.02081407419272568,0.018082730321673263,0.013937903170739212,0.0056357823308995905,0.0062298604576838355
4.07,0.020813540302744304,0.018071868222535283,0.013920006308365897,0.005634709009749961,0.006233444978762315,0.0208135403027443,0.01807186822253528,0.013920006308365894,0.005634709009749974,0.006233444978762322
4.08,0.02081300376694787,0.01806100386027739,0.013902139246364381,0.0056336728006489215,0.006237020328544956,0.020813003766947866,0.018061003860277387,0.013902139246364378,0.005633672800648935,0.006237020328544962
4.09,0.02081246458868608,0.018050137303653284,0.01388430199644088,0.00563267333030877,0.0062405864702233665,0.020812464588686075,0.01805013730365328,0.013884301996440876,0.005632673330308784,0.006240586470223372
4.1,0.02081192277130501,0.018039268621014147,0.013866494569589138,0.005631710228892401,0.006244143368399262,0.020811922771305006,0.018039268621014144,0.013866494569589135,0.005631710228892415,0.006244143368399267
4.11,0.020811378318147177,0.018028397880310774,0.013848716976098583,0.005630783129979299,0.00624769098905749,0.020811378318147174,0.01802839788031077,0.01384871697609858,0.005630783129979313,0.006247690989057494
4.12,0.020810831232551494,0.01801752514909564,0.013830969225562331,0.005629891670531913,0.006251229299539503,0.02081083123255149,0.018017525149095638,0.013830969225562328,0.0056298916705319274,0.006251229299539507
4.13,0.020810281517853288,0.01800665049452503,0.013813251326885158,0.005629035490862427,0.0062547582685172996,0.020810281517853284,0.018006650494525028,0.013813251326885155,0.005629035490862442,0.006254758268517303
4.14,0.020809729177384297,0.017995773983361094,0.013795563288291348,0.005628214234599886,0.006258277865967788,0.020809729177384294,0.01799577398336109,0.013795563288291344,0.0056282142345999014,0.006258277865967791
4.15,0.020809174214472696,0.017984895681973936,0.01377790511733251,0.00562742754865768,0.006261788063147605,0.020809174214472693,0.017984895681973933,0.013777905117332507,0.0056274275486576965,0.006261788063147609
4.16,0.02080861663244309,0.01797401565634366,0.013760276820895255,0.005626675083201407,0.006265288832568344,0.020808616632443086,0.017974015656343656,0.013760276820895251,0.0056266750832014234,0.0062652888325683475
4.17,0.020808056434616497,0.017963133972062405,0.013742678405208849,0.005625956491617074,0.006268780147972216,0.020808056434616494,0.017963133972062402,0.013742678405208845,0.005625956491617091,0.006268780147972219
4.18,0.02080749362431038,0.017952250694336428,0.013725109875852752,0.00562527143047966,0.00627226198430812,0.020807493624310378,0.017952250694336425,0.013725109875852749,0.0056252714304796765,0.006272261984308125
4.19,0.020806928204838634,0.01794136588798808,0.013707571237764105,0.005624619559522021,0.006275734317708122,0.02080692820483863,0.017941365887988076,0.013707571237764102,0.005624619559522036,0.006275734317708126
4.2,0.02080636017951161,0.017930479617457862,0.013690062495245117,0.0056240005416041405,0.006279197125464334,0.020806360179511606,0.01793047961745786,0.013690062495245113,0.005624000541604156,0.006279197125464338
4.21,0.020805789551636086,0.017919591946806406,0.013672583651970395,0.005623414042682719,0.006282650386006185,0.020805789551636082,0.017919591946806403,0.013672583651970391,0.005623414042682735,0.0062826503860061896
4.22,0.020805216324515294,0.017908702939716477,0.013655134710994188,0.005622859731781092,0.006286094078878093,0.02080521632451529,0.017908702939716473,0.013655134710994185,0.00562285973178111,0.006286094078878098
4.23,0.020804640501448916,0.01789781265949496,0.013637715674757562,0.005622337280959489,0.006289528184717495,0.020804640501448913,0.017897812659494958,0.013637715674757559,0.005622337280959506,0.0062895281847175
4.24,0.0208040620857331,0.017886921169074824,0.013620326545095499,0.005621846365285604,0.006292952685233272,0.020804062085733096,0.01788692116907482,0.013620326545095495,0.005621846365285622,0.0062929526852332765
4.25,0.02080348108066045,0.01787602853101711,0.01360296732324392,0.005621386662805504,0.006296367563184535,0.020803481080660446,0.017876028531017107,0.013602967323243917,0.005621386662805522,0.0062963675631845396
4.26,0.020802897489520033,0.017865134807512863,0.01358563800984665,0.0056209578545148445,0.006299772802359783,0.02080289748952003,0.01786513480751286,0.013585638009846647,0.005620957854514863,0.0062997728023597875
4.2700000000000005,0.020802311315597382,0.01785424006038509,0.013568338604962297,0.005620559624330401,0.0063031683875563954,0.02080231131559738,0.017854240060385086,0.013568338604962293,0.0056205596243304205,0.006303168387556401
4.28,0.020801722562174503,0.01784334435109068,0.013551069108071061,0.00562019165906192,0.006306554304560514,0.0208017225621745,0.017843344351090678,0.013551069108071058,0.005620191659061938,0.00630655430456052
4.29,0.02080113123252988,0.017832447740722346,0.013533829518081481,0.005619853648384256,0.006309930540127225,0.020801131232529878,0.017832447740722342,0.013533829518081478,0.005619853648384274,0.006309930540127232
4.3,0.020800537329938473,0.01782155029001051,0.013516619833337124,0.00561954528480984,0.006313297081961125,0.02080053732993847,0.017821550290010507,0.01351661983333712,0.005619545284809857,0.006313297081961132
4.3100000000000005,0.020799940857671725,0.017810652059325242,0.01349944005162316,0.0056192662636614195,0.006316653918697191,0.02079994085767172,0.01781065205932524,0.013499440051623157,0.005619266263661436,0.0063166539186971975
4.32,0.020799341818997567,0.01779975310867812,0.013482290170172932,0.005619016283045113,0.006320001039881987,0.020799341818997563,0.017799753108678117,0.013482290170172929,0.005619016283045129,0.006320001039881995
4.33,0.020798740217180423,0.01778885349772413,0.013465170185674412,0.005618795043823744,0.00632333843595521,0.02079874021718042,0.017788853497724126,0.013465170185674408,0.005618795043823762,0.006323338435955217
4.34,0.020798136055481198,0.01777795328576355,0.013448080094276608,0.00561860224959048,0.006326666098231529,0.020798136055481194,0.017777953285763547,0.013448080094276605,0.005618602249590497,0.006326666098231536
4.3500000000000005,0.02079752933715731,0.017767052531743797,0.013431019891595912,0.005618437606642727,0.0063299840188827585,0.020797529337157308,0.017767052531743793,0.013431019891595909,0.005618437606642743,0.0063299840188827654
4.36,0.020796920065462667,0.017756151294261287,0.013413989572722369,0.005618300823956337,0.0063332921909203315,0.020796920065462663,0.017756151294261283,0.013413989572722365,0.0056183008239563525,0.006333292190920339
4.37,0.020796308243647685,0.017745249631563265,0.013396989132225883,0.005618191613160075,0.0063365906081780735,0.02079630824364768,0.01774524963156326,0.01339698913222588,0.005618191613160089,0.00633659060817808
4.38,0.020795693874959293,0.017734347601549683,0.013380018564162375,0.005618109688510361,0.006339879265295274,0.02079569387495929,0.01773434760154968,0.013380018564162372,0.005618109688510377,0.00633987926529528
4.39,0.02079507696264093,0.017723445261774967,0.013363077862079865,0.005618054766866294,0.006343158157700064,0.020795076962640928,0.017723445261774964,0.013363077862079862,0.005618054766866309,0.006343158157700071
4.4,0.02079445750993254,0.017712542669449886,0.013346167019024486,0.005618026567664928,0.006346427281593069,0.020794457509932536,0.017712542669449882,0.013346167019024482,0.005618026567664943,0.006346427281593075
4.41,0.020793835520070605,0.017701639881443316,0.013329286027546457,0.005618024812896828,0.006349686633931347,0.0207938355200706,0.017701639881443312,0.013329286027546454,0.005618024812896842,0.006349686633931354
4.42,0.02079321099628812,0.017690736954284064,0.013312434879705974,0.005618049227081872,0.006352936212412609,0.020793210996288117,0.01769073695428406,0.013312434879705971,0.005618049227081886,0.006352936212412615
4.43,0.020792583941814605,0.017679833944162643,0.013295613567079052,0.005618099537245329,0.0063561760154597175,0.020792583941814602,0.01767983394416264,0.013295613567079048,0.005618099537245343,0.006356176015459724
4.44,0.02079195435987612,0.01766893090693307,0.013278822080763305,0.005618175472894171,0.006359406042205447,0.020791954359876116,0.017668930906933066,0.013278822080763301,0.005618175472894187,0.006359406042205453
4.45,0.02079132225369525,0.017658027898114596,0.013262060411383664,0.005618276765993658,0.0063626262924775185,0.020791322253695246,0.017658027898114593,0.01326206041138366,0.005618276765993674,0.006362626292477524
4.46,0.020790687626491125,0.017647124972893495,0.013245328549098045,0.005618403150944151,0.006365836766783885,0.02079068762649112,0.01764712497289349,0.013245328549098042,0.005618403150944167,0.0063658367667838904
4.47,0.020790050481479402,0.017636222186124817,0.01322862648360294,0.00561855436455819,0.006369037466298286,0.0207900504814794,0.017636222186124813,0.013228626483602936,0.005618554364558206,0.006369037466298292
4.48,0.020789410821872304,0.01762531959233412,0.013211954204138975,0.005618730146037797,0.006372228392846046,0.0207894108218723,0.017625319592334116,0.013211954204138971,0.0056187301460378135,0.006372228392846052
4.49,0.020788768650878593,0.017614417245719192,0.013195311699496396,0.005618930236952036,0.006375409548890128,0.02078876865087859,0.01761441724571919,0.013195311699496393,0.005618930236952053,0.006375409548890133
4.5,0.02078812397170359,0.017603515200151795,0.013178698958020508,0.005619154381214797,0.006378580937517422,0.020788123971703588,0.01760351520015179,0.013178698958020504,0.0056191543812148135,0.006378580937517428
4.51,0.020787476787549154,0.01759261350917936,0.013162115967617044,0.005619402325062816,0.00638174256242529,0.02078747678754915,0.017592613509179355,0.01316211596761704,0.005619402325062834,0.0063817425624252975
4.5200000000000005,0.020786827101613725,0.0175817122260267,0.013145562715757488,0.005619673817033934,0.006384894427908326,0.02078682710161372,0.017581712226026697,0.013145562715757484,0.005619673817033952,0.006384894427908333
4.53,0.02078617491709229,0.017570811403597723,0.013129039189484352,0.005619968607945574,0.006388036538845371,0.020786174917092285,0.01757081140359772,0.013129039189484349,0.005619968607945591,0.006388036538845377
4.54,0.020785520237176416,0.01755991109447709,0.013112545375416378,0.005620286450873451,0.006391168900686739,0.020785520237176412,0.017559911094477087,0.013112545375416375,0.005620286450873467,0.006391168900686744
4.55,0.020784863065054227,0.017549011350931912,0.013096081259753714,0.005620627101130501,0.0063942915194416805,0.020784863065054223,0.01754901135093191,0.01309608125975371,0.005620627101130518,0.006394291519441685
4.5600000000000005,0.02078420340391044,0.01753811222491341,0.013079646828283005,0.005620990316246035,0.006397404401666064,0.020784203403910437,0.017538112224913405,0.013079646828283002,0.005620990316246051,0.006397404401666068
4.57,0.020783541256926327,0.017527213768058596,0.013063242066382463,0.0056213758559451,0.006400507554450265,0.020783541256926323,0.017527213768058592,0.01306324206638246,0.005621375855945116,0.00640050755445027
4.58,0.020782876627279765,0.01751631603169189,0.013046866959026864,0.005621783482128073,0.006403600985407289,0.02078287662727976,0.017516316031691886,0.01304686695902686,0.005621783482128089,0.006403600985407295
4.59,0.020782209518145203,0.017505419066826806,0.013030521490792504,0.005622212958850445,0.006406684702661086,0.0207822095181452,0.017505419066826802,0.0130305214907925,0.0056222129588504605,0.006406684702661091
4.6000000000000005,0.020781539932693684,0.01749452292416756,0.013014205645862099,0.0056226640523028325,0.0064097587148350815,0.02078153993269368,0.017494522924167557,0.013014205645862096,0.005622664052302849,0.006409758714835087
4.61,0.020780867874092838,0.017483627654110694,0.012997919408029633,0.0056231365307911904,0.006412823031040911,0.020780867874092834,0.01748362765411069,0.01299791940802963,0.005623136530791206,0.006412823031040917
4.62,0.020780193345506893,0.017472733306746712,0.012981662760705165,0.00562363016471723,0.006415877660867354,0.02078019334550689,0.01747273330674671,0.012981662760705164,0.005623630164717248,0.00641587766086736
4.63,0.020779516350096675,0.01746183993186169,0.012965435686919586,0.005624144726559036,0.006418922614369466,0.020779516350096672,0.017461839931861685,0.012965435686919585,0.005624144726559053,0.0064189226143694725
4.64,0.020778836891019618,0.017450947578938846,0.012949238169329316,0.0056246799908518845,0.006421957902057898,0.020778836891019614,0.017450947578938843,0.012949238169329315,0.005624679990851901,0.006421957902057904
4.65,0.02077815497142976,0.01744005629716017,0.01293307019022096,0.005625235734169268,0.006424983534888415,0.020778154971429756,0.017440056297160167,0.012933070190220958,0.0056252357341692845,0.00642498353488842
4.66,0.020777470594477748,0.017429166135407997,0.012916931731515915,0.005625811735104101,0.006427999524251597,0.020777470594477744,0.017429166135407993,0.012916931731515913,0.005625811735104119,0.0064279995242516015
4.67,0.020776783763310852,0.01741827714226657,0.012900822774774943,0.00562640777425013,0.006431005881962727,0.02077678376331085,0.017418277142266566,0.012900822774774941,0.0056264077742501474,0.006431005881962732
4.68,0.020776094481072937,0.01740738936602363,0.012884743301202674,0.00562702363418353,0.0064340026202518545,0.020776094481072933,0.017407389366023627,0.012884743301202673,0.005627023634183548,0.00643400262025186
4.69,0.020775402750904517,0.01739650285467197,0.012868693291652076,0.005627659099444682,0.006436989751754049,0.020775402750904514,0.017396502854671966,0.012868693291652075,0.005627659099444699,0.006436989751754055
4.7,0.02077470857594271,0.017385617655910974,0.012852672726628878,0.005628313956520152,0.0064399672894998134,0.020774708575942706,0.01738561765591097,0.012852672726628876,0.005628313956520171,0.0064399672894998195
4.71,0.020774011959321277,0.017374733817148158,0.01283668158629595,0.0056289879938248456,0.006442935246905682,0.020774011959321274,0.017374733817148155,0.012836681586295948,0.005628987993824864,0.006442935246905688
4.72,0.020773312904170605,0.01736385138550075,0.012820719850477625,0.0056296810016843385,0.00644589363776498,0.0207733129041706,0.017363851385500746,0.012820719850477624,0.005629681001684358,0.006445893637764987
4.73,0.02077261141361771,0.01735297040779716,0.012804787498664,0.005630392772317397,0.0064488424762387565,0.020772611413617706,0.017352970407797156,0.012804787498663999,0.005630392772317417,0.006448842476238765
4.74,0.020771907490786255,0.017342090930578518,0.01278888451001518,0.0056311230998186725,0.006451781776846876,0.02077190749078625,0.017342090930578515,0.012788884510015178,0.005631123099818692,0.006451781776846885
4.75,0.02077120113879654,0.017331213000100217,0.012773010863365457,0.005631871780141567,0.006454711554459269,0.020771201138796536,0.017331213000100213,0.012773010863365455,0.005631871780141587,0.006454711554459279
4.76,0.020770492360765506,0.01732033666233338,0.012757166537227494,0.0056326386110812756,0.006457631824287355,0.020770492360765502,0.017320336662333378,0.012757166537227492,0.0056326386110812955,0.006457631824287365
4.7700000000000005,0.02076978115980676,0.017309461962966382,0.012741351509796424,0.005633423392258005,0.006460542601875599,0.020769781159806756,0.01730946196296638,0.012741351509796422,0.005633423392258025,0.006460542601875608
4.78,0.020769067539030562,0.017298588947406306,0.012725565758953922,0.005634225925100353,0.006463443903093241,0.02076906753903056,0.017298588947406303,0.01272556575895392,0.005634225925100372,0.00646344390309325
4.79,0.020768351501543807,0.017287717660780452,0.012709809262272245,0.005635046012828858,0.006466335744126164,0.020768351501543804,0.01728771766078045,0.012709809262272243,0.005635046012828877,0.006466335744126173
4.8,0.020767633050450072,0.01727684814793781,0.012694081997018214,0.005635883460439716,0.006469218141468922,0.02076763305045007,0.017276848147937805,0.012694081997018212,0.005635883460439736,0.006469218141468931
4.8100000000000005,0.020766912188849587,0.017265980453450496,0.012678383940157165,0.0056367380746886655,0.006472091111916895,0.020766912188849584,0.017265980453450493,0.012678383940157164,0.005636738074688685,0.006472091111916903
4.82,0.02076618891983925,0.01725511462161525,0.012662715068356848,0.005637609664075015,0.006474954672558605,0.020766188919839248,0.017255114621615247,0.012662715068356846,0.005637609664075034,0.006474954672558614
4.83,0.02076546324651263,0.017244250696454865,0.012647075357991311,0.0056384980388258545,0.006477808840768165,0.020765463246512628,0.01724425069645486,0.01264707535799131,0.005638498038825874,0.006477808840768174
4.84,0.020764735171959973,0.017233388721719624,0.012631464785144717,0.005639403010880416,0.0064806536341978655,0.02076473517195997,0.01723338872171962,0.012631464785144715,0.005639403010880436,0.006480653634197876
4.8500000000000005,0.020764004699268198,0.017222528740888744,0.012615883325615135,0.0056403243938745766,0.006483489070770902,0.020764004699268195,0.01722252874088874,0.012615883325615133,0.0056403243938745965,0.006483489070770913
4.86,0.02076327183152091,0.01721167079717179,0.012600330954918285,0.005641262003125537,0.006486315168674232,0.020763271831520907,0.017211670797171785,0.012600330954918283,0.005641262003125556,0.006486315168674242
4.87,0.02076253657179839,0.017200814933510132,0.012584807648291256,0.005642215655616634,0.006489131946351561,0.020762536571798388,0.01720081493351013,0.012584807648291254,0.005642215655616653,0.006489131946351571
4.88,0.020761798923177623,0.017189961192578308,0.01256931338069618,0.005643185169982321,0.006491939422496466,0.02076179892317762,0.017189961192578304,0.012569313380696178,0.005643185169982339,0.006491939422496477
4.89,0.020761058888732274,0.017179109616785464,0.012553848126823856,0.005644170366493281,0.006494737616045638,0.02076105888873227,0.01717910961678546,0.012553848126823855,0.005644170366493298,0.00649473761604565
4.9,0.020760316471532703,0.01716826024827674,0.01253841186109737,0.005645171067041698,0.006497526546172256,0.0207603164715327,0.017168260248276737,0.012538411861097368,0.005645171067041715,0.00649752654617227
4.91,0.02075957167464598,0.01715741312893467,0.012523004557675632,0.005646187095126672,0.006500306232279485,0.020759571674645975,0.017157413128934665,0.01252300455767563,0.005646187095126689,0.0065003062322794986
4.92,0.02075882450113586,0.01714656830038053,0.012507626190456913,0.005647218275839771,0.006503076693994078,0.020758824501135857,0.017146568300380527,0.012507626190456912,0.005647218275839788,0.006503076693994093
4.93,0.02075807495406282,0.017135725803975772,0.012492276733082334,0.005648264435850734,0.0065058379511601224,0.020758074954062816,0.01713572580397577,0.012492276733082333,0.005648264435850751,0.006505837951160138
4.94,0.020757323036484036,0.017124885680823345,0.01247695615893931,0.005649325403393307,0.006508590023832883,0.020757323036484032,0.01712488568082334,0.012476956158939309,0.005649325403393325,0.006508590023832898
4.95,0.020756568751453403,0.017114047971769086,0.012461664441164979,0.00565040100825123,0.006511332932272771,0.0207565687514534,0.017114047971769082,0.012461664441164977,0.005650401008251248,0.006511332932272785
4.96,0.02075581210202152,0.01710321271740306,0.012446401552649575,0.005651491081744341,0.00651406669693942,0.020755812102021518,0.017103212717403057,0.012446401552649573,0.005651491081744361,0.006514066696939435
4.97,0.02075505309123573,0.017092379958060903,0.012431167466039774,0.0056525954567148385,0.006516791338485876,0.020755053091235726,0.0170923799580609,0.012431167466039773,0.0056525954567148585,0.006516791338485891
4.98,0.020754291722140075,0.017081549733825183,0.012415962153742015,0.0056537139675136615,0.006519506877752892,0.02075429172214007,0.01708154973382518,0.012415962153742013,0.005653713967513681,0.006519506877752907
4.99,0.020753527997775325,0.017070722084526705,0.01240078558792577,0.00565484644998701,0.00652221333576334,0.02075352799777532,0.0170707220845267,0.012400785587925768,0.005654846449987029,0.006522213335763354
5.0,0.020752761921179,0.01705989704974588,0.012385637740526796,0.005655992741463001,0.006524910733716712,0.020752761921178996,0.017059897049745875,0.012385637740526794,0.00565599274146302,0.0065249107337167255
5.01,0.020751993495385337,0.017049074668813984,0.012370518583250343,0.005657152680738437,0.0065275990929837425,0.020751993495385333,0.01704907466881398,0.012370518583250341,0.005657152680738456,0.006527599092983756
5.0200000000000005,0.02075122272342531,0.017038254980814547,0.012355428087574326,0.005658326108065724,0.0065302784351011205,0.020751222723425305,0.017038254980814543,0.012355428087574324,0.005658326108065742,0.006530278435101135
5.03,0.020750449608326636,0.01702743802458459,0.01234036622475248,0.0056595128651399,0.006532948781766311,0.020750449608326633,0.017027438024584583,0.012340366224752479,0.005659512865139918,0.0065329487817663255
5.04,0.02074967415311378,0.01701662383871597,0.012325332965817476,0.005660712795085803,0.006535610154832456,0.020749674153113778,0.017016623838715963,0.012325332965817474,0.00566071279508582,0.0065356101548324705
5.05,0.020748896360807963,0.01700581246155664,0.012310328281583988,0.00566192574244535,0.006538262576303401,0.02074889636080796,0.017005812461556632,0.012310328281583988,0.005661925742445367,0.006538262576303416
5.0600000000000005,0.02074811623442713,0.01699500393121196,0.012295352142651757,0.005663151553164944,0.006540906068328792,0.020748116234427127,0.016995003931211956,0.012295352142651757,0.005663151553164963,0.006540906068328806
5.07,0.020747333776985996,0.016984198285545964,0.0122804045194086,0.005664390074583007,0.006543540653199277,0.020747333776985993,0.01698419828554596,0.0122804045194086,0.005664390074583027,0.00654354065319929
5.08,0.020746548991496035,0.01697339556218264,0.012265485382033392,0.0056656411554176275,0.0065461663533417985,0.02074654899149603,0.016973395562182636,0.012265485382033392,0.0056656411554176465,0.006546166353341812
5.09,0.020745761880965472,0.016962595798507188,0.012250594700499046,0.005666904645754319,0.006548783191314975,0.02074576188096547,0.016962595798507184,0.012250594700499046,0.005666904645754339,0.00654878319131499
5.1000000000000005,0.02074497244839931,0.01695179903166728,0.012235732444575414,0.005668180397033918,0.006551391189804572,0.020744972448399308,0.016951799031667276,0.012235732444575414,0.005668180397033938,0.006551391189804585
5.11,0.020744180696799324,0.016941005298574327,0.012220898583832187,0.005669468262040575,0.006553990371619059,0.02074418069679932,0.016941005298574324,0.012220898583832187,0.005669468262040595,0.0065539903716190714
5.12,0.020743386629164036,0.016930214635904696,0.012206093087641779,0.005670768094889872,0.006556580759685249,0.020743386629164032,0.016930214635904692,0.012206093087641779,0.005670768094889892,0.006556580759685263
5.13,0.02074259024848876,0.016919427080100986,0.012191315925182128,0.005672079751017048,0.0065591623770440335,0.020742590248488756,0.016919427080100982,0.012191315925182128,0.00567207975101707,0.006559162377044047
5.14,0.020741791557765583,0.016908642667373235,0.012176567065439544,0.0056734030871653475,0.006561735246846187,0.02074179155776558,0.01690864266737323,0.012176567065439544,0.005673403087165371,0.006561735246846201
5.15,0.02074099055998338,0.016897861433700152,0.012161846477211453,0.005674737961374464,0.006564299392348261,0.020740990559983376,0.01689786143370015,0.012161846477211453,0.005674737961374488,0.006564299392348275
5.16,0.020740187258127808,0.016887083414830348,0.01214715412910917,0.0056760842329691055,0.006566854836908554,0.020740187258127804,0.016887083414830344,0.01214715412910917,0.005676084232969128,0.006566854836908569
5.17,0.020739381655181303,0.01687630864628354,0.0121324899895606,0.005677441762547658,0.006569401603983167,0.0207393816551813,0.016876308646283537,0.0121324899895606,0.005677441762547681,0.006569401603983182
5.18,0.020738573754123097,0.01686553716335175,0.012117854026812943,0.005678810411970972,0.006571939717122123,0.020738573754123094,0.016865537163351745,0.012117854026812943,0.005678810411970995,0.006571939717122139
5.19,0.020737763557929223,0.016854769001100535,0.012103246208935364,0.005680190044351238,0.006574469199965577,0.02073776355792922,0.01685476900110053,0.012103246208935364,0.00568019004435126,0.006574469199965595
5.2,0.02073695106957251,0.016844004194370165,0.012088666503821609,0.0056815805240409785,0.0065769900762400945,0.020736951069572507,0.01684400419437016,0.012088666503821609,0.005681580524041,0.006576990076240111
5.21,0.020736136292022592,0.016833242777776796,0.012074114879192644,0.005682981716622137,0.006579502369754992,0.02073613629202259,0.016833242777776793,0.012074114879192644,0.005682981716622158,0.006579502369755009
5.22,0.0207353192282459,0.016822484785713684,0.012059591302599211,0.0056843934888952735,0.006582006104398776,0.020735319228245896,0.01682248478571368,0.012059591302599211,0.005684393488895293,0.006582006104398791
5.23,0.020734499881205674,0.01681173025235235,0.012045095741424396,0.005685815708868865,0.0065845013041356225,0.02073449988120567,0.016811730252352348,0.012045095741424396,0.005685815708868884,0.00658450130413564
5.24,0.020733678253861982,0.01680097921164374,0.01203062816288617,0.005687248245748693,0.006586987993001954,0.02073367825386198,0.016800979211643738,0.01203062816288617,0.005687248245748713,0.0065869879930019705
5.25,0.02073285434917168,0.0167902316973194,0.012016188534039872,0.005688690969927348,0.00658946619510306,0.020732854349171676,0.016790231697319396,0.012016188534039872,0.005688690969927367,0.0065894661951030765
5.26,0.020732028170088467,0.016779487742892625,0.012001776821780703,0.005690143752973819,0.006591935934609804,0.020732028170088464,0.01677948774289262,0.012001776821780703,0.005690143752973838,0.006591935934609819
5.2700000000000005,0.020731199719562853,0.016768747381659642,0.011987392992846166,0.0056916064676231885,0.006594397235755385,0.02073119971956285,0.01676874738165964,0.011987392992846166,0.0056916064676232085,0.0065943972357554006
5.28,0.020730369000542162,0.0167580106467007,0.011973037013818499,0.005693078987766419,0.006596850122832169,0.02073036900054216,0.016758010646700697,0.011973037013818499,0.0056930789877664405,0.006596850122832185
5.29,0.020729536015970575,0.016747277570881274,0.011958708851127082,0.0056945611884402355,0.006599294620188584,0.020729536015970572,0.01674727757088127,0.011958708851127082,0.005694561188440257,0.0065992946201886
5.3,0.02072870076878908,0.016736548186853165,0.011944408471050801,0.0056960529458171035,0.006601730752226073,0.020728700768789077,0.016736548186853162,0.011944408471050801,0.005696052945817124,0.006601730752226089
5.3100000000000005,0.02072786326193551,0.016725822527055605,0.01193013583972041,0.005697554137195295,0.006604158543396113,0.020727863261935507,0.016725822527055602,0.01193013583972041,0.005697554137195316,0.006604158543396128
5.32,0.020727023498344547,0.01671510062371644,0.011915890923120856,0.005699064640989059,0.006606578018197299,0.020727023498344543,0.016715100623716436,0.011915890923120856,0.00569906464098908,0.006606578018197313
5.33,0.020726181480947695,0.0167043825088532,0.011901673687093587,0.0057005843367188705,0.006608989201172469,0.02072618148094769,0.016704382508853196,0.011901673687093587,0.005700584336718891,0.0066089892011724815
5.34,0.020725337212673316,0.016693668214274232,0.011887484097338818,0.005702113105001773,0.0066113921169059136,0.020725337212673313,0.01669366821427423,0.011887484097338818,0.0057021131050017946,0.006611392116905926
5.3500000000000005,0.02072449069644661,0.0166829577715798,0.011873322119417806,0.005703650827541815,0.006613786790020621,0.020724490696446607,0.016682957771579795,0.011873322119417806,0.005703650827541837,0.006613786790020634
5.36,0.02072364193518965,0.01667225121216317,0.01185918771875506,0.00570519738712057,0.006616173245175594,0.020723641935189645,0.016672251212163168,0.01185918771875506,0.005705197387120594,0.006616173245175608
5.37,0.02072279093182135,0.016661548567211745,0.011845080860640577,0.005706752667587748,0.0066185515070632086,0.020722790931821347,0.01666154856721174,0.011845080860640577,0.0057067526675877705,0.0066185515070632224
5.38,0.020721937689257473,0.016650849867708085,0.011831001510232008,0.005708316553851884,0.006620921600406636,0.02072193768925747,0.01665084986770808,0.011831001510232008,0.005708316553851906,0.006620921600406649
5.39,0.020721082210410666,0.01664015514443107,0.011816949632556828,0.005709888931871126,0.006623283549957314,0.020721082210410663,0.016640155144431068,0.011816949632556828,0.005709888931871147,0.006623283549957327
5.4,0.02072022449819042,0.01662946442795692,0.011802925192514472,0.005711469688644097,0.006625637380492477,0.020720224498190415,0.016629464427956916,0.011802925192514472,0.005711469688644118,0.00662563738049249
5.41,0.020719364555503113,0.016618777748660277,0.01178892815487847,0.005713058712200845,0.0066279831168127275,0.02071936455550311,0.016618777748660274,0.01178892815487847,0.005713058712200867,0.00662798311681274
5.42,0.02071850238525198,0.01660809513671529,0.011774958484298529,0.0057146558915938785,0.006630320783739664,0.020718502385251976,0.016608095136715288,0.011774958484298529,0.0057146558915939,0.006630320783739677
5.43,0.020717637990337146,0.01659741662209667,0.011761016145302606,0.005716261116889271,0.006632650406113567,0.020717637990337143,0.016597416622096666,0.011761016145302606,0.005716261116889292,0.00663265040611358
5.44,0.020716771373655605,0.016586742234580704,0.01174710110229898,0.005717874279157867,0.006634972008791113,0.0207167713736556,0.0165867422345807,0.01174710110229898,0.005717874279157887,0.006634972008791124
5.45,0.020715902538101235,0.016576072003746375,0.011733213319578262,0.005719495270466554,0.006637285616643155,0.02071590253810123,0.016576072003746372,0.011733213319578262,0.005719495270466574,0.006637285616643168
5.46,0.020715031486564794,0.016565405958976355,0.011719352761315418,0.005721123983869613,0.006639591254552546,0.02071503148656479,0.01656540595897635,0.011719352761315418,0.005721123983869634,0.006639591254552559
5.47,0.02071415822193393,0.016554744129458055,0.011705519391571753,0.005722760313400165,0.006641888947412003,0.020714158221933926,0.01655474412945805,0.011705519391571753,0.005722760313400185,0.0066418889474120155
5.48,0.02071328274709319,0.016544086544184662,0.011691713174296892,0.005724404154061663,0.00664417872012202,0.020713282747093185,0.01654408654418466,0.011691713174296892,0.005724404154061683,0.006644178720122033
5.49,0.020712405064924014,0.016533433231956166,0.011677934073330717,0.005726055401819498,0.006646460597588828,0.02071240506492401,0.016533433231956163,0.011677934073330717,0.005726055401819517,0.00664646059758884
5.5,0.02071152517830474,0.016522784221380392,0.011664182052405292,0.005727713953592657,0.006648734604722399,0.020711525178304737,0.01652278422138039,0.011664182052405292,0.005727713953592676,0.006648734604722411
5.51,0.0207106430901106,0.016512139540873983,0.011650457075146784,0.005729379707245462,0.006651000766434482,0.020710643090110597,0.01651213954087398,0.011650457075146784,0.005729379707245481,0.0066510007664344955
5.5200000000000005,0.020709758803213733,0.016501499218663458,0.011636759105077343,0.0057310525615793875,0.0066532591076367015,0.02070975880321373,0.016501499218663455,0.011636759105077343,0.005731052561579407,0.006653259107636716
5.53,0.020708872320483195,0.016490863282786185,0.011623088105616974,0.005732732416324951,0.006655509653238682,0.020708872320483192,0.01649086328278618,0.011623088105616974,0.005732732416324971,0.006655509653238696
5.54,0.02070798364478495,0.016480231761091393,0.011609444040085376,0.005734419172133673,0.006657752428146211,0.020707983644784947,0.01648023176109139,0.011609444040085376,0.005734419172133692,0.006657752428146224
5.55,0.020707092778981875,0.016469604681241177,0.01159582687170379,0.0057361127305701086,0.006659987457259458,0.020707092778981872,0.016469604681241173,0.01159582687170379,0.005736112730570127,0.006659987457259472
5.5600000000000005,0.020706199725933763,0.01645898207071146,0.011582236563596792,0.005737812994103957,0.006662214765471224,0.02070619972593376,0.016458982070711458,0.011582236563596792,0.005737812994103977,0.006662214765471237
5.57,0.02070530448849733,0.016448363956793034,0.01156867307879409,0.005739519866102243,0.00666443437766522,0.020705304488497327,0.01644836395679303,0.01156867307879409,0.005739519866102263,0.006664434377665234
5.58,0.020704407069526216,0.016437750366592473,0.011555136380232306,0.005741233250821558,0.006666646318714403,0.020704407069526212,0.01643775036659247,0.011555136380232306,0.005741233250821578,0.006666646318714417
5.59,0.020703507471870983,0.016427141327033153,0.011541626430756713,0.005742953053400373,0.0066688506134793355,0.02070350747187098,0.01642714132703315,0.011541626430756713,0.005742953053400394,0.006668850613479349
5.6000000000000005,0.020702605698379135,0.016416536864856224,0.011528143193122982,0.005744679179851438,0.006671047286806582,0.02070260569837913,0.01641653686485622,0.011528143193122982,0.005744679179851459,0.006671047286806596
5.61,0.020701701751895108,0.01640593700662154,0.0115146866299989,0.005746411537054226,0.006673236363527154,0.020701701751895105,0.016405937006621536,0.0115146866299989,0.005746411537054246,0.0066732363635271675
5.62,0.020700795635260266,0.01639534177870865,0.01150125670396606,0.00574815003274745,0.006675417868454971,0.020700795635260262,0.016395341778708647,0.01150125670396606,0.00574815003274747,0.0066754178684549845
5.63,0.02069988735131292,0.01638475120731775,0.01148785337752156,0.005749894575521665,0.006677591826385369,0.020699887351312916,0.016384751207317746,0.01148785337752156,0.005749894575521687,0.006677591826385382
5.64,0.020698976902888327,0.016374165318470624,0.011474476613079643,0.005751645074811914,0.00667975826209365,0.020698976902888324,0.01637416531847062,0.011474476613079643,0.005751645074811935,0.006679758262093664
5.65,0.020698064292818685,0.0163635841380116,0.011461126372973368,0.005753401440890445,0.006681917200333644,0.02069806429281868,0.016363584138011596,0.011461126372973368,0.005753401440890465,0.006681917200333657
5.66,0.020697149523933152,0.01635300769160847,0.011447802619456215,0.0057551635848594965,0.006684068665836316,0.02069714952393315,0.016353007691608468,0.011447802619456215,0.0057551635848595165,0.006684068665836329
5.67,0.020696232599057826,0.016342436004753463,0.01143450531470372,0.005756931418644155,0.006686212683308416,0.020696232599057823,0.01634243600475346,0.01143450531470372,0.005756931418644174,0.006686212683308428
5.68,0.020695313521015772,0.01633186910276414,0.011421234420815054,0.005758704854985252,0.006688349277431137,0.02069531352101577,0.016331869102764136,0.011421234420815054,0.005758704854985271,0.006688349277431147
5.69,0.020694392292627005,0.016321307010784342,0.011407989899814602,0.005760483807432352,0.006690478472858818,0.020694392292627,0.01632130701078434,0.011407989899814602,0.00576048380743237,0.00669047847285883
5.7,0.02069346891670852,0.01631074975378509,0.011394771713653537,0.005762268190336779,0.006692600294217684,0.020693468916708518,0.016310749753785086,0.011394771713653537,0.005762268190336798,0.006692600294217696
5.71,0.02069254339607426,0.016300197356565516,0.011381579824211351,0.005764057918844727,0.006694714766104603,0.020692543396074257,0.016300197356565512,0.011381579824211351,0.005764057918844746,0.0066947147661046156
5.72,0.020691615733535153,0.01628964984375379,0.011368414193297387,0.005765852908890408,0.0066968219130858755,0.02069161573353515,0.016289649843753785,0.011368414193297387,0.0057658529088904275,0.006696821913085887
5.73,0.02069068593189909,0.016279107239807997,0.011355274782652365,0.0057676530771892795,0.006698921759696055,0.020690685931899086,0.016279107239807994,0.011355274782652365,0.005767653077189298,0.0066989217596960665
5.74,0.020689753993970942,0.016268569569017063,0.011342161553949855,0.00576945834123132,0.006701014330436802,0.02068975399397094,0.01626856956901706,0.011342161553949855,0.005769458341231338,0.0067010143304368115
5.75,0.02068881992255256,0.016258036855501624,0.011329074468797776,0.005771268619274368,0.006703099649775752,0.020688819922552556,0.01625803685550162,0.011329074468797776,0.005771268619274386,0.006703099649775761
5.76,0.020687883720442765,0.016247509123214952,0.01131601348873985,0.005773083830337526,0.006705177742145427,0.02068788372044276,0.01624750912321495,0.01131601348873985,0.0057730838303375435,0.006705177742145434
5.7700000000000005,0.020686945390437386,0.016236986395943835,0.01130297857525706,0.005774903894194609,0.0067072486319421625,0.020686945390437382,0.01623698639594383,0.01130297857525706,0.005774903894194626,0.0067072486319421695
5.78,0.020686004935329218,0.016226468697309437,0.011289969689769088,0.005776728731367661,0.0067093123435250646,0.020686004935329214,0.016226468697309433,0.011289969689769088,0.005776728731367679,0.0067093123435250715
5.79,0.020685062357908058,0.016215956050768202,0.011276986793635717,0.005778558263120527,0.006711368901214993,0.020685062357908054,0.0162159560507682,0.011276986793635717,0.005778558263120545,0.006711368901215001
5.8,0.020684117660960705,0.016205448479612732,0.011264029848158243,0.005780392411452475,0.006713418329293571,0.0206841176609607,0.01620544847961273,0.011264029848158243,0.005780392411452494,0.00671341832929358
5.8100000000000005,0.02068317084727094,0.016194946006972636,0.011251098814580874,0.00578223109909188,0.006715460652002217,0.020683170847270938,0.016194946006972633,0.011251098814580874,0.0057822310990919,0.006715460652002225
5.82,0.020682221919619572,0.016184448655815396,0.011238193654092088,0.0057840742494899705,0.006717495893541201,0.02068222191961957,0.016184448655815392,0.011238193654092088,0.0057840742494899905,0.0067174958935412084
5.83,0.020681270880784385,0.016173956448947265,0.011225314327826008,0.005785921786814601,0.006719524078068723,0.02068127088078438,0.01617395644894726,0.011225314327826008,0.0057859217868146216,0.006719524078068732
5.84,0.020680317733540177,0.016163469409014072,0.011212460796863735,0.005787773635944119,0.006721545229700031,0.020680317733540173,0.01616346940901407,0.011212460796863735,0.005787773635944141,0.006721545229700041
5.8500000000000005,0.020679362480658763,0.016152987558502117,0.011199633022234683,0.005789629722461256,0.006723559372506536,0.02067936248065876,0.016152987558502113,0.011199633022234683,0.005789629722461278,0.006723559372506545
5.86,0.02067840512490898,0.016142510919738985,0.011186830964917897,0.005791489972647083,0.006725566530514965,0.020678405124908976,0.01614251091973898,0.011186830964917897,0.0057914899726471064,0.0067255665305149745
5.87,0.020677445669056674,0.01613203951489442,0.011174054585843356,0.005793354313475013,0.006727566727706539,0.02067744566905667,0.016132039514894416,0.011174054585843356,0.005793354313475036,0.00672756672770655
5.88,0.020676484115864705,0.016121573365981128,0.011161303845893257,0.0057952226726048685,0.0067295599880161676,0.0206764841158647,0.016121573365981124,0.011161303845893257,0.005795222672604891,0.00672955998801618
5.89,0.02067552046809297,0.01611111249485566,0.011148578705903295,0.005797094978376979,0.006731546335331661,0.020675520468092966,0.016111112494855657,0.011148578705903295,0.005797094978377003,0.006731546335331673
5.9,0.020674554728498384,0.0161006569232192,0.011135879126663925,0.005798971159806356,0.006733525793492968,0.02067455472849838,0.016100656923219197,0.011135879126663925,0.005798971159806378,0.006733525793492981
5.91,0.02067358689983489,0.016090206672618408,0.011123205068921607,0.0058008511465768905,0.006735498386291439,0.020673586899834888,0.016090206672618405,0.011123205068921607,0.005800851146576912,0.006735498386291452
5.92,0.020672616984853464,0.016079761764446244,0.011110556493380035,0.005802734869035628,0.006737464137469099,0.02067261698485346,0.01607976176444624,0.011110556493380035,0.00580273486903565,0.006737464137469113
5.93,0.02067164498630213,0.01606932221994277,0.011097933360701372,0.005804622258187076,0.006739423070717948,0.020671644986302126,0.016069322219942766,0.011097933360701372,0.005804622258187098,0.006739423070717961
5.94,0.020670670906925936,0.016058888060195987,0.011085335631507447,0.0058065132456875624,0.006741375209679278,0.020670670906925932,0.016058888060195984,0.011085335631507447,0.005806513245687585,0.006741375209679292
5.95,0.020669694749466973,0.01604845930614263,0.011072763266380953,0.005808407763839649,0.006743320577943013,0.02066969474946697,0.016048459306142626,0.011072763266380953,0.005808407763839671,0.006743320577943027
5.96,0.020668716516664395,0.016038035978568965,0.01106021622586663,0.005810305745586587,0.006745259199047058,0.020668716516664392,0.016038035978568958,0.01106021622586663,0.005810305745586609,0.006745259199047074
5.97,0.020667736211254388,0.016027618098111616,0.011047694470472437,0.005812207124506825,0.00674719109647668,0.020667736211254385,0.01602761809811161,0.011047694470472437,0.0058122071245068465,0.006747191096476694
5.98,0.020666753835970192,0.016017205685258322,0.011035197960670701,0.005814111834808561,0.006749116293663894,0.02066675383597019,0.016017205685258315,0.011035197960670701,0.005814111834808584,0.006749116293663908
5.99,0.020665769393542106,0.016006798760348776,0.011022726656899278,0.005816019811324349,0.006751034813986876,0.020665769393542102,0.01600679876034877,0.011022726656899278,0.005816019811324372,0.0067510348139868896
6.0,0.020664782886697482,0.015996397343575375,0.011010280519562663,0.005817930989505737,0.0067529466807693915,0.02066478288669748,0.01599639734357537,0.011010280519562663,0.005817930989505759,0.006752946680769405
6.01,0.020663794318160733,0.015986001454984026,0.01099785950903313,0.005819845305417964,0.006754851917280237,0.02066379431816073,0.01598600145498402,0.01099785950903313,0.0058198453054179875,0.006754851917280251
6.0200000000000005,0.020662803690653344,0.015975611114474913,0.010985463585651828,0.005821762695734704,0.006756750546732699,0.02066280369065334,0.015975611114474906,0.010985463585651828,0.005821762695734728,0.006756750546732713
6.03,0.020661811006893866,0.01596522634180328,0.010973092709729881,0.005823683097732841,0.006758642592284037,0.020661811006893863,0.015965226341803272,0.010973092709729881,0.005823683097732866,0.0067586425922840495
6.04,0.020660816269597905,0.015954847156580205,0.010960746841549473,0.005825606449287308,0.006760528077034971,0.0206608162695979,0.015954847156580198,0.010960746841549473,0.005825606449287333,0.0067605280770349835
6.05,0.020659819481478155,0.015944473578273364,0.010948425941364921,0.005827532688865948,0.006762407024029197,0.020659819481478152,0.015944473578273357,0.010948425941364921,0.005827532688865971,0.006762407024029209
6.0600000000000005,0.02065882064524439,0.015934105626207794,0.01093612996940373,0.005829461755524438,0.006764279456252903,0.020658820645244387,0.015934105626207788,0.01093612996940373,0.005829461755524462,0.0067642794562529154
6.07,0.020657819763603445,0.01592374331956667,0.01092385888586765,0.005831393588901259,0.006766145396634319,0.020657819763603442,0.015923743319566662,0.01092385888586765,0.005831393588901283,0.006766145396634331
6.08,0.020656816839259257,0.01591338667739202,0.010911612650933709,0.005833328129212685,0.006768004868043257,0.020656816839259254,0.015913386677392012,0.010911612650933709,0.005833328129212708,0.006768004868043269
6.09,0.020655811874912833,0.015903035718585524,0.010899391224755245,0.005835265317247834,0.006769857893290697,0.02065581187491283,0.015903035718585517,0.010899391224755245,0.0058352653172478565,0.00676985789329071
6.1000000000000005,0.020654804873262284,0.015892690461909238,0.010887194567462918,0.0058372050943637606,0.006771704495128364,0.02065480487326228,0.01589269046190923,0.010887194567462918,0.005837205094363785,0.0067717044951283775
6.11,0.02065379583700281,0.01588235092598634,0.010875022639165705,0.005839147402480589,0.006773544696248317,0.020653795837002806,0.015882350925986333,0.010875022639165705,0.005839147402480613,0.006773544696248332
6.12,0.020652784768826683,0.015872017129301873,0.010862875399951915,0.005841092184076678,0.006775378519282572,0.02065278476882668,0.015872017129301867,0.010862875399951915,0.005841092184076702,0.006775378519282587
6.13,0.020651771671423305,0.015861689090203492,0.010850752809890148,0.005843039382183844,0.0067772059868027226,0.0206517716714233,0.015861689090203485,0.010850752809890148,0.005843039382183867,0.006777205986802738
6.140000000000001,0.020650756547479162,0.01585136682690218,0.010838654829030294,0.005844988940382607,0.00677902712131958,0.02065075654747916,0.015851366826902174,0.010838654829030294,0.00584498894038263,0.006779027121319595
6.15,0.020649739399677843,0.015841050357472988,0.010826581417404463,0.0058469408027974935,0.006780841945282815,0.02064973939967784,0.01584105035747298,0.010826581417404463,0.005846940802797516,0.006780841945282829
6.16,0.02064872023070005,0.015830739699855757,0.010814532535027963,0.005848894914092366,0.006782650481080632,0.020648720230700048,0.01583073969985575,0.010814532535027963,0.005848894914092388,0.006782650481080645
6.17,0.0206476990432236,0.015820434871855835,0.010802508141900225,0.005850851219465803,0.00678445275103944,0.020647699043223597,0.01582043487185583,0.010802508141900225,0.005850851219465824,0.006784452751039453
6.18,0.020646675839923412,0.015810135891144807,0.010790508198005734,0.005852809664646509,0.006786248777423544,0.02064667583992341,0.0158101358911448,0.010790508198005734,0.005852809664646529,0.006786248777423558
6.19,0.020645650623471526,0.015799842775261204,0.010778532663314959,0.005854770195888774,0.00678803858243484,0.020645650623471522,0.015799842775261197,0.010778532663314959,0.0058547701958887935,0.006788038582434854
6.2,0.020644623396537103,0.015789555541611194,0.010766581497785248,0.005856732759967961,0.006789822188212536,0.0206446233965371,0.015789555541611187,0.010766581497785248,0.005856732759967979,0.0067898221882125515
6.21,0.020643594161786426,0.01577927420746933,0.010754654661361746,0.005858697304176034,0.006791599616832864,0.020643594161786422,0.015779274207469322,0.010754654661361746,0.005858697304176051,0.0067915996168328805
6.22,0.020642562921882903,0.01576899878997922,0.01074275211397827,0.00586066377631713,0.006793370890308827,0.0206425629218829,0.015768998789979213,0.01074275211397827,0.005860663776317147,0.006793370890308843
6.23,0.020641529679487063,0.015758729306154236,0.010730873815558192,0.005862632124703169,0.006795136030589928,0.02064152967948706,0.01575872930615423,0.010730873815558192,0.0058626321247031874,0.006795136030589945
6.24,0.020640494437256577,0.015748465772878216,0.010719019726015315,0.00586460229814949,0.006796895059561948,0.020640494437256574,0.01574846577287821,0.010719019726015315,0.0058646022981495086,0.006796895059561965
6.25,0.020639457197846246,0.015738208206906138,0.01070718980525473,0.005866574245970537,0.006798647999046697,0.020639457197846243,0.01573820820690613,0.01070718980525473,0.005866574245970555,0.006798647999046712
6.26,0.02063841796390801,0.015727956624864838,0.010695384013173659,0.005868547917975568,0.006800394870801794,0.020638417963908008,0.01572795662486483,0.010695384013173659,0.005868547917975586,0.0068003948708018095
6.2700000000000005,0.020637376738090952,0.015717711043253674,0.010683602309662319,0.00587052326446442,0.006802135696520463,0.02063737673809095,0.015717711043253667,0.010683602309662319,0.005870523264464438,0.006802135696520478
6.28,0.020636333523041294,0.015707471478445204,0.01067184465460473,0.005872500236223284,0.0068038704978313205,0.02063633352304129,0.015707471478445197,0.01067184465460473,0.0058725002362233015,0.006803870497831337
6.29,0.020635288321402403,0.015697237946685885,0.010660111007879556,0.005874478784520543,0.006805599296298191,0.0206352883214024,0.01569723794668588,0.010660111007879556,0.0058744787845205594,0.006805599296298207
6.3,0.020634241135814798,0.015687010464096728,0.010648401329360908,0.005876458861102619,0.006807322113419916,0.020634241135814795,0.01568701046409672,0.010648401329360908,0.0058764588611026364,0.006807322113419933
6.3100000000000005,0.020633191968916154,0.015676789046673984,0.010636715578919152,0.005878440418189884,0.006809038970630192,0.02063319196891615,0.015676789046673977,0.010636715578919152,0.005878440418189901,0.006809038970630209
6.32,0.020632140823341298,0.0156665737102898,0.01062505371642171,0.005880423408472571,0.006810749889297391,0.020632140823341295,0.015666573710289792,0.01062505371642171,0.005880423408472587,0.006810749889297408
6.33,0.02063108770172222,0.01565636447069288,0.010613415701733846,0.005882407785106752,0.006812454890724419,0.020631087701722218,0.015656364470692873,0.010613415701733846,0.005882407785106768,0.006812454890724436
6.34,0.020630032606688067,0.01564616134350917,0.01060180149471943,0.00588439350171033,0.00681415399614856,0.020630032606688064,0.015646161343509164,0.01060180149471943,0.005884393501710347,0.0068141539961485776
6.3500000000000005,0.020628975540865145,0.015635964344242494,0.01059021105524173,0.005886380512359074,0.006815847226741346,0.02062897554086514,0.015635964344242487,0.01059021105524173,0.005886380512359089,0.006815847226741362
6.36,0.020627916506876943,0.015625773488275204,0.010578644343164165,0.005888368771582674,0.006817534603608416,0.02062791650687694,0.015625773488275197,0.010578644343164165,0.005888368771582691,0.006817534603608432
6.37,0.020626855507344107,0.01561558879086885,0.010567101318351044,0.005890358234360859,0.006819216147789408,0.020626855507344104,0.015615588790868842,0.010567101318351044,0.005890358234360876,0.0068192161477894225
6.38,0.020625792544884464,0.01560541026716481,0.010555581940668333,0.00589234885611951,0.006820891880257836,0.02062579254488446,0.015605410267164803,0.010555581940668333,0.005892348856119528,0.006820891880257852
6.390000000000001,0.020624727622113016,0.015595237932184947,0.010544086169984368,0.005894340592726832,0.00682256182192099,0.020624727622113013,0.01559523793218494,0.010544086169984368,0.005894340592726851,0.006822561821921006
6.4,0.02062366074164194,0.015585071800832235,0.010532613966170602,0.005896333400489547,0.006824225993619834,0.020623660741641937,0.015585071800832228,0.010532613966170602,0.005896333400489565,0.00682422599361985
6.41,0.0206225919060806,0.015574911887891417,0.010521165289102312,0.0058983272361491255,0.006825884416128923,0.020622591906080595,0.01557491188789141,0.010521165289102312,0.005898327236149145,0.00682588441612894
6.42,0.020621521118035543,0.01556475820802961,0.010509740098659317,0.005900322056878044,0.006827537110156313,0.02062152111803554,0.015564758208029604,0.010509740098659317,0.0059003220568780625,0.00682753711015633
6.43,0.020620448380110516,0.015554610775796974,0.010498338354726673,0.005902317820276077,0.00682918409634349,0.020620448380110512,0.015554610775796967,0.010498338354726673,0.005902317820276095,0.006829184096343508
6.44,0.02061937369490643,0.015544469605627295,0.010486960017195375,0.005904314484366616,0.006830825395265302,0.020619373694906427,0.015544469605627288,0.010486960017195375,0.005904314484366635,0.006830825395265319
6.45,0.020618297065021423,0.01553433471183865,0.010475605045963047,0.00590631200759303,0.006832461027429895,0.02061829706502142,0.015534334711838644,0.010475605045963047,0.005906312007593049,0.006832461027429911
6.46,0.02061721849305081,0.015524206108634007,0.010464273400934608,0.005908310348815044,0.006834091013278662,0.020617218493050808,0.015524206108634,0.010464273400934608,0.005908310348815062,0.00683409101327868
6.47,0.020616137981587113,0.015514083810101836,0.010452965042022958,0.005910309467305153,0.006835715373186195,0.02061613798158711,0.015514083810101829,0.010452965042022958,0.00591030946730517,0.006835715373186213
6.48,0.02061505553322005,0.015503967830216741,0.010441679929149638,0.005912309322745064,0.006837334127460243,0.020615055533220048,0.015503967830216734,0.010441679929149638,0.005912309322745083,0.0068373341274602616
6.49,0.02061397115053657,0.015493858182840065,0.01043041802224548,0.005914309875222182,0.006838947296341676,0.020613971150536568,0.015493858182840058,0.01043041802224548,0.0059143098752222,0.006838947296341693
6.5,0.02061288483612079,0.015483754881720494,0.01041917928125126,0.005916311085226099,0.006840554900004457,0.020612884836120785,0.015483754881720487,0.01041917928125126,0.0059163110852261174,0.006840554900004473
6.51,0.020611796592554067,0.015473657940494668,0.01040796366611835,0.005918312913645136,0.006842156958555622,0.020611796592554063,0.01547365794049466,0.01040796366611835,0.005918312913645155,0.006842156958555639
6.5200000000000005,0.020610706422414977,0.015463567372687774,0.010396771136809334,0.005920315321762901,0.006843753492035264,0.020610706422414974,0.015463567372687765,0.010396771136809334,0.005920315321762919,0.006843753492035281
6.53,0.0206096143282793,0.015453483191714159,0.01038560165329864,0.0059223182712548825,0.006845344520416517,0.020609614328279298,0.01545348319171415,0.01038560165329864,0.005922318271254901,0.006845344520416534
6.54,0.020608520312720043,0.01544340541087791,0.010374455175573177,0.005924321724185065,0.006846930063605559,0.02060852031272004,0.015443405410877901,0.010374455175573177,0.005924321724185085,0.0068469300636055785
6.55,0.020607424378307426,0.015433334043373464,0.01036333166363292,0.0059263256430025805,0.006848510141441608,0.020607424378307423,0.015433334043373456,0.01036333166363292,0.0059263256430026,0.006848510141441628
6.5600000000000005,0.020606326527608913,0.015423269102286181,0.010352231077491536,0.005928329990538382,0.006850084773696927,0.02060632652760891,0.01542326910228617,0.010352231077491536,0.0059283299905384,0.006850084773696945
6.57,0.020605226763189186,0.015413210600592938,0.010341153377176969,0.0059303347300019476,0.006851653980076839,0.020605226763189183,0.015413210600592928,0.010341153377176969,0.005930334730001967,0.0068516539800768566
6.58,0.02060412508761017,0.015403158551162716,0.010330098522732051,0.005932339824978014,0.006853217780219745,0.020604125087610167,0.015403158551162706,0.010330098522732051,0.005932339824978032,0.006853217780219762
6.59,0.020603021503431015,0.015393112966757175,0.010319066474215063,0.005934345239423329,0.006854776193697139,0.02060302150343101,0.015393112966757164,0.010319066474215063,0.005934345239423347,0.006854776193697157
6.6000000000000005,0.02060191601320811,0.01538307386003123,0.010308057191700323,0.00593635093766344,0.0068563292400136465,0.020601916013208106,0.01538307386003122,0.010308057191700323,0.005936350937663459,0.006856329240013665
6.61,0.0206008086194951,0.01537304124353364,0.010297070635278766,0.005938356884389509,0.006857876938607043,0.020600808619495096,0.01537304124353363,0.010297070635278766,0.005938356884389529,0.006857876938607061
6.62,0.020599699324842857,0.015363015129707554,0.01028610676505849,0.005940363044655148,0.006859419308848301,0.020599699324842853,0.015363015129707544,0.01028610676505849,0.005940363044655168,0.006859419308848319
6.63,0.0205985881317995,0.015352995530891105,0.010275165541165336,0.005942369383873287,0.006860956370041627,0.020598588131799496,0.015352995530891094,0.010275165541165336,0.005942369383873307,0.006860956370041644
6.640000000000001,0.02059747504291041,0.015342982459317957,0.010264246923743416,0.0059443758678130575,0.006862488141424506,0.020597475042910405,0.015342982459317946,0.010264246923743416,0.005944375867813077,0.006862488141424522
6.65,0.020596360060718216,0.015332975927117883,0.010253350872955676,0.005946382462596723,0.006864014642167757,0.020596360060718213,0.015332975927117872,0.010253350872955676,0.005946382462596742,0.006864014642167773
6.66,0.020595243187762798,0.015322975946317314,0.01024247734898443,0.005948389134696614,0.006865535891375583,0.020595243187762794,0.015322975946317303,0.01024247734898443,0.005948389134696633,0.006865535891375598
6.67,0.02059412442658131,0.0153129825288399,0.010231626312031884,0.005950395850932094,0.006867051908085629,0.020594124426581307,0.01531298252883989,0.010231626312031884,0.0059503958509321145,0.006867051908085645
6.68,0.020593003779708154,0.015302995686507068,0.010220797722320667,0.005952402578466562,0.006868562711269053,0.02059300377970815,0.015302995686507058,0.010220797722320667,0.005952402578466583,0.006868562711269069
6.69,0.020591881249675006,0.015293015431038563,0.010209991540094358,0.005954409284804463,0.006870068319830581,0.020591881249675002,0.015293015431038552,0.010209991540094358,0.005954409284804484,0.006870068319830597
6.7,0.020590756839010783,0.015283041774053001,0.010199207725617993,0.005956415937788337,0.006871568752608588,0.02059075683901078,0.01528304177405299,0.010199207725617993,0.005956415937788358,0.006871568752608603
6.71,0.02058963055024171,0.01527307472706842,0.010188446239178566,0.005958422505595888,0.0068730640283751684,0.020589630550241707,0.01527307472706841,0.010188446239178566,0.005958422505595909,0.006873064028375182
6.72,0.02058850238589126,0.015263114301502826,0.010177707041085537,0.00596042895673707,0.006874554165836216,0.020588502385891258,0.015263114301502815,0.010177707041085537,0.005960428956737091,0.00687455416583623
6.73,0.020587372348480192,0.015253160508674713,0.010166990091671338,0.005962435260051212,0.006876039183631502,0.02058737234848019,0.015253160508674703,0.010166990091671338,0.005962435260051233,0.006876039183631518
6.74,0.02058624044052654,0.01524321335980362,0.01015629535129184,0.005964441384704156,0.006877519100334771,0.020586240440526538,0.015243213359803609,0.01015629535129184,0.0059644413847041765,0.006877519100334787
6.75,0.02058510666454563,0.015233272866010655,0.010145622780326847,0.005966447300185421,0.006878993934453821,0.020585106664545626,0.015233272866010644,0.010145622780326847,0.005966447300185442,0.006878993934453836
6.76,0.020583971023050054,0.015223339038319033,0.010134972339180589,0.005968452976305393,0.006880463704430599,0.02058397102305005,0.015223339038319022,0.010134972339180589,0.005968452976305414,0.006880463704430615
6.7700000000000005,0.02058283351854971,0.015213411887654604,0.010124343988282165,0.0059704583831925355,0.0068819284286412985,0.020582833518549705,0.015213411887654594,0.010124343988282165,0.005970458383192556,0.006881928428641313
6.78,0.020581694153551777,0.015203491424846373,0.01011373768808603,0.0059724634912906235,0.006883388125396455,0.020581694153551773,0.015203491424846362,0.01011373768808603,0.005972463491290645,0.00688338812539647
6.79,0.020580552930560728,0.015193577660627027,0.010103153399072452,0.005974468271356008,0.006884842812941056,0.020580552930560724,0.015193577660627016,0.010103153399072452,0.005974468271356031,0.00688484281294107
6.8,0.02057940985207833,0.015183670605633458,0.010092591081747964,0.005976472694454888,0.006886292509454634,0.020579409852078328,0.015183670605633448,0.010092591081747964,0.00597647269445491,0.00688629250945465
6.8100000000000005,0.020578264920603658,0.01517377027040728,0.010082050696645818,0.005978476731960618,0.006887737233051395,0.020578264920603655,0.015173770270407269,0.010082050696645818,0.005978476731960641,0.00688773723305141
6.82,0.02057711813863308,0.015163876665395348,0.010071532204326418,0.005980480355551041,0.006889177001780307,0.020577118138633076,0.015163876665395338,0.010071532204326418,0.005980480355551064,0.006889177001780321
6.83,0.020575969508660273,0.015153989800950255,0.010061035565377774,0.005982483537205821,0.006890611833625231,0.02057596950866027,0.015153989800950245,0.010061035565377774,0.005982483537205845,0.006890611833625246
6.84,0.020574819033176227,0.015144109687330869,0.010050560740415927,0.005984486249203829,0.00689204174650503,0.020574819033176223,0.015144109687330858,0.010050560740415927,0.0059844862492038535,0.006892041746505045
6.8500000000000005,0.020573666714669227,0.015134236334702811,0.010040107690085375,0.005986488464120524,0.006893466758273694,0.020573666714669224,0.0151342363347028,0.010040107690085375,0.005986488464120548,0.006893466758273708
6.86,0.02057251255562488,0.01512436975313899,0.010029676375059507,0.005988490154825374,0.006894886886720456,0.020572512555624877,0.01512436975313898,0.010029676375059507,0.005988490154825398,0.006894886886720471
6.87,0.020571356558526113,0.015114509952620071,0.010019266756041005,0.005990491294479287,0.006896302149569924,0.02057135655852611,0.015114509952620061,0.010019266756041005,0.00599049129447931,0.006896302149569938
6.88,0.020570198725853167,0.015104656943035009,0.010008878793762263,0.005992491856532071,0.006897712564482204,0.020570198725853164,0.015104656943034998,0.010008878793762263,0.0059924918565320935,0.006897712564482217
6.890000000000001,0.020569039060083612,0.015094810734181518,0.009998512448985803,0.005994491814719906,0.006899118149053034,0.02056903906008361,0.015094810734181507,0.009998512448985803,0.005994491814719929,0.006899118149053048
6.9,0.02056787756369233,0.015084971335766584,0.009988167682504665,0.005996491143062851,0.006900518920813909,0.020567877563692327,0.015084971335766573,0.009988167682504665,0.0059964911430628745,0.006900518920813925
6.91,0.020566714239151532,0.015075138757406951,0.009977844455142812,0.005998489815862358,0.006901914897232226,0.02056671423915153,0.015075138757406941,0.009977844455142812,0.00599848981586238,0.006901914897232242
6.92,0.020565549088930775,0.015065313008629611,0.009967542727755517,0.006000487807698811,0.006903306095711412,0.02056554908893077,0.0150653130086296,0.009967542727755517,0.006000487807698833,0.006903306095711428
6.93,0.020564382115496938,0.015055494098872284,0.009957262461229759,0.006002485093429089,0.006904692533591067,0.020564382115496934,0.015055494098872274,0.009957262461229759,0.006002485093429111,0.006904692533591082
6.94,0.02056321332131423,0.015045682037483918,0.00994700361648459,0.0060044816481841495,0.006906074228147101,0.020563213321314226,0.015045682037483908,0.00994700361648459,0.006004481648184172,0.006906074228147117
6.95,0.020562042708844205,0.01503587683372515,0.009936766154471538,0.006006477447366625,0.006907451196591888,0.0205620427088442,0.01503587683372514,0.009936766154471538,0.006006477447366647,0.006907451196591904
6.96,0.020560870280545762,0.015026078496768803,0.009926550036174944,0.0060084724666484455,0.006908823456074398,0.02056087028054576,0.015026078496768793,0.009926550036174944,0.006008472466648467,0.006908823456074414
6.97,0.02055969603887513,0.015016287035700359,0.009916355222612366,0.006010466681968477,0.006910191023680354,0.020559696038875128,0.015016287035700349,0.009916355222612366,0.006010466681968498,0.00691019102368037
6.98,0.020558519986285908,0.01500650245951843,0.009906181674834924,0.006012460069530184,0.00691155391643237,0.020558519986285904,0.01500650245951842,0.009906181674834924,0.006012460069530205,0.0069115539164323865
6.99,0.02055734212522903,0.014996724777135225,0.009896029353927662,0.00601445260579931,0.0069129121512901195,0.020557342125229028,0.014996724777135215,0.009896029353927662,0.00601445260579933,0.006912912151290136
7.0,0.020556162458152793,0.014986953997377036,0.009885898221009907,0.006016444267501576,0.0069142657451504675,0.02055616245815279,0.014986953997377025,0.009885898221009907,0.006016444267501596,0.006914265745150483
7.01,0.020554980987502827,0.014977190128984685,0.009875788237235604,0.006018435031620395,0.00691561471484764,0.020554980987502823,0.014977190128984675,0.009875788237235604,0.006018435031620415,0.0069156147148476555
7.0200000000000005,0.020553797715722136,0.014967433180614007,0.009865699363793683,0.0060204248753946135,0.006916959077153372,0.020553797715722133,0.014967433180613996,0.009865699363793683,0.006020424875394634,0.006916959077153387
7.03,0.020552612645251093,0.0149576831608363,0.009855631561908393,0.0060224137763162655,0.006918298848777073,0.02055261264525109,0.01495768316083629,0.009855631561908393,0.006022413776316287,0.006918298848777088
7.04,0.020551425778527428,0.01494794007813879,0.00984558479283962,0.006024401712128345,0.006919634046365975,0.020551425778527425,0.01494794007813878,0.00984558479283962,0.006024401712128367,0.00691963404636599
7.05,0.020550237117986227,0.014938203940925087,0.009835559017883246,0.006026388660822602,0.006920964686505301,0.020550237117986224,0.014938203940925076,0.009835559017883246,0.006026388660822624,0.006920964686505316
7.0600000000000005,0.020549046666059955,0.014928474757515643,0.009825554198371462,0.006028374600637353,0.006922290785718425,0.02054904666605995,0.014928474757515632,0.009825554198371462,0.0060283746006373744,0.006922290785718441
7.07,0.020547854425178452,0.014918752536148208,0.009815570295673095,0.006030359510055307,0.00692361236046704,0.02054785442517845,0.014918752536148196,0.009815570295673095,0.0060303595100553295,0.0069236123604670555
7.08,0.020546660397768927,0.014909037284978267,0.00980560727119393,0.006032343367801415,0.00692492942715131,0.020546660397768923,0.014909037284978255,0.00980560727119393,0.006032343367801437,0.006924929427151326
7.09,0.020545464586255967,0.014899329012079498,0.00979566508637702,0.0060343261528407405,0.006926242002110053,0.020545464586255963,0.014899329012079486,0.00979566508637702,0.006034326152840763,0.00692624200211007
7.1000000000000005,0.02054426699306153,0.014889627725444225,0.009785743702702996,0.006036307844376333,0.006927550101620899,0.020544266993061527,0.014889627725444212,0.009785743702702996,0.006036307844376356,0.006927550101620918
7.11,0.02054306762060499,0.014879933432983845,0.009775843081690386,0.0060382884218471355,0.006928853741900458,0.020543067620604986,0.014879933432983833,0.009775843081690386,0.006038288421847158,0.006928853741900477
7.12,0.020541866471303075,0.014870246142529278,0.009765963184895907,0.0060402678649259,0.006930152939104494,0.020541866471303072,0.014870246142529266,0.009765963184895907,0.006040267864925924,0.006930152939104513
7.13,0.02054066354756992,0.01486056586183142,0.009756103973914765,0.006042246153517125,0.006931447709328091,0.020540663547569917,0.014860565861831408,0.009756103973914765,0.006042246153517149,0.00693144770932811
7.140000000000001,0.020539458851817037,0.014850892598561547,0.009746265410380952,0.006044223267755003,0.006932738068605833,0.020539458851817034,0.014850892598561535,0.009746265410380952,0.006044223267755028,0.00693273806860585
7.15,0.020538252386453335,0.014841226360311783,0.009736447455967537,0.006046199188001394,0.0069340240329119705,0.02053825238645333,0.01484122636031177,0.009736447455967537,0.006046199188001419,0.006934024032911988
7.16,0.020537044153885135,0.014831567154595512,0.00972665007238695,0.006048173894843811,0.006935305618160597,0.02053704415388513,0.0148315671545955,0.00972665007238695,0.006048173894843835,0.006935305618160614
7.17,0.020535834156516136,0.014821914988847811,0.009716873221391269,0.006050147369093422,0.006936582840205826,0.020535834156516133,0.014821914988847799,0.009716873221391269,0.0060501473690934456,0.006936582840205843
7.18,0.02053462239674746,0.014812269870425892,0.009707116864772505,0.006052119591783074,0.006937855714841966,0.020534622396747457,0.01481226987042588,0.009707116864772505,0.006052119591783097,0.006937855714841982
7.19,0.02053340887697761,0.014802631806609507,0.009697380964362866,0.006054090544165319,0.006939124257803695,0.020533408876977608,0.014802631806609495,0.009697380964362866,0.006054090544165342,0.00693912425780371
7.2,0.02053219359960252,0.014793000804601384,0.009687665482035028,0.00605606020771048,0.00694038848476624,0.020532193599602518,0.014793000804601372,0.009687665482035028,0.006056060207710503,0.0069403884847662545
7.21,0.02053097656701553,0.014783376871527648,0.009677970379702416,0.006058028564104707,0.006941648411345562,0.020530976567015528,0.014783376871527636,0.009677970379702416,0.006058028564104729,0.0069416484113455764
7.22,0.020529757781607386,0.014773760014438236,0.009668295619319459,0.00605999559524807,0.006942904053098525,0.020529757781607382,0.014773760014438224,0.009668295619319459,0.006059995595248091,0.006942904053098541
7.23,0.020528537245766258,0.01476415024030731,0.009658641162881855,0.006061961283252654,0.006944155425523092,0.020528537245766254,0.014764150240307299,0.009658641162881855,0.006061961283252674,0.006944155425523109
7.24,0.020527314961877725,0.01475454755603369,0.009649006972426826,0.006063925610440682,0.006945402544058483,0.02052731496187772,0.014754547556033677,0.009649006972426826,0.006063925610440702,0.006945402544058501
7.25,0.020526090932324794,0.014744951968441247,0.009639393010033368,0.006065888559342639,0.006946645424085383,0.02052609093232479,0.014744951968441234,0.009639393010033368,0.006065888559342659,0.006946645424085402
7.26,0.020524865159487895,0.014735363484279323,0.009629799237822508,0.006067850112695426,0.006947884080926101,0.02052486515948789,0.01473536348427931,0.009629799237822508,0.006067850112695446,0.006947884080926121
7.2700000000000005,0.020523637645744892,0.014725782110223138,0.00962022561795755,0.006069810253440517,0.006949118529844774,0.02052363764574489,0.014725782110223126,0.00962022561795755,0.006069810253440538,0.0069491185298447946
7.28,0.020522408393471067,0.014716207852874197,0.009610672112644306,0.006071768964722143,0.006950348786047534,0.020522408393471064,0.014716207852874185,0.009610672112644306,0.006071768964722167,0.006950348786047555
7.29,0.02052117740503914,0.014706640718760693,0.00960113868413136,0.006073726229885484,0.006951574864682704,0.020521177405039136,0.014706640718760681,0.00960113868413136,0.006073726229885507,0.006951574864682728
7.3,0.020519944682819268,0.014697080714337903,0.009591625294710276,0.006075682032474872,0.0069527967808409785,0.020519944682819265,0.01469708071433789,0.009591625294710276,0.006075682032474895,0.006952796780841003
7.3100000000000005,0.020518710229179053,0.014687527845988603,0.00958213190671585,0.006077636356232018,0.006954014549555606,0.02051871022917905,0.01468752784598859,0.00958213190671585,0.0060776363562320395,0.00695401454955563
7.32,0.020517474046483512,0.014677982120023452,0.009572658482526341,0.006079589185094254,0.006955228185802586,0.02051747404648351,0.01467798212002344,0.009572658482526341,0.006079589185094277,0.0069552281858026085
7.33,0.02051623613709513,0.014668443542681407,0.00956320498456368,0.006081540503192779,0.006956437704500837,0.020516236137095127,0.014668443542681394,0.00956320498456368,0.0060815405031928015,0.00695643770450086
7.34,0.02051499650337384,0.014658912120130086,0.009553771375293703,0.006083490294850929,0.0069576431205124025,0.020514996503373836,0.014658912120130074,0.009553771375293703,0.006083490294850952,0.006957643120512425
7.3500000000000005,0.020513755147676997,0.014649387858466192,0.009544357617226383,0.006085438544582459,0.006958844448642629,0.020513755147676994,0.01464938785846618,0.009544357617226383,0.006085438544582483,0.006958844448642652
7.36,0.02051251207235943,0.014639870763715875,0.00953496367291602,0.006087385237089839,0.006960041703640352,0.020512512072359428,0.014639870763715862,0.00953496367291602,0.006087385237089862,0.006960041703640375
7.37,0.020511267279773426,0.014630360841835147,0.00952558950496148,0.006089330357262558,0.006961234900198093,0.020511267279773423,0.014630360841835135,0.00952558950496148,0.006089330357262581,0.006961234900198117
7.38,0.020510020772268708,0.01462085809871025,0.009516235076006385,0.006091273890175462,0.00696242405295224,0.020510020772268704,0.014620858098710238,0.009516235076006387,0.006091273890175487,0.006962424052952262
7.390000000000001,0.02050877255219247,0.014611362540158046,0.009506900348739338,0.00609321582108708,0.006963609176483236,0.020508772552192467,0.014611362540158034,0.00950690034873934,0.006093215821087104,0.0069636091764832585
7.4,0.02050752262188937,0.014601874171926394,0.009497585285894115,0.006095156135437976,0.006964790285315772,0.020507522621889367,0.014601874171926382,0.009497585285894117,0.006095156135437999,0.0069647902853157955
7.41,0.020506270983701527,0.014592392999694531,0.009488289850249873,0.00609709481884912,0.006965967393918977,0.020506270983701523,0.014592392999694519,0.009488289850249874,0.006097094818849143,0.0069659673939190024
7.42,0.020505017639968533,0.014582919029073467,0.009479014004631336,0.006099031857120269,0.006967140516706607,0.02050501763996853,0.014582919029073455,0.009479014004631338,0.006099031857120291,0.0069671405167066325
7.43,0.020503762593027445,0.014573452265606334,0.009469757711909006,0.006100967236228348,0.006968309668037229,0.02050376259302744,0.014573452265606322,0.009469757711909008,0.00610096723622837,0.006968309668037255
7.44,0.020502505845212782,0.014563992714768777,0.00946052093499935,0.006102900942325872,0.006969474862214418,0.02050250584521278,0.014563992714768765,0.009460520934999352,0.006102900942325894,0.006969474862214445
7.45,0.02050124739885657,0.014554540381969322,0.009451303636864975,0.006104832961739354,0.006970636113486947,0.020501247398856566,0.01455454038196931,0.009451303636864977,0.006104832961739375,0.006970636113486974
7.46,0.020499987256288283,0.014545095272549751,0.009442105780514838,0.006106763280967739,0.0069717934360489725,0.02049998725628828,0.014545095272549739,0.00944210578051484,0.006106763280967759,0.0069717934360489986
7.47,0.02049872541983489,0.01453565739178546,0.009432927329004413,0.006108691886680853,0.006972946844040227,0.020498725419834888,0.014535657391785448,0.009432927329004415,0.006108691886680875,0.006972946844040254
7.48,0.020497461891820837,0.014526226744885838,0.009423768245435869,0.006110618765717861,0.006974096351546216,0.020497461891820834,0.014526226744885826,0.00942376824543587,0.006110618765717881,0.006974096351546242
7.49,0.020496196674568062,0.01451680333699462,0.00941462849295827,0.0061125439050857345,0.006975241972598398,0.02049619667456806,0.014516803336994608,0.009414628492958271,0.006112543905085756,0.006975241972598422
7.5,0.02049492977039598,0.014507387173190256,0.00940550803476772,0.006114467291957745,0.006976383721174381,0.020494929770395978,0.014507387173190243,0.009405508034767722,0.006114467291957765,0.006976383721174404
7.51,0.020493661181621516,0.014497978258486272,0.009396406834107557,0.0061163889136719475,0.006977521611198116,0.020493661181621513,0.01449797825848626,0.009396406834107559,0.006116388913671969,0.006977521611198139
7.5200000000000005,0.020492390910559075,0.014488576597831633,0.00938732485426851,0.0061183087577296996,0.00697865565654008,0.020492390910559072,0.01448857659783162,0.009387324854268513,0.006118308757729722,0.006978655656540104
7.53,0.02049111895952056,0.014479182196111091,0.009378262058588877,0.006120226811794179,0.006979785871017479,0.020491118959520556,0.014479182196111079,0.009378262058588879,0.006120226811794202,0.0069797858710175026
7.54,0.020489845330815378,0.014469795058145546,0.009369218410454674,0.00612214306368892,0.0069809122683944244,0.020489845330815375,0.014469795058145534,0.009369218410454676,0.006122143063688941,0.006980912268394448
7.55,0.02048857002675045,0.014460415188692398,0.009360193873299814,0.006124057501396354,0.006982034862382138,0.020488570026750447,0.014460415188692385,0.009360193873299815,0.006124057501396377,0.006982034862382161
7.5600000000000005,0.020487293049630165,0.014451042592445897,0.009351188410606255,0.0061259701130563825,0.00698315366663913,0.02048729304963016,0.014451042592445885,0.009351188410606257,0.006125970113056406,0.0069831536666391525
7.57,0.020486014401756455,0.014441677274037506,0.009342201985904153,0.00612788088696493,0.006984268694771399,0.02048601440175645,0.014441677274037494,0.009342201985904155,0.006127880886964953,0.006984268694771422
7.58,0.02048473408542875,0.014432319238036225,0.009333234562772026,0.006129789811572537,0.0069853799603326215,0.020484734085428745,0.014432319238036213,0.009333234562772028,0.006129789811572559,0.006985379960332644
7.59,0.02048345210294399,0.014422968488948954,0.009324286104836895,0.006131696875482947,0.00698648747682434,0.020483452102943986,0.014422968488948942,0.009324286104836897,0.006131696875482971,0.006986487476824363
7.6000000000000005,0.020482168456596624,0.01441362503122084,0.00931535657577444,0.006133602067451721,0.006987591257696154,0.02048216845659662,0.014413625031220827,0.009315356575774442,0.006133602067451744,0.006987591257696177
7.61,0.020480883148678634,0.014404288869235608,0.009306445939309144,0.00613550537638485,0.006988691316345912,0.02048088314867863,0.014404288869235596,0.009306445939309146,0.006135505376384874,0.0069886913163459356
7.62,0.020479596181479525,0.014394960007315912,0.009297554159214436,0.006137406791337384,0.006989787666119902,0.02047959618147952,0.0143949600073159,0.009297554159214438,0.006137406791337409,0.006989787666119926
7.63,0.020478307557286298,0.014385638449723667,0.009288681199312827,0.006139306301512077,0.00699088032031304,0.020478307557286295,0.014385638449723655,0.009288681199312828,0.006139306301512103,0.006990880320313064
7.640000000000001,0.020477017278383504,0.014376324200660397,0.009279827023476055,0.006141203896258031,0.006991969292169059,0.0204770172783835,0.014376324200660385,0.009279827023476057,0.006141203896258057,0.006991969292169083
7.65,0.02047572534705321,0.014367017264267553,0.009270991595625225,0.006143099565069367,0.006993054594880706,0.020475725347053206,0.014367017264267541,0.009270991595625227,0.006143099565069393,0.00699305459488073
7.66,0.020474431765575018,0.014357717644626868,0.009262174879730934,0.006144993297583895,0.006994136241589923,0.020474431765575014,0.014357717644626856,0.009262174879730935,0.00614499329758392,0.006994136241589947
7.67,0.020473136536226066,0.014348425345760672,0.009253376839813404,0.006146885083581802,0.006995214245388045,0.020473136536226063,0.01434842534576066,0.009253376839813405,0.006146885083581827,0.006995214245388069
7.68,0.020471839661281025,0.014339140371632229,0.00924459743994261,0.006148774912984347,0.00699628861931598,0.02047183966128102,0.014339140371632217,0.009244597439942612,0.006148774912984372,0.006996288619316003
7.69,0.02047054114301211,0.014329862726146074,0.009235836644238425,0.006150662775852568,0.006997359376364405,0.020470541143012107,0.014329862726146062,0.009235836644238427,0.006150662775852593,0.006997359376364428
7.7,0.020469240983689074,0.014320592413148332,0.009227094416870717,0.0061525486623860036,0.006998426529473953,0.02046924098368907,0.01432059241314832,0.009227094416870718,0.00615254866238603,0.006998426529473976
7.71,0.02046793918557921,0.014311329436427036,0.009218370722059485,0.0061544325629214166,0.006999490091535405,0.020467939185579206,0.014311329436427024,0.009218370722059487,0.006154432562921443,0.006999490091535428
7.72,0.02046663575094736,0.014302073799712465,0.009209665524074984,0.006156314467931538,0.007000550075389874,0.020466635750947357,0.014302073799712453,0.009209665524074985,0.006156314467931563,0.007000550075389897
7.73,0.0204653306820559,0.014292825506677468,0.009200978787237834,0.006158194368023816,0.007001606493828993,0.020465330682055898,0.014292825506677456,0.009200978787237836,0.006158194368023843,0.0070016064938290155
7.74,0.020464023981164793,0.014283584560937763,0.009192310475919138,0.006160072253939177,0.007002659359595103,0.02046402398116479,0.014283584560937751,0.00919231047591914,0.006160072253939204,0.007002659359595127
7.75,0.02046271565053153,0.014274350966052283,0.009183660554540595,0.006161948116550794,0.0070037086853814495,0.020462715650531527,0.014274350966052271,0.009183660554540597,0.0061619481165508215,0.007003708685381472
7.76,0.020461405692411165,0.014265124725523472,0.009175028987574621,0.006163821946862873,0.007004754483832355,0.02046140569241116,0.01426512472552346,0.009175028987574623,0.0061638219468629,0.007004754483832378
7.7700000000000005,0.020460094109056307,0.014255905842797614,0.009166415739544442,0.006165693736009436,0.007005796767543419,0.020460094109056304,0.014255905842797602,0.009166415739544444,0.0061656937360094624,0.007005796767543443
7.78,0.020458780902717133,0.014246694321265138,0.009157820775024212,0.006167563475253136,0.007006835549061698,0.02045878090271713,0.014246694321265126,0.009157820775024214,0.0061675634752531615,0.007006835549061722
7.79,0.020457466075641383,0.014237490164260944,0.009149244058639117,0.006169431155984056,0.007007870840885894,0.02045746607564138,0.014237490164260931,0.009149244058639119,0.006169431155984081,0.0070078708408859176
7.8,0.020456149630074364,0.014228293375064689,0.009140685555065472,0.006171296769718537,0.007008902655466538,0.02045614963007436,0.014228293375064677,0.009140685555065474,0.006171296769718561,0.007008902655466562
7.8100000000000005,0.020454831568258943,0.014219103956901126,0.009132145229030835,0.0061731603080980085,0.007009931005206184,0.02045483156825894,0.014219103956901114,0.009132145229030837,0.006173160308098032,0.0070099310052062075
7.82,0.020453511892435574,0.014209921912940394,0.00912362304531409,0.006175021762887828,0.00701095590245958,0.02045351189243557,0.014209921912940382,0.009123623045314092,0.006175021762887851,0.007010955902459603
7.83,0.020452190604842282,0.01420074724629832,0.009115118968745553,0.006176881125976136,0.0070119773595338705,0.02045219060484228,0.014200747246298308,0.009115118968745554,0.00617688112597616,0.007011977359533892
7.84,0.020450867707714673,0.014191579960036742,0.009106632964207067,0.006178738389372717,0.007012995388688765,0.02045086770771467,0.01419157996003673,0.009106632964207068,0.00617873838937274,0.007012995388688786
7.8500000000000005,0.020449543203285913,0.014182420057163794,0.009098164996632088,0.006180593545207864,0.007014010002136736,0.02044954320328591,0.014182420057163782,0.00909816499663209,0.0061805935452078865,0.007014010002136757
7.86,0.02044821709378677,0.014173267540634213,0.009089715031005793,0.006182446585731263,0.0070150212120431935,0.020448217093786768,0.0141732675406342,0.009089715031005795,0.006182446585731285,0.007015021212043214
7.87,0.020446889381445593,0.014164122413349642,0.009081283032365144,0.006184297503310881,0.007016029030526669,0.02044688938144559,0.01416412241334963,0.009081283032365146,0.0061842975033109026,0.0070160290305266906
7.88,0.020445560068488314,0.014154984678158932,0.009072868965798998,0.006186146290431869,0.007017033469659008,0.02044556006848831,0.01415498467815892,0.009072868965799,0.0061861462904318895,0.007017033469659029
7.890000000000001,0.020444229157138463,0.014145854337858425,0.009064472796448179,0.006187992939695458,0.007018034541465543,0.02044422915713846,0.014145854337858412,0.00906447279644818,0.00618799293969548,0.0070180345414655645
7.9,0.020442896649617147,0.014136731395192259,0.009056094489505565,0.006189837443817893,0.007019032257925277,0.020442896649617143,0.014136731395192247,0.009056094489505567,0.006189837443817914,0.007019032257925301
7.91,0.020441562548143086,0.014127615852852665,0.009047734010216179,0.006191679795629345,0.007020026630971071,0.020441562548143083,0.014127615852852653,0.00904773401021618,0.006191679795629365,0.007020026630971095
7.92,0.02044022685493259,0.014118507713480244,0.009039391323877245,0.006193519988072848,0.0070210176724898226,0.020440226854932585,0.014118507713480232,0.009039391323877247,0.006193519988072869,0.007021017672489847
7.930000000000001,0.020438889572199564,0.014109406979664283,0.009031066395838292,0.0061953580142032555,0.0070220053943226435,0.02043888957219956,0.014109406979664271,0.009031066395838293,0.006195358014203277,0.007022005394322668
7.94,0.020437550702155523,0.014100313653943018,0.009022759191501218,0.006197193867186179,0.007022989808265047,0.02043755070215552,0.014100313653943005,0.00902275919150122,0.006197193867186201,0.0070229898082650715
7.95,0.020436210247009593,0.014091227738803933,0.009014469676320365,0.006199027540296956,0.0070239709260671215,0.02043621024700959,0.01409122773880392,0.009014469676320367,0.0061990275402969775,0.007023970926067147
7.96,0.02043486820896849,0.014082149236684053,0.009006197815802587,0.006200859026919624,0.007024948759433716,0.020434868208968487,0.01408214923668404,0.00900619781580259,0.006200859026919646,0.007024948759433742
7.97,0.02043352459023655,0.014073078149970211,0.00899794357550734,0.006202688320545894,0.007025923320024615,0.020433524590236545,0.014073078149970199,0.008997943575507341,0.006202688320545915,0.007025923320024641
7.98,0.02043217939301572,0.014064014480999355,0.008989706921046722,0.006204515414774138,0.00702689461945472,0.020432179393015715,0.014064014480999344,0.008989706921046723,0.0062045154147741585,0.007026894619454746
7.99,0.020430832619505575,0.014054958232058809,0.008981487818085563,0.006206340303308392,0.007027862669294229,0.02043083261950557,0.014054958232058799,0.008981487818085564,0.0062063403033084125,0.007027862669294255
8.0,0.020429484271903286,0.014045909405386563,0.008973286232341483,0.006208162979957356,0.007028827481068807,0.020429484271903282,0.014045909405386553,0.008973286232341487,0.006208162979957377,0.007028827481068834
8.01,0.020428134352403662,0.014036868003171547,0.008965102129584962,0.006209983438633411,0.007029789066259776,0.02042813435240366,0.014036868003171537,0.008965102129584965,0.006209983438633431,0.007029789066259802
8.02,0.02042678286319913,0.01402783402755392,0.008956935475639386,0.006211801673351633,0.007030747436304283,0.020426782863199128,0.01402783402755391,0.00895693547563939,0.006211801673351653,0.007030747436304309
8.03,0.02042542980647974,0.01401880748062533,0.008948786236381139,0.006213617678228833,0.007031702602595474,0.020425429806479736,0.01401880748062532,0.008948786236381142,0.006213617678228853,0.0070317026025954995
8.040000000000001,0.020424075184433163,0.014009788364429199,0.008940654377739618,0.0062154314474825905,0.0070326545764826795,0.02042407518443316,0.014009788364429189,0.008940654377739622,0.006215431447482611,0.0070326545764827055
8.05,0.020422718999244714,0.014000776680960997,0.008932539865697335,0.0062172429754303,0.007033603369271585,0.02042271899924471,0.014000776680960988,0.008932539865697338,0.00621724297543032,0.007033603369271611
8.06,0.02042136125309734,0.013991772432168512,0.008924442666289946,0.0062190522564882205,0.007034548992224403,0.020421361253097337,0.013991772432168504,0.00892444266628995,0.006219052256488241,0.007034548992224429
8.07,0.020420001948171604,0.013982775619952113,0.008916362745606312,0.006220859285170549,0.007035491456560052,0.0204200019481716,0.013982775619952105,0.008916362745606315,0.006220859285170569,0.00703549145656008
8.08,0.02041864108664573,0.013973786246165026,0.008908300069788553,0.006222664056088479,0.0070364307734543325,0.020418641086645727,0.013973786246165017,0.008908300069788556,0.006222664056088499,0.0070364307734543585
8.09,0.02041727867069557,0.013964804312613611,0.008900254605032108,0.006224466563949288,0.007037366954040092,0.020417278670695566,0.013964804312613602,0.008900254605032111,0.006224466563949308,0.007037366954040118
8.1,0.020415914702494625,0.013955829821057603,0.008892226317585763,0.0062262668035554195,0.007038300009407404,0.020415914702494622,0.013955829821057595,0.008892226317585766,0.0062262668035554395,0.00703830000940743
8.11,0.020414549184214044,0.013946862773210408,0.008884215173751719,0.006228064769803576,0.007039229950603741,0.02041454918421404,0.0139468627732104,0.008884215173751722,0.006228064769803597,0.007039229950603767
8.120000000000001,0.02041318211802261,0.01393790317073934,0.008876221139885634,0.006229860457683823,0.007040156788634146,0.020413182118022608,0.013937903170739332,0.008876221139885638,0.006229860457683844,0.0070401567886341715
8.13,0.020411813506086774,0.0139289510152659,0.008868244182396668,0.006231653862278695,0.0070410805344614,0.02041181350608677,0.013928951015265891,0.008868244182396672,0.006231653862278715,0.0070410805344614255
8.14,0.020410443350570615,0.013920006308366026,0.008860284267747522,0.00623344497876231,0.007042001199006199,0.02041044335057061,0.013920006308366017,0.008860284267747525,0.00623344497876233,0.007042001199006223
8.15,0.020409071653635886,0.013911069051570362,0.008852341362454481,0.006235233802399503,0.007042918793147318,0.020409071653635882,0.013911069051570354,0.008852341362454485,0.006235233802399523,0.007042918793147342
8.16,0.020407698417442,0.013902139246364513,0.00884441543308747,0.006237020328544952,0.007043833327721786,0.020407698417441996,0.013902139246364506,0.008844415433087473,0.006237020328544972,0.007043833327721809
8.17,0.020406323644146032,0.013893216894189295,0.008836506446270072,0.006238804552642309,0.0070447448135250515,0.02040632364414603,0.013893216894189288,0.008836506446270076,0.006238804552642329,0.007044744813525075
8.18,0.020404947335902698,0.013884301996441008,0.008828614368679585,0.0062405864702233605,0.007045653261311153,0.020404947335902694,0.013884301996441,0.008828614368679589,0.006240586470223382,0.0070456532613111765
8.19,0.020403569494864396,0.013875394554471667,0.008820739167047044,0.006242366076907173,0.007046558681792889,0.020403569494864392,0.01387539455447166,0.008820739167047047,0.006242366076907194,0.007046558681792913
8.2,0.0204021901231812,0.01386649456958927,0.008812880808157262,0.006244143368399256,0.0070474610856419845,0.020402190123181195,0.013866494569589263,0.008812880808157265,0.006244143368399277,0.00704746108564201
8.21,0.02040080922300083,0.013857602043058049,0.008805039258848865,0.006245918340490726,0.007048360483489257,0.020400809223000825,0.013857602043058042,0.008805039258848868,0.006245918340490749,0.007048360483489283
8.22,0.020399426796468702,0.013848716976098716,0.00879721448601433,0.0062476909890574845,0.007049256885924781,0.0203994267964687,0.01384871697609871,0.008797214486014334,0.006247690989057507,0.007049256885924806
8.23,0.02039804284572788,0.013839839369888713,0.008789406456600011,0.0062494613100594005,0.007050150303498057,0.020398042845727878,0.013839839369888706,0.008789406456600014,0.006249461310059423,0.007050150303498083
8.24,0.02039665737291914,0.013830969225562467,0.008781615137606166,0.006251229299539498,0.007051040746718181,0.020396657372919135,0.013830969225562458,0.008781615137606169,0.00625122929953952,0.007051040746718208
8.25,0.020395270380180918,0.013822106544211621,0.008773840496086987,0.006252994953623153,0.007051928226053999,0.020395270380180915,0.013822106544211612,0.00877384049608699,0.006252994953623176,0.007051928226054026
8.26,0.020393881869649327,0.013813251326885293,0.008766082499150637,0.006254758268517294,0.00705281275193428,0.020393881869649324,0.013813251326885285,0.00876608249915064,0.006254758268517317,0.007052812751934306
8.27,0.02039249184345817,0.013804403574590318,0.008758341113959267,0.0062565192405096125,0.007053694334747875,0.020392491843458167,0.01380440357459031,0.00875834111395927,0.006256519240509636,0.007053694334747902
8.28,0.020391100303738943,0.013795563288291483,0.008750616307729038,0.0062582778659677814,0.007054572984843888,0.02039110030373894,0.013795563288291474,0.008750616307729041,0.006258277865967806,0.007054572984843914
8.290000000000001,0.020389707252620824,0.013786730468911785,0.008742908047730154,0.006260034141338674,0.007055448712531825,0.02038970725262082,0.013786730468911776,0.008742908047730157,0.006260034141338699,0.007055448712531851
8.3,0.020388312692230688,0.013777905117332645,0.008735216301286881,0.006261788063147597,0.007056321528081768,0.020388312692230685,0.013777905117332637,0.008735216301286885,0.0062617880631476225,0.007056321528081794
8.31,0.0203869166246931,0.013769087234394172,0.00872754103577757,0.006263539627997524,0.0070571914417245345,0.020386916624693097,0.013769087234394163,0.008727541035777574,0.006263539627997549,0.0070571914417245606
8.32,0.020385519052130336,0.01376027682089539,0.008719882218634668,0.006265288832568338,0.007058058463651832,0.020385519052130333,0.013760276820895381,0.008719882218634673,0.006265288832568363,0.00705805846365186
8.33,0.020384119976662358,0.013751473877594471,0.00871223981734475,0.00626703567361608,0.007058922604016429,0.020384119976662354,0.013751473877594463,0.008712239817344754,0.006267035673616105,0.007058922604016456
8.34,0.02038271940040682,0.013742678405208982,0.00870461379944853,0.00626878014797221,0.007059783872932302,0.020382719400406816,0.013742678405208974,0.008704613799448535,0.006268780147972235,0.007059783872932328
8.35,0.0203813173254791,0.013733890404416105,0.008697004132540872,0.006270522252542861,0.007060642280474806,0.020381317325479098,0.013733890404416096,0.008697004132540877,0.006270522252542887,0.0070606422804748315
8.36,0.020379913753992278,0.013725109875852884,0.008689410784270822,0.006272261984308114,0.007061497836680824,0.020379913753992274,0.013725109875852876,0.008689410784270827,0.00627226198430814,0.00706149783668085
8.370000000000001,0.02037850868805713,0.013716336820116444,0.008681833722341603,0.006273999340321266,0.007062350551548934,0.020378508688057125,0.013716336820116436,0.008681833722341608,0.006273999340321291,0.007062350551548961
8.38,0.020377102129782165,0.013707571237764234,0.008674272914510641,0.006275734317708116,0.007063200435039562,0.020377102129782162,0.013707571237764225,0.008674272914510646,0.006275734317708141,0.007063200435039588
8.39,0.020375694081273592,0.013698813129314247,0.00866672832858957,0.006277466913666249,0.0070640474970751375,0.02037569408127359,0.013698813129314239,0.008666728328589576,0.006277466913666274,0.0070640474970751635
8.4,0.020374284544635326,0.013690062495245245,0.008659199932444246,0.0062791971254643275,0.007064891747540252,0.020374284544635322,0.013690062495245237,0.008659199932444251,0.006279197125464354,0.007064891747540277
8.41,0.02037287352196903,0.013681319335997005,0.008651687693994761,0.006280924950441395,0.007065733196281815,0.020372873521969027,0.013681319335996997,0.008651687693994766,0.006280924950441421,0.00706573319628184
8.42,0.020371461015374067,0.013672583651970525,0.008644191581215441,0.006282650386006177,0.007066571853109206,0.020371461015374064,0.013672583651970516,0.008644191581215446,0.006282650386006204,0.007066571853109232
8.43,0.020370047026947526,0.013663855443528251,0.008636711562134866,0.006284373429636398,0.007067407727794436,0.020370047026947523,0.013663855443528243,0.008636711562134872,0.006284373429636424,0.007067407727794462
8.44,0.020368631558784222,0.013655134710994318,0.008629247604835867,0.006286094078878086,0.007068240830072297,0.02036863155878422,0.01365513471099431,0.008629247604835872,0.006286094078878111,0.0070682408300723224
8.45,0.020367214612976695,0.01364642145465475,0.008621799677455534,0.006287812331344907,0.007069071169640512,0.020367214612976692,0.013646421454654742,0.008621799677455539,0.006287812331344932,0.007069071169640538
8.46,0.02036579619161523,0.01363771567475769,0.008614367748185218,0.006289528184717487,0.0070698987561598975,0.020365796191615226,0.013637715674757682,0.008614367748185223,0.006289528184717511,0.007069898756159923
8.47,0.02036437629678783,0.013629017371513633,0.008606951785270538,0.0062912416367427535,0.007070723599254504,0.020364376296787827,0.013629017371513624,0.008606951785270543,0.006291241636742778,0.007070723599254528
8.48,0.02036295493058025,0.013620326545095623,0.008599551757011391,0.006292952685233265,0.007071545708511778,0.020362954930580247,0.013620326545095615,0.008599551757011397,0.006292952685233289,0.007071545708511801
8.49,0.02036153209507596,0.013611643195639489,0.008592167631761941,0.006294661328066564,0.007072365093482705,0.020361532095075956,0.01361164319563948,0.008592167631761946,0.006294661328066589,0.007072365093482727
8.5,0.020360107792356186,0.013602967323244047,0.008584799377930616,0.006296367563184529,0.007073181763681971,0.020360107792356183,0.013602967323244038,0.008584799377930621,0.0062963675631845534,0.007073181763681995
8.51,0.020358682024499895,0.013594298927971326,0.008577446963980124,0.006298071388592727,0.007073995728588102,0.02035868202449989,0.013594298927971317,0.008577446963980127,0.006298071388592751,0.007073995728588125
8.52,0.02035725479358379,0.013585638009846782,0.008570110358427441,0.006299772802359778,0.007074806997643615,0.020357254793583787,0.013585638009846773,0.008570110358427445,0.006299772802359802,0.007074806997643638
8.53,0.020355826101682337,0.0135769845688595,0.008562789529843809,0.006301471802616722,0.007075615580255174,0.020355826101682333,0.013576984568859491,0.008562789529843812,0.006301471802616746,0.0070756155802551976
8.540000000000001,0.02035439595086774,0.013568338604962425,0.008555484446854727,0.006303168387556395,0.0070764214857937284,0.020354395950867736,0.013568338604962416,0.00855548444685473,0.006303168387556419,0.007076421485793752
8.55,0.02035296434320996,0.013559700118072563,0.008548195078139961,0.0063048625554328035,0.007077224723594669,0.020352964343209958,0.013559700118072554,0.008548195078139965,0.006304862555432828,0.007077224723594693
8.56,0.020351531280776707,0.013551069108071186,0.008540921392433527,0.006306554304560514,0.00707802530295797,0.020351531280776703,0.013551069108071178,0.00854092139243353,0.006306554304560537,0.007078025302957995
8.57,0.020350096765633457,0.013542445574804055,0.008533663358523682,0.006308243633314036,0.0070788232331483415,0.020350096765633454,0.013542445574804047,0.008533663358523685,0.006308243633314058,0.007078823233148366
8.58,0.020348660799843436,0.013533829518081611,0.008526420945252933,0.006309930540127223,0.007079618523395365,0.020348660799843432,0.013533829518081603,0.008526420945252937,0.006309930540127246,0.007079618523395389
8.59,0.020347223385467638,0.013525220937679196,0.008519194121518013,0.0063116150234926735,0.007080411182893651,0.020347223385467635,0.013525220937679187,0.008519194121518017,0.006311615023492698,0.007080411182893674
8.6,0.020345784524564817,0.013516619833337252,0.008511982856269876,0.006313297081961124,0.007081201220802973,0.020345784524564814,0.013516619833337244,0.00851198285626988,0.0063132970819611495,0.007081201220802997
8.61,0.020344344219191488,0.01350802620476153,0.008504787118513692,0.006314976714140872,0.007081988646248421,0.020344344219191485,0.013508026204761521,0.008504787118513695,0.006314976714140897,0.007081988646248446
8.620000000000001,0.020342902471401948,0.013499440051623289,0.008497606877308824,0.006316653918697188,0.00708277346832054,0.020342902471401945,0.01349944005162328,0.008497606877308828,0.006316653918697213,0.007082773468320565
8.63,0.020341459283248257,0.0134908613735595,0.00849044210176883,0.006318328694351732,0.007083555696075474,0.020341459283248254,0.013490861373559492,0.008490442101768834,0.006318328694351757,0.007083555696075499
8.64,0.020340014656780255,0.01348229017017306,0.008483292761061453,0.006320001039881984,0.0070843353385351086,0.02034001465678025,0.013482290170173052,0.008483292761061457,0.00632000103988201,0.007084335338535134
8.65,0.020338568594045543,0.013473726441032969,0.008476158824408584,0.006321670954120672,0.007085112404687209,0.02033856859404554,0.01347372644103296,0.008476158824408588,0.006321670954120697,0.007085112404687234
8.66,0.020337121097089517,0.013465170185674547,0.008469040261086273,0.006323338435955206,0.007085886903485573,0.020337121097089513,0.013465170185674539,0.008469040261086276,0.0063233384359552315,0.007085886903485598
8.67,0.020335672167955343,0.013456621403599623,0.008461937040424701,0.006325003484327123,0.00708665884385016,0.02033567216795534,0.013456621403599614,0.008461937040424704,0.006325003484327148,0.007086658843850185
8.68,0.020334221808683973,0.013448080094276747,0.00845484913180817,0.006326666098231525,0.007087428234667236,0.02033422180868397,0.013448080094276739,0.008454849131808174,0.006326666098231551,0.00708742823466726
8.69,0.020332770021314145,0.013439546257141373,0.008447776504675084,0.006328326276716538,0.0070881950847895125,0.02033277002131414,0.013439546257141364,0.008447776504675087,0.006328326276716563,0.007088195084789537
8.700000000000001,0.020331316807882385,0.013431019891596055,0.008440719128517918,0.006329984018882758,0.007088959403036285,0.02033131680788238,0.013431019891596046,0.008440719128517921,0.006329984018882783,0.007088959403036309
8.71,0.020329862170422996,0.013422500997010653,0.00843367697288323,0.0063316393238827115,0.007089721198193573,0.020329862170422992,0.013422500997010645,0.008433676972883233,0.006331639323882736,0.007089721198193599
8.72,0.020328406110968096,0.013413989572722513,0.008426650007371615,0.006333292190920331,0.007090480479014261,0.020328406110968093,0.013413989572722504,0.008426650007371618,0.006333292190920356,0.007090480479014286
8.73,0.020326948631547586,0.013405485618036669,0.008419638201637695,0.006334942619250407,0.0070912372542182266,0.020326948631547583,0.01340548561803666,0.008419638201637698,0.006334942619250433,0.007091237254218253
8.74,0.020325489734189156,0.013396989132226029,0.008412641525390096,0.006336590608178071,0.007091991532492487,0.020325489734189153,0.01339698913222602,0.0084126415253901,0.006336590608178097,0.007091991532492514
8.75,0.020324029420918304,0.013388500114531568,0.008405659948391436,0.006338236157058276,0.00709274332249133,0.0203240294209183,0.013388500114531559,0.00840565994839144,0.006338236157058303,0.007092743322491358
8.76,0.020322567693758332,0.01338001856416252,0.008398693440458285,0.0063398792652952715,0.0070934926328364515,0.02032256769375833,0.01338001856416251,0.008398693440458288,0.006339879265295298,0.007093492632836479
8.77,0.02032110455473034,0.013371544480296566,0.008391741971461156,0.006341519932342095,0.007094239472117089,0.020321104554730338,0.013371544480296557,0.00839174197146116,0.006341519932342122,0.007094239472117117
8.78,0.02031964000585323,0.013363077862080013,0.008384805511324476,0.006343158157700064,0.007094983848890159,0.020319640005853228,0.013363077862080004,0.00838480551132448,0.0063431581577000915,0.0070949838488901865
8.790000000000001,0.02031817404914373,0.013354618708627992,0.008377884030026567,0.006344793940918266,0.007095725771680386,0.020318174049143725,0.013354618708627983,0.00837788403002657,0.006344793940918293,0.007095725771680414
8.8,0.020316706686616347,0.013346167019024637,0.008370977497599607,0.006346427281593068,0.007096465248980445,0.020316706686616344,0.013346167019024628,0.00837097749759961,0.006346427281593097,0.007096465248980472
8.81,0.020315237920283436,0.013337722792323276,0.008364085884129627,0.006348058179367618,0.007097202289251084,0.020315237920283433,0.013337722792323268,0.008364085884129631,0.006348058179367646,0.007097202289251112
8.82,0.020313767752155144,0.01332928602754661,0.00835720915975646,0.006349686633931346,0.0070979369009212655,0.02031376775215514,0.013329286027546601,0.008357209159756464,0.006349686633931375,0.007097936900921292
8.83,0.02031229618423945,0.013320856723686896,0.008350347294673731,0.006351312645019491,0.00709866909238829,0.020312296184239447,0.013320856723686887,0.008350347294673734,0.006351312645019521,0.007098669092388316
8.84,0.020310823218542145,0.013312434879706129,0.008343500259128821,0.006352936212412609,0.007099398872017932,0.02031082321854214,0.013312434879706122,0.008343500259128823,0.006352936212412638,0.007099398872017957
8.85,0.020309348857066836,0.013304020494536226,0.008336668023422839,0.006354557335936097,0.007100126248144567,0.020309348857066832,0.013304020494536219,0.008336668023422839,0.0063545573359361255,0.007100126248144593
8.86,0.020307873101814963,0.013295613567079208,0.008329850557910589,0.006356176015459719,0.007100851229071313,0.02030787310181496,0.0132956135670792,0.008329850557910589,0.006356176015459747,0.007100851229071338
8.870000000000001,0.020306395954785793,0.013287214096207369,0.008323047833000556,0.006357792250897137,0.007101573823070144,0.02030639595478579,0.013287214096207362,0.008323047833000556,0.006357792250897165,0.007101573823070169
8.88,0.02030491741797642,0.013278822080763461,0.008316259819154856,0.006359406042205449,0.007102294038382029,0.020304917417976416,0.013278822080763454,0.008316259819154856,0.006359406042205478,0.007102294038382054
8.89,0.02030343749338177,0.01327043751956088,0.008309486486889216,0.006361017389384717,0.007103011883217059,0.020303437493381767,0.013270437519560873,0.008309486486889216,0.006361017389384746,0.007103011883217084
8.9,0.020301956182994605,0.01326206041138382,0.008302727806772938,0.00636262629247752,0.007103727365754573,0.0203019561829946,0.013262060411383813,0.008302727806772938,0.00636262629247755,0.007103727365754599
8.91,0.020300473488805516,0.013253690754987477,0.008295983749428868,0.006364232751568494,0.007104440494143289,0.020300473488805513,0.01325369075498747,0.008295983749428868,0.006364232751568524,0.007104440494143315
8.92,0.02029898941280294,0.013245328549098196,0.008289254285533357,0.006365836766783886,0.007105151276501425,0.020298989412802938,0.01324532854909819,0.008289254285533357,0.006365836766783915,0.007105151276501451
8.93,0.020297503956973148,0.013236973792413669,0.008282539385816242,0.006367438338291106,0.007105859720916829,0.020297503956973145,0.013236973792413662,0.008282539385816242,0.006367438338291136,0.007105859720916855
8.94,0.02029601712330026,0.013228626483603087,0.008275839021060794,0.006369037466298287,0.007106565835447108,0.020296017123300255,0.01322862648360308,0.008275839021060794,0.006369037466298316,0.007106565835447133
8.950000000000001,0.020294528913766225,0.013220286621307331,0.008269153162103688,0.006370634151053843,0.007107269628119745,0.02029452891376622,0.013220286621307325,0.008269153162103688,0.006370634151053873,0.007107269628119769
8.96,0.02029303933035087,0.013211954204139122,0.008262481779834978,0.0063722283928460445,0.007107971106932229,0.020293039330350867,0.013211954204139115,0.008262481779834978,0.006372228392846077,0.007107971106932253
8.97,0.020291548375031842,0.013203629230683212,0.008255824845198049,0.006373820192002579,0.00710867027985218,0.02029154837503184,0.013203629230683205,0.008255824845198049,0.006373820192002611,0.007108670279852206
8.98,0.020290056049784646,0.013195311699496542,0.008249182329189586,0.006375409548890127,0.007109367154817474,0.020290056049784642,0.013195311699496535,0.008249182329189586,0.006375409548890159,0.007109367154817499
8.99,0.020288562356582652,0.01318700160910841,0.008242554202859532,0.0063769964639139405,0.00711006173973636,0.02028856235658265,0.013187001609108403,0.008242554202859532,0.006376996463913972,0.007110061739736385
9.0,0.020287067297397085,0.013178698958020651,0.008235940437311054,0.006378580937517423,0.007110754042487586,0.02028706729739708,0.013178698958020645,0.008235940437311054,0.006378580937517454,0.00711075404248761
9.01,0.02028557087419702,0.013170403744707782,0.008229341003700501,0.006380162970181717,0.00711144407092052,0.020285570874197016,0.013170403744707775,0.008229341003700501,0.006380162970181748,0.007111444070920545
9.02,0.020284073088949393,0.013162115967617186,0.008222755873237364,0.006381742562425291,0.007112131832855275,0.02028407308894939,0.01316211596761718,0.008222755873237364,0.006381742562425323,0.007112131832855301
9.03,0.020282573943619018,0.01315383562516927,0.008216185017184251,0.006383319714803528,0.007112817336082827,0.020282573943619014,0.013153835625169263,0.008216185017184251,0.006383319714803559,0.007112817336082852
9.040000000000001,0.020281073440168555,0.013145562715757632,0.00820962840685682,0.006384894427908329,0.007113500588365133,0.02028107344016855,0.013145562715757625,0.00820962840685682,0.00638489442790836,0.007113500588365158
9.05,0.02027957158055854,0.01313729723774922,0.008203086013623762,0.0063864667023677,0.007114181597435257,0.020279571580558535,0.013137297237749214,0.008203086013623762,0.006386466702367732,0.0071141815974352825
9.06,0.020278068366747375,0.013129039189484498,0.008196557808906746,0.0063880365388453726,0.007114860370997485,0.020278068366747372,0.013129039189484491,0.008196557808906746,0.006388036538845403,0.00711486037099751
9.07,0.020276563800691344,0.013120788569277609,0.008190043764180385,0.0063896039380403925,0.007115536916727444,0.02027656380069134,0.013120788569277602,0.008190043764180385,0.006389603938040424,0.007115536916727469
9.08,0.0202750578843446,0.013112545375416527,0.008183543850972187,0.00639116890068674,0.007116211242272224,0.020275057884344597,0.01311254537541652,0.008183543850972187,0.00639116890068677,0.007116211242272248
9.09,0.020273550619659172,0.013104309606163236,0.008177058040862521,0.0063927314275529406,0.0071168833552504905,0.02027355061965917,0.013104309606163229,0.008177058040862521,0.006392731427552972,0.007116883355250515
9.1,0.020272042008584963,0.013096081259753865,0.008170586305484562,0.006394291519441681,0.007117553263252606,0.02027204200858496,0.013096081259753858,0.008170586305484562,0.006394291519441712,0.00711755326325263
9.11,0.020270532053069765,0.013087860334398863,0.008164128616524257,0.00639584917718943,0.007118220973840746,0.02027053205306976,0.013087860334398856,0.008164128616524257,0.006395849177189461,0.007118220973840771
9.120000000000001,0.020269020755059253,0.013079646828283158,0.008157684945720277,0.006397404401666062,0.0071188864945490125,0.02026902075505925,0.01307964682828315,0.008157684945720277,0.006397404401666093,0.0071188864945490385
9.13,0.020267508116496972,0.013071440739566294,0.008151255264863969,0.006398957193774483,0.007119549832883556,0.02026750811649697,0.013071440739566287,0.008151255264863969,0.006398957193774514,0.007119549832883583
9.14,0.020265994139324384,0.013063242066382614,0.008144839545799316,0.006400507554450265,0.007120210996322682,0.02026599413932438,0.013063242066382607,0.008144839545799316,0.006400507554450295,0.007120210996322709
9.15,0.02026447882548081,0.0130550508068414,0.00813843776042289,0.006402055484661267,0.00712086999231698,0.020264478825480808,0.013055050806841393,0.00813843776042289,0.006402055484661297,0.007120869992317006
9.16,0.020262962176903487,0.01304686695902702,0.008132049880683797,0.006403600985407289,0.007121526828289416,0.020262962176903484,0.013046866959027013,0.008132049880683797,0.00640360098540732,0.007121526828289441
9.17,0.02026144419552753,0.0130386905209991,0.008125675878583654,0.0064051440577196994,0.007122181511635468,0.020261444195527528,0.013038690520999093,0.008125675878583654,0.006405144057719731,0.007122181511635493
9.18,0.020259924883285964,0.01303052149079266,0.008119315726176506,0.006406684702661085,0.007122834049723227,0.02025992488328596,0.013030521490792653,0.008119315726176506,0.006406684702661116,0.007122834049723252
9.19,0.0202584042421097,0.013022359866418285,0.008112969395568808,0.006408222921324892,0.007123484449893514,0.020258404242109698,0.013022359866418278,0.008112969395568808,0.006408222921324923,0.007123484449893538
9.200000000000001,0.02025688227392756,0.013014205645862255,0.008106636858919367,0.006409758714835081,0.007124132719459986,0.020256882273927558,0.013014205645862248,0.008106636858919367,0.006409758714835111,0.007124132719460009
9.21,0.02025535898066627,0.013006058827086706,0.008100318088439286,0.006411292084345773,0.00712477886570926,0.020255358980666268,0.013006058827086699,0.008100318088439286,0.006411292084345804,0.007124778865709283
9.22,0.020253834364250458,0.012997919408029785,0.008094013056391928,0.006412823031040911,0.007125422895901014,0.020253834364250455,0.012997919408029779,0.008094013056391928,0.006412823031040941,0.007125422895901037
9.23,0.020252308426602646,0.012989787386605788,0.008087721735092857,0.006414351556133918,0.007126064817268103,0.020252308426602642,0.012989787386605781,0.008087721735092857,0.006414351556133948,0.007126064817268125
9.24,0.020250781169643278,0.012981662760705316,0.008081444096909796,0.006415877660867355,0.0071267046370166644,0.020250781169643274,0.01298166276070531,0.008081444096909796,0.0064158776608673855,0.007126704637016687
9.25,0.020249252595290725,0.012973545528195417,0.008075180114262566,0.00641740134651259,0.007127342362326233,0.020249252595290722,0.01297354552819541,0.008075180114262566,0.00641740134651262,0.007127342362326256
9.26,0.020247722705461258,0.012965435686919735,0.008068929759623046,0.0064189226143694655,0.007127978000349848,0.020247722705461255,0.012965435686919729,0.008068929759623046,0.006418922614369495,0.00712797800034987
9.27,0.020246191502069053,0.01295733323469866,0.008062693005515114,0.006420441465765967,0.0071286115582141615,0.02024619150206905,0.012957333234698653,0.008062693005515114,0.006420441465765998,0.007128611558214184
9.28,0.020244658987026223,0.012949238169329462,0.008056469824514594,0.006421957902057898,0.007129243043019547,0.02024465898702622,0.012949238169329455,0.008056469824514594,0.006421957902057927,0.007129243043019568
9.290000000000001,0.02024312516224279,0.012941150488586451,0.008050260189249217,0.006423471924628557,0.007129872461840209,0.020243125162242786,0.012941150488586444,0.008050260189249217,0.0064234719246285855,0.007129872461840232
9.3,0.02024159002962671,0.012933070190221102,0.00804406407239856,0.006424983534888417,0.0071304998217242895,0.020241590029626708,0.012933070190221095,0.00804406407239856,0.006424983534888445,0.007130499821724312
9.31,0.020240053591083856,0.01292499727196222,0.008037881446693988,0.006426492734274806,0.007131125129693972,0.020240053591083853,0.012924997271962214,0.008037881446693988,0.0064264927342748334,0.0071311251296939954
9.32,0.020238515848518036,0.01291693173151606,0.008031712284918606,0.006427999524251599,0.007131748392745592,0.020238515848518032,0.012916931731516054,0.008031712284918606,0.006427999524251626,0.007131748392745617
9.33,0.020236976803830978,0.01290887356656648,0.008025556559907209,0.006429503906308897,0.007132369617849747,0.020236976803830974,0.012908873566566474,0.008025556559907209,0.006429503906308924,0.007132369617849771
9.34,0.020235436458922347,0.012900822774775087,0.008019414244546223,0.006431005881962727,0.007132988811951385,0.020235436458922344,0.01290082277477508,0.008019414244546223,0.006431005881962755,0.00713298881195141
9.35,0.020233894815689744,0.012892779353781364,0.00801328531177365,0.006432505452754729,0.007133605981969931,0.02023389481568974,0.012892779353781357,0.008013285311773652,0.006432505452754757,0.007133605981969955
9.36,0.0202323518760287,0.012884743301202815,0.00800716973457902,0.006434002620251856,0.007134221134799379,0.020232351876028697,0.012884743301202808,0.008007169734579022,0.006434002620251884,0.007134221134799402
9.370000000000001,0.020230807641832695,0.012876714614635113,0.008001067486003334,0.00643549738604607,0.007134834277308398,0.02023080764183269,0.012876714614635106,0.008001067486003335,0.006435497386046097,0.007134834277308421
9.38,0.020229262114993134,0.012868693291652215,0.00799497853913899,0.006436989751754051,0.007135445416340433,0.02022926211499313,0.012868693291652208,0.007994978539138992,0.006436989751754079,0.007135445416340456
9.39,0.02022771529739938,0.012860679329806526,0.007988902867129763,0.0064384797190168925,0.00713605455871382,0.020227715297399376,0.012860679329806519,0.007988902867129765,0.00643847971901692,0.007136054558713842
9.4,0.020226167190938733,0.012852672726629016,0.007982840443170719,0.006439967289499816,0.007136661711221873,0.02022616719093873,0.01285267272662901,0.00798284044317072,0.006439967289499845,0.007136661711221894
9.41,0.020224617797496444,0.01284467347962936,0.007976791240508166,0.006441452464891878,0.007137266880632998,0.02022461779749644,0.012844673479629353,0.00797679124050817,0.0064414524648919065,0.007137266880633018
9.42,0.0202230671189557,0.012836681586296084,0.00797075523243961,0.006442935246905684,0.007137870073690788,0.020223067118955697,0.012836681586296077,0.007970755232439614,0.006442935246905712,0.007137870073690807
9.43,0.020221515157197657,0.012828697044096681,0.007964732392313682,0.006444415637277103,0.007138471297114126,0.020221515157197653,0.012828697044096674,0.007964732392313685,0.0064444156372771315,0.007138471297114146
9.44,0.020219961914101418,0.012820719850477759,0.00795872269353008,0.0064458936377649835,0.00713907055759729,0.020219961914101414,0.012820719850477752,0.007958722693530084,0.006445893637765013,0.007139070557597312
9.450000000000001,0.020218407391544038,0.012812750002865171,0.007952726109539534,0.006447369250150878,0.007139667861810051,0.020218407391544034,0.012812750002865164,0.007952726109539537,0.0064473692501509075,0.007139667861810073
9.46,0.020216851591400534,0.012804787498664138,0.007946742613843715,0.006448842476238761,0.007140263216397767,0.02021685159140053,0.01280478749866413,0.007946742613843719,0.00644884247623879,0.0071402632163977894
9.47,0.020215294515543887,0.012796832335259394,0.007940772179995198,0.006450313317854761,0.007140856627981493,0.020215294515543884,0.012796832335259387,0.007940772179995201,0.00645031331785479,0.007140856627981516
9.48,0.02021373616584503,0.012788884510015313,0.0079348147815974,0.00645178177684688,0.007141448103158071,0.020213736165845028,0.012788884510015306,0.007934814781597403,0.006451781776846911,0.007141448103158094
9.49,0.020212176544172872,0.012780944020276032,0.007928870392304522,0.0064532478550847336,0.007142037648500236,0.02021217654417287,0.012780944020276025,0.007928870392304525,0.006453247855084762,0.007142037648500258
9.5,0.02021061565239428,0.01277301086336559,0.007922938985821484,0.006454711554459275,0.007142625270556705,0.020210615652394275,0.012773010863365582,0.007922938985821488,0.006454711554459303,0.007142625270556727
9.51,0.02020905349237408,0.012765085036588047,0.007917020535903867,0.006456172876882536,0.007143210975852287,0.020209053492374077,0.012765085036588039,0.00791702053590387,0.0064561728768825636,0.007143210975852309
9.52,0.020207490065975095,0.012757166537227627,0.007911115016357852,0.006457631824287361,0.007143794770887969,0.02020749006597509,0.012757166537227619,0.007911115016357856,0.006457631824287389,0.007143794770887991
9.53,0.0202059253750581,0.012749255362548825,0.007905222401040168,0.006459088398627151,0.007144376662141022,0.020205925375058095,0.012749255362548817,0.007905222401040173,0.006459088398627179,0.007144376662141044
9.540000000000001,0.020204359421481848,0.012741351509796555,0.00789934266385802,0.0064605426018756055,0.00714495665606509,0.020204359421481844,0.012741351509796547,0.007899342663858026,0.006460542601875632,0.007144956656065113
9.55,0.02020279220710307,0.012733454976196261,0.007893475778769038,0.00646199443602646,0.007145534759090293,0.020202792207103068,0.012733454976196252,0.007893475778769043,0.006461994436026488,0.007145534759090316
9.56,0.020201223733776485,0.012725565758954054,0.007887621719781206,0.006463443903093246,0.007146110977623313,0.02020122373377648,0.012725565758954045,0.007887621719781211,0.006463443903093274,0.007146110977623336
9.57,0.020199654003354786,0.012717683855256822,0.007881780460952807,0.006464891005109031,0.0071466853180475005,0.020199654003354783,0.012717683855256814,0.007881780460952812,0.006464891005109058,0.007146685318047525
9.58,0.020198083017688648,0.012709809262272375,0.007875951976392364,0.006466335744126171,0.007147257786722961,0.020198083017688644,0.012709809262272366,0.007875951976392369,0.006466335744126198,0.007147257786722985
9.59,0.020196510778626733,0.012701941977149548,0.007870136240258572,0.006467778122216069,0.0071478283899866525,0.02019651077862673,0.01270194197714954,0.007870136240258577,0.006467778122216097,0.0071478283899866785
9.6,0.020194937288015698,0.012694081997018339,0.007864333226760238,0.006469218141468929,0.007148397134152481,0.020194937288015694,0.01269408199701833,0.007864333226760244,0.006469218141468957,0.007148397134152507
9.61,0.020193362547700176,0.012686229318990027,0.007858542910156223,0.006470655803993512,0.007148964025511389,0.020193362547700173,0.012686229318990019,0.007858542910156228,0.0064706558039935415,0.007148964025511415
9.620000000000001,0.0201917865595228,0.012678383940157285,0.007852765264755366,0.006472091111916901,0.007149529070331454,0.020191786559522796,0.012678383940157276,0.007852765264755372,0.00647209111191693,0.00714952907033148
9.63,0.020190209325324195,0.012670545857594319,0.007847000264916434,0.006473524067384263,0.007150092274857977,0.020190209325324192,0.01267054585759431,0.00784700026491644,0.006473524067384291,0.007150092274858003
9.64,0.02018863084694299,0.01266271506835697,0.007841247885048058,0.006474954672558612,0.0071506536453135785,0.020188630846942987,0.012662715068356962,0.007841247885048063,0.0064749546725586405,0.0071506536453136045
9.65,0.0201870511262158,0.012654891569482844,0.007835508099608663,0.006476382929620577,0.007151213187898283,0.020187051126215796,0.012654891569482836,0.007835508099608668,0.006476382929620604,0.007151213187898311
9.66,0.020185470164977255,0.012647075357991434,0.007829780883106409,0.006477808840768172,0.0071517709087896226,0.02018547016497725,0.012647075357991425,0.007829780883106414,0.006477808840768199,0.00715177090878965
9.67,0.020183887965059977,0.012639266430884227,0.007824066210099121,0.00647923240821657,0.007152326814142719,0.020183887965059974,0.012639266430884219,0.007824066210099127,0.006479232408216597,0.007152326814142746
9.68,0.020182304528294594,0.012631464785144837,0.007818364055194238,0.006480653634197872,0.007152880910090373,0.02018230452829459,0.012631464785144828,0.007818364055194243,0.0064806536341979,0.007152880910090399
9.69,0.02018071985650973,0.012623670417739109,0.007812674393048731,0.006482072520960888,0.00715343320274316,0.020180719856509727,0.0126236704177391,0.007812674393048736,0.006482072520960915,0.007153433202743186
9.700000000000001,0.020179133951532053,0.012615883325615248,0.007806997198369052,0.006483489070770909,0.007153983698189515,0.02017913395153205,0.01261588332561524,0.007806997198369057,0.006483489070770935,0.007153983698189542
9.71,0.020177546815186197,0.012608103505703924,0.0078013324459110635,0.006484903285909492,0.007154532402495831,0.020177546815186194,0.012608103505703915,0.007801332445911069,0.006484903285909519,0.007154532402495857
9.72,0.020175958449294838,0.012600330954918392,0.007795680110479973,0.006486315168674238,0.0071550793217065355,0.020175958449294835,0.012600330954918384,0.007795680110479979,0.006486315168674265,0.0071550793217065615
9.73,0.020174368855678665,0.012592565670154614,0.007790040166930273,0.00648772472137858,0.007155624461844187,0.02017436885567866,0.012592565670154605,0.0077900401669302784,0.006487724721378606,0.007155624461844214
9.74,0.020172778036156372,0.012584807648291362,0.007784412590165666,0.006489131946351566,0.00715616782890956,0.02017277803615637,0.012584807648291353,0.007784412590165671,0.006489131946351592,0.007156167828909586
9.75,0.020171185992544683,0.012577056886190334,0.0077787973551390055,0.006490536845937649,0.0071567094288817355,0.02017118599254468,0.012577056886190326,0.007778797355139011,0.006490536845937675,0.0071567094288817615
9.76,0.020169592726658338,0.012569313380696284,0.0077731944368522295,0.00649193942249647,0.007157249267718185,0.020169592726658334,0.012569313380696275,0.007773194436852235,0.0064919394224964965,0.007157249267718211
9.77,0.020167998240310098,0.012561577128637102,0.007767603810356292,0.006493339678402664,0.007157787351354861,0.020167998240310094,0.012561577128637093,0.007767603810356297,0.006493339678402692,0.007157787351354887
9.78,0.02016640253531076,0.012553848126823957,0.007762025450751101,0.006494737616045641,0.007158323685706281,0.020166402535310757,0.012553848126823948,0.007762025450751106,0.00649473761604567,0.007158323685706306
9.790000000000001,0.02016480561346914,0.012546126372051401,0.007756459333185449,0.006496133237829388,0.007158858276665614,0.020164805613469138,0.012546126372051393,0.007756459333185454,0.006496133237829416,0.007158858276665638
9.8,0.020163207476592084,0.012538411861097472,0.00775090543285694,0.006497526546172262,0.007159391130104769,0.02016320747659208,0.012538411861097463,0.007750905432856945,0.0064975265461722905,0.007159391130104793
9.81,0.02016160812648448,0.0125307045907238,0.0077453637250119375,0.006498917543506793,0.007159922251874476,0.020161608126484477,0.012530704590723791,0.007745363725011943,0.006498917543506824,0.007159922251874499
9.82,0.020160007564949234,0.012523004557675734,0.007739834184945483,0.006500306232279489,0.007160451647804372,0.02016000756494923,0.012523004557675726,0.007739834184945488,0.00650030623227952,0.007160451647804395
9.83,0.020158405793787294,0.01251531175868244,0.007734316788001233,0.00650169261495063,0.007160979323703088,0.02015840579378729,0.01251531175868243,0.007734316788001238,0.0065016926149506615,0.0071609793237031125
9.84,0.020156802814797658,0.012507626190457016,0.007728811509571395,0.006503076693994082,0.007161505285358336,0.020156802814797654,0.012507626190457007,0.0077288115095714,0.006503076693994111,0.007161505285358361
9.85,0.020155198629777344,0.012499947849696588,0.007723318325096658,0.006504458471897098,0.007162029538536985,0.02015519862977734,0.01249994784969658,0.007723318325096663,0.006504458471897126,0.00716202953853701
9.86,0.02015359324052143,0.012492276733082435,0.007717837210066125,0.006505837951160127,0.007162552088985151,0.020153593240521427,0.012492276733082426,0.00771783721006613,0.006505837951160155,0.007162552088985175
9.870000000000001,0.020151986648823037,0.012484612837280085,0.007712368140017242,0.00650721513429663,0.007163072942428274,0.020151986648823034,0.012484612837280076,0.007712368140017248,0.006507215134296657,0.007163072942428297
9.88,0.020150378856473306,0.012476956158939418,0.007706911090535733,0.006508590023832887,0.007163592104571205,0.020150378856473302,0.01247695615893941,0.007706911090535738,0.0065085900238329155,0.00716359210457123
9.89,0.020148769865261457,0.01246930669469478,0.007701466037255529,0.006509962622307814,0.007164109581098293,0.020148769865261453,0.012469306694694772,0.007701466037255534,0.006509962622307843,0.007164109581098318
9.9,0.020147159676974745,0.01246166444116509,0.007696032955858701,0.006511332932272775,0.0071646253776734585,0.02014715967697474,0.012461664441165081,0.007696032955858706,0.006511332932272803,0.007164625377673483
9.91,0.02014554829339849,0.012454029394953936,0.007690611822075392,0.006512700956291405,0.007165139499940278,0.020145548293398485,0.012454029394953927,0.007690611822075397,0.006512700956291433,0.007165139499940302
9.92,0.020143935716316043,0.012446401552649687,0.00768520261168375,0.006514066696939426,0.007165651953522064,0.02014393571631604,0.012446401552649679,0.007685202611683755,0.006514066696939453,0.007165651953522089
9.93,0.02014232194750885,0.012438780910825595,0.00767980530050985,0.006515430156804465,0.007166162744021953,0.020142321947508847,0.012438780910825587,0.007679805300509855,0.006515430156804491,0.007166162744021979
9.94,0.020140706988756373,0.012431167466039894,0.0076744198644276345,0.006516791338485883,0.007166671877022977,0.02014070698875637,0.012431167466039885,0.00767441986442764,0.0065167913384859095,0.007166671877023002
9.950000000000001,0.020139090841836165,0.012423561214835904,0.007669046279358843,0.006518150244594593,0.007167179358088148,0.02013909084183616,0.012423561214835895,0.007669046279358848,0.006518150244594622,0.007167179358088174
9.96,0.020137473508523827,0.012415962153742138,0.007663684521272935,0.006519506877752897,0.007167685192760537,0.020137473508523823,0.01241596215374213,0.00766368452127294,0.006519506877752926,0.007167685192760564
9.97,0.020135854990593026,0.012408370279272402,0.00765833456618703,0.0065208612405943,0.007168189386563355,0.020135854990593022,0.012408370279272394,0.007658334566187035,0.006520861240594329,0.007168189386563382
9.98,0.020134235289815502,0.012400785587925895,0.007652996390165827,0.006522213335763345,0.007168691945000032,0.0201342352898155,0.012400785587925886,0.007652996390165832,0.006522213335763374,0.007168691945000059
9.99,0.020132614407961064,0.012393208076187306,0.00764766996932155,0.006523563165915445,0.007169192873554288,0.02013261440796106,0.012393208076187297,0.0076476699693215555,0.006523563165915475,0.007169192873554316
10.0,0.020130992346797588,0.012385637740526922,0.007642355279813864,0.006524910733716717,0.007169692177690228,0.020130992346797584,0.012385637740526914,0.007642355279813869,0.006524910733716747,0.007169692177690256
