t,e,b,l
0.0,0.8053632701187563,1.0,0.08506771492450298
0.003,0.7979800074170329,0.9964064722309937,0.08476202172867586
0.006,0.7906942153808487,0.992825857903814,0.08445742704983676
0.009,0.7835067167036373,0.989258110613649,0.08415392694043433
0.012,0.7764176269700942,0.9857031841224441,0.08385151746710294
0.015,0.7694263192843471,0.9821610323583021,0.08355019471061158
0.018,0.7625314167207796,0.9786316094148867,0.08324995476581314
0.021,0.755730815499528,0.9751148695508268,0.08295079374159364
0.024,0.7490217400832223,0.971610767189125,0.08265270776082212
0.027,0.7424008289260253,0.9681192569165653,0.08235569296030004
0.03,0.7358642468408397,0.9646402934831259,0.08205974549071145
0.033,0.7294078174383162,0.9611738318013918,0.08176486151657297
0.036,0.7230271673206724,0.9577198269459712,0.0814710372161842
0.039,0.7167178729861172,0.9542782341529129,0.0811782687815781
0.042,0.7104756017743488,0.9508490088191262,0.08088655241847165
0.045,0.7042962394929273,0.9474321065018024,0.08059588434621667
0.048,0.698175999286469,0.94402748291784,0.08030626079775093
0.051000000000000004,0.6921115084610514,0.9406350939432696,0.08001767801954913
0.054,0.6860998719930589,0.9372548956126826,0.07973013227157448
0.056999999999999995,0.680138713060506,0.9338868441186612,0.07944361982723003
0.06,0.6742261919860681,0.9305308958112111,0.07915813697331049
0.063,0.6683610054609161,0.9271870071971952,0.0788736800099541
0.066,0.662542367931066,0.9238551349397702,0.0785902452505946
0.069,0.65676997675513,0.920535235857825,0.07830782902191358
0.072,0.6510439623942386,0.9172272669254211,0.07802642766379272
0.075,0.6453648246695913,0.9139311852712348,0.07774603752926652
0.078,0.6397333561909455,0.9106469481780017,0.07746665498447489
0.081,0.6341505545651229,0.9073745130819632,0.07718827640861614
0.084,0.6286175260511024,0.9041138375723146,0.07691089819390005
0.087,0.6231353849667591,0.9008648793906555,0.07663451674550105
0.09,0.6177051551971444,0.8976275964304427,0.0763591284815117
0.093,0.6123276820928434,0.8944019467364435,0.07608472983289627
0.096,0.6070035640188803,0.8911878885041927,0.07581131724344442
0.099,0.6017331118777817,0.8879853800794507,0.07553888716972514
0.10200000000000001,0.5965163416010557,0.8847943799576636,0.0752674360810409
0.10500000000000001,0.5913529993634471,0.8816148467834249,0.07499696045938177
0.108,0.5862426135995018,0.8784467393499404,0.07472745679937991
0.111,0.5811845636265514,0.8752900165984934,0.07445892160826412
0.11399999999999999,0.5761781530723794,0.8721446376179127,0.07419135140581455
0.11699999999999999,0.5712226775093759,0.8690105616440427,0.07392474272431765
0.12,0.5663174788432958,0.8658877480592151,0.07365909210852117
0.123,0.5614619828169338,0.8627761563917219,0.0733943961155894
0.126,0.556655719377609,0.8596757463152916,0.07313065131505858
0.129,0.5518983280214331,0.8565864776485664,0.07286785428879239
0.132,0.5471895514508499,0.853508310354581,0.07260600163093771
0.135,0.5425292211663932,0.8504412045402441,0.07234508994788041
0.138,0.5379172382855184,0.8473851204558215,0.07208511585820145
0.14100000000000001,0.5333535522455564,0.8443400184944208,0.07182607599263295
0.144,0.5288381393129185,0.8413058591914777,0.07156796699401467
0.147,0.5243709820934037,0.8382826032242454,0.07131078551725036
0.15,0.5199520505624823,0.8352702114112841,0.07105452822926445
0.153,0.5155812845444087,0.8322686447119538,0.07079919180895895
0.156,0.5112585771284296,0.8292778642259082,0.07054477294717025
0.159,0.5069837583172181,0.8262978311925901,0.07029126834662634
0.162,0.502756578359637,0.8233285069907298,0.07003867472190406
0.165,0.49857669077991146,0.820369853137844,0.0697869887993865
0.168,0.49444363602342367,0.8174218312897376,0.06953620731722057
0.171,0.49035682769767597,0.8144844032400059,0.06928632702527475
0.174,0.48631554427083235,0.8115575309195404,0.06903734468509698
0.177,0.4823189294292447,0.8086411763960348,0.06878925706987261
0.18,0.4783660038020061,0.8057353018734937,0.06854206096438273
0.183,0.4744556893587681,0.8028398696917426,0.06829575316496228
0.186,0.47058684567496195,0.7999548423259398,0.06805033047945878
0.189,0.46675831487087954,0.7970801823860905,0.06780578972719079
0.192,0.4629689699164569,0.7942158526165615,0.06756212773890673
0.195,0.45921775966297895,0.7913618158955987,0.0673193413567438
0.198,0.45550374377626834,0.7885180352348466,0.06707742743418714
0.201,0.45182611185738875,0.7856844737788679,0.06683638283602887
0.20400000000000001,0.4481841833844239,0.7828610948046664,0.06659620443832766
0.20700000000000002,0.4445773883994281,0.7800478617212111,0.06635688912836811
0.21000000000000002,0.4410052325369198,0.7772447380689619,0.06611843380462043
0.213,0.43746725320538427,0.7744516875193971,0.06588083537670034
0.216,0.43396297551256535,0.7716686738745423,0.06564409076532883
0.219,0.43049187612335704,0.7688956610665018,0.06540819690229244
0.222,0.42705336062375365,0.7661326131569909,0.06517315073040342
0.22499999999999998,0.4236467560456509,0.7633794943368698,0.06493894920346008
0.22799999999999998,0.4202713164907289,0.7606362689256803,0.06470558928620736
0.23099999999999998,0.41692623758377256,0.7579029013711824,0.06447306795429744
0.23399999999999999,0.4136106752187824,0.7551793562488945,0.06424138219425064
0.237,0.4103237652269103,0.7524655982616338,0.06401052900341626
0.24,0.4070646422408093,0.7497615922390587,0.0637805053899337
0.243,0.4038324573526981,0.7470673031372131,0.0635513083726937
0.246,0.4006263948136707,0.7443826960380729,0.06332293498129975
0.249,0.39744568805906527,0.7417077361490924,0.06309538225602947
0.252,0.3942896350263234,0.7390423888027537,0.06286864724779635
0.255,0.39115761232014634,0.7363866194561183,0.06264272701811152
0.258,0.3880490874476859,0.733740393690378,0.06241761863904566
0.261,0.3849636281701726,0.7311036772104099,0.062193319193190995
0.264,0.381900908010417,0.7284764358443317,0.0619698257736236
0.267,0.3788607071054859,0.7258586355430583,0.06174713548386559
0.27,0.375842907881889,0.7232502423798612,0.061525245437847716
0.273,0.372847485433652,0.7206512225499286,0.06130415275987189
0.276,0.36987449296634173,0.7180615423699271,0.06108385458457388
0.279,0.3669240431780004,0.7154811682775652,0.060864348056886265
0.28200000000000003,0.36399628690885444,0.7129100668311588,0.06064563033200138
0.28500000000000003,0.3610913907268679,0.7103482047091968,0.06042769857533444
0.288,0.3582095152589313,0.7077955487099106,0.060210549962486835
0.291,0.3553507959910048,0.7052520657508423,0.05999418167920949
0.294,0.35251532795052,0.7027177228684176,0.059778590921366434
0.297,0.3497031551997257,0.700192487217517,0.05956377489489844
0.3,0.3469142654913191,0.6976763260710512,0.059349730815786775
0.303,0.3441485898643159,0.6951692068195366,0.0591364559100172
0.306,0.3414060064793534,0.6926710969706725,0.05892394741354393
0.309,0.3386863476769731,0.6901819641489203,0.058712202572253895
0.312,0.3359894091261698,0.6877017760950838,0.05850121864193096
0.315,0.3333149600155151,0.6852305006658911,0.05829099288822047
0.318,0.3306627534953792,0.6827681058335782,0.05808152258659371
0.321,0.32803253694959256,0.6803145596854733,0.05787280502231261
0.324,0.32542406207874075,0.6778698304235842,0.05766483749039463
0.327,0.3228370951210064,0.6754338863641854,0.05745761729557767
0.33,0.3202714277237535,0.6730066959374079,0.05725114175228507
0.333,0.3177268889308117,0.6705882276868296,0.05704540818459091
0.336,0.3152033584307221,0.6681784502690682,0.05684041392618529
0.339,0.31270078065170337,0.6657773324533747,0.05663615632033972
0.342,0.3102191786005798,0.6633848431212285,0.056432632719872804
0.34500000000000003,0.30775866570136756,0.6610009512659345,0.0562298404871158
0.348,0.30531945349209977,0.6586256259922207,0.05602777699387855
0.351,0.3029018530438547,0.6562588365158385,0.05582643962141536
0.354,0.3005062684359598,0.6539005521631631,0.05562582576039105
0.357,0.29813318149498313,0.6515507423707961,0.05542593281084717
0.36,0.29578312811153307,0.64920937668517,0.05522675818216831
0.363,0.29345666755643185,0.6468764247621526,0.0550282992930485
0.366,0.2911543471016753,0.6445518563666542,0.05483055357145774
0.369,0.2888766647567817,0.642235641372236,0.054633518454608704
0.372,0.28662403301016615,0.6399277497607193,0.05443719138892355
0.375,0.28439674617817434,0.6376281516217964,0.054241569830000745
0.378,0.2821949534429843,0.6353368171526432,0.05404665124258213
0.381,0.28001863905448565,0.6330537166575332,0.05385243310052012
0.384,0.2778676106000879,0.6307788205474516,0.05365891288674484
0.387,0.27574149577557394,0.6285120993397133,0.053466088093231626
0.39,0.2736397477320019,0.6262535236575796,0.05327395622096846
0.393,0.27156165880338246,0.624003064229878,0.05308251477992358
0.396,0.26950638219287326,0.6217606918906229,0.05289176128901324
0.399,0.26747296096025536,0.6195263775786373,0.052701693276069515
0.402,0.26546036336380663,0.6173000923371765,0.0525123082778083
0.405,0.2634675232373044,0.6150818073135527,0.052323603839797374
0.40800000000000003,0.2614933836340454,0.6128714937587608,0.05213557751642457
0.41100000000000003,0.259536941493544,0.6106691230271063,0.05194822687086612
0.41400000000000003,0.2575972906674894,0.6084746665758337,0.05176154947505502
0.41700000000000004,0.25567366037531947,0.6062880959647565,0.051575542909649615
0.42000000000000004,0.25376544612478835,0.6041093828558892,0.05139020476400221
0.423,0.2518722303722519,0.6019384990130793,0.05120553263612785
0.426,0.2499937907210355,0.5997754163016418,0.05102152413267316
0.429,0.24813009425613694,0.5976201066879945,0.05083817686888537
0.432,0.24628127767494334,0.5954725422392947,0.050655488468581374
0.435,0.2444476141656727,0.593332695123077,0.050473456564116954
0.438,0.2426294694262258,0.5912005376068928,0.05029207879635606
0.441,0.24082725063079272,0.5890760420579509,0.050111352814640304
0.444,0.2390413532587336,0.5869591809427593,0.04993127627675841
0.447,0.23727211116999616,0.5848499268267683,0.049751846848915954
0.44999999999999996,0.2355197548977308,0.582748252374015,0.04957306220570502
0.45299999999999996,0.23378438182054012,0.580654130346769,0.049394920030074146
0.45599999999999996,0.23206593996372735,0.5785675336051798,0.049217418013298236
0.45899999999999996,0.2303642251635865,0.5764884351069239,0.04904055385494864
0.46199999999999997,0.22867888971672273,0.5744168079068562,0.04886432526286343
0.46499999999999997,0.22700945973040787,0.572352625156659,0.04868872995311758
0.46799999999999997,0.22535535820783562,0.5702958601044948,0.0485137656499934
0.471,0.2237159312406219,0.56824648609466,0.04833943008595108
0.474,0.22209047525668496,0.5662044765672385,0.04816572100159927
0.477,0.2204782638459483,0.5641698050577585,0.04799263614566582
0.48,0.21887857312511394,0.5621424451968485,0.047820173274968555
0.483,0.21729070487552465,0.5601223707098965,0.04764833015438625
0.486,0.2157140068340228,0.5581095554167088,0.04747710455682968
0.489,0.2141478896049226,0.5561039732311711,0.047306494263212706
0.492,0.21259183975934207,0.5541055981609101,0.0471364970624235
0.495,0.21104542884162916,0.552114404306957,0.046967110751296
0.498,0.20950831822488433,0.5501303658634116,0.04679833313458122
0.501,0.20798026002881298,0.5481534571171078,0.0466301620249189
0.504,0.2064610945875379,0.5461836524472806,0.04646259524280908
0.507,0.204950745174477,0.544220926325234,0.04629563061658395
0.51,0.20344921080306066,0.54226525331401,0.0461292659823796
0.513,0.20195655789551809,0.5403166080680588,0.04596349918410803
0.516,0.20047291145082982,0.5383749653329108,0.045798328073429234
0.519,0.19899844608676465,0.5364402999448492,0.045633750509723306
0.522,0.19753337704595503,0.5345125868305833,0.04546976436006271
0.525,0.19607795101692088,0.5325918010069242,0.04530636749918464
0.528,0.19463243649135464,0.5306779175804607,0.04514355780946352
0.531,0.19319711339783557,0.5287709117472369,0.04498133318088347
0.534,0.19177226193215624,0.5268707587924304,0.04481969151101104
0.537,0.19035815083685365,0.5249774340900323,0.044658630704967915
0.54,0.18895502583168794,0.5230909131025281,0.044498148675403824
0.543,0.18756309937140522,0.5212111713805793,0.04433824334246938
0.546,0.18618254322496514,0.5193381845627069,0.044178912633789265
0.549,0.18481348528186248,0.5174719283749754,0.04402015448443523
0.552,0.1834560113197291,0.5156123786306787,0.04386196683689946
0.555,0.18211017130858392,0.513759511230026,0.043704347641067835
0.558,0.18077598860690347,0.5119133021598297,0.04354729485419334
0.561,0.17945346966112355,0.5100737274931946,0.0433908064408697
0.5640000000000001,0.17814261185106794,0.5082407633892072,0.04323488037300485
0.5670000000000001,0.17684340781983982,0.5064143860926271,0.04307951462979479
0.5700000000000001,0.17555584561552035,0.5045945719335789,0.04292470719769731
0.5730000000000001,0.1742799048933164,0.5027812973272457,0.042770456070405916
0.576,0.17301555009469038,0.5009745387735633,0.042616759248823854
0.579,0.17176272191082956,0.49917427285691535,0.04246361474103814
0.582,0.17052132849791182,0.4973804762458305,0.04231102056229384
0.585,0.16929123788597775,0.4955931256926795,0.042158974734968234
0.588,0.1680722728371995,0.4938121980333742,0.04200747528854529
0.591,0.16686420908407495,0.4920376701870672,0.04185652025959005
0.594,0.1656667774497052,0.49026951915585276,0.04170610769172323
0.597,0.16447966987878632,0.48850772202446885,0.041556235635595865
0.6,0.16330254896062038,0.4867522559599999,0.04140690214886398
0.6030000000000001,0.1621350601721873,0.48500309821158105,0.04125810529616349
0.606,0.1609768458568145,0.4832602261101037,0.041109843149085154
0.6090000000000001,0.15982755989670958,0.4815236170679207,0.04096211378614942
0.612,0.15868688211539939,0.4797932485785548,0.040814915292781695
0.6149999999999999,0.1575545316113286,0.47806909821640603,0.04066824576128744
0.618,0.15643027841522342,0.4763511436364615,0.04052210329082748
0.6209999999999999,0.15531395302379783,0.474639362574006,0.04037648598739335
0.624,0.1542054534540498,0.47293373284433277,0.04023139196378275
0.6269999999999999,0.15310474948080013,0.4712342323424569,0.04008681933957513
0.63,0.15201188369407861,0.46954083904282784,0.039942766241107215
0.6329999999999999,0.15092696899546176,0.4678535309990449,0.03979923080144887
0.636,0.14985018220221913,0.46617228634357216,0.03965621116037877
0.6389999999999999,0.14878175358888496,0.4644970832874554,0.03951370546436037
0.642,0.14772195248124678,0.46282790012003944,0.039371711866517854
0.6449999999999999,0.14667106940683428,0.46116471520868724,0.03923022852661221
0.648,0.14562939574828937,0.45950750699849885,0.03908925361101736
0.6509999999999999,0.1445972022714422,0.4578562540120329,0.038948785292696436
0.654,0.1435747182280394,0.45621093484902736,0.038808821751178064
0.6569999999999999,0.1425621128825324,0.4545715281861231,0.03866936117253279
0.66,0.14155948121473896,0.4529380127765866,0.038530401749349553
0.6629999999999999,0.140566835173066,0.4513103674500354,0.0383919416807123
0.666,0.13958410122530882,0.4496885711121632,0.038253979172176586
0.6689999999999999,0.13861112417846477,0.4480726027444669,0.03811651243574638
0.672,0.1376476764733056,0.4464624414039737,0.03797953968985085
0.6749999999999999,0.13669347156818068,0.44485806622297014,0.03784305915932129
0.678,0.13574817972342215,0.4432594564087314,0.03770706907536812
0.6809999999999999,0.13481144450951862,0.441666591243252,0.03757156767555795
0.684,0.13388289863016967,0.44007945008297694,0.037436553203790725
0.6869999999999999,0.13296217806451066,0.4384980123585348,0.037302023910277024
0.6900000000000001,0.13204893397252446,0.43692225757447023,0.037167978051515296
0.693,0.13114284218257077,0.43535216530897947,0.03703441389026936
0.696,0.1302436103420922,0.4337877152136447,0.03690132969554581
0.699,0.1293509829559034,0.4322288870131706,0.036768723742571605
0.702,0.12846474458411067,0.43067566050512207,0.036636594312771754
0.705,0.12758472145958974,0.42912801555966174,0.036504939693746984
0.708,0.12671078174726141,0.4275859321192895,0.036373758179251606
0.711,0.12584283462782136,0.42604939019858235,0.036243048069171335
0.714,0.12498082835792626,0.4245183698839356,0.03611280766950135
0.717,0.12412474743806913,0.42299285133330433,0.0359830352923242
0.72,0.12327460900522824,0.42147281477594695,0.0358537292557881
0.723,0.12243045855693861,0.4199582405121683,0.03572488788408499
0.726,0.12159236510622981,0.4184491089130648,0.035596509507428896
0.729,0.12076041586403173,0.4169454004202697,0.035468592462034244
0.732,0.1199347105478066,0.41544709554570003,0.035341135090094365
0.735,0.1191153554213564,0.4139541748713035,0.0352141357397599
0.738,0.11830245717895674,0.4124666190488074,0.03508759276511752
0.741,0.11749611679648639,0.4109844087994673,0.034961504526168474
0.744,0.11669642348563272,0.40950752491381776,0.03483586938880745
0.747,0.11590344891061102,0.40803594825142286,0.03471068572480129
0.75,0.11511724186624223,0.4065696597406286,0.03458595191176797
0.753,0.11433782367217141,0.4051086403783151,0.03446166633315551
0.756,0.11356518459924028,0.40365287122965127,0.03433782737822108
0.759,0.11279928168560123,0.40220233342784834,0.0342144334420101
0.762,0.11204003828823358,0.40075700817391624,0.03409148292533542
0.765,0.1112873456203026,0.39931687673641936,0.033968974234756616
0.768,0.11054106633720093,0.39788192045123416,0.03384690578255936
0.7709999999999999,0.10980103997864427,0.39645212072130714,0.0337252759867348
0.774,0.10906708980826955,0.3950274590164136,0.03360408327095906
0.7769999999999999,0.10833903038919476,0.3936079168729182,0.03348332606457287
0.78,0.10761667515517793,0.39219347589353454,0.03336300280256113
0.7829999999999999,0.10689984330633515,0.39078411774708804,0.03324311192553269
0.786,0.10618836555291891,0.3893798241682772,0.0331236518797001
0.7889999999999999,0.10548208849075395,0.3879805769574377,0.033004621116859506
0.792,0.10478087764440491,0.386586357980306,0.03288601809437053
0.7949999999999999,0.10408461939717363,0.3851971491677848,0.032767841275136364
0.798,0.10339322210691837,0.38381293251570825,0.03265008912758377
0.8009999999999999,0.1027066166826914,0.3824336900846093,0.03253276012564327
0.804,0.10202475679602149,0.3810594039994867,0.032415852748729344
0.8069999999999999,0.10134761876439222,0.37969005644957354,0.032299365481720764
0.81,0.1006752010170212,0.3783256296881064,0.03218329681494092
0.813,0.10000752296879398,0.3769661060320954,0.03206764524413826
0.8160000000000001,0.09934462310571168,0.3756114678620948,0.031952409270466796
0.819,0.09868655612614737,0.3742616976219752,0.03183758740046672
0.8220000000000001,0.09803338907509906,0.37291677781869514,0.03172317814604497
0.825,0.09738519653390625,0.3715766910220753,0.03160918002445603
0.8280000000000001,0.0967420550633637,0.37024141986457193,0.031495591558282625
0.831,0.09610403722235879,0.3689109470410523,0.031382411275416654
0.8340000000000001,0.09547120557848307,0.36758525530856984,0.031269637709040066
0.837,0.09484360717683606,0.36626432748614124,0.031157269397605866
0.8400000000000001,0.09422126892876612,0.3649481464545233,0.03104530488481915
0.843,0.0936041943204649,0.3636366951559916,0.03093374271961829
0.846,0.09299236172725488,0.3623299565941189,0.030822581456156045
0.849,0.09238572446721142,0.36102791383355504,0.03071181965378089
0.852,0.0917842125593652,0.35973054999980775,0.030601455877018312
0.855,0.09118773599285403,0.3584378482790235,0.030491488695552224
0.858,0.09059618918777555,0.35714979191776997,0.030381916684206412
0.861,0.09000945625200758,0.3558663642228186,0.03027273842292608
0.864,0.08942741661543391,0.3545875485609286,0.030163952496759433
0.867,0.08884995064733127,0.35331332835863094,0.03005555749583933
0.87,0.08827694492011624,0.3520436871020142,0.029947552015365076
0.873,0.08770829685686932,0.3507786083365097,0.029839934655584092
0.876,0.08714391857693926,0.3495180756666791,0.029732704021773918
0.879,0.08658373982408529,0.3482620727560012,0.029625858724224026
0.882,0.0860277099207786,0.3470105833266608,0.02951939737821787
0.885,0.08547579874003525,0.3457635911593373,0.029413318604014905
0.888,0.08492799672415391,0.3445210800929949,0.02930762102683275
0.891,0.08438431400999774,0.34328303402467264,0.02920230327682931
0.894,0.08384477874448686,0.34204943690927625,0.02909736398908508
0.897,0.08330943469224458,0.34082027275936977,0.028992801803585416
0.8999999999999999,0.0827783382497678,0.3395955256449687,0.028888615365202937
0.903,0.08225155498691661,0.33837517969333314,0.02878480332367993
0.9059999999999999,0.08172915583744958,0.3371592190887627,0.028681364333610907
0.909,0.08121121305736209,0.33594762807239065,0.02857829705442508
0.9119999999999999,0.08069779606563154,0.33474039094198077,0.0284756001503691
0.915,0.08018896727993702,0.3335374920517227,0.028373272290489623
0.9179999999999999,0.07968477806282072,0.3323389158120301,0.028271312148616175
0.921,0.07918526490289163,0.3311446466893381,0.028169718403343872
0.9239999999999999,0.07869044596957123,0.32995466920590216,0.02806848973801637
0.9269999999999999,0.07820031819420638,0.3287689679395975,0.027967624840708735
0.9299999999999999,0.07771485503824847,0.32758752752371895,0.0278671224042105
0.9329999999999999,0.07723400510306683,0.3264103326467824,0.027766981126008675
0.9359999999999999,0.07675769170971648,0.32523736805232556,0.027667199708270886
0.939,0.07628581352845926,0.324068618538711,0.02756777685782857
0.942,0.07581824627013209,0.3229040689589286,0.02746871128616019
0.945,0.07535484537295076,0.32174370422039955,0.027370001709374554
0.948,0.07489544954093028,0.3205875092847806,0.027271646848194168
0.951,0.0744398849263903,0.31943546916776916,0.02717364542793865
0.954,0.07398796970925729,0.31828756893890914,0.02707599617850821
0.957,0.07353951881553329,0.3171437937213977,0.02697869783436724
0.96,0.07309434853596974,0.3160041286918918,0.026881749134527805
0.963,0.07265228084752305,0.31486855908031686,0.026785148822533418
0.966,0.07221314729437703,0.3137370701696747,0.026688895646442678
0.969,0.07177679234039097,0.31260964729585333,0.026592988358813078
0.972,0.07134307615028163,0.3114862758474363,0.026497425716684814
0.975,0.07091187678611013,0.31036694126551423,0.026402206481564723
0.978,0.07048309181751551,0.309251629043495,0.02630732941941018
0.981,0.0700566393426524,0.3081403247269168,0.026212793300613137
0.984,0.06963245840950918,0.30703301391326,0.02611859689998416
0.987,0.06921050882269457,0.305929682251761,0.02602473899673658
0.99,0.06879077032551906,0.304830315443226,0.025931218374470665
0.993,0.06837324116435241,0.3037348992398458,0.02583803382115784
0.996,0.06795793607077541,0.30264341944501105,0.025745184129124982
0.999,0.0675448837326014,0.3015558619131284,0.025652668095038793
1.002,0.06713412386122924,0.30047221254943696,0.02556048451989017
1.005,0.06672570399369115,0.2993924573098257,0.025468632208978683
1.008,0.06631967618804074,0.2983165822006519,0.025377109971897113
1.011,0.06591609377739246,0.2972445732785587,0.025285916622515964
1.014,0.06551500834025437,0.2961764166502958,0.02519505097896818
1.017,0.06511646702428736,0.2951120984725381,0.025104511863633723
1.02,0.06472051033046362,0.29405160495170735,0.025014298103124413
1.023,0.0643271704289657,0.2929949223437925,0.02492440852826863
1.026,0.06393647004152869,0.29194203695417226,0.02483484197409624
1.029,0.06354842189120316,0.29089293513743714,0.02474559727982344
1.032,0.06316302869248921,0.289847603297213,0.024656673288837746
1.035,0.06278028363363825,0.2888060278859845,0.024568068848682983
1.038,0.06240017128822801,0.2877681954049198,0.02447978281104439
1.041,0.06202266888313354,0.28673409240369535,0.02439181403173365
1.044,0.06164774784249062,0.28570370548032187,0.02430416137067418
1.047,0.06127537552020378,0.2846770212809703,0.024216823691886248
1.05,0.06090551702615742,0.28365402649979915,0.024129799863472325
1.053,0.06053813704423626,0.28263470787878164,0.024043088757602374
1.056,0.06017320153564537,0.28161905220753425,0.023956689250499243
1.059,0.059810679221654714,0.2806070463231452,0.02387060022242412
1.062,0.05945054274844219,0.2795986771100042,0.02378482055766199
1.065,0.05909276945478528,0.2785939314996319,0.023699349144507196
1.068,0.0587373416910181,0.2775927964705113,0.023614184875249033
1.071,0.05838424667330553,0.27659525904791843,0.023529326646157377
1.074,0.0580334758978491,0.27560130630375423,0.02344477335746839
1.077,0.05768502418099557,0.2746109253563773,0.023360523913370273
1.08,0.05733888842857786,0.2736241033704366,0.023276577221989038
1.083,0.056995066266134514,0.2726408275567055,0.0231929321953744
1.086,0.05665355467615758,0.27166108517191556,0.023109587749485634
1.089,0.05631434878555369,0.27068486351859194,0.02302654280417758
1.092,0.05597744092451004,0.2697121499448881,0.022943796283186546
1.095,0.055642820038461244,0.2687429318444228,0.022861347114116498
1.098,0.05531047148305013,0.26777719665611566,0.02277919422842502
1.101,0.05498037717639692,0.2668149318640253,0.022697336561409587
1.104,0.0546525160342185,0.2658561249971863,0.022615773052193675
1.107,0.054326864581736925,0.26490076362944853,0.022534502643713074
1.11,0.05400339762932646,0.2639488353793151,0.022453524282702145
1.113,0.05368208891850387,0.26300032790978267,0.022372836919680197
1.116,0.053362911686223674,0.26205522892818106,0.022292439508937875
1.119,0.05304583914689964,0.26111352618601436,0.02221233100852361
1.122,0.052730844937351674,0.26017520747880174,0.022132510380230123
1.125,0.052417903594797775,0.2592402606459197,0.022052976589580945
1.1280000000000001,0.05210699113301276,0.2583086735704441,0.02197372860581704
1.131,0.051798085747997644,0.25738043417899353,0.021894765401883426
1.1340000000000001,0.05149135053693263,0.2564555304415724,0.02181608595441587
1.137,0.051187115842275914,0.25553395037141535,0.021737689243727654
1.1400000000000001,0.05088484531833605,0.25461568202483176,0.021659574253796287
1.143,0.05058454485849871,0.25370071350105106,0.021581739972250418
1.1460000000000001,0.050286222778628396,0.2527890329420683,0.02150418539035666
1.149,0.04998988937127719,0.25188062853249077,0.021426909503006557
1.152,0.04969555652289787,0.2509754884993845,0.02134991130870352
1.155,0.04940323739780849,0.250073601112122,0.021273189809549866
1.158,0.04911294615611213,0.2491749546822302,0.02119674401123391
1.161,0.04882469765144577,0.24827953756323867,0.021120572923017018
1.164,0.048538507052201016,0.24738733815052916,0.021044675557720834
1.167,0.048254389344614304,0.24649834488118463,0.020969050931714434
1.17,0.047972358701747035,0.24561254623384002,0.02089369806490161
1.173,0.04769242773122375,0.24472993072853233,0.02081861598070815
1.176,0.04741460663992965,0.24385048692655237,0.020743803706069198
1.179,0.04713890237121468,0.24297420343029605,0.02066926027141662
1.182,0.046865317777574335,0.2421010688831171,0.020594984710666467
1.185,0.04659385088966235,0.24123107196917948,0.02052097606120642
1.188,0.04632449433277564,0.2403642014133111,0.020447233363883367
1.191,0.04605723492753356,0.23950044598085732,0.020373755662990895
1.194,0.0457920534954277,0.23863979447753572,0.02030054200625699
1.197,0.045528924874836334,0.2377822357492907,0.020227591444831623
1.2,0.04526781814065825,0.23692775868214924,0.020154903033274506
1.2029999999999998,0.04500869701139486,0.2360763522020765,0.02008247582954281
1.2060000000000002,0.04475152042077946,0.23522800527483256,0.02001030889497894
1.209,0.04449624322585617,0.2343827069058295,0.01993840129429844
1.212,0.04424281701880432,0.23354044613998856,0.01986675209557779
1.2149999999999999,0.04399119100544379,0.23270121206159838,0.019795360370242366
1.2180000000000002,0.04374131290979901,0.23186499379417352,0.019724225193054407
1.221,0.04349312986253218,0.2310317805003137,0.01965334564210103
1.224,0.043246589233001086,0.23020156138156286,0.019582720798782264
1.2269999999999999,0.04300163937117322,0.22937432567826962,0.019512349747799144
1.2299999999999998,0.04275823023694074,0.2285500626694477,0.019442231577141866
1.233,0.042516313909466766,0.2277287616726368,0.01937236537807795
1.236,0.042275844986012126,0.22691041204376478,0.01930275024514049
1.2389999999999999,0.042036780895265274,0.22609500317700887,0.019233385276116385
1.2419999999999998,0.04179908216141717,0.22528252450465874,0.019164269572034667
1.245,0.04156271265948264,0.22447296549697932,0.01909540223715483
1.248,0.04132763989828186,0.22366631566207473,0.01902678237895527
1.251,0.0410938353553065,0.22286256454575176,0.018958409108121656
1.2539999999999998,0.04086127486942741,0.22206170173138465,0.01889028153853544
1.2570000000000001,0.0406300170219185,0.22126371683978005,0.01882239878726236
1.26,0.040400427413535,0.22046859952904277,0.018754759974541024
1.263,0.0401719408512367,0.21967633949444124,0.01868736422377146
1.2659999999999998,0.0399445472779484,0.21888692646827432,0.018620210661503808
1.2690000000000001,0.03971824295182405,0.21810035021973803,0.018553298417426936
1.272,0.03949303015692782,0.21731660055479343,0.018486626624357252
1.275,0.0392689167692494,0.21653566731603374,0.018420194418227374
1.2779999999999998,0.03904591569038836,0.21575754038255326,0.01835400093807498
1.2810000000000001,0.03882404416843617,0.214982209669816,0.018288045326031635
1.284,0.03860332303173869,0.2142096651295252,0.018222326727311697
1.287,0.038383775865955566,0.2134398967494927,0.018156844290201198
1.2899999999999998,0.03816609364767434,0.21267289455350957,0.018091597166046837
1.2930000000000001,0.03794990397318783,0.21190864860121653,0.018026584509244964
1.296,0.03773512643884637,0.21114714898797546,0.017961805477230655
1.299,0.03752178376991106,0.21038838584474068,0.017897259230466738
1.3019999999999998,0.03730989443867121,0.2096323493379312,0.017832944932432954
1.3050000000000002,0.03709947207766415,0.20887902966930322,0.017768861749615086
1.308,0.03689052518449777,0.2081284170758235,0.01770500885149421
1.311,0.03668305710379667,0.20738050182954224,0.017641385410535868
1.3139999999999998,0.03647706625092825,0.2066352742374673,0.017577990602179364
1.317,0.03627254652870615,0.20589272464143876,0.017514823604827104
1.32,0.03606948788234153,0.2051528434180033,0.017451883599833903
1.323,0.03586787693838632,0.2044156209782901,0.017389169771496432
1.3259999999999998,0.035667697678322244,0.20368104776788598,0.0173266813070426
1.329,0.03546893210485981,0.20294911426671178,0.017264417396621018
1.332,0.03527156086735364,0.20221981098889905,0.01720237723329054
1.335,0.03507556382102005,0.20149312848266726,0.01714056001300979
1.3379999999999999,0.03488092050238889,0.20076905733020084,0.01707896493462672
1.341,0.03468761051054913,0.20004758814752757,0.017017591199868256
1.344,0.034495613790325425,0.1993287115843966,0.016956438013329925
1.347,0.034304910819670395,0.19861241832415785,0.016895504582465592
1.3499999999999999,0.03411548270926687,0.1978986990836405,0.01683479011757713
1.353,0.0339273112274152,0.19718754461303323,0.016774293831804225
1.356,0.03374037876735491,0.19647894569576405,0.016714014941114158
1.359,0.03355466827674391,0.19577289314838126,0.01665395266429168
1.3619999999999999,0.03337016316963565,0.19506937782043385,0.016594106222928832
1.365,0.033186847239746395,0.19436839059435335,0.016534474841414896
1.368,0.03300470459024418,0.1936699223853354,0.016475057746926328
1.371,0.03282371959029783,0.19297396414122242,0.01641585416941677
1.3739999999999999,0.03264387686308598,0.1922805068423857,0.016356863341607013
1.377,0.032465161304828516,0.191589541501609,0.01629808449897511
1.3800000000000001,0.032287558130453156,0.1909010591639717,0.016239516879746424
1.383,0.03211105293915702,0.1902150509067333,0.01618115972488381
1.386,0.031935631792332435,0.18953150783921702,0.016123012278077716
1.389,0.03176128129672793,0.18885042110269515,0.016065073785736413
1.392,0.031587988686752534,0.18817178187027409,0.016007343496976235
1.395,0.031415741900960616,0.1874955813467798,0.01594982066361182
1.398,0.031244529648614187,0.18682181076864418,0.015892504540146464
1.401,0.03107434146269599,0.18615046140379102,0.01583539438376239
1.404,0.030905167735944553,0.18548152455152317,0.015778489454311175
1.407,0.030736999736679864,0.18481499154240957,0.015721789014304127
1.41,0.030569829601669773,0.18415085373817328,0.015665292328902767
1.413,0.030403650304273604,0.18348910253157896,0.015608998665909257
1.416,0.030238455597636896,0.1828297293463217,0.01555290729575693
1.419,0.030074239934663342,0.1821727256369157,0.01549701749150084
1.422,0.02991099836857313,0.1815180828885839,0.015441328528808357
1.425,0.02974872643972703,0.180865792617147,0.015385839685949736
1.428,0.02958742005573201,0.18021584636891394,0.015330550243788798
1.431,0.029427075372440204,0.1795682357205722,0.015275459485773588
1.434,0.02926768868323864,0.17892295227907887,0.015220566697927132
1.437,0.029109256323039137,0.17827998768155143,0.01516587116883812
1.44,0.028951774591752865,0.17763933359515968,0.01511137218965173
1.443,0.02879523969990392,0.17700098171701764,0.015057069054060422
1.446,0.028639647736579076,0.17636492377407617,0.01500296105829481
1.449,0.028484994657311347,0.17573115152301536,0.01494904750111451
1.452,0.028331276287001946,0.17509965675013794,0.01489532768379906
1.455,0.02817848833091831,0.1744704312712628,0.014841800910138873
1.458,0.028026626385529673,0.17384346693161903,0.014788466486426228
1.461,0.027875685940790734,0.17321875560573993,0.014735323721446238
1.464,0.027725662366665134,0.172596289197358,0.014682371926467925
1.4669999999999999,0.027576550879197213,0.17197605963929985,0.014629610415235283
1.47,0.02742834648502259,0.17135805889338168,0.014577038503958384
1.473,0.02728104390736643,0.1707422789503053,0.014524655511304538
1.476,0.02713463750066484,0.17012871182955397,0.014472460758389415
1.4789999999999999,0.026989121164298517,0.1695173495792892,0.01442045356876829
1.482,0.026844488267985092,0.16890818427624762,0.01436863326842725
1.485,0.026700731601802072,0.1683012080256385,0.014316999185774488
1.488,0.026557843362528023,0.16769641296104107,0.014265550651631568
1.4909999999999999,0.02641581518519144,0.16709379124430285,0.014214286999224767
1.494,0.026274638224819534,0.16649333506543784,0.014163207564176423
1.497,0.026134303288918175,0.16589503664252572,0.014112311684496354
1.5,0.025994801016768265,0.16529888822161048,0.014061598700573243
1.503,0.025856122097689435,0.16470488207660028,0.014011067955166115
1.506,0.025718257517373416,0.16411301050916705,0.013960718793395785
1.5090000000000001,0.025581198819427185,0.16352326584864715,0.013910550562736431
1.512,0.02544493836839956,0.16293564045194145,0.013860562613007072
1.515,0.025309469600687175,0.16235012670341656,0.013810754296363179
1.518,0.02517478725060097,0.16176671701480608,0.013761124967288268
1.5210000000000001,0.025040887540289672,0.1611854038251124,0.013711673982585553
1.524,0.02490776832393656,0.16060617960050838,0.013662400701369573
1.527,0.02477542917852571,0.16002903683423994,0.01361330448505791
1.53,0.024643871435431196,0.15945396804652873,0.013564384697362914
1.5330000000000001,0.02451309814912249,0.15888096578447528,0.013515640704283455
1.536,0.024383114001418977,0.15831002262196225,0.013467071874096704
1.539,0.024253925142019107,0.1577411311595582,0.013418677577349932
1.5419999999999998,0.024125538968455464,0.15717428402442188,0.013370457186852385
1.5450000000000002,0.023997963851151258,0.15660947387020638,0.013322410077667116
1.548,0.023871208811740728,0.15604669337696433,0.013274535627102929
1.551,0.0237452831651271,0.15548593525105261,0.013226833214706272
1.5539999999999998,0.02362019613768907,0.15492719222503806,0.013179302222253213
1.5570000000000002,0.023495956475458737,0.15437045705760313,0.013131942033741413
1.56,0.023372572056846543,0.15381572253345246,0.013084752035382183
1.563,0.023250049524531843,0.15326298146321873,0.013037731615592477
1.5659999999999998,0.023128393950454247,0.15271222668336998,0.012990880164986996
1.5690000000000002,0.023007608546515394,0.15216345105611645,0.012944197076370277
1.572,0.022887694431714324,0.15161664746931847,0.01289768174472885
1.575,0.022768650464127096,0.15107180883639384,0.012851333567223362
1.5779999999999998,0.02265047314353296,0.15052892809622626,0.012805151943180782
1.5810000000000002,0.02253315658770216,0.14998799821307365,0.012759136274086612
1.584,0.022416692582523448,0.14944901217647732,0.012713285963577148
1.587,0.022301070703360522,0.1489119630011706,0.012667600417431715
1.5899999999999999,0.022186278502403196,0.14837684372698864,0.012622079043565
1.5930000000000002,0.022072301754405457,0.14784364741877815,0.01257672125201935
1.596,0.021959124751178907,0.1473123671663076,0.012531526454957169
1.599,0.021846730633601312,0.14678299608417744,0.012486494066653244
1.6019999999999999,0.02173510174876931,0.14625552731173103,0.012441623503487195
1.6050000000000002,0.021624220019309,0.1457299540129656,0.012396914183935886
1.608,0.021514067311782317,0.145206269376444,0.012352365528565926
1.611,0.0214046257916082,0.14468446661520595,0.012307976960026109
1.6139999999999999,0.02129587825294807,0.14416453896668036,0.012263747903039966
1.6169999999999998,0.021187808413572984,0.1436464796925976,0.0122196777843983
1.62,0.021080401166783613,0.1431302820789022,0.012175766032951748
1.623,0.020973642784901544,0.14261593943566597,0.012132012079603415
1.626,0.02086752107153891,0.14210344509700099,0.01208841535730144
1.6289999999999998,0.020762025462570534,0.14159279242097347,0.012044975301031697
1.6320000000000001,0.02065714707821836,0.1410839747895175,0.01200169134781044
1.635,0.020552878730644777,0.14057698560834958,0.011958562936677042
1.638,0.02044921489270525,0.14007181830688278,0.011915589508686682
1.6409999999999998,0.020346151633910195,0.13956846633814182,0.01187277050690314
1.6440000000000001,0.02024368652918789,0.13906692317867803,0.011830105376391538
1.647,0.020141818544887332,0.1385671823284852,0.011787593564211206
1.65,0.020040547904899272,0.13806923731091483,0.011745234519408454
1.6529999999999998,0.019939875938156004,0.13757308167259255,0.011703027693009469
1.6560000000000001,0.01983980490745684,0.13707870898333424,0.011660972538013183
1.659,0.019740337818842685,0.13658611283606312,0.011619068509384213
1.662,0.019641478210776116,0.13609528684672612,0.011577315064045756
1.6649999999999998,0.01954322992321341,0.13560622465421152,0.011535711660872573
1.6680000000000001,0.019445596848180237,0.13511891992026645,0.011494257760683973
1.671,0.019348582665498167,0.13463336632941486,0.011452952826236842
1.674,0.01925219056959914,0.1341495575888753,0.011411796322218639
1.6769999999999998,0.019156422995633665,0.13366748742847978,0.011370787715240504
1.6800000000000002,0.019061281355044833,0.1331871496005922,0.011329926473830309
1.683,0.018966765792189706,0.13270853788002768,0.011289212068425801
1.686,0.01887287497420939,0.1322316460639716,0.011248643971367711
1.6889999999999998,0.01877960592599321,0.1317564679718993,0.011208221656892938
1.692,0.018686953920648085,0.1312829974454961,0.011167944601127714
1.695,0.01859491243334363,0.13081122834857725,0.011127812282080832
1.698,0.01850347316290101,0.13034115456700884,0.011087824179636887
1.7009999999999998,0.018412626121292457,0.12987277000862796,0.011047979775549504
1.704,0.018322359786752562,0.1294060686031642,0.011008278553434647
1.707,0.01823266131197142,0.12894104430216075,0.010968719998763919
1.71,0.01814351677536548,0.12847769107889626,0.010929303598857907
1.7129999999999999,0.018054911461106674,0.12801600292830645,0.010890028842879512
1.716,0.017966830152674598,0.1275559738669064,0.010850895221827344
1.719,0.017879257425183898,0.12709759793271297,0.010811902228529126
1.722,0.017792177923431605,0.12664086918516776,0.010773049357635124
1.7249999999999999,0.017705576615150497,0.12618578170505979,0.01073433610561159
1.728,0.017619439011925295,0.12573232959444888,0.010695761970734229
1.731,0.017533751353211648,0.12528050697658935,0.01065732645308171
1.734,0.01744850075157106,0.12483030799585379,0.010619029054529196
1.7369999999999999,0.017363675299384707,0.12438172681765708,0.010580869278741861
1.74,0.017279264138863333,0.12393475762838088,0.010542846631168477
1.743,0.01719525749816782,0.12348939463529818,0.010504960619034992
1.746,0.017111646697035538,0.12304563206649848,0.010467210751338175
1.7489999999999999,0.017028424125648693,0.12260346417081258,0.0104295965388392
1.752,0.016945583200769408,0.12216288521773841,0.01039211749405735
1.7550000000000001,0.016863118303544262,0.12172388949736648,0.010354773131263673
1.758,0.01678102470391083,0.12128647132030625,0.010317562966474719
1.761,0.0166992984771846,0.12085062501761196,0.010280486517446221
1.764,0.01661793641902861,0.12041634494070941,0.010243543303666884
1.767,0.016536935965397265,0.11998362546132273,0.010206732846352139
1.77,0.016456295123962652,0.11955246097140138,0.01017005466843794
1.773,0.016376012422767823,0.1191228458830476,0.010133508294574597
1.776,0.01629608688030629,0.11869477462844383,0.01009709325112059
1.779,0.01621651799894363,0.11826824165978057,0.010060809066136442
1.782,0.0161373057807902,0.11784324144918455,0.010024655269378605
1.785,0.01605845076216135,0.1174197684886472,0.009988631392293378
1.788,0.0159799540600593,0.11699781728995297,0.009952736968010805
1.791,0.01590181742210895,0.11657738238460841,0.009916971531338643
1.794,0.015824043270408643,0.1161584583237712,0.009881334618756328
1.797,0.015746634729968616,0.11574103967817978,0.009845825768408987
1.7999999999999998,0.015669595633779076,0.11532512103808258,0.00981044452010141
1.803,0.015592930498838715,0.11491069701316822,0.00977519041529213
1.806,0.015516644470342057,0.1144977622324955,0.009740062997087452
1.809,0.015440743234253774,0.11408631134442394,0.009705061810235546
1.8119999999999998,0.015365232901290445,0.11367633901654427,0.009670186401120544
1.815,0.015290119867577064,0.11326783993560935,0.009635436317756652
1.818,0.015215410658744835,0.11286080880746534,0.009600811109782297
1.821,0.015141111764925975,0.1124552403569832,0.00956631032845431
1.8239999999999998,0.015067229474041233,0.1120511293279901,0.009531933526642077
1.827,0.014993769710111933,0.11164847048320146,0.009497680258821768
1.83,0.014920737882257932,0.11124725860415297,0.009463550081070546
1.833,0.014848138748777169,0.11084748849113311,0.009429542551060837
1.8359999999999999,0.014775976299415192,0.11044915496311564,0.009395657228054575
1.839,0.01470425365776689,0.1100522528576924,0.009361893672897496
1.842,0.014632973004793472,0.10965677703100654,0.009328251448013452
1.845,0.014562135523717112,0.1092627223576859,0.009294730117398743
1.8479999999999999,0.01449174136608339,0.10887008373077633,0.009261329246616452
1.851,0.014421789638525525,0.10847885606167575,0.009228048402790824
1.8539999999999999,0.014352278409673402,0.1080890342800681,0.009194887154601664
1.857,0.014283204736670817,0.10770061333385755,0.00916184507227872
1.8599999999999999,0.014214564710810233,0.10731358818910333,0.009128921727596153
1.863,0.014146353521792904,0.10692795382995408,0.009096116693866951
1.8659999999999999,0.014078565539993195,0.10654370525858313,0.00906342954593742
1.869,0.014011194415784297,0.10616083749512355,0.009030859860181657
1.8719999999999999,0.013944233194446216,0.10577934557760386,0.008998407214496091
1.875,0.013877674444431191,0.10539922456188343,0.008966071188293973
1.878,0.013811510395877176,0.10502046952158858,0.008933851362499952
1.881,0.01374573308534045,0.10464307554804864,0.00890174731954463
1.884,0.013680334501901412,0.10426703775023251,0.00886975864335917
1.887,0.013615306729222745,0.10389235125468502,0.008837884919369874
1.89,0.013550642077926042,0.10351901120546396,0.008806125734492838
1.893,0.01348633320286454,0.103147012764077,0.008774480677128573
1.896,0.013422373200526683,0.10277635110941925,0.008742949337156703
1.899,0.013358755682849697,0.10240702143771042,0.008711531305930616
1.902,0.01329547482506302,0.1020390189624328,0.008680226176272187
1.905,0.013232525386688766,0.10167233891426909,0.008649033542466494
1.908,0.013169902706366362,0.10130697654104086,0.008617953000256575
1.911,0.01310760267261498,0.10094292710764656,0.008586984146838162
1.914,0.0130456216738978,0.10058018589600046,0.008556126580854482
1.917,0.012983956532337106,0.10021874820497133,0.008525379902391047
1.92,0.012922604426093866,0.09985860935032172,0.008494743712970475
1.923,0.012861562805767328,0.099499764664647,0.008464217615547326
1.926,0.012800829310175604,0.09914220949731499,0.008433801214502943
1.9289999999999998,0.012740401686583927,0.09878593921440576,0.008403494115640349
1.932,0.012680277719881252,0.09843094919865139,0.008373295926179112
1.935,0.012620455174422276,0.09807723484937639,0.00834320625475028
1.938,0.012560931751310941,0.09772479158243781,0.008313224711391289
1.9409999999999998,0.012501705062870853,0.09737361483016597,0.008283350907540916
1.944,0.012442772624996934,0.09702370004130521,0.00825358445603424
1.947,0.012384131867080587,0.09667504268095505,0.008223924971097642
1.95,0.012325780158297219,0.09632763823051117,0.008194372068343779
1.9529999999999998,0.01226771484829396,0.09598148218760705,0.008164925364766616
1.956,0.012209933319729756,0.09563657006605546,0.008135584478736461
1.959,0.012152433049721882,0.09529289739579057,0.008106349029995024
1.962,0.012095211677027172,0.09495045972280974,0.008077218639650482
1.9649999999999999,0.012038267071728195,0.09460925260911592,0.008048192930172563
1.968,0.011981597404269163,0.09426927163266009,0.008019271525387664
1.971,0.011925201210878977,0.09393051238728413,0.007990454050473982
1.974,0.011869077452688014,0.09359297048266343,0.007961740131956635
1.9769999999999999,0.01181322556616628,0.0932566415442502,0.007933129397702838
1.98,0.011757645502846616,0.09292152121321665,0.00790462147691707
1.983,0.011702337756618653,0.09258760514639865,0.007876216000136285
1.986,0.011647303377154729,0.09225488901623928,0.007847912599225104
1.9889999999999999,0.011592543968239806,0.09192336851073284,0.007819710907371056
1.992,0.01153806166991186,0.09159303933336888,0.007791610559079812
1.995,0.01148385912338106,0.09126389720307673,0.007763611190170477
1.998,0.011429939417729844,0.09093593785416976,0.007735712437770832
2.001,0.011376306017449501,0.09060915703629016,0.007707913940312655
2.004,0.01132296267005789,0.09028355051435401,0.007680215337527031
2.007,0.011269913293467566,0.08995911406849616,0.007652616270439678
2.01,0.011217161843604662,0.08963584349401582,0.007625116381366303
2.013,0.011164967078721267,0.08931373460132178,0.007597715313907959
2.016,0.01111317565316073,0.08899278321587828,0.007570412712946427
2.019,0.01106167700105748,0.08867298517815082,0.0075432082246396125
2.022,0.011010469585358233,0.08835433634355246,0.007516101496416973
2.025,0.01095955143723426,0.08803683258238978,0.00748909217697493
2.028,0.010908920252669511,0.08772046977980962,0.007462179916272323
2.031,0.010858573487538162,0.08740524383574556,0.007435364365525875
2.034,0.010808508444494526,0.08709115066486504,0.007408645177205677
2.037,0.010758722347583873,0.08677818619651614,0.007382022005030675
2.04,0.010709212402934777,0.08646634637467497,0.007355494503964182
2.043,0.010659975845952092,0.08615562715789303,0.007329062330209412
2.046,0.010611009976953542,0.08584602451924499,0.0073027251412050255
2.049,0.010562312188151894,0.08553753444627629,0.0072764825956206855
2.052,0.010513879985290433,0.08523015294095126,0.007250334353352631
2.055,0.010465711007147209,0.08492387601960127,0.007224280075519276
2.058,0.01041780304558763,0.0846186997128732,0.007198319424456819
2.061,0.01037015406796116,0.08431462006567779,0.007172452063714857
2.064,0.01032276224250086,0.08401163313713857,0.007146677658052032
2.067,0.010275625966136716,0.08370973500054066,0.007120995873431683
2.07,0.010228743892916047,0.08340892174328006,0.007095406377017526
2.073,0.010182114960202483,0.08310918946681271,0.00706990883716933
2.076,0.010135738409133684,0.08281053428660412,0.007044502923438619
2.0789999999999997,0.010089613795580172,0.08251295233207896,0.007019188306564397
2.082,0.010043740988108917,0.0822164397465709,0.00699396465846887
2.085,0.009998120150228548,0.08192099268727278,0.006968831652253214
2.088,0.009952751705396482,0.0816266073251865,0.006943788962193312
2.0909999999999997,0.009907636284780152,0.08133327984507369,0.006918836263735553
2.094,0.009862774659398759,0.08104100644540602,0.006893973233492608
2.097,0.009818167659823514,0.08074978333831624,0.006869199549239267
2.1,0.009773816087873373,0.08045960674954876,0.00684451488990823
2.1029999999999998,0.009729720625535104,0.08017047291841094,0.006819918935585968
2.106,0.009685881746558718,0.07988237809772422,0.006795411367508565
2.109,0.00964229963581308,0.0795953185537758,0.006770991868057603
2.112,0.009598974120620364,0.07930929056626991,0.006746660120756022
2.1149999999999998,0.009555904617083142,0.07902429042827984,0.006722415810264039
2.118,0.009513090093079697,0.07874031444619976,0.006698258622375046
2.121,0.009470529048338946,0.07845735893969706,0.006674188244011555
2.124,0.009428219510965775,0.07817542024166436,0.006650204363221124
2.127,0.009386159049055171,0.07789449469817221,0.006626306669172323
2.13,0.009344344795610242,0.07761457866842159,0.006602494852150698
2.133,0.009302773484811589,0.0773356685246969,0.0065787686035547735
2.136,0.009261441497683865,0.07705776065231873,0.0065551276158920336
2.139,0.009220344915274167,0.07678085144959719,0.006531571582774945
2.142,0.009179479577533185,0.07650493732778509,0.006508100198916988
2.145,0.009138841146123785,0.07623001471103161,0.006484713160128705
2.148,0.009098425169369474,0.07595608003633576,0.006461410163313743
2.151,0.009058227147510197,0.07568312975350033,0.006438190906464936
2.154,0.009018242596385753,0.07541116032508582,0.00641505508866039
2.157,0.00897846710764956,0.07514016822636461,0.006392002410059582
2.16,0.00893889640366041,0.07487014994527537,0.006369032571899478
2.163,0.00889952638532895,0.07460110198237736,0.006346145276490652
2.166,0.008860353171421136,0.07433302085080522,0.006323340227213434
2.169,0.008821373128148496,0.0740659030762237,0.006300617128514065
2.172,0.008782582888297861,0.07379974519678277,0.006277975685900875
2.175,0.00874397935965982,0.07353454376307254,0.006255415605940444
2.178,0.008705559723080531,0.07327029533807874,0.006232936596253823
2.181,0.008667321421055318,0.07300699649713803,0.006210538365512725
2.184,0.008629262138356558,0.07274464382789382,0.0061882206234357764
2.187,0.008591379776693376,0.07248323393025181,0.006165983080784723
2.19,0.008553672425772716,0.07222276341633609,0.006143825449360701
2.193,0.008516138333319998,0.07196322891044508,0.006121747442000494
2.196,0.008478775876576477,0.07170462704900804,0.006099748772572821
2.199,0.008441583537509812,0.0714469544805412,0.006077829155974619
2.202,0.00840455988347139,0.07119020786560444,0.006055988308127348
2.205,0.008367703554367176,0.07093438387675804,0.006034225945973314
2.208,0.00833101325665943,0.07067947919851957,0.006012541787472001
2.211,0.00829448776379149,0.07042549052732078,0.005990935551596409
2.214,0.008258125922008745,0.07017241457146497,0.005969406958329421
2.217,0.008221926660117503,0.06992024805108416,0.005947955728660162
2.22,0.00818588900150413,0.06966898769809679,0.005926581584580403
2.223,0.008150012076734051,0.06941863025616513,0.005905284249080932
2.226,0.008114295135223128,0.06916917248065321,0.005884063446147985
2.2289999999999996,0.00807873755477587,0.0689206111385848,0.005862918900759656
2.232,0.008043338848148406,0.06867294300860138,0.005841850338882343
2.235,0.008008098666170601,0.0684261648809206,0.00582085748746719
2.238,0.007973016797305965,0.0681802735572944,0.005799940074446549
2.2409999999999997,0.007938093163814351,0.06793526585096783,0.005779097828730454
2.244,0.007903327814896138,0.06769113858663753,0.005758330480203105
2.247,0.00786872091733943,0.06744788860041079,0.00573763775971938
2.25,0.007834272744263938,0.06720551273976438,0.0057170193991013295
2.2529999999999997,0.00779998366257084,0.06696400786350373,0.005696475131134712
2.2560000000000002,0.0077658541196751665,0.06672337084172225,0.005676004689565523
2.259,0.007731884630027459,0.06648359855576082,0.00565560780909656
2.262,0.007698075761836909,0.06624468789816723,0.005635284225383963
2.2649999999999997,0.007664428124294595,0.06600663577265602,0.005615033675033803
2.2680000000000002,0.0076309423554779075,0.06576943909406827,0.005594855895598661
2.271,0.007597619110995829,0.06553309478833176,0.005574750625574239
2.274,0.007564459053324484,0.06529759979242097,0.005554717604395952
2.2769999999999997,0.0075314628416822856,0.06506295105431746,0.005534756572435569
2.2800000000000002,0.007498631122216229,0.06482914553297024,0.005514867270997829
2.283,0.007465964518212483,0.06459618019825657,0.0054950494423171145
2.286,0.007433463620015829,0.0643640520309424,0.0054753028295540865
2.2889999999999997,0.007401128974338902,0.06413275802264345,0.005455627176792366
2.2920000000000003,0.00736896107267172,0.06390229517578609,0.005436022229035214
2.295,0.007336960338558302,0.06367266050356866,0.00541648773220224
2.298,0.007305127113595743,0.06344385102992259,0.00539702343312609
2.3009999999999997,0.007273461642123456,0.06321586378947387,0.005377629079549175
2.304,0.007241964054708481,0.06298869582750467,0.005358304420120397
2.307,0.007210634350684679,0.06276234419991503,0.0053390492043919055
2.31,0.007179472380165719,0.0625368059731847,0.005319863182815832
2.3129999999999997,0.007148477826110637,0.062312078224335106,0.005300746106741069
2.316,0.0071176501871615915,0.06208815804089147,0.005281697728410043
2.319,0.007086988762089029,0.06186504252084505,0.0052627178009555025
2.322,0.00705649263674496,0.061642728772615646,0.005243806078397326
2.3249999999999997,0.0070261606744388624,0.06142121391501393,0.00522496231563932
2.328,0.006995991510596256,0.06120049507720425,0.005206186268466059
2.331,0.006965983552435504,0.06098056939866736,0.005187477693539705
2.334,0.006936134984209403,0.06076143402916344,0.005168836348396871
2.3369999999999997,0.006906443778309693,0.060543086128695,0.005150261991445458
2.34,0.006876907712246575,0.0603255228674702,0.00513175438196154
2.343,0.006847524391209709,0.0601087414258661,0.00511331328008624
2.346,0.006818291275619091,0.05989273899439223,0.005094938446822622
2.3489999999999998,0.006789205712808785,0.05967751277365404,0.005076629644032587
2.352,0.006760264971773741,0.05946305997431669,0.005058386634433795
2.355,0.006731466279767353,0.05924937781706887,0.005040209181596585
2.358,0.006702806859473431,0.059036463532586896,0.005022097049940918
2.3609999999999998,0.00667428396549094,0.05882431436149862,0.0050040500047333104
2.364,0.006645894918956272,0.05861292755434782,0.004986067812083806
2.367,0.006617637139275161,0.058402300371558497,0.0049681502389429325
2.37,0.006589508172126161,0.05819243008339946,0.004950297053098697
2.3729999999999998,0.0065615057131131116,0.0579833139699488,0.0049325080231735555
2.376,0.0065336276266696885,0.05777494932105878,0.004914782918621435
2.379,0.006505871960037432,0.05756733343632061,0.00489712150972473
2.382,0.006478236952341185,0.05736046362502955,0.004879523567591337
2.385,0.006450721038961731,0.05715433720614993,0.004861988864151677
2.388,0.006423322851553274,0.056948951508280485,0.004844517172155748
2.391,0.006396041214167258,0.05674430386961969,0.004827108265170179
2.394,0.006368875136029206,0.05654039163793126,0.004809761917575288
2.397,0.006341823801567554,0.05633721217050986,0.004792477904562172
2.4,0.006314886558320879,0.05613476283414674,0.00477525600212978
2.403,0.0062880629033496335,0.055933041005095656,0.004758095987082013
2.4059999999999997,0.006261352468755744,0.05573204406903888,0.004740997637024837
2.409,0.006234755006871576,0.055531769421053305,0.004723960730363395
2.4120000000000004,0.006208270375615838,0.05533221446557665,0.004706985046299135
2.415,0.006181898524438843,0.05513337661637399,0.004690070364826961
2.418,0.006155639481187683,0.05493525329650398,0.004673216466732364
2.421,0.00612949334012536,0.0547378419382856,0.004656423133588583
2.424,0.006103460251234792,0.05454113998326489,0.004639690147753789
2.427,0.006077540410839768,0.05434514488218177,0.004623017292368251
2.4299999999999997,0.006051734053481214,0.054149854094936986,0.00460640435135153
2.433,0.006026041444907995,0.053955265090559194,0.004589851109399677
2.4360000000000004,0.006000462875978491,0.053761375347172125,0.004573357351982441
2.439,0.005974998657227422,0.0535681823519621,0.004556922865340504
2.442,0.005949649113833718,0.053375683601145134,0.004540547436482683
2.445,0.005924414580727677,0.053183876599934725,0.004524230853183192
2.448,0.0058992953976002415,0.05299275886250946,0.004507972903978884
2.451,0.005874291903618676,0.05280232791198078,0.004491773378166508
2.4539999999999997,0.005849404431706166,0.0526125812803609,0.004475632065799983
2.457,0.005824633302305409,0.052423516508530825,0.004459548757687676
2.4599999999999995,0.005799978816609267,0.052235131146208466,0.004443523245389688
2.463,0.005775441249303475,0.05204742275191684,0.004427555321215152
2.466,0.005751020840920944,0.051860388892952615,0.004411644778219554
2.469,0.005726717789951896,0.05167402714535433,0.004395791410202031
2.472,0.005702532244888358,0.051488335093871115,0.004379995011702711
2.475,0.005678464296402586,0.05130331033193139,0.004364255378000048
2.4779999999999998,0.005654513969868654,0.05111895046161165,0.00434857230510817
2.481,0.005630681218434779,0.050935253093605394,0.004332945589774232
2.4839999999999995,0.005606965916843124,0.05075221584719216,0.0043173750294757856
2.487,0.005583367856175657,0.050569836350206634,0.004301860422418146
2.49,0.005559886739679166,0.05038811223900806,0.004286401567531797
2.493,0.005536522179796492,0.050207041158449386,0.00427099826446976
2.496,0.005513273696498793,0.05002662076184686,0.004255650313605011
2.499,0.0054901407169847035,0.04984684871094962,0.004240357516027891
2.502,0.005467122576781171,0.04966772267590937,0.004225119673543531
2.505,0.005444218522251527,0.049489240335250186,0.0042099365886692774
2.5079999999999996,0.005421427714489645,0.04931139937583844,0.0041948080646321394
2.511,0.005398749234551307,0.04913419749285276,0.004179733905366228
2.5140000000000002,0.005376182089950969,0.04895763238975436,0.0041647139155102375
2.517,0.005353725222325823,0.04878170177825698,0.004149747900404886
2.52,0.005331377516148102,0.048606403378297434,0.004134835666090405
2.523,0.005309137808341599,0.048431734918006,0.004119977019304031
2.526,0.005287004898638489,0.048257694133677,0.004105171767477494
2.529,0.005264977560491541,0.04808427876973942,0.004090419718734524
2.5319999999999996,0.005243054552339018,0.04791148657872772,0.004075720681888361
2.5349999999999997,0.005221234629005693,0.047739315321252696,0.004061074466439282
2.5380000000000003,0.0051995165530147915,0.04756776276597239,0.004046480882572126
2.541,0.0051778991055811616,0.04739682668956337,0.004031939741153851
2.544,0.005156381097059853,0.047226504876691645,0.004017450853731055
2.547,0.00513496137663493,0.047056795119984146,0.0040030140325275545
2.55,0.005113638841048738,0.046887695220000046,0.003988629090441945
2.553,0.00509241244219665,0.04671920298520227,0.003974295841045175
2.5559999999999996,0.005071281193439782,0.04655131623192911,0.003960014098578134
2.5589999999999997,0.005050244174520074,0.046384032784365876,0.003945783677949236
2.5620000000000003,0.005029300534998359,0.04621735047451672,0.003931604394732031
2.565,0.005008449496171106,0.04605126714217665,0.003917476065162815
2.568,0.004987690351458517,0.04588578063490332,0.0039033985061382353
2.571,0.004967022465292666,0.04572088880798927,0.0038893715352129304
2.574,0.0049464452705677816,0.04555658952443411,0.00387539497059716
2.577,0.004925958264747434,0.04539288065491683,0.003861468631154451
2.5799999999999996,0.004905561004752626,0.0452297600777682,0.0038475923363992517
2.5829999999999997,0.004885253100782208,0.04506722567894326,0.0038337659064945854
2.5860000000000003,0.004865034209241062,0.04490527535199386,0.0038199891622497243
2.589,0.004844904024972134,0.0447439069980416,0.003806261925117877
2.592,0.0048248622730069765,0.0445831185257503,0.0037925840171938547
2.595,0.004804908700062673,0.044422907851299126,0.0037789552612117793
2.598,0.0047850430660211956,0.04426327289835547,0.0037653754805427823
2.601,0.004765265135632422,0.044104211598048136,0.003751844499192717
2.6039999999999996,0.004745574670677351,0.04394572188894042,0.0037383621417998746
2.6069999999999998,0.0047259714228189125,0.043787801717003486,0.0037249282336327145
2.6100000000000003,0.004706455127348741,0.04363044903558966,0.0037115426005875974
2.613,0.004687025498012349,0.04347366180540606,0.0036982050691865363
2.616,0.0046676822230594444,0.043317437994487944,0.003684915466574935
2.619,0.004648424962624259,0.043161775578172544,0.0036716736205193567
2.622,0.004629253347491619,0.04300667253907277,0.0036584793594052934
2.625,0.004610166979251347,0.04285212686705105,0.003645332512234934
2.6279999999999997,0.0045911654317886295,0.04269813655919332,0.003632232908624956
2.631,0.004572248254003805,0.04254469961978304,0.0036191803788043144
2.634,0.004553414973605151,0.04239181406027532,0.003606174753612038
2.637,0.004534665101775293,0.042239477899271134,0.003593215864495041
2.64,0.004515998138477852,0.04208768916249178,0.0035803035435059446
2.6430000000000002,0.0044974135781497004,0.04193644588275306,0.003567437623300884
2.646,0.00447891091551471,0.041785746099939965,0.003554617937137355
2.649,0.004460489651258551,0.041635587860981184,0.0035418443188720444
2.6519999999999997,0.004442149297321337,0.04148596921982385,0.003529116602958681
2.655,0.004423889381592473,0.041336888237408276,0.003516434624445888
2.658,0.004405709451828697,0.04118834298164284,0.0035037982189750462
2.661,0.004387609078660972,0.04104033152737892,0.0034912072227781614
2.664,0.004369587857602711,0.040892851956386055,0.0034786614726757532
2.6670000000000003,0.004351645410021016,0.040745902357326926,0.0034661608060747207
2.67,0.004333781383079574,0.04059948082573265,0.00345370506096625
2.673,0.004315995448704544,0.04045358546397815,0.0034412940759237106
2.6759999999999997,0.0042982873016619225,0.04030821438125747,0.003428927690100562
2.679,0.004280656656865552,0.04016336569355937,0.0034166057432282715
2.682,0.004263103246054121,0.04001903752364281,0.003404328075614234
2.685,0.0042456268139921625,0.03987522800101266,0.003392094528139704
2.688,0.004228227114352154,0.039731935261895564,0.0033799049422577397
2.6910000000000003,0.004210903905435126,0.03958915744921559,0.0033677591599911355
2.694,0.004193656945878218,0.03944689271257027,0.0033556570239303817
2.697,0.004176485990485148,0.039305139208206635,0.0033435983772316267
2.6999999999999997,0.004159390786299633,0.039163895098997294,0.0033315830636146417
2.703,0.004142371069023331,0.0390231585544166,0.0033196109273607908
2.706,0.00412542655986251,0.038882927750516966,0.0033076818133110234
2.7089999999999996,0.004108556962867348,0.03874320086990522,0.003295795566863854
2.712,0.004091761962813136,0.038603976101719,0.0032839520339733577
2.7150000000000003,0.004075041223655181,0.038465251641603415,0.0032721510611471894
2.718,0.004058394387576798,0.0383270256916875,0.003260392495444574
2.721,0.004041821074636934,0.038189296460561004,0.0032486761844743345
2.7239999999999998,0.004025320883015061,0.03805206216325117,0.0032370019763929164
2.727,0.004008893389839531,0.03791532102119957,0.0032253697199024203
2.73,0.003992538152579236,0.03777907126223911,0.00321377926424864
2.7329999999999997,0.003976254710968649,0.03764331112057098,0.0032022304592191054
2.736,0.003960042589428782,0.037508038836741836,0.0031907231551411407
2.7390000000000003,0.003943901299937618,0.037373252657621044,0.0031792572028799303
2.742,0.003927830345294915,0.03723895083637779,0.003167832453836568
2.745,0.0039118292227172885,0.03710513163245861,0.003156448759946147
2.7479999999999998,0.003895897427689732,0.03697179331156474,0.0031451059736758357
2.751,0.003880034457991955,0.03683893414562967,0.003133803948022964
2.754,0.0038642398178087454,0.036706552412796765,0.0031225425365131224
2.7569999999999997,0.0038485130218282528,0.036574646397396895,0.0031113215931982594
2.7600000000000002,0.003832853599226342,0.03644321438992623,0.0031001409726547895
2.7630000000000003,0.00381726109743409,0.03631225468702418,0.0030890005299817206
2.766,0.0038017350855847976,0.036181765591451136,0.0030779001207987566
2.769,0.0037862751575431022,0.03605174541206658,0.003066839601244438
2.772,0.0037708809344246482,0.03592219246380718,0.003055818827974278
2.775,0.0037555520665268054,0.0357931050676649,0.003044837658158901
2.778,0.0037402882346069524,0.03566448155066529,0.0030338959494821908
2.7809999999999997,0.003725089150462401,0.035536320245845764,0.0030229935601394507
2.784,0.0037099545567876205,0.03540861949223401,0.0030121303488355624
2.7870000000000004,0.003694884226309197,0.035281377634826465,0.0030013061747831533
2.79,0.0036798779602229374,0.03515459302456692,0.00299052089770078
2.793,0.0036649355859843112,0.035028264018325025,0.0029797743778110985
2.796,0.0036500569545267836,0.03490238897887509,0.002969066475839061
2.799,0.0036352419370070136,0.03477696627487485,0.0029583970530101082
2.802,0.0036204904211920978,0.03465199428084429,0.00294776597104837
2.8049999999999997,0.0036058023076204013,0.03452747137714463,0.0029371730921748758
2.808,0.003591177505674542,0.0344033959499573,0.0029266182791057678
2.8110000000000004,0.0035766159297062295,0.03427976639126298,0.002916101395050517
2.814,0.003562117495347982,0.03415658109882093,0.0029056223037101656
2.817,0.003547682116133141,0.034033838476148,0.002895180869275539
2.82,0.003533309700527596,0.03391153693249809,0.0028847769564255017
2.823,0.003519000149452195,0.03378967488284148,0.0028744104303251978
2.826,0.003504753354347259,0.03366825074784429,0.002864081156624302
2.8289999999999997,0.0034905691958010713,0.03354726295384805,0.0028537890014552853
2.832,0.003476447542733784,0.03342670993284924,0.0028435338314316714
2.8350000000000004,0.003462388252102146,0.033306590122479,0.002833315513646311
2.838,0.003448391169063498,0.033186901965982965,0.0028231339156696666
2.841,0.0034344561275198465,0.03306764391220092,0.002812988905548084
2.844,0.0034205829509471423,0.03294881441554681,0.0028028803518020907
2.847,0.0034067714534080085,0.032830411935988714,0.0027928081234246884
2.85,0.003393021440642973,0.032712434939028825,0.002782772089879655
2.8529999999999998,0.003379332711139396,0.03259488189568361,0.0027727721210998564
2.856,0.0033657050570851687,0.032477751282463996,0.0027628080874855586
2.8589999999999995,0.003352138265127841,0.03236104158135558,0.0027528798599027442
2.862,0.0033386321168740645,0.032244751279798985,0.0027429873096814425
2.865,0.003325186389083608,0.03212887887067033,0.0027331303086140708
2.868,0.003311800853530041,0.03201342285226154,0.0027233087289537535
2.871,0.0032984752765203747,0.031898381728261,0.002713522443412681
2.874,0.0032852094180844302,0.03178375400773413,0.0027037713251604565
2.877,0.0032720030308635148,0.03166953820510408,0.0026940552478224495
2.88,0.0032588558587425226,0.031555732840132425,0.002684374085478162
2.8829999999999996,0.003245767635287027,0.03144233643790007,0.0026747277126595954
2.886,0.0032327380820551936,0.031329347528788014,0.002665116004349621
2.8890000000000002,0.0032197669068659935,0.031216764648458465,0.0026555388359803672
2.892,0.0032068538021110793,0.031104586337835697,0.0026459960834315974
2.895,0.003193998443197595,0.03099281114308723,0.002636487623029104
2.898,0.0031812004872133048,0.03088143761560498,0.0026270133315431077
2.901,0.0031684595718938662,0.030770464311986472,0.002617573086186658
2.904,0.0031557753149729483,0.030659889794016133,0.002608166764614043
2.9069999999999996,0.0031431473139734837,0.030549712628646666,0.002598794244919203
2.91,0.0031305751464953176,0.030439931387980436,0.00258945540563415
2.9130000000000003,0.003118058371024977,0.030330544649251084,0.0025801501257274
2.916,0.0031055965282852267,0.030221550994804915,0.002570878284602394
2.919,0.003093216066745911,0.030112949012082647,0.0025616397620959403
2.922,0.0030809385531591913,0.030004737293601057,0.002552434438476658
2.925,0.0030687146783272817,0.029896914436934766,0.002543262194443424
2.928,0.00305654373423825,0.029789479044698038,0.002534122911123828
2.9309999999999996,0.0030444250186361403,0.029682429724526685,0.0025250164700726294
2.9339999999999997,0.003032357839454448,0.029575765089060024,0.0025159427532702255
2.9370000000000003,0.0030203415190542117,0.029469483755922853,0.0025069016431211164
2.94,0.0030083753982065326,0.029363584347707666,0.0024978930224523934
2.943,0.002996458839758266,0.02925806549195662,0.002488916774512204
2.946,0.002984591231932498,0.02915292582114387,0.002479972782968249
2.949,0.002972771991219442,0.029048163972657814,0.0024710609319062733
2.952,0.002961000564824214,0.02894377858878342,0.002462181105828561
2.9549999999999996,0.002949276432648192,0.02883976831668466,0.0024533331896524437
2.9579999999999997,0.0029375991087900125,0.028736131808386946,0.002444517068708803
2.9610000000000003,0.0029259681425619255,0.02863286772075966,0.0024357326287405864
2.964,0.0029143831190287617,0.028529974715498826,0.002426979755901332
2.967,0.002902843659085965,0.028427451459109635,0.002418258336753685
2.97,0.002891349419101085,0.028325296622889247,0.0024095682582679296
2.973,0.002879900090151929,0.028223508882909556,0.002400909407820528
2.976,0.002868495396900545,0.02812208692000003,0.0023922816731926566
2.9789999999999996,0.002857135096146653,0.0280210294197306,0.002383684942568754
2.9819999999999998,0.002845818975107546,0.027920335072394657,0.002375119104535071
2.9850000000000003,0.002834546849473127,0.027820002572992022,0.0023665840480782247
2.988,0.002823318561283987,0.02772003062121215,0.0023580796625837686
2.991,0.0028121339766789214,0.02762041792141712,0.0023496058378347446
2.994,0.0028009929835555785,0.02752116318262495,0.0023411624640102663
2.997,0.0027898954891835757,0.02742226511849284,0.0023327494316840907
3.0,0.002778841417804373,0.027323722447300483,0.0023243666318232005
3.0029999999999997,0.00276783070824768,0.02722553389193349,0.0023160139557863923
3.006,0.0027568633115879785,0.027127698179866804,0.002307691295322868
3.009,0.002745939188859743,0.027030214043148235,0.0022993985425708314
3.012,0.002735058308845192,0.026933080218381974,0.0022911355900560883
3.015,0.002724220645943592,0.026836295446712347,0.0022829023306906635
3.0180000000000002,0.00271342617812824,0.02673985847380733,0.002274698657771397
3.021,0.0027026748849938165,0.026643768049842406,0.0022665244649785745
3.024,0.002691966745895821,0.026548022929484334,0.002258379646374542
3.0269999999999997,0.0026813017381830673,0.02645262187187502,0.0022502640964023367
3.03,0.0026706798355237192,0.026357563640615415,0.002242177709884317
3.033,0.002660101006328029,0.026262847003749513,0.002234120382020801
3.036,0.0026495652122714604,0.026168470733748353,0.0022260920083887045
3.039,0.0026390724069256214,0.026074433607494202,0.0022180924849401966
3.0420000000000003,0.002628622534506371,0.025980734406264562,0.00221012170800134
3.045,0.002618215528752439,0.025887371915716474,0.0022021795742707536
3.048,0.0026078513119498744,0.025794344925870755,0.0021942659808182733
3.0509999999999997,0.00259752979412025,0.025701652231096314,0.0021863808250836172
3.054,0.0025872508723923755,0.025609292630094527,0.0021785240048750563
3.057,0.0025770144305772113,0.025517264925883677,0.0021706954183680913
3.06,0.0025668203389648046,0.0254255679257834,0.002162894964104129
3.063,0.0025566684543603833,0.025334200441399345,0.0021551225409891773
3.0660000000000003,0.00254655862037233,0.025243161288607607,0.002147378048292521
3.069,0.002536490667959937,0.025152449287539493,0.0021396613856454277
3.072,0.002526464416242124,0.025062063262566197,0.0021319724530398402
3.0749999999999997,0.002516479673561142,0.024972002042283573,0.002124311150827085
3.078,0.0025065362387866157,0.02488226445949695,0.002116677379716579
3.081,0.002496633902837202,0.024792849351205987,0.0021090710407745397
3.0839999999999996,0.0024867724503885554,0.02470375555858964,0.0021014920354227094
3.087,0.002476951661728543,0.024614981926991086,0.0020939402654370706
3.0900000000000003,0.002467171314714135,0.024526527305902854,0.002086415632946582
3.093,0.0024574311867788115,0.024438390548951805,0.0020789180404319004
3.096,0.0024477310569355425,0.024350570513884326,0.00207144739072412
3.0989999999999998,0.0024380707077192917,0.02426306606255154,0.0020640035870035174
3.102,0.002428449927011993,0.024175876060894528,0.0020565865327982916
3.105,0.0024188685096963574,0.024088999378929648,0.0020491961319833167
3.1079999999999997,0.002409326259087822,0.024002434890733892,0.002041832288778895
3.111,0.002399822988100779,0.023916181474430254,0.0020344949077495122
3.1140000000000003,0.002390358520111512,0.023830238012173297,0.0020271838938026128
3.117,0.0023809326894898885,0.02374460339013452,0.0020198991521873503
3.12,0.0023715453417806906,0.023659276498488035,0.0020126405884933734
3.1229999999999998,0.0023621963335266082,0.023574256231396123,0.0020054081086495934
3.126,0.002352885531734544,0.02348954148699493,0.001998201618922971
3.129,0.002343612812998981,0.02340513116738019,0.0019910210259172978
3.1319999999999997,0.002334378062305459,0.023321024178592976,0.001983866236571989
3.1350000000000002,0.002325181171548206,0.023237219430605516,0.0019767371581608717
3.1380000000000003,0.0023160220378045226,0.023153715837307142,0.0019696336982909938
3.141,0.002306900561416682,0.0230705123164901,0.0019625557649014147
3.144,0.0022978166439389,0.022987607789835593,0.0019555032662620184
3.147,0.0022887701860117727,0.022905001182899794,0.0019484761109723231
3.15,0.0022797610852296622,0.022822691425099923,0.0019414742079602988
3.153,0.002270789234067591,0.022740677449700365,0.001934497466481184
3.1559999999999997,0.0022618545179335257,0.022658958193798855,0.0019275457961163119
3.159,0.0022529568134078545,0.022577532598312685,0.0019206191067719367
3.1620000000000004,0.002244095986727558,0.022496399607964988,0.0019137173086780663
3.165,0.002235271892564507,0.022415558171271104,0.0019068403123873037
3.168,0.002226484373138336,0.022335007240524864,0.001899988028773679
3.171,0.002217733257693892,0.022254745771785083,0.0018931603690315014
3.174,0.00220901836236168,0.022174772724862,0.0018863572446742047
3.177,0.002200339490407352,0.022095087063303806,0.0018795785675332019
3.1799999999999997,0.0021916964328638445,0.022015687754383215,0.0018728242497567423
3.183,0.0021830889695284043,0.021936573769084068,0.0018660942038087735
3.1860000000000004,0.0021745168702950405,0.02185774408208799,0.0018593883424678035
3.189,0.002165979896783495,0.021779197671761175,0.0018527065788257787
3.192,0.0021574778042178755,0.021700933520141026,0.0018460488262869478
3.195,0.0021490103435013066,0.02162295061292304,0.0018394149985667442
3.198,0.00214057726342935,0.02154524793944765,0.0018328050096906683
3.201,0.0021321783129824435,0.02146782449268712,0.0018262187739931707
3.2039999999999997,0.0021238132436373876,0.021390679269232497,0.001819656206116546
3.207,0.0021154818116397634,0.021313811269280603,0.0018131172210098215
3.2100000000000004,0.00210718378018254,0.021237219496621065,0.0018066017339276575
3.213,0.002098918921440412,0.021160902958623478,0.0018001096604292536
3.216,0.0020906870184156947,0.02108486066622442,0.001793640916377245
3.219,0.0020824878665576525,0.021009091633914713,0.0017871954179366175
3.222,0.002074321275124636,0.020933594879726646,0.0017807730815736214
3.225,0.0020661870682653115,0.02085836942522122,0.0017743738240546879
3.2279999999999998,0.0020580850858031487,0.0207834142954755,0.0017679975624453495
3.231,0.002050015183714747,0.020708728519069946,0.001761644214109167
3.2339999999999995,0.0020419772343003785,0.020634311128075854,0.0017553136967066564
3.237,0.002033971126050896,0.02056016115804278,0.0017490059281942223
3.24,0.002025996763221213,0.02048627764798611,0.0017427208268231
3.243,0.0020180540651262902,0.020412659640374503,0.0017364583111382857
3.246,0.0020101429651797247,0.020339306181117543,0.0017302182999774885
3.249,0.0020022634096995956,0.020266216319553377,0.001724000712470077
3.252,0.0019944153565090335,0.020193389108436374,0.0017178054680360288
3.255,0.0019865987733626196,0.02012082360392486,0.0017116324863848907
3.2579999999999996,0.001978813636230403,0.02004851886556888,0.0017054816875147333
3.261,0.001971059927474053,0.019976473956297994,0.0016993529917111161
3.2640000000000002,0.0019633376339492645,0.019904687942409207,0.0016932463195460583
3.267,0.001955646745069223,0.019833159893554757,0.001687161591877002
3.27,0.0019479872508629903,0.019761888882730127,0.0016810987298457912
3.273,0.001940359140061793,0.01969087398626202,0.001675057654877649
3.276,0.0019327623982441976,0.019620114283796387,0.0016690382886801601
3.279,0.0019251970060693998,0.019549608858286487,0.001663040553242253
3.2819999999999996,0.0019176629376249862,0.019479356795981024,0.0016570643708331936
3.285,0.0019101601589129311,0.01940935718641227,0.0016511096640015723
3.2880000000000003,0.0019026886264942736,0.019339609122384336,0.001645176355574308
3.291,0.0018952482863098578,0.01927011169996132,0.001639264368655639
3.294,0.0018878390726909623,0.01920086401845566,0.0016333736266261325
3.297,0.00188046090757072,0.019131865180416423,0.001627504053141689
3.3,0.0018731136999030312,0.019063114291617715,0.0016216555721325543
3.303,0.0018657973452934937,0.018994610461047046,0.0016158281078023323
3.3059999999999996,0.0018585117258431098,0.018926352800893817,0.0016100215846270038
3.3089999999999997,0.0018512567102025694,0.018858340426537796,0.0016042359273539472
3.3120000000000003,0.001844032153832461,0.018790572456537643,0.001598471061000962
3.315,0.0018368378994620446,0.01872304801261955,0.001592726910855302
3.318,0.0018296737777367144,0.018655766219665765,0.0015870034024727
3.321,0.0018225396080419735,0.01858872620570331,0.0015813004616764068
3.324,0.0018154351994901698,0.018521927101892658,0.0015756180145562303
3.327,0.001808360352053544,0.0184553680425165,0.0015699559874675765
3.3299999999999996,0.0018013148578261207,0.018389048164968485,0.0015643143070304937
3.3329999999999997,0.0017942985023949483,0.01832296660974208,0.0015586929001287259
3.3360000000000003,0.0017873110663000603,0.01825712252041938,0.001553091693908759
3.339,0.0017803523265611128,0.0181915150436601,0.001547510615778885
3.342,0.0017734220582478726,0.018126143329190415,0.0015419495934082517
3.345,0.0017665200360708257,0.018061006529791982,0.0015364085547259312
3.348,0.0017596460359679724,0.017996103801290974,0.001530887427919985
3.351,0.001752799836663523,0.017931434302547115,0.001525386141436532
3.3539999999999996,0.001745981221174718,0.0178669971954428,0.0015199046239788225
3.3569999999999998,0.001739189978243416,0.01780279164487222,0.0015144428045063135
3.3600000000000003,0.0017324259036702778,0.017738816818730525,0.0015090006122337471
3.363,0.0017256888015308154,0.017675071887903102,0.0015035779766302377
3.366,0.0017189784852543934,0.01761155602625474,0.0014981748274183505
3.369,0.001712294778549432,0.017548268410618982,0.0014927910945731965
3.372,0.0017056375161608704,0.01748520822078745,0.0014874267083215226
3.375,0.001699006544448817,0.017422374639499194,0.001482081599140808
3.3779999999999997,0.0016924017217800074,0.01735976685243012,0.0014767556977583619
3.381,0.001685822918727843,0.01729738404818244,0.001471448935150429
3.384,0.0016792700180795598,0.01723522541827413,0.0014661612425412914
3.387,0.001672742914652874,0.017173290157128467,0.0014608925514023776
3.39,0.0016662415149278319,0.017111577462063623,0.0014556427934513786
3.3930000000000002,0.0016597657365030457,0.0170500865332822,0.0014504119006513575
3.396,0.0016533155073884917,0.01698881657386089,0.0014451998052098698
3.399,0.001646890765150065,0.016927766789740166,0.0014400064395780853
3.4019999999999997,0.001640491455923685,0.016866936389713972,0.0014348317364499138
3.405,0.0016341175333188834,0.016806324585419474,0.0014296756287611296
3.408,0.001627768957233695,0.016745930591326837,0.001424538049688505
3.411,0.0016214456926039516,0.016685753624729037,0.001419418932648942
3.414,0.0016151477081110433,0.016625792905731778,0.001414318211298615
3.4170000000000003,0.0016088749748725375,0.016566047657243285,0.0014092358195321021
3.42,0.0016026274651399705,0.0165065171049643,0.0014041716914815355
3.423,0.0015964051510275828,0.01644720047737803,0.0013991257615157437
3.4259999999999997,0.0015902080032945663,0.016388097005740163,0.0013940979642394053
3.429,0.0015840359902021415,0.016329205924068866,0.0013890882344921958
3.432,0.0015778890764646851,0.016270526469134905,0.0013840965073479482
3.435,0.0015717672223118638,0.016212057880451703,0.0013791227181138073
3.438,0.0015656703826762153,0.016153799400265564,0.0013741668023293982
3.4410000000000003,0.0015595985065179059,0.01609575027354575,0.0013692286957659807
3.444,0.001553551536294941,0.016037909747974775,0.0013643083344256255
3.447,0.0015475294075844941,0.015980277073938613,0.0013594056545403806
3.4499999999999997,0.0015415320488572132,0.015922851504517,0.0013545205925714456
3.453,0.0015355593814036263,0.015865632295473754,0.0013496530852083492
3.456,0.0015296113194083456,0.015808618705247128,0.001344803069368128
3.4589999999999996,0.0015236877701646522,0.01575180999494019,0.001339970482194509
3.462,0.0015177886344196854,0.01569520542831125,0.0013351552610570932
3.4650000000000003,0.001511913806837227,0.015638804271764357,0.0013303573435505497
3.468,0.0015060631765636328,0.015582605794339717,0.0013255766674937994
3.471,0.0015002366278798734,0.015526609267704279,0.0013208131709292136
3.4739999999999998,0.0014944340409217731,0.015470813966142275,0.0013160667921218105
3.477,0.001488655292449118,0.015415219166545813,0.0013113374695584536
3.48,0.0014829002566440676,0.015359824148405513,0.001306625141947057
3.4829999999999997,0.0014771688059189933,0.015304628193801165,0.0013019297482157884
3.486,0.0014714608117145306,0.015249630587392411,0.0012972512275122787
3.4890000000000003,0.0014657761452689586,0.01519483061640953,0.001292589519202836
3.492,0.0014601146783420043,0.015140227570644116,0.0012879445628716539
3.495,0.0014544762838772929,0.015085820742439932,0.0012833162983200343
3.4979999999999998,0.0014488608365896694,0.015031609426683724,0.001278704665565603
3.501,0.0014432682134662026,0.014977592920796081,0.001274109604841535
3.504,0.0014376982941719549,0.01492377052472233,0.0012695310565957795
3.5069999999999997,0.0014321509613540357,0.014870141540923462,0.0012649689614902867
3.5100000000000002,0.0014266261008407497,0.014816705274367088,0.0012604232604002392
3.5130000000000003,0.0014211236017345995,0.014763461032518467,0.0012558938944132894
3.516,0.0014156433564012656,0.01471040812533147,0.0012513808048287898
3.519,0.0014101852603586476,0.014657545865239678,0.0012468839331570363
3.522,0.0014047492120728062,0.014604873567147457,0.0012424032211185087
3.525,0.0013993351126694333,0.014552390548421086,0.0012379386106431166
3.528,0.001393942865571394,0.01450009612887991,0.0012334900438694455
3.5309999999999997,0.0013885723760744602,0.01444798963078752,0.001229057463144008
3.534,0.0013832235508744553,0.014396070378842973,0.0012246408110204957
3.5370000000000004,0.0013778962975596184,0.01434433770017202,0.001220240030259034
3.54,0.001372590524082961,0.014292790924318448,0.0012158550638254452
3.543,0.001367306138228753,0.01424142938323531,0.0012114858548905017
3.546,0.0013620430470878335,0.014190252411276312,0.0012071323468291944
3.549,0.0013568011565551314,0.014139259345187182,0.001202794483219998
3.552,0.0013515803708625714,0.01408844952409707,0.0011984722078441394
3.5549999999999997,0.0013463805921589832,0.014037822289509986,0.0011941654646848692
3.558,0.001341201720147384,0.013987376985296257,0.0011898741979267358
3.5610000000000004,0.001336043651788903,0.013937112957684024,0.001185598351954861
3.564,0.0013309062810803536,0.01388702955525081,0.0011813378713542233
3.567,0.0013257894989110912,0.013837126128915005,0.0011770927009089331
3.57,0.001320693193002974,0.013787402031927506,0.0011728627856015222
3.573,0.0013156172479353678,0.013737856619863324,0.0011686480706122294
3.576,0.0013105615452550503,0.013688489250613218,0.0011644485013182887
3.5789999999999997,0.0013055259636697535,0.013639299284375395,0.0011602640232932237
3.582,0.001300510379321549,0.013590286083647206,0.0011560945823061405
3.5850000000000004,0.0012955146661356005,0.013541449013216869,0.001151940124321025
3.588,0.001290538696237407,0.013492787440155292,0.0011478005954960447
3.591,0.0012855823404312693,0.013444300733807795,0.0011436759421828478
3.594,0.0012806454687309214,0.013395988265785986,0.0011395661109258695
3.597,0.0012757279509326269,0.013347849409959601,0.0011354710484616387
3.5999999999999996,0.0012708296572202795,0.013299883542448399,0.0011313907017180894
3.6029999999999998,0.0012659504587914294,0.01325209004161406,0.0011273250178138697
3.606,0.0012610902284927806,0.01320446828805215,0.00112327394405766
3.609,0.0012562488414538287,0.01315701766458406,0.0011192374279474868
3.612,0.0012514261757070263,0.013109737556249073,0.0011152154171700465
3.615,0.0012466221127834767,0.013062627350296306,0.001111207859600022
3.618,0.0012418365382734662,0.013015686436176836,0.0011072147032994114
3.621,0.0012370693423417807,0.012968914205535757,0.0011032358965168527
3.6239999999999997,0.0012323204201888898,0.012922310052204304,0.001099271387686955
3.627,0.0012275896724495189,0.012875873372192,0.001095321125429628
3.63,0.0012228770055218185,0.01282960356367882,0.0010913850585494175
3.6329999999999996,0.001218182331821214,0.0127835000270074,0.0010874631360348415
3.636,0.0012135055699544076,0.012737562164675245,0.0010835553070577288
3.6390000000000002,0.0012088466448104938,0.012691789381327041,0.0010796615209725628
3.642,0.0012042054875671963,0.012646181083746863,0.0010757817273158205
3.645,0.0011995820356121832,0.012600736680850539,0.0010719158758053216
3.6479999999999997,0.0011949762323801914,0.012555455583677965,0.0010680639163395762
3.651,0.0011903880271085545,0.012510337205385495,0.0010642257989971367
3.654,0.001185817374514557,0.01246538096123831,0.0010604014740359475
3.6569999999999996,0.0011812642343996332,0.012420586268602858,0.001056590891892704
3.66,0.0011767285711860346,0.012375952546939286,0.0010527940031822079
3.6630000000000003,0.001172210353393201,0.012331479217793956,0.001049010758696729
3.666,0.001167709553061137,0.012287165704791889,0.0010452411094053662
3.669,0.0011632261451294504,0.012243011433629339,0.0010414850064534111
3.6719999999999997,0.0011587601067809504,0.012199015832066331,0.0010377424011617173
3.675,0.0011543114167591496,0.012155178329919254,0.0010340132450260674
3.678,0.0011498800546693288,0.012111498359053466,0.0010302974897165459
3.6809999999999996,0.0011454660002730554,0.012067975353375934,0.001026595087076912
3.684,0.0011410692327857633,0.012024608748827884,0.001022905989123975
3.6870000000000003,0.0011366897301871865,0.011981397983377535,0.001019230148046975
3.69,0.0011323274685539986,0.011938342497012753,0.00101556751620696
3.693,0.0011279824214235588,0.011895441731733831,0.0010119180461361696
3.6959999999999997,0.001123654559197472,0.01185269513154625,0.0010082816905374206
3.699,0.0011193438485926888,0.011810102142453472,0.001004658402283494
3.702,0.001115050252147354,0.011767662212449766,0.0010010481344165229
3.7049999999999996,0.0011107737277880887,0.011725374791513043,0.000997450840147385
3.7079999999999997,0.0011065142284640006,0.011683239331597735,0.000993866472855097
3.7110000000000003,0.0011022717018523542,0.011641255286627681,0.000990294986086207
3.714,0.0010980460901392733,0.011599422112489094,0.0009867363335541984
3.717,0.00109383732987856,0.01155773926702344,0.000983190469138884
3.7199999999999998,0.001089645351929963,0.011516206210020457,0.0009796573468858112
3.723,0.0010854700814774468,0.011474822403211146,0.000976136921005666
3.726,0.0010813114381271838,0.011433587310260793,0.0009726291458736799
3.7289999999999996,0.0010771693360833038,0.011392500396762014,0.000969133976029038
3.7319999999999998,0.0010730436843989087,0.011351561130227833,0.0009656513661742902
3.7350000000000003,0.0010689343872986984,0.011310768980084778,0.0009621812711747633
3.738,0.0010648413445683105,0.01127012341766603,0.0009587236460579791
3.741,0.0010607644520048843,0.01122962391620452,0.0009552784460130668
3.7439999999999998,0.0010567036019223947,0.011189269950826142,0.0009518456263901857
3.747,0.0010526586837043583,0.01114906099854294,0.0009484251426999454
3.75,0.0010486295843964639,0.011108996538246332,0.0009450169506128295
3.7529999999999997,0.0010446161893302396,0.011069076050700349,0.0009416210059586207
3.756,0.00104061838276925,0.011029299018534916,0.0009382372647258288
3.7590000000000003,0.0010366360485688526,0.010989664926239128,0.0009348656830611193
3.762,0.0010326690708400026,0.010950173260154614,0.000931506217268748
3.765,0.0010287173346083403,0.01091082350846882,0.000928158823809991
3.768,0.0010247807264591679,0.010871615161208409,0.0009248234593025815
3.771,0.0010208591351599187,0.010832547710232659,0.0009215000805201494
3.774,0.0010169524522516248,0.010793620649226851,0.0009181886443916585
3.7769999999999997,0.0010130605726017716,0.010754833473695736,0.0009148891080008509
3.78,0.0010091833949114884,0.010716185680956973,0.0009116014285856887
3.7829999999999995,0.0010053208221707148,0.010677676770134627,0.0009083255635378002
3.786,0.0010014727620561315,0.010639306242152665,0.000905061470401928
3.789,0.0009976391272671402,0.010601073599728528,0.000901809106875381
3.792,0.0009938198357967673,0.010562978347366626,0.0008985684308074818
3.795,0.0009900148111347767,0.010525019991351952,0.0008953394001990228
3.798,0.0009862239824018732,0.010487198039743682,0.0008921219732017221
3.8009999999999997,0.000982447284414696,0.010449512002368795,0.000888916108117681
3.804,0.0009786846576822904,0.01041196139081572,0.0008857217633988432
3.8069999999999995,0.0009749360483360371,0.010374545718428002,0.0008825388976464562
3.81,0.0009712014079957932,0.010337264500297998,0.0008793674696105349
3.813,0.0009674806935759611,0.010300117253260613,0.0008762074381893285
3.816,0.000963773867036128,0.010263103495887002,0.0008730587624287855
3.819,0.0009600808950815723,0.010226222748478347,0.0008699214015220234
3.822,0.000956401748819596,0.010189474533059647,0.0008667953148088013
3.8249999999999997,0.0009527364033783473,0.010152858373373515,0.0008636804617749912
3.828,0.0009490848374949233,0.01011637379487401,0.0008605768020520547
3.8309999999999995,0.0009454470330799819,0.010080020324720483,0.0008574842954165181
3.834,0.000941822974766387,0.010043797491771443,0.0008544029017894513
3.837,0.0009382126494491477,0.010007704826578487,0.0008513325812359512
3.84,0.000934616045823965,0.00997174186138016,0.0008482732939646202
3.843,0.00093103315393145,0.009935908130095929,0.000845225000327052
3.846,0.0009274639647136804,0.009900203168320134,0.0008421876608173184
3.8489999999999998,0.0009239084695892574,0.009864626513315971,0.0008391612360714569
3.852,0.0009203666600524322,0.009829177704009496,0.0008361456868669606
3.8549999999999995,0.0009168385273012538,0.009793856280983641,0.0008331409741222694
3.8579999999999997,0.0009133240618988124,0.00975866178647227,0.0008301470588962639
3.861,0.0009098232534709432,0.009723593764354234,0.0008271639023877608
3.864,0.0009063360904427982,0.00968865176014749,0.0008241914659350107
3.867,0.0009028625598157999,0.009653835321003168,0.0008212297110151952
3.87,0.000899402646985844,0.009619143995699731,0.0008182785992439293
3.8729999999999998,0.0008959563356021403,0.009584577334637114,0.0008153380923747627
3.876,0.0008925236074660623,0.009550134889830907,0.0008124081522986852
3.8789999999999996,0.0008891044424678333,0.009515816214906546,0.0008094887410436331
3.8819999999999997,0.0008856988185587261,0.009481620865093519,0.0008065798207739949
3.8850000000000002,0.0008823067117553944,0.009447548397219608,0.0008036813537901227
3.888,0.0008789280961727423,0.009413598369705168,0.0008007933025278452
3.891,0.0008755629440812564,0.009379770342557362,0.0007979156295579773
3.894,0.0008722112259841622,0.00934606387736448,0.0007950482975858366
3.897,0.0008688729107100242,0.009312478537290265,0.0007921912694507608
3.9,0.0008655479655160264,0.009279013887068237,0.0007893445081256252
3.9029999999999996,0.0008622363561973173,0.009245669492996064,0.0007865079767163632
3.9059999999999997,0.0008589380471980054,0.009212444922929927,0.0007836816384614878
3.9090000000000003,0.000855653001719732,0.009179339746278931,0.0007808654567316157
3.912,0.0008523811818239826,0.009146353533999535,0.0007780593950289928
3.915,0.0008491225485248527,0.009113485858589959,0.0007752634169870199
3.918,0.0008458770618695072,0.00908073629408467,0.0007724774863697824
3.921,0.0008426446810041631,0.009048104416048855,0.0007697015670715805
3.924,0.0008394253642239695,0.009015589801572915,0.000766935623116461
3.9269999999999996,0.0008362190690059529,0.008983192029266993,0.000764179618657752
3.9299999999999997,0.000833025752024556,0.008950910679255505,0.0007614335179775967
3.933,0.0008298453691502693,0.008918745333171708,0.0007586972854864921
3.936,0.000826677875432274,0.008886695574152252,0.000755970885722826
3.939,0.0008235232250664212,0.008854760986831831,0.0007532542833524209
3.942,0.0008203813713506771,0.008822941157337737,0.000750547443168071
3.945,0.0008172522666304084,0.008791235673284537,0.0007478503300890901
3.948,0.0008141358622361724,0.00875964412376871,0.0007451629091608543
3.9509999999999996,0.0008110321084172197,0.008728166099363334,0.0007424851455543513
3.9539999999999997,0.0008079409542737016,0.008696801192112774,0.0007398170045657271
3.957,0.000804862347691157,0.00866554899552739,0.0007371584516158372
3.96,0.0008017962352802914,0.00863440910457827,0.0007345094522497975
3.963,0.0007987425623254311,0.008603381115692008,0.0007318699721365401
3.966,0.0007957012727447068,0.008572464626745425,0.0007292399770683657
3.969,0.0007926723090646071,0.008541659237060392,0.0007266194329605012
3.972,0.0007896556124114091,0.008510964547398626,0.0007240083058506578
3.9749999999999996,0.0007866511225215581,0.008480380159956521,0.0007214065618985924
3.9779999999999998,0.0007836587777724474,0.008449905678359989,0.0007188141673856665
3.981,0.0007806785152347864,0.008419540707659318,0.000716231088714411
3.984,0.0007777102707470869,0.008389284854324058,0.0007136572924080895
3.987,0.0007747539790120664,0.008359137726237942,0.0007110927451102673
3.99,0.0007718095737147301,0.008329098932693757,0.0007085374135843746
3.993,0.0007688769876607324,0.008299168084388324,0.0007059912647132795
3.996,0.0007659561529335418,0.008269344793417423,0.0007034542654988564
3.9989999999999997,0.0007630470010683009,0.00823962867327079,0.0007009263830615604
4.002,0.0007601494632397185,0.008210019338827092,0.0006984075846399995
4.005,0.0007572634704613839,0.008180516406348938,0.000695897837590511
4.008,0.0007543889537929316,0.008151119493477913,0.0006933971093867383
4.011,0.0007515258445519427,0.008121828219229604,0.0006909053676192077
4.014,0.0007486740745268373,0.008092642203988703,0.0006884225799949125
4.017,0.0007458335761871926,0.008063561069504038,0.0006859487143368899
4.02,0.000743004282887974,0.008034584438883698,0.0006834837385838061
4.023,0.0007401861290640471,0.008005711936590144,0.000681027620789541
4.026,0.0007373790504117115,0.007976943188435342,0.0006785803291227735
4.029,0.00073458298405428,0.007948277821575915,0.0006761418318665696
4.032,0.0007317978686889376,0.007919715464508306,0.0006737120974179703
4.035,0.0007290236447124068,0.00789125574706396,0.0006712910942875828
4.038,0.0007262602543236713,0.007862898300404556,0.0006688787910991737
4.041,0.0007235076416021204,0.00783464275701718,0.0006664751565892595
4.044,0.0007207657525601077,0.007806488750709595,0.0006640801596067032
4.047,0.0007180345351694437,0.007778435916605485,0.0006616937691123105
4.05,0.0007153139393617388,0.007750483891139728,0.000659315954178427
4.053,0.0007126039170028523,0.007722632312053682,0.000656946683988538
4.056,0.0007099044218425211,0.007694880818390492,0.0006545859278368686
4.059,0.0007072154094401992,0.0076672290504904055,0.0006522336551279854
4.062,0.000704536837069007,0.007639676649986137,0.0006498898353764027
4.065,0.0007018686635995022,0.007612223259798183,0.0006475544382061825
4.068,0.0006992108493656716,0.007584868524130223,0.0006452274333505456
4.071,0.0006965633560156901,0.0075576120884645,0.0006429087906514757
4.074,0.0006939261463500624,0.007530453599557225,0.0006405984800593313
4.077,0.0006912991841499703,0.007503392705434003,0.000638296471632455
4.08,0.0006886824339988589,0.007476429055385267,0.000636002735536785
4.082999999999999,0.0006860758611000294,0.007449562299961736,0.0006337172420454697
4.086,0.0006834794310933044,0.007422792090969874,0.0006314399615384806
4.089,0.0006808931098735145,0.0073961180814674145,0.0006291708645022319
4.092,0.000678316863413626,0.007369539925758812,0.0006269099215291935
4.095,0.0006757506575950532,0.007343057279390798,0.0006246571033175129
4.098,0.0006731944580475582,0.007316669799147903,0.0006224123806706344
4.101,0.0006706482300010034,0.007290377143048016,0.0006201757244969212
4.104,0.0006681119381507659,0.007264178970337944,0.0006179471058092779
4.106999999999999,0.0006655855465385998,0.007238074941489004,0.0006157264957247752
4.11,0.0006630690184503739,0.0072120647181926085,0.0006135138654642747
4.113,0.0006605623163316656,0.007186147963355914,0.0006113091863520586
4.116,0.000658065401722127,0.007160324341097406,0.0006091124298154538
4.119,0.0006555782352090497,0.007134593516742581,0.000606923567384465
4.122,0.0006531007764004201,0.007108955156819595,0.0006047425706914047
4.125,0.0006506329839172488,0.0070834089290549435,0.0006025694114705249
4.128,0.0006481748154048702,0.0070579545023691575,0.0006004040615576518
4.130999999999999,0.000645726227562474,0.007032591546872512,0.0005982464928898203
4.134,0.0006432871761900174,0.007007319733860741,0.0005960966775049097
4.1370000000000005,0.0006408576162513545,0.006982138735810807,0.0005939545875412834
4.14,0.0006384375019520583,0.006957048226376617,0.0005918201952374251
4.143,0.0006360267868306049,0.0069320478803848165,0.0005896934729315807
4.146,0.0006336254238609833,0.006907137373830572,0.0005875743930613993
4.149,0.0006312333655650343,0.006882316383873372,0.0005854629281635763
4.152,0.0006288505641324816,0.006857584588832836,0.0005833590508734967
4.154999999999999,0.0006264769715466443,0.006832941668184556,0.0005812627339248816
4.1579999999999995,0.000624112539713824,0.006808387302555935,0.0005791739501494342
4.1610000000000005,0.00062175722059441,0.006783921173722045,0.0005770926724764866
4.164,0.0006194109663335233,0.006759542964601525,0.0005750188739326522
4.167,0.0006170737293894994,0.006735252359252439,0.0005729525276414727
4.17,0.0006147454626582608,0.0067110490428682005,0.0005708936068230707
4.173,0.0006124261195919083,0.0066869327017734905,0.0005688420847938039
4.176,0.0006101156543101543,0.0066629030234201915,0.0005667979349659178
4.178999999999999,0.000607814021702878,0.006638959696383335,0.0005647611308472024
4.1819999999999995,0.0006055211775230778,0.006615102410357069,0.0005627316460406476
4.1850000000000005,0.000603237078468989,0.006591330856150625,0.0005607094542441015
4.188,0.0006009616822544967,0.00656764472568434,0.000558694529249931
4.191,0.0005986949476676713,0.006544043711985626,0.0005566868449446796
4.194,0.0005964368346166951,0.006520527509185014,0.0005546863753087303
4.197,0.0005941873041633234,0.006497095812512189,0.000552693094415969
4.2,0.0005919463185437378,0.006473748318292033,0.0005507069764334473
4.202999999999999,0.0005897138411771276,0.006450484723940692,0.0005487279956210481
4.2059999999999995,0.0005874898366624548,0.0064273047279616614,0.0005467561263311528
4.2090000000000005,0.0005852742707638539,0.00640420802994186,0.0005447913430083071
4.212,0.0005830671103855071,0.006381194330547771,0.0005428336201888925
4.215,0.0005808683235366261,0.006358263331521523,0.0005408829325007935
4.218,0.000578677879287586,0.006335414735677046,0.0005389392546630704
4.221,0.0005764957477181636,0.006312648246896219,0.0005370025614856312
4.224,0.0005743218998588993,0.006289963570125029,0.000535072827868905
4.226999999999999,0.0005721563076266077,0.006267360411369747,0.0005331500288035173
4.2299999999999995,0.00056999894375521,0.006244838477693119,0.0005312341393699654
4.233,0.0005678497817228805,0.006222397477210571,0.0005293251347382954
4.236,0.0005657087956765911,0.006200037119086415,0.0005274229901677798
4.239,0.0005635759603551975,0.006177757113530108,0.0005255276810065997
4.242,0.000561451251011852,0.006155557171792462,0.000523639182691521
4.245,0.0005593346433368959,0.00613343700616192,0.0005217574707475792
4.248,0.0005572261133819659,0.006111396329960827,0.0005198825207877614
4.2509999999999994,0.000555125637486069,0.00608943485754171,0.0005180143085126896
4.254,0.0005530331922046067,0.006067552304283579,0.0005161528097103067
4.257,0.0005509487542415896,0.006045748386588238,0.000514298000255562
4.26,0.0005488723003859819,0.006024022821876604,0.0005124498561100989
4.263,0.0005468038074523236,0.006002375328585063,0.000510608353321944
4.266,0.0005447432522261547,0.005980805626161794,0.000508773468025195
4.269,0.0005426906114144738,0.005959313435063153,0.000506945176439713
4.272,0.0005406458616012747,0.005937898476750042,0.000505123454870813
4.2749999999999995,0.0005386089792085234,0.0059165604736843005,0.0005033082797089584
4.278,0.0005365799404621827,0.005895299149325111,0.0005014996274294534
4.281,0.0005345587213635471,0.005874114228125412,0.0004996974745921395
4.284,0.0005325452976654812,0.005853005435528324,0.0004979017978410899
4.287,0.0005305396448533941,0.005831972497963608,0.0004961125739043098
4.29,0.0005285417381307473,0.005811015142844095,0.0004943297795934314
4.293,0.0005265515524085473,0.00579013309856217,0.0004925533918034158
4.296,0.0005245690622986724,0.005769326094486244,0.0004907833875122521
4.2989999999999995,0.0005225942421103471,0.005748593860957256,0.0004890197437806597
4.302,0.0005206270658496834,0.005727936129285167,0.0004872624377517916
4.305,0.0005186675072214568,0.005707352631745486,0.0004855114466509369
4.308,0.0005167155396329959,0.005686843101575799,0.0004837667477852264
4.311,0.0005147711361995774,0.005666407272972299,0.00048202831854333793
4.314,0.0005128342697511292,0.005646044881086374,0.000480296136395205
4.317,0.0005109049128395765,0.005625755662021135,0.0004785701788917224
4.32,0.0005089830377468156,0.005605539352828017,0.0004768504236644567
4.3229999999999995,0.0005070686164929075,0.005585395691503373,0.00047513684842535615
4.326,0.0005051616208442286,0.005565324416985068,0.0004734294309664615
4.329,0.0005032620223214386,0.005545325269149103,0.00047172814915961866
4.332,0.0005013697922072255,0.005525397988806244,0.0004700329809561917
4.335,0.0004994849015535767,0.0055055423176986525,0.00046834390438677643
4.338,0.0004976073211887523,0.005485757998496564,0.00046666089756091777
4.341,0.0004957370217238554,0.005466044774794918,0.0004649839386668232
4.344,0.0004938739735591377,0.005446402391110061,0.00046331300597108206
4.3469999999999995,0.0004920181468900977,0.005426830592876426,0.0004616480778183833
4.35,0.0004901695117135911,0.0054073291264432315,0.00045998913263123456
4.353,0.000488328037834024,0.005387897739071201,0.00045833614890968303
4.356,0.00048649369486994604,0.005368536178929283,0.0004566891052310368
4.359,0.00048466645226111205,0.005349244195091381,0.00045504798024958597
4.362,0.00048284627927631403,0.005330021537533125,0.00045341275269632886
4.365,0.0004810331450221997,0.005310867957128598,0.00045178340137869307
4.368,0.00047922701845321816,0.005291783205647131,0.0004501599051802627
4.3709999999999996,0.00047742786838288876,0.005272767035750078,0.00044854224306050425
4.374,0.0004756356634967098,0.005253819200987608,0.0004469303940544939
4.377,0.0004738503723666381,0.005234939455795521,0.00044532433727264615
4.38,0.0004720719634675282,0.0052161275554920535,0.0004437240519004426
4.383,0.0004703004051953122,0.005197383256274715,0.0004421295171981625
4.386,0.00046853566588731915,0.005178706315217119,0.00044054071250061315
4.389,0.000466777713844498,0.005160096490265858,0.0004389576172168644
4.392,0.00046502651735562774,0.005141553540237336,0.00043738021082997876
4.395,0.0004632820447235305,0.005123077224814661,0.00043580847289674746
4.398,0.0004615442642930212,0.005104667304544526,0.0004342423830474248
4.401,0.0004598131444805695,0.005086323540834107,0.0004326819209854644
4.404,0.0004580886538054609,0.00506804569594797,0.0004311270664872562
4.407,0.00045637076092216804,0.0050498335330049875,0.000429577799401864
4.41,0.0004546594346537294,0.005031686815975271,0.00042803409965076446
4.413,0.0004529546440257705,0.005013605309677122,0.00042649594722758786
4.416,0.0004512563583008711,0.004995588779773959,0.0004249633221978569
4.419,0.0004495645470127779,0.004977636992771306,0.00042343620469872977
4.422,0.0004478791800002198,0.0049597497160137494,0.0004219145749387423
4.425,0.00044620022743976494,0.004941926717681933,0.0004203984131975514
4.428,0.00044452765987731534,0.0049241677667895495,0.0004188876998256799
4.431,0.00044286144825781684,0.004906472633180345,0.0004173824152442611
4.434,0.0004412015639527752,0.004888841087525139,0.0004158825399447857
4.437,0.0004395479787849242,0.004871272901318858,0.00041438805448884916
4.44,0.00043790066504994813,0.004853767846877561,0.000412898939507899
4.443,0.0004362595955346156,0.004836325697335497,0.0004114151757029842
4.446,0.0004346247435311429,0.0048189462266421635,0.0004099367438445049
4.449,0.000432996082847297,0.004801629209559377,0.0004084636247719637
4.452,0.00043137358781216275,0.004784374421658354,0.0004069957993937167
4.455,0.00042975723327732325,0.004767181639316801,0.0004055332486867265
4.457999999999999,0.0004281469946132934,0.00475005063971602,0.00040407595369631544
4.461,0.00042654284770113907,0.00473298120083801,0.00040262389553591963
4.464,0.00042494476891941345,0.004715973101462614,0.0004011770553868459
4.467,0.00042335273512638066,0.004699026121164622,0.00039973541449802506
4.47,0.00042176672363789544,0.004682140040310931,0.0003982989541857712
4.473,0.0004201867122008981,0.004665314640057698,0.0003968676558335385
4.476,0.00041861267896320403,0.004648549702347499,0.00039544150089168025
4.479,0.00041704460243975616,0.004631845009906508,0.00039402047087720845
4.481999999999999,0.00041548246147589407,0.004615200346241676,0.0003926045473735543
4.485,0.00041392623520822216,0.004598615495637925,0.000391193712030329
4.488,0.00041237590302350426,0.004582090243155368,0.00038978794656308735
4.491,0.0004108314445164134,0.004565624374626496,0.000388387232753089
4.494,0.0004092928394465095,0.004549217676653425,0.0003869915524470633
4.497,0.0004077600676954452,0.004532869936605116,0.0003856008875569738
4.5,0.00040623310922468814,0.004516580942614632,0.0003842152200597845
4.503,0.0004047119440346903,0.004500350483576382,0.00038283453199722484
4.505999999999999,0.000403196552125944,0.00448417834914339,0.00038145880547555826
4.509,0.000401686913462671,0.004468064329724563,0.0003800880226653496
4.5120000000000005,0.00040018300793952667,0.004452008216481991,0.00037872216580123495
4.515,0.0003986848153518648,0.0044360098013282185,0.00037736121718169
4.518,0.000397192315370065,0.004420068876923562,0.0003760051591688016
4.521,0.00039570548751803624,0.004404185236673417,0.0003746539741880389
4.524,0.00039422431115639686,0.004388358674725584,0.00037330764472802566
4.527,0.00039274876547031815,0.004372588985967598,0.00037196615334031315
4.529999999999999,0.00039127882946216145,0.004356875966024073,0.0003706294826391544
4.5329999999999995,0.00038981448194893426,0.004341219411254049,0.0003692976153012782
4.5360000000000005,0.0003883557015644029,0.004325619118748355,0.00036797053406566486
4.539,0.00038690246676562805,0.004310074886326988,0.00036664822173332383
4.542,0.0003854547558437762,0.004294586512536476,0.00036533066116706844
4.545,0.0003840125469387381,0.004279153796647277,0.0003640178352912951
4.548,0.00038257581805711675,0.004263776538651176,0.0003627097270917623
4.551,0.00038114454709323837,0.0042484545392586955,0.00036140631961536937
4.553999999999999,0.00037971871185252877,0.004233187599896509,0.0003601075959699372
4.5569999999999995,0.0003782982900767312,0.004217975522704868,0.00035881353932398915
4.5600000000000005,0.0003768832594704018,0.004202818110535036,0.0003575241329065327
4.563,0.00037547359772807437,0.004187715166946745,0.00035623936000684313
4.566,0.00037406928256146363,0.004172666496205634,0.00035495920397424555
4.569,0.0003726702917262331,0.004157671903280717,0.00035368364821789975
4.572,0.0003712766030476262,0.004142731193841861,0.00035241267620658533
4.575,0.00036988819444458984,0.004127844174257262,0.00035114627146848716
4.577999999999999,0.00036850504395187945,0.004113010651590938,0.00034988441759098215
4.5809999999999995,0.00036712712973973477,0.004098230433600227,0.0003486270982204264
4.5840000000000005,0.0003657544301308391,0.0040835033287332945,0.0003473742970619429
4.587,0.00036438692361420374,0.004068829146126662,0.0003461259978792118
4.59,0.0003630245888560026,0.004054207695602714,0.00034488218449425784
4.593,0.0003616674047070132,0.0040396387876672464,0.0003436428407872422
4.596,0.00036031535020686296,0.00402512223350701,0.00034240795069625303
4.599,0.0003589684045850049,0.004010657844987258,0.00034117749821709753
4.601999999999999,0.0003576265472586428,0.003996245434649314,0.0003399514674030943
4.6049999999999995,0.0003562897578277666,0.003981884815708137,0.0003387298423648669
4.608,0.0003549580160676645,0.003967575802049905,0.0003375126072701376
4.611,0.00035363130191908216,0.003953318208229598,0.0003362997463435224
4.614,0.0003523095954766701,0.003939111849468607,0.0003350912438663272
4.617,0.0003509928769758174,0.0039249565416523205,0.00033388708417634276
4.62,0.0003496811267785987,0.00391085210132775,0.00033268725166764253
4.623,0.00034837432535919557,0.003896798345701152,0.0003314917307903804
4.6259999999999994,0.00034707245328912176,0.0038827950926356575,0.00033030050605058924
4.629,0.0003457754912229395,0.00386884216064891,0.00032911356200997964
4.632,0.000344483419884726,0.003854939368910716,0.00032793088328574027
4.635,0.0003431962200557545,0.003841086537240697,0.0003267524545503379
4.638,0.00034191387256380333,0.003827283486105966,0.0003255782605313203
4.641,0.00034063635827423527,0.0038135300366187856,0.00032440828601111625
4.644,0.00033936365808331643,0.0037998260105342563,0.0003232425158268396
4.647,0.0003380957529138356,0.0037861712302480095,0.0003220809348700924
4.6499999999999995,0.0003368326237132111,0.0037725655187939005,0.0003209235280867692
4.653,0.0003355742514541333,0.003759008699841719,0.00031977028047686193
4.656,0.0003343206171377022,0.003745500597694902,0.00031862117709426547
4.659,0.0003330717017990837,0.0037320410372882525,0.0003174762030465835
4.662,0.0003318274865154779,0.0037186298441856864,0.0003163353434949369
4.665,0.00033058795241624247,0.0037052668445779497,0.0003151985836537697
4.668,0.0003293530806949146,0.003691951865280381,0.0003140659087906585
4.671,0.0003281228526227452,0.0036786847337306615,0.0003129373042261211
4.6739999999999995,0.0003268972495637067,0.003665465277986581,0.0003118127553334265
4.677,0.00032567625299016116,0.003652293326723808,0.0003106922475384055
4.68,0.0003244598444992673,0.00363916870923367,0.00030957576631926133
4.683,0.00032324800582933196,0.0036260912554209367,0.0003084632972063814
4.686,0.0003220407188759725,0.003613060795801631,0.000307354825782151
4.689,0.00032083796570759205,0.00360007716150081,0.00030625033768076474
4.692,0.0003196397285797226,0.003587140184250392,0.00030514981858804143
4.695,0.0003184459899479756,0.0035742496963869696,0.00030405325424123807
4.6979999999999995,0.00031725673247927404,0.003561405530849641,0.0003029606304288655
4.701,0.0003160719390609358,0.0035486075211778405,0.00030187193299050375
4.704,0.0003148915928075692,0.0035358555015091836,0.00030078714781661876
4.707,0.00031371567706535344,0.0035231493065773166,0.0002997062608483795
4.71,0.00031254417541373946,0.003510488771709773,0.0002986292580774756
4.713,0.0003113770716643956,0.0034978737328258494,0.0002975561255459365
4.716,0.00031021434985734834,0.003485304026434462,0.00029648684934594925
4.719,0.0003090559942544554,0.0034727794896320407,0.0002954214156196794
4.7219999999999995,0.0003079019893300403,0.0034602999601004124,0.00029435981055909093
4.725,0.000306752319759164,0.0034478652761047003,0.0002933020204057674
4.728,0.00030560697040342064,0.003435475276491226,0.00029224803145073367
4.731,0.0003044659262946585,0.0034231298006854203,0.00029119783003427806
4.734,0.00030332917261677176,0.0034108286886897414,0.00029015140254577524
4.737,0.00030219669468602313,0.0033985717810816117,0.0002891087354235109
4.74,0.0003010684779301121,0.003386358919011334,0.00028806981515450424
4.743,0.00029994450786644254,0.0033741899442000446,0.000287034628274334
4.7459999999999996,0.0002988247700798356,0.00336206469893766,0.0002860031613669638
4.749,0.00029770925020025847,0.0033499830260808323,0.0002849754010645681
4.752,0.0002965979338808339,0.0033379447690509113,0.0002839513340473589
4.755,0.00029549080677655434,0.0033259497718319173,0.0002829309470434133
4.758,0.0002943878545240248,0.0033139978789685164,0.0002819142268285013
4.761,0.00029328906272273566,0.0033020889355640155,0.0002809011602259152
4.764,0.0002921944169180425,0.0032902227872783378,0.0002798917341062973
4.767,0.00029110390258616783,0.0032783992803260362,0.00027888593538747097
4.77,0.0002900175051215822,0.0032666182614742943,0.0002778837510342708
4.773,0.00028893520982685667,0.0032548795780409437,0.0002768851680583735
4.776,0.00028785700190536506,0.003243183077892482,0.0002758901735181298
4.779,0.0002867828664566176,0.0032315286094421044,0.0002748987545183965
4.782,0.0002857127884746698,0.0032199160216477363,0.0002739108982103694
4.785,0.0002846467528494532,0.0032083451640100742,0.00027292659179141676
4.788,0.000283584744370942,0.0031968158865706467,0.00027194582250491406
4.791,0.0002825267477361993,0.003185328039909855,0.0002709685776400774
4.794,0.00028147274755916264,0.0031738814751450448,0.00026999484453179965
4.797,0.0002804227283828911,0.0031624760439285765,0.0002690246105604861
4.8,0.00027937667469423734,0.003151111598445902,0.0002680578631518909
4.803,0.00027833457094042827,0.0031397879914136463,0.0002670945897769539
4.806,0.0002772964015475448,0.003128505076077712,0.0002661347779516393
4.809,0.0002762621509403873,0.0031172627062113468,0.00026517841523677154
4.811999999999999,0.00027523180356346384,0.0031060607361132917,0.0002642254892378774
4.815,0.0002742053439026574,0.003094899020605846,0.00026327598760502157
4.818,0.0002731827565073471,0.003083777415033031,0.0002623298980326506
4.821,0.0002721640260124203,0.003072695775258673,0.0002613872082594295
4.824000000000001,0.00027114913715991075,0.00306165395766457,0.000260447906068086
4.827,0.00027013807481985724,0.003050651819148617,0.000259511979285251
4.83,0.0002691308240100627,0.0030396892171229346,0.00025857941578129946
4.832999999999999,0.00026812736991439393,0.0030287660095120574,0.00025765020347019615
4.836,0.00026712769789918184,0.003017882054751051,0.0002567243303093357
4.8389999999999995,0.0002661317935277177,0.00300703721178372,0.0002558017842993898
4.842,0.0002651396425723924,0.002996231340060737,0.00025488255348414833
4.845,0.0002641512310242926,0.002985464299537865,0.0002539666259503681
4.848,0.00026316654510017117,0.0029747359506740964,0.0002530539898276144
4.851,0.00026218557124666115,0.0029640461544298852,0.0002521446332881108
4.854,0.00026120829614159743,0.002953394772265328,0.00025123854454658435
4.857,0.0002602347066925195,0.0029427816661383517,0.00025033571186011124
4.859999999999999,0.00025926479003228177,0.002932206698502964,0.0002494361235279682
4.863,0.00025829853351192297,0.0029216697323074248,0.00024853976789147695
4.866,0.0002573359246909529,0.0029111706309925154,0.0002476466333338568
4.869,0.00025637695132508533,0.0029007092584897257,0.00024675670828007044
4.872000000000001,0.00025542160135170534,0.002890285479219527,0.0002458699811966772
4.875,0.000254469862873339,0.0028798991580895987,0.0002449864405916821
4.878,0.00025352172413933274,0.0028695501604930635,0.0002441060750143857
4.880999999999999,0.0002525771735260116,0.002859238352306778,0.0002432288730552386
4.884,0.0002516361995157457,0.0028489635998895533,0.0002423548233456903
4.887,0.00025069879067508757,0.0028387257700804645,0.00024148391455804515
4.89,0.00024976493563250374,0.0028285247301970845,0.0002406161354053123
4.893,0.00024883462305583606,0.002818360348033803,0.00023975147464106255
4.896,0.00024790784163003114,0.0028082324918600747,0.0002388899210592795
4.899,0.000246984580035214,0.0027981410304187475,0.00023803146349421703
4.902,0.00024606482692570054,0.0027880858329243446,0.0002371760908202536
4.905,0.0002451485709099436,0.0027780667690613554,0.00023632379195174646
4.9079999999999995,0.0002442358005319026,0.0027680837089825825,0.00023547455584289122
4.9110000000000005,0.00024332650425396086,0.0027581365233074174,0.00023462837148757515
4.914,0.00024242067044155899,0.0027482250831202043,0.00023378522791923806
4.917,0.00024151828734973713,0.00273834925996853,0.00023294511421072662
4.919999999999999,0.0002406193431118004,0.0027285089258615976,0.00023210801947415622
4.923,0.00023972382572994547,0.0027187039532685304,0.0002312739328607666
4.926,0.00023883172306822767,0.0027089342151167504,0.00023044284356078397
4.928999999999999,0.00023794302284757242,0.0026991995847903197,0.00022961474080327975
4.932,0.00023705771264298243,0.002689499936128283,0.00022878961385602978
4.935,0.00023617577988276276,0.002679835143423068,0.0002279674520253781
4.938,0.00023529721184976186,0.002670205081418816,0.00022714824465609512
4.941,0.00023442199568444663,0.0026606096253097983,0.0002263319811312426
4.944,0.0002335501183896018,0.00265104865073876,0.00022551865087203307
4.947,0.00023268156683662898,0.0026415220337953414,0.00022470824333769543
4.95,0.00023181632777312036,0.002632029651014458,0.00022390074802533698
4.953,0.0002309543878314954,0.0026225713793746877,0.0002230961544698065
4.9559999999999995,0.00023009573353863997,0.002613147096296706,0.0002222944522435609
4.9590000000000005,0.00022924035132612484,0.0026037566796416633,0.00022149563095652744
4.962,0.00022838822754104232,0.002594400007709638,0.00022069968025597181
4.965,0.00022753934845694897,0.002585076959238021,0.000219906589826361
4.967999999999999,0.00022669370028502382,0.0025757874133999835,0.0002191163493892327
4.971,0.0002258512691851337,0.0025665312498028715,0.00021832894870305904
4.974,0.00022501204127653695,0.0025573083484866804,0.00021754437756311648
4.976999999999999,0.00022417600264831362,0.002548118589922484,0.00021676262580135237
4.98,0.00022334313936927334,0.0025389618550108743,0.0002159836832862523
4.983,0.00022251343749725883,0.0025298380250804472,0.0002152075399227111
4.986,0.00022168688308777382,0.0025207469818862307,0.00021443418565189913
4.989,0.00022086346220195977,0.002511688607608186,0.000213663610451135
4.992,0.0002200431609138998,0.002502662784849647,0.00021289580433375252
4.994999999999999,0.00021922596531713848,0.0024936693966358336,0.00021213075734897446
4.998,0.0002184118615306512,0.0024847083264122995,0.0002113684595817804
5.001,0.0002176008357041577,0.002475779458043454,0.00021060890115278102
5.004,0.00021679287402289558,0.0024668826758110418,0.0002098520722180888
5.007000000000001,0.00021598796271199091,0.002458017864412632,0.0002090979629691894
5.01,0.00021518608804045968,0.002449184908960154,0.0002083465636328172
5.013,0.00021438723632494485,0.0024403836949783726,0.00020759786447082545
5.015999999999999,0.00021359139393342625,0.0024316141084034398,0.00020685185578006332
5.019,0.0002127985472888274,0.0024228760355813825,0.000206108527892247
5.022,0.00021200868287269935,0.002414169363266659,0.000205367871173837
5.0249999999999995,0.00021122178722916894,0.0024054939786206783,0.00020462987602591233
5.0280000000000005,0.0002104378469691664,0.0023968497692103256,0.00020389453288404476
5.031,0.00020965684877497016,0.002388236623006534,0.00020316183221817755
5.034,0.00020887877940525785,0.0023796544283828003,0.00020243176453249914
5.037,0.00020810362570059811,0.00237110307411377,0.00020170432036532284
5.04,0.00020733137458946163,0.002362582449373764,0.00020097949028896134
5.042999999999999,0.0002065620130947965,0.0023540924437353747,0.00020025726490960742
5.046,0.00020579552834104064,0.002345632947168002,0.00019953763486720935
5.049,0.00020503190756172968,0.0023372038500364557,0.00019882059083535202
5.052,0.0002042711381074383,0.0023288050430995233,0.00019810612352113514
5.055000000000001,0.0002035132074541025,0.0023204364175085416,0.00019739422366505158
5.058,0.00020275810321165107,0.002312097864806013,0.00019668488204086998
5.061,0.00020200581313272812,0.0023037892769241708,0.0001959780894555122
5.063999999999999,0.00020125632512149995,0.0022955105461836068,0.00019527383674893721
5.067,0.00020050962724231877,0.0022872615652918473,0.00019457211479401932
5.069999999999999,0.00019976570772815724,0.0022790422273419927,0.00019387291449643294
5.0729999999999995,0.00019902455498864874,0.0022708524258112993,0.00019317622679453165
5.0760000000000005,0.0001982861576174804,0.002262692054559829,0.0001924820426592335
5.079,0.00019755050439915418,0.0022545610078290607,0.00019179035309390267
5.082,0.00019681758431481814,0.0022464591802405062,0.00019110114913423203
5.085,0.00019608738654710661,0.002238386466794375,0.00019041442184812934
5.088,0.00019535990048371793,0.0022303427628681794,0.00018973016233559865
5.090999999999999,0.00019463511571981066,0.0022223279642154124,0.00018904836172862777
5.094,0.00019391302205887018,0.0022143419669641636,0.00018836901119107067
5.097,0.00019319360951215644,0.0022063846676158,0.00018769210191853515
5.1,0.00019247686829651535,0.0021984559630436147,0.00018701762513826788
5.103000000000001,0.0001917627888305786,0.0021905557504914783,0.00018634557210903975
5.106,0.0001910513617293105,0.002182683927572533,0.00018567593412103476
5.109,0.00019034257779687827,0.0021748403922678353,0.00018500870249573445
5.111999999999999,0.00018963642801786618,0.0021670250429250662,0.00018434386858580837
5.115,0.0001889329035469411,0.0021592377782571814,0.0001836814237749991
5.117999999999999,0.00018823199569702293,0.002151478497341129,0.0001830213594780132
5.1209999999999996,0.00018753369592597427,0.0021437470996165118,0.0001823636671404075
5.1240000000000006,0.00018683799582208996,0.0021360434848843113,0.0001817083382384805
5.127,0.00018614488708843928,0.0021283675533055766,0.0001810553642791607
5.13,0.00018545436152623589,0.0021207192054001193,0.00018040473679989584
5.133,0.00018476641101749258,0.002113098342045251,0.0001797564473685453
5.136,0.00018408102750707683,0.0021055048644744684,0.00017911048758326837
5.138999999999999,0.00018339820298445225,0.0020979386742762036,0.0001784668490724178
5.142,0.0001827179294652951,0.002090399673392518,0.00017782552349442888
5.1450000000000005,0.00018204019897333367,0.0020828877641178587,0.0001771865025377134
5.148,0.0001813650035224006,0.0020754028490977796,0.00017654977792055118
5.151000000000001,0.00018069233509921957,0.0020679448313276703,0.00017591534139098163
5.154,0.00018002218564699626,0.002060513614151523,0.00017528318472669906
5.157,0.0001793545470500176,0.0020531091012606522,0.0001746532997349437
5.159999999999999,0.00017868941111963256,0.0020457311966924747,0.00017402567825239778
5.163,0.00017802676958150835,0.002038379804829236,0.00017340031214507749
5.1659999999999995,0.00017736661406473183,0.0020310548303968026,0.00017277719330822995
5.169,0.00017670893609255444,0.0020237561784633954,0.00017215631366622572
5.172000000000001,0.0001760537270750927,0.0020164837544383875,0.0001715376651724562
5.175,0.00017540097830399986,0.002009237464071065,0.00017092123980922864
5.178,0.0001747506809493027,0.002002017213449396,0.00017030702958766106
5.181,0.000174102826058288,0.001994822908998839,0.000169695026547581
5.184,0.00017345740455651648,0.0019876544574811,0.00016908522275741988
5.186999999999999,0.00017281440725096028,0.0019805117659929543,0.00016847761031411258
5.19,0.0001721738248351703,0.0019733947419650136,0.0001678721813429929
5.193,0.00017153564789644548,0.001966303293160553,0.00016726892799769335
5.196,0.0001708998669247872,0.0019592373276742904,0.00016666784246004157
5.199000000000001,0.00017026647232357616,0.0019521967539312176,0.0001660689169399609
5.202,0.00016963545442185188,0.0019451814806854036,0.00016547214367536854
5.205,0.00016900680348783679,0.0019381914170188022,0.00016487751493207394
5.207999999999999,0.00016838050974367824,0.0019312264723400972,0.00016428502300368095
5.211,0.00016775656338101835,0.0019242865563835014,0.0001636946602114852
5.2139999999999995,0.00016713495457730673,0.0019173715792076137,0.00016310641890437738
5.217,0.0001665156735124778,0.001910481451194226,0.00016252029145874116
5.220000000000001,0.00016589871038580404,0.0019036160830471867,0.00016193627027835707
5.223,0.0001652840554326945,0.0018967753857912313,0.00016135434779430264
5.226,0.00016467169894107274,0.0018899592707708212,0.00016077451646485377
5.229,0.00016406163126723937,0.0018831676496490174,0.0001601967687753889
5.232,0.00016345384285089008,0.0018764004344063077,0.00015962109723828934
5.234999999999999,0.00016284832422905186,0.0018696575373394948,0.00015904749439284442
5.238,0.0001622450660488425,0.0018629388710605318,0.00015847595280515275
5.241,0.00016164405907875037,0.0018562443484954163,0.00015790646506802785
5.244,0.00016104529421843628,0.0018495738828830355,0.00015733902380090013
5.247000000000001,0.00016044876250670602,0.001842927387774065,0.00015677362164972312
5.25,0.00015985445512778552,0.0018363047770298385,0.00015621025128687732
5.253,0.00015926236341570602,0.0018297059648212212,0.00015564890541107433
5.255999999999999,0.0001586724788567539,0.0018231308656275215,0.00015508957674726436
5.259,0.00015808479309008266,0.0018165793942353549,0.0001545322580465395
5.262,0.00015749929790636978,0.0018100514657375672,0.00015397694208604216
5.265,0.00015691598524469693,0.0018035469955321073,0.00015342362166886916
5.268,0.00015633484718765678,0.0017970658993209565,0.00015287228962398072
5.271,0.0001557558759548893,0.001790608093109011,0.00015232293880610524
5.274,0.00015517906389504038,0.0017841734932030147,0.00015177556209564872
5.277,0.00015460440347647746,0.0017777620162104664,0.0001512301523986016
5.28,0.00015403188727681325,0.001771373579038528,0.00015068670264644605
5.2829999999999995,0.0001534615079714594,0.0017650080988929706,0.0001501452057960662
5.2860000000000005,0.00015289325832148744,0.0017586654932770763,0.00014960565482965475
5.289,0.00015232713116090132,0.0017523456799905936,0.00014906804275462414
5.292,0.0001517631193836387,0.0017460485771286477,0.00014853236260351386
5.295000000000001,0.00015120121593048774,0.0017397741030807006,0.0001479986074339019
5.298,0.0001506414137761158,0.0017335221765294837,0.00014746677032831404
5.301,0.0001500837059164226,0.0017272927164499352,0.00014693684439413346
5.303999999999999,0.00014952808535654226,0.0017210856421081718,0.00014640882276351313
5.307,0.00014897454509943931,0.0017149008730604166,0.0001458826985932848
5.31,0.00014842307813549185,0.0017087383291519824,0.00014535846506487238
5.313,0.00014787367743314715,0.001702597930516208,0.00014483611538420154
5.316,0.00014732633593069443,0.001696479597573447,0.00014431564278161353
5.319,0.0001467810465293786,0.0016903832510300127,0.0001437970405117757
5.322,0.0001462378020878704,0.0016843088118771719,0.00014328030185359558
5.325,0.00014569659541812855,0.001678256201390111,0.00014276542011013322
5.328,0.0001451574192827741,0.001672225341126907,0.00014225238860851347
5.3309999999999995,0.00014462026639384316,0.001666216152927533,0.00014174120069984143
5.3340000000000005,0.000144085129412988,0.0016602285589128198,0.00014123184975911417
5.337,0.00014355200095308307,0.0016542624814834708,0.00014072432918513678
5.34,0.00014302087358102926,0.0016483178433190334,0.0001402186324004351
5.342999999999999,0.0001424917398218904,0.0016423945673769192,0.00013971475285117218
5.346,0.000141964592163968,0.0016364925768913839,0.00013921268400706152
5.349,0.00014143942306492742,0.0016306117953725507,0.00013871241936128413
5.351999999999999,0.0001409162249586426,0.0016247521466054118,0.00013821395243040344
5.355,0.00014039499026277544,0.0016189135546488312,0.00013771727675428055
5.358,0.0001398757113867283,0.0016130959438345816,0.00013722238589599227
5.361,0.0001393583807399286,0.0016072992387663391,0.0001367292734417456
5.364,0.00013884299074031254,0.001601523364318731,0.00013623793300079676
5.367,0.00013832953382265852,0.001595768245636338,0.00013574835820536626
5.37,0.00013781800244678396,0.0015900338081327441,0.00013526054271055814
5.373,0.00013730838910537446,0.0015843199774895618,0.00013477448019427702
5.376,0.00013680068633128498,0.0015786266796554602,0.00013429016435714537
5.379,0.00013629488670421786,0.0015729538408452257,0.0001338075889224237
5.382000000000001,0.00013579098285665405,0.001567301387538782,0.00013332674763592706
5.385,0.00013528896747892874,0.0015616692464802608,0.0001328476342659462
5.388,0.00013478883332337813,0.0015560573446770296,0.00013237024260316462
5.390999999999999,0.00013429057320750137,0.0015504656093987678,0.00013189456646058018
5.394,0.00013379418001609547,0.0015448939681765028,0.00013142059967342294
5.397,0.0001332996467023882,0.0015393423488016889,0.0001309483360990769
5.3999999999999995,0.00013280696628807426,0.001533810679325264,0.0001304777696169998
5.4030000000000005,0.00013231613186245617,0.001528298888056709,0.000130008894128643
5.406,0.00013182713658050135,0.0015228069035631373,0.0001295417035573741
5.409,0.00013133997366012823,0.0015173346546683475,0.00012907619184839616
5.412,0.00013085463637862115,0.0015118820704519225,0.00012861235296867147
5.415,0.0001303711180683344,0.0015064490802482895,0.0001281501809068412
5.417999999999999,0.00012988941211183332,0.0015010356136458249,0.00012768966967314943
5.421,0.0001294095119365243,0.00149564160048592,0.0001272308132993636
5.424,0.0001289314110089429,0.0014902669708620915,0.00012677360583869898
5.427,0.00012845510282881022,0.001484911655119067,0.00012631804136574069
5.430000000000001,0.00012798058092299854,0.0014795755838518743,0.0001258641139763663
5.433,0.0001275078388395244,0.0014742586879049602,0.00012541181778767096
5.436,0.0001270368701417447,0.001468960898371274,0.00012496114693788933
5.438999999999999,0.00012656766840281138,0.0014636821465913935,0.00012451209558632124
5.442,0.00012610022720053145,0.0014584223641526174,0.00012406465791325454
5.445,0.0001256345401127195,0.001453181482888094,0.0001236188281198909
5.4479999999999995,0.0001251706007131482,0.0014479594348759312,0.00012317460042827016
5.4510000000000005,0.00012470840256817618,0.0014427561524383086,0.0001227319690811948
5.454,0.00012424793923408798,0.0014375715681406184,0.00012229092834215686
5.457,0.00012378920425516206,0.0014324056147905699,0.00012185147249526164
5.46,0.0001233321911625647,0.0014272582254373407,0.00012141359584515571
5.463,0.0001228768934740044,0.0014221293333706879,0.00012097729271695115
5.465999999999999,0.00012242330469416538,0.0014170188721201033,0.0001205425574561537
5.469,0.00012197141831588921,0.0014119267754539326,0.00012010938442858787
5.472,0.00012152122782205352,0.0014068529773785341,0.00011967776802032538
5.475,0.00012107272668806065,0.0014017974121374164,0.00011924770263761175
5.478000000000001,0.00012062590838491009,0.0013967600142103782,0.00011881918270679318
5.481,0.00012018076638273759,0.001391740718312677,0.00011839220267424582
5.484,0.00011973729415469547,0.0013867394593941626,0.000117966757006302
5.486999999999999,0.00011929548518114289,0.0013817561726384541,0.00011754284018918035
5.49,0.00011885533295395319,0.001376790793462081,0.00011712044672891257
5.492999999999999,0.00011841683098087408,0.001371843257513664,0.0001166995711512739
5.4959999999999996,0.00011797997278983587,0.0013669135006730633,0.00011628020800171056
5.4990000000000006,0.0001175447519330183,0.0013620014590505639,0.00011586235184527048
5.502,0.00011711116199069325,0.00135710706898604,0.00011544599726653224
5.505,0.00011667919657463692,0.0013522302670481228,0.00011503113886953424
5.508,0.00011624884933104037,0.0013473709900333958,0.00011461777127770626
5.511,0.00011582011394287869,0.0013425291749655562,0.00011420588913379812
5.513999999999999,0.00011539298413168113,0.0013377047590946176,0.00011379548709981185
5.517,0.00011496745365852154,0.001332897679896078,0.00011338655985693099
5.5200000000000005,0.00011454351632439905,0.0013281078750701264,0.00011297910210545293
5.523,0.00011412116596977186,0.0013233352825408272,0.00011257310856471971
5.526000000000001,0.00011370039647340436,0.0013185798404553098,0.00011216857397304893
5.529,0.00011328120175046466,0.001313841487182983,0.00011176549308766705
5.532,0.00011286357574987133,0.0013091201613147174,0.00011136386068463974
5.534999999999999,0.00011244751245101305,0.001304415801662068,0.00011096367155880583
5.538,0.00011203300585986361,0.0012997283472564638,0.00011056492052370828
5.5409999999999995,0.00011162005000454437,0.0012950577373484343,0.00011016760241152847
5.544,0.00011120863893045798,0.0012904039114068051,0.0001097717120730177
5.547000000000001,0.00011079876669503044,0.0012857668091179294,0.00010937724437743186
5.55,0.00011039042736228513,0.0012811463703848987,0.00010898419421246428
5.553,0.00010998361499718963,0.0012765425353267578,0.00010859255648417891
5.556,0.00010957832366010441,0.0012719552442777447,0.00010820232611694574
5.559,0.00010917454740120235,0.0012673844377864983,0.00010781349805337333
5.561999999999999,0.0001087722802552225,0.0012628300566153072,0.00010742606725424492
5.565,0.00010837151623653418,0.0012582920417393234,0.00010704002869845158
5.568,0.00010797224933463336,0.0012537703343458147,0.00010665537738292855
5.571,0.00010757447351022106,0.0012492648758333856,0.00010627210832258906
5.574000000000001,0.00010717818269191041,0.001244775607811233,0.0001058902165502609
5.577,0.00010678337077374745,0.001240302472098383,0.00010550969711662154
5.58,0.0001063900316134456,0.0012358454107229291,0.00010513054509013344
5.582999999999999,0.00010599815903157365,0.0012314043659212984,0.00010475275555698138
5.586,0.00010560774681165795,0.0012269792801374837,0.00010437632362100734
5.5889999999999995,0.00010521878870115852,0.0012225700960223154,0.00010400124440364856
5.592,0.00010483127841348999,0.0012181767564327015,0.00010362751304387275
5.595000000000001,0.00010444520963096869,0.0012137992044309017,0.00010325512469811647
5.598,0.0001040605760086637,0.0012094373832837826,0.00010288407454022166
5.601,0.0001036773711791895,0.001205091236462077,0.00010251435776137277
5.604,0.0001032955887583342,0.0012007607076396655,0.00010214596957003554
5.607,0.00010291522235141259,0.0011964457406928297,0.00010177890519189346
5.609999999999999,0.00010253626556038647,0.0011921462796995418,0.00010141315986978741
5.613,0.00010215871199154829,0.001187862268938723,0.00010104872886365259
5.616,0.0001017825552637092,0.001183593652889538,0.00010068560745045834
5.619,0.00010140778901680754,0.001179340376230659,0.00010032379092414579
5.622000000000001,0.00010103440692072542,0.0011751023838395627,9.996327459556779e-05
5.625,0.00010066240268432556,0.0011708796207918109,9.960405379242791e-05
5.628,0.00010029177006450684,0.0011666720323603309,9.924612385921914e-05
5.630999999999999,9.992250287508384e-05,0.0011624795640147222,9.88894801571649e-05
5.634,9.955459499557046e-05,0.001158302161420532,9.853411806415745e-05
5.637,9.918804037951584e-05,0.0011541397704385684,9.818003297469944e-05
5.64,9.882283306245974e-05,0.001149992337124182,9.782722029984283e-05
5.643,9.845896716930494e-05,0.0011458598077265828,9.747567546713075e-05
5.646,9.809643692104385e-05,0.0011417421286881281,9.712539392053689e-05
5.649,9.77352366407343e-05,0.0011376392466436421,9.677637112040769e-05
5.652,9.737536075867258e-05,0.0011335511084197177,9.642860254340291e-05
5.655,9.701680381671884e-05,0.0011294776610340227,9.608208368243665e-05
5.6579999999999995,9.665956047163598e-05,0.0011254188516946256,9.573681004661992e-05
5.6610000000000005,9.630362549754767e-05,0.001121374627799297,9.539277716120122e-05
5.664,9.594899378735752e-05,0.0011173449369348421,9.504998056750991e-05
5.667,9.559566035326718e-05,0.0011133297268764073,9.470841582289698e-05
5.670000000000001,9.524362032623456e-05,0.0011093289455868158,9.436807850067872e-05
5.673,9.489286895453228e-05,0.0011053425412158881,9.402896419007885e-05
5.676,9.454340160142995e-05,0.001101370462099764,9.369106849617083e-05
5.678999999999999,9.419521374190421e-05,0.001097412656760246,9.335438703982205e-05
5.682,9.384830095864856e-05,0.0010934690739041184,9.301891545763583e-05
5.685,9.350265893729533e-05,0.0010895396624224954,9.268464940189605e-05
5.688,9.31582834609797e-05,0.0010856243713901455,9.235158454050966e-05
5.691,9.281517040431377e-05,0.001081723150064846,9.201971655695167e-05
5.694,9.24733157269166e-05,0.0010778359478867102,9.168904115020811e-05
5.697,9.213271546649856e-05,0.001073962714477545,9.13595540347212e-05
5.7,9.179336573168886e-05,0.0010701033996401935,9.103125094033348e-05
5.703,9.145526269462214e-05,0.0010662579533578776,9.070412761223193e-05
5.7059999999999995,9.111840258340854e-05,0.0010624263257935633,9.037817981089398e-05
5.7090000000000005,9.078278167465174e-05,0.0010586084672892999,9.00534033120312e-05
5.712,9.044839628599656e-05,0.0010548043283655916,8.972979390653598e-05
5.715,9.011524276884913e-05,0.001051013859720741,8.940734740042556e-05
5.717999999999999,8.978331750130898e-05,0.001047237012230225,8.908605961478902e-05
5.721,8.945261688145551e-05,0.0010434737369460435,8.876592638573185e-05
5.724,8.912313732098466e-05,0.0010397239850960984,8.844694356432308e-05
5.726999999999999,8.879487523929813e-05,0.0010359877080835546,8.812910701654104e-05
5.73,8.846782705799534e-05,0.0010322648574862064,8.781241262321929e-05
5.733,8.814198919600342e-05,0.0010285553850558613,8.749685627999441e-05
5.736,8.781735806508332e-05,0.0010248592427177013,8.718243389725143e-05
5.739,8.749393006607825e-05,0.0010211763825696734,8.686914140007218e-05
5.742,8.71717015855263e-05,0.001017506756881855,8.65569747281812e-05
5.745,8.685066899296425e-05,0.0010138503180958478,8.624592983589425e-05
5.748,8.653082863875608e-05,0.0010102070188241553,8.593600269206526e-05
5.751,8.621217685237647e-05,0.001006576811849565,8.562718928003388e-05
5.754,8.589470994127883e-05,0.0010029596501245465,8.531948559757417e-05
5.757000000000001,8.557842419015272e-05,0.0009993554867706303,8.501288765684189e-05
5.76,8.526331586064371e-05,0.0009957642750778122,8.470739148432369e-05
5.763,8.494938119144396e-05,0.0009921859685039348,8.440299312078462e-05
5.765999999999999,8.463661639867686e-05,0.0009886205206740984,8.409968862121792e-05
5.769,8.432501767661064e-05,0.0009850678853800458,8.37974740547927e-05
5.772,8.401458119854853e-05,0.0009815280165795756,8.349634550480417e-05
5.7749999999999995,8.370530311786734e-05,0.0009780008683959401,8.31962990686222e-05
5.7780000000000005,8.339717956923345e-05,0.0009744863951172461,8.289733085764047e-05
5.781,8.309020666979344e-05,0.0009709845511958744,8.259943699722711e-05
5.784,8.278438052042814e-05,0.0009674952912478751,8.230261362667322e-05
5.787,8.247969720697509e-05,0.0009640185700523939,8.200685689914406e-05
5.79,8.217615280129201e-05,0.0009605543425510721,8.171216298162798e-05
5.792999999999999,8.187374336229568e-05,0.0009571025638474761,8.141852805488801e-05
5.796,8.157246493677023e-05,0.0009536631892065023,8.112594831341108e-05
5.799,8.127231356004152e-05,0.0009502361740538088,8.08344199653598e-05
5.802,8.097328525643911e-05,0.0009468214739752331,8.054393923252286e-05
5.805000000000001,8.06753760395135e-05,0.0009434190447162108,8.025450235026556e-05
5.808,8.037858191207859e-05,0.0009400288421812146,7.996610556748218e-05
5.811,8.008289886598813e-05,0.0009366508224331688,7.967874514654606e-05
5.813999999999999,7.978832288175097e-05,0.0009332849416928935,7.939241736326246e-05
5.817,7.949484992785553e-05,0.0009299311563385239,7.910711850681895e-05
5.82,7.920247596000582e-05,0.0009265894229049565,7.882284487973857e-05
5.8229999999999995,7.89111969200971e-05,0.0009232596980832809,7.853959279783124e-05
5.8260000000000005,7.862100873512874e-05,0.0009199419387202135,7.825735859014572e-05
5.829,7.833190731599352e-05,0.0009166361018175498,7.797613859892302e-05
5.832,7.804388855617791e-05,0.000913342144531594,7.769592917954785e-05
5.835,7.775694833045027e-05,0.0009100600241726168,7.741672670050246e-05
5.838,7.747108249358655e-05,0.0009067896982042892,7.713852754331856e-05
5.840999999999999,7.718628687907933e-05,0.0009035311242431442,7.686132810253147e-05
5.844,7.690255729800148e-05,0.0009002842600580142,7.658512478563227e-05
5.847,7.661988953800862e-05,0.0008970490635694956,7.63099140130222e-05
5.85,7.633827936250318e-05,0.0008938254928493984,7.603569221796601e-05
5.853000000000001,7.60577225099688e-05,0.0008906135061201976,7.576245584654505e-05
5.856,7.577821469363057e-05,0.0008874130617545035,7.549020135761247e-05
5.859,7.549975160137695e-05,0.000884224118274509,7.521892522274594e-05
5.861999999999999,7.52223288959294e-05,0.0008810466343514653,7.494862392620327e-05
5.865,7.49459422154095e-05,0.000877880568805133,7.467929396487559e-05
5.867999999999999,7.467058717425644e-05,0.0008747258806032616,7.441093184824309e-05
5.8709999999999996,7.439625936442109e-05,0.0008715825288610446,7.414353409832873e-05
5.8740000000000006,7.412295435701265e-05,0.000868450472840601,7.387709724965406e-05
5.877,7.38506677042577e-05,0.0008653296719504424,7.361161784919392e-05
5.88,7.357939494184929e-05,0.0008622200857449426,7.33470924563313e-05
5.883,7.330913159155747e-05,0.000859121673923824,7.308351764281367e-05
5.886,7.303987316432409e-05,0.0008560343963316229,7.28208899927075e-05
5.888999999999999,7.277161516344737e-05,0.0008529582129571814,7.255920610235501e-05
5.892,7.250435308821249e-05,0.0008498930839331171,7.229846258032908e-05
5.8950000000000005,7.22380824376527e-05,0.0008468389695353163,7.203865604739015e-05
5.898,7.197279871455301e-05,0.0008437958301824154,7.177978313644204e-05
5.901000000000001,7.17084974296022e-05,0.0008407636264352824,7.152184049248791e-05
5.904,7.144517410562422e-05,0.0008377423189965176,7.12648247725878e-05
5.907,7.118282428191071e-05,0.0008347318687099312,7.100873264581407e-05
5.909999999999999,7.092144351855746e-05,0.0008317322365600483,7.075356079320947e-05
5.913,7.066102740073718e-05,0.0008287433836715913,7.049930590774292e-05
5.9159999999999995,7.040157154289365e-05,0.000825765271308988,7.024596469426784e-05
5.919,7.014307159287957e-05,0.0008227978608758575,6.999353386947831e-05
5.922000000000001,6.988552323577068e-05,0.0008198411139145204,6.97420101618674e-05
5.925,6.962892219761424e-05,0.0008168949921054963,6.949139031168448e-05
5.928,6.937326424878167e-05,0.0008139594572670023,6.924167107089252e-05
5.931,6.911854520711512e-05,0.0008110344713544689,6.899284920312695e-05
5.934,6.886476094070519e-05,0.0008081199964600345,6.874492148365257e-05
5.936999999999999,6.861190737031786e-05,0.0008052159948120669,6.849788469932297e-05
5.94,6.835998047140972e-05,0.000802322428774661,6.825173564853771e-05
5.943,6.810897627584275e-05,0.0007994392608471635,6.800647114120188e-05
5.946,6.785889087308674e-05,0.0007965664536636746,6.776208799868379e-05
5.949000000000001,6.760972041105435e-05,0.0007937039699925747,6.751858305377461e-05
5.952,6.736146109655935e-05,0.0007908517727360366,6.727595315064699e-05
5.955,6.711410919533662e-05,0.0007880098249295411,6.70341951448137e-05
5.957999999999999,6.68676610317011e-05,0.0007851780897414078,6.679330590308789e-05
5.961,6.6622112987826e-05,0.0007823565304723061,6.655328230354137e-05
5.9639999999999995,6.637746150267481e-05,0.0007795451105547912,6.631412123546514e-05
5.967,6.613370307063577e-05,0.0007767437935528188,6.607581959932819e-05
5.970000000000001,6.589083423983454e-05,0.0007739525431612828,6.58383743067381e-05
5.973,6.564885161027951e-05,0.0007711713232055404,6.560178228040067e-05
5.976,6.540775183169944e-05,0.0007684000976409393,6.536604045407969e-05
5.979,6.516753160125689e-05,0.0007656388305523602,6.513114577255802e-05
5.982,6.492818766114491e-05,0.0007628874861537402,6.489709519159708e-05
5.984999999999999,6.468971679604647e-05,0.00076014602878762,6.466388567789829e-05
5.988,6.445211583062363e-05,0.0007574144229246712,6.443151420906286e-05
5.991,6.421538162689071e-05,0.0007546926331632462,6.419997777355353e-05
5.994,6.397951108168704e-05,0.000751980624228909,6.396927337065463e-05
5.997000000000001,6.374450112423102e-05,0.0007492783609739871,6.373939801043397e-05
6.0,6.35103487137038e-05,0.0007465858083771122,6.35103487137038e-05
