t,ex,red,th
0.0,0.0009308826020214614,0.0017022115123692932,0.0017022115123692932
0.003,0.0007982874144926849,0.0016539386367857636,0.0016539386367857636
0.006,0.0006605138138581022,0.0016041773280666357,0.0016041773280666355
0.009,0.0005175329278189374,0.0015529723680309689,0.0015529723680309689
0.012,0.00036938366294784336,0.0015003698376865645,0.0015003698376865643
0.015,0.00021617698955662262,0.0014464170757601679,0.0014464170757601674
0.018,5.809913599665907e-05,0.0013911626360958108,0.0013911626360958106
0.021,-0.00010458641851463987,0.0013346562439596286,0.0013346562439596281
0.024,-0.00027153823750580147,0.0012769487512904764,0.001276948751290476
0.027,-0.0004423375644143253,0.0012180920909366177,0.0012180920909366172
0.03,-0.0006164903313140221,0.0011581392299196656,0.0011581392299196648
0.033,-0.0007934305375497325,0.0010971441217678386,0.0010971441217678382
0.036,-0.0009725249670614758,0.0010351616579614272,0.0010351616579614264
0.039,-0.0011530791843917722,0.0009722476185341661,0.0009722476185341655
0.042,-0.001334344721989936,0.0009084586218749697,0.000908458621874969
0.045,-0.0015155273460464302,0.0008438520737752033,0.0008438520737752028
0.048,-0.0016957962652462445,0.0007784861157673454,0.0007784861157673446
0.051000000000000004,-0.0018742941269923397,0.0007124195728015333,0.0007124195728015327
0.054,-0.0020501476292125245,0.0006457119003070783,0.0006457119003070775
0.056999999999999995,-0.0022224785631386424,0.0005784231306865927,0.0005784231306865918
0.06,-0.0023904150936589832,0.0005106138192908792,0.000510613819290878
0.063,-0.0025531030791271217,0.00044234498992320266,0.000442344989923202
0.066,-0.00270971723190528,0.0003736780799219864,0.0003736780799219857
0.069,-0.0028594719243785448,0.0003046748848713541,0.00030467488487135306
0.072,-0.0030016314525624383,0.00023539750298927527,0.00023539750298927483
0.075,-0.0031355195805225188,0.0001659082792433609,0.0001659082792433604
0.078,-0.0032605282033372476,9.626974924460037e-05,9.626974924459948e-05
0.081,-0.003376124983903739,2.6544582969532838e-05,2.6544582969532113e-05
0.084,-0.0034818598390920505,-4.320447163850167e-05,-4.320447163850259e-05
0.087,-0.0035773701731316226,-0.00011291464513827589,-0.00011291464513827612
0.09,-0.0036623847801628227,-0.00018252320307893556,-0.00018252320307893602
0.093,-0.003736726363081512,-0.00025196750245677077,-0.00025196750245677114
0.096,-0.0038003126416078633,-0.0003211850480896911,-0.0003211850480896915
0.099,-0.003853156048386224,-0.00039011354885867106,-0.0003901135488586716
0.10200000000000001,-0.0038953620373433683,-0.0004586909737655528,-0.0004586909737655534
0.10500000000000001,-0.00392712605299599,-0.0005268556077567575,-0.000526855607756758
0.108,-0.003948729232434315,-0.0005945461072626678,-0.0005945461072626682
0.111,-0.003960532932888014,-0.0006617015554027,-0.0006617015554027
0.11399999999999999,-0.003962972196725896,-0.0007282615168063847,-0.0007282615168063851
0.11699999999999999,-0.003956548282129218,-0.0007941660920011214,-0.0007941660920011215
0.12,-0.003941820401250443,-0.0008593559713176601,-0.0008593559713176605
0.123,-0.00391939681823031,-0.0009237724882648009,-0.0009237724882648008
0.126,-0.0038899254668695524,-0.0009873576723252757,-0.0009873576723252754
0.129,-0.0038540842519785416,-0.0010500543011253013,-0.001050054301125301
0.132,-0.0038125711994690848,-0.0011118059519308532,-0.001111805951930853
0.135,-0.003766094618180158,-0.0011725570524243176,-0.0011725570524243171
0.138,-0.0037153634313810673,-0.0012322529307158268,-0.0012322529307158265
0.14100000000000001,-0.0036610778280628574,-0.0012908398645442693,-0.0012908398645442689
0.144,-0.003603920373755551,-0.001348265129623699,-0.0013482651296236978
0.147,-0.0035445477079819768,-0.0014044770470916332,-0.0014044770470916324
0.15,-0.003483582940902307,-0.0014594250300165416,-0.0014594250300165408
0.153,-0.003421608845568261,-0.0015130596289226696,-0.0015130596289226685
0.156,-0.0033591619248644665,-0.001565332576291228,-0.001565332576291227
0.159,-0.0032967274140489593,-0.0016161968299979038,-0.0016161968299979025
0.162,-0.0032347352612012155,-0.0016656066156475946,-0.001665606615647593
0.165,-0.0031735571092247165,-0.0017135174677682763,-0.0017135174677682748
0.168,-0.003113504284698582,-0.0017598862698269258,-0.0017598862698269243
0.171,-0.0030548267811758623,-0.0018046712930314904,-0.001804671293031489
0.174,-0.0029977132078039988,-0.0018478322338839847,-0.0018478322338839825
0.177,-0.002942291658682457,-0.0018893302504509172,-0.0018893302504509155
0.18,-0.0028886314444228176,-0.00192912799731841,-0.001929127997318408
0.183,-0.0028367456151458612,-0.00196718965920055,-0.0019671896592005477
0.186,-0.002786594193801532,-0.0020034809831707273,-0.0020034809831707256
0.189,-0.002738088030351275,-0.002037969309486961,-0.002037969309486959
0.192,-0.002691093181078025,-0.0020706236009834576,-0.0020706236009834554
0.195,-0.002645435713115443,-0.0021014144710019694,-0.0021014144710019677
0.198,-0.0026009068321959303,-0.0021303142098378007,-0.002130314209837799
0.201,-0.002557268231546294,-0.0021572968096766738,-0.0021572968096766716
0.20400000000000001,-0.002514257561712991,-0.0021823379880000038,-0.0021823379880000016
0.20700000000000002,-0.002471593924740003,-0.002205415209437529,-0.002205415209437527
0.21000000000000002,-0.0024289833013887967,-0.002226507706047621,-0.0022265077060476188
0.213,-0.002386123826790012,-0.0022455964960070318,-0.002245596496007029
0.216,-0.002342710837840806,-0.0022626644006932526,-0.00226266440069325
0.219,-0.002298441624584443,-0.0022776960601441146,-0.002277696060144112
0.222,-0.002253019827494803,-0.002290677946880719,-0.002290677946880715
0.22499999999999998,-0.0022061594328001157,-0.002301598378081253,-0.0023015983780812497
0.22799999999999998,-0.002157588328479798,-0.002310447526094744,-0.002310447526094741
0.23099999999999998,-0.002107051394125761,-0.002317217427285279,-0.0023172174272852756
0.23399999999999999,-0.0020543131082558217,-0.0023219019891987415,-0.002321901989198738
0.237,-0.0019991596666985214,-0.0023244969960456077,-0.002324496996045604
0.24,-0.0019414006151509415,-0.002325000112494873,-0.002325000112494869
0.243,-0.0018808700077821568,-0.0023234108857756925,-0.0023234108857756886
0.246,-0.0018174271116770644,-0.002319730746084844,-0.0023197307460848396
0.249,-0.0017509566838770267,-0.0023139630052996466,-0.0023139630052996427
0.252,-0.0016813688536914274,-0.0023061128539974968,-0.0023061128539974924
0.255,-0.001608598647771362,-0.002296187356784697,-0.002296187356784693
0.258,-0.001532605199125028,-0.002284195445938788,-0.0022841954459387843
0.261,-0.0014533706838111317,-0.002270147913370102,-0.0022701479133700976
0.264,-0.0013708990304957,-0.002254057400909769,-0.002254057400909765
0.267,-0.0012852144484444682,-0.002235938388932928,-0.0022359383889329234
0.27,-0.0011963598189150158,-0.002215807183327361,-0.002215807183327356
0.273,-0.0011043949933951796,-0.002193681900819297,-0.0021936819008192923
0.276,-0.001009395039806692,-0.0021695824526695817,-0.002169582452669577
0.279,-0.0009114484747681591,-0.0021435305267548865,-0.0021435305267548813
0.28200000000000003,-0.000810655516409786,-0.0021155495680500814,-0.002115549568050076
0.28500000000000003,-0.0007071263881791943,-0.002085664757529343,-0.002085664757529338
0.288,-0.0006009796997019693,-0.002053902989504976,-0.0020539029895049717
0.291,-0.0004923409261883083,-0.0020202928474243476,-0.002020292847424343
0.294,-0.0003813410032314393,-0.0019848645781467135,-0.0019848645781467087
0.297,-0.0002681150492400055,-0.0019476500647230871,-0.0019476500647230824
0.3,-0.00015280122329273428,-0.001908682797703645,-0.0019086827977036398
0.303,-3.553972199467044e-05,-0.0018679978449984936,-0.0018679978449984882
0.306,8.352808496613594e-05,-0.0018256318203189153,-0.0018256318203189103
0.309,0.00020426038434597383,-0.001781622850227501,-0.0017816228502274965
0.312,0.0003265155207724138,-0.0017360105398268168,-0.0017360105398268118
0.315,0.00045015247942678614,-0.0016888359371174846,-0.0016888359371174792
0.318,0.0005750312613630199,-0.0016401414960577525,-0.0016401414960577475
0.321,0.0007010131643441697,-0.0015899710383577982,-0.0015899710383577934
0.324,0.0008279609830588548,-0.0015383697140431472,-0.0015383697140431423
0.327,0.0009557391430588093,-0.001485383960822698,-0.0014853839608226925
0.33,0.0010842137827658462,-0.0014310614622979176,-0.0014310614622979128
0.333,0.0012132527974712207,-0.00137545110505082,-0.001375451105050816
0.336,0.0013427258584417004,-0.001318602934649341,-0.0013186029346493365
0.339,0.0014725044191094463,-0.0012605681106097057,-0.0012605681106097008
0.342,0.001602461718917681,-0.0012013988603563166,-0.001201398860356312
0.34500000000000003,0.0017324727937839974,-0.001141148432220597,-0.0011411484322205931
0.348,0.0018624145003926212,-0.0010798710475210874,-0.0010798710475210848
0.351,0.0019921655596995638,-0.0010176218517679177,-0.0010176218517679147
0.354,0.0021216066231920802,-0.0009544568650355712,-0.0009544568650355677
0.357,0.002250620363643357,-0.0008904329315485983,-0.0008904329315485955
0.36,0.002379091590397987,-0.0008256076685256514,-0.0008256076685256492
0.363,0.002506907387659265,-0.0007600394143278772,-0.0007600394143278747
0.366,0.0026339572728650714,-0.0006937871759583295,-0.0006937871759583264
0.369,0.002760133371066337,-0.0006269105759596486,-0.0006269105759596463
0.372,0.002885330600284052,-0.0005594697987577986,-0.0005594697987577968
0.375,0.0030094468621320396,-0.0004915255365001449,-0.000491525536500143
0.378,0.0031323832315603363,-0.0004231389344366196,-0.00042313893443661683
0.381,0.003254044139395941,-0.0003543715358931225,-0.0003543715358931205
0.384,0.0033743375414256125,-0.00028528522688668265,-0.00028528522688668124
0.387,0.0034931750680631856,-0.00021594218043221992,-0.00021594218043221843
0.39,0.003610472149150184,-0.00014640480059102809,-0.00014640480059102592
0.393,0.003726148109126282,-7.67356663113319e-05,-7.673566631133041e-05
0.396,0.003840126228645101,-6.99747511145762e-06,-6.997475111457244e-06
0.399,0.003952333769666787,6.274701334370158e-05,6.27470133437026e-05
0.402,0.004062701962096895,0.0001324350337221478,0.00013243503372214896
0.405,0.0041711659511246574,0.00020200387150934068,0.00020200387150934242
0.40800000000000003,0.0042776647055073926,0.00027139091944702745,0.00027139091944702767
0.41100000000000003,0.004382140888116915,0.0003405337338755494,0.0003405337338755498
0.41400000000000003,0.0044845406910766555,0.0004093700909289208,0.00040937009092892145
0.41700000000000004,0.004584813638745406,0.0004778380425321084,0.00047783804253210746
0.42000000000000004,0.004682912362620396,0.0005458759721501173,0.0005458759721501167
0.423,0.004778792352917898,0.0006134226502387139,0.0006134226502387116
0.426,0.004872411692127656,0.0006804172893468823,0.0006804172893468803
0.429,0.004963730776217212,0.0007467995988214277,0.0007467995988214261
0.432,0.005052712029377688,0.0008125098390644945,0.0008125098390644931
0.435,0.005139319618252956,0.0008774888752951722,0.0008774888752951693
0.438,0.005223519171483363,0.0009416782307668064,0.0009416782307668036
0.441,0.005305277510131669,0.001005020139392124,0.0010050201393921217
0.444,0.005384562394155464,0.001067457597728813,0.0010674575977288093
0.447,0.005461342289562924,0.0011289344162787726,0.0011289344162787693
0.44999999999999996,0.005535586160256874,0.0011893952700548682,0.001189395270054865
0.45299999999999996,0.005607263287856707,0.0012487857483696866,0.001248785748369684
0.45599999999999996,0.005676343122012215,0.0013070524038014816,0.0013070524038014792
0.45899999999999996,0.005742795162911455,0.0013641428002932458,0.001364142800293242
0.46199999999999997,0.005806588876860414,0.001420005560341623,0.001420005560341619
0.46499999999999997,0.0058676936449990145,0.0014745904112331923,0.0014745904112331888
0.46799999999999997,0.005926078744438203,0.0015278482302865184,0.0015278482302865139
0.471,0.005981713360376737,0.0015797310890592485,0.001579731089059244
0.474,0.006034566627102365,0.0016301922964804749,0.0016301922964804707
0.477,0.00608460769521547,0.0016791864408695477,0.0016791864408695438
0.48,0.006131805821946385,0.0017266694308035225,0.0017266694308035186
0.483,0.006176130481079633,0.0017725985347964643,0.0017725985347964593
0.486,0.006217551488754548,0.0018169324197549008,0.001816932419754896
0.489,0.0062560391412844725,0.001859631188174817,0.0018596311881748121
0.492,0.00629156436112434,0.0019006564140467154,0.0019006564140467098
0.495,0.006324098847214616,0.0019399711774364312,0.0019399711774364255
0.498,0.006353615226130113,0.00197754009771058,0.0019775400977105743
0.501,0.0063800872007554014,0.0020133293653767413,0.002013329365376735
0.504,0.006403489693580948,0.002047306772509719,0.002047306772509713
0.507,0.006423798982151919,0.002079441741736499,0.002079441741736493
0.51,0.006440992824688151,0.0021097053537538235,0.002109705353753817
0.513,0.00645505057441269,0.0021380703733536086,0.002138070373353602
0.516,0.006465953281660133,0.002164511273932796,0.0021645112739327893
0.519,0.006473683783367611,0.002189004260465572,0.0021890042604655645
0.522,0.00647822678006425,0.0022115272909172838,0.002211527290917277
0.525,0.006479568900953692,0.002232060096080784,0.002232060096080777
0.528,0.006477698758115148,0.0022505841978173484,0.002250584197817341
0.531,0.006472606991218837,0.002267082925685753,0.002267082925685745
0.534,0.006464286304452139,0.002281541431944547,0.002281541431944539
0.537,0.006452731497575194,0.0022939467049140176,0.00229394670491401
0.54,0.006437939493164322,0.002304287580685823,0.002304287580685815
0.543,0.006419909362155651,0.0023125547531697567,0.0023125547531697484
0.546,0.006398642349770121,0.0023187407824686005,0.002318740782468592
0.549,0.006374141903786901,0.00232284010157353,0.0023228401015735214
0.552,0.00634641370694047,0.0023248490213740466,0.0023248490213740383
0.555,0.0063154657149543676,0.002324765733977928,0.002324765733977919
0.558,0.006281308201400885,0.0023225903143382085,0.0023225903143382
0.561,0.006243953810201963,0.0023183247201857275,0.0023183247201857184
0.5640000000000001,0.006203417616174,0.0023119727902673037,0.0023119727902672946
0.5670000000000001,0.006159717193581753,0.0023035402408911206,0.0023035402408911115
0.5700000000000001,0.006112872692217114,0.0022930346607824377,0.0022930346607824286
0.5730000000000001,0.006062906920071798,0.0022804655042542466,0.002280465504254237
0.576,0.006009845431241849,0.0022658440826990303,0.0022658440826990216
0.579,0.005953716617299987,0.002249183554409272,0.0022491835544092634
0.582,0.005894551800010894,0.002230498912735881,0.002230498912735872
0.585,0.005832385322955907,0.0022098069725951875,0.0022098069725951792
0.588,0.005767254639386183,0.0021871263553366544,0.0021871263553366457
0.591,0.005699200393445271,0.0021624774719849185,0.0021624774719849094
0.594,0.005628266491798824,0.0021358825048712463,0.002135882504871238
0.597,0.005554500162684484,0.0021073653876709343,0.0021073653876709257
0.6,0.005477951999450609,0.0020769517838646148,0.0020769517838646057
0.6030000000000001,0.005398675985787927,0.0020446690636428564,0.0020446690636428465
0.606,0.005316729500070789,0.002010546279274841,0.0020105462792748318
0.6090000000000001,0.005232173296510069,0.0019746141389632805,0.0019746141389632714
0.612,0.005145071461171515,0.0019369049792091091,0.001936904979209101
0.6149999999999999,0.005055491341323632,0.0018974527357108134,0.0018974527357108065
0.618,0.004963503447038423,0.0018562929128245955,0.0018562929128245883
0.6209999999999999,0.004869181324466398,0.0018134625516128483,0.001813462551612842
0.624,0.004772601400732416,0.0017690001965096995,0.0017690001965096917
0.6269999999999999,0.004673842800939468,0.001722945860633623,0.0017229458606336163
0.63,0.004572987138311221,0.0016753409897783329,0.0016753409897783244
0.6329999999999999,0.004470118279038711,0.0016262284251143664,0.0016262284251143595
0.636,0.004365322083910289,0.0015756523646349228,0.0015756523646349157
0.6389999999999999,0.0042586861292854715,0.0015236583233806517,0.0015236583233806456
0.642,0.004150299410412269,0.0014702930924791894,0.0014702930924791833
0.6449999999999999,0.004040252030474571,0.0014156046970363024,0.0014156046970362976
0.648,0.003928634879083298,0.0013596423529165331,0.0013596423529165266
0.6509999999999999,0.003815539304185361,0.0013024564224522446,0.0013024564224522394
0.654,0.0037010567815532643,0.0012440983691209204,0.001244098369120913
0.6569999999999999,0.003585278586131604,0.0011846207112315079,0.001184620711231502
0.66,0.003468295469553343,0.0011240769746614862,0.0011240769746614799
0.6629999999999999,0.003350197348097923,0.0010625216446871887,0.001062521644687184
0.666,0.0032310730052469484,0.001000010116950732,0.001000010116950727
0.6689999999999999,0.0031110098128039002,0.0009365986476076777,0.0009365986476076744
0.672,0.002990093474286774,0.0008723443027002886,0.0008723443027002832
0.6749999999999999,0.002868407793982168,0.0008073049068019431,0.0008073049068019393
0.678,0.002746034474672987,0.0007415389909789224,0.0007415389909789164
0.6809999999999999,0.0026230529466273094,0.000675105740116401,0.0006751057401163965
0.684,0.002499540229971406,0.0006080649396560451,0.0006080649396560403
0.6869999999999999,0.0023755708320743773,0.0005404769217931509,0.000540476921793148
0.6900000000000001,0.002251216681054555,0.00047240251118174073,0.0004724025111817375
0.693,0.002126547095988142,0.00040390297019647983,0.0004039029701964783
0.696,0.0020016287938675985,0.00033503994380067474,0.0003350399438006753
0.699,0.0018765259328301644,0.0002658754040699668,0.0002658754040699648
0.702,0.001751300190663857,0.00019647159442164725,0.00019647159442164703
0.705,0.0016260108771076387,0.00012689097359978301,0.0001268909735997806
0.708,0.0015007150780007136,5.7196159466562736e-05,5.7196159466561943e-05
0.711,0.0013754678289101031,-1.2550127349552507e-05,-1.255012734955349e-05
0.714,0.001250322315480758,-8.228511989816133e-05,-8.228511989816071e-05
0.717,0.001125330097412877,-0.00015194606139294078,-0.00015194606139294045
0.72,0.0010005413526807938,-0.00022147026168851803,-0.00022147026168851578
0.723,0.0008760051383685686,-0.0002907951536973698,-0.0002907951536973699
0.726,0.0007517696643113741,-0.000359858349695978,-0.0003598583496959762
0.729,0.0006278825755991154,-0.00042859769746956975,-0.00042859769746957023
0.732,0.0005043912399194618,-0.0004969513362449155,-0.0004969513362449143
0.735,0.00038134303569031976,-0.0005648577523608498,-0.000564857752360849
0.738,0.00025878563695522997,-0.0006322558346264137,-0.0006322558346264109
0.741,0.00013676729108673142,-0.0006990849293168025,-0.0006990849293167999
0.744,1.533708545963311e-05,-0.0007652848947576233,-0.0007652848947576189
0.747,-0.0001054548005848142,-0.0008307961554483429,-0.0008307961554483406
0.75,-0.000225556861965288,-0.0008955597556762171,-0.0008955597556762133
0.753,-0.00034491605552617265,-0.0009595174125724528,-0.0009595174125724511
0.756,-0.0004634776121280799,-0.0010226115685628555,-0.0010226115685628523
0.759,-0.0005811848758576264,-0.001084785443165762,-0.0010847854431657587
0.762,-0.0006979791727367694,-0.0011459830840906398,-0.001145983084090635
0.765,-0.0008137997109780692,-0.001206149417591374,-0.0012061494175913691
0.768,-0.0009285835144822599,-0.0012652302980289188,-0.0012652302980289127
0.7709999999999999,-0.0010422653909118187,-0.001323172556598721,-0.0013231725565987131
0.774,-0.001154777935302087,-0.0013799240491790524,-0.0013799240491790465
0.7769999999999999,-0.0012660515697931012,-0.0014354337032572017,-0.001435433703257194
0.78,-0.0013760146196834262,-0.0014896515638912877,-0.001489651563891282
0.7829999999999999,-0.001484593425624852,-0.0015425288386663356,-0.0015425288386663285
0.786,-0.001591712491396357,-0.001594017941604157,-0.00159401794160415
0.7889999999999999,-0.0016972946663199873,-0.0016440725359875177,-0.0016440725359875095
0.792,-0.0018012613610126388,-0.001692647576060057,-0.0016926475760600487
0.7949999999999999,-0.0019035327948087714,-0.0017396993475644257,-0.0017396993475644162
0.798,-0.002004028272842359,-0.0017851855070821698,-0.0017851855070821615
0.8009999999999999,-0.0021026664904443735,-0.0018290651201399465,-0.001829065120139937
0.804,-0.002199365862197699,-0.0018712986980477892,-0.0018712986980477812
0.8069999999999999,-0.0022940448726969844,-0.0019118482334362617,-0.0019118482334362524
0.81,-0.0023866224457897503,-0.001950677234460526,-0.0019506772344605175
0.813,-0.0024770183288296242,-0.0019877507576405388,-0.0019877507576405275
0.8160000000000001,-0.0025651534882562676,-0.002023035439307826,-0.002023035439307816
0.819,-0.0026509505126318163,-0.002056499525630532,-0.0020564995256305207
0.8220000000000001,-0.0027343340191140824,-0.0020881129011897244,-0.002088112901189714
0.825,-0.002815231059234778,-0.0021178471160812383,-0.002117847116081227
0.8280000000000001,-0.0028935715197796214,-0.002145675411518671,-0.0021456754115186604
0.831,-0.0029692885145389454,-0.002171572743914482,-0.002171572743914471
0.8340000000000001,-0.0030423187627144936,-0.0021955158074175333,-0.0021955158074175207
0.837,-0.0031126029498325667,-0.0022174830548867797,-0.0022174830548867676
0.8400000000000001,-0.0031800860671268505,-0.002237454717282244,-0.002237454717282231
0.843,-0.0032447177255171687,-0.0022554128214558166,-0.002255412821455803
0.846,-0.003306452440523282,-0.0022713412063258775,-0.0022713412063258636
0.849,-0.0033652498847154735,-0.002285225537421177,-0.0022852255374211632
0.852,-0.003421075104614698,-0.002297053319780894,-0.0022970533197808796
0.855,-0.0034738986993127865,-0.0023068139091992554,-0.0023068139091992415
0.858,-0.0035236969584848165,-0.0023144985218046055,-0.002314498521804591
0.861,-0.0035704519579076504,-0.002320100241964295,-0.0023201002419642796
0.864,-0.0036141516110764424,-0.002323614028508284,-0.0023236140285082694
0.867,-0.003654789676019357,-0.002325036719265858,-0.002325036719265843
0.87,-0.003692365716943811,-0.002324367033911363,-0.0023243670339113476
0.873,-0.0037268850208985634,-0.0023216055751164155,-0.0023216055751164007
0.876,-0.003758358470197466,-0.0023167548280075387,-0.0023167548280075235
0.879,-0.0037868023719149304,-0.0023098191579297143,-0.002309819157929699
0.882,-0.003812238246321684,-0.0023008048065178695,-0.0023008048065178543
0.885,-0.003834692576673843,-0.002289719886079824,-0.0022897198860798076
0.888,-0.0038541965232897902,-0.002276574372295762,-0.0022765743722957467
0.891,-0.0038707856053394295,-0.002261380095240794,-0.0022613800952407783
0.894,-0.003884499354220484,-0.0022441507287386865,-0.0022441507287386713
0.897,-0.003895380942798645,-0.002224901778056344,-0.002224901778056328
0.8999999999999999,-0.0039034767951350293,-0.002203650565950115,-0.0022036505659501
0.903,-0.00390883618160883,-0.0021804162170764823,-0.0021804162170764663
0.9059999999999999,-0.0039115108045591675,-0.0021552196407811602,-0.002155219640781145
0.909,-0.003911554379713333,-0.0021280835122820967,-0.0021280835122820816
0.9119999999999999,-0.003909022218734681,-0.0020990322522633073,-0.002099032252263291
0.915,-0.003903970818210306,-0.0020680920048979073,-0.0020680920048978917
0.9179999999999999,-0.0038964574603047135,-0.0020352906143201216,-0.0020352906143201064
0.921,-0.003886539830131405,-0.0020006575995674424,-0.0020006575995674264
0.9239999999999999,-0.0038742756546412283,-0.00196422412801549,-0.0019642241280154746
0.9269999999999999,-0.0038597223674974018,-0.001926022987329474,-0.0019260229873294598
0.9299999999999999,-0.0038429368040069373,-0.0018860885559575133,-0.0018860885559574977
0.9329999999999999,-0.0038239749297124363,-0.001844456772192349,-0.0018444567721923346
0.9359999999999999,-0.003802891605724012,-0.0018011651018293088,-0.0018011651018292956
0.939,-0.0037797403932966827,-0.0017562525044496195,-0.0017562525044496047
0.942,-0.0037545733995430746,-0.0017097593983594129,-0.0017097593983593997
0.945,-0.0037274411655249923,-0.0016617276242159801,-0.0016617276242159682
0.948,-0.003698392597300935,-0.0016122004073740026,-0.0016122004073739892
0.951,-0.0036674749398313018,-0.0015612223189856514,-0.0015612223189856395
0.954,-0.0036347337929704534,-0.0015088392358895582,-0.0015088392358895445
0.957,-0.003600213168116366,-0.0014550982993247574,-0.0014550982993247455
0.96,-0.0035639555834559677,-0.001400047872506753,-0.0014000478725067391
0.963,-0.003526002195148205,-0.001343737497103889,-0.00134373749710388
0.966,-0.0034863929612380558,-0.0012862178486531916,-0.0012862178486531808
0.969,-0.0034451668346024544,-0.0012275406909558065,-0.0012275406909557972
0.972,-0.0034023619808022645,-0.001167758829493072,-0.0011677588294930611
0.975,-0.003358016016360167,-0.00110692606390515,-0.001106926063905141
0.978,-0.003312166262708978,-0.0010450971395749814,-0.0010450971395749701
0.981,-0.0032648500108628234,-0.0009823276983611357,-0.0009823276983611264
0.984,-0.0032161047917580537,-0.0009186742285238955,-0.0009186742285238879
0.987,-0.0031659686471931132,-0.000854194013889634,-0.0008541940138896244
0.99,-0.0031144803963666437,-0.000788945082299238,-0.0007889450822992302
0.993,-0.003061679893169046,-0.0007229861533869683,-0.0007229861533869623
0.996,-0.0030076082696211008,-0.0006563765857367515,-0.0006563765857367435
0.999,-0.002952308161169068,-0.000589176323463462,-0.0005891763234634562
1.002,-0.002895823909932495,-0.0005214458422672642,-0.0005214458422672601
1.005,-0.0028382017424510393,-0.00045324609500956427,-0.0004532460950095582
1.008,-0.0027794899189810497,-0.00038463845685954935,-0.0003846384568595453
1.011,-0.002719738851941495,-0.00031568467006067784,-0.00031568467006067567
1.014,-0.0026590011916915296,-0.00024644678836682765,-0.0002464467883668234
1.017,-0.0025973318784272173,-0.00017698712119810651,-0.00017698712119810426
1.02,-0.002534788159601129,-0.00010736817756657934,-0.00010736817756657933
1.023,-0.0024714295728840937,-3.765260982237679e-05,-3.7652609822374236e-05
1.026,-0.0024073178952916446,3.209684272919098e-05,3.209684272919124e-05
1.029,-0.002342517059677564,0.00010181741028877438,0.00010181741028877683
1.032,-0.0022770930403427066,0.0001714463490515669,0.00017144634905156718
1.035,-0.0022111137100091715,0.0002409209976724944,0.00024092099767249664
1.038,-0.002144648670859019,0.00031017883365719616,0.00031017883365719225
1.041,-0.0020777690627254188,0.00037915752962804956,0.00037915752962804767
1.044,-0.0020105473518458586,0.00044779500941460323,0.0004477950094145995
1.047,-0.001943057103836953,0.0005160295039179401,0.0005160295039179381
1.05,-0.0018753727447248384,0.0005837996066986974,0.0005837996066986936
1.053,-0.0018075693139622405,0.0006510443292387173,0.0006510443292387153
1.056,-0.0017397222133825854,0.0007177031558265961,0.000717703155826592
1.059,-0.0016719069559842587,0.0007837160980177406,0.0007837160980177345
1.062,-0.0016041989183069143,0.0008490237486199188,0.0008490237486199146
1.065,-0.0015366730999607963,0.000913567335155723,0.0009135673351557168
1.068,-0.0014694038936047741,0.000977288772753832,0.0009772887727538238
1.071,-0.0014024648683460487,0.001040130716421476,0.0010401307164214697
1.074,-0.001335928569161834,0.0011020366126510577,0.0011020366126510493
1.077,-0.0012698663345295878,0.001162950750314493,0.001162950750314483
1.08,-0.0012043481340067862,0.0012228183107994663,0.0012228183107994579
1.083,-0.001139442427033692,0.0012815854173424798,0.0012815854173424694
1.086,-0.0010752160437531434,0.0013391991835143056,0.0013391991835142933
1.089,-0.0010117340881603356,0.0013956077608142017,0.001395607760814191
1.092,-0.0009490598634227896,0.0014507603853300627,0.0014507603853300501
1.095,-0.0008872548187560442,0.001504607423422515,0.0015046074234225004
1.098,-0.0008263785168130369,0.001557100416391841,0.0015571004163918282
1.101,-0.0007664886201531247,0.0016081921240875395,0.001608192124087525
1.104,-0.0007076408950077294,0.0016578365674212712,0.0016578365674212582
1.107,-0.0006498892302600808,0.0017059890697449349,0.0017059890697449203
1.11,-0.0005932856693117331,0.0017526062970566357,0.0017526062970566224
1.113,-0.0005378804523225369,0.0017976462969983616,0.0017976462969983443
1.116,-0.0004837220661861795,0.001841068536610274,0.0018410685366102577
1.119,-0.00043085729954162695,0.0018828339388076351,0.0018828339388076178
1.122,-0.00037933130012178127,0.0019229049175475475,0.0019229049175475312
1.125,-0.0003291876318030282,0.0019612454116538554,0.001961245411653838
1.1280000000000001,-0.0002804683288404338,0.001997820917269769,0.001997820917269752
1.131,-0.00023321394494926726,0.0020325985189090057,0.0020325985189089874
1.1340000000000001,-0.00018746359511928089,0.0020655469190775082,0.002065546919077489
1.137,-0.00014325498831782728,0.002096636466439076,0.0020966364664390578
1.1400000000000001,-0.00010062444954456407,0.002125839182499564,0.0021258391824995446
1.143,-5.960693003676453e-05,0.002153128786785643,0.0021531287867856226
1.1460000000000001,-2.0236004781998284e-05,0.0021784807204954476,0.002178480720495428
1.149,1.7456143134038425e-05,0.0022018721685998434,0.002201872168599823
1.152,5.3438751441083564e-05,0.0022232820803744125,0.0022232820803743908
1.155,8.768252058380518e-05,0.0022426911883436824,0.0022426911883436616
1.158,0.00012015966797176129,0.0022600820256205574,0.0022600820256205357
1.161,0.00015084399360408215,0.002275438941625334,0.002275438941625311
1.164,0.00017971095577991493,0.0022887481161701683,0.002288748116170146
1.167,0.0002067377553260622,0.0022999975718963127,0.0022999975718962897
1.17,0.00023190342653296308,0.0023091771850529295,0.002309177185052906
1.173,0.00025518893279398815,0.0023162786946077825,0.002316278694607759
1.176,0.0002765772647947409,0.00232129570968161,0.002321295709681586
1.179,0.0002960535390012361,0.0023242237152994835,0.0023242237152994597
1.182,0.00031360509415010644,0.002325060076453982,0.002325060076453958
1.185,0.0003292215834505806,0.002323804040476519,0.0023238040404764946
1.188,0.0003428950602662607,0.002320456737714694,0.00232045673771467
1.191,0.00035462005515265777,0.002315021180515057,0.0023150211805150326
1.194,0.0003643936422812387,0.002307502260512198,0.002307502260512174
1.197,0.00037221549347837363,0.0022979067442266085,0.0022979067442265837
1.2,0.00037808791834334764,0.0022862432669752664,0.0022862432669752426
1.2029999999999998,0.0003820158891779797,0.002272522325100438,0.0022725223251004144
1.2060000000000002,0.00038400704975519433,0.0022567562665236737,0.002256756266523649
1.209,0.00038407170726854434,0.002238959279633517,0.002238959279633493
1.212,0.0003822228071321941,0.0022191473805169074,0.002219147380516883
1.2149999999999999,0.0003784758906340981,0.002197338398545787,0.0021973383985457646
1.2180000000000002,0.0003728490357769457,0.002173551960331868,0.0021735519603318433
1.221,0.0003653627819647895,0.002147809472064006,0.002147809472063982
1.224,0.00035604003950146646,0.002120134100244077,0.0021201341002440536
1.2269999999999999,0.00034490598515357705,0.0020905507508386864,0.002090550750838664
1.2299999999999998,0.0003319879452901311,0.0020590860468654836,0.002059086046865462
1.233,0.0003173152683379145,0.0020257683044342402,0.0020257683044342155
1.236,0.00030091918848177844,0.0019906275072642645,0.001990627507264243
1.2389999999999999,0.0002828326826888906,0.001953695279701077,0.001953695279701054
1.2419999999999998,0.00026309032324287995,0.0019150048582566336,0.0019150048582566143
1.245,0.00024172812803607412,0.0018745910616987094,0.0018745910616986862
1.248,0.00021878341088491616,0.001832490259716357,0.0018324902597163352
1.251,0.00019429463410539555,0.0017887403401896415,0.0017887403401896209
1.2539999999999998,0.0001683012655130807,0.001743380675093106,0.001743380675093087
1.2570000000000001,0.00014084364189813695,0.0016964520850636523,0.001696452085063632
1.26,0.00011196284087247924,0.0016479968026647217,0.0016479968026647
1.263,8.170056279750937e-05,0.00159805843437984,0.0015980584343798226
1.2659999999999998,5.009902428111868e-05,0.0015466819213697245,0.001546681921369706
1.2690000000000001,1.7200864486618017e-05,0.0014939134990282741,0.001493913499028254
1.272,-1.6950934770686697e-05,0.0014398006553738344,0.0014398006553738157
1.275,-5.231311444568406e-05,0.0013843920883131868,0.0013843920883131698
1.2779999999999998,-8.884218880239543e-05,0.0013277376618167198,0.0013277376618167048
1.2810000000000001,-0.00012649448096255266,0.0012698883610442215,0.0012698883610442015
1.284,-0.00016522614364917218,0.0012108962464616763,0.0012108962464616613
1.287,-0.00020499316559464265,0.0011508144069903603,0.0011508144069903438
1.2899999999999998,-0.00024575136435332746,0.0010896969122303948,0.001089696912230384
1.2930000000000001,-0.0002874563665103101,0.0010275987638017569,0.0010275987638017406
1.296,-0.0003300635765061414,0.0009645758458465332,0.0009645758458465192
1.299,-0.00037352813549824173,0.000900684874736964,0.000900684874736952
1.3019999999999998,-0.00041780487184953677,0.0008359833480345366,0.0008359833480345269
1.3050000000000002,-0.00046284824497129046,0.0007705294927460615,0.00077052949274605
1.308,-0.000508612284347956,0.0007043822129232952,0.0007043822129232819
1.311,-0.0005550505256360176,0.0006376010366532711,0.000637601036653264
1.3139999999999998,-0.0006021159457557121,0.000570246062487038,0.000570246062487029
1.317,-0.0006497608988846125,0.0005023779053550209,0.0005023779053550181
1.32,-0.000697937055216268,0.00043405764201767563,0.00043405764201766707
1.323,-0.0007465953442671971,0.00036534675610052633,0.00036534675610051977
1.3259999999999998,-0.000795685904403882,0.00029630708276305275,0.0002963070827630486
1.329,-0.0008451580401209306,0.0002270007530512205,0.0002270007530512186
1.332,-0.0008949601884357091,0.00015749013798373328,0.00015749013798372962
1.335,-0.0009450398955773246,8.783779242232611e-05,8.78377924223208e-05
1.3379999999999999,-0.0009953438049430615,1.810639877661198e-05,1.8106398776612798e-05
1.341,-0.0010458176570775951,-5.1641289405855863e-05,-5.164128940585654e-05
1.344,-0.0010964063022041006,-0.0001213425039135409,-0.00012134250391354347
1.347,-0.0011470537256063021,-0.00019093451835807705,-0.0001909345183580772
1.3499999999999999,-0.0011977030859310273,-0.0002603547046237843,-0.00026035470462378225
1.353,-0.0012482967662564106,-0.00032954058922874546,-0.000329540589228741
1.356,-0.0012987764375555432,-0.00039842990954672326,-0.0003984299095467248
1.359,-0.0013490831339829832,-0.0004669606698393211,-0.00046696066983931606
1.3619999999999999,-0.0013991573392255368,-0.0005350711970479632,-0.0005350711970479599
1.365,-0.0014489390829920956,-0.0006027001962954844,-0.0006027001962954747
1.368,-0.001498368046572581,-0.0006697868060473825,-0.0006697868060473786
1.371,-0.0015473836762751854,-0.000736270652883091,-0.0007362706528830847
1.3739999999999999,-0.0015959253034555938,-0.000802091905827983,-0.0008020919058279746
1.377,-0.0016439322697825575,-0.0008671913301972092,-0.0008671913301971983
1.3800000000000001,-0.0016913440563414484,-0.0009315103409029167,-0.0009315103409029073
1.383,-0.0017381004151610186,-0.0009949910551768732,-0.0009949910551768654
1.386,-0.0017841415017578023,-0.001057576344661052,-0.0010575763446610386
1.389,-0.001829408007326201,-0.0011192098868192976,-0.0011192098868192855
1.392,-0.0018738412892586593,-0.0011798362156238066,-0.0011798362156237889
1.395,-0.0019173834987573648,-0.0012394007714708099,-0.0012394007714707973
1.398,-0.0019599777043942616,-0.0012978499502805316,-0.0012978499502805166
1.401,-0.002001568010587162,-0.0013551311517372446,-0.0013551311517372277
1.404,-0.00204209967008352,-0.0014111928266260026,-0.0014111928266259837
1.407,-0.002081519189676996,-0.0014659845232234553,-0.0014659845232234377
1.41,-0.0021197744285222334,-0.0015194569327009937,-0.0015194569327009774
1.413,-0.0021568146885571873,-0.0015715619334993672,-0.001571561933499346
1.416,-0.002192590796686921,-0.0016222526346348395,-0.0016222526346348195
1.419,-0.002227055178525129,-0.0016714834178979082,-0.0016714834178978896
1.422,-0.0022601619236270135,-0.001719209978906615,-0.0017192099789065944
1.425,-0.002291866842277156,-0.001765389366977498,-0.0017653893669774758
1.428,-0.0023221275140163904,-0.0018099800237783088,-0.0018099800237782848
1.431,-0.002350903328200609,-0.0018529418207277053,-0.001852941820727685
1.434,-0.0023781555169802965,-0.0018942360951082677,-0.0018942360951082434
1.437,-0.002403847181171249,-0.0019338256848603333,-0.0019338256848603099
1.44,-0.0024279433095535773,-0.0019716749620253423,-0.0019716749620253154
1.443,-0.0024504107921871753,-0.002007749864808596,-0.002007749864808572
1.446,-0.002471218428367396,-0.002042017928232572,-0.002042017928232547
1.449,-0.002490336929864838,-0.002074448313353214,-0.0020744483133531876
1.452,-0.0025077389200985423,-0.002105011835012899,-0.0021050118350128713
1.455,-0.0025233989298834186,-0.0021336809881051084,-0.002133680988105081
1.458,-0.0025372933903714213,-0.002160429972327169,-0.0021604299723271426
1.461,-0.0025494006237733024,-0.0021852347153987835,-0.0021852347153987544
1.464,-0.0025597008324051767,-0.0022080728947254575,-0.002208072894725429
1.4669999999999999,-0.0025681760865533423,-0.0022289239574873275,-0.002228923957487297
1.47,-0.0025748103115935317,-0.002247769139135313,-0.002247769139135284
1.473,-0.0025795892747389007,-0.0022645914802779414,-0.002264591480277912
1.476,-0.0025825005717263387,-0.002279375841943659,-0.002279375841943629
1.4789999999999999,-0.002583533613684937,-0.0022921089192048808,-0.0022921089192048504
1.482,-0.0025826796143653187,-0.0023027792531515293,-0.0023027792531514994
1.485,-0.0025799315778456617,-0.0023113772412032777,-0.002311377241203248
1.488,-0.0025752842867709444,-0.0023178951457512266,-0.002317895145751196
1.4909999999999999,-0.002568734291127602,-0.002322327101121228,-0.0023223271011211973
1.494,-0.0025602798975073336,-0.002324669118852597,-0.0023246691188525664
1.497,-0.0025499211587721167,-0.002324919091287457,-0.002324919091287426
1.5,-0.0025376598639982135,-0.002323076793467489,-0.002323076793467458
1.503,-0.002523499528550411,-0.0023191438833363794,-0.0023191438833363486
1.506,-0.002507445384119111,-0.002313123900247783,-0.002313123900247751
1.5090000000000001,-0.002489504368542125,-0.0023050222617801426,-0.002305022261780112
1.512,-0.0024696851152297967,-0.0022948462588612355,-0.0022948462588612043
1.515,-0.002447997942015995,-0.0022826050492068288,-0.002282605049206799
1.518,-0.002424454839267838,-0.0022683096490793545,-0.0022683096490793233
1.5210000000000001,-0.002399069457103078,-0.0022519729233740167,-0.0022519729233739863
1.524,-0.002371857091584872,-0.0022336095740412548,-0.0022336095740412244
1.527,-0.0023428346697882555,-0.0022132361268559788,-0.0022132361268559493
1.53,-0.002312020733659982,-0.002190870916545489,-0.0021908709165454595
1.5330000000000001,-0.002279435422622385,-0.002166534070289459,-0.0021665340702894283
1.536,-0.0022451004549014493,-0.0021402474896068313,-0.0021402474896068027
1.539,-0.00220903910758842,-0.002112034830645929,-0.0021120348306458998
1.5419999999999998,-0.002171276195471865,-0.002081921482895519,-0.0020819214828954927
1.5450000000000002,-0.0021318380487023916,-0.002049934546335988,-0.002049934546335959
1.548,-0.0020907524893742915,-0.002016102807051185,-0.0020161028070511573
1.551,-0.002048048807126635,-0.001980456711322893,-0.0019804567113228667
1.5539999999999998,-0.0020037577338801495,-0.001943028338231228,-0.0019430283382312029
1.5570000000000002,-0.0019579114178353008,-0.0019038513707856333,-0.001903851370785607
1.56,-0.0019105433968609716,-0.0018629610656124439,-0.0018629610656124165
1.563,-0.0018616885714020735,-0.0018203942212263026,-0.0018203942212262792
1.5659999999999998,-0.0018113831770282896,-0.0017761891449139813,-0.001776189144913957
1.5690000000000002,-0.001759664756735187,-0.001730385618260408,-0.0017303856182603826
1.572,-0.001706572133093567,-0.0016830248613479257,-0.001683024861347902
1.575,-0.001652145380323542,-0.0016341494956610004,-0.001634149495660978
1.5779999999999998,-0.001596425796347136,-0.001583803505729762,-0.0015838035057297415
1.5810000000000002,-0.0015394558748477892,-0.0015320321995468964,-0.0015320321995468712
1.584,-0.0014812792773379003,-0.0014788821677935095,-0.0014788821677934895
1.587,-0.001421940805207138,-0.0014244012419106602,-0.0014244012419106385
1.5899999999999999,-0.0013614863716956628,-0.0013686384510542909,-0.0013686384510542744
1.5930000000000002,-0.0012999629737083917,-0.0013116439779722964,-0.0013116439779722754
1.596,-0.0012374186633598734,-0.0012534691138434396,-0.0012534691138434203
1.599,-0.0011739025191150102,-0.0011941662121187505,-0.0011941662121187331
1.6019999999999999,-0.0011094646163694987,-0.001133788641406956,-0.0011337886414069407
1.6050000000000002,-0.0010441559972960979,-0.0010723907374463324,-0.0010723907374463153
1.608,-0.0009780286397692638,-0.0010100277542062104,-0.0010100277542061916
1.611,-0.0009111354251717399,-0.000946755814162131,-0.0009467558141621181
1.6139999999999999,-0.0008435301048827044,-0.0008826318577894058,-0.0008826318577893914
1.6169999999999998,-0.0007752672652482574,-0.0008177135923205334,-0.0008177135923205247
1.62,-0.0007064022908414619,-0.000752059439812584,-0.0007520594398125662
1.623,-0.0006369913258307824,-0.0006857284845712926,-0.000685728484571281
1.626,-0.000567091233292393,-0.0006187804199791712,-0.0006187804199791657
1.6289999999999998,-0.0004967595523231873,-0.0005512754947754938,-0.0005512754947754866
1.6320000000000001,-0.00042605445283695005,-0.00048327445883649816,-0.00048327445883648943
1.635,-0.00035503468795555944,-0.00041483850850459694,-0.00041483850850458637
1.638,-0.0002837595439396492,-0.00034602923151580086,-0.00034602923151579685
1.6409999999999998,-0.0002122887876381796,-0.000276908551574913,-0.00027690855157490746
1.6440000000000001,-0.0001406826114731174,-0.00020753867262837417,-0.0002075386726283668
1.647,-6.900157601310181e-05,-0.00013798202288490999,-0.00013798202288490928
1.65,2.6934497722126748e-06,-6.830119863435649e-05,-6.830119863435419e-05
1.6529999999999998,7.434135044831754e-05,1.4410920847753288e-06,1.441092084779284e-06
1.6560000000000001,0.00014588082807802974,7.118208591830166e-05,7.118208591830734e-05
1.659,0.00021725046801176665,0.0001408590206791482,0.00014085902067914732
1.662,0.00028838880627748135,0.00021040919182908213,0.00021040919182908273
1.6649999999999998,0.00035923439831487083,0.0002797700089085643,0.0002797700089085583
1.6680000000000001,0.00042972588877562986,0.00034887905186393786,0.00034887905186393347
1.671,0.0004998020820932583,0.0004176741272212634,0.00041767412722126037
1.674,0.0005694020135125907,0.0004860933240562476,0.0004860933240562463
1.6769999999999998,0.0006384650202610412,0.0005540750697098963,0.0005540750697098885
1.6800000000000002,0.0007069308125407013,0.0006215581851997513,0.000621558185199745
1.683,0.0007747395440228693,0.0006884819402768453,0.0006884819402768404
1.686,0.0008418318815342626,0.000754786108078827,0.0007547861080788159
1.6889999999999998,0.0009081490736368378,0.0008204110193300717,0.0008204110193300619
1.692,0.0009736330178205042,0.0008852976160400017,0.0008852976160399857
1.695,0.0010382263260496575,0.0009493875046512922,0.0009493875046512852
1.698,0.0011018723884298831,0.0010126230085901306,0.0010126230085901174
1.7009999999999998,0.001164515434789801,0.0010749472201712405,0.0010749472201712212
1.704,0.001226100594004226,0.0011363040518109569,0.0011363040518109393
1.707,0.00128657395091793,0.001196638286502266,0.0011966382865022495
1.71,0.0013458826007635718,0.0012558956275063842,0.001255895627506369
1.7129999999999999,0.0014039747010021536,0.0013140227472161585,0.0013140227472161377
1.716,0.0014607995205488792,0.0013709673351473125,0.0013709673351472928
1.719,0.0015163074863808973,0.0014266781450143532,0.0014266781450143345
1.722,0.0015704502275554076,0.0014811050408487668,0.0014811050408487427
1.7249999999999999,0.0016231806166963944,0.0015341990421180074,0.0015341990421179844
1.728,0.001674452809035263,0.0015859123678046705,0.0015859123678046488
1.731,0.0017242222791144207,0.0016361984794061827,0.0016361984794061619
1.734,0.001772445855282953,0.0016850121228163136,0.0016850121228162882
1.7369999999999999,0.0018190817521296695,0.001732309369050816,0.0017323093690507912
1.74,0.001864089601010757,0.001778047653780547,0.001778047653780518
1.743,0.0019074304788368921,0.001822185815636492,0.0018221858156364638
1.746,0.0019490669352879423,0.0018646841332522165,0.0018646841332521894
1.7489999999999999,0.0019889630186224047,0.0019055043610104172,0.0019055043610103908
1.752,0.002027084300243589,0.0019446097634613943,0.001944609763461364
1.7550000000000001,0.00206339789817558,0.0019819651483824773,0.001981965148382448
1.758,0.0020978724995894633,0.0020175368984486504,0.0020175368984486214
1.761,0.002130478382504599,0.002051293001485875,0.0020512930014858427
1.764,0.0021611874367713536,0.0020832030792798857,0.002083203079279854
1.767,0.0021899731844210934,0.002113238414914534,0.0021132384149145
1.77,0.0022168107994470308,0.0021413719786150735,0.0021413719786150427
1.773,0.002241677127056172,0.002167578452073132,0.002167578452073098
1.776,0.002264550702408789,0.00219183425123148,0.0021918342512314438
1.779,0.0022854117688380924,0.002214117547508094,0.0022141175475080582
1.782,0.0023042422955195808,0.002234408287440401,0.0022344082874403656
1.785,0.002321025994537613,0.002252688210732047,0.002252688210732012
1.788,0.0023357483372763426,0.0022689408666859263,0.0022689408666858894
1.791,0.002348396570043937,0.002283151629008702,0.002283151629008666
1.794,0.0023589597288231914,0.002295307708973482,0.002295307708973446
1.797,0.0023674286530286936,0.002305398166928808,0.002305398166928771
1.7999999999999998,0.0023737959981407516,0.0023134139221436065,0.0023134139221435692
1.803,0.0023780562470795963,0.0023193477609792304,0.0023193477609791935
1.806,0.002380205720180031,0.0023231943433812503,0.0023231943433812134
1.809,0.0023802425836266473,0.002324950207685141,0.0023249502076851036
1.8119999999999998,0.002378166856213074,0.0023246137737315464,0.002324613773731509
1.815,0.002373980414295136,0.0023221853442883154,0.0023221853442882785
1.818,0.0023676869948172988,0.0023176671047780333,0.0023176671047779964
1.821,0.002359292196303934,0.0023110631213112873,0.0023110631213112505
1.8239999999999998,0.0023488034777215,0.002302379337027442,0.002302379337027405
1.827,0.002336230155134407,0.0022916235667462155,0.002291623566746179
1.83,0.0023215833960955772,0.0022788054899348675,0.0022788054899348306
1.833,0.0023048762117322116,0.002263936641997334,0.0022639366419972967
1.8359999999999999,0.002286123446507548,0.002247030403893142,0.0022470304038931066
1.839,0.002265341765659944,0.0022281019900954485,0.0022281019900954125
1.842,0.002242549640341052,0.0022071684348990415,0.0022071684348990046
1.845,0.002217767330494688,0.002184248577090625,0.0021842485770905877
1.8479999999999999,0.002191016865536826,0.0021593630429951834,0.002159363042995148
1.851,0.0021623220229145396,0.0021325342279136785,0.0021325342279136456
1.8539999999999999,0.002131708304637422,0.0021037862759687932,0.00210378627596876
1.857,0.0020992029118885895,0.0020731450583768496,0.0020731450583768153
1.8599999999999999,0.002064834717833669,0.0020406381501654604,0.0020406381501654252
1.863,0.002028634238754939,0.002006294805357865,0.002006294805357833
1.8659999999999999,0.001990633603643913,0.0019701459306462844,0.0019701459306462514
1.869,0.0019508665223890273,0.001932224057577983,0.0019322240575779493
1.8719999999999999,0.0019093682526957294,0.0018925633132790725,0.0018925633132790426
1.875,0.0018661755658741885,0.0018511993897424022,0.0018511993897423712
1.878,0.001821326711625178,0.0018081695117071737,0.0018081695117071416
1.881,0.0017748613819475543,0.0017635124031591895,0.0017635124031591563
1.884,0.0017268206742814354,0.0017172682524818782,0.0017172682524818493
1.887,0.0016772470539898388,0.0016694786762894626,0.0016694786762894325
1.89,0.0016261843162685785,0.0016201866819748167,0.0016201866819747913
1.893,0.0015736775475598667,0.0015694366290057136,0.0015694366290056872
1.896,0.0015197730865297383,0.0015172741890042997,0.0015172741890042722
1.899,0.0014645184846534774,0.0014637463046457174,0.0014637463046456886
1.902,0.0014079624664370006,0.0014089011474128655,0.0014089011474128416
1.905,0.0013501548892861101,0.0013527880742453162,0.0013527880742452913
1.908,0.0012911467030199332,0.001295457583121402,0.0012954575831213757
1.911,0.0012309899090101654,0.001236961267613442,0.0012369612676134214
1.914,0.0011697375189141828,0.0011773517704570108,0.001177351770456989
1.917,0.0011074435129580424,0.0011166827361760287,0.0011166827361760055
1.92,0.0010441627977150697,0.0010550087628063115,0.001055008762806287
1.923,0.000979951163317384,0.0009923853527610239,0.000992385352761005
1.926,0.0009148652400315185,0.000928868862882253,0.0009288688628822404
1.9289999999999998,0.0008489624541253519,0.0008645164537236553,0.0008645164537236412
1.932,0.0007823009829520042,0.0007993860381098164,0.000799386038109801
1.935,0.0007149397091771486,0.0007335362290186176,0.0007335362290186008
1.938,0.0006469381740793694,0.000667026286833512,0.0006670262868335016
1.9409999999999998,0.0005783565298586547,0.00059991606601318,0.0005999160660131684
1.944,0.0005092554908957483,0.0005322659612265557,0.0005322659612265425
1.947,0.00043969628391474225,0.000464136853001702,0.0004641368530016953
1.95,0.0003697405970127467,0.0003955900529374446,0.0003955900529374367
1.9529999999999998,0.0002994505275335253,0.0003266872485270709,0.00032668724852706154
1.956,0.00022888852877633075,0.00025749044764375066,0.00025749044764373976
1.959,0.00015811735554655985,0.00018806192273763484,0.00018806192273763088
1.962,8.720000857094696e-05,0.0001184641547948541,0.00011846415479484858
1.9649999999999999,1.6199677816513548e-05,4.8759777108848535e-05,4.8759777108849925e-05
1.968,-5.482031523092374e-05,-2.0988481085368767e-05,-2.0988481085368804e-05
1.971,-0.00012579657625653193,-9.071785106328921e-05,-9.071785106329095e-05
1.974,-0.00019666569768657808,-0.00016036558109852394,-0.0001603655810985267
1.9769999999999999,-0.00026736431903596504,-0.000229868992935122,-0.00022986899293511828
1.98,-0.00033782918791642764,-0.00029916553819377,-0.00029916553819376765
1.983,-0.00040799722157614773,-0.0003681928546611116,-0.0003681928546611106
1.986,-0.00047780556883064945,-0.0004368888224115304,-0.00043688882241152275
1.9889999999999999,-0.0005471916722357168,-0.0005051916197108896,-0.0005051916197108831
1.992,-0.0006160933303458631,-0.0005730397786519203,-0.0005730397786519152
1.995,-0.0006844487598967235,-0.000640372240471189,-0.0006403722404711852
1.998,-0.0007521966577466584,-0.0007071284104978631,-0.0007071284104978527
2.001,-0.0008192762624119394,-0.000773248212684825,-0.0007732482126848081
2.004,-0.0008856274150310633,-0.0008386721436730591,-0.0008386721436730435
2.007,-0.0009511906195970205,-0.0009033413263406587,-0.0009033413263406445
2.01,-0.0010159071023015877,-0.0009671975627882621,-0.0009671975627882491
2.013,-0.001079718869842842,-0.001030183386713233,-0.0010301833867132138
2.016,-0.001142568766555936,-0.0010922421151254547,-0.0010922421151254367
2.019,-0.0012044005302375281,-0.0011533178993581945,-0.0011533178993581774
2.022,-0.0012651588465459793,-0.0012133557753281348,-0.0012133557753281116
2.025,-0.0013247894018722098,-0.0012723017129993373,-0.0012723017129993152
2.028,-0.001383238934589786,-0.0013301026650066297,-0.0013301026650066087
2.031,-0.001440455284607074,-0.0013867066143946527,-0.0013867066143946325
2.034,-0.0014963874411589432,-0.001442062621429609,-0.0014420626214295834
2.037,-0.0015509855887902288,-0.0014961208694415852,-0.0014961208694415607
2.04,-0.0016042011514977718,-0.0015488327096561934,-0.0015488327096561635
2.043,-0.0016559868350120507,-0.0016001507049751825,-0.0016001507049751534
2.046,-0.0017062966672130322,-0.0016500286726666262,-0.001650028672666598
2.049,-0.0017550860366876207,-0.001698421725926264,-0.0016984217259262367
2.052,-0.001802311729447881,-0.0017452863142725956,-0.0017452863142725637
2.055,-0.0018479319638397779,-0.0017905802627393738,-0.0017905802627393426
2.058,-0.0018919064236814697,-0.0018342628098302286,-0.001834262809830198
2.061,-0.001934196289678055,-0.0018762946442012615,-0.0018762946442012266
2.064,-0.001974764269166017,-0.0019166379400386022,-0.001916637940038568
2.067,-0.00201357462424544,-0.0019552563910990883,-0.0019552563910990545
2.07,-0.002050593198361267,-0.001992115243383432,-0.0019921152433833985
2.073,-0.002085787441396589,-0.0020271813264124755,-0.0020271813264124386
2.076,-0.002119126433341049,-0.0020604230830783823,-0.0020604230830783424
2.0789999999999997,-0.0021505809065961497,-0.0020918105980439047,-0.002091810598043865
2.082,-0.002180123266976563,-0.0021213156246641667,-0.0021213156246641276
2.085,-0.002207727613462556,-0.0021489116104067402,-0.002148911610406701
2.088,-0.0022333697567535962,-0.00217457372074713,-0.0021745737207470887
2.0909999999999997,-0.0022570272366670887,-0.00219827886151817,-0.002198278861518129
2.094,-0.002278679338419314,-0.002220005699693215,-0.0022200056996931746
2.097,-0.0022983071078180963,-0.0022397346825844258,-0.0022397346825843833
2.1,-0.0023158933653886576,-0.002257448055438866,-0.0022574480554388237
2.1029999999999998,-0.0023314227194458333,-0.0022731298774165843,-0.002273129877416542
2.106,-0.0023448815781173197,-0.0022867660359362912,-0.0022867660359362487
2.109,-0.002356258160314275,-0.002298344259375732,-0.0022983442593756884
2.112,-0.0023655425056373705,-0.0023078541281153185,-0.0023078541281152743
2.1149999999999998,-0.0023727264831986386,-0.002315287083915081,-0.0023152870839150365
2.118,-0.0023778037993321425,-0.00232063643761651,-0.0023206364376164653
2.121,-0.002380770004159923,-0.0023238973751623444,-0.0023238973751622998
2.124,-0.0023816224969737954,-0.0023250669619288996,-0.002325066961928855
2.127,-0.0023803605303886147,-0.0023241441453670307,-0.002324144145366986
2.13,-0.0023769852132185724,-0.0023211297559493547,-0.00232112975594931
2.133,-0.002371499512025064,-0.002316026506422883,-0.0023160265064228374
2.136,-0.0023639082512826697,-0.00230883898936773,-0.0023088389893676847
2.139,-0.002354218112108835,-0.002299573673064102,-0.002299573673064057
2.142,-0.00234243762950297,-0.0022882388956712825,-0.0022882388956712374
2.145,-0.0023285771880417958,-0.002274844857723851,-0.0022748448577238054
2.148,-0.0023126490159799235,-0.00225940361295189,-0.0022594036129518456
2.151,-0.002294667177707703,-0.0022419290574334405,-0.0022419290574333976
2.154,-0.002274647564522312,-0.0022224369170889724,-0.002222436917088929
2.157,-0.0022526078836727676,-0.002200944733529116,-0.0022009447335290724
2.16,-0.00222856764564494,-0.002177471848268396,-0.0021774718482683517
2.163,-0.00220254814965864,-0.0021520393853191747,-0.0021520393853191326
2.166,-0.002174572467355298,-0.002124670232181467,-0.0021246702321814246
2.169,-0.002144665424661597,-0.0020953890192457344,-0.002095389019245691
2.172,-0.0021128535818214647,-0.002064222097627196,-0.0020642220976271556
2.175,-0.0020791652115960653,-0.002031197515451605,-0.002031197515451564
2.178,-0.002043630275638633,-0.0019963449926138264,-0.0019963449926137847
2.181,-0.002006280399058145,-0.00195969589403194,-0.0019596958940318976
2.184,-0.0019671488431927658,-0.0019212832014209296,-0.0019212832014208908
2.187,-0.0019262704766206803,-0.0018811414836113658,-0.001881141483611326
2.19,-0.0018836817444422321,-0.0018393068654397927,-0.001839306865439757
2.193,-0.0018394206358731257,-0.0017958169952388124,-0.0017958169952387761
2.196,-0.0017935266501938425,-0.001750711010956128,-0.0017507110109560907
2.199,-0.001746040761105183,-0.0017040295049330313,-0.0017040295049329931
2.202,-0.0016970053795440964,-0.001655814487374036,-0.001655814487374002
2.205,-0.0016464643150175139,-0.0016061093485405288,-0.001606109348540494
2.208,-0.001594462735514879,-0.0015549588197024636,-0.0015549588197024278
2.211,-0.0015410471260623804,-0.001502408932883238,-0.0015024089328832075
2.214,-0.0014862652459835864,-0.0014485069794339784,-0.0014485069794339465
2.217,-0.0014301660849322787,-0.0013933014674745157,-0.0013933014674744827
2.22,-0.0013727998177637973,-0.0013368420782393538,-0.0013368420782393197
2.223,-0.0013142177583111872,-0.0012791796213679097,-0.0012791796213678813
2.226,-0.0012544723121319492,-0.0012203659891792684,-0.001220365989179246
2.2289999999999996,-0.0011936169282902491,-0.001160454109972599,-0.0011604541099725755
2.232,-0.0011317060502381438,-0.0010994979003952567,-0.0010994979003952324
2.235,-0.0010687950658577522,-0.0010375522169214404,-0.0010375522169214148
2.238,-0.0010049402567244494,-0.0009746728064850686,-0.0009746728064850493
2.2409999999999997,-0.0009401987466490993,-0.000910916256311301,-0.0009109162563112808
2.244,-0.0008746284495551987,-0.0008463399429918558,-0.0008463399429918346
2.247,-0.000808288016744581,-0.0007810019808499504,-0.0007810019808499358
2.25,-0.0007412367836031272,-0.0007149611696413323,-0.0007149611696413164
2.2529999999999997,-0.0006735347157957998,-0.0006482769416384681,-0.0006482769416384508
2.2560000000000002,-0.0006052423549982853,-0.0005810093081455101,-0.0005810093081454916
2.259,-0.0005364207642106773,-0.000513218805492173,-0.0005132188054921613
2.262,-0.0004671314726969742,-0.00044496644055512307,-0.00044496644055511006
2.2649999999999997,-0.00039743642059274,-0.0003763136358559071,-0.00037631363585590143
2.2680000000000002,-0.0003273979032221135,-0.00030732217428482925,-0.0003073221742848221
2.271,-0.0002570785151644613,-0.00023805414350051949,-0.0002380541435005113
2.274,-0.00018654109411036482,-0.00016857188005523188,-0.00016857188005522245
2.2769999999999997,-0.00011584866454631622,-9.893791329615511e-05,-9.89379132961528e-05
2.2800000000000002,-4.506438130746485e-05,-2.9214909093220602e-05,-2.9214909093217218e-05
2.283,2.574852696201219e-05,4.0534386555950594e-05,4.053438655595505e-05
2.286,9.652681440084967e-05,0.00011024720399321046,0.00011024720399320813
2.2889999999999997,0.000167207274534165,0.00017986080638833943,0.00017986080638833805
2.2920000000000003,0.00023772679684676626,0.0002493125461979591,0.00024931254619795905
2.295,0.00030802242328352306,0.00031853992154409267,0.0003185399215440937
2.298,0.0003780314046328163,0.00038748063246163623,0.0003874806324616303
2.3009999999999997,0.0004476912567477852,0.0004560726369641224,0.00045607263696410946
2.304,0.000516939816558739,0.0005242542068773203,0.0005242542068773084
2.307,0.0005857152978287467,0.0005919639833904261,0.0005919639833904153
2.31,0.0006539563466030911,0.0006591410322748506,0.0006591410322748407
2.3129999999999997,0.000721602096302025,0.0007257248987209125,0.0007257248987208961
2.316,0.000788592222405123,0.0007916556617430868,0.0007916556617430713
2.319,0.0008548669966745306,0.0008568739881048465,0.0008568739881048321
2.322,0.0009203673408635922,0.0009213211857145709,0.0009213211857145499
2.3249999999999997,0.0009850348798567277,0.0009849392564444666,0.0009849392564444466
2.328,0.0010488119941860449,0.0010476709483249677,0.0010476709483249484
2.331,0.0011116418718700389,0.0011094598070676435,0.0011094598070676253
2.334,0.0011734685595198554,0.001170250226870249,0.0011702502268702245
2.3369999999999997,0.0012342370126589902,0.0012299875004581917,0.001229987500458168
2.34,0.0012938931452029638,0.0012886178683173878,0.0012886178683173583
2.343,0.001352383878046452,0.0013460885670741947,0.0013460885670741663
2.346,0.001409657186706546,0.0014023478769788875,0.00140234787697886
2.3489999999999998,0.0014656621479722767,0.0014573451684499414,0.0014573451684499147
2.352,0.0015203489855122165,0.001511030947637238,0.0015110309476372057
2.355,0.001573669114393867,0.0015633569009631902,0.001563356900963159
2.358,0.001625575184470636,0.0016142759386017008,0.0016142759386016702
2.3609999999999998,0.001676021122594447,0.0016637422368558268,0.001663742236855791
2.364,0.0017249621736143963,0.0017117112793960144,0.0017117112793959795
2.367,0.0017723549401243643,0.0017581398973217908,0.0017581398973217568
2.37,0.001818157420925012,0.0018029863080108607,0.0018029863080108268
2.3729999999999998,0.0018623290481681798,0.0018462101527206454,0.0018462101527206072
2.376,0.0019048307231542745,0.0018877725329084286,0.001887772532908386
2.379,0.0019456248507557718,0.0019276360452374175,0.0019276360452373802
2.382,0.0019846753724424423,0.0019657648152372224,0.0019657648152371808
2.385,0.002021947797886296,0.0020021245295884582,0.0020021245295884166
2.388,0.002057409235126497,0.002036682467002416,0.0020366824670023705
2.391,0.002091028419276649,0.0020694075276680136,0.002069407527667969
2.394,0.002122775739758798,0.0021002702612395274,0.002100270261239483
2.397,0.0021526232660503096,0.0021292428933399154,0.0021292428933398686
2.4,0.0021805447719313647,0.002156299350555881,0.0021562993505558348
2.403,0.002206515758222249,0.002181415283902187,0.0021814152839021404
2.4059999999999997,0.00223051347400081,0.0022045680907340943,0.0022045680907340458
2.409,0.0022525169362914857,0.0022257369350882233,0.002225736935088173
2.4120000000000004,0.002272506948218128,0.0022449027664335087,0.002244902766433463
2.415,0.0022904661156134968,0.002262048336815395,0.0022620483368153473
2.418,0.0023063788620787933,0.0022771582163778298,0.0022771582163777808
2.421,0.0023202314424869116,0.0022902188072490928,0.0022902188072490438
2.424,0.0023320119549233033,0.002301218355778964,0.0023012183557789144
2.427,0.002341710351058445,0.0023101469631162126,0.0023101469631161622
2.4299999999999997,0.0023493184449459017,0.002316996594116899,0.0023169965941168477
2.433,0.0023548299202399347,0.002321761084575458,0.0023217610845754078
2.4360000000000004,0.00235824033582653,0.002324436146772071,0.002324436146772021
2.439,0.0023595471298616362,0.0023250193733313227,0.0023250193733312715
2.442,0.0023587496222103703,0.002323510239388675,0.0023235102393886244
2.445,0.0023558490152809125,0.002319910103062814,0.002319910103062763
2.448,0.00235084839324693,0.0023142222042334304,0.00231422220423338
2.451,0.0023437527196525235,0.0023064516616255496,0.0023064516616255
2.4539999999999997,0.002334568833394013,0.0022966054682030225,0.002296605468202973
2.457,0.002323305443073313,0.0022846924848753314,0.002284692484875281
2.4599999999999995,0.0023099731197182842,0.0022707234325233688,0.0022707234325233198
2.463,0.0022945842878662076,0.0022547108823513687,0.0022547108823513175
2.466,0.0022771532150075253,0.002236669244573671,0.002236669244573619
2.469,0.0022576959993881275,0.002216614755446502,0.0022166147554464515
2.472,0.002236230556169837,0.0021945654626564382,0.0021945654626563905
2.475,0.002212776601950293,0.0021705412090787086,0.0021705412090786604
2.4779999999999998,0.0021873556376451548,0.0021445636149199443,0.0021445636149198958
2.481,0.0021599909297374716,0.002116656058261454,0.002116656058261408
2.4839999999999995,0.00213070748990115,0.002086843654020526,0.0020868436540204824
2.487,0.0020995320530076637,0.0020551532313487,0.0020551532313486487
2.49,0.002066493053527546,0.0020216133094873414,0.0020216133094872937
2.493,0.0020316206003406596,0.0019862540721022493,0.001986254072102205
2.496,0.0019949464499718385,0.0019491073401203928,0.0019491073401203482
2.499,0.0019565039782711104,0.0019102065430932269,0.001910206543093181
2.502,0.0019163281505604195,0.0018695866891123504,0.0018695866891123086
2.505,0.0018744554902714466,0.0018272843333045886,0.001827284333304551
2.5079999999999996,0.001830924046101831,0.0017833375449348447,0.0017833375449348068
2.511,0.0017857733577197408,0.0017377858731463325,0.0017377858731462885
2.5140000000000002,0.0017390444200493416,0.0016906703113690163,0.001690670311368977
2.517,0.0016907796461722124,0.0016420332604282905,0.00164203326042825
2.52,0.0016410228288821673,0.001591918490387099,0.0015919184903870577
2.523,0.0015898191009332025,0.001540371101155834,0.0015403711011557975
2.526,0.0015372148940224202,0.0014874374819054586,0.0014874374819054278
2.529,0.0014832578965517367,0.0014331652693203862,0.0014331652693203548
2.5319999999999996,0.0014279970102139658,0.0013776033047286792,0.0013776033047286469
2.5349999999999997,0.0013714823054504694,0.0013208015901481497,0.0013208015901481232
2.5380000000000003,0.0013137649758289635,0.0012628112432879197,0.0012628112432878855
2.541,0.001254897291391281,0.0012036844515459324,0.0012036844515458968
2.544,0.0011949325510218895,0.0011434744250438168,0.0011434744250437873
2.547,0.001133925033888778,0.00108223534874137,0.001082235348741347
2.55,0.001071929950008938,0.0010200223336737503,0.0010200223336737262
2.553,0.0010090033899911015,0.0009568913673552665,0.0009568913673552411
2.5559999999999996,0.0009452022740086479,0.0008928992633943925,0.0008928992633943735
2.5589999999999997,0.0008805843000556995,0.0008281036103653558,0.0008281036103653435
2.5620000000000003,0.0008152078915393587,0.0007625627199823069,0.0007625627199822783
2.565,0.0007491321442608728,0.0006963355746227134,0.0006963355746226914
2.568,0.0006824167728382008,0.0006294817742472007,0.0006294817742471858
2.571,0.0006151220566220708,0.0005620614827636106,0.0005620614827635945
2.574,0.0005473087851571418,0.0004941353738835454,0.000494135373883528
2.577,0.00047903820323935134,0.0004257645765201219,0.00042576457652011173
2.5799999999999996,0.0004103719556199587,0.00035701061977607714,0.00035701061977607383
2.5829999999999997,0.0003413720314061977,0.00028793537757172775,0.00028793537757172325
2.5860000000000003,0.00027210070820784865,0.00021860101296261876,0.0002186010129626053
2.589,0.00020262049607844518,0.0001490699221969691,0.00014906992219696283
2.592,0.0001329940812992584,7.940467856326005e-05,7.940467856325261e-05
2.595,6.328427005366418e-05,9.667976078499086e-06,9.667976078490481e-06
2.598,-6.446067960997269e-06,-6.007742693216372e-05,-6.0077426932165145e-05
2.601,-7.613405593740079e-05,-0.00012976876431369225,-0.00012976876431368672
2.6039999999999996,-0.0001457168663317702,-0.00019934331856646728,-0.00019934331856646254
2.6069999999999998,-0.0002151317771610069,-0.00026873847728780284,-0.00026873847728779905
2.6100000000000003,-0.0002843162281777128,-0.00033789178951888245,-0.00033789178951887985
2.613,-0.00035320787687760755,-0.0004067410219464066,-0.00040674102194640483
2.616,-0.0004217446542939844,-0.00047522421490837436,-0.00047522421490837365
2.619,-0.000489864820533931,-0.0005432797381535968,-0.0005432797381535887
2.622,-0.0005575070200110942,-0.0006108463463047631,-0.0006108463463047482
2.625,-0.0006246103363297649,-0.0006778632339751467,-0.0006778632339751326
2.6279999999999997,-0.0006911143467750402,-0.0007442700904893482,-0.0007442700904893352
2.631,-0.0007569591763637816,-0.0008100071541588333,-0.0008100071541588134
2.634,-0.0008220855514110448,-0.0008750152660634182,-0.0008750152660633914
2.637,-0.000886434852566614,-0.0009392359232903045,-0.0009392359232902939
2.64,-0.0009499491672762615,-0.0010026113315827524,-0.0010026113315827353
2.6430000000000002,-0.0010125713416223674,-0.0010650844573510104,-0.001065084457350987
2.646,-0.001074245031498586,-0.0011265990789986967,-0.001126599078998674
2.649,-0.0011349147530733648,-0.0011870998375184407,-0.0011870998375184188
2.6519999999999997,-0.0011945259324972932,-0.0012465322863112532,-0.001246532286311225
2.655,-0.0012530249548095163,-0.0013048429401847908,-0.0013048429401847565
2.658,-0.0013103592119987767,-0.0013619793234864183,-0.001361979323486385
2.661,-0.0013664771501750782,-0.0014178900173277545,-0.0014178900173277282
2.664,-0.0014213283158084756,-0.0014725247058582005,-0.0014725247058581686
2.6670000000000003,-0.001474863400992117,-0.0015258342215458101,-0.001525834221545779
2.67,-0.0015270342876873714,-0.0015777705894247486,-0.001577770589424718
2.673,-0.0015777940909096943,-0.0016282870702695248,-0.0016282870702694888
2.6759999999999997,-0.0016270972008147894,-0.0016773382026571383,-0.001677338202657097
2.679,-0.0016748993236456304,-0.0017248798438792925,-0.001724879843879252
2.682,-0.0017211575215020005,-0.001770869209667852,-0.0017708692096678122
2.685,-0.0017658302508953851,-0.0018152649126977963,-0.0018152649126977568
2.688,-0.0018088774000533008,-0.0018580269998330183,-0.001858026999832979
2.6910000000000003,-0.0018502603249384664,-0.0018991169880814504,-0.0018991169880814116
2.694,-0.0018899418839496084,-0.0019384978992271604,-0.0019384978992271172
2.697,-0.001927886471272098,-0.0019761342931082487,-0.001976134293108202
2.6999999999999997,-0.001964060048848114,-0.0020119922995106027,-0.002011992299510556
2.703,-0.001998430176937489,-0.0020460396486488034,-0.002046039648648757
2.706,-0.0020309660432419408,-0.002078245700206753,-0.0020782457002067036
2.7089999999999996,-0.002061638490566891,-0.002108581470911893,-0.0021085814709118403
2.712,-0.002090420042996608,-0.0021370196606181916,-0.002137019660618146
2.7150000000000003,-0.0021172849305599257,-0.002163534676874434,-0.0021635346768743855
2.718,-0.0021422091123652967,-0.002188102657955699,-0.0021881026579556474
2.721,-0.0021651702981854053,-0.0022107014943373022,-0.0022107014943372506
2.7239999999999998,-0.002186147968473038,-0.0022313108485918763,-0.0022313108485918247
2.727,-0.002205123392791309,-0.0022499121736916814,-0.0022499121736916277
2.73,-0.0022220796466427568,-0.00226648872969968,-0.002266488729699624
2.7329999999999997,-0.0022370016266831686,-0.0022810255988343488,-0.002281025598834293
2.736,-0.0022498760643073048,-0.0022935096988946748,-0.002293509698894621
2.7390000000000003,-0.002260691537595015,-0.0023039297950332564,-0.0023039297950332013
2.742,-0.0022694384816074773,-0.0023122765098669037,-0.0023122765098668487
2.745,-0.002276109197024528,-0.002318542331915653,-0.0023185423319155973
2.7479999999999998,-0.00228069785711529,-0.002322721622362591,-0.0023227216223625346
2.751,-0.0022832005130354717,-0.0023248106201284083,-0.002324810620128352
2.754,-0.002283615097445942,-0.002324807445256119,-0.002324807445256063
2.7569999999999997,-0.002281941426448341,-0.0023227121006028947,-0.002322712100602838
2.7600000000000002,-0.0022781811998347007,-0.002318526471837491,-0.002318526471837434
2.7630000000000003,-0.002272337999649263,-0.0023122543257432754,-0.002312254325743218
2.766,-0.002264417287061882,-0.0023039013068283753,-0.002303901306828318
2.769,-0.00225442639755369,-0.002293474932246003,-0.0022934749322459464
2.772,-0.0022423745344169474,-0.0022809845850295224,-0.0022809845850294674
2.775,-0.0022282727605723593,-0.002266441505648356,-0.0022664415056483007
2.778,-0.002212133988708475,-0.0022498587818923187,-0.002249858781892263
2.7809999999999997,-0.002193972969749214,-0.00223125133709349,-0.0022312513370934357
2.784,-0.0021738062796570184,-0.002210635916696224,-0.0022106359166961724
2.7870000000000004,-0.0021516523045806406,-0.0021880310731873793,-0.002188031073187322
2.79,-0.0021275312243581113,-0.002163457149400333,-0.002163457149400278
2.793,-0.002101464994387091,-0.0021369362602078027,-0.00213693626020775
2.796,-0.0020734773258764,-0.002108492272619956,-0.0021084922726199032
2.799,-0.00204359366449426,-0.00207815078430571,-0.002078150784305657
2.802,-0.0020118411674305003,-0.002045939100556559,-0.0020459391005565085
2.8049999999999997,-0.001978248678891733,-0.002011886209713653,-0.002011886209713606
2.808,-0.0019428467040502953,-0.00197602275708025,-0.001976022757080203
2.8110000000000004,-0.001905667381469585,-0.0019383810173430095,-0.001938381017342957
2.814,-0.0018667444540301616,-0.0018989948655269537,-0.0018989948655269051
2.817,-0.0018261132383828533,-0.0018578997465102315,-0.0018578997465101823
2.82,-0.0017838105929568644,-0.001815132643126121,-0.0018151326431260714
2.823,-0.001739874884552652,-0.001770732042880975,-0.0017707320428809296
2.826,-0.0016943459535510791,-0.001724737903318063,-0.0017247379033180227
2.8289999999999997,-0.0016472650777720286,-0.0016771916160584809,-0.0016771916160584397
2.832,-0.001598674935017303,-0.001628135969551484,-0.001628135969551442
2.8350000000000004,-0.001548619564334199,-0.0015776151105677718,-0.001577615110567729
2.838,-0.001497144326037646,-0.001525674504470374,-0.00152567450447033
2.841,-0.0014442958605301991,-0.0014723608942988921,-0.0014723608942988475
2.844,-0.0013901220459605177,-0.0014177222587039202,-0.0014177222587038814
2.847,-0.0013346719547621833,-0.0013618077687694964,-0.0013618077687694635
2.85,-0.0012779958091158478,-0.001304667743762447,-0.0013046677437624132
2.8529999999999998,-0.0012201449353787233,-0.0012463536058484421,-0.0012463536058484076
2.856,-0.0011611717175263655,-0.0011869178338155182,-0.0011869178338154898
2.8589999999999995,-0.0011011295496525099,-0.0011264139158467107,-0.0011264139158466886
2.862,-0.0010400727875734418,-0.0010648963013842995,-0.0010648963013842618
2.865,-0.0009780566995839898,-0.0010024203521289863,-0.0010024203521289553
2.868,-0.0009151374164127483,-0.000939042292218101,-0.0009390422922180763
2.871,-0.0008513718804245448,-0.0008748191576276725,-0.0008748191576276471
2.874,-0.0007868177941184973,-0.0008098087448439007,-0.0008098087448438745
2.877,-0.0007215335679702491,-0.00074406955885022,-0.0007440695588502006
2.88,-0.0006555782676671216,-0.0006776607604767625,-0.0006776607604767501
2.8829999999999996,-0.0005890115607850343,-0.000610642113159605,-0.0006106421131595919
2.886,-0.0005218936629560551,-0.0005430739291577099,-0.000543073929157688
2.8890000000000002,-0.00045428528357543637,-0.0004750170152759635,-0.0004750170152759486
2.892,-0.00038624757109691253,-0.00040653261814315534,-0.00040653261814313946
2.895,-0.0003178420579649398,-0.0003376823690941468,-0.00033768236909413043
2.898,-0.0002491306052324189,-0.0002685282287058297,-0.0002685282287058204
2.901,-0.00018017534691229384,-0.00019913243103678897,-0.00019913243103678686
2.904,-0.00011103863411125012,-0.000129557427620851,-0.000129557427620848
2.9069999999999996,-4.178297899356419e-05,-5.986583126491829e-05,-5.986583126491463e-05
2.91,2.7529001377016292e-05,9.87964029833048e-06,9.879640298334933e-06
2.9130000000000003,9.683464126965225e-05,7.961622085216647e-05,7.961622085217207e-05
2.916,0.0001660712825455022,0.00014928115218116922,0.00014928115218117524
2.919,0.0002351763308961187,0.0002188117405493844,0.00021881174054938328
2.922,0.00030408731201388476,0.0002881454131204545,0.0002881454131204459
2.925,0.0003727419276473435,0.00035721977426894815,0.0003572197742689405
2.928,0.00044107811149437837,0.0004259726617322111,0.00042597266173220434
2.9309999999999996,0.000509034084886295,0.0004943422025522073,0.0004943422025521932
2.9339999999999997,0.0005765484122159388,0.000562266868757004,0.0005622668687569825
2.9370000000000003,0.0006435600560630516,0.0006296855327317945,0.0006296855327317899
2.94,0.0007100084319701472,0.0006965375222296248,0.0006965375222296131
2.943,0.0007758334628222504,0.0007627626749723207,0.0007627626749723018
2.946,0.0008409756327839303,0.0008283013927924775,0.0008283013927924593
2.949,0.0009053760407471358,0.0008930946952677878,0.0008930946952677702
2.952,0.0009689764532434654,0.0009570842727994405,0.000957084272799416
2.9549999999999996,0.0010317193567746252,0.0010202125390868242,0.001020212539086793
2.9579999999999997,0.0010935480095149988,0.00108242268295131,0.0010824226829512797
2.9610000000000003,0.001154406492340459,0.0011436587194624793,0.0011436587194624567
2.964,0.001214239759137794,0.0012038655403207798,0.0012038655403207505
2.967,0.0012729936863494261,0.0012629889634512778,0.0012629889634512492
2.97,0.001330615121708449,0.0013209757817638672,0.0013209757817638388
2.973,0.0013870519321194344,0.0013777738110360596,0.0013777738110360251
2.976,0.0014422530506409325,0.0014333319368752618,0.001433331936875221
2.9789999999999996,0.0014961685225261486,0.0014876001607182793,0.0014876001607182392
2.9819999999999998,0.0015487495502789043,0.001540529644826649,0.0015405296448266093
2.9850000000000003,0.001599948537682674,0.0015920727562373062,0.001592072756237267
2.988,0.0016497191327612911,0.001642183109629037,0.0016421831096289981
2.991,0.001698016269630734,0.001690815609066136,0.001690815609066098
2.994,0.001744796209202358,0.0017379264885817056,0.0017379264885816618
2.997,0.0017900165786989203,0.0017834733515640702,0.0017834733515640216
3.0,0.001833636409945821,0.0018274152089108669,0.0018274152089108185
3.0029999999999997,0.0018756161764011338,0.00186971251591647,0.0018697125159164224
3.006,0.001915917828889195,0.0019103272078595571,0.0019103272078595046
3.009,0.0019545048300037907,0.0019492227342587886,0.001949222734258732
3.012,0.0019913421871483156,0.0019863640917657747,0.0019863640917657274
3.015,0.002026396484181639,0.0020217178556657255,0.002021717855665674
3.0180000000000002,0.002059635911639852,0.002055252209957438,0.0020552522099573835
3.021,0.002091030295505517,0.0020869369759855517,0.002086936975985497
3.024,0.0021205511244975547,0.002116743639599298,0.0021167436395992437
3.0269999999999997,0.002148171575856419,0.002144645376813314,0.002144645376813257
3.03,0.0021738665396007625,0.002170617077947419,0.0021706170779473588
3.033,0.002197612641233371,0.002194635370223628,0.0021946353702235683
3.036,0.002219388262875714,0.0022166786388000794,0.002216678638800023
3.039,0.0022391735628120597,0.00223672704622293,0.002236727046222871
3.0420000000000003,0.0022569504934256716,0.0022547625502787267,0.0022547625502786672
3.045,0.002272702817511226,0.0022707689202311784,0.002270768920231119
3.048,0.0022864161229491503,0.0022847317514277264,0.0022847317514276652
3.0509999999999997,0.002298077835729161,0.002296638478262756,0.0022966384782626935
3.054,0.002307677231311865,0.002306478385485796,0.0023064783854857334
3.057,0.002315205444318824,0.002314242617844519,0.0023142426178444564
3.06,0.0023206554765430477,0.002319924188053872,0.0023199241880538096
3.063,0.0023240222032733767,0.0023235179830841616,0.002323517983084099
3.0660000000000003,0.002325302377927766,0.0023250207687624345,0.002325020768762372
3.069,0.002324494634991959,0.002324431192683015,0.0023244311926829517
3.072,0.002321599491261529,0.0023217497854245792,0.0023217497854245163
3.0749999999999997,0.0023166193453867502,0.00231697896007267,0.0023169789600726073
3.078,0.002309558475721202,0.002310123010048084,0.0023101230100480213
3.081,0.0023004230364764853,0.00230118810524308,0.0023011881052430174
3.0839999999999996,0.002289221052186847,0.002290182286468894,0.0022901822864688334
3.087,0.0022759624104889582,0.002277115458219553,0.002277115458219489
3.0900000000000003,0.002260658853223519,0.002261999379758497,0.0022619993797584345
3.093,0.002243323965866773,0.002244847654536036,0.0022448476545359752
3.096,0.002223973165301447,0.0022256757179471634,0.002225675717947102
3.0989999999999998,0.0022026236859380545,0.0022045008234407425,0.0022045008234406805
3.102,0.0021792945641988856,0.0021813420269925663,0.0021813420269925065
3.105,0.0021540066213784756,0.0021562201699562664,0.0021562201699562096
3.1079999999999997,0.0021267824448956947,0.002129157860307501,0.002129157860307444
3.111,0.0020976463679540733,0.002100179452298303,0.0021001794522982425
3.1140000000000003,0.002066624447628353,0.002069311024539897,0.0020693110245398392
3.117,0.00203374444139668,0.002036580356533709,0.0020365803565336508
3.12,0.0019990357821392576,0.0020020169036716906,0.0020020169036716316
3.1229999999999998,0.001962529551625686,0.0019656517707284547,0.001965651770728399
3.126,0.001924258452514605,0.0019275176838690772,0.001927517683869026
3.129,0.0018842567788906425,0.0018876489611977581,0.0018876489611977063
3.1319999999999997,0.0018425603853650476,0.0018460814818738436,0.0018460814818737914
3.1350000000000002,0.001799206654767754,0.0018028526538230044,0.0018028526538229513
3.1380000000000003,0.0017542344644599418,0.0017580013800726276,0.0017580013800725738
3.141,0.0017076841512975137,0.001711568023741719,0.0017115680237416648
3.144,0.0016595974752771727,0.0016635943717168184,0.001663594371716769
3.147,0.0016100175818980803,0.001614123597046624,0.00161412359704658
3.15,0.0015589889632732926,0.001563200220089162,0.0015632002200891171
3.153,0.0015065574180263977,0.001510870068446469,0.0015108700684464238
3.1559999999999997,0.0014527700100099264,0.0014571802357228446,0.0014571802357228048
3.159,0.0013976750258832488,0.0014021790391437847,0.001402179039143751
3.1620000000000004,0.0013413219315887466,0.0013459159760737412,0.0013459159760736935
3.165,0.0012837613277660986,0.0012884416794718342,0.0012884416794717924
3.168,0.001225044904145499,0.001229807872325607,0.0012298078723255714
3.171,0.001165225392961578,0.0011700673211038277,0.0011700673211037915
3.174,0.0011043565214306872,0.0011092737882702297,0.0011092737882701926
3.177,0.0010424929633350423,0.001047481983900923,0.0010474819839008927
3.1799999999999997,0.0009796902897580182,0.0009847475164490183,0.000984747516448995
3.183,0.0009160049190156034,0.0009211268427007726,0.0009211268427007486
3.1860000000000004,0.0008514940658297286,0.000856677216968293,0.0008566772169682609
3.189,0.0007862156897897785,0.0007914566395645192,0.000791456639564494
3.192,0.0007202284431491986,0.000725523804606858,0.000725523804606832
3.195,0.0006535916180046066,0.0006589380471964381,0.0006589380471964112
3.198,0.0005863650929053069,0.0005917592900205255,0.000591759290020506
3.201,0.0005186092789415083,0.000524047989426148,0.0005240479894261359
3.2039999999999997,0.0004503850653599346,0.00045586508101346516,0.0004558650810134523
3.207,0.0003817537647558259,0.00038727192479784,0.00038727192479782644
3.2100000000000004,0.00031277705789061833,0.0003183302499899675,0.00031833024998995335
3.213,0.000243516938184819,0.0002491020994437513,0.0002491020994437364
3.216,0.00017403565593578795,0.00017964977382192303,0.00017964977382190742
3.219,0.00010439566231029059,0.00011003577552965095,0.00011003577552965143
3.222,3.4659553161796894e-05,4.032275246659422e-05,4.0322752466593996e-05
3.225,-3.510998727741942e-05,-2.9426558351978323e-05,-2.9426558351979167e-05
3.2279999999999998,-0.00010485024277929011,-9.91493872542672e-05,-9.9149387254269e-05
3.231,-0.00017449852152797367,-0.0001687829884004101,-0.00016878298840041243
3.2339999999999995,-0.00024399221250282106,-0.00023826469624950257,-0.00023826469624948902
3.237,-0.00031326884178628283,-0.000307531981954355,-0.0003075319819543583
3.24,-0.00038226612874684796,-0.0003765225096332346,-0.0003765225096332386
3.243,-0.0004509220420472359,-0.0004451741924679512,-0.0004451741924679394
3.246,-0.0005191748554282203,-0.0005134252485778032,-0.0005134252485777919
3.249,-0.0005869632032186572,-0.0005812142566190998,-0.0005812142566190893
3.252,-0.0006542261355225176,-0.0006484802110602246,-0.0006484802110601987
3.255,-0.0007209031730339796,-0.0007151625770824964,-0.000715162577082471
3.2579999999999996,-0.0007869343614319271,-0.0007812013450574195,-0.0007812013450573949
3.261,-0.000852260325305535,-0.0008465370845513,-0.0008465370845512757
3.2640000000000002,-0.0009168223215629737,-0.0009111109978086232,-0.0009111109978085993
3.267,-0.00098056229227567,-0.000974864972666066,-0.0009748649726660429
3.27,-0.0010434229169109955,-0.001037741634849521,-0.0010377416348494983
3.273,-0.0011053476639067287,-0.0010996843996070704,-0.001099684399607048
3.276,-0.001166280841541142,-0.0011606375226314437,-0.0011606375226314073
3.279,-0.0012261676480531374,-0.0012205461502261313,-0.001220546150226095
3.2819999999999996,-0.0012849542209674224,-0.001279356368670009,-0.0012793563686699732
3.285,-0.0013425876855803786,-0.0013370152527360476,-0.001337015252736012
3.2880000000000003,-0.0013990162025629433,-0.001393470913320446,-0.0013934709133204108
3.291,-0.001454189014637545,-0.0014486725441393209,-0.0014486725441392862
3.294,-0.0015080564922869038,-0.0015025704674509336,-0.0015025704674508863
3.297,-0.0015605701784533255,-0.0015551161787623043,-0.0015551161787622577
3.3,-0.0016116828321879508,-0.0016062623904799821,-0.0016062623904799357
3.303,-0.0016613484712103429,-0.0016559630744656865,-0.0016559630744656406
3.3059999999999996,-0.0017095224133397184,-0.0017041735034585262,-0.0017041735034584802
3.3089999999999997,-0.0017561613167601212,-0.0017508502913265137,-0.0017508502913264573
3.3120000000000003,-0.0018012232190828597,-0.0017959514321111566,-0.001795951432111111
3.315,-0.0018446675751705886,-0.0018394363378299843,-0.0018394363378299388
3.318,-0.0018864552936885331,-0.001881265875002993,-0.0018812658750029382
3.321,-0.0019265487723494853,-0.0019214023998701361,-0.0019214023998700815
3.324,-0.0019649119318203906,-0.0019598097922681676,-0.001959809792268113
3.327,-0.0020015102482595507,-0.00199645348813635,-0.001996453488136287
3.3299999999999996,-0.002036310784454723,-0.0020313005106217773,-0.002031300510621715
3.3329999999999997,-0.002069282219533671,-0.002064319499756316,-0.002064319499756254
3.3360000000000003,-0.0021003948772200464,-0.0020954807406784602,-0.002095480740678398
3.339,-0.002129620752608776,-0.002124756190374701,-0.002124756190374639
3.342,-0.002156933537436561,-0.0021521195029163445,-0.0021521195029162825
3.345,-0.002182308643824396,-0.002177546053169072,-0.00217754605316901
3.348,-0.0022057232264705083,-0.002201012958953896,-0.0022010129589538335
3.351,-0.002227156203273468,-0.0022224991016395793,-0.002222499101639512
3.3539999999999996,-0.00224658827436672,-0.0022419851451479763,-0.0022419851451479086
3.3569999999999998,-0.0022640019395472233,-0.0022594535533551974,-0.0022594535533551298
3.3600000000000003,-0.002279381514082351,-0.0022748886058729383,-0.00227488860587287
3.363,-0.002292713142880723,-0.0022882764121957676,-0.0022882764121956996
3.366,-0.002303984813014092,-0.0022996049242016447,-0.0022996049242015766
3.369,-0.002313186364578959,-0.0023088639469944165,-0.0023088639469943458
3.372,-0.0023203094998880715,-0.0023160451480785343,-0.0023160451480784636
3.375,-0.0023253477909834955,-0.002321142064857739,-0.0023211420648576683
3.3779999999999997,-0.0023282966854644774,-0.002324150110450961,-0.00232415011045089
3.381,-0.0023291535106248285,-0.0023250665778202033,-0.002325066577820132
3.384,-0.0023279174758961078,-0.0023238906422066927,-0.0023238906422066215
3.387,-0.002324589673594414,-0.0023206233618731087,-0.0023206233618730367
3.39,-0.002319173077970115,-0.002315267677151217,-0.0023152676771511444
3.3930000000000002,-0.002311672542561392,-0.002307828407795769,-0.002307828407795698
3.396,-0.002302094795854002,-0.002298312248647049,-0.0022983122486469774
3.399,-0.0022904484352511867,-0.0022867277636059694,-0.002286727763605898
3.4019999999999997,-0.002276743919359191,-0.002273085377927138,-0.002273085377927069
3.405,-0.0022609935585953594,-0.002257397368836832,-0.002257397368836763
3.408,-0.002243211504127311,-0.0022396778544843247,-0.0022396778544842557
3.411,-0.002223413735153193,-0.002219942781236501,-0.002219942781236432
3.414,-0.0022016180445345156,-0.002198209909327207,-0.002198209909327137
3.4170000000000003,-0.0021778440227945535,-0.002174498796874236,-0.002174498796874166
3.42,-0.0021521130404968027,-0.0021488307822783437,-0.002148830782278273
3.423,-0.0021244482290194234,-0.0021212289650201274,-0.0021212289650200562
3.4259999999999997,-0.002094874459743083,-0.002091718184872053,-0.002091718184871988
3.429,-0.0020634183216710266,-0.002060324999544335,-0.0020603249995442695
3.432,-0.002030108097501663,-0.0020270776607847927,-0.0020270776607847272
3.435,-0.001994973738175321,-0.0019920060889541814,-0.0019920060889541155
3.438,-0.0019580468359182684,-0.0019551418460998886,-0.001955141846099822
3.4410000000000003,-0.0019193605958084173,-0.0019165181075522216,-0.0019165181075521543
3.444,-0.001878949805888493,-0.0018761696320688487,-0.0018761696320687905
3.447,-0.0018368508058537905,-0.001834132730554265,-0.0018341327305542066
3.4499999999999997,-0.0017931014543429062,-0.0017904452333824276,-0.0017904452333823689
3.453,-0.0017477410948611321,-0.0017451464563519735,-0.0017451464563519143
3.456,-0.0017008105203674124,-0.0016982771653046547,-0.001698277165304595
3.4589999999999996,-0.0016523519365570128,-0.0016498795394388314,-0.0016498795394387829
3.462,-0.001602408923873179,-0.0015999971333510413,-0.0015999971333509806
3.4650000000000003,-0.0015510263982822683,-0.0015486748378398018,-0.0015486748378397404
3.468,-0.0014982505708478954,-0.001495958839506922,-0.0014959588395068721
3.471,-0.0014441289061407432,-0.0014418965791926782,-0.0014418965791926281
3.4739999999999998,-0.0013887100795217252,-0.0013865367092822604,-0.0013865367092822096
3.477,-0.0013320439333371677,-0.0013299290499219087,-0.001329929049921871
3.48,-0.0012741814320656702,-0.0012721245441841451,-0.001272124544184107
3.4829999999999997,-0.001215174616457208,-0.0012131752122224466,-0.001213175212222408
3.486,-0.001155076556705925,-0.001153134104456618,-0.001153134104456579
3.4890000000000003,-0.0010939413046989217,-0.0010920552538309953,-0.001092055253830956
3.492,-0.0010318238453841245,-0.001029993627188443,-0.001029993627188403
3.495,-0.0009687800473010997,-0.0009670050758039053,-0.000967005075803865
3.4979999999999998,-0.000904866612319382,-0.0009031462851220286,-0.0009031462851219876
3.501,-0.0008401410246295718,-0.0008384747237440873,-0.0008384747237440613
3.504,-0.0007746614990330851,-0.0007730485917101223,-0.0007730485917100959
3.5069999999999997,-0.0007084869285770338,-0.0007069267681228328,-0.0007069267681228059
3.5100000000000002,-0.000641676831581266,-0.0006401687581603582,-0.0006401687581603309
3.5130000000000003,-0.0005742912981051046,-0.000572834639525634,-0.000572834639525606
3.516,-0.0005063909359017897,-0.0005049850083805149,-0.0005049850083804866
3.519,-0.00043803681590905803,-0.00043668092481331886,-0.0004366809248133063
3.522,-0.0003692904173246771,-0.000367983857888869,-0.000367983857888856
3.525,-0.0003002135723160963,-0.00029895563033048437,-0.00029895563033047125
3.528,-0.00023086841041368477,-0.00022965836288370203,-0.00022965836288368858
3.5309999999999997,-0.0001613173026372843,-0.00016015441841179878,-0.00016015441841178485
3.534,-9.162280540603323e-05,-9.050634577342383e-05,-9.05063457734257e-05
3.5370000000000004,-2.1847604281598954e-05,-2.0776823532847858e-05,-2.0776823532832984e-05
3.54,4.794554240489959e-05,4.8971396446514156e-05,4.897139644652955e-05
3.543,0.00011769385999189488,0.00011867554547454441,0.00011867554547454352
3.546,0.0001873346139418515,0.00018827289452200659,0.0001882728945220059
3.549,0.0002568051662607542,0.0002577008106724381,0.00025770081067243806
3.552,0.0003260430318321495,0.0003268968134875473,0.00032689681348753116
3.5549999999999997,0.0003949859346153463,0.00039579863123539067,0.0003957986312353748
3.558,0.00046357186365747873,0.0004643442569307283,0.0004643442569307128
3.5610000000000004,0.000531739128869276,0.0005324720041371253,0.0005324720041371103
3.564,0.0005994264165145616,0.000600120562480581,0.0006001205624805662
3.567,0.000666572844363735,0.0006672290528247269,0.0006672290528247125
3.57,0.0007331180164617452,0.0007337370820579405,0.0007337370820579264
3.573,0.0007990020774613809,0.0007995847974430691,0.000799584797443055
3.576,0.0008641657664730511,0.0008647129404808538,0.0008647129404808244
3.5789999999999997,0.0009285504703826212,0.0009290629002385782,0.0009290629002385493
3.582,0.0009920982765893138,0.000992576766095952,0.0009925767660959237
3.5850000000000004,0.0010547520251161606,0.0010551973798607617,0.0010551973798607335
3.588,0.0011164553600460183,0.001116868387207383,0.0011168683872073547
3.591,0.0011771527802367358,0.001177534288391872,0.0011775342883918439
3.594,0.0012367896892696707,0.0012371404881979884,0.0012371404881979463
3.597,0.0012953124445864155,0.0012956333450692046,0.0012956333450691627
3.5999999999999996,0.0013526684057692893,0.0013529602193824853,0.001352960219382444
3.6029999999999998,0.001408805981921918,0.001409069520820397,0.0014090695208203558
3.606,0.0014636746781069875,0.00146391075479891,0.0014639107547988683
3.609,0.0015172251407991168,0.0015174345679091151,0.0015174345679090737
3.612,0.001569409202311657,0.0015695927923319627,0.0015695927923319215
3.615,0.0016201799241571495,0.0016203384891860467,0.0016203384891860053
3.618,0.0016694916393021264,0.0016696259907694304,0.0016696259907693772
3.621,0.001717299993277955,0.001717410941657495,0.0017174109416574416
3.6239999999999997,0.001763561984110439,0.0017636503386198286,0.0017636503386197753
3.627,0.0018082360010319948,0.0018083025693202308,0.0018083025693201669
3.63,0.001851281861941312,0.0018513274497650065,0.001851327449764943
3.6329999999999996,0.0018926608495765654,0.0018926862604658477,0.0018926862604657843
3.636,0.0019323357463694251,0.0019323417812847595,0.0019323417812846964
3.6390000000000002,0.0019702708679483283,0.0019702583249296725,0.001970258324929609
3.642,0.0020064320952607123,0.002006401769070596,0.0020064017690705326
3.645,0.00204078690528519,0.002040739587047412,0.002040739587047349
3.6479999999999997,0.002073304400305945,0.0020732408771416758,0.002073240877141612
3.651,0.002103955335722947,0.0021038763903860726,0.0021038763903860015
3.654,0.0021327121463729417,0.002132618556886518,0.0021326185568864473
3.6569999999999996,0.0021595489713375337,0.0021594415106331996,0.002159441510633129
3.66,0.002184441677216082,0.0021843211127782402,0.00218432111277817
3.6630000000000003,0.0022073678798425187,0.002207234973359033,0.002207234973358962
3.666,0.0022283069644266516,0.0022281624714476935,0.0022281624714476224
3.669,0.0022472401041019295,0.002247084773708506,0.00224708477370843
3.6719999999999997,0.0022641502768631114,0.0022639848513466526,0.002263984851346577
3.675,0.0022790222808787555,0.0022788474954329803,0.0022788474954329044
3.678,0.002291842748164903,0.0022916593305910096,0.0022916593305909337
3.6809999999999996,0.002302600156607826,0.0023024088270338712,0.0023024088270337953
3.684,0.0023112848403252003,0.002311086310940336,0.00231108631094026
3.6870000000000003,0.0023178889983565608,0.0023176839731606004,0.0023176839731605245
3.69,0.0023224067016753966,0.0023221958762439953,0.0023221958762439186
3.693,0.002324833898516756,0.00232461795978229,0.0023246179597822126
3.6959999999999997,0.0023251684180157287,0.0023249480440637855,0.002324948044063708
3.699,0.0023234099721536976,0.0023231858320349086,0.002323185832034831
3.702,0.002319560156010751,0.00231933290956754,0.0023193329095674634
3.7049999999999996,0.0023136224463241447,0.0023133927440318353,0.002313392744031758
3.7079999999999997,0.0023056021983542544,0.0023053706811758273,0.0023053706811757505
3.7110000000000003,0.002295506641060899,0.002295273940314614,0.0022952739403145368
3.714,0.0022833448705944677,0.0022831116078334606,0.0022831116078333834
3.717,0.0022691278421077613,0.0022688946290106674,0.0022688946290105897
3.7199999999999998,0.0022528683598959393,0.0022526357981675574,0.00225263579816748
3.723,0.0022345810658734697,0.0022343497471544516,0.0022343497471543736
3.726,0.002214282426398431,0.0022140529321829907,0.002214052932182917
3.7289999999999996,0.0021919907174560004,0.002191763619016654,0.0021917636190165804
3.7319999999999998,0.0021677260082144205,0.0021675018665328087,0.0021675018665327345
3.7350000000000003,0.002141510142968171,0.0021412895086710708,0.002141289508670996
3.738,0.002113366721484527,0.0021131501347842344,0.00211315013478416
3.741,0.002083321077771096,0.0020831090684094475,0.002083109068409372
3.7439999999999998,0.0020514002572833423,0.002051193344478736,0.0020511933444786676
3.747,0.0020176329925925083,0.002017431684989391,0.0020174316849893223
3.75,0.0019820496775357094,0.001981854473156109,0.00198185447315604
3.7529999999999997,0.001944682339871361,0.0019444937260681499,0.0019444937260680805
3.756,0.0019055646124644186,0.0019053830658761187,0.0019053830658760488
3.7590000000000003,0.0018647317030272602,0.0018645576895342973,0.0018645576895342268
3.762,0.001822220362443329,0.0018220543371257635,0.0018220543371256926
3.765,0.0017780688517019414,0.0017779112587987948,0.0017779112587987232
3.768,0.0017323169074739226,0.0017321681803443168,0.0017321681803442557
3.771,0.001685005706358974,0.0016848662674453735,0.001684866267445312
3.774,0.0016361778278368632,0.0016360480886307908,0.001636048088630729
3.7769999999999997,0.0015858772159557362,0.0015857575769663733,0.0015857575769663227
3.78,0.0015341491397919689,0.0015340399905181112,0.0015340399905180609
3.7829999999999995,0.0014810401527171272,0.001480941871622976,0.0014809418716229255
3.786,0.0014265980505086622,0.0014265110050039576,0.0014265110050039067
3.789,0.0013708718283420502,0.0013707963747670397,0.0013707963747669884
3.792,0.0013139116367030823,0.001313848120318811,0.0013138481203187594
3.795,0.0012557687362600156,0.001255717491244383,0.0012557174912443312
3.798,0.0011964954517362288,0.0011964568011862229,0.0011964568011861704
3.8009999999999997,0.001136145124824948,0.0011361193807654065,0.0011361193807653681
3.804,0.0010747720661884686,0.0010747595295876589,0.0010747595295876205
3.8069999999999995,0.0010124315065851458,0.0010124324673773742,0.0010124324673773351
3.81,0.000949179547168205,0.0009491942842835913,0.0009491942842835522
3.813,0.0008850731090011734,0.0008851018904026454,0.0008851018904026057
3.816,0.0008201698818354544,0.0008202129645629223,0.0008202129645628824
3.819,0.0007545282721962154,0.0007545859024178068,0.000754585902417782
3.822,0.0006882073508233917,0.0006882797638935357,0.0006882797638935106
3.8249999999999997,0.0006212667995151787,0.0006213542200392508,0.0006213542200392253
3.828,0.0005537668574219266,0.0005538694993270821,0.0005538694993270561
3.8309999999999995,0.00048576826683883003,0.0004858863334505887,0.00048588633345056256
3.834,0.0004173322185462554,0.00041746590267033334,0.0004174659026703068
3.837,0.0003485202967469435,0.00034866978075577776,0.00034866978075575087
3.84,0.00027939442364967765,0.0002795598795730461,0.0002795598795730188
3.843,0.00021001680374931622,0.0002101983933684245,0.00021019839336841356
3.846,0.00014044986785334703,0.00014064774279773723,0.0001406477427977257
3.8489999999999998,7.075621690534164e-05,7.097051875196983e-05,7.097051875195812e-05
3.852,9.985656558531033e-07,1.229426029691951e-06,1.2294260296964905e-06
3.8549999999999995,-6.876031376856995e-05,-6.851277309302888e-05,-6.851277309302445e-05
3.8579999999999997,-0.00013845764834750167,-0.00013819331534443944,-0.00013819331534443546
3.861,-0.00020803072064910384,-0.00020774949293980897,-0.00020774949293980542
3.864,-0.00027741692526215883,-0.00027711871001420273,-0.00027711871001419915
3.867,-0.00034655382512694993,-0.0003462385389545355,-0.00034623853895453217
3.87,-0.0004153792077143643,-0.00041504677658020945,-0.00041504677658020636
3.8729999999999998,-0.00048383114100273834,-0.0004834815001217782,-0.0004834815001217754
3.876,-0.0005518480292021511,-0.0005514811229472595,-0.0005514811229472408
3.8789999999999996,-0.0006193686681761029,-0.0006189844499859474,-0.0006189844499859288
3.8819999999999997,-0.0006863323005107918,-0.000685930732799845,-0.0006859307327998265
3.8850000000000002,-0.0007526786701825112,-0.000752259724253158,-0.00075225972425314
3.888,-0.0008183480767740617,-0.0008179117327306514,-0.0008179117327306334
3.891,-0.0008832814291914655,-0.0008828276758560729,-0.000882827675856055
3.894,-0.0009474202988327182,-0.0009469491336623044,-0.0009469491336622712
3.897,-0.0010107069721607999,-0.0010102184011653887,-0.001010218401165356
3.9,-0.0010730845026337005,-0.0010725785402951207,-0.001072578540295088
3.9029999999999996,-0.0011344967619447727,-0.0011339734311354667,-0.0011339734311354337
3.9059999999999997,-0.0011948884905273527,-0.001194347822428701,-0.0011943478224286683
3.9090000000000003,-0.001254205347278223,-0.001253647381297809,-0.0012536473812977762
3.912,-0.0013123939584552009,-0.0013118187421424087,-0.0013118187421423757
3.915,-0.0013694019657048506,-0.0013688095546641888,-0.0013688095546641559
3.918,-0.0014251780731771068,-0.0014245685309786443,-0.0014245685309785979
3.921,-0.001479672093684385,-0.0014790454917707103,-0.0014790454917706637
3.924,-0.0015328349938636277,-0.0015321914114527582,-0.0015321914114527118
3.9269999999999996,-0.0015846189383005994,-0.0015839584622843164,-0.0015839584622842576
3.9299999999999997,-0.0016349773325766825,-0.0016343000574138074,-0.0016343000574137487
3.933,-0.0016838648651993735,-0.0016831708928035705,-0.0016831708928035118
3.936,-0.0017312375483786928,-0.0017305269880004371,-0.0017305269880003786
3.939,-0.0017770527576127329,-0.0017763257257151707,-0.0017763257257151122
3.942,-0.0018212692700466469,-0.00182052589017515,-0.0018205258901750915
3.945,-0.001863847301570477,-0.0018630877042157832,-0.0018630877042157244
3.948,-0.001904748542622356,-0.0019039728650772695,-0.0019039728650772103
3.9509999999999996,-0.0019439361926647694,-0.0019431445788744988,-0.0019431445788744303
3.9539999999999997,-0.001981374993302774,-0.0019805675937090653,-0.001980567593708997
3.957,-0.0020170312600142786,-0.002016208231393596,-0.0020162082313935274
3.96,-0.00205087291246375,-0.002050034417759845,-0.0020500344177597765
3.963,-0.002082869503371996,-0.002082015711523282,-0.0020820157115232136
3.966,-0.00211299224591596,-0.002112123331678193,-0.0021121233316781242
3.969,-0.002141214039633811,-0.0021403301833986415,-0.0021403301833985656
3.972,-0.0021675094948119637,-0.0021666108824219847,-0.0021666108824219084
3.9749999999999996,-0.00219185495533202,-0.002190941777892995,-0.0021909417778929186
3.9779999999999998,-0.002214228519957055,-0.002213300973648035,-0.0022133009736479588
3.981,-0.002234610062038028,-0.0022336683479201257,-0.002233668347920049
3.984,-0.0022529812476226115,-0.002252025571447179,-0.002252025571447102
3.987,-0.00226932555195009,-0.0022683561239670953,-0.0022683561239670177
3.99,-0.002283628274317516,-0.002282645309084886,-0.002282645309084808
3.993,-0.0022958765513037536,-0.0022948802674984366,-0.0022948802674983555
3.996,-0.0023060593683395217,-0.0023050499885710098,-0.0023050499885709282
3.9989999999999997,-0.0023141675696130752,-0.0023131453202400753,-0.0023131453202399933
4.002,-0.0023201938663026406,-0.0023191589772535498,-0.0023191589772534665
4.005,-0.0023241328431282604,-0.0023230855477260307,-0.002323085547725948
4.008,-0.0023259809632172022,-0.002324921498009129,-0.002324921498009046
4.011,-0.0023257365712786135,-0.002324665175871512,-0.002324665175871429
4.014,-0.0023233998950846616,-0.0023223168119858024,-0.0023223168119857196
4.017,-0.002318973045256866,-0.0023178785197209882,-0.002317878519720905
4.02,-0.002312460013357928,-0.0023113542932405315,-0.002311354293240448
4.023,-0.0023038666682908223,-0.0023027500039078928,-0.0023027500039078086
4.026,-0.002293200751008498,-0.0022920733950026993,-0.0022920733950026174
4.029,-0.002280471867539016,-0.002279334074752316,-0.002279334074752234
4.032,-0.002265691480332475,-0.00226454350768509,-0.0022645435076850077
4.035,-0.0022488728979375865,-0.0022477150043130486,-0.002247715004312966
4.038,-0.00223003126301727,-0.002228863709153337,-0.002228863709153254
4.041,-0.0022091835387140907,-0.002208006587099174,-0.0022080065870990905
4.044,-0.002186348493377903,-0.0021851624081525955,-0.002185162408152517
4.047,-0.0021615466836694516,-0.0021603517305327172,-0.0021603517305326387
4.05,-0.0021348004360552137,-0.0021335968821747267,-0.002133596882174648
4.053,-0.0021061338267101427,-0.0021049219406362478,-0.002104921940636169
4.056,-0.0020755726598464417,-0.002074352711429165,-0.0020743527114290856
4.059,-0.002043144444487868,-0.0020419167047964035,-0.0020419167047963237
4.062,-0.002008878369710496,-0.002007643110954568,-0.0020076431109544877
4.065,-0.0019728052783722005,-0.001971562773824718,-0.0019715627738246372
4.068,-0.0019349576393544983,-0.0019337081632749202,-0.0019337081632748484
4.071,-0.0018953695183417112,-0.0018941133458995607,-0.0018941133458994885
4.074,-0.0018540765471637144,-0.001852813954361707,-0.0018528139543616345
4.077,-0.00181111589172983,-0.0018098471553261177,-0.0018098471553260552
4.08,-0.0017665262185826815,-0.001765251616011753,-0.0017652516160116905
4.082999999999999,-0.0017203476601020584,-0.001719067469393887,-0.0017190674693938245
4.086,-0.0016726217783900588,-0.0016713362780871397,-0.0016713362780870773
4.089,-0.0016233915278699531,-0.0016221009969419286,-0.0016221009969418657
4.092,-0.001572701216632369,-0.0015714059343880022,-0.0015714059343879389
4.095,-0.001520596466563526,-0.0015192967125598452,-0.0015192967125597816
4.098,-0.0014671241722913385,-0.0014658202262398357,-0.0014658202262397722
4.101,-0.0014123324589862723,-0.0014110246006561076,-0.0014110246006560564
4.104,-0.0013562706390548714,-0.0013549591481730923,-0.001354959148173041
4.106999999999999,-0.0012989891677648742,-0.0012976743239137198,-0.0012976743239136684
4.11,-0.001240539597841785,-0.001239221680353214,-0.0012392216803531627
4.113,-0.00118097453307773,-0.0011796538209253445,-0.001179653820925293
4.116,-0.001120347580994275,-0.0011190243526828863,-0.0011190243526828345
4.119,-0.001058713304601785,-0.0010573878380548912,-0.0010573878380548535
4.122,-0.0009961271732986795,-0.0009947997457441847,-0.0009947997457441472
4.125,-0.0009326455129547578,-0.0009313164008092768,-0.0009313164008092393
4.128,-0.0008683254552234758,-0.0008669949339756117,-0.0008669949339755741
4.130999999999999,-0.0008032248861287762,-0.000801893230221771,-0.000801893230221733
4.134,-0.0007374023939727267,-0.0007360698766868999,-0.000736069876686862
4.1370000000000005,-0.0006709172166108309,-0.0006695841099462368,-0.0006695841099461986
4.14,-0.0006038291881424699,-0.0006024957627021936,-0.0006024957627021551
4.143,-0.0005361986850644413,-0.0005348652099389624,-0.0005348652099389398
4.146,-0.0004680865719360722,-0.0004667533145891047,-0.00046675331458908176
4.149,-0.00039955414660481313,-0.0003982213727610204,-0.00039822137276099756
4.152,-0.000330663085041626,-0.0003293310585765874,-0.00032933105857658085
4.154999999999999,-0.0002614753858358345,-0.00026014436866861514,-0.00026014436866860836
4.1579999999999995,-0.0001920533143994138,-0.00019072356638805916,-0.0001907235663880524
4.1610000000000005,-0.00012245934693096028,-0.00012113112577120846,-0.00012113112577120141
4.164,-5.275611418980276e-05,-5.1429675317269375e-05,-5.142967531726215e-05
4.167,1.6993654869112095e-05,1.831805837305631e-05,1.8318058373063568e-05
4.17,8.67271895488015e-05,8.80493070472781e-05,8.804930704728537e-05
4.173,0.00015638173390145575,0.00015770131728830728,0.00015770131728831465
4.176,0.000225894603206402,0.00022721140698829656,0.00022721140698828764
4.178999999999999,0.0002952032403839628,0.00029651702175830625,0.00029651702175829725
4.1819999999999995,0.0003642452722944073,0.00036555579122303196,0.000365555791223023
4.1850000000000005,0.0004329585658712999,0.00043426558514993266,0.0004342655851499236
4.188,0.0005012812840387007,0.000502584569362246,0.0005025845693622372
4.191,0.0005691519413618706,0.0005704512613855741,0.0005704512613855652
4.194,0.0006365094593813737,0.0006378045857779603,0.0006378045857779357
4.197,0.0007032932215807648,0.0007045839290936641,0.0007045839290936394
4.2,0.0007694431279383709,0.0007707291944311723,0.0007707291944311476
4.202999999999999,0.000834899649014066,0.0008361808555163523,0.0008361808555163275
4.2059999999999995,0.00089960387952235,0.0009008800102720821,0.0009008800102720571
4.2090000000000005,0.0009634975913435183,0.0009647684338261434,0.0009647684338261182
4.212,0.0010265232859252033,0.0010277886309096767,0.0010277886309096515
4.215,0.0010886242460271386,0.0010898838875990427,0.0010898838875990175
4.218,0.0011497445867625759,0.001150998322354525,0.0011509983223544852
4.221,0.0012098293058904245,0.0012110769363099445,0.0012110769363099046
4.224,0.0012688243333128695,0.0012700656627679257,0.0012700656627678856
4.226999999999999,0.0013266765797339212,0.0013279114158562763,0.0013279114158562223
4.2299999999999995,0.0013833339844351307,0.0013845621383016876,0.0013845621383016338
4.233,0.001438745562125478,0.0014399668482777681,0.0014399668482777143
4.236,0.001492861448823295,0.001494075685285245,0.0014940756852851915
4.239,0.0015456329467289365,0.0015468399550230486,0.0015468399550229947
4.242,0.001597012568047842,0.001598212173209896,0.0015982121732098422
4.245,0.0016469540777245607,0.00164814610831694,0.0016481461083168857
4.248,0.0016954125350492934,0.0016965968231730233,0.001696596823172969
4.2509999999999994,0.0017423443340995317,0.001743520715405101,0.0017435207154050355
4.254,0.001787707242980403,0.001788875556677432,0.0017888755566773666
4.257,0.0018314604418284278,0.0018326205306942308,0.0018326205306941653
4.26,0.001873564559544497,0.0018747162699315797,0.001874716269931514
4.263,0.0019139817092230227,0.0019151248910655424,0.0019151248910654762
4.266,0.0019526755222453846,0.001953810029064598,0.0019538100290645314
4.269,0.001989611181007004,0.0019907368699157157,0.0019907368699156407
4.272,0.002024755450248594,0.0020258721819546173,0.002025872181954542
4.2749999999999995,0.002058076706963392,0.00205918434577203,0.002059184345771954
4.278,0.0020895449688534706,0.002090643382669021,0.002090643382668945
4.281,0.0021191319213095163,0.0021202209816358047,0.0021202209816357283
4.284,0.0021468109428897935,0.002147890524829739,0.002147890524829662
4.287,0.002172557129275366,0.0021736271115295877,0.0021736271115295105
4.29,0.0021963473156800173,0.002197407580544488,0.0021974075805444105
4.293,0.002218160097694705,0.0022192105310574603,0.0022192105310573774
4.296,0.0022379758505477747,0.002239016341884698,0.0022390163418846147
4.2989999999999995,0.002255776746763607,0.0022568071891333084,0.002256807189133225
4.302,0.002271546772203807,0.0022725670622416143,0.0022725670622415275
4.305,0.002285271740476485,0.0022862817783875777,0.002286281778387491
4.308,0.002296939305700665,0.0022979389952523825,0.0022979389952522957
4.311,0.002306538973614333,0.002307528222127689,0.0023075282221276024
4.314,0.002314062111016123,0.0023150408293565634,0.0023150408293564763
4.317,0.002319501953532143,0.002320470056099585,0.0023204700560994973
4.32,0.002322853611700949,0.0023238110164191463,0.0023238110164190582
4.3229999999999995,0.002324114075371201,0.0023250607036764685,0.0023250607036763805
4.326,0.002323282216408027,0.002324217993237371,0.002324217993237283
4.329,0.0023203587897056774,0.002321283643484368,0.00232128364348428
4.332,0.0023153464325055577,0.002316260295134175,0.002316260295134087
4.335,0.002308249662020246,0.0023091524688612407,0.0023091524688611527
4.338,0.002299074871365662,0.0022999665612294467,0.002299966561229358
4.341,0.0022878303238050264,0.002288710838935632,0.002288710838935543
4.344,0.002274526145309822,0.0022753954313701223,0.0022753954313700364
4.3469999999999995,0.002259174315444437,0.0022600323215009634,0.002260032321500877
4.35,0.002241788656582723,0.0022426353350900588,0.0022426353350899725
4.353,0.0022223848214661572,0.002223220128250917,0.0022232201282508302
4.356,0.002200980279114833,0.0022018041733592062,0.002201804173359119
4.359,0.0021775942991039627,0.002178406743328795,0.002178406743328708
4.362,0.0021522479342200316,0.002153048894267432,0.0021530488942673445
4.365,0.002124964001512256,0.002125753446527669,0.0021257534465275807
4.368,0.0020957670617563666,0.002096544964170084,0.002096544964170002
4.3709999999999996,0.0020646833973492307,0.0020654497328572857,0.0020654497328572033
4.374,0.002031740988654205,0.00203249573619859,0.0020324957361985076
4.377,0.00199696948881851,0.0019977126305666623,0.001997712630566588
4.38,0.0019604001970852944,0.0019611317184087818,0.0019611317184087076
4.383,0.0019220660306244084,0.0019227859200767528,0.0019227859200766791
4.386,0.0018820014949072498,0.0018827097442008112,0.0018827097442007373
4.389,0.0018402426526523195,0.001840939256634184,0.0018409392566341098
4.392,0.0017968270913694593,0.001797512047996258,0.0017975120479961837
4.395,0.0017517938895319637,0.0017524671998435588,0.0017524671998434844
4.398,0.001705183581407008,0.0017058452494989878,0.001705845249498913
4.401,0.0016570381205760418,0.0016576881535709676,0.0016576881535709037
4.404,0.0016074008421779677,0.0016080392501953273,0.0016080392501952633
4.407,0.0015563164239090835,0.0015569432200339042,0.0015569432200338404
4.41,0.001503830845814869,0.0015044460460649652,0.001504446046064901
4.413,0.0014499913489098054,0.0014505949722016295,0.0014505949722015653
4.416,0.0013948463926624472,0.0013954384607755353,0.0013954384607754709
4.419,0.0013384456113840083,0.0013390261489240136,0.0013390261489239622
4.422,0.0012808397695596896,0.0012814088039200138,0.0012814088039199627
4.425,0.0012220807161629453,0.0012226382774849856,0.0012226382774849346
4.428,0.0011622213379937885,0.0011627674591258288,0.0011627674591257774
4.431,0.0011013155120831205,0.0011018502285379077,0.001101850228537856
4.434,0.0010394180572059026,0.0010399414071169616,0.00103994140711691
4.437,0.0009765846845468064,0.0009770967086235494,0.0009770967086234976
4.44,0.0009128719475627164,0.0009133726890444252,0.0009133726890443733
4.443,0.0008483371910872149,0.0008488266956959681,0.0008488266956959312
4.446,0.0007830384997228304,0.0007835168156154676,0.0007835168156154309
4.449,0.0007170346455674948,0.0007175018232867116,0.0007175018232866748
4.452,0.0006503850353222443,0.0006508411277469178,0.000650841127746897
4.455,0.0005831496568277616,0.00058359471912261,0.0005835947191225891
4.457999999999999,0.0005153890250778662,0.0005158231146425535,0.0005158231146425327
4.461,0.00044716412775854116,0.00044758730417633445,0.00044758730417631385
4.464,0.00037853637036150016,0.0003789486953475934,0.00037894869534757297
4.467,0.0003095675209216963,0.0003099690582713091,0.0003099690582712884
4.47,0.00024031965442850196,0.00024071046996486435,0.00024071046996484383
4.473,0.00017085509696059155,0.00017123525848292053,0.00017123525848290028
4.476,0.00010123636959480504,0.00010160594682637529,0.00010160594682637148
4.479,3.152613213947497e-05,3.188519667588196e-05,3.1885196675878434e-05
4.481999999999999,-3.82128732571401e-05,-3.786424799943348e-05,-3.786424799943704e-05
4.485,-0.0001079178785725616,-0.00010757961740730949,-0.000107579617407313
4.488,-0.0001775261463991135,-0.00017719817242092524,-0.0001771981724209286
4.491,-0.00024697502640541743,-0.00024665726103988,-0.00024665726103988324
4.494,-0.0003162020117195412,-0.0003158943747727645,-0.0003158943747727512
4.497,-0.0003851447951830507,-0.00038484720489058416,-0.00038484720489057067
4.5,-0.00045374132542533313,-0.0004534536985004093,-0.0004534536985003956
4.503,-0.000521929862707718,-0.0005216521143887905,-0.0005216521143887767
4.505999999999999,-0.0005896490344871343,-0.0005893810785846832,-0.0005893810785846693
4.509,-0.0006568378906492891,-0.0006565796395918789,-0.0006565796395918647
4.5120000000000005,-0.0007234359583616572,-0.0007231873232412382,-0.0007231873232412239
4.515,-0.0007893832964969061,-0.0007891441871133602,-0.0007891441871133456
4.518,-0.0008546205495777769,-0.0008543908744827148,-0.0008543908744826845
4.521,-0.0009190890011948635,-0.0009188686677346888,-0.0009188686677346583
4.524,-0.0009827306268492169,-0.000982519541207476,-0.0009825195412074455
4.527,-0.001045488146172209,-0.001045286213411256,-0.0010452862134112102
4.529999999999999,-0.0011073050744756625,-0.0011071121985776688,-0.0011071121985776228
4.5329999999999995,-0.0011681257735858515,-0.001167941857493193,-0.001167941857493147
4.5360000000000005,-0.001227895501915617,-0.0012277204475706837,-0.0012277204475706375
4.539,-0.0012865604637295443,-0.0012863941721140049,-0.0012863941721139585
4.542,-0.0013440678575578548,-0.0013439102287314253,-0.0013439102287313787
4.545,-0.0014003659237154505,-0.0014002168568542064,-0.0014002168568541594
4.548,-0.0014554039908833433,-0.0014552633843176214,-0.001455263384317574
4.551,-0.0015091325217105552,-0.001509000272962482,-0.0015090002729624213
4.553999999999999,-0.001561503157395441,-0.001561379163216139,-0.001561379163216078
4.5569999999999995,-0.0016124687612063316,-0.0016123529176128334,-0.001612352917612772
4.5600000000000005,-0.0016619834609023206,-0.0016618756632142333,-0.0016618756632141717
4.563,-0.0017100026900160278,-0.0017099028328919823,-0.0017099028328919203
4.566,-0.0017564832279611917,-0.001756391205435107,-0.0017563912054350446
4.569,-0.0018013832389289976,-0.00180129894444619,-0.0018012989444461168
4.572,-0.0018446623095381433,-0.0018445856359913027,-0.0018445856359912292
4.575,-0.0018862814852047608,-0.0018862123249698184,-0.0018862123249697446
4.577999999999999,-0.001926203305199472,-0.0019261415501713737,-0.0019261415501712997
4.5809999999999995,-0.0019643918363600288,-0.001964337377988429,-0.0019643373779883546
4.5840000000000005,-0.002000812705429204,-0.00200076543475409,-0.002000765434754015
4.587,-0.0020354331299888362,-0.002035392937676088,-0.0020353929376760124
4.59,-0.002068221947962193,-0.0020681887243390786,-0.0020681887243390023
4.593,-0.0020991496456581006,-0.002099123280748715,-0.0020991232807486314
4.596,-0.0021281883843316156,-0.0021281687678922486,-0.0021281687678921645
4.599,-0.0021553120252373334,-0.0021552990467917613,-0.002155299046791677
4.601999999999999,-0.0021804961531527818,-0.002180489702027483,-0.0021804897020273927
4.6049999999999995,-0.002203718098350747,-0.002203718063710019,-0.0022037180637099287
4.608,-0.0022249569570007557,-0.002224963227881723,-0.0022249632278816328
4.611,-0.002244193609981347,-0.002244206075328846,-0.0022442060753287553
4.614,-0.0022614107400862125,-0.0022614292887875387,-0.0022614292887874476
4.617,-0.0022765928476087315,-0.0022766173685282204,-0.0022766173685281293
4.62,-0.0022897262642908563,-0.0022897566463042887,-0.0022897566463041972
4.623,-0.002300799165623809,-0.00230083529765262,-0.0023008352976525287
4.6259999999999994,-0.0023098015814895225,-0.002309843352534788,-0.002309843352534693
4.629,-0.0023167254051332407,-0.002316772704309423,-0.0023167727043093287
4.632,-0.0023215644004592148,-0.0023216171170276465,-0.0023216171170275515
4.635,-0.002324314207642917,-0.0023243722310449986,-0.0023243722310449036
4.638,-0.0023249723470547307,-0.002325035566944829,-0.002325035566944734
4.641,-0.002323538221491592,-0.0023236065277696017,-0.002323606527769506
4.644,-0.002320013116714553,-0.0023200863995581173,-0.002320086399558022
4.647,-0.0023144002002918065,-0.0023144783501881645,-0.0023144783501880695
4.6499999999999995,-0.0023067045187482055,-0.002306787426525644,-0.002306787426525549
4.653,-0.002296932993023832,-0.002297020549882731,-0.0022970205498826354
4.656,-0.0022850944122457216,-0.0022851865097891586,-0.002285186509789063
4.659,-0.0022711994258183344,-0.002271295956082238,-0.0022712959560821427
4.662,-0.0022552605338398953,-0.0022553613893227216,-0.002255361389322626
4.665,-0.0022372920758532296,-0.0022373971495451414,-0.002237397149545045
4.668,-0.0022173102179412225,-0.0022174194033527475,-0.002217419403352656
4.671,-0.0021953329381784958,-0.0021954461293686557,-0.0021954461293685634
4.6739999999999995,-0.0021713800104524285,-0.0021714971020563,-0.0021714971020562078
4.677,-0.002145472986668046,-0.002145593873923751,-0.0021455938739236647
4.68,-0.002117635177352818,-0.002117759756127912,-0.002117759756127826
4.683,-0.0020878916306788066,-0.002088019797496053,-0.0020880197974959603
4.686,-0.0020562691099210496,-0.0020564007619835564,-0.0020564007619834706
4.689,-0.002022796069372461,-0.0020229311045881614,-0.0020229311045880756
4.692,-0.0019875026287369227,-0.0019876409457423904,-0.001987640945742304
4.695,-0.0019504205460236248,-0.00195056204420719,-0.0019505620442071038
4.6979999999999995,-0.00191158318896702,-0.0019117277684911915,-0.001911727768491105
4.701,-0.0018710255049981432,-0.001871173066821304,-0.001871173066821227
4.704,-0.0018287839897942978,-0.0018289344356916702,-0.0018289344356915934
4.707,-0.0017848966544354188,-0.0017850498870192848,-0.001785049887019208
4.71,-0.0017394029911966696,-0.0017395589139358348,-0.0017395589139357578
4.713,-0.0016923439380080538,-0.0016925024552465466,-0.0016925024552464697
4.716,-0.0016437618416130235,-0.001643922858588025,-0.0016439228585879478
4.719,-0.0015937004194592423,-0.0015938638423182384,-0.0015938638423181732
4.7219999999999995,-0.001542204720355791,-0.001542370456172947,-0.001542370456172882
4.725,-0.0014893210839322258,-0.0014894890407239827,-0.0014894890407239176
4.728,-0.0014350970989359677,-0.0014352671856758608,-0.0014352671856757955
4.731,-0.001379581560405551,-0.0013797536870382592,-0.001379753687038194
4.734,-0.0013228244257582752,-0.0013229985032129031,-0.0013229985032128379
4.737,-0.001264876769831769,-0.0012650527100343755,-0.0012650527100343102
4.74,-0.0012057907389199287,-0.0012059684548053132,-0.0012059684548052477
4.743,-0.0011456195038445959,-0.0011457989093673546,-0.0011457989093673034
4.7459999999999996,-0.0010844172121051957,-0.0010845982222500716,-0.0010845982222500205
4.749,-0.0010222389391494103,-0.0010224214699409472,-0.0010224214699408964
4.752,-0.0009591406388087268,-0.000959324607320255,-0.000959324607320219
4.755,-0.0008951790929434657,-0.0008953644173054428,-0.000895364417305407
4.758,-0.0008304118603426121,-0.0008305984597503408,-0.00083059845975029
4.761,-0.0007648972249244253,-0.0007650850196451775,-0.0007650850196451422
4.764,-0.0006986941432844474,-0.0006988830546640233,-0.000698883054663988
4.767,-0.0006318621916381143,-0.0006320521421068623,-0.0006320521421068272
4.77,-0.0005644615122057146,-0.0005646524252840449,-0.0005646524252840098
4.773,-0.0004965527590879456,-0.000496744559391367,-0.0004967445593913323
4.776,-0.00042819704368077927,-0.0004283896569244889,-0.0004283896569244705
4.779,-0.0003594558796787565,-0.0003596492326818131,-0.00035964923268179514
4.782,-0.0002903911277162087,-0.0002905851484053185,-0.0002905851484053005
4.785,-0.00022106493969622316,-0.0002212595571091683,-0.00022125955710915082
4.788,-0.00015153970285745587,-0.00015173484714619187,-0.00015173484714617455
4.791,-8.18779836291291e-05,-8.207358606257878e-05,-8.207358606256154e-05
4.794,-1.2142471324742506e-05,-1.233846429131023e-05,-1.2338464291310018e-05
4.797,5.7604078274828635e-05,5.7407761264999146e-05,5.740776126499916e-05
4.8,0.00012729889939807373,0.00012710232371107767,0.0001271023237110775
4.803,0.00019687927276859865,0.0001966825026449657,0.00019668250264496504
4.806,0.0002662825820490521,0.0002660856806021439,0.0002660856806021429
4.809,0.0003354463701924289,0.00033524939940702484,0.00033524939940702376
4.811999999999999,0.0004043083956500347,0.00040411141638109504,0.00040411141638107715
4.815,0.0004728066883855253,0.00047260976035712457,0.00047260976035712245
4.818,0.00054087960564461,0.0005406827874490345,0.0005406827874489998
4.821,0.0006084658874302263,0.0006082692365272336,0.0006082692365272146
4.824000000000001,0.0006755047116332586,0.0006753082843494998,0.0006753082843494962
4.827,0.000741935748769187,0.0007417396002977932,0.0007417396002977578
4.83,0.0008076992162714001,0.0008075034006717397,0.0008075034006717195
4.832999999999999,0.0008727359322923138,0.000872540502489926,0.0008725405024898902
4.836,0.0009369873689638714,0.0009367923767505883,0.0009367923767505522
4.8389999999999995,0.0010003957050694974,0.0010002012011037637,0.001000201201103727
4.842,0.0010629038780800976,0.0010627099118875013,0.0010627099118874642
4.845,0.0011244556355072773,0.0011242622554813073,0.0011242622554812555
4.848,0.0011849955855275617,0.0011848028389306057,0.0011848028389305678
4.851,0.0012444692468320574,0.001244277179796659,0.0012442771797966207
4.854,0.0013028230976566972,0.0013026317551870852,0.001302631755187033
4.857,0.001360004623948936,0.001359814049922849,0.0013598140499228096
4.859999999999999,0.00141596236662756,0.001415772603798377,0.0014157726037983106
4.863,0.0014706459678930713,0.0014704570578922703,0.0014704570578922167
4.866,0.0015240062165469766,0.0015238181998869342,0.0015238181998868676
4.869,0.001575995092279193,0.001575808008356343,0.0015758080083562761
4.872000000000001,0.0016265658088837173,0.0016263796959820804,0.001626379695982025
4.875,0.0016756728563636705,0.0016754877516587702,0.0016754877516587023
4.878,0.0017232720418878232,0.0017230879814509974,0.0017230879814509293
4.880999999999999,0.0017693205295617478,0.0017691375483648683,0.0017691375483647996
4.884,0.0018137768789778055,0.001813595010898413,0.0018135950108983437
4.887,0.0018566010825092822,0.0018564203603361397,0.0018564203603360602
4.89,0.001897754601315105,0.0018975750567541791,0.0018975750567541089
4.893,0.0019372004000227454,0.0019370220637036136,0.0019370220637035243
4.896,0.0019749029800580978,0.0019747258815407814,0.001974725881540701
4.899,0.002010828411592336,0.0020106525793745613,0.0020106525793744884
4.902,0.002044944364077007,0.0020447698256018817,0.002044769825601792
4.905,0.002077220135339879,0.0020770469170039827,0.0020770469170039003
4.9079999999999995,0.0021076266792153563,0.0021074548063772414,0.002107454806377151
4.9110000000000005,0.0021361366316846138,0.002135966128673692,0.0021359661286736017
4.914,0.0021627243355019066,0.002162555225627725,0.0021625552256276347
4.917,0.0021873658632849137,0.0021871981688467916,0.0021871981688467005
4.919999999999999,0.0022100390390483223,0.0022098727813453433,0.002209872781345247
4.923,0.002230723458161281,0.002230558657502622,0.0022305586575025304
4.926,0.002249400505710768,0.002249237181426341,0.0022492371814262493
4.928999999999999,0.002266053373254337,0.0022658915437057314,0.002265891543705635
4.932,0.0022806670739471766,0.002280506756538878,0.0022805067565387846
4.935,0.002293228456029862,0.002293069667220727,0.0022930696672206273
4.938,0.0023037262146646635,0.0023035689699796367,0.002303568969979539
4.941,0.002312150902109766,0.002311995216151806,0.002311995216151706
4.944,0.0023184949362222342,0.002318340822684434,0.002318340822684334
4.947,0.00232275260728207,0.002322600078959957,0.002322600078959857
4.95,0.0023249200831312357,0.0023247691519352174,0.0023247691519351172
4.953,0.0023249954126230007,0.002324846089590947,0.0023248460895908462
4.9559999999999995,0.002322978527378506,0.002322830822688448,0.002322830822688347
4.9590000000000005,0.0023188712418489915,0.002318725164831906,0.0023187251648318047
4.962,0.002312677251683586,0.0023125328108362687,0.002312532810836168
4.965,0.0023044021304041663,0.002304259333402161,0.002304259333402058
4.967999999999999,0.00229405332439026,0.0022939121781008296,0.0022939121781007316
4.971,0.0022816401461784987,0.002281500656673635,0.0022815006566735342
4.974,0.002267173766082659,0.002267035938652108,0.0022670359386520035
4.976999999999999,0.002250667202141836,0.002250531041306129,0.0022505310413060324
4.98,0.002232135308405778,0.0022320008179292634,0.002232000817929162
4.983,0.0022115947615679405,0.0022114619444717964,0.0022114619444716997
4.986,0.0021890640459582725,0.0021889329045335078,0.002188932904533412
4.989,0.0021645634369092583,0.002164433972729678,0.0021644339727295817
4.992,0.0021381149825101557,0.0021379871964453015,0.002137987196445205
4.994999999999999,0.0021097424837658793,0.002109616375993931,0.002109616375993841
4.998,0.0020794714731783644,0.002079347043198999,0.002079347043198902
5.001,0.002047329191769689,0.002047206438416903,0.0020472064384168057
5.004,0.0020133445645676346,0.0020132234860225206,0.0020132234860224313
5.007000000000001,0.001977548174575749,0.0019774287683792264,0.0019774287683791284
5.01,0.0019399722352513213,0.0019398544983168285,0.001939854498316749
5.013,0.001900650561516058,0.0019005344901421963,0.0019005344901421072
5.015999999999999,0.0018596185393255271,0.0018595041292086656,0.0018595041292085864
5.019,0.0018169130938247703,0.0018168003400716103,0.0018168003400715312
5.022,0.0017725726561187336,0.0017724615532588347,0.0017724615532587452
5.0249999999999995,0.0017266371286874232,0.0017265276706856917,0.001726527670685613
5.0280000000000005,0.0016791478494769091,0.0016790400297460532,0.0016790400297459747
5.031,0.001630147554698494,0.0016300413661114455,0.001630041366111367
5.034,0.0015796803403695223,0.0015795757752718287,0.0015795757752717502
5.037,0.0015277916226304458,0.0015276886728526336,0.0015276886728525672
5.04,0.0014745280968738524,0.001474426753743763,0.001474426753743684
5.042999999999999,0.0014199376957222435,0.0014198379500773432,0.0014198379500772905
5.046,0.001364069545892375,0.0013639713880920401,0.0013639713880919744
5.049,0.0013069739239849815,0.0013068773439227608,0.0013068773439226817
5.052,0.0012487022112396757,0.0012486071983555257,0.0012486071983554743
5.055000000000001,0.0011893068472957308,0.001189213390588228,0.0011892133905881629
5.058,0.0011288412830003677,0.0011287493710388965,0.001128749371038846
5.061,0.0010673599323070132,0.001067269553243927,0.0010672695532438765
5.063999999999999,0.001004918123306818,0.0010048292648895717,0.0010048292648895218
5.067,0.0009415720484375017,0.0009414846980207562,0.0009414846980207066
5.069999999999999,0.0008773787139143405,0.0008772928584720328,0.0008772928584719986
5.0729999999999995,0.000812395888428795,0.000812311514566176,0.0008123115145661266
5.0760000000000005,0.0007466820511609596,0.000746599145126592,0.000746599145126543
5.079,0.0006802963391526081,0.0006802148868503245,0.0006802148868502913
5.082,0.0006132984940882039,0.0006132184810890191,0.0006132184810889703
5.085,0.000545748808531764,0.0005456702200857393,0.0005456702200857229
5.088,0.0004777080716679619,0.0004776308927160172,0.0004776308927159853
5.090999999999999,0.0004092375145963006,0.0004091617297819688,0.0004091617297819534
5.094,0.0003403987552275836,0.00034032434890870486,0.0003403243489086896
5.097,0.00027125374283227697,0.00027118069909262747,0.0002711806990925965
5.1,0.00020186470229066302,0.00020179300495151473,0.00020179300495150082
5.103000000000001,0.00013229407809495848,0.00013222371072656487,0.00013222371072655129
5.106,6.260447815378931e-05,6.25354240867938e-05,6.253542408678073e-05
5.109,-7.141382550403212e-06,-7.209140213640901e-06,-7.209140213653396e-06
5.111999999999999,-7.688073840032272e-05,-7.694721677448568e-05,-7.694721677448135e-05
5.115,-0.00014655082962835187,-0.00014661604603401476,-0.00014661604603402644
5.117999999999999,-0.00021608895879582894,-0.00021615293074839941,-0.00021615293074837773
5.1209999999999996,-0.0002854325472162384,-0.0002854952924149956,-0.00028549529241498977
5.1240000000000006,-0.0003545191912715402,-0.0003545807275887725,-0.0003545807275887825
5.127,-0.00042328671857095495,-0.0004233470640412006,-0.00042334706404117744
5.13,-0.0004916732439016679,-0.0004917324167110611,-0.0004917324167110535
5.133,-0.0005596172249210984,-0.0005596752433968241,-0.0005596752433967999
5.136,-0.0006270575175406162,-0.0006271144001404756,-0.0006271144001404508
5.138999999999999,-0.0006939334309508644,-0.0006939891962529527,-0.0006939891962529275
5.142,-0.0007601847822391661,-0.0007602394489316676,-0.000760239448931642
5.1450000000000005,-0.0008257519505498686,-0.0008258055374209674,-0.0008258055374209412
5.148,-0.000890575930738879,-0.00089062845666679,-0.000890628456666763
5.151000000000001,-0.0009545983864741089,-0.0009546498704172297,-0.000954649870417202
5.154,-0.0010177617027340407,-0.001017812163721227,-0.0010178121637211836
5.157,-0.0010800090376571693,-0.0010800584947781352,-0.0010800584947781061
5.159999999999999,-0.0011412843736956593,-0.0011413328460915043,-0.0011413328460914457
5.163,-0.0012015325680271827,-0.001201580074881047,-0.0012015800748810023
5.1659999999999995,-0.0012606994021795688,-0.0012607459627074187,-0.0012607459627073593
5.169,-0.0013187316308236074,-0.0013187772642651533,-0.0013187772642650937
5.172000000000001,-0.001375577029690096,-0.001375621755299844,-0.0013756217552997971
5.175,-0.0014311844425680096,-0.001431228279606448,-0.0014312282796063874
5.178,-0.0014855038273414918,-0.0014855467950664167,-0.0014855467950663553
5.181,-0.0015384863010242443,-0.0015385284186822262,-0.0015385284186821642
5.184,-0.0015900841837507864,-0.0015901254705687744,-0.0015901254705687118
5.186999999999999,-0.0016402510416849854,-0.0016402915168620602,-0.0016402915168619854
5.19,-0.0016889417288072554,-0.0016889814115065257,-0.001688981411506462
5.193,-0.0017361124275428123,-0.0017361513368834606,-0.0017361513368833739
5.196,-0.00178172068819442,-0.0017817588432438999,-0.0017817588432438238
5.199000000000001,-0.0018257254671441483,-0.0018257628869105338,-0.001825762886910467
5.202,-0.0018680871637897544,-0.001868123867214246,-0.0018681238672141585
5.205,-0.0019087676561824578,-0.0019088036621320434,-0.001908803662131965
5.207999999999999,-0.0019477303353340244,-0.0019477656625943038,-0.001947765662594216
5.211,-0.0019849401381622995,-0.0019849748054304676,-0.001984974805430379
5.2139999999999995,-0.0020203635790455293,-0.0020203976049235238,-0.0020203976049234353
5.217,-0.0020539687799570796,-0.002054002182944896,-0.0020540021829448065
5.220000000000001,-0.002085725499153433,-0.0020857582976426055,-0.0020857582976425157
5.223,-0.0021156051583896473,-0.002115637370656898,-0.002115637370656808
5.226,-0.002143580868637781,-0.0021436125128388383,-0.002143612512838747
5.229,-0.002169627454285137,-0.002169658548448727,-0.0021696585484486295
5.232,-0.0021937214757905645,-0.0021937520378125706,-0.002193752037812478
5.234999999999999,-0.0022158412507784055,-0.0022158712984162035,-0.0022158712984161003
5.238,-0.0022359668735511254,-0.002235996424418087,-0.0022359964244179882
5.241,-0.0022540802330030564,-0.002254109304563225,-0.002254109304563122
5.244,-0.0022701650289191294,-0.00227019363848207,-0.0022701936384819663
5.247000000000001,-0.002284206786643941,-0.0022842349513597544,-0.002284234951359654
5.25,-0.0022961928701079413,-0.002296220606962449,-0.0022962206069623453
5.253,-0.002306112493199019,-0.0023061398190091184,-0.0023061398190090143
5.255999999999999,-0.002313956729469265,-0.002313983660878448,-0.002313983660878343
5.259,-0.0023197185201681704,-0.002319745073642198,-0.0023197450736420922
5.262,-0.0023233926805950158,-0.002323418872417765,-0.0023234188724176584
5.265,-0.002324975904764765,-0.0023250017510342254,-0.0023250017510341183
5.268,-0.002324466768383238,-0.002324492285007665,-0.0023244922850075575
5.271,-0.0023218657301289024,-0.0023218909328231196,-0.002321890932823012
5.274,-0.0023171751312401154,-0.0023172000355219696,-0.002317200035521861
5.277,-0.0023103991934082025,-0.00231042381459516,-0.0023104238145950536
5.28,-0.00230154401497826,-0.0023015683681841437,-0.0023015683681840357
5.2829999999999995,-0.002290617565461099,-0.002290641665592966,-0.00229064166559286
5.2860000000000005,-0.0022776296783612797,-0.0022776535401164287,-0.002277653540116323
5.289,-0.0022625920423276777,-0.0022626156801907886,-0.0022626156801906824
5.292,-0.0022455181906345526,-0.0022455416188749532,-0.0022455416188748465
5.295000000000001,-0.0022264234890025875,-0.0022264467216716426,-0.002226446721671536
5.298,-0.0022053251217708514,-0.0022053481726994725,-0.0022053481726993654
5.301,-0.0021822420764321376,-0.002182264959228409,-0.002182264959228302
5.303999999999999,-0.0021571951265455863,-0.0021572178545925056,-0.002157217854592404
5.307,-0.002130206813041975,-0.0021302293994953057,-0.0021302293994951978
5.31,-0.0021013014239385005,-0.002101323881724731,-0.0021013238817246364
5.313,-0.002070504972481297,-0.002070527314295711,-0.0020705273142956095
5.316,-0.0020378451737353776,-0.002037867412040226,-0.0020378674120401317
5.319,-0.0020033514196430508,-0.002003373566665828,-0.0020033735666657344
5.322,-0.0019670547525732643,-0.0019670768203050902,-0.0019670768203049875
5.325,-0.00192898783738568,-0.0019290098375797794,-0.001929009837579686
5.328,-0.0018891849320346185,-0.001889206876204905,-0.0018892068762048117
5.3309999999999995,-0.0018476818567393265,-0.0018477037561590846,-0.0018477037561589913
5.3340000000000005,-0.0018045159617483123,-0.0018045378274489832,-0.0018045378274488902
5.337,-0.0017597260937267604,-0.0017597479364968268,-0.0017597479364967444
5.34,-0.0017133525607972713,-0.0017133743911812455,-0.0017133743911811525
5.342999999999999,-0.0016654370962653894,-0.001665458924562903,-0.0016654589245628326
5.346,-0.0016160228210625625,-0.001616044657327559,-0.0016160446573274772
5.349,-0.0015651542049403286,-0.0015651760589803618,-0.0015651760589802683
5.351999999999999,-0.001512877026450662,-0.001512898907826297,-0.0015128989078262284
5.355,-0.0014592383317484766,-0.0014592602497728012,-0.0014592602497727203
5.358,-0.0014042863922533828,-0.0014043083559916218,-0.001404308355991554
5.361,-0.0013480706612087785,-0.0013480926794780202,-0.001348092679477953
5.364,-0.0012906417291773816,-0.0012906638105464145,-0.0012906638105463475
5.367,-0.0012320512785132535,-0.0012320734313025106,-0.001232073431302444
5.37,-0.0011723520368512783,-0.0011723742691328962,-0.00117237426913283
5.373,-0.0011115977296559634,-0.0011116200492539512,-0.0011116200492538855
5.376,-0.0010498430318722576,-0.00104986544636278,-0.0010498654463627147
5.379,-0.0009871435187219003,-0.000987166035433674,-0.000987166035433624
5.382000000000001,-0.0009235556156895846,-0.0009235782417043862,-0.0009235782417043216
5.385,-0.0008591365477439387,-0.0008591592898972255,-0.0008591592898971917
5.388,-0.0007939442878390263,-0.0007939671527206697,-0.000793967152720621
5.390999999999999,-0.0007280375047427116,-0.0007280604986978403,-0.0007280604986978078
5.394,-0.0006614755102388383,-0.0006614986393687921,-0.0006614986393687602
5.397,-0.0005943182057507399,-0.0005943414759141307,-0.0005943414759140834
5.3999999999999995,-0.000526626028434113,-0.0005266494452479926,-0.000526649445247962
5.4030000000000005,-0.0004584598967877709,-0.0004584834656289025,-0.00045848346562887235
5.406,-0.00038988115583122126,-0.00038990488183745186,-0.0003899048818374225
5.409,-0.00032095152189840544,-0.0003209754099701375,-0.0003209754099701087
5.412,-0.0002517330270972822,-0.00025175708189904025,-0.00025175708189902816
5.415,-0.0001822879634852375,-0.00018231218944732706,-0.00018231218944729922
5.417999999999999,-0.00011267882701056004,-0.00011270322833081488,-0.00011270322833082064
5.421,-4.29682612704297e-05,-4.299284191604465e-05,-4.299284191603466e-05
5.424,2.6780998863964473e-05,2.6756235154520255e-05,2.6756235154545968e-05
5.427,9.650618370444536e-05,9.648123341943779e-05,9.648123341942988e-05
5.430000000000001,0.00016614454523419917,0.00016611940508656572,0.0001661194050865736
5.433,0.0002356334135766221,0.0002356080805018392,0.0002356080805018298
5.436,0.0003049102533938435,0.0003048847245477294,0.0003048847245477196
5.438999999999999,0.0003739127201641716,0.00037388699292062813,0.0003738869929206173
5.442,0.0004425787162878153,0.0004425527882365132,0.0004425527882365019
5.445,0.0005108464469703912,0.0005108203159144024,0.0005108203159143902
5.4479999999999995,0.0005786544758339242,0.0005786281397873056,0.0005786281397872928
5.4510000000000005,0.000645941780205297,0.000645915237390628,0.0006459152373906143
5.454,0.0007126478060323909,0.0007126210548782694,0.0007126210548782391
5.457,0.0007787125223784985,0.0007786855615169986,0.0007786855615169831
5.46,0.0008440764754459677,0.000844049303710061,0.0008440493037100137
5.463,0.0009086808420804583,0.0009086534585014032,0.0009086534585013707
5.465999999999999,0.0009724674827076632,0.0009724398865123626,0.000972439886512314
5.469,0.0010353789936548515,0.001035351184263184,0.0010353511842631348
5.472,0.0010973587588101533,0.0010973307358322771,0.0010973307358322418
5.475,0.0011583510005730904,0.0011583227638067236,0.0011583227638066731
5.478000000000001,0.001218300830050507,0.0012182723794781853,0.0012182723794781337
5.481,0.0012771542964527228,0.001277125632239035,0.0012771256322389828
5.484,0.0013348584356454598,0.0013348295581342637,0.0013348295581342108
5.486999999999999,0.0013913613178138456,0.0013913322275254636,0.0013913322275253966
5.49,0.001446612094195601,0.0014465827918239988,0.0014465827918239442
5.492999999999999,0.0015005610428413586,0.0015005315292513015,0.0015005315292512204
5.4959999999999996,0.0015531596133609227,0.0015531298895851177,0.0015531298895850485
5.4990000000000006,0.001604360470615212,0.0016043305378514298,0.001604330537851372
5.502,0.0016541175373145584,0.0016540873969227382,0.0016540873969226558
5.505,0.00170238603548503,0.0017023556889843659,0.0017023556889842941
5.508,0.0017491225267654603,0.0017490919758314696,0.0017490919758313861
5.511,0.0017942849514989174,0.0017942541979604914,0.0017942541979604075
5.513999999999999,0.0018378326665834373,0.001837801712419874,0.001837801712419789
5.517,0.001879726482047956,0.0018796953293859727,0.0018796953293858873
5.5200000000000005,0.0019199286963205227,0.0019198973474312522,0.001919897347431166
5.523,0.001958403130157059,0.0019583715874530267,0.00195837158745294
5.526000000000001,0.001995115159200126,0.00199508342523221,0.001995083425232123
5.529,0.0020300317451384057,0.002029999822592776,0.0020299998225926795
5.532,0.002063121465438843,0.002063089357133885,0.002063089357133796
5.534999999999999,0.0020943545416247057,0.0020943222505079282,0.002094322250507824
5.538,0.002123702866074104,0.002123670395219025,0.0021236703952189273
5.5409999999999995,0.00215114002731485,0.002151107379917876,0.0021511073799177715
5.544,0.002176641333792915,0.0021766085131701934,0.0021766085131700885
5.547000000000001,0.0022001838360930586,0.0022001508456773247,0.0022001508456772245
5.55,0.002221746347591664,0.002221713190929073,0.0022217131909289672
5.553,0.002241309463523179,0.0022412761442701266,0.0022412761442700204
5.556,0.0022588555784430068,0.002258822100362938,0.0022588221003628315
5.559,0.0022743689020711284,0.002274335269031341,0.002274335269031234
5.561999999999999,0.0022878354735022034,0.002287801689470641,0.00228780168947053
5.565,0.0022992431737693564,0.0022992092428113986,0.00229920924281129
5.568,0.0023085817367503444,0.002308547663025594,0.002308547663025481
5.571,0.002315842758406291,0.0023158085461653585,0.0023158085461652475
5.574000000000001,0.002321019704344671,0.002320985357925962,0.0023209853579258515
5.577,0.00232410791569974,0.002324073439526244,0.002324073439526132
5.58,0.002325104613325122,0.002325070011901203,0.002325070011901091
5.582999999999999,0.002324008900294768,0.002323974178202969,0.0023239741782028565
5.586,0.002320821762710053,0.002320786924607903,0.002320786924607791
5.5889999999999995,0.0023155460688122726,0.002315511119429108,0.002315511119428996
5.592,0.0023081865664013428,0.0023081515105351385,0.002308151510535026
5.595000000000001,0.002298749878563023,0.0022987147210772403,0.0022987147210771276
5.598,0.0022872444977085093,0.0022872092435289614,0.0022872092435288487
5.601,0.0022736807779317647,0.002273645432043499,0.002273645432043386
5.604,0.0022580709256914623,0.0022580354931356597,0.0022580354931355504
5.607,0.0022404289888259205,0.002240393474696822,0.0022403934746967084
5.609999999999999,0.0022207708439109302,0.00222073525335278,0.0022207352533526754
5.613,0.002199114181971834,0.002199078520175853,0.0021990785201757438
5.616,0.002175478492562736,0.002175442764764115,0.0021754427647640113
5.619,0.002149885046227147,0.0021498492577020703,0.002149849257701967
5.622000000000001,0.002122356875355871,0.0021223210314185656,0.002122321031418456
5.625,0.002092918753459341,0.0020928828594591565,0.0020928828594590533
5.628,0.002061597172873077,0.0020615612341915892,0.0020615612341914856
5.630999999999999,0.0020284203209163087,0.002028384342964458,0.0020283843429643547
5.634,0.0019934180545252327,0.001993382042740494,0.001993382042740391
5.637,0.0019566218733837355,0.001956585833227315,0.001956585833227221
5.64,0.001918064891575747,0.0019180288285298136,0.0019180288285297103
5.643,0.0018777818077847508,0.001877745727349697,0.0018777457273496132
5.646,0.0018358088740672623,0.001835772781759,0.0018357727817589068
5.649,0.0017921838632283785,0.0017921477645756654,0.0017921477645755617
5.652,0.0017469460348287576,0.0017469099353705577,0.0017469099353704758
5.655,0.001700136099853622,0.0017001000051365,0.0017001000051364069
5.6579999999999995,0.001651796184075581,0.0016517600996511267,0.0016517600996510454
5.6610000000000005,0.0016019697901442378,0.0016019337215665297,0.0016019337215664488
5.664,0.0015507017584367074,0.0015506657112598049,0.0015506657112597242
5.667,0.0014980382267042684,0.001498002206479742,0.0014980022064796615
5.670000000000001,0.0014440265885514681,0.0014439906008259628,0.0014439906008258826
5.673,0.0013887154507850495,0.0013886795010978818,0.0013886795010978016
5.676,0.0013321545896710747,0.001332118683551867,0.001332118683551787
5.678999999999999,0.0012743949061396205,0.0012743590491059692,0.001274359049105903
5.682,0.0012154883799773506,0.001215452577532531,0.0012154525775324512
5.685,0.0011554880230491944,0.0011554522806799014,0.0011554522806798504
5.688,0.0010944478315912237,0.0010944121547653489,0.0010944121547652843
5.691,0.0010324227376176665,0.001032387131782112,0.0010323871317820628
5.694,0.0009694685594857811,0.0009694330300643121,0.0009694330300642633
5.697,0.0009056419516630871,0.0009056065040542207,0.0009056065040541571
5.7,0.0008410003537421526,0.0008409649933170856,0.0008409649933170381
5.703,0.0007756019387488237,0.0007755666708493994,0.0007755666708493523
5.7059999999999995,0.0007095055607904151,0.0007094703907271285,0.0007094703907270821
5.7090000000000005,0.0006427707020909747,0.000642735635141018,0.000642735635140972
5.712,0.0005754574194612871,0.0005754224608666343,0.0005754224608666048
5.715,0.0005076262902517887,0.0005075914452173216,0.0005075914452172767
5.717999999999999,0.00043933835783703436,0.00043930363152870796,0.00043930363152869625
5.721,0.00037065507668077393,0.00037062047422382405,0.00037062047422379684
5.724,0.00030163825703107905,0.0003016037835082702,0.0003016037835082274
5.726999999999999,0.0002323500092952887,0.00023231566974520358,0.00023231566974519385
5.73,0.00016285268814483257,0.0001628184875602035,0.00016281848756017812
5.733,9.320883640023573e-05,9.317477972631746e-05,9.317477972630946e-05
5.736,2.3481128746802533e-05,2.344722087978669e-05,2.34472208797791e-05
5.739,-4.626768466836742e-05,-4.6301438882895964e-05,-4.630143888290257e-05
5.742,-0.00011597483470727213,-0.00011600843047583738,-0.00011600843047584303
5.745,-0.00018557758972898939,-0.0001856110223116847,-0.00018561102231168963
5.748,-0.0002550133120439122,-0.00025504657675581963,-0.00025504657675582375
5.751,-0.00032421951428343354,-0.00032425260649600183,-0.00032425260649600524
5.754,-0.0003931339156343501,-0.00039316683077673194,-0.00039316683077671817
5.757000000000001,-0.000461694497887379,-0.0004617272314477279,-0.0004617272314477298
5.76,-0.0005298395612493473,-0.000529872108776074,-0.0005298721087760428
5.763,-0.0005975077798688261,-0.0005975401369718162,-0.0005975401369718
5.765999999999999,-0.0006646382570252426,-0.0006646704193770329,-0.000664670419377
5.769,-0.0007311705799317997,-0.0007312025432687177,-0.000731202543268684
5.772,-0.0007970448741028877,-0.0007970766342261516,-0.0007970766342261326
5.7749999999999995,-0.0008622018572370599,-0.0008622334100138407,-0.0008622334100138056
5.7780000000000005,-0.0009265828925670795,-0.0009266142339315267,-0.0009266142339314906
5.781,-0.000990130041629031,-0.0009901611675832587,-0.0009901611675832216
5.784,-0.0010527861164030003,-0.0010528170230180397,-0.0010528170230180015
5.787,-0.0011144947307784078,-0.0011145254141951215,-0.0011145254141950675
5.79,-0.0011752003512976751,-0.001175230807727636,-0.001175230807727596
5.792999999999999,-0.0012348483471325592,-0.0012348785728588955,-0.0012348785728588264
5.796,-0.001293385039248183,-0.0012934150306263851,-0.001293415030626329
5.799,-0.0013507577487105115,-0.0013507875021692064,-0.0013507875021691628
5.802,-0.001406914844093805,-0.0014069443561354963,-0.0014069443561354254
5.805000000000001,-0.0014618057879453878,-0.0014618350551471595,-0.0014618350551471007
5.808,-0.0015153811822659086,-0.0015154102012800963,-0.0015154102012800241
5.811,-0.0015675928129641743,-0.0015676215805190009,-0.001567621580518928
5.813999999999999,-0.0016183936932465416,-0.0016184222061467208,-0.0016184222061466468
5.817,-0.0016677381059018268,-0.0016677663610291302,-0.0016677663610290554
5.82,-0.0017155816444436726,-0.0017156096387574656,-0.0017156096387573902
5.8229999999999995,-0.001761881253073355,-0.001761908983611096,-0.0017619089836110194
5.8260000000000005,-0.001806595265427059,-0.001806622729304765,-0.0018066227293046873
5.829,-0.0018496834420727555,-0.0018497106364854354,-0.0018497106364853467
5.832,-0.001891107006722941,-0.0018911339289449914,-0.0018911339289449116
5.835,-0.0019308286811306383,-0.0019308553285162075,-0.0019308553285161084
5.838,-0.001968812718637269,-0.001968839088620584,-0.001968839088620493
5.840999999999999,-0.002005024936342192,-0.0020050510264378535,-0.0020050510264377533
5.844,-0.002039432745864974,-0.002039458553668213,-0.0020394585536681123
5.847,-0.0020720051826726925,-0.0020720307058595937,-0.0020720307058594996
5.85,-0.0021027129339458886,-0.0021027381702735776,-0.0021027381702734757
5.853000000000001,-0.002131528364958085,-0.0021315533122648837,-0.0021315533122647813
5.856,-0.0021584255439451427,-0.002158450200150684,-0.0021584502001505803
5.859,-0.0021833802654420554,-0.002183404628547366,-0.002183404628547262
5.861999999999999,-0.0022063700720662003,-0.0022063941401537462,-0.0022063941401536365
5.865,-0.002227374274727423,-0.0022273980459611253,-0.00222739804596102
5.867999999999999,-0.002246373971246789,-0.002246397443871997,-0.0022463974438718818
5.8709999999999996,-0.002263352063367231,-0.0022633752357106626,-0.0022633752357105507
5.8740000000000006,-0.00227829327214078,-0.0022783161426104333,-0.0022783161426103244
5.877,-0.002291184151678557,-0.0022912067187635813,-0.0022912067187634655
5.88,-0.002302013101251119,-0.0023020353635216555,-0.002302035363521542
5.883,-0.0023107703757282985,-0.0023107923318352857,-0.0023107923318351695
5.886,-0.0023174480943491185,-0.0023174697430240676,-0.002317469743023951
5.888999999999999,-0.0023220402478139075,-0.0023220615878686425,-0.002322061587868525
5.892,-0.0023245427036922206,-0.0023245637340185907,-0.0023245637340184727
5.8950000000000005,-0.0023249532101417072,-0.002324973929711267,-0.0023249739297111485
5.898,-0.0023232713979345785,-0.0023232918057982353,-0.0023232918057981165
5.901000000000001,-0.0023194987807898387,-0.0023195188760774775,-0.0023195188760773582
5.904,-0.002313638754011002,-0.002313658535931077,-0.002313658535930959
5.907,-0.002305696591430504,-0.002305716059269605,-0.0023057160592694845
5.909999999999999,-0.002295679440663562,-0.0022956985937859554,-0.0022956985937858396
5.913,-0.002283596316675764,-0.0022836151545229046,-0.0022836151545227857
5.9159999999999995,-0.002269458093670157,-0.002269476615760182,-0.002269476615760066
5.919,-0.0022532774953011574,-0.0022532957012283508,-0.0022532957012282354
5.922000000000001,-0.0022350690832240723,-0.0022350869726583114,-0.0022350869726581917
5.925,-0.0022148492439905457,-0.0022148668166767243,-0.002214866816676609
5.928,-0.002192636174301722,-0.002192653430059153,-0.0021926534300590376
5.931,-0.002168449864632394,-0.002168466803354195,-0.0021684668033540794
5.934,-0.00214231208124088,-0.0021423287028933366,-0.002142328702893221
5.936999999999999,-0.0021142463465808076,-0.0021142626512027233,-0.002114262651202614
5.94,-0.00208427791813245,-0.002084293905834475,-0.002084293905834359
5.943,-0.0020524337656726444,-0.0020524494366365937,-0.002052449436636493
5.946,-0.0020187425470037687,-0.0020187579014819203,-0.0020187579014818123
5.949000000000001,-0.0019832345821636016,-0.0019832496204779835,-0.0019832496204778673
5.952,-0.0019459418261392881,-0.00194595654868095,-0.0019459565486808516
5.955,-0.0019068978401099593,-0.0019069122473382304,-0.001906912247338123
5.957999999999999,-0.0018661377612438847,-0.0018661518536856215,-0.001866151853685524
5.961,-0.0018236982710773462,-0.0018237120493261668,-0.0018237120493260698
5.9639999999999995,-0.0017796175625036828,-0.0017796310272191888,-0.0017796310272190925
5.967,-0.0017339353054022161,-0.0017339484573092043,-0.001733948457309108
5.970000000000001,-0.0016866926109379873,-0.0016867054508256513,-0.0016867054508255554
5.973,-0.0016379319945644378,-0.0016379445232855576,-0.001637944523285462
5.976,-0.0015876973377623223,-0.0015877095562324454,-0.00158770955623235
5.979,-0.0015360338485492942,-0.001536045757745904,-0.0015360457577458212
5.982,-0.0014829880207956913,-0.0014829996217573694,-0.0014829996217572744
5.984999999999999,-0.0014286075923831488,-0.0014286188862087244,-0.001428618886208656
5.988,-0.0013729415022436815,-0.0013729524900913737,-0.0013729524900912924
5.991,-0.0013160398463179044,-0.0013160505294044537,-0.0013160505294043867
5.994,-0.0012579538324720245,-0.0012579642120718155,-0.0012579642120717491
5.997000000000001,-0.0011987357344141736,-0.0011987458118583494,-0.0011987458118582696
6.0,-0.0011384388446515595,-0.0011384486213271258,-0.001138448621327061
