t,n1,n2,n3,n4,n10,n20,f1,f2,f3,f4,f10,f20
0.0,0.0,0.0,0.0,0.0,0.0,0.0,0.0,0.0,0.0,0.0,0.0,0.0
0.010000000000000000208,5.909954330991802195e-06,1.4401841582559801582e-09,2.0166619843582561825e-11,1.9722012251355221184e-14,2.2889511387483199888e-16,2.2889511387483199888e-16,5.5981348784138191326e-06,2.3666430075675041575e-09,1.8299791698599318359e-11,2.5690897104901200638e-14,3.1652839239130782476e-30,2.5271771562567010856e-55
0.020000000000000000416,2.3639269304268223585e-05,1.1525891477012784218e-08,3.2265619250775809755e-10,6.312545212890481008e-13,5.118214812801544859e-16,5.118214812801544859e-16,2.239253951365527653e-05,1.893314406054003326e-08,2.9279666717758909374e-10,8.2210870735683842042e-13,6.482501476173984251e-27,5.299874627598053195e-49
0.02999999999999999889,5.318630093763797046e-05,3.892472028328662182e-08,1.6333461350567860508e-09,4.7947493157519264325e-12,5.5577100489849890964e-16,5.5577100489849890964e-16,5.038321390572437304e-05,6.38993612043225924e-08,1.4822831275865446998e-09,6.2428879964909890982e-12,5.607205512694297119e-25,2.643516566099817795e-45
0.040000000000000000833,9.454830950573048286e-05,9.234834418449174128e-08,5.161738739404815192e-09,2.0211984438508221095e-11,2.2244020453146573788e-16,2.2244020453146573788e-16,8.957015805462110612e-05,1.5146515248432026608e-07,4.6847466748414255e-09,2.6307478635418829454e-11,1.3276163023204319746e-23,1.1114642675016512454e-42
0.050000000000000002776,0.00014772145991485444128,1.8057436259963177819e-07,1.2600517236911260384e-08,6.170936866735032181e-11,2.8321757213735222408e-16,2.8321757213735222408e-16,0.00013995337196034550627,2.958303759459380263e-07,1.1437369811624576472e-08,8.028405345281625773e-11,1.54554879097318311e-22,1.2050519734653009479e-40
0.05999999999999999778,0.00021270082221934647469,3.124679292552336551e-07,2.6124926486156849955e-08,1.5363566124628282482e-10,4.7452316874557240868e-16,4.7452316874557240868e-16,0.00020153285562289749216,5.111948896345807392e-07,2.3716530041384715197e-08,1.9977241588771165114e-10,1.1483556889997920499e-21,5.5438560536293650883e-39
0.07000000000000000666,0.00028948037229295216308,4.970030867984411961e-07,4.8391976931822364492e-08,3.3227915926222486305e-10,4.044286293433506631e-16,4.044286293433506631e-16,0.00027430860904227718578,8.1175855159565399883e-07,4.3937799868336982162e-08,4.3178690764207456869e-10,6.2588005519413116946e-21,1.4115443484329376878e-37
0.080000000000000001665,0.00037805299264285225215,7.432837405746145355e-07,8.2539472422384401225e-08,6.4830879748679610576e-10,4.9689940009799849703e-16,4.9689940009799849703e-16,0.00035828063221848442449,1.2117212198745621287e-06,7.4955946797462808e-08,8.418393163334025425e-10,2.718958187152244684e-20,2.3309095115196229127e-36
0.08999999999999999667,0.00047841047337540592633,1.0605642051072311112e-06,1.3218486170541601407e-07,1.1692444307143251281e-09,8.088543929658123725e-16,8.088543929658123725e-16,0.0004534489251515193167,1.7252827525167101404e-06,1.2006493333451012441e-07,1.5170217831473104252e-09,9.9329963495725657657e-20,2.7652116979385794418e-35
0.10000000000000000555,0.0005905435133078463291,1.4582692627038336275e-06,2.0142391672551797514e-07,1.981960570503136231e-09,8.1065621116648988736e-16,8.1065621116648988736e-16,0.00055981348784138202507,2.3666430075675042105e-06,1.8299791698599322355e-07,2.5690897104901202474e-09,3.1652839239130790093e-19,2.5271771562567028135e-34
0.110000000000000000555,0.00071444172123148291494,1.9460136775977992636e-06,2.9482923327564016206e-07,3.1952276476431573077e-09,1.1409179419037977468e-15,1.1409179419037982398e-15,0.0006773743202880721159,3.1500018430723475506e-06,2.679272502591926323e-07,4.1375446696414425196e-09,9.030924442897814395e-19,1.8701742609719139025e-33
0.11999999999999999556,0.0008500936173178660492,2.533621112313837045e-06,4.1744855926180987333e-07,4.9422958677067672667e-09,1.0260029653035589675e-15,1.0260029653035590661e-15,0.00080613142249158996865,4.0895591170766459137e-06,3.7946448066215544315e-07,6.3927173084067728366e-09,2.3518324510715741183e-18,1.16263088105809302536e-32
0.13000000000000000444,0.000997486634676684916,3.2311423985818954655e-06,5.748029499045781843e-07,7.3835255386276751293e-09,8.513545462090986607e-16,8.5135454620909871e-16,0.00094608479445193558333,5.1995146876258061113e-06,5.226603507036952215e-07,9.538850258770081192e-09,5.6726964843190437614e-18,6.2437583399574352613e-32
0.14000000000000001332,0.0011566071210596294777,4.048873121582199742e-06,7.7288474948861486453e-07,1.0709067841443628288e-08,1.1451030269022942e-15,1.1451030269022941754e-15,0.0010972344361691087431,6.4940684127652319906e-06,7.030047978933917146e-07,1.3817181044546386198e-08,1.28180235303758063505e-17,2.9602230534048321378e-31
0.14999999999999999445,0.0013274403407122329929,4.9973704797258737365e-06,1.0181554005421811795e-06,1.5141599851770290448e-08,1.2793341836420441484e-15,1.278891600469352905e-15,0.0012595803476431093396,7.987420150540323587e-06,9.2642695474159045435e-07,1.9509024989034342124e-08,2.7378933167452619116e-17,1.260526927041920773e-30
0.16000000000000000333,0.0015099704763712969201,6.0874693866606279594e-06,1.3175430859250578091e-06,2.0939118675754162853e-08,1.0042052308896836379e-15,1.0023309901423376771e-15,0.0014331225288739376979,9.693769758996497029e-06,1.199295148759404928e-06,2.693885812266888136e-08,5.568426367287797113e-17,4.8882715439024002305e-30
0.17000000000000001221,0.001704180631412924459,7.3302977920637807056e-06,1.6784401963961159202e-06,2.8397796453252733287e-08,9.776563583096833421e-16,9.753302504562528838e-16,0.0016178609798615940351,1.1627317096179147271e-05,1.5284169024587142486e-06,3.647740009067370385e-08,1.0848028242456676652e-16,1.7460755706655351157e-29
0.17999999999999999334,0.0019100528321432946747,8.737291198094667598e-06,2.1087006329198786202e-06,3.7854900914838436e-08,1.0641172120823026939e-15,1.051657162416338128e-15,0.0018137957006060772668,1.3802262020133681123e-05,1.9210389333521619905e-06,4.8544697060713933606e-08,2.0342776523924614688e-16,5.7990692427552877536e-29
0.19000000000000000222,0.0021275680302374850791,1.0320206355977102655e-05,2.6166369404437720234e-06,4.9691785183549187713e-08,8.155093287654791127e-16,7.651178344679934791e-16,0.002020926691107388911,1.623280438890551048e-05,2.384847153953161801e-06,6.3613204630548743816e-08,3.687247437830049423e-16,1.8049339222979108401e-28
0.2000000000000000111,0.0023567061053273552062,1.20911341315627716405e-05,3.2110172750910068389e-06,6.433694796013406243e-08,7.5979957742507223377e-16,6.924467657410363917e-16,0.0022392539513655281003,1.8933144060540033684e-05,2.9279666717758915768e-06,8.2210870735683847917e-08,6.482501476173985811e-16,5.2998746275980568188e-28
0.20999999999999999223,0.002597445867729773544,1.4062511535391258554e-05,3.9010622072751527553e-06,8.226916874251390003e-08,8.302930492345698624e-16,7.93688832186436885e-16,0.0024687774813804937504,2.1917480893082649074e-05,3.5589617893352936758e-06,1.0492421855702406348e-07,1.1087277413747459128e-15,1.4765252446306985304e-27
0.22000000000000000111,0.0028497650613269734279,1.6247132913653511448e-05,4.6964413594649637466e-06,1.0402071928712841491e-07,1.3834240708969728743e-15,1.0202849428347217754e-15,0.0027094972811522884636,2.5200014744578780405e-05,4.286836004147082117e-06,1.3240142942852616063e-07,1.849533325905472388e-15,3.9220396917457711844e-27
0.23000000000000000999,0.0031136403665866676897,1.8658160303319265384e-05,5.6072698845197496858e-06,1.3018065580727487379e-07,1.6753815270007496954e-15,5.4503863667681519116e-16,0.002961413350680910505,2.8794945473073820934e-05,5.121032008727732416e-06,1.6535542574485109507e-07,3.0159134092724654472e-15,9.975168571108641242e-27
0.23999999999999999112,0.0033890474037322497382,2.1309132957234642365e-05,6.6441047818016492684e-06,1.6139819175549220907e-07,2.609289988846411667e-15,3.7679245073068730215e-16,0.0032245256899663598746,3.271647293661316731e-05,6.0714316905944870905e-06,2.0456695386901673077e-07,4.8165528597945837943e-15,2.4382136774727419043e-26
0.25,0.003675960736053456284,2.4213976052234754876e-05,7.817941054703067194e-06,1.9838615347208608357e-07,3.937135291006918601e-15,7.8403656665738107657e-16,0.0034988342990086370062,3.697879699324224667e-05,7.1483561322653590492e-06,2.508876670400507347e-07,7.546624955923741371e-15,5.746135585142609793e-26
0.26000000000000000888,0.0039743538733636794673,2.7387008588527357556e-05,9.14020771074332094e-06,2.419245233260330739e-07,6.108834793691057529e-15,6.3983976889451542483e-16,0.0037843391778077423333,4.159611750100644889e-05,8.362565611259123544e-06,3.0524320828064259815e-07,1.1617682399885401623e-14,1.3094110290158415273e-25
0.27000000000000001776,0.0042841992756025570888,3.0842950500943422485e-05,1.0622763606517075155e-05,2.9286406681241150357e-07,9.662062479393576797e-15,5.6371052811776555074e-16,0.0040810403263636749888,4.658263431795118078e-05,9.725259600095322406e-06,3.6863629330479665045e-07,1.7596005043377333076e-14,2.892509104150494545e-25
0.28000000000000002665,0.004605468356579711653,3.459692899514725005e-05,1.2277893138966590056e-05,3.5213005078972763464e-07,1.4258455873853266152e-14,5.7302126820604114427e-16,0.0043889377446764349724,5.1952547302121855925e-05,1.12480767662942674335e-05,4.4214979342548435833e-07,2.6251312190209651406e-14,6.2080376968940505274e-25
0.28999999999999998002,0.0049381314878633618057,3.8664484136318723014e-05,1.4118301784569658147e-05,4.2072604863643865972e-07,2.1432237114712002937e-14,5.6582691035766845505e-16,0.0047080314327460218507,5.7720056311563833706e-05,1.2943094972377021756e-05,5.269498184622967838e-07,3.8618077424933131655e-14,1.2971602839282202953e-24
0.2999999999999999889,0.005282158002811239428,4.3061573705444197783e-05,1.6157111488059435478e-05,4.997378371664523922e-07,3.1321340711696709768e-14,9.618221861444743414e-16,0.0050383213905724373582,6.3899361204322588695e-05,1.48228312758654472695e-05,6.24288799649098948e-07,5.607205512694296395e-14,2.643516566099818233e-24
0.30999999999999999778,0.00563751620074347563,4.7804577350179619142e-05,1.8407855906692253246e-05,5.9033738344969187e-07,4.5447813093576047547e-14,6.503952342398255757e-16,0.0053798076181556806277,7.050466183844350738e-05,1.6900241929282140262e-05,7.355085725416791128e-07,8.042504345130705296e-14,5.2629744024856975413e-24
0.32000000000000000666,0.0060041733512596704575,5.2910300054772417132e-05,2.0884475504104138235e-05,6.937869239910189423e-07,6.4896969816927588264e-14,8.109306593693321081e-16,0.0057324901154957507918,7.7550158071971976234e-05,1.9188722380150478847e-05,8.6204345992540420354e-07,1.1404137200205408487e-13,1.0251448444838006448e-23
0.33000000000000001554,0.0063820956986947283314,5.8395974953828860393e-05,2.3601312504475721786e-05,8.114431345142592243e-07,9.199883284224691681e-14,4.9990322633700022376e-16,0.006096368882592649585,8.50500497629533953e-05,2.1702107270994607717e-05,1.0054233547228707846e-06,1.5998011722860198354e-13,1.9562683320925735191e-23
0.34000000000000002442,0.0067712484667183884396,6.427926551542670813e-05,2.6573105703637199797e-05,9.447613921855180208e-07,1.2904941228599097722e-13,5.5304325857591882424e-16,0.0064714439194463761404,9.301853676943317817e-05,2.4454670439339427977e-05,1.1672768029015585232e-06,2.2216761840551273783e-13,3.661785875172368299e-23
0.3500000000000000333,0.007171595863071655603,7.0578267122702857564e-05,2.9814985141541750608e-05,1.0953001287061866762e-06,1.79237478412396679e-13,5.4005768187112264195e-16,0.0068577152260569295902,0.00010146981894945675197,2.7461124917710612396e-05,1.3493340863814830181e-06,3.0560549570025936218e-13,6.7307679578444358735e-23
0.35999999999999998668,0.007583101084448904544,7.731150807388205773e-05,3.3342466638467545238e-05,1.2647252761870471486e-06,2.4649173765060862847e-13,7.0838207941479522787e-16,0.0072551828024243090673,0.000110418096161069448987,3.073662293363459185e-05,1.5534303059428458754e-06,4.1662006320997610881e-13,1.2161529660582737223e-22
0.36999999999999999556,0.008005726321513069975,8.44979500337103185e-05,3.7171446198510838432e-05,1.4548148018265382841e-06,3.365581673566226237e-13,6.826361632794370109e-16,0.007663846648548518041,0.000119877568262316764117,3.4296755909638599366e-05,1.7815084641336927249e-06,5.631597879993731101e-13,2.1620806631772747112e-22
0.38000000000000000444,0.008439432764055247206,9.215698795815138782e-05,4.131819427842007585e-05,1.6674633342751596068e-06,4.5571844477644759534e-13,1.0484760400354152228e-15,0.008083706764429555644,0.00012986243511124408384,3.8157554463250588817e-05,2.0356225481775598021e-06,7.5514827526759412183e-13,3.785220785014908314e-22
0.39000000000000001332,0.008884180606289478893,0.00010030844951931841807,4.5799349931317744463e-05,1.9046868778184559529e-06,6.123236801810914182e-13,1.1218429436059465687e-15,0.0085147631500674201416,0.00014038689656589676755,4.2335488406999312837e-05,2.3179406128811296354e-06,1.0049011641076658637e-12,6.531191755013172268e-22
0.4000000000000000222,0.0093399290522862494016,0.00010897259405431612776,5.063191482083699018e-05,2.1686276168907115694e-06,8.168980741787501394e-13,1.2775992909658459149e-15,0.008957015805462112401,0.00015146515248432026947,4.684746674841426523e-05,2.6307478635418831333e-06,1.3276163023204322941e-12,1.1114642675016520054e-21
0.41000000000000003109,0.009806636321543614303,0.00011817011106208140847,5.5833247115244413994e-05,2.461558805424662966e-06,1.0822478323893801217e-12,1.1483896618867965982e-15,0.0094104647306136324225,0.00016311140272455996254,5.17108376900257284e-05,2.976449738855752096e-06,1.7419476369540926162e-12,1.8667952120616198778e-21
0.41999999999999998446,0.0102842596546945455604,0.00012792211827471630062,6.142105525734686876e-05,2.7858897421758702293e-06,1.4244754268614668631e-12,1.210611867752068297e-15,0.009875109925521975002,0.0001753398471446611926,5.6943388629364698813e-05,3.3575749938247700313e-06,2.2706744143354796293e-12,3.0964978698277586845e-21
0.42999999999999999334,0.010772755319351235738,0.00013825015932120622456,6.741339161870180211e-05,3.1441708319369409087e-06,1.8634218417588060277e-12,1.1541168092504739073e-15,0.010350951390187150547,0.00018816468560266952229,6.2563346158963042856e-05,3.7767787826647318662e-06,2.9414785341413281062e-12,5.0754348149520952964e-21
0.44000000000000000222,0.011272078616082067785,0.00014917620100817517508,7.382864603943285216e-05,3.5390987271252294415e-06,2.423107852094909554e-12,1.2854972598921767005e-15,0.010837989124609153854,0.00020160011795663024324,6.858937606635331387e-05,4.23684574171283714e-06,3.7878442514544074507e-12,8.225113383624027531e-21
0.4500000000000000111,0.0117821838845264502404,0.0001607226302370709834,8.0685539254848258296e-05,3.973521551856837019e-06,3.133296295556204069e-12,1.6156232696857268522e-15,0.011336223128787984923,0.00021566034406458880969,7.504058333406883347e-05,4.740693072335346751e-06,4.8500958738147319155e-12,1.31855568787507195955e-20
0.46000000000000001998,0.012303024509641230337,0.00017291225058132393395,8.800311621345616674e-05,4.450444202749388077e-06,4.0295910726682640983e-12,1.6717285986365454881e-15,0.01184565340272364202,0.00023035956378459056747,8.1936512139643718653e-05,5.2913736238352350423e-06,6.176590662190009236e-12,2.0919444719237629198e-20
0.47000000000000002887,0.012834552928082326208,0.0001857682785348868605,9.58007392907199551e-05,4.973033729088264569e-06,5.155327231710361375e-12,1.9094269335356808956e-15,0.012366279946416128613,0.00024571197697468097083,8.9297145855612847904e-05,5.892078976359845703e-06,7.825085820859001118e-12,3.2861751248666448553e-20
0.47999999999999998224,0.013376720634717061825,0.00019931433945896132986,0.00010409808139788939696,5.544624785261541587e-06,6.5627207025004237397e-12,2.1267444543495397202e-15,0.012898102759865439498,0.00026173178349290533848,9.714290704951179345e-05,6.5461425238085353847e-06,9.864300256859307611e-12,5.11330469013931563e-20
0.48999999999999999112,0.013929478189269216097,0.0002135744632371069159,0.00011291511899526158699,6.1687251570739510624e-06,8.314450445952842992e-12,2.2286854862821891303e-15,0.013441121843071578146,0.00027843318319730923308,0.00010549465748387703808,7.2570425567403439983e-06,1.2375693710456700986e-11,7.884122577873492835e-20
0.5,0.014492775223095142462,0.00022857307965925504451,0.00012227212500612083578,6.849021356459040139e-06,1.0485883224828837419e-11,2.020890664930188242e-15,0.013995337196034548025,0.00029583037594593797337,0.00011437369811624574479,8.028405345281623511e-06,1.5455487909731822327e-11,1.2050519734652994412e-19
0.5100000000000000089,0.015066560446090454181,0.00024433501354785089484,0.00013218966163926978454,7.5893842851147020066e-06,1.3165394105341677386e-11,2.043915808147354597e-15,0.014560748818754343931,0.00031393756159683698648,0.00012380176909915579738,8.864008222033709089e-06,1.9216956590664717684e-11,1.8264567188291260223e-19
0.52000000000000001776,0.015650781653724089512,0.0002608854796401196207,0.00014268857312435372087,8.3938749622055535364e-06,1.6459613085030926197e-11,2.1835458578062562237e-15,0.015137356711230969333,0.00033276894000805159112,0.00013380104978014597671,9.767782664980563141e-06,2.3793013554965302525e-11,2.7460339583226300907e-19
0.53000000000000002665,0.016245385734204149941,0.00027825007724204214952,0.00015378997835995602541,9.266750314672825289e-06,2.0494065040258146207e-11,2.0987687050796772388e-15,0.015725160873464420763,0.00035233871103762726866,0.00014439415870175570313,1.0743817380396430367e-05,2.9339130417414524627e-11,4.09665082575829738e-19
0.54000000000000003553,0.016850318675769930879,0.00029645478466518523529,0.00016551526347843461661,1.0212469026112670768e-05,2.5416460326286155096e-11,2.1689261998673149932e-15,0.016324161305454699955,0.00037266107454360944623,0.0001556041536015251585,1.17963613857534928145e-05,3.603661832883677814e-11,6.066031252787417936e-19
0.5500000000000000444,0.017465525574108908824,0.00031552595345954193582,0.00017788607433627134805,1.123569744258764572e-05,3.140158100437307544e-11,1.6904366764465893828e-15,0.016934358007201805174,0.00039375023038404355098,0.00016745453141199544882,1.2929827092629512221e-05,4.409631075633702378e-11,8.917685799464783847e-19
0.5600000000000000533,0.018090950639904132893,0.00033549030245098770465,0.00019092430892778403312,1.2341315533072403764e-05,3.865340642343532137e-11,2.027360320528251943e-15,0.01755575097870573989,0.0004156203784169748474,0.00017996922826070827894,1.4148793389615499467e-05,5.376268736554936608e-11,1.3019198672116751852e-18
0.57000000000000006217,0.018726537206502538724,0.00035637491159922282538,0.00020465210972633666434,1.3534422898983628248e-05,4.7411746234958841028e-11,1.9396840573132573507e-15,0.018188340219966504102,0.00043828571850044887107,0.00019317261947020619652,1.5458008725223353535e-05,6.531848218692803553e-11,1.8880246335312344853e-18
0.57999999999999996003,0.01937222773771068128,0.0003782072156812390151,0.00021909185596119557925,1.48203448317765893485e-05,5.795489763431932052e-11,1.8827839941079453091e-15,0.018832125730984087403,0.00046176045049251066964,0.0002070895195580323481,1.6862394190793497081e-05,7.908982256626305363e-11,2.7203422837606350487e-18
0.5899999999999999689,0.020027963835711445548,0.0004010149978096843172,0.00023426615583024361616,1.6204638416482022151e-05,7.0608505812477495286e-11,1.8476991406400731447e-15,0.01948710751175850367,0.0004860587742512063208,0.00022174518223673110248,1.8367046603402613646e-05,9.545194890544477541e-11,3.8951835882621887253e-18
0.5999999999999999778,0.020693686249105301689,0.00042482638280138924837,0.00025019783865324558077,1.7693098673812002002e-05,8.574877852718738182e-11,2.2426524694830342203e-15,0.020153285562289749433,0.00051119488963458070956,0.00023716530041384715631,1.9977241588771166335e-05,1.1483556889997919017e-10,5.543856053629366007e-18
0.6099999999999999867,0.021369334881069386098,0.00044966983039327915682,0.00026690994697028220736,1.9291764743100988562e-05,1.03812718009500944816e-10,2.5699282439443422462e-15,0.020830659882577821224,0.00053718299650067958834,0.00025337600619192607613,2.1698436664171155366e-05,1.3773390388195595364e-10,7.8444450014816017445e-18
0.61999999999999999556,0.022054848797641898872,0.00047557412832581206423,0.00028442572858815865161,2.1006926097572562617e-05,1.2530434187218928175e-10,2.3419018096660393066e-15,0.021519230472622722511,0.000564037294707548059,0.0002704038708685142442,2.353627432133373161e-05,1.6471048898827684446e-10,1.103725729412168557e-17
0.63000000000000000444,0.022750166236121742436,0.00050256838528874551867,0.00030276862858154101037,2.2845128794736122534e-05,1.5080452558932192598e-10,2.3468639736069168152e-15,0.022218997332424449825,0.00059177198411323171136,0.00028827590493615883136,2.54965851093568508e-05,1.9640779320131222122e-10,1.5444975571983101037e-17
0.6400000000000000133,0.023455224613588565585,0.000530682023749059074,0.00032196228124834301988,2.4813181750149777396e-05,1.8098135722335013233e-10,2.4173901860597588836e-15,0.022929960461983003167,0.00062040126457577580987,0.00030701955808240766156,2.7585390717612934513e-05,2.3355672986020676582e-10,2.1498845608988914899e-17
0.6500000000000000222,0.024169960535539046151,0.0005599447726545258002,0.00034203050202923963473,2.6918163040149061508e-05,2.166022154793903392e-10,1.9721220344201693025e-15,0.023652119861298389475,0.0006499393359532257275,0.00032666271918980950995,2.9808907058656504044e-05,2.7698713302339081694e-10,2.977255983332364631e-17
0.6600000000000000311,0.024894309804640342085,0.0005903866600279362043,0.00036299727939107052162,2.9167426224386102906e-05,2.5854432552075491704e-10,2.0864331129532821342e-15,0.02438547553037059834,0.0006804003981036271624,0.00034723371633591372347,3.2173547351131865106e-05,3.2763928008417686229e-10,4.1025920451846047408e-17
0.67000000000000003997,0.025628207429597654396,0.0006220380054565733947,0.00038488676667887519907,3.156860668548693301e-05,3.0781088512250320792e-10,2.2876353170781228958e-15,0.025130027469199640172,0.0007117986508850252707,0.00036876131679327049185,3.468592520268072815e-05,3.8657654630946303446e-10,5.626088298976200281e-17
0.68000000000000004885,0.026371587634136313058,0.00065492941247679447745,0.00040772327394543900507,3.4129627985644203625e-05,3.6554689834040167568e-10,2.5410710381043801642e-15,0.025885775677785504562,0.00074414829415546542533,0.00039127472702943084763,3.735285769284987274e-05,4.5499928249449008708e-10,7.679321571689482523e-17
0.69000000000000005773,0.027124383866098188134,0.0006890917608665071887,0.00043153125975463815377,3.6858708229627123803e-05,4.3305365924877215776e-10,2.2394807202120970128e-15,0.026652720156128198448,0.00077746352777299332446,0.00041480359270694639514,4.018136845599883225e-05,5.342600127123896626e-10,1.0434378651326129322e-16
0.7000000000000000666,0.027886528806646047537,0.00072455619884173155234,0.00045633532297368380876,3.976436644269100101e-05,5.118110460583544491e-10,2.1471664307015211767e-15,0.027430860904227718361,0.00081175855159565401577,0.00043937799868336979833,4.317869076420745658e-05,6.2588005519413117374e-10,1.4115443484329374381e-16
0.70999999999999996447,0.028657954379581674492,0.0007613541351723729714,0.0004821601945474835696,4.285542894443522381e-05,6.034966633361682458e-10,2.2310097809932464616e-15,0.028220197922084060832,0.00084704756548149265534,0.00046502846901125396767,4.6352270610183654467e-05,7.315676757107635967e-10,1.901345364950720321e-16
0.71999999999999997335,0.029438591760773440836,0.00079951723121118108313,0.000509030729265848986,4.6141035728666042384e-05,7.100100038159312092e-10,2.2360091160238668902e-15,0.02902073120969723627,0.0008833447692885555919,0.0004917859669381534696,4.9709769790171068012e-05,8.5323788945403107085e-10,2.5504576250750408533e-16
0.72999999999999998224,0.030228371387689243963,0.0008390773928462167959,0.0005369718975319275967,4.963064683870311138e-05,8.334972149421615853e-10,2.1974681101042212802e-15,0.029832460767067237734,0.0009206643628748874394,0.0005196818949066227917,5.325906898685660491e-05,9.93034034332061702e-10,3.4073421821349219439e-16
0.7399999999999999911,0.031027222969038694908,0.0008800667623805403573,0.0005660087771249509847,5.3334048734064701036e-05,9.76380214400667548e-10,2.1681150778549440346e-15,0.030655386594194072164,0.00095902054609853411293,0.00054874809455421758985,5.7008270852278167197e-05,1.1533512458227161295e-09,4.534211786943548015e-16
0.75,0.03183507549452056773,0.00092251771033842396323,0.00059616654497429564163,5.726136065087047172e-05,1.1413861791130849193e-09,2.5587558412287531641e-15,0.03148950869107773609,0.0009984275188175406601,0.00057901684671349403725,6.0965703090732325782e-05,1.3368619710670230379e-09,6.0106607772918779735e-16
0.7600000000000000089,0.032651857244672715525,0.0009664628272083732692,0.00062747046894167214995,6.142304094530949164e-05,1.3315837189937551476e-09,2.5725293680408409951e-15,0.032334827057718222576,0.0010388994808899526708,0.00061052087141200942107,6.513992154168191367e-05,1.5465436677480327615e-09,7.9381833397355850006e-16
0.77000000000000001776,0.033477495800828864503,0.0010119349151212718701,0.00065994589961750955336,6.5829893419931381825e-05,1.5504154625894665203e-09,2.4698327665245364503e-15,0.033191341694115535088,0.0010804506321738151925,0.0006432933278723214918,6.953971326266372081e-05,1.7857088414954230525e-09,1.0445780985808751763e-15
0.78000000000000002665,0.03431191805517346677,0.0010589669794677625909,0.00069361826214095229515,7.049307363155170639e-05,1.801742561369867295e-09,2.5245351860416875482e-15,0.034059052600269680566,0.0011230951725271741404,0.0006773678145119890054,7.417409961219614833e-05,2.058037584092499689e-09,1.3696901851409384248e-15
0.79000000000000003553,0.035155050220897647584,0.001107592220460519865,0.00072851304804160874583,7.542409517445992169e-05,2.0898882198627974528e-09,2.6751129516249878493e-15,0.034937959776180652072,0.0011668473018080745621,0.0007127783689435711811,7.905233933268681528e-05,2.3676127836492477201e-09,1.7898004145043684929e-15
0.8000000000000000444,0.036006817842455619144,0.0011578440246424818441,0.0007646558071136424031,8.0634835931852947807e-05,2.4196838404643725854e-09,3.2747176522062200343e-15,0.035828063221848449604,0.0012117212198745621558,0.00074955946797462824367,8.418393163334026027e-05,2.7189581871522453384e-09,2.3309095115196245063e-15
0.8100000000000000533,0.03686714580591745477,0.0012097559563466679482,0.00080207213932098072413,8.613754430097846711e-05,2.7965234072110595118e-09,3.705122054587506574e-15,0.036729362937273073164,0.0012577311265846819691,0.0007877460276077212064,8.957861927306556859e-05,3.1170795054191641812e-09,3.0256666872307289586e-15
0.82000000000000006217,0.037735958349418886187,0.0012633617491052411171,0.0008407876867460019831,9.1944845379211206525e-05,3.2264189470632974671e-09,4.6155168420098983533e-15,0.03764185892245452969,0.0013048912217964797004,0.0008273734030404116544,9.524639164338406707e-05,3.567508760481981678e-09,3.91495331256545025e-15
0.83000000000000007105,0.038613179073703617072,0.0013186952970153278508,0.0008808281255819596571,9.806974711639929046e-05,3.7160649595184115766e-09,6.0000085673866340896e-15,0.038565551177392805304,0.001353215705368000614,0.0008684773886652619613,0.00010119748785133689695,4.0763520858087803663e-09,5.049816849885884425e-15
0.8399999999999999689,0.039498730952763762975,0.0013757906460675988327,0.0009222191581702586299,0.00010452564641849014629,4.272902502943696714e-09,7.112034003558911451e-15,0.039500439702087900007,0.0014027187771572895408,0.000911094218069835181,0.000107442399802392641,4.650341200559062281e-09,6.4938267007050237807e-15
0.8499999999999999778,0.040392536344566021267,0.0014346819854264351553,0.00096498650510271771503,0.00011132633521468232406,4.9051947665289595315e-09,8.907706521378860604e-15,0.040446524496539841553,0.0014534146370223930463,0.0009552605640366959149,0.00011399187528335528942,5.2968887902620430463e-09,8.325937131240517183e-15
0.8599999999999999867,0.041294517001874090495,0.0014954036386847051332,0.001009155897371359265,0.000118486006467022172886,5.6221054351617925668e-09,1.1451963055102702847e-14,0.041403805560748602188,0.0015053174848213561783,0.0010010135385434086857,0.00012085692104527141972,6.0241480379214399615e-09,1.0643958273046416555e-14
0.86999999999999999556,0.042204594083153988693,0.0015579900550779302634,0.0010547530685910823205,0.00012601926013282932699,6.4337845175640382545e-09,1.3968175302693963708e-14,0.04237228289471419579,0.0015584415204122237675,0.001048390692762538913,0.00012804880588633817617,6.841076561594634748e-09,1.3568754730792967107e-14
0.88000000000000000444,0.043122688163572311243,0.0016224758006706421591,0.0011018037472906305752,0.00013394110907107782313,7.351460572765385992e-09,1.74568688318034033e-14,0.043351956498436615417,0.0016128009436530419459,0.0010974300170616530219,0.00013557906373481078848,7.757505026978626459e-09,1.7249312982693896585e-14
0.8900000000000000133,0.04404871924607652728,0.0016888955495118875352,0.001150333649277358785,0.00014226698488954671806,8.387542252961472922e-09,2.1925972713369933616e-14,0.044342826371915861072,0.0016684099544018557611,0.001148169941003317901,0.0001434594967319102667,8.7842107164710970714e-09,2.1868844009426672318e-14
0.9000000000000000222,0.04498260677256094714,0.0017572840747699942487,0.0012003684700813092162,0.00015101274372640029978,9.5557238073143074816e-09,2.7490034681799183338e-14,0.045344892515151939694,0.0017252827525167104775,0.0012006493333451013356,0.00015170217831473109603,9.932996349572570963e-09,2.7652116979385829101e-14
0.9100000000000000311,0.045924269635114201016,0.0018276762398392953175,0.0012519338774874477164,0.00016019467197198839306,1.0871104841203999303e-08,3.4725895420735424786e-14,0.046358154928144837403,0.0017834335378556515767,0.0012549075020395722251,0.00016031945629914876907,1.1216774463366125832e-08,3.4874253971187364948e-14
0.92000000000000003997,0.046873626187349179406,0.0019001069894277497312,0.001305055504156167178,0.00016982949191662148072,1.2350313333437094959e-08,4.3564440018077708422e-14,0.04738261361089456808,0.0018428765102767245398,0.0013109841942342994985,0.00016932395596272752135,1.2649657676165138915e-08,4.3871255331838632548e-14
0.93000000000000004885,0.04783059425581109858,0.0019746113406294959949,0.0013597589403401979342,0.00017993436732864399885,1.4011642428262822781e-08,5.5009785907292316578e-14,0.04841826856340113172,0.0019036258696379748483,0.0013689195962718538491,0.00017872858312762809397,1.4247055172268698347e-08,5.5052571148348341914e-14
0.94000000000000005773,0.048795091151462997164,0.002051224373975129656,0.0014160697267031882368,0.00019052690895623406332,1.5875195386549870486e-08,6.8770866929347359754e-14,0.04946511978566451445,0.0019656958157974477666,0.0014287543336898055665,0.0001885465272435150625,1.602577576111923429e-08,6.8916087354643339915e-14
0.9500000000000000666,0.049767033681248355054,0.0021299812244763665064,0.0014740133472425487717,0.00020162517995131510153,1.7963041467428663336e-08,8.5781225315827773273e-14,0.05052316727768472321,0.002029100548613188993,0.0014905294712207264873,0.0001987912644704648978,1.8004137880029550096e-08,8.6065956225295697664e-14
0.95999999999999996447,0.050746338159726282757,0.0022109170726531553706,0.0015336152223265166802,0.00021324770121045126233,2.0299385560699245357e-08,1.06790841435739045265e-13,0.051592411039461757993,0.0020938542679432427078,0.0015542865127921886952,0.00020947656076187313231,2.0202086926047861987e-08,1.07233771575350460524e-13
0.96999999999999997335,0.05173292042078146344,0.002294067135556376565,0.0015949007018455931516,0.00022541345663327004665,2.2910745500544494038e-08,1.3323968623394071691e-13,0.052672851070995625744,0.002159971173645656127,0.0016200674015267662546,0.00022061647494736277321,2.2641320319471681312e-08,1.3330367019117139623e-13
0.97999999999999998224,0.05272669582940122529,0.0023794666577859815027,0.0016578950584855405709,0.00023814189828834881138,2.582614871332084399e-08,1.6530139618543723111e-13,0.053764487372286312583,0.0022274654655784738647,0.0016879145197420326093,0.00023222536181569100795,2.534542071901532362e-08,1.6534203432432551246e-13
0.9899999999999999911,0.05372757929352648884,0.0024671509024980474174,0.001722623481131631989,0.00025145295149368672829,2.9077335172824721911e-08,2.0498710021468521121e-13,0.054867319943333839327,0.002296351343599741402,0.0017578706889505627507,0.00024431787519765753606,2.8339997826695143587e-08,2.046325771353199544e-13
1.0,0.054735485275965511248,0.002557155142420114739,0.0017891110683988428178,0.00026536701979975812842,3.2698982817198701236e-08,2.5417525571180281184e-13,0.0559813487841381921,0.002366643007567503787,0.0018299791698599319166,0.00025690897104901195235,3.1652839239130772127e-08,2.5271771562566996538e-13
1.0100000000000000089,0.055750327806374372352,0.0026495146508617262258,0.0018573828223057812798,0.00027990498987514334244,3.6728941483079570996e-08,3.1401505915679727126e-13,0.057106573894699370897,0.0024383546573398069343,0.0019042836623727162418,0.00027001391053336153657,3.5314070821184086065e-08,3.1144727592009367772e-13
1.0200000000000000178,0.05677202049330257877,0.002744264692728492572,0.0019274636420885539034,0.0002950882362952273266,4.120848763278173419e-08,3.8682245426899367915e-13,0.058242995275017375723,0.0025115004927746958918,0.0019808283055864927581,0.00028364826310507869084,3.9356327097681341816e-08,3.830357360805939296e-13
1.0300000000000000266,0.057800476536298158597,0.0028414405155438556341,0.0019993783181635577887,0.0003109386262256636879,4.6182594568085602294e-08,4.754413010087778923e-13,0.059390612925092206575,0.0025860947137302157071,0.002059657677793840045,0.0002978279095922088649,4.3814932179400615808e-08,4.7012939455325820037e-13
1.0400000000000000355,0.05883560873807292327,0.0029410773404787613448,0.0020731515262445057279,0.00032747852400169234917,5.1700221832525093356e-08,5.830237862044415821e-13,0.060549426844923877333,0.002662151520064412729,0.0021408167964823356273,0.0003125690452793780205,4.872809176056893957e-08,5.75885060776422034e-13
1.0500000000000000444,0.05987732951672722348,0.0030432103533914306708,0.0021488078216148843915,0.00034473079559821037405,5.781462102719581936e-08,7.138626302904002153e-13,0.06171943703451236024,0.002739685111635332005,0.0022243511183345594448,0.00032788818299070031283,5.413709674681381001e-08,7.0406210166487741647e-13
1.0600000000000000533,0.060925550918028079095,0.0031478746958785756242,0.0022263716335710426273,0.00036271881299097054373,6.458366657237478879e-08,8.729002870402458169e-13,0.06290064349385768305,0.0028187096883010181493,0.00231030653922809125,0.00034380215617268577175,6.0086539094864946437e-08,8.591299472540664867e-13
1.0700000000000000622,0.06198018462774380205,0.003255105456345464346,0.0023058672600258702662,0.00038146645839981472583,7.207020457861595033e-08,1.0654215728256541985e-12,0.064093046222959818015,0.0028992394499195179441,0.0023987293942355114758,0.0003603281219771479831,6.662454046831727868e-08,1.0463934647802729284e-12
1.0800000000000000711,0.06304114198402795827,0.0033649376610878788032,0.0023873188622952179038,0.0004009981284209260591,8.034242341138063377e-08,1.297204919299684012e-12,0.06529664522181879982,0.0029812885963488755699,0.002489666457624402536,0.00037748356434411177007,7.380299433745772163e-08,1.2721389573845639099e-12
1.0900000000000000799,0.06410833398985722048,0.0034774062653990616117,0.0024707504600577237606,0.00042133873803795754095,8.9474253849620436636e-08,1.5769910577329845201e-12,0.066511440490434600714,0.0030648713274471373752,0.0025831649428573470913,0.00039528629708472049495,8.167782217554023434e-08,1.5438039364603147457e-12
1.1000000000000000888,0.06518167132551294651,0.003592546144696620418,0.0025561859265011202796,0.00044251372451060334997,9.954578370658720551e-08,1.9132970787056801494e-12,0.067737432028807220696,0.0031500018430723484078,0.0026792725025919271811,0.00041375446696414439106,9.03092444289782247e-08,1.8701742609719170375e-12
1.1100000000000000977,0.06626106436111190573,0.0037103920856705722726,0.0026436489836609384715,0.00046454905114240088856,1.1064371130259154721e-07,2.318128495619227324e-12,0.068974619836936673645,0.0032366943430825532817,0.0027780372286807272601,0.00043290655678448759346,9.97620669647250698e-08,2.2616127390210814038e-12
1.1200000000000001066,0.06734642316917929111,0.0038309787774653846805,0.002733163197950154357,0.0004874712109187046298,1.2286181712371152091e-07,2.8036387624137519307e-12,0.07022300391482295956,0.0033249630273357987792,0.002879507652171332463,0.00045276138846769598293,1.1010598372464510173e-07,2.730323853362699038e-12
1.1300000000000001155,0.068437657537264669216,0.003954340802884373767,0.0028247519758907546194,0.00051130723002153357455,1.3630146842862519503e-07,3.3841470724004259936e-12,0.07148258426246607844,0.003414822095690129948,0.0029837327433063273036,0.00047333812613846508411,1.2141589634395252488e-07,3.290659911046155338e-12
1.1400000000000001243,0.069534676980597960594,0.0040805126296264222947,0.0029184385600507175857,0.000536084671208689851,1.5107215252068376544e-07,4.078824490388827262e-12,0.07275336087986601641,0.0035062857480035909685,0.0030907619115232991443,0.00049465627920714731313,1.3377225151882861677e-07,3.9594746362592954632e-12
1.1500000000000001332,0.070637390754781086144,0.0042095286015595401695,0.0030142460251897228597,0.00056183163706336364555,1.6729204636609005669e-07,4.907892525574628241e-12,0.074035333767022773466,0.0035993681841342281894,0.0032006450054548338593,0.00051673570545265987575,1.4726139693713223039e-07,4.756531034044578524e-12
1.1599999999999999201,0.07174570786851824228,0.0043414229300258863273,0.0031121972746197398493,0.00058857677310803776334,1.8508861303304084576e-07,5.8959278507033517874e-12,0.07532850292393634961,0.0036940836039400853572,0.0033134323129285175695,0.0005395966141053919066,1.6197595661570673383e-07,5.7049712610731833137e-12
1.1699999999999999289,0.07285953709637683212,0.004476229685187564644,0.0032123150367870236064,0.0006163492707804154279,2.0459924015443863217e-07,7.0717959563920934186e-12,0.07663286835060675872,0.0037904462072792118564,0.0034291745609669431472,0.00056325956893011415623,1.780152265181804478e-07,6.8318572593959089946e-12
1.1799999999999999378,0.073978786991582314025,0.004613982787411305842,0.0033146218620761754362,0.0006451788702717657794,2.2597190981081394504e-07,8.468925174488714316e-12,0.07794843004703401468,0.0038884701940096505664,0.0035479229157876976397,0.00058774549130888363666,1.9548559135835090004e-07,8.16879205249122561e-12
1.1899999999999999467,0.07510336589883972319,0.004754715998697030526,0.0034191401198452229214,0.0006750958632243633144,2.4936591088777851637e-07,1.01268029685091082065e-11,0.07927518801321808972,0.0039881697639894469684,0.0036697289828033713768,0.00061307566332395265797,2.1450096352628848422e-07,9.7526328837209206274e-12
1.1999999999999999556,0.07623318196718438522,0.0048984629141488687104,0.0035258919956939415406,0.00070613109528406761565,2.7495258942294761667e-07,1.20905944173007727085e-11,0.08061314224915899773,0.0040895591170766456765,0.003794644806621554501,0.00063927173084067732273,2.3518324510715738147e-07,1.162630881058093218e-11
1.2099999999999999645,0.07736814316285583332,0.005045256953495097247,0.0036348994889712413475,0.0007383159685125906778,3.0291614352273590138e-07,1.4414125144926871538e-11,0.08196229275485672483,0.0041926524531292943404,0.0039227228710448387022,0.00066635570659042385206,2.5766281399648892541e-07,1.3839756970510440329e-11
1.2199999999999999734,0.078508157282194714066,0.00519513135265543477,0.0037461844105261938274,0.0007716824436478602993,3.3345446053858583702e-07,1.7158854059195792367e-11,0.083322639530311284894,0.0042974639720054367067,0.004054016099070817218,0.0006943499732534769717,2.8207903515024579306e-07,1.6450993523747144062e-11
1.2299999999999999822,0.07965313196455927475,0.0053481191553606355175,0.003859768380706450272,0.00080626304222432070793,3.6678000446050340543e-07,2.0397978969814837013e-11,0.08469418257552266405,0.0044040078735631173895,0.0041885778528920822317,0.00072327728654194743067,3.085807980435063756e-07,1.9527337275833792722e-11
1.2399999999999999911,0.08080297470526206366,0.005504253204827951225,0.0039756728276063449737,0.0008420908485339851377,4.031207436383710604e-07,2.421320780453731661e-11,0.086076921890490890044,0.004512298357660384472,0.004326461933896227907,0.0007531607782826794115,3.3732708144799097745e-07,2.3146806208881881137e-11
1.25,0.081957592868520126594,0.0056635661354865981555,0.004093918985576440548,0.0008791995114450819196,4.4272113936161145342e-07,2.87024178318009085e-11,0.08747085747521592125,0.004622349624155280834,0.004467722582665849089,0.0007840239595001585911,3.6848754667596392802e-07,2.7399709630692527696e-11
1.2600000000000000089,0.083116893700418553736,0.0058260903647663225303,0.004214527893990338385,0.0009176232460631094561,4.858431791282270296e-07,3.3977116292046032782e-11,0.0888759893296977993,0.004734175872905853691,0.0046124144789785413018,0.0008158907234994192256,4.0224316047628742905e-07,3.2390461410735504305e-11
1.2700000000000000178,0.084280784341886447186,0.00599185808494237266,0.0043375203962770642052,0.0009573968352430033482,5.327674715417913468e-07,4.016754550819198669e-11,0.09029231745393649644,0.0048477913037701467897,0.0047605927418069007503,0.0008487853489489525366,4.3878684880759422117e-07,3.8239642840709741527e-11
1.2800000000000000266,0.085449171841680909845,0.006160901255046978206,0.004462917139222275908,0.0009985556309405194857,5.8379439228187664215e-07,4.742227325069161821e-11,0.09171984184793201267,0.004963210116606206479,0.004912312929318522585,0.0008827325029636139044,4.783241827537034564e-07,4.5086347066582320858e-11
1.2900000000000000355,0.08662196316937843116,0.006333251592839837796,0.004590738572543538211,0.0010411355554098086383,6.392452946125826304e-07,5.5914608155354081535e-11,0.09315856251168437574,0.00508044651127207824,0.00506763103887600784,0.0009177572441875300616,5.210740978875340715e-07,5.309084082320191378e-11
1.3000000000000000444,0.08779906522836823657,0.006508940566848214152,0.0047210049487417219023,0.0010851731022482573189,6.994637826101506006e-07,6.584328077266372546e-11,0.0946084794451935579,0.00519951468762580582,0.0052266035070369521592,0.0009538850258770081294,5.672696484319043931e-07,6.2437583399574351505e-11
1.3100000000000000533,0.08898038486884872478,0.006687999388476114585,0.004853736323231245143,0.0011307053372736779228,7.6481704641094964815e-07,7.743568130431519873e-11,0.09606959264845955915,0.0053204288455254373016,0.0053892872095539562025,0.0009911416989834417272,6.171587976087412238e-07,7.333864741389565528e-11
1.3200000000000000622,0.090165828900824328274,0.0068704590041811807767,0.0049889525547579111064,0.001177769899251428806,8.356972673832688408e-07,9.095537551597569253e-11,0.09754190212148239336,0.0054432031848290172993,0.0055557394613746195755,0.0010295535152362196834,6.7100524561239421396e-07,8.6037591127429842014e-11
1.3300000000000000711,0.09135530410709575416,0.007056350087727329169,0.0051266733061019124744,0.0012264050004551927059,9.1252309496819076145e-07,1.0670354913151215704e-10,0.09902540786426206054,0.005567851905394590427,0.0057260180166415425643,0.0010691471302256331209,7.2908929668795906103e-07,1.00813837724311847124e-10
1.3400000000000000799,0.092548717256249773966,0.0072457030325087041014,0.0052669180450722781484,0.0012766494270695132518,9.957411936340401412e-07,1.2502738290961137827e-10,0.10052010987679856069,0.0056943892070802021657,0.0059001810686923278695,0.0011099496064857833008,7.9170876684178029457e-07,1.1798762328374536372e-10
1.3500000000000000888,0.093745975115634740116,0.007438547943956240645,0.0054097060457949262477,0.0013285425394298597691,1.0858278712662140204e-06,1.4632115684385874528e-10,0.102026008159091866045,0.005822829289743897997,0.0060782872500595771376,0.0011519884165774895747,8.5917993375865873404e-07,1.379255821299788749e-10
1.3600000000000000977,0.09494698446433265382,0.007634914632014240879,0.0055550563903017349983,0.0013821242720999497595,1.1832907819058588336e-06,1.7103987045521196746e-10,0.103543102711142018246,0.0059531863532437234027,0.006260395632470893562,0.0011952914461711959277,9.3183853054871569834e-07,1.6104704592711741652e-10
1.3700000000000001066,0.09615165210611122115,0.007834832603706740756,0.0057029879704145365615,0.0014374351337879765021,1.2886707162459039492e-06,1.9970222583713567075e-10,0.105071393532948989535,0.006085474597437724731,0.00644656572684888015,0.0012398869971298809908,1.0100407849964226613e-06,1.878311413590111122e-10
1.3800000000000001155,0.09735988488236666655,0.0080383310557798860405,0.005853519489935492086,0.0014945162070959927937,1.4025434731544442386e-06,2.3289968934051529666e-10,0.10661088062451279379,0.0062197082221839465957,0.0066368574833111423222,0.001285803790591962632,1.094164506034974029e-06,2.188247805738589476e-10
1.3900000000000001243,0.098571589685044772033,0.008245438867433803505,0.006006669467143383942,0.0015534091481097351498,1.5255218244754332574e-06,2.713089996398508693e-10,0.108161563985833417134,0.0063559014273404336112,0.006831331291170286181,0.0013330709700542073184,1.1846102192209989078e-06,2.546516488598819724e-10
1.4000000000000001332,0.09978667346954292472,0.008456184593137066642,0.006162456237596256655,0.0016141561858216090224,1.6582575711467625439e-06,3.1569946107034641038e-10,0.109723443616910873444,0.006494068412765232126,0.0070300479789339167733,0.0013817181044546386105,1.2818023530375806438e-06,2.9602230534048316142e-10
1.4099999999999999201,0.10100504326759011248,0.00867059645553400031,0.006320897957245890861,0.0016768001213887541835,1.80144369377444616e-06,3.6694828072135208059e-10,0.111296519517745121086,0.0066342233783163850197,0.0072330688143046372243,0.0014317751912554417537,1.3861904779077076478e-06,3.4374552493017644096e-10
1.4199999999999999289,0.10222660620010046162,0.008888702338438341649,0.006482012605863271982,0.0017413843272292738517,1.9558166055629435687e-06,4.2605417109906700379e-10,0.11288079168833624333,0.0067763805238519412427,0.0074404555041800634826,0.001483272659525876943,1.498250599855643846e-06,3.9874102347971330226e-10
1.4299999999999999378,0.10345126948999854716,0.00911052977992290753,0.006645817990782525945,0.0018079527459521969705,2.1221585082040485757e-06,4.9415027094283344675e-10,0.11447626012868417078,0.0069205540492299462765,0.0076522701946527991665,0.0015362413730251795775,1.6184865108102113944e-06,4.6205372307231355774e-10
1.4399999999999999467,0.10467894047501510868,0.009336105965499871817,0.0068123317509543291313,0.0018765498891245122222,2.3012998535730543069e-06,5.725248645532313385e-10,0.11608292483878894508,0.007066758154308444735,0.007868575471010455513,0.0015907126332854741764,1.7474311976018556331e-06,5.3486973093413720755e-10
1.4499999999999999556,0.10590952662044986199,0.009565457721402495332,0.006981571361324288849,0.0019472208358703007583,2.4941219184650743104e-06,6.626385749892276885e-10,0.11770078581865055234,0.0072150070389454812325,0.008089434357735640971,0.0016467181826946781023,1.8856483117643140537e-06,6.1853422352229171033e-10
1.4599999999999999645,0.10714293553189763175,0.009798611507956894902,0.007153554137525700799,0.0020200112313122852402,2.7015594926473001588e-06,7.6614688198066137855e-10,0.119329843068268950934,0.0073653149029990995153,0.0083149103185059646676,0.0017042902075794113571,2.0337337023120623657e-06,7.1457144719486158244e-10
1.4699999999999999734,0.108379074967937229224,0.010035593413063407034,0.007328297240893049541,0.0020949672848412747954,2.924603690886311309e-06,8.849231554500577767e-10,0.12097009658764421025,0.0075176959463273494016,0.008545067256194041616,0.0017634613412879035586,2.1923170137262730983e-06,8.247070686030360975e-10
1.4799999999999999822,0.109617852852781021145,0.010276429145768076548,0.0075058176837988713898,0.0021721357682307400414,3.1643048796104424e-06,1.0210893481427190006e-09,0.122621546376776288656,0.0076721643687882729035,0.008779969512867481438,0.0018242646672729013503,2.3620633514449226332e-06,9.508931317412235607e-10
1.4899999999999999911,0.11085917728887825784,0.0105211440299489561445,0.00768613233530855049,0.0022515640135813827158,3.4217757416746858708e-06,1.1770423352841712415e-09,0.12428419243566520003,0.007828734370239915502,0.009019681869788897036,0.0018867337221745768966,2.5436750172168664812e-06,1.0953359046259899979e-09
1.5,0.11210295656947437404,0.010769762998098284142,0.007869257927160604529,0.0023332999111090246477,3.6981944666324009969e-06,1.3554892799545477054e-09,0.12595803476431094436,0.007987420150540325281,0.009264269547415904596,0.001950902498903434425,2.7378933167452631817e-06,1.2605269270419216476e-09
1.5100000000000000089,0.11334909919112173826,0.011022310585216599579,0.008055211060066986596,0.002417391906767085534,3.9948080804204895407e-06,1.5594842664270102725e-09,0.12764307336271349391,0.008148235909547545119,0.0095137982054011183825,0.0020168054497232182874,2.9455004421126156974e-06,1.4492776019002944743e-09
1.5200000000000000178,0.11459751386613888091,0.011278810922812253052,0.008244008210336874372,0.0025038889997075718368,4.31293591570001024e-06,1.7924715056386379219e-09,0.1293393082308728903,0.008311195847119621366,0.009768333942592150737,0.0020844774893338212374,3.1673214315479710956e-06,1.6647577067293161555e-09
1.5300000000000000266,0.11584810953501786107,0.011539287733012972871,0.008435665736820010564,0.0025928407395885012376,4.653973229106867199e-06,2.0583290514843819907e-09,0.13104673936878910578,0.008476314163114598635,0.0100279432970316207535,0.00215395399795419119,3.4042262091664831046e-06,1.9105382388945119047e-09
1.5400000000000000355,0.11710079537877115391,0.011803764322785392608,0.0086301998881739882055,0.002684297223713527289,5.019394969739389487e-06,2.3614237846785587579e-09,0.13276536677646214035,0.00864360505739052154,0.010292693245957143869,0.002225270824405239066,3.6571317073826264115e-06,2.1906390485950795377e-09
1.5500000000000000444,0.118355480831224858795,0.012072263578274598957,0.00882762681044848424,0.0027783090940203141773,5.4107597034002323586e-06,2.7066654418392469235e-09,0.13449519045389202176,0.008813082729805439899,0.010562651205801338802,0.0022984642891927475027,3.9270040747708533525e-06,2.5095817577770715437e-09
1.5600000000000000533,0.119612075591247438155,0.012344807959249796958,0.009027962554991430036,0.00287492753390795365,5.8297136961666037394e-06,3.0995707109192345837e-09,0.13623621040107872227,0.008984761380217393123,0.010837885032191824086,0.0023735711875902767466,4.214860972221439363e-06,2.8724485111486892995e-09
1.5700000000000000622,0.1208704896349137789,0.012621419493673113714,0.00923122308667060059,0.0029742042649107778163,6.2779951692619737575e-06,3.5463346515459413477e-09,0.13798842661802224185,0.009158655208484431029,0.011118463019951218065,0.0024506287927220735817,4.521773960314697346e-06,3.284947157801108754e-09
1.5800000000000000711,0.12213063322760538132,0.012902119772381625759,0.009437424292410561723,0.0030761915432170087396,6.7574387205396999004e-06,4.053906111911998574e-09,0.13975183910472260829,0.0093347784144645964965,0.011404453903097138898,0.0025296748586459780889,4.8488709809136593308e-06,3.7534835188786653935e-09
1.5900000000000000799,0.1233924169360394868,0.013186929943891621993,0.009646581990043666399,0.0031809421560356650454,7.269979926180997901e-06,4.6300756883840723074e-09,0.14152644786117976605,0.009513145198015937609,0.011695926854842209758,0.0026107476234363325741,5.1973389360537306707e-06,4.2852414586793398436e-09
1.6000000000000000888,0.12465575164022475729,0.013475870709319614366,0.009858711937473666441,0.0032885094178101007597,7.817660123202938931e-06,5.283570762239263386e-09,0.14331225288739379842,0.009693769758996497246,0.011992951487594051899,0.0026938858122668883285,5.568426367287798453e-06,4.8882715439024035727e-09
1.6100000000000000977,0.12592054854534569241,0.013768962317431575858,0.010073829842144292959,0.0033989471662832905583,8.402631382210111967e-06,6.0241578664539327886e-09,0.14510925418336462211,0.009876666297264321756,0.012295597852955288121,0.0027791286404937128214,5.963446238726751475e-06,5.571589148926294674e-09
1.6200000000000001066,0.12718671919356745736,0.014066224559806894852,0.0102919513708153217285,0.0035123097584135376178,9.0271616738258689125e-06,6.8627620374288376686e-09,0.14691745174909229266,0.010061849012677455753,0.012603936441723539302,0.0028665158167380981949,6.383778827098448243e-06,6.345282944459297697e-09
1.6300000000000001155,0.12845417547576164219,0.014367676766137744623,0.010513092159637934739,0.0036286520661457152132,9.693640233383469997e-06,7.811592634026915647e-09,0.14873684558457678229,0.010249332105093945586,0.012918038183891431339,0.0029560875459694693247,6.8308747222328287084e-06,7.220634793154720601e-09
1.6400000000000001243,0.12972282964315086373,0.0146733377996425256445,0.010737267824530948718,0.0037480294720364424298,1.04045831348005489415e-05,8.884285135870293758e-09,0.15056743568981811876,0.010439129774371837603,0.01323797444864658647,0.0030478845325882901462,7.3062579414670984765e-06,8.2102521693532591225e-09
1.6500000000000001332,0.13099259431886461913,0.014983226052615225207,0.010964493971848777304,0.003870497864738248325,1.1162639074697871015e-05,1.0096055386112555025e-08,0.15240922206481627432,0.0106312562203691764184,0.013563817044371631951,0.0031419479835089717153,7.811529161552834572e-06,9.32821432157790761e-09
1.6600000000000001421,0.13226338250941332975,0.015297359442102564583,0.011194786209336596641,0.0039961136343413033653,1.1970595374844310321e-05,1.1463872926037666373e-08,0.15426220470957122122,0.010825725642944004912,0.013895638218644191381,0.0032383196112427807024,8.34836907173638219e-06,1.0590233506371882293e-08
1.6699999999999999289,0.13353510761606622592,0.0156157554057033340356,0.011428160157374279114,0.004124933667578733077,1.2831384211656394722e-05,1.3006647955156876091e-08,0.1561263836240829872,0.011022552241954365962,0.014233510658236888172,0.0033370416369807431173,8.918541851775094986e-06,1.2013832741190858707e-08
1.6799999999999999378,0.1348076834461400253,0.015938430897510099185,0.011664631460493551235,0.0042570153428951660983,1.374808907382892782e-05,1.4745438265472942512e-08,0.15800175880835160003,0.011221750217258316326,0.014577507489117362896,0.003438156793676564512,9.523898778744959551e-06,1.3618541653036942032e-08
1.6899999999999999467,0.13608102422419225686,0.016265402384172423025,0.0119042157991744428774,0.004392416525381762516,1.4723951461839905987e-05,1.6703676477804308613e-08,0.1598883302623770597,0.011423333768713895414,0.014927702276448235122,0.0035417083291295185267,1.0166381966589516079e-05,1.5426112139100099265e-08
1.6999999999999999556,0.13735504460311377672,0.016596685841099986444,0.0121469289019008669026,0.0045311955615809705426,1.5762377829677928746e-05,1.8907422433403932912e-08,0.16178609798615936621,0.011627317096179144371,0.015284169024587134639,0.0036477400090673692615,1.0848028242456664159e-05,1.7460755706655313092e-08
1.7099999999999999645,0.13862965967512513865,0.01693229674879498381,0.012392786557484583056,0.004673411274160366429,1.6866946778878831722e-05,2.1385635094538672229e-08,0.16369506197969846406,0.011833714399512114748,0.015646982177086692783,0.0037562961202292723985,1.157097316396772752e-05,1.9749404522701295535e-08
1.7199999999999999734,0.13990478498266371854,0.01727225008932343521,0.012641804627637704371,0.004819122956464234539,1.8041416511603277232e-05,2.417047383684591785e-08,0.16561522224299440875,0.0120425398785708494265,0.016016216616694538971,0.003867421473448685431,1.2337455181663109041e-05,2.2321998380235838571e-08
1.7299999999999999822,0.14118033652917293119,0.017616560342922265095,0.012893999059791361704,0.00496839036693790502,1.9289732549463410412e-05,2.7297629969117577611e-08,0.16754657877604720029,0.0122538077332133912845,0.016391947665353307634,0.003981161406736274423,1.314981995097061635e-05,2.521179997861621333e-08
1.7399999999999999911,0.14245623078977552589,0.017965241484740837596,0.013149385900155400285,0.005121273723434151097,2.0616035725384211129e-05,3.080668608349530498e-08,0.16948913157885678316,0.01246753216329779014,0.016774251084200622608,0.0040975617883628216373,1.4010524798145811964e-05,2.8455741121191932554e-08
1.75,0.14373238472184145242,0.018318306981720607063,0.01340798130700649772,0.005277833697403624437,2.2024670456264704353e-05,3.4741513292777270362e-08,0.17144288065142321287,0.012683727368682090608,0.01716320307356912836,0.004216669019942132293,1.4922143344739209392e-05,3.2094802655431858166e-08
1.7600000000000000089,0.14500871577544037494,0.01867576978961664122,0.0136698015641983630294,0.0054381314079671627844,2.3520193302923850557e-05,3.915070469503683144e-08,0.17340782599374646167,0.012902407549224335567,0.017558880272986448351,0.0043385300395139452315,1.5887370295252226988e-05,3.617443122028247061e-08
1.7700000000000000178,0.14628514190367802872,0.019037642350158489463,0.0139348630948816923705,0.0056022284158788000427,2.5107381825267196526e-05,4.4088046494673308295e-08,0.17538396760582655731,0.013123586904782573101,0.017961359761175226674,0.0044631923246268362035,1.6909026392752838052e-05,4.074499612375147119e-08
1.7800000000000000266,0.14756158157291478228,0.019403936588347318881,0.014203182475431301926,0.005770186717382432603,2.6791243743100389706e-05,4.9613038518187666468e-08,0.17737130548766344429,0.0133472796352148460886,0.018370719056053086415,0.0045907038954211285345,1.7990063547332806802e-05,4.5862289952057164706e-08
1.7900000000000000355,0.14883795377286634931,0.01977466390989703754,0.01447477644956388608,0.00594206873796162844,2.857702640505134556e-05,5.5791457989509421024e-08,0.17936983963925717811,0.013573499940379200879,0.018787036114732674763,0.004721113317711801184,1.9133570142401336463e-05,5.158807681155274501e-08
1.8000000000000000444,0.15011417802657234244,0.020149835198819836951,0.014749661942636791388,0.006117937325988468799,3.0470226578238653799e-05,6.269597631160471379e-08,0.18137957006060775877,0.01380226202013368382,0.019210389333521621369,0.004854469706071395073,2.0342776523924625332e-05,5.799069242755295027e-08
1.8100000000000000533,0.15139017440025193117,0.020529460815148413422,0.015027856076119644468,0.006297855746276634012,3.247660056614091472e-05,7.0406834268384496766e-08,0.18340049675171513077,0.014033580074336339527,0.019640857547922569576,0.0049908227269129185402,2.1621060677837725697e-05,6.5145700671784666186e-08
1.8200000000000000622,0.15266586351302015301,0.020913550592807809286,0.015309376182228230309,0.0064818876735381644565,3.4602174659398267435e-05,7.9012573559154222284e-08,0.18543261971257934961,0.014267468302845212613,0.020078520032633155601,0.00513022260157276061,2.2971954100973825705e-05,7.3136611464183524775e-08
1.8300000000000000711,0.15394116654647915787,0.021302113837625112625,0.015594239818701564199,0.0066700971857503975337,3.685325593275493318e-05,8.861083950115437219e-08,0.1874759389432004153,0.014503940905518349427,0.020523456501546015474,0.0052727201093935921125,2.4399147870976867957e-05,8.2055665397005526356e-08
1.8400000000000000799,0.15521600525417766914,0.02169515932548830156,0.015882464783718366896,0.0068625487574388650998,3.9236443392832519008e-05,9.930925026626093546e-08,0.18953045444357827232,0.014743012082213796318,0.020975747107748791975,0.0054183665908072806833,2.5906498920786204498e-05,9.2004690861676051925e-08
1.8500000000000000888,0.15649030197092887728,0.022092695300646218726,0.016174069130938188363,0.007059307252875207661,4.1758639487650691622e-05,1.1122634666843511458e-07,0.19159616621371297618,0.0149846960327895979,0.0214354724435241277,0.005567213950417791886,2.7498036523406911677e-05,1.0309603992353808275e-07
1.8600000000000000977,0.15776397962199871505,0.022494729474156774374,0.016469071184647406797,0.0072604379191962831186,4.442706198583239779e-05,1.244926258229058934e-07,0.19367307425360452688,0.015229006957103798786,0.021902713540349661586,0.005719314660084099007,2.9177968992806294215e-05,1.1545360968890102194e-07
1.8700000000000001066,0.15903696173214687537,0.022901269022478342244,0.01676748955500622501,0.0074660063794507029213,4.7249256232987814618e-05,1.3925165898483097892e-07,0.19576117856325286892,0.0154759590550144470605,0.022377551868898032383,0.0058747217620030911175,3.0950690606906243083e-05,1.2921395644488156356e-07
1.8800000000000001155,0.16030917243453156329,0.023312320586209699796,0.017069343153375469285,0.0076760786255749618653,5.0233107797233147106e-05,1.5566131556415741178e-07,0.1978604791426580578,0.015725566526379582133,0.022860069339036889063,0.006033488871792482,3.2820788758772191825e-05,1.4452751042796498959e-07
1.8900000000000001243,0.1615805364794641319,0.023727890268974451832,0.017374651207711191633,0.007890721011303015661,5.3386855509754743476e-05,1.7389508541075160805e-07,0.19997097599182003802,0.015977843571057259026,0.023350348299828870002,0.006195670181573717343,3.4793051342232877857e-05,1.6155989969465037307e-07
1.9000000000000001332,0.16285097924302163741,0.024147983636451330475,0.017683433278011676318,0.0081100002450155165776,5.6719104912757087854e-05,1.9414351855670363627e-07,0.20209266911073889283,0.016232804388905511944,0.023848471539531623797,0.0063613204630548767296,3.6872474378300518596e-05,1.8049339222979132295e-07
1.9100000000000001421,0.16412042673550622518,0.02457260571555622275,0.01799570927180254784,0.0083339833825308313325,6.0238842119524715717e-05,2.1661578388905048567e-07,0.20422555849941456674,0.016490463179782394176,0.024354522285597798859,0.006530495070613592107,3.906426988889882449e-05,2.0152846613828696894e-07
1.9199999999999999289,0.16538880560975610656,0.025001760993763957885,0.01831149945963984893,0.008562737819844912397,6.395544810152332829e-05,2.415413633361068279e-07,0.20636964415784703197,0.016750834143545941662,0.024868584204675019123,0.006703249944379940234,4.137387402454602135e-05,2.2488551852678936899e-07
1.9299999999999999378,0.16665604316930372752,0.025435453418584316743,0.018630824490620001913,0.00879633128582481532,6.7878713409078729306e-05,2.6917188599561526104e-07,0.20852492608603634405,0.017013931480054214629,0.02539074140260596038,0.0068796416133193758966,4.3806955452782762417e-05,2.508067244974277565e-07
1.9399999999999999467,0.1679220673763723165,0.025873686397181910532,0.018953705407878008657,0.009034831834856803592,7.2018853333670984857e-05,2.9978311478771083105e-07,0.21069140428398250298,0.017279769389165249016,0.025921078424428260073,0.0070597271983156087427,4.6369424014278003328e-05,2.7955805854875547595e-07
1.9499999999999999556,0.16918680685972274647,0.026316462796142067737,0.019280163664052728939,0.009278307839460002773,7.63865235264440354e-05,3.3367709919546465068e-07,0.21286907875168545323,0.017548362070737094642,0.026459680254374562391,0.007243564415253527823,4.9067439653694584214e-05,3.114314916140158103e-07
1.9599999999999999645,0.17045019092233515412,0.026763784941390427949,0.019610221136707611106,0.00952682798286505917,8.099283607724317737e-05,3.711845039545075004e-07,0.21505794948914525033,0.017819723724627790917,0.027006632315872521749,0.0074312115781021122543,5.1907421632543382774e-05,3.467473779673278971e-07
1.9699999999999999734,0.17171214954892904947,0.02721565461825058499,0.019943900143686540613,0.0097804612515677760015,8.584937607050668987e-05,4.1266712947821914852e-07,0.21725801649636192203,0.01809386855069538766,0.027562020471544788902,0.007622727601997326269,5.489605803140755095e-05,3.8585704729881763032e-07
1.9799999999999999822,0.17297261341332255402,0.027672073071657995666,0.020281223458382348704,0.010039276927858440877,9.09682186204207715e-05,4.585206346212310656e-07,0.21946927977333535731,0.018370810748797931217,0.028125931023209004012,0.007818172006325041154,5.8040315549071654067e-05,4.2914561840449051302e-07
1.9899999999999999911,0.17423151388562248265,0.028133041006517693627,0.020622214324903534455,0.010303344582333991662,9.636194640214685111e-05,5.0917748125061458127e-07,0.22169173932006566718,0.018650564518793464469,0.028698450711877827868,0.008017604917803929435,6.1347449606246527666e-05,4.77035052160539888e-07
2.0,0.17548878303924717037,0.028598558588206804063,0.020966896473123334405,0.010572734066401842656,0.00010204366768730338045,5.6511011290357821176e-07,0.2239253951365527684,0.018933144060540030296,0.029279666717758910666,0.008221087073568382475,6.4825014761739821315e-05,5.2998746275980501924e-07
2.010000000000000231,0.17674435365778061457,0.029068625443226751154,0.021315294133580270364,0.010847515504776287891,0.00010802703489458594674,6.268343916665896265e-07,0.2261702472227967442,0.019218563573895685453,0.02986966666025491629,0.00842867982425141854,6.8480875449082484496e-05,5.885087075855657234e-07
2.0200000000000000178,0.17799815924165451886,0.029543240660004087966,0.021667432052221189537,0.011127759287973113325,0.00011432626366054409752,6.9491329603910641134e-07,0.22842629557879748359,0.019506837258718455475,0.030468538597963459869,0.00864044513706756917,7.232321704178500826e-05,6.531522775903762964e-07
2.0300000000000002487,0.17925013401465514362,0.030022402789830367892,0.022023335504962656545,0.011413536064813847165,0.000120956152455562089294,7.6996092358623415667e-07,0.23069354020455512533,0.019797979314866410994,0.031076371028677253483,0.008856445598895831481,7.636055725556502348e-05,7.245235116412086621e-07
2.0400000000000000355,0.18050021293025707292,0.030506109847955967598,0.02238303031204665755,0.011704916734938037616,0.00012793210273637083704,8.526467932404524989e-07,0.23297198110006950289,0.020092003942197567135,0.03169325288938388413,0.009076744419362518107,8.060175789605138804e-05,8.0328415999288972063e-07
2.0499999999999998224,0.18174833167777940113,0.030994359314826596188,0.02274654285217657737,0.012001972441335125204,0.00013527013966364548716,9.43700492044437358e-07,0.2352616182653407273,0.020388925340569984124,0.03231927355626605658,0.00930140543392421644,8.505603696064890386e-05,8.901573238666598142e-07
2.0600000000000000533,0.18299442668836096715,0.031487148137461468816,0.023113900076405109393,0.012304774562899746006,0.00014298693338494537319,1.0439166701539707744e-06,0.2375624517003688263,0.020688757709841725657,0.03295452284470144072,0.009530493106950683677,8.9732981103412461175e-05,9.859328000461545414e-07
2.0699999999999998401,0.18423843514075648187,0.031984472730984914862,0.023485129521761998611,0.012613394707016442782,0.00015109982089654144127,1.154160424722973864e-06,0.23987448140515371664,0.020991515249870810328,0.033599091009262643803,0.0097640725348077071766,9.464255847196152618e-05,1.0914728614671373678e-06
2.080000000000000071,0.18548029496695199458,0.032486328980290461732,0.023860259324586931967,0.012927904702181572914,0.00015962682850132602237,1.2753730933313244691e-06,0.24219770737969550933,0.021297212160515301832,0.034253068743717370037,0.010002209448940096656,9.979513192564518824e-05,1.2077185069773950214e-06
2.0899999999999998579,0.18671994485759414728,0.032992712241859286498,0.02423931823355913659,0.013248376590667066549,0.00016858669486295337883,1.4085784832545048468e-06,0.24453212962399398234,0.021605862641633229171,0.034916547181028233238,0.010244970218954502911,0.000105201472644341983715,1.335696215787475636e-06
2.1000000000000000888,0.18795732426723468778,0.033503617345714664655,0.024622335622394063773,0.013574882621235773682,0.00017799889468005347095,1.5548895661315238708e-06,0.24687774813804944096,0.02191748089308265604,0.035589617893352951117,0.010492421855702410011,0.0001108727741374746829,1.4765252446307010037e-06
2.1099999999999998757,0.18919237341938979768,0.034019038597521148587,0.025009341502186553663,0.0139074952419085823285,0.0001878836629813451873,1.7155156816152890225e-06,0.24923456292186163541,0.022232081114721604503,0.0362723728920441163,0.010744632014362960962,0.00011682066666299326541,1.631425508310328257e-06
2.1200000000000001066,0.19042503331140792078,0.03453896978082761013,0.025400366533378996095,0.014246287092799411224,0.00019826202006231664237,1.8917702594293711041e-06,0.2516025739754307322,0.022549677506408145194,0.03696490462764946,0.011001668997525944696,0.0001230572320662834103,1.8017260871437600408e-06
2.1299999999999998934,0.19165524571915137919,0.035063404159445765024,0.025795442037333667432,0.014591330999015515724,0.00020915579706842918892,2.085079128061372454e-06,0.25398178129875653708,0.022870284268000303646,0.03766730598991157447,0.011263601758274626938,0.00012959501904913464697,1.9888744078271473066e-06
2.1400000000000001243,0.19288295320148489409,0.035592334479971361044,0.026194600007482055082,0.014942699963638528607,0.00022058766224332581804,2.2969894187360338685e-06,0.25637218489183927206,0.023193915599356143553,0.038379670307768183612,0.011530499903268735459,0.00013644705887911378673,2.1944461474508789323e-06
2.1499999999999999112,0.19410809910457171856,0.036125752974450125315,0.026597873120035319533,0.0153004671607849494774,0.00023258114784552557774,2.5291791199281990592e-06,0.25877378475467877061,0.02352058570033368698,0.039102091349351900118,0.011802433695827285742,0.00014362688154986950331,2.4201559138069595915e-06
2.1600000000000001421,0.19533062756597795173,0.036663651363167952535,0.027005294744228774961,0.015664705928763077852,0.00024516067775948922848,2.7834673265857596695e-06,0.26118658088727519928,0.023850308770791004559,0.039834663321990440576,0.012079474059011576642,0.0001511485324031134139,2.6678687587569529728e-06
2.169999999999999929,0.19655048351857942746,0.037206020857595192147,0.027416898952080938703,0.016035489763323180698,0.0002583515957945971232,3.0618252203361984543e-06,0.263610573289628336,0.024183099010586118355,0.040577480872206417306,0.012361692578708000437,0.00015902658922320637796,2.939612585284577239e-06
2.1800000000000001599,0.19776761269427495238,0.037752852163454180684,0.027832720527642197325,0.0164128923110180968,0.00027218019470584136092,3.3663878335247448364e-06,0.26604576196173840286,0.024518970619577099002,0.04133063908571755346,0.0126491615067110558385,0.00016727617981550639992,3.2375915129556219895e-06
2.1899999999999999467,0.19898196162750202143,0.038304135483927404665,0.028252794975715991854,0.016796987362675269359,0.0002866737459309687784,3.6994666501140386365e-06,0.26849214690360517777,0.024857937797621965093,0.042094233487436440166,0.012941953763806154573,0.00017591300007982168239,3.5642002708612034177e-06
2.2000000000000001776,0.20019347765855426136,0.038859860523000337024,0.028677158530023108204,0.017187848846989499732,0.00030186053006791587058,4.063563090635448443e-06,0.27094972811522888279,0.025200014744578787262,0.042868360041470834898,0.013240142942852620514,0.00018495333259054740419,3.922039691745777759e-06
2.2099999999999999645,0.2014021089366984929,0.039420016488935668425,0.029105848160796211552,0.017585550824248485577,0.00031776986810096087988,4.4613829408320312737e-06,0.27341850559660935138,0.025545215660305584104,0.04365311515112332147,0.013543803311866508404,0.00019441406569525643061,4.3139333859313573873e-06
2.2200000000000001954,0.20260780442309429816,0.039984592097880179012,0.0295389015817762602,0.017990167480191240554,0.0003344321533903983504,4.8958517865798019034e-06,0.27589847934774669458,0.025893554744660426253,0.044448595658891636162,0.013853009817103602991,0.00020431271314375694294,4.742945678863538908e-06
2.2299999999999999822,0.20381051389351276248,0.04055357557759867171,0.029976357256594211506,0.018401773120016251886,0.0003518788844374629856,5.3701315129771439947e-06,0.27838964936864080135,0.02624504619750134271,0.045254898846468390172,0.014167838086142230808,0.00021466743425982515799,5.2124009016367189487e-06
2.2400000000000002132,0.20501018794085081043,0.041126954671345864606,0.030418254404512392805,0.018820442162539693237,0.0003701426984418379018,5.887637932344512573e-06,0.28089201565929183824,0.026599704218686390234,0.046072122434741319408,0.014488364430966271454,0.00022549705466807316834,5.725904129727291013e-06
2.25,0.20620677797744701998,0.041704716641853843695,0.030864633005512617098,0.019246249134519863994,0.000389257405658479088,6.4520596231878310266e-06,0.2834055782196995832,0.026957543008073597823,0.046900364583793020812,0.014814665851047955497,0.00023682108758860993683,6.2873634713891568847e-06
2.260000000000000231,0.20740023623719211487,0.042286848275458095714,0.031315533804700864534,0.019679268665148009348,0.00040925802457681361075,7.067378037164962352e-06,0.28593033704986431376,0.027318576765521039584,0.047739723892901236857,0.015146820036430882692,0.00024865975571241477095,6.9010140137702667595e-06
2.2700000000000000178,0.20859051577743620287,0.042873335886341727707,0.0317709983160190286,0.020119575480720873484,0.00043018081792603444255,7.737888962831110891e-06,0.28846629214978569689,0.027682819690886723701,0.04859029940053857799,0.015484905370812818148,0.00026103401367054396677,7.5714435418077809326e-06
2.2800000000000002487,0.20977757048069267665,0.043464165320903580536,0.032231068825239215375,0.020567244399503572735,0.00045206332953312759033,8.468225427378762318e-06,0.29101344351946406563,0.028050285984028727748,0.04945219058437278631,0.01582900093462871402,0.00027396557111056100715,8.303620152380453999e-06
2.2900000000000000355,0.21096135505613809735,0.044059321962252137594,0.032695788392220793972,0.021022350326784990104,0.00047494442203321681644,9.263382117999168892e-06,0.29357179115889914245,0.028420989844805070318,0.050325497361266458007,0.016179186508133502204,0.00028747691639378740187,9.102921894056934725e-06
2.3000000000000002665,0.2121418250409063122,0.0446587907348165343,0.033165200852417812266,0.021484968250143421722,0.00049886431546103653795,1.0128741417072283994e-05,0.29614133506809109386,0.028794945473073825515,0.05121032008727734175,0.016535542574485116024,0.00030159134092724680784,9.975168571108655941e-06
2.3100000000000000533,0.21331893680117690326,0.04526255610907784291,0.033639350817610248756,0.021955173234925517978,0.00052386462672987857674,1.10701011454922052625e-05,0.29872207524703980885,0.029172167068693011932,0.052106759557658047233,0.016898150322827286407,0.0003163329641443897119,1.09266558592741083305e-05
2.3199999999999998401,0.21449264753306021558,0.04587060210641715971,0.034118283675854906012,0.02243304041995291924,0.0005499884100161806823,1.20937041175025441616e-05,0.30131401169574539844,0.029552668831520682857,0.053014917006856281112,0.017267091651372541011,0.0003317267591489673909,1.1964191890102148533e-05
2.330000000000000071,0.21566291526327284467,0.046482912304082156518,0.034602045590629931793,0.022918645013459804094,0.0005772801980620791639,1.32062696039582543454e-05,0.30391714441420786263,0.029936464961414908925,0.053934894108514756794,0.017642449170485088872,0.00034779857903664693815,1.3095136470585316433e-05
2.3399999999999998579,0.21682969884961392215,0.047099469840263825243,0.03509068349915624857,0.023412062289277418836,0.00060578604441837043387,1.4415026827873495167e-05,0.3065314734024270349,0.030323569658233694851,0.054866792975471090354,0.018024306205763653,0.00036457518390923355708,1.432744311525664934e-05
2.3500000000000000888,0.21799295798122798884,0.047720257419286010725,0.035584245109894000608,0.023913367583272848033,0.0006355535666357017572,1.5727750597930430798e-05,0.30915699866040319277,0.030713997121835121679,0.05581071615975802258,0.018412746801124514617,0.00038208426859663081367,1.5669704078992094804e-05
2.3599999999999998757,0.21915265317866827743,0.04834525731690781508,0.036082778899183910737,0.024422636290048926888,0.0006666319904244205857,1.7152799206887707676e-05,0.3117937201881360587,0.031107761552077204531,0.056766766652603162235,0.018807855721884276373,0.00040035449110190264328,1.713119859046607877e-05
2.3700000000000001066,0.22030874579375017697,0.048974451385732354486,0.03658633410703634667,0.024939943859924301045,0.00069907219480222238537,1.869915472445461288e-05,0.31444163798562579926,0.031504877148818014043,0.05773504788442926361,0.019209718457842896167,0.00041941550178511326566,1.8721944498591498892e-05
2.3799999999999998934,0.22146119800920215093,0.04960782106072115713,0.037094960732039224116,0.025465365796191021322,0.00073292675823829784177,2.0376465814686108903e-05,0.3171007520528723589,0.031905358111915575747,0.05871566372485394203,0.019618421226366485055,0.00043929797330183881568,2.0452753557361096136e-05
2.3900000000000001243,0.22260997283811012615,0.050245347364816905084,0.037608709525392407247,0.025998977652674464325,0.0007682500058202148597,2.2195093224257791395e-05,0.31977106238987579312,0.03230921864122795334,0.059708718482689944473,0.020034050975470330674,0.00046003363131257133008,2.2335290588346505514e-05
2.3999999999999999112,0.22375503412315692064,0.050887010914663050043,0.038127631984039737217,0.026540855031593538899,0.0008050980574535350617,2.4166158087244856971e-05,0.32245256899663599093,0.032716472936613165412,0.060714316905944872016,0.020456695386901674327,0.00048165528597945831725,2.4382136774727423083e-05
2.4100000000000001421,0.22489634653565622469,0.051532791926431970736,0.038651780342906519317,0.027091073581741651616,0.0008435288771175560138,2.6301593199214541046e-05,0.32514527187315306334,0.033127135197929299948,0.061732564181821499016,0.020886442879222748281,0.00050419686426715702287,2.6606857356174498159e-05
2.419999999999999929,0.22603387557438762989,0.052182670221741753874,0.039181207566217624017,0.027649708996993370078,0.00088360232319242956647,2.861419743013619843e-05,0.32784917101942689932,0.033541219625034354723,0.062763565936717419236,0.021323382610893563266,0.00052769344306480931925,2.9024074010219910958e-05
2.4300000000000001599,0.22716758756422007759,0.052836625233677898122,0.039715967337907061296,0.028216837015152373969,0.0009253801998759363383,3.1117693433685408502e-05,0.3305642664354576099,0.03395874041778641078,0.0638074282362254136,0.021767604483354935363,0.0005521812831464886816,3.1649542222984354794e-05
2.4399999999999999467,0.2282974496545412263,0.053494636012904682454,0.040256114051093416784,0.02879253341714657806,0.0009689263097108311452,3.3826788848749818605e-05,0.33329055812124513958,0.034379711776043493654,0.06486425758513307549,0.022219199144111263095,0.0005776978639877033842,3.4500233970313370663e-05
2.4500000000000001776,0.22942342981747662622,0.054156681233869463643,0.040801702796635561793,0.02937687402659022208,0.0010143065072407331153,3.6757241159878180153e-05,0.33602804607678954385,0.034804147899663663568,0.06593416092742318546,0.022678257989813585538,0.0006042819194558941495,3.7594426049583002975e-05
2.4599999999999999645,0.23054549684591561787,0.054822739201097720613,0.041352789350747393843,0.029969934709714970977,0.0010615887538156267011,3.9925926424391795262e-05,0.3387767303020906562,0.035232062988504939116,0.06701724564627331571,0.023144873169342317781,0.00063197347439310105725,4.0951794422689390075e-05
2.4700000000000001954,0.23166362035132975761,0.055492787855574213923,0.041909430161682713345,0.030571791375691832748,0.0011108431735659346582,4.335091206319147147e-05,0.34153661079714875415,0.03566347124242540828,0.068113619564056288036,0.023619137586890343733,0.00066081388210934249687,4.4593514952122967224e-05
2.4799999999999999822,0.23277777076139875845,0.056166804781210596942,0.04247168233547713237,0.031182519977346521978,0.0011621421105666178333,4.7051533936986482854e-05,0.34430768756196356017,0.036098386861283075777,0.069223390942339646514,0.024101144905045741168,0.0006908458628054855218,4.854237093456905479e-05
2.4900000000000002132,0.23388791931743214969,0.056844767211392942252,0.04303960362075832588,0.03180219651229075281,0.0012155601872144155976,5.1048477909967039174e-05,0.3470899605965352408,0.03653682404493601571,0.070346668481886226454,0.02459098954787486413,0.00072211354294476805954,5.2822867860267181566e-05
2.5,0.23499403807159692514,0.057526652035614640746,0.043613252392612201352,0.03243089702447194897,0.0012711743638363161334,5.536386615587244014e-05,0.349883429900863685,0.03697879699324224667,0.071483561322653585424,0.025088766704005074915,0.0007546624955923741246,5.7461355851426095843e-05
2.510000000000000231,0.23609609988395058311,0.058212435806183113196,0.044192687635519964373,0.033068697606161601144,0.0013290639995562084303,6.002134843295894493e-05,0.35268809547494911483,0.037424319906059849705,0.072634179043794544484,0.025594572329707829944,0.00078853978174285577207,6.2486160259433651005e-05
2.5200000000000000178,0.23719407841927581115,0.058902094745003113346,0.044777968925359432767,0.033715674400392938587,0.0013893109144391789381,6.504619858239072533e-05,0.3555039573187911972,0.037873406983246829527,0.07379863166365666083,0.026108503151981415219,0.0008237939926554366547,6.7927720928446784325e-05
2.5300000000000002487,0.23828794814372571131,0.059595604750435481056,0.04536915641047827713,0.034371903603860262666,0.0014519994529409972501,7.0465416516225729004e-05,0.3583310154323902097,0.03832607242466126024,0.074977029639782755144,0.026630656671634025251,0.0008604752932176442607,7.381874066231255906e-05
2.5400000000000000355,0.2393776843212742228,0.060292941404219736745,0.045966310791848472017,0.035037461470295475086,0.0015172165486829242327,7.630783596814060389e-05,0.36116926981574598576,0.038782330430161174317,0.076169483868910412006,0.027161131166366481171,0.00089863546635795296495,8.0194343462680115864e-05
2.5500000000000002665,0.24046326300998115133,0.060994079978473687148,0.04656949330229813791,0.03571242431433123074,0.0015850517905812768491,8.260423828566762971e-05,0.36401872046885869194,0.039242195199604631983,0.07737610568697241009,0.027700025693855351294,0.00093832795852855153777,8.709224313874860837e-05
2.5600000000000000533,0.24154466105806221554,0.061698995442750870222,0.047178765684845504202,0.03639686851587228475,0.0016555974903526806319,8.938747256892182988e-05,0.36687936739172805067,0.039705680932849651832,0.07859700686909636136,0.028247440094835644941,0.0009796079262795846787,9.455292292337724735e-05
2.5699999999999998401,0.24262185609977850176,0.062407662471165359364,0.047794190170125462613,0.037090870524980498052,0.0017289487514285266151,9.669258246262966392e-05,0.369751210584354284,0.04017280182975428715,0.079832299629605016356,0.028803474996183880963,0.0010225322839466602799,0.000102619826766409756764
2.580000000000000071,0.24369482655113727798,0.063120055449571929596,0.04841582945293460699,0.03779450686729701747,0.0018052035392980077429,0.000104556939913217738624,0.37263425004673750296,0.04064357209017662592,0.08108209662201612544,0.029368231814000961971,0.0010671597524736697784,0.00011133956301405953989
2.5899999999999998579,0.24476355160541184153,0.06383614848280900339,0.049043746667892240687,0.03850785415000536685,0.0018844627533166547666,0.00011302038624661939019,0.37552848577887737447,0.041118005913974645105,0.08234651093904225838,0.029941812756694968778,0.0011135509093933705464,0.000120762121223210946736
2.6000000000000000888,0.24582801122847913744,0.06455591540199297207,0.049678005364247219966,0.039230989068362354805,0.001966830300000678303,0.00012212538088750625497,0.3784339177807742316,0.04159611750100644656,0.08362565611259123455,0.030524320828064260142,0.001161768239988540197,0.00013094110290158415041
2.6099999999999998757,0.24688818615397985223,0.06527932977186236274,0.050318669479825810925,0.03996398841280330433,0.0020524131678441258613,0.00013191715810366205688,0.38135054605242774128,0.04207792105113004194,0.08491964611376563721,0.031115859830380170059,0.0012118761896568041193,0.00014193396700897147121
2.6200000000000001066,0.24794405787830095522,0.06600636489817428981,0.050965803314148926118,0.040706929076642223153,0.0021413215036870157735,0.0001424438921374260726,0.3842783705938382366,0.042563430764203498413,0.08622859535286329924,0.03171653436747013527,0.0012639412175027020264,0.00015380229110134610126
2.6299999999999998934,0.24899560865538498955,0.066736993835147931375,0.05161947150072952739,0.04145988806437691035,0.0022336686906655092277,0.00015375687111456790002,0.38721739140500543996,0.04305266084008483457,0.087552618679376789657,0.03232644984780037173,0.0013180318511808023808,0.0001666120490485858681
2.6400000000000001243,0.25004282149136433655,0.06747118939294683565,0.052279738978569023633,0.042222942500624055517,0.0023295714277806942299,0.00016591068014313648839,0.39016760848592957345,0.043545625478632138394,0.08889183138199391321,0.03294571248755902987,0.0013742187430141833502,0.00018043390630807174804
2.6499999999999999112,0.25108568013903034832,0.068208924145205830636,0.052946670962866832638,0.042996169639690749037,0.002429149811114342597,0.00017896339400747656183,0.3931290218366104705,0.044042338879703400722,0.09024634918859726629,0.03357442931373882944,0.0014325747274128173073,0.00019534353379050683488
2.6600000000000001421,0.2521241690921321721,0.06895017043659264211,0.053620332914971348404,0.04377964687580705727,0.0025325274167329978482,0.0001929767799069110831,0.39610163145704824217,0.044542815243156723415,0.09161628826626468103,0.03421270816722025987,0.001493174879616940157,0.00021142194141121603882
2.669999999999999929,0.25315827357951256604,0.06969490039040630858,0.054300790511579294373,0.0445734517540314866,0.0026398313853141727476,0.00020801651067681526991,0.3990854373472427219,0.04504706876885009731,0.09300176522126872569,0.034860657705854183885,0.0015560965757907046971,0.00022875583247991345564
2.6800000000000001599,0.25418797955907995734,0.070443085916204843666,0.054988109613219971622,0.045377661981850649087,0.0027511925085282027976,0.00022415238896444647173,0.40208043950719424275,0.045555113656641617326,0.09440289709907724591,0.035518387407545065626,0.0016214195544919660433,0.00024743798014475315702
2.6899999999999999467,0.25521327371162705333,0.07119469871746381823,0.0556823562320316566,0.04619235544148399958,0.0028667453172239976914,0.00024145858284236652413,0.40508663793690236066,0.04606696410638928124,0.095819801384352795703,0.036186007573333546505,0.0016892259795442765655,0.0002675676271723856619
2.7000000000000001776,0.2562341434344836688,0.07194971029926069961,0.056383596498868839703,0.047017610202923380835,0.0029866281714468793321,0.00026001387336109562103,0.40810403263636746418,0.046582634317951183978,0.0972525960009532342,0.03686362933047966639,0.0017596005043377330873,0.00028925091041504945744
2.7099999999999999645,0.25725057683502844386,0.072708091975977377774,0.05709189662974392676,0.04785350453771045412,0.0031109833523421937234,0.00027990191455004644083,0.41113262360558927577,0.04710213849118533025,0.09870139931193112892,0.037551364635545488035,0.0018326303375855439604,0.00031260131138839599568
2.7200000000000001954,0.25826256272403921854,0.0734698148790299127,0.057807322891652294927,0.04870011693348461762,0.0032399571559759553652,0.000301211506415602283,0.41417241084456807299,0.04762549082594978722,0.100166330119534296994,0.038249326277478269687,0.0019084053105637697502,0.00033774013446014614429
2.7299999999999999822,0.2592700906089049906,0.07423484996460774643,0.058529941567784550538,0.04955752610931037777,0.003373699989125857144,0.0003240368814755831034,0.41722339435330352275,0.048152705522102587365,0.101647507665205333316,0.03895762788069313809,0.0019870179458619180793,0.00036479701422974491597
2.7400000000000002132,0.26027315068668796516,0.07500316802142811129,0.05925981892216643926,0.0504258110318118076,0.0035123664670848276856,0.00034847800541269616324,0.42028557413179595814,0.048683796779501797847,0.1031450516295820824,0.039676383908156191704,0.0020685635276726736104,0.00039391045376333287198
2.75,0.26127173383705021292,0.07577473967850696657,0.059997021163745108824,0.051305050932120645907,0.0036561155135188486837,0.0003746408924282994767,0.4233589501800451016,0.04921877879800543032,0.104659082132497124884,0.04040570966446720841,0.0021531401736492668426,0.00042522839543651430507
2.760000000000000231,0.26226583161503858044,0.07654953541292676411,0.06074161440995551678,0.052195325323678008755,0.0038051104624401697104,0.00040263793591417074906,0.42644352249805117516,0.049757665777471572766,0.106189719732978277156,0.041145721298942804223,0.0022408489083596268114,0.00045890882623002943966
2.7700000000000000178,0.263255436243741342,0.07732752555761551738,0.061493664649785641924,0.053096714020887773866,0.003959519162335900684,0.0004325882550672694967,0.4295392910858139568,0.050300471917758216023,0.10773708542924816112,0.04189653580869902999,0.002331793738366649913,0.00049512041942043700984
2.7800000000000002487,0.26424054060680685074,0.07810868030912422599,0.062253237706383555278,0.054009297158662601668,0.004119514082506729215,0.00046461805809642559495,0.43264625594333366854,0.05084721141872346889,0.109301300658724578896,0.042658271041734634188,0.0024260817289646057632,0.0005340432147097991982
2.7900000000000000355,0.26522113824084528333,0.07889296973540563945,0.06302039919921961081,0.05493315521286484815,0.0042852724216716742665,0.00049886102268900900337,0.43576441707061014386,0.051397898480225322204,0.110882487298020138144,0.043431045700013617972,0.002523823082601882057,0.00057586933894501052527
2.8000000000000002665,0.26619722332770029416,0.07968036378357949007,0.06379521450584483416,0.055868369021684221448,0.0044569762188938094084,0.00053545869443073280166,0.43889377446764349378,0.05195254730212185701,0.11248076766294266837,0.044214979342548435537,0.0026251312190209651586,0.00062080376968940494294
2.8100000000000000533,0.2671687906866038742,0.08047083228770020996,0.06457774872326884491,0.056815019807950971342,0.004634812466881272665,0.0005745609038877142979,0.44203432813443360727,0.052511172084271091898,0.11409626450849476298,0.045010192388482674064,0.0027301228571467509032,0.000669065144026452052
2.8199999999999998401,0.26813583576621799476,0.081264344976500549333,0.06536806662898944631,0.057773189202431081413,0.004818973227728742814,0.0006163262030808639683,0.44518607807098048434,0.053073787026531080158,0.11572910102887419559,0.04581680612017413612,0.0028389180987549852628,0.0007208866150983693835
2.830000000000000071,0.26909835463655973342,0.082060871481135867767,0.06616623264170859442,0.058742959268105701676,0.0050096557511543735215,0.0006609223221003324481,0.44834902427728440255,0.053640406328759895893,0.11737940085747375352,0.04663494268627769307,0.0029516405139528535326,0.0007765167590111570839
2.8399999999999998579,0.27005634398082559167,0.082860381342892468204,0.066972310781754633424,0.05972441252547046331,0.0052070625953004423363,0.00070852664665053196203,0.4515231667533449733,0.054211044190815529942,0.11904728806688101572,0.047464725104828062174,0.0030684172285043585966,0.00083622053487252771126
2.8500000000000000888,0.27100980108710953642,0.08366284402088682015,0.06778636463125482792,0.060717631978876106247,0.0054114017501601103903,0.00075932671730520362495,0.45470850549916247418,0.05478571481255609804,0.120732887168878838535,0.048306277266322965314,0.0031893790130335933006,0.00090028030087052884206
2.8599999999999998757,0.27195872384001959499,0.084468228899738269366,0.06860845729407560184,0.061722701143925987055,0.005622886763698992617,0.0008135207512943260985,0.45790504051473668312,0.055364432393839570212,0.122436323114444786664,0.04915972393680574648,0.0033146603741393129358,0.00096899688944854852225
2.8700000000000001066,0.27290311071220221817,0.08527650529720975231,0.06943865135557664159,0.062739704075971590436,0.005841736870740875387,0.00087131818767015848824,0.46111277180006787768,0.055947211134524062193,0.124157721293751757696,0.050025190760948613777,0.0034443996474549805863,0.0010426907447874938107
2.8799999999999998934,0.27384296075577774232,0.086087642471821657075,0.07027700884219328925,0.06376872539971164405,0.0060681771246897790208,0.00093294025671007132713,0.4643316993551557803,0.05653406523446755788,0.12589720753616728821,0.050902804265135173645,0.0035787390926886003366,0.0011217031259679877131
2.8900000000000001243,0.27477827359368425797,0.086901609630429768605,0.07112359118089420229,0.06480985033993706679,0.0063024385321595842446,0.0009986205744405985806,0.46756182318000061304,0.0571250088935281522,0.12765490811025426154,0.05179269186054369367,0.0037178249906774938141,0.001206397379355420886
2.8999999999999999112,0.2757090494109435408,0.087718375935765202644,0.071978459158531113427,0.0658631647534375364,0.00654475819059551411,0.0010686057631895344968,0.47080314327460220936,0.05772005631156384986,0.12943094972377025553,0.052694981846229699274,0.003861807742493315182,0.0012971602839282211049
2.9100000000000001421,0.27663528894584996087,0.08853791051393570394,0.0728416728811209363,0.06692875516209628034,0.0067953794289538575063,0.0011431560991065378534,0.47405565963896073578,0.05831922168843273191,0.13122545952366809763,0.053609803412209167117,0.004010841970633453185,0.0013944034734558775901
2.919999999999999929,0.27755699348108153757,0.08936018246188057873,0.07371329173308861782,0.06800670878720808943,0.0070545519515342216925,0.0012225461875906020424,0.47731937227307580374,0.058922519223992796122,0.13303856509609543468,0.05453728664254116343,0.004165086622335103725,0.0014985649396275983573
2.9300000000000001599,0.27847416483474965454,0.090185160854777762784,0.07459337433649767396,0.06909711358504152384,0.0073225319850402565726,0.0013070656676090865525,0.48059428117694802385,0.059529963118102158237,0.13487039446639509377,0.055477562518411009662,0.004324705075049185485,0.0016101106204362699518
2.9399999999999999467,0.27938680535137866423,0.091012814753406154344,0.07548197851030213901,0.07020005828366719658,0.0075995824289538872927,0.0013970199459088174145,0.483880386350576841,0.060141567570618795213,0.13672107609910466586,0.056430762921212913874,0.0044898652441114073053,0.0017295360783349943579
2.9500000000000001776,0.28029491789282814929,0.091843113211450021216,0.07637916122965084792,0.07131563242109750095,0.007885973009320067402,0.0014927309621303021334,0.48717768779396264378,0.06075734678140080891,0.1385907388979570054,0.057397020635633198837,0.004660739692648675943,0.0018573682729063976504
2.9599999999999999645,0.28119850582916441906,0.09267602528274384438,0.07728497858526796327,0.07244392638475073698,0.008181980436024962819,0.0015945379858829155989,0.49048618550710515462,0.061377314950306183228,0.140479512205879703,0.05837646935273284321,0.0048375057437592015527,0.0019941674330173704728
2.9700000000000001954,0.28209757302947779944,0.09351152002846525174,0.07819948574294605104,0.073585031452275809216,0.008487888563666464922,0.00170279844683051719,0.4938058794900046511,0.062001486277193026964,0.14238752580499564049,0.059369243673030799857,0.005020345595005568963,0.002140529033675591785
2.9799999999999999822,0.28299212385265470893,0.094349566524257195976,0.07912273690317278563,0.0747390398337689707,0.008803988556114786604,0.0018178887988879855299,0.4971367697426608001,0.06262987496191932402,0.14431490991662235257,0.06037547910958646069,0.0052094464352601425536,0.002297085883058204176
2.9900000000000002132,0.28388216313811606706,0.09519013386728864684,0.08005478526092878189,0.07590604471540897402,0.009130579054859797039,0.0019402054196326907597,0.50047885626507393475,0.063262495204343183186,0.14626179520127280398,0.061395312091083009687,0.005405000563943215125,0.0024645103254492409586
3.0,0.28476769619651293164,0.096033191183243486744,0.08099568296567379727,0.07708614030454474797,0.009467966351250833509,0.0020701655460567374833,0.50383213905724377746,0.06389936120432260225,0.14822831275865447354,0.0624288799649099016,0.005607205512694298996,0.002643516566099820067
3.010000000000000231,0.28564872880039743341,0.096878707633238692054,0.08194548108155925992,0.07827942187626638765,0.009816464562733579792,0.0022082082478174630807,0.50719661811917049477,0.064540487161715662245,0.1502145941276703256,0.06347632100024618029,0.0058162641695180929483,0.0028348631243158063132
3.0200000000000000178,0.2865252671748647617,0.09772665242066561064,0.08290422954788537885,0.07948598582149087738,0.010176395813192299494,0.0023547954391553989166,0.51057229345085397565,0.065185887276380360955,0.15222077128641789412,0.0645377743911429852,0.006032384905446636948,0.0030393554213804063573
3.0300000000000002487,0.2873973179881813833,0.098576994797952663396,0.08387197713983556013,0.080705929696598927015,0.01054809041751398474,0.002510412930667317577,0.51395916505229444216,0.0658355757481747933,0.15424697665219005982,0.06561338025960687659,0.006255781703760302827,0.0032578485102363816117
3.0400000000000000355,0.28826488834238772618,0.099429704073247790475,0.08484877142950760648,0.081939352274648831476,0.0109318870704816443334,0.00267557152214248882,0.5173572329234915612,0.06648956677695697093,0.15629334308147441179,0.066703279658682279596,0.0064866742918102448037,0.0034912499541827988342
3.0500000000000002665,0.2891279857639015849,0.10028474961701323853,0.08583465874727448652,0.08318635359821187347,0.011328133040124842464,0.0028508081376947930988,0.5207664970644456659,0.06714787456258496101,0.15836000386995385814,0.06780761457553489968,0.0067252882754861385145,0.0037405228621872044746
3.0600000000000000533,0.28998661819411161722,0.10114210086853610976,0.08682968414349323538,0.08444703503385456861,0.011737184365639764458,0.003036687004427997402,0.52418695747515642314,0.06781051330491678908,0.16044709275250593206,0.06892652793453411808,0.006971855276372957398,0.00400668908877410343
3.0700000000000002842,0.29084079397997136818,0.10200172734234160682,0.08783389135058256719,0.08572149932830795682,0.012159406060016159784,0.0032338008758971796552,0.527618614155624055,0.0684774972038105223,0.16255474390320356903,0.07006016360033637258,0.007226613071641787775,0.0042908326068277248544
3.080000000000000071,0.29169052186459756837,0.102863598634525009456,0.088847322745511048137,0.087009850666358294624,0.012595172317484693014,0.0034427723016372483583,0.5310614671058485614,0.06914884045912417232,0.1646830919353143019,0.07120866638096765011,0.0074898057367196188908,0.0045941030620392682426
3.0899999999999998579,0.2925358109778818383,0.10372768442897273983,0.089870019312692096813,0.08831219473049772839,0.013044866725934206424,0.0036642549440498871274,0.5345155163258298314,0.06982455727071582019,0.16683227190130101025,0.072372182030906728745,0.0077616837907842749916,0.0049177195181396172324
3.1000000000000000888,0.2933766708271188517,0.10459395450349096707,0.0909020206073247114,0.08962863876236640964,0.0135088824844222486765,0.0038989349439487346657,0.53798076181556808706,0.070504661838443519195,0.16900241929282142084,0.073550857254167920085,0.008042504345130707666,0.005262974402485701142
3.1099999999999998757,0.29421311128765062493,0.10546237873583504119,0.091943364719203314606,0.09095929162603273027,0.013987622625927631677,0.004147532336062292359,0.5414572035750628842,0.071189168362165253234,0.17119367004072819083,0.07474483970738389493,0.008332531254455799105,0.005631237662015500453
3.1200000000000001066,0.29504514259354111538,0.10633292710962214539,0.092994088237003058595,0.09230426387314338843,0.0144815002454856097194,0.004410802515837739836,0.54494484160431488906,0.071878091041739144984,0.17340616051506918538,0.07595427800288885589,0.008632035271109507815,0.006023961140052496062
3.1299999999999998934,0.29587277532828085147,0.10720556972014928798,0.09405422621307660963,0.093663667809981102086,0.014990938733853065648,0.0046895377588431620512,0.54844367590332343543,0.07257144407702317834,0.17564002752508695027,0.077179321711801113226,0.008941294202360339227,0.0064426831849254441453
3.1400000000000001243,0.29669602041552967098,0.10808027678009275718,0.0951238121287685881,0.09503761756647700204,0.0155163720168630227605,0.0049845687941233282788,0.5519537064720889674,0.07326924166787544823,0.17789540831921948905,0.078420121367106354615,0.009260593070724500164,0.0068890335018769108255
3.1499999999999999112,0.29751488910989806747,0.10895701862509155067,0.0962028778602762244,0.096426229167213918514,0.016058244800619441567,0.005296766432836889655,0.55547493331061115196,0.07397149801415393855,0.1801724405850992361,0.079676828466740137746,0.009590224277407818562,0.0073647382602611008787
3.1600000000000001421,0.29832939298777946813,0.10983576571922398085,0.09729145364506869981,0.097829620604456858646,0.016617012822695865007,0.005627043253511467436,0.55900735641889043315,0.07467822731571677197,0.18247126244955422236,0.080949595476671298844,0.0099304877689111743094,0.007871625468583430887
3.169999999999999929,0.29913954393822997369,0.110716488660355341644,0.09838956804888392138,0.0992479119132641599,0.017193143109513494768,0.0059763553452631202126,0.56255097579692625587,0.0753894437724219324,0.18479201247860696511,0.08223857583398429261,0.010281691206849730841,0.008411630630507179254
3.1800000000000001599,0.2999453541539133794,0.111599158185368863005,0.09949724793331849587,0.10068122524870868478,0.017787114240054500286,0.0063457041103120500475,0.5661057914447190642,0.07610516158412750087,0.18713482967747535612,0.08354392394996264237,0.0106441501410380404136,0.008986802695552294912
3.1899999999999999467,0.30074683612209660022,0.112483745175273583405,0.10061451842403074802,0.10212968496526336065,0.018399416616107217362,0.006736138127133912794,0.56967180336226863613,0.07682539495069148905,0.18949985349057202333,0.084865795213171391076,0.011018188185892624151,0.009599310318833721364
3.2000000000000001776,0.30154400261572614217,0.11337022066018137556,0.10174140287956646295,0.1035934176983860297,0.019030552739212761373,0.007148755075577978464,0.57324901154957519367,0.07755015807197197797,0.19188722380150483038,0.08620434599254042651,0.011404137200205411232,0.010251448444838013457
3.2099999999999999645,0.30233686668456782876,0.114258555824159724335,0.10287792286082624721,0.10507255244835361774,0.019681037494507544472,0.0075847037252796479026,0.57683741600663829274,0.07827946514782696541,0.19429708093307640482,0.0875597336404469323,0.011802337470340991399,0.010945645230912581097
3.2200000000000001954,0.30312544164642821198,0.11514872200994711454,0.104024098101186165954,0.10656722066639060659,0.02035139844166337919,0.008045185988684134398,0.58043701673345848846,0.07901333037811457405,0.19672956564728460993,0.088932116495798810285,0.01221313789691238702,0.0116844693268490767285
3.2299999999999999822,0.30390974107845941665,0.11604069072354251946,0.10517994647728826779,0.10807755634313258308,0.021042176113115063432,0.008531459040006276855,0.58404781373003533673,0.07975176796269276003,0.19918481914532201738,0.09032165388711704823,0.012636896184989688391,0.012470637527675484599
3.2400000000000002132,0.3046897788085523029,0.116934433638649956655,0.10634548398050797102,0.10960369609947857167,0.021753924319798719628,0.009044837501428926174,0.5876698069963691706,0.080494792101419646024,0.20166298306757662884,0.091728506135619142237,0.013073979037897622002,0.013307022817538705084
3.25,0.30546556890681636487,0.117829922600988852566,0.10752072468911887809,0.111145779279876913415,0.02248721046460809038,0.009586695697867091484,0.5913029965324596571,0.08124241699415321594,0.20416419949363093234,0.09315283455830156156,0.013524762354657750285,0.0141966628233545413135
3.260000000000000231,0.30623712567717001343,0.11872712963246734308,0.10870568074115693341,0.11270394804808581829,0.023242615863803059786,0.010158469981579013215,0.59494738233830712915,0.081994656840751564686,0.20668861094226290143,0.09459480147102301839,0.013989631431132833195,0.015142768697734008618
3.2700000000000000178,0.30700446364902161944,0.1196260269352038344,0.109900362308004824474,0.11427834748547035376,0.024020736076593376604,0.010761661127983787253,0.59860296441391125377,0.082751525841072703926,0.20923636037144502375,0.09605457019158705756,0.0144689811649304170965,0.016148734451556640696
3.2800000000000002487,0.30776759756906652,0.12052658689541424081,0.11110477756869755611,0.115869125691872722206,0.024822181243157520614,0.0113978368039802284775,0.60226974275927247504,0.08351303819497470082,0.21180759117834538352,0.09753230504282528468,0.01496321626412461768,0.017218146757463526075
3.2900000000000000355,0.30852654239319043938,0.12142878208714116828,0.11231893268496931371,0.117476433889115633447,0.025647576431329472194,0.012068634110150143306,0.60594771737439023784,0.08427920810231556703,0.21440244719932641249,0.099028171355679914245,0.015472751459854600445,0.01835479524647631519
3.3000000000000002665,0.30928131327849917032,0.122332585275842585515,0.113542831777037771246,0.11910042652718481199,0.0264975619922396613,0.012775762198234824792,0.6096368882592650973,0.08505004976295341135,0.21702107270994611121,0.10054233547228709489,0.015998011722860205203,0.0195626833209257521
3.3100000000000000533,0.3100319255754586667,0.123237969421830018124,0.114776476900150296856,0.12074126139313431233,0.027372793925166487988,0.013521004965325608173,0.61333725541389649827,0.08582557737674618992,0.21966361242495699435,0.10207496474905933259,0.016539432484014619795,0.020846039507884168984
3.3200000000000002842,0.31077839482017025063,0.12414490768354610739,0.116019868021890272536,0.1223990997227921429,0.02827394425189840542,0.014306223826326450697,0.61704881883828488487,0.086605805143552039294,0.22233021149830706209,0.10362622755976898248,0.017097459858916110725,0.022209329378354805695
3.330000000000000071,0.3115207367267780192,0.12505337342069582085,0.117273003000248350614,0.1240741063152855303,0.029201701400906726266,0.015133360566306519254,0.62077157853243003505,0.0873907472632289295,0.22502101552313885646,0.105196293298630449975,0.017672550876600138375,0.023657268058564741992
3.3399999999999998579,0.31225896718000514807,0.12596334019721935893,0.11853587756247777052,0.12576644965046446245,0.030156770601639305493,0.01600444027454893739,0.6245055344963319488,0.088180417935634927695,0.22773617053179021075,0.10678533238338377975,0.018265173712435394532,0.025194833360853891718
3.3500000000000000888,0.31299310222783810476,0.12687478178410499519,0.11980848528473325709,0.12747630200926840516,0.031139874289270709495,0.016921574362272838454,0.6282506867299908482,0.08897483136062815656,0.23047582299579402743,0.10839351625837725934,0.018875807925266743087,0.026827279562836623544
3.3599999999999998757,0.31372315807434930646,0.12778767216204692247,0.121090817572496928234,0.12920383959709302868,0.032151752520262338875,0.017886963666267538184,0.6320070352334064001,0.08977400173806653061,0.23324011982587780634,0.110021017397650064384,0.019504944698869677161,0.028560151864749729056
3.3700000000000001066,0.31444915107267598642,0.12870198552393768976,0.12238286364180329252,0.13094924267020682795,0.033193163399088235904,0.018902901641018633738,0.6357745800065791597,0.09057794326780820027,0.23602920837196456061,0.111668009308015750425,0.020153087087781604986,0.03039930155618508073
3.3799999999999998934,0.3151710977181448603,0.1296176962772037089,0.12368461050127253775,0.13271269566528530459,0.03426488351652185599,0.019971777642281295442,0.6395533210495082388,0.091386670149711163313,0.23884323642317176195,0.113334666532144592854,0.020820750267575328929,0.032350901924738051374
3.3900000000000001243,0.31588901464155749732,0.1305347790459735896,0.12499604293493978002,0.13449438733210997143,0.035367708399892925503,0.02109608030564454409,0.64334325836219452555,0.09220019658363348691,0.24168235220781247863,0.11502116465164696768,0.021508461789642139422,0.034421464940495298535
3.3999999999999999112,0.3166029186026411424,0.13145320867308461776,0.1263171434859090142,0.13629451086949381788,0.03650245297574054859,0.022278401024247452764,0.64714439194463746485,0.093018536769433154965,0.24454670439339415422,0.11672768029015581637,0.022216761840551248197,0.03661785875172360316
3.4100000000000001421,0.31731282648365810584,0.13237296022191845368,0.12764789244082003217,0.13811326406449214721,0.037669952045320274914,0.023521437530657676729,0.6509567217968373898,0.0938417049069683179,0.24743644208661988437,0.118454391116409984974,0.022946203506054689558,0.038947326028626938488
3.419999999999999929,0.31801875528318973574,0.13329400897807956727,0.12898826781513113293,0.13995084943495425533,0.038871060773461932336,0.024827997588970042095,0.65478024791879385624,0.094669715196096917986,0.25035171483338708454,0.12020147584733671675,0.023697353039805905961,0.041417503193592067334
3.4300000000000001599,0.31872072211008822817,0.13421633045089373382,0.13033824533923811517,0.14180747437548296697,0.040106655191272471556,0.02620100280445107968,0.65861497031050741935,0.0955025818366770779,0.25329267261878884998,0.121969114251135005156,0.024470790136862947267,0.044036440577968849475
3.4399999999999999467,0.3194187441776116243,0.13513990037475083483,0.13169779844541482094,0.1436833513068519752,0.041377632713254387103,0.027643492559661364538,0.662460888971977635,0.09634031902856679541,0.25625946586711262354,0.12375748715035793379,0.025267108212046047316,0.04681262354710834933
3.4500000000000001776,0.32011283879773805294,0.13606469471026486073,0.1330668982555869434,0.1455786978289516087,0.0426849126694021537,0.029158628087955260066,0.6663180039032049473,0.09718294097162416545,0.2592522454418415001,0.12556677642499630698,0.026086914683222141298,0.049754994637137041347
3.4599999999999999645,0.3208030233756554439,0.13699068964527591485,0.13444551356994059732,0.14749373687731807958,0.044029436852915514178,0.030749696697653254585,0.67018631510418880115,0.098030461865707130276,0.26227116264565292214,0.12739716501556078154,0.026930831259587822285,0.052872976748754949017
3.4700000000000001954,0.32148931540445013777,0.13791786159566980785,0.13583361085637378485,0.14942869688331612832,0.04541217008417811757,0.032420116163187101543,0.6740658225749296406,0.098882895910673881956,0.2653163692204199009,0.12924883692616548347,0.027799494235025049016,0.05617649744523966343
3.4799999999999999822,0.3221717324599780996,0.1388461872060381963,0.13723115424077918234,0.15138381193802673275,0.046834100791730177982,0.034173439303155271618,0.6779565263154271326,0.09974025730638232112,0.26838801734720996173,0.1311219772276102924,0.028693554786602622902,0.05967601440378990374
3.4900000000000002132,0.3228502921959323646,0.13977564335015708885,0.13863810549817955076,0.15335932195991362759,0.04829624161096364443,0.036013358769736360243,0.68185842632568161026,0.100602560252690625964,0.27148625964628619878,0.13301677206046433333,0.029613679278299699649,0.0633825420713854254
3.5,0.32352501233911007406,0.14070620713129498858,0.14005442404469499451,0.15535547286632753194,0.04979963000139134288,0.0379437120794098616,0.68577152260569285147,0.101469818949456724866,0.27461124917710605375,0.13493340863814823338,0.030560549570025900834,0.067307679578444232216
3.510000000000000231,0.3241959106848682215,0.14163785588235440482,0.1414800669303695746,0.15737251674891525322,0.051345328883321893904,0.03996848692176737522,0.6896958151554610783,0.10234204759653876826,0.27776313943832253717,0.13687207525001784947,0.031534863332016160875,0.071463639965760980544
3.5200000000000000178,0.32486300509279683602,0.14257056716583227374,0.14291498883283478005,0.15941071205299869873,0.052934427294902448857,0.042091826791567962807,0.69363130397498584667,0.10321926039379468454,0.28094208436778317362,0.13883296126444624741,0.03253733436467656087,0.075863280782477823805
3.5300000000000002487,0.32552631348258379007,0.14350431877361216615,0.14435914205182957815,0.16147032376098795214,0.05456804107051660413,0.044318036999572749113,0.6975779890642677117,0.104101471541082638006,0.284148238342531001,0.14081625713190748517,0.03356869292396116866,0.08052013611521337266
3.5400000000000000355,0.32618585383009468526,0.144439088726583717,0.14581247650456304055,0.16355162357989412591,0.05624731354162221253,0.04665159113053652523,0.70153587042330622925,0.10498869523826058481,0.28738175617880362678,0.14282215438805875851,0.03462968605235781233,0.085448450110917645306
3.5500000000000002665,0.32684164416365904526,0.14537485527408697261,0.1472749397219333678,0.16565489013302138466,0.05797341626118825489,0.049097138032773483818,0.70550494805210173244,0.105880945685186619865,0.2906427931320338942,0.14485084565682398994,0.03572107791556468348,0.09066321205857874599
3.5600000000000000533,0.3274937025605684504,0.14631159689318407047,0.14874647684559838545,0.16778040915588240956,0.059747549752961637975,0.05165950944368459183,0.70948522195065377716,0.10677823708171876871,0.29393150489684938265,0.1469025246534761131,0.03684365014493758833,0.09618019309753658708
3.5700000000000002842,0.3281420471437905828,0.14724929228776360846,0.15022703062589180811,0.16992847369642864741,0.06157094428693824298,0.054343728380763900443,0.7134766921189629185,0.107680583627715098505,0.29724804760707318474,0.14897738618772060626,0.03799820218579147424,0.10201598462291351643
3.580000000000000071,0.32878669607890073645,0.1481879203874612444,0.15171654142059869119,0.17209938431965850214,0.06344486068244236526,0.057155018459351343563,0.71747935855702871244,0.10858799952303360703,0.3005925778357227962,0.15107562616677763789,0.039185551651637937076,0.108188038461501462306
3.5899999999999998579,0.32942766757122191046,0.14912746034642493376,0.15321494719458028655,0.17429344931665707863,0.06537059114040663643,0.0600988143386187966,0.72149322126485138096,0.10950049896753236145,0.30396525259501105953,0.15319744159846582221,0.040406534684444224415,0.114714708894410155615
3.6000000000000000888,0.3300649798631935805,0.15006789154189570379,0.15472218352025828014,0.17651098491816497038,0.0673494601065041526,0.06318077354882322555,0.7255182802424310351,0.11041809616106947056,0.3073662293363459419,0.15534303059428464233,0.04166200632099763268,0.12161529660582752477
3.6099999999999998757,0.33069865123196520718,0.15100919357262203302,0.15623818357893580477,0.17875231551272660613,0.0693828251669683857,0.06640679001896575284,0.7295545354897673418,0.111340805303502862755,0.3107956659503299246,0.15751259237249709555,0.042952840865461687503,0.1289100946404251602
3.6200000000000001066,0.33132869998719502447,0.15195134625710859932,0.15776287816299275346,0.18101777386949542692,0.07147207797902405124,0.06978300970967671324,0.7336019870068605231,0.11226864059469071622,0.31425372076676111321,0.15970632726121339329,0.044279932268211662227,0.13662043645523455626
3.6299999999999998934,0.33195514446909124562,0.15289432963168989033,0.15929619567891382947,0.18330770136577576035,0.07361864523806282978,0.07331584886765804554,0.737660634793710579,0.113201616234490945456,0.3177405525546319609,0.16192443670147299573,0.04564419451103602504,0.14476874615522047907
3.6400000000000001243,0.33257800304666482183,0.15383812394844358085,0.16083806215118226501,0.18562244821935712513,0.075823989683814652096,0.077012015564195755724,0.74173047885031739845,0.114139746422761700906,0.32125632052213048961,0.16416712325032833952,0.047046561998794395043,0.15337859100533540735
3.6499999999999999112,0.33319729411621787363,0.15478270967292603877,0.16238840122701615754,0.18796237372573662561,0.078089611147981831396,0.08087853537299870277,0.7458115191766810925,0.115083045359360952586,0.3248011843166392354,0.1664345905839269002,0.04848798995762018671,0.16247473631548506323
3.6600000000000001421,0.33381303610004639526,0.1557280674817566879,0.16394713418196477095,0.19032784650028758411,0.080417047645981384885,0.08492278229823229524,0.7499037557728016612,0.11603152724414679542,0.32837530402473624758,0.1687270435005949476,0.049969454839760625575,0.17208320279866093361
3.669999999999999929,0.33442524744538465464,0.156674178260025318,0.165514179926342056,0.19271924472545397256,0.082807876515649012084,0.089152516404495479874,0.7540071886386788824,0.11698520627697722718,0.33197884017219403407,0.17104468792391974707,0.05149195473514413951,0.18223132650641285513
3.6800000000000001599,0.33503394662356525413,0.15762102309854103543,0.16708945501252304988,0.19513695640305286916,0.08526371560600012195,0.093575930057211799407,0.75812181777431308927,0.117944096657710370546,0.3356119537239806716,0.17338773090583298186,0.053056509789770146812,0.19294782144994565565
3.6899999999999999467,0.33563915212941006216,0.1585685832909229237,0.16867287364307831377,0.19758137961174915276,0.08778622451937690557,0.0982017052968246415,0.7622476431797040597,0.11890821258620418166,0.33927480608425869546,0.17575638062969320408,0.054664162631013014926,0.20426284501932928661
3.7000000000000001776,0.33624088248085606812,0.15951684033052819511,0.17026434767975927309,0.20005292276979516619,0.090377105910582136716,0.103039085701277198515,0.7663846648548519047,0.1198775682623167832,0.3429675590963860432,0.17815084641336934035,0.056315978799937355115,0.21620806631772773732
3.7099999999999999645,0.336839156218797231,0.16046577590721949891,0.17186378665333279514,0.20255200490310154571,0.0930381068468816852,0.10809796721874351949,0.7705328827997564023,0.12085217788590614518,0.34669037504291527751,0.18057133871232275424,0.05801304719071845306,0.22881673753206641098
3.7200000000000001954,0.3374339919071643601,0.1614153719039776308,0.17347109777425123722,0.20507905591872847839,0.09577102023308449452,0.113389013986861977856,0.77469229701441810754,0.12183205565683039029,0.35044341664559458538,0.18301806912269116823,0.059756480497267290553,0.24212376846629815597
3.7299999999999999822,0.33802540813322734525,0.16236561039336000478,0.17508618594417466041,0.20763451688386951044,0.09857768630621458611,0.1189238072482746017,0.7788629074988362433,0.12281721577494748854,0.3542268470653662793,0.18549125038437050406,0.06154741566715578316,0.25616580436827190992
3.7400000000000002132,0.33861342350812465019,0.16331647363381002203,0.17670895376833288537,0.21021884031041471186,0.10145999420467410185,0.12471503833524848204,0.7830447142530114757,0.123807672440115576484,0.35804082990236851813,0.18799109638409891576,0.063387014362943985835,0.2709813071862962608
3.75,0.33919805666762301022,0.16426794406580738639,0.17833930156871981298,0.21283249044517593696,0.10441988361717537831,0.13077676061801883634,0.78723771727694336064,0.124803439852192582515,0.3618855291959338083,0.19051782215853851898,0.06527646343100698689,0.28661064039668454617
3.760000000000000231,0.33977932627309884173,0.16522000430787216196,0.17997712739813680194,0.21547594356586410869,0.10745934651713384689,0.1371247206903270649,0.7914419165706322312,0.12580453221103665706,0.36576110942459022501,0.193071643897359424,0.06721697537796544886,0.30309615754902763385
3.7700000000000000178,0.34035725101274169613,0.16617263715243374422,0.18162232705506665964,0.2181496882828804218,0.110580428988663992396,0.14377679644689594918,0.79565731213407764333,0.12681096371650577015,0.36966773550606019105,0.19565277894632165934,0.0692097888548195983,0.32048229468150946087
3.7800000000000002487,0.3409318496029922485,0.16712582556153462998,0.1832747940993811192,0.22085422584704873794,0.11378523315081959244,0.15075357983549618479,0.7998839039672801521,0.1278227485684580722,0.37360557279726192004,0.19826144581035895498,0.07125616914889293385,0.3388156667644354192
3.7900000000000000355,0.3415031407901875371,0.16807955266241464409,0.18493441986888194128,0.22359007046333692625,0.11707591918719896518,0.15807915594858906738,0.8041216920702394244,0.12883990096675146386,0.3775747870943078066,0.2008978641566607215,0.073357408683687494455,0.3581451683361118743
3.8000000000000002665,0.34207114335243998804,0.16903380174294069249,0.18660109349667718115,0.2263577496106811554,0.12045470748863189303,0.16578214910752689382,0.80837067644295557134,0.12986243511124409555,0.38157554463250598076,0.20356225481775605535,0.075514827526759462084,0.3785220785014913325
3.8100000000000000533,0.34263587610172671627,0.16998855624690523136,0.1882747019293725399,0.22915780436800731179,0.123923880917242081046,0.17389713247007801411,0.8126308570854283708,0.13089036520179395118,0.38560801208635892,0.20625483979459546813,0.07772977390571890466,0.4000001704703941563
3.8200000000000002842,0.34319735788620317485,0.1709437997691941602,0.18995512994610266877,0.23199078974651843321,0.12748578720081124582,0.1824665327640895146,0.81690223399765826695,0.13192370543825915341,0.38967235656956478174,0.20897584225963494742,0.08000362473246479256,0.42263582581884079348
3.830000000000000071,0.34375560759272294487,0.17189951605081552066,0.1916422601783765306,0.23485727502838214809,0.13114284146704517642,0.19154320889482230605,0.82118480717964481563,0.1329624700204976584,0.3937687456350158488,0.21172548655991768607,0.08233778613576155092,0.44648815366387883952
3.8399999999999998579,0.34431064414958414965,0.17285568897381085873,0.19333597313074155077,0.23775784411187463052,0.13489752892809284135,0.2011939458005075343,0.8254785766313881279,0.1340066731483675333,0.39789734727480030596,0.21450399822015808748,0.08473369400227025172,0.47161911494949337875
3.8500000000000000888,0.34486248652947060211,0.17381230255603134782,0.19503614720227448187,0.24069309586312204186,0.13875240772638425257,0.2115041867264713521,0.8297835423528884258,0.1350563290217269008,0.40205832992020096306,0.21731160394582416107,0.087192814526143691545,0.49809365204852829034
3.8599999999999998757,0.3454111537526187159,0.1747693409457982544,0.1967426587088733636,0.24366364447450518382,0.14271011195372466929,0.22258443135331641705,0.8340997043441453762,0.13611145184043371703,0.4062518624416953661,0.22014853162622002869,0.08971664476729909743,0.5259798238932296144
3.8700000000000001066,0.34595666489017698475,0.17572678841644157055,0.19845538190637247722,0.24667011982986952745,0.14677335485637636736,0.23457885550257399909,0.83842706260515931227,0.13717205580434610468,0.41047811414895662985,0.22301501033756981895,0.092306713218482994154,0.5553489468549432928
3.8799999999999998934,0.34649903906777454465,0.17668462936072329428,0.20017418901445548085,0.24971316787661444747,0.15094493223979559005,0.24767685783715640002,0.8427656171359300119,0.13823815511332199213,0.41473725479085216117,0.22591127034609947977,0.094964580381241350815,0.5862757416016396439
3.8900000000000001243,0.34703829546929168548,0.17764284828514681491,0.20189895024138235224,0.25279345100480277164,0.15522772608759641266,0.26212839954452374358,0.84711536793645758614,0.13930976396721955757,0.41902945455544515774,0.22883754311112070035,0.09769183935091378668,0.61883848617048020646
3.8999999999999999112,0.34757445334082226474,0.17860142980416593428,0.2036295338095103491,0.25591164843339148094,0.15962470841030566848,0.2782641512385233551,0.85147631500674181293,0.14038689656589675714,0.42335488406999299826,0.23179406128811289034,0.10049011641076650847,0.6531191755013164846
3.9100000000000001421,0.34810753199483721043,0.17956035863427233235,0.20536580598161359446,0.25906845660370059203,0.1641389453404071691,0.29652155746880895504,0.8558484583467832474,0.14146956710921168576,0.42771371440094896332,0.23478105873180704632,0.10336107163538585385,0.6892036876861598049
3.919999999999999929,0.34863755081453123852,0.18051961958799660202,0.20710763108799876142,0.2622645895802561411,0.16877360149123440958,0.31747791880123304997,0.86023179795658100133,0.14255778979702232734,0.43210611705396034798,0.23779877049926759214,0.10630639950344884792,0.72718195719893763407
3.9300000000000001599,0.349164529258363332,0.1814791975677998298,0.20885487155440506102,0.26550077945912323174,0.17353194459819017148,0.34189142194068622427,0.86462633383613596294,0.14365157882918680454,0.4365322639738704602,0.24084743285297632864,0.10932782951999567289,0.76714815537963099157
3.9399999999999999467,0.34968848686478140597,0.1824390775598753317,0.2106073879306932517,0.2687777767838658849,0.17841735046177976953,0.37075071178449783837,0.86903206598544768813,0.14475094840556310127,0.44099232754471662243,0.2439272832639144406,0.11242712684832266434,0.80920087845680999106
3.9500000000000001776,0.35020944325711572676,0.18339924462786294512,0.21236503892031474705,0.27209635096927017872,0.1834333082128204867,0.40533320207903456023,0.8734489944045161769,0.14585591272600931245,0.44548648058973200348,0.2470385604146462799,0.11560609295162341259,0.85344334340303829034
3.9599999999999999645,0.3507274181486648712,0.1843596839064634424,0.21412768141055668614,0.27545729073297181566,0.18858342592099192059,0.44727215275630777258,0.87787711909334142923,0.14696648599038344973,0.45001489637134406419,0.25018150420240131693,0.11886656624449874753,0.89998359192821408836
3.9700000000000001954,0.35124243134793828314,0.18532038059498778804,0.21589517050355776229,0.278861404535137275,0.19387143656855941598,0.49863306333790380354,0.8823164400519236672,0.14808268239854358028,0.45457774859117600075,0.25335635574215797927,0.12221042275446636349,0.948934702927096696
3.9799999999999999822,0.35175450276407782546,0.186281319950809654,0.2176673595480872192,0.28230952102635828438,0.19930120441153373334,0.56200159428632540104,0.88676695728026266874,0.14920451615034771575,0.45917521139004524589,0.2565633573697257419,0.12563957679359288866,1.0004150137085805472
3.9900000000000002132,0.35226365241243257076,0.18724248728275366682,0.2194441001720922324,0.28580248950389683382,0.20487673175067715181,0.6405881320634415066,0.8912286707783585449,0.15033200144565395107,0.46380745934796496766,0.25980275264482882713,0.12915598164038186169,1.0545483503462278474
4.0,0.35276990042030470507,0.1882038679444023449,0.22122524231599377531,0.2893411803764823209,0.2106021661345501006,0.73835774412067400885,0.8957015805462110736,0.15146515248432024237,0.46847466748414257065,0.2630747863541882392,0.13276163023204315405,1.1114642675016506157
4.009999999999999787,0.35327326703283259968,0.18916544732735425527,0.22301063426673843615,0.29292648563780171456,0.2164818080159883057,0.8601976582222722323,0.90018568658382047687,0.15260398346620468457,0.47317701125698108378,0.2663797045146055198,0.1364585558672796739,1.1712982980850934478
4.020000000000000462,0.35377377261903900085,0.19012721085439036883,0.22480012269259067037,0.29655931934889265267,0.22252011888197334444,1.0121367623353467735,0.9046809888911869768,0.15374850859116548363,0.47791466656407866065,0.26971775437604539327,0.14024883291972092825,1.234192213130484328
4.0300000000000002487,0.35427143767801480556,0.19108914397261485274,0.22659355267866410077,0.30024061812959246254,0.22872172987451855342,1.2016329909084154659,0.9091874874683101293,0.15489874205906042914,0.48268780974222730284,0.2730891844247177458,0.14413457756213737815,1.3002942922757545485
4.0400000000000000355,0.35476628284524086565,0.19205123214651526053,0.22839076776318822937,0.30397134165929376448,0.23509145091668819105,1.4379457271632323234,0.91370518231518993435,0.1560546980697476438,0.4874966175674153579,0.27649424438616221344,0.14811794850157569692,1.3697596052532128308
4.0499999999999998224,0.35525832889905337164,0.19301346085097698113,0.23019160997449331085,0.30775247318716245082,0.24163428035300689445,1.7326126687381756541,0.918234073431826725,0.15721639082308519475,0.49234126725482546538,0.2799331852283297728,0.15220114772554493854,1.4427503048089609372
4.0600000000000004974,0.35574759676722289559,0.1939758155642662546,0.23199591986872789007,0.31158502005206767382,0.24835541510668777965,2.1000547895412136068,0.9227741608182205013,0.15838383451893128795,0.49722193645883605573,0.28340625916466660739,0.15638642125939716809,1.5194359314853840282
4.0700000000000002842,0.35623410753367121262,0.19493828176095769067,0.23380353656826623199,0.31547001421242959474,0.2552602613471592341,2.5583393768666866652,0.92732544447437081914,0.15955704335714365749,0.5021388032730188522,0.2869137196571954762,0.16067605993503789041,1.5999937307159299849
4.080000000000000071,0.3567178824452971464,0.19590084490482648216,0.23561429780084482133,0.31940851278625675969,0.26235444564941776124,3.1301396372126488732,0.93188792440027801156,0.16073603153758053708,0.5070920462301421461,0.29045582141960057942,0.1650724001711132427,1.6846089826974086634
4.089999999999999858,0.35719894291891279847,0.1968634904417163739,0.23742803993938191298,0.32340159860157022265,0.2696438266113421467,3.843940093038769934,0.93646160059594196756,0.1619208132600999106,0.51208184430216896477,0.2940328204203092044,0.16957782476480876,1.7734753455211673678
4.0999999999999996447,0.35767731054829762782,0.19782620379236177943,0.23924459804248560113,0.32745038075753410411,0.27713450687528906613,4.735550211118128683,0.9410464730613629092,0.16311140272455987299,0.5171083769002569053,0.29764497388557492608,0.1741947636954089551,1.8667952120616133627
4.1100000000000003197,0.358153007111332633,0.19878897034521518516,0.24106380589565545858,0.3315559951965183494,0.2848328454751447858,5.8500049574519654705,0.94564254179654094745,0.16430781413081857467,0.52217182387475924443,0.30129254030256108488,0.1789256949397612928,1.9647800811378777208
4.1200000000000001066,0.35862605457725355018,0.19975177544921786377,0.24288549605313954072,0.33571960528742100793,0.29274547039827342187,7.2439510580259640626,0.9502498068014753052,0.16551006167873380526,0.5272723655152230515,0.30497577942242187765,0.18377314529978872049,2.0676509434823930889
4.1299999999999998934,0.35909647511397216335,0.20071460440659405489,0.24470949988047104029,0.339942402420512213,0.30087929121224057938,8.988642681621521469,0.9548682680761666486,0.16671815956816377069,0.5324101825503914087,0.30869495226338772298,0.18873969124220557614,2.1756386830689318224
4.1399999999999996803,0.35956429109548265766,0.20167744246560816157,0.24653564759765765613,0.344225606614151608,0.3092415115568890871,11.173701313586796857,0.95949792562061486656,0.16793212199896648262,0.53758545614820230085,0.31245032111384662965,0.19382795975057720561,2.2889844943715300651
4.1500000000000003553,0.3600295251093548754,0.20264027481332713698,0.24836376832301308715,0.34857046713370826163,0.31783964124181987576,13.911833305425863827,0.9641387794348201812,0.16915196317100009149,0.54279836791578872646,0.3162421495354277856,0.19904062918988188469,2.407940316145841475
4.160000000000000142,0.3604921999642828334,0.2036030865683841895,0.25019369011762590538,0.3529782631229913814,0.32668150761512099178,17.34474686537414101,0.96879082951878203733,0.17037769728412241466,0.5480490998994779206,0.320070702366083093,0.20438043018372134552,2.532769282344657924
4.169999999999999929,0.3609523386977028514,0.20456586277373850491,0.25202524003046247736,0.35745030424861556906,0.33577526577913757722,21.650570445024994726,0.97345407587250054604,0.17160933853819165806,0.5533378345847929092,0.32393624572317220034,0.20985014650434205552,2.6637461908006914157
4.1799999999999997158,0.36140996458346782982,0.20552858838945632647,0.25385824414408447725,0.3619879313576433444,0.34512940712066580984,27.053149477563831482,0.97812851849597592935,0.17284690113306583337,0.5586647548964517318,0.32783904700654409314,0.21545261597561238265,2.801157990331136105
4.190000000000000391,0.36186510113956721346,0.2064912482854849296,0.25569252762096442155,0.36659251714893012486,0.3547527654937429331,33.833691827369523963,0.98281415738920874237,0.174090399268603091,0.5640300441983675528,0.33177937490162034972,0.22119073138912093146,2.9453042869413335048
4.2000000000000001776,0.36231777213588839404,0.20745382723447128304,0.25752791475041458824,0.3712654668585699258,0.36465452024077774085,42.345348570176373215,0.98751099255219776385,0.17533984714466124832,0.56943388629364721787,0.33575749938247712034,0.22706744143354815058,3.0964978698277638713
4.2099999999999999645,0.3627680016020226328,0.20841630990457572781,0.25936422899609012926,0.37600821895992445065,0.3748441950607023787,53.031461351663534032,0.99221902398494377096,0.17659525896109848353,0.57487646542459402976,0.33977369171492977085,0.2330857516374792715,3.2550652579048180435
4.2199999999999997513,0.36321581383508397267,0.20937868085233778126,0.26120129304406589088,0.38082224587865026733,0.38533165153071893827,66.448387397209366156,0.99693825168744654164,0.17785664891777283603,0.5803579662727058608,0.34382822445961475077,0.23924872532581020756,3.4213472676040215248
4.2300000000000004263,0.36366123340756567606,0.21034092451554869951,0.26303892885148158487,0.38570905472325672791,0.3961270758632154665,83.294036715116412495,1.001668675659706409,0.17912403121454245625,0.58587857395867604104,0.34792137147507262718,0.2455594845899171097,3.595699602720299204
4.240000000000000213,0.36410428517520115888,0.21130302520618839124,0.2648769576957351879,0.39067018803167652408,0.4072409572377065079,104.44353359914234147,1.0064102959017229288,0.18039742005126516156,0.59143847404239136,0.35205340792083023027,0.2520212112717484243,3.778493467105710657
4.25,0.36454499428483230772,0.21226496710337509899,0.26671520022421216223,0.39570722453439213795,0.41868405580225151463,130.99375911114734095,1.0111631124134961013,0.1816768296277991579,0.59703785252293506414,0.35622461026048529709,0.25863714796201392465,3.9701162010386092938
4.259999999999999787,0.36498338618228215458,0.21322673424637815509,0.26855347650454483577,0.40082177993468748323,0.4304673582130554288,164.31895877095642788,1.0159271251950261483,0.18296227414400242917,0.60267689583858519153,0.360435256264788062,0.265410599012627757,4.1709719421235176284
4.270000000000000462,0.36541948662021869754,0.21418831052768422252,0.27039160607538006986,0.40601550770659325384,0.4426020184157952453,206.14012990759930233,1.020702334246313514,0.18425376779973315355,0.608355790866814905,0.36468562501472484572,0.27234493156358341448,4.3814823116063514874
4.2800000000000002487,0.36585332166600040282,0.21514967968609707838,0.27222940799764774877,0.41129009991115644818,0.45509928133384536242,258.6115603606928346,1.0254887395673570882,0.18555132479484914843,0.6140747249242909378,0.3689759969045995347,0.27944357658442503523,4.6020871270189056546
4.2900000000000000355,0.3662849177095037212,0.21611082529991536283,0.27406670090631976566,0.41664728803167883076,0.46797038732450788046,324.4287044746602362,1.0302863411581577591,0.18685495932920859197,0.61983388576687692417,0.37330665364511878002,0.2867100299304967126,4.8332451420975557355
4.2999999999999998224,0.36671430147092101692,0.21707173078017588663,0.2759033030626270866,0.4220888438285698152,0.48122645586351589508,406.9625906074096804,1.0350951390187150825,0.18816468560266949583,0.6256334615896304019,0.37767787826647314375,0.29414785341413274278,5.075434814952092921
4.3100000000000004974,0.3671415000085193059,0.2180323793639443869,0.27773903240675038018,0.4276165802145575623,0.49487834818375184276,510.42720228756752476,1.0399151331490297245,0.18948051781509003821,0.63147364102680481057,0.38208995512142118756,0.30176067589097332888,5.3291551054937711385
4.3200000000000002842,0.3675665407263511153,0.2189927541076994999,0.27957370661093938757,0.43323235215097005701,0.5089365109339382687,640.0878188817866885,1.0447463235491007971,0.19080247016632803647,0.6373546131518470492,0.38654316988837045255,0.30955219436157627166,5.594926303164661441
4.330000000000000071,0.36798945138192146187,0.21995283788078351384,0.28140714313306888772,0.438938057565849582,0.5234108069619298753,802.5202103501283091,1.0495887102189285223,0.1921305568562416688,0.6432765674774003628,0.3910378095744627691,0.31752617508851460615,5.8732908860455852462
4.339999999999999858,0.36841026009378885497,0.22091261335893673523,0.28323915927059603592,0.44473563829473200526,0.53831034602095007013,1005.93293949945604027,1.054442293158513344,0.19346479208468894684,0.6492396939553026769,0.39557416251865601398,0.32568645472912666206,6.164814412454721726
4.350000000000000533,0.3688289953491016293,0.2218720630179124853,0.28506957221492124077,0.45062708104489662686,0.5536433390013529854,1260.5679388035249531,1.0593070723678550404,0.19480519005152807654,0.6552441829765871528,0.400152518394807033,0.33403694148411350318,6.470086446186543938
4.3600000000000003197,0.36924568601105708932,0.22283116912719802549,0.28689819910612684994,0.45661441838398469928,0.5694170164162351555,1579.1981260776791487,1.0641830478469536114,0.19615176495661679201,0.66129022537148085537,0.40477316821475378683,0.34258161626215710704,6.7897215165779085666
4.3700000000000001066,0.3696603613262763599,0.22378991374379499091,0.2887248570880694143,0.46269972975391329695,0.5856376786672966017,1977.7452622737777119,1.069070219595808835,0.1975045309998133547,0.6673780124094068622,0.40943640433140005008,0.35132453386075973567,7.124360114627886098
4.3799999999999998934,0.37007305093209480473,0.22474827870613962866,0.29054936336382736206,0.46888514251098328822,0.6023109871535592963,2476.0467297013697134,1.0739685876144207111,0.19886350238097572074,0.67350773579898304266,0.41414252044179694634,0.36026982416347480553,7.4746697264371144698
4.3899999999999996803,0.37048378486374519691,0.22570624562809753211,0.29237153525147824285,0.47517283299327306434,0.61944266919617679834,3098.8066586323923275,1.0788781519027894618,0.20022869329996198506,0.6796795876880225018,0.41889181159022625955,0.36942169335373181704,7.8413459052748564204
4.4000000000000003553,0.3708925935614488245,0.22666379589306732967,0.2941911902401651291,0.48156502761623359854,0.63703990749947631,3876.7751472229720093,1.0837989124609155311,0.2016001179566302981,0.68589376066353335837,0.42368457417128385645,0.37878442514544108377,8.225113383624041319
4.410000000000000142,0.37129950787737667217,0.22762091064820044739,0.29600814604647662787,0.4880640039976975597,0.6551138335461149098,4848.2095630086355413,1.088730869288798031,0.20297779055083847721,0.69215044775171752356,0.42852110593296061092,0.38836238203056827611,8.626727226598520204
4.419999999999999929,0.3717045590824967216,0.22857757079873519679,0.2978222206710850195,0.49467209211332488494,0.67368376916160072065,6060.6845240347151957,1.0936740223864374055,0.20436172528244467284,0.6984498424179731435,0.43340170597972826894,0.39816000654388516988,9.046974028172718008
4.4299999999999997158,0.37210777887329590796,0.22953375700243941471,0.2996332324556516269,0.50139167548370811023,0.6927841980911252362,7573.332673288609385,1.0986283717538334326,0.20575193635130692438,0.704792138566893267,0.4383266747756200954,0.4081818225450764004,9.486673151709339891
4.440000000000000391,0.37250919937835896834,0.23048944966418113967,0.30144100013994348797,0.5082251923943699179,0.7124759514430871743,9459.617442067242337,1.1035939173909867783,0.20714843795728341003,0.7111775305422661786,0.4432963141473152957,0.41843243651841421915,9.946678016320028348
4.4500000000000001776,0.37290885316480287814,0.23144462893062815734,0.30324534291918511797,0.51517513714990154083,0.732863826554776443,11810.762454891476409,1.1085706592978965546,0.2085512443002319749,0.7176062131270738442,0.44831092728721966267,0.4289165388901903242,10.42787743064245376
4.4599999999999999645,0.37330677324456632005,0.23239927468505895691,0.3050460805015857979,0.52224406136356871233,0.7541239127440598211,14739.9910500979030985,1.1135585974745632054,0.20996036958001074169,0.72407838154349424276,0.45337081875655138585,0.43963890536412192356,10.931196975669248417
4.4699999999999997513,0.37370299308053228637,0.23335336654232764764,0.30684303316605279766,0.52943457528378640164,0.7765453520176122115,18387.764786542347792,1.1185577319209867309,0.21137582799647769427,0.73059423145290047774,0.458476294488422087,0.45060439827491599596,11.457600438315365565
4.4800000000000004263,0.37409754659247831943,0.23430688384394696144,0.30863602182004742924,0.5367493491588836152,0.80059314530761443995,22928.253257536747697,1.123568062637167353,0.21279763374949112187,0.7371539589558611105,0.46362766179092068652,0.46181796796021384877,12.008091297465847802
4.490000000000000213,0.3744904681628699883,0.2352598056533180132,0.31042486805756480672,0.5441911146416384404,0.8270007680431404329,28577.320846176075065,1.1285895896231046276,0.21422580103890878633,0.7437577605921376067,0.468825229350194439,0.47328465415111015124,12.583714264300517982
4.5,0.37488179264244861355,0.23621211075109610489,0.31220939421723442608,0.5517626662351585165,0.85690317810368499263,35602.381439922617574,1.1336223128787983327,0.21566034406458878259,0.750405833340688333,0.4740693072335345759,0.48500958738147315064,13.185556878750713139
4.509999999999999787,0.37527155535564638011,0.23716377763070754792,0.31398942344049066144,0.5594668627817132034,0.8920207999140487565,44334.55227267565715,1.1386662324042491345,0.2171012770263892333,0.7570983746196662256,0.47936020689245739668,0.49699799041625519758,13.814751164000364625
4.520000000000000462,0.37565979210579591996,0.23811478449401593527,0.31576477972981309428,0.5673066289961654074,0.93490044508376274335,55183.63626958931127,1.143721348199457255,0.21854861412416831667,0.7638355822864197897,0.48469824116578824613,0.5092551796990254509,14.472475341006342475
4.5300000000000002487,0.3760465391801302848,0.23906510924712666422,0.31753528800700051016,0.5752849570457870265,0.989206072741898812,68656.58254652247706,1.148787660264421584,0.22000236955778373904,0.77061765463749076766,0.49008372428274221688,0.52178656681892388036,15.1599556050739199264
4.5400000000000000355,0.37643183335459104444,0.24001472949635827003,0.31930077417145236174,0.58340490817824541825,1.0600288617701928429,85380.22195496124186,1.1538651685991427875,0.22146255752709378961,0.77744479040861724783,0.49551697186601018075,0.53459765999727404395,15.8784679665892713984
4.5499999999999998224,0.3768157118983807008,0.24096362254436369532,0.32106106515845489469,0.5916696143996214019,1.1541593139258171652,106129.254727018545964,1.1589538732036208657,0.22292919223195639677,0.7843171887747323323,0.50099830093483965765,0.5476940655940486513,16.629340158075002876
4.5600000000000004974,0.37719821257832666928,0.24191176538642736316,0.32281598899742081077,0.60008228020445514295,1.2802573462110515834,131860.68762704364781,1.1640537740778562625,0.22440228787222982199,0.79123504934996458093,0.50652802990811884865,0.56108148963442894264,17.413953609804973865
4.5700000000000002842,0.3775793736629827757,0.24285913470688050286,0.32456537487005995835,0.6086461843597885113,1.4489000840421009109,163756.18739997613011,1.1691648712218478678,0.2258818586477718271,0.7981985721876353468,0.51210647860745728277,0.574765739355664218,18.233745496283145116
4.580000000000000071,0.37795923392650265793,0.24380570687573917266,0.32630905316848823894,0.6173646817453516955,1.6725806996272671867,203274.14648534845037,1.1742871646355965698,0.22736791875844056254,0.8052079577802633281,0.5177339682602720705,0.588752724774476599,19.090210855965288772
4.589999999999999858,0.37833783265226322845,0.24475145794546407374,0.32804685555319335055,0.62624120525206178334,1.9658129244360438292,252213.65903341933154,1.1794206543191017023,0.22886048240409409549,0.81226340705956112664,0.52341082150286832864,0.60304846027521452623,19.984904786674164257
4.600000000000000533,0.3787152096362296494,0.24569636364791465344,0.32977861501088617802,0.63527926774107729146,2.3454895403163500411,312793.0961388501746,1.1845653402723643755,0.23035956378459060412,0.819365121396437468,0.52913736238352371277,0.61765906621900146245,20.919444719237660024
4.6100000000000003197,0.37909140519005898873,0.24664039939145580849,0.3315041659121740203,0.64448246406579012824,2.8315546593456946134,387746.56825034375652,1.1897212224953834792,0.2318651770997879058,0.82651330260099387104,0.53491391636556884226,0.6325907705740945186,21.895512771956155973
4.6200000000000001066,0.37946646014393686785,0.24758354025825991818,0.33322334406904191573,0.65385447315917616384,3.447963144286110504,480442.29343519319082,1.1948883009881592354,0.23337733654954409546,0.8337081529225287557,0.540740810330473165,0.64784991056771012996,22.914858188588414833
4.6299999999999998934,0.37984041584913774692,0.24852576100176435037,0.33493598679211281088,0.66339906018903660456,4.2238781417534392304,595027.7811302020564,1.2000665757506918663,0.234896056333717268,0.84094987504953500057,0.5466183725809263816,0.6634429343595212858,23.979299862625587991
4.6399999999999996803,0.38021331418030054894,0.2494670360443080881,0.33664193294766250886,0.6731200787837426369,5.195089449081362165,736607.8268588798237,1.2052560467829815938,0.23642135065216546286,0.8482386721097004978,0.55254693284392131236,0.67937640273708521654,25.090728950711501
4.6500000000000003553,0.3805851975374172913,0.250407339474975843,0.33834102301434926252,0.68302147333125173834,6.4056812985692412887,911462.63619877648307,1.2104567140850281959,0.23795323370474688596,0.8555747476699087084,0.55852682227383776414,0.69565699083343268683,26.251111578153786041
4.660000000000000142,0.38095610884753186576,0.251346645047575451,0.34003309913964030464,0.69310728135413474105,7.9100141830504200335,1127315.007056749193,1.2156685776568314505,0.2394917196913192714,0.8629583057362361087,0.5645583734555228439,0.71229148986705292934,27.462491639560937529
4.669999999999999929,0.3813260915661241257,0.25228492617884173965,0.3417180051959030629,0.7033816359636499982,9.7751093190256002075,1393657.4599022200564,1.2208916374983913578,0.24103682281174079738,0.87038955075395652017,0.5706419204073774898,0.7292868089045392299,28.72699369773560818
4.6799999999999997158,0.38169518967820667554,0.25322215594679056694,0.34339558683612347867,0.7138487683958151808,12.08354271608162378,1722152.5909691617126,1.2261258936097081396,0.24258855726586955881,0.87786868760753744567,0.576777798584436896,0.7466499766461103249,30.046825984046712676
4.690000000000000391,0.3820634476990851791,0.25415830708929412762,0.34506569154923924514,0.72451301063268569447,14.9369747366430623,2127122.8243611725047,1.2313713459907822401,0.24414693725356370613,0.88539592162064262304,0.58296634488145504527,0.7643881432342795046,31.424283503605163759
4.7000000000000001776,0.38243091067482523626,0.2550933520027962309,0.34672816871502740166,0.7353787981120757933,18.46046416517251032,2626149.2654147560243,1.2366279946416127711,0.24571197697468097343,0.8929714585561283613,0.58920789763598446775,0.7825085820858999064,32.861751248666429603
4.7099999999999999645,0.38279762418236851218,0.25602726274125947592,0.34838286965855660982,0.74645067252913560596,22.807745137879322783,3240803.6426578611135,1.2418958395622001767,0.24728369062907959441,0.90059550461604842564,0.59550279663146366005,0.8010186917478672175,34.361707523790542496
4.7199999999999997513,0.38316363432933800426,0.25696001101528054278,0.35002964770412536843,0.75773328473330214816,28.16768213248562347,3997542.530224645976,1.2471748807525442349,0.24886209241661763625,0.90826826644165059577,0.60185138310029684394,0.81992599777669661343,35.926727386393118024
4.7300000000000004263,0.38352898775350427463,0.25789156819139019694,0.35166835822869704775,0.76923139772427895355,34.77216387903724737,4928799.3613452501595,1.2524651182126456117,0.25044719653715319385,0.9159899511133784422,0.60825399972693805495,0.83923815464225870464,37.559486206435245492
4.740000000000000213,0.38389373162190557065,0.25882190529155349457,0.35329885871476990333,0.78094988975080054106,42.90575309861664266,6074317.4118651757017,1.257766551942503197,0.25203901719054411235,0.92376076615086821775,0.61471099065097267733,0.85896294765591196807,39.262763349110159083
4.75,0.38425791362961925213,0.25975099299286419363,0.35492100880266402863,0.79289375751618140775,52.91747738978579818,7482776.2350564626977,1.263079181942117879,0.25363756857664854216,0.93158091951295385336,0.62122270147020253184,0.8791082949233172128,41.039445984504496323
4.759999999999999787,0.38462158199819473925,0.26067880162741782768,0.35653467034218810916,0.8050681194946529007,65.235229839311081435,9213775.308760621585,1.2684030082114894356,0.25524286489532460598,0.93945061959766307247,0.62778947924372752176,0.8996822493221658945,42.892533028326937483
4.770000000000000462,0.38498478547372913527,0.26160530118239458397,0.358139707443659,0.81747821936275799626,80.383349085500206854,11340252.327906370163,1.2737380307506180888,0.25685492034643037096,0.9473700752422191673,0.63441167249502905534,0.92069300050511071465,44.825139217924864
4.7800000000000002487,0.38534757332456559542,0.262530461300309631,0.35973598652821991983,0.8301294295502157916,99.004071333241412844,13951430.140220129862,1.2790842495595031725,0.2584737491298236267,0.9553394957230391116,0.6410896312150505816,0.942148876928146084,46.840499327932050733
4.7900000000000000355,0.38570999533865574227,0.26345425127949140265,0.36132337637745065573,0.84302725491476604436,121.8836957302685704,17156406.38439058885,1.2844416646381451308,0.26009936544536260694,0.9633590907557358918,0.64782370686528489845,0.96405834790473732276,48.941972530025026344
4.7999999999999998224,0.38607210182053028347,0.26437664007472341798,0.36290174818223050468,0.85617733654574879054,149.98448503575997393,21088524.176287863404,1.2898102759865439637,0.2617317834929053233,0.97142907049511795226,0.65461425238085357847,0.98643002568593063373,51.133046901393164774
4.8100000000000004974,0.38643394358791102738,0.2652975962980829716,0.36447097559077806794,0.86958545570135203917,184.48354225701370979,25910691.577971832827,1.2951900836046998933,0.26337101747231000948,0.97954964553518841797,0.66146162217359150137,1.0092726675667513803,53.417344086670794923
4.8200000000000002842,0.38679557196793612484,0.26621708822000023087,0.3660309347559206894,0.8832575378845758385,226.82016887899551705,31821853.133949901909,1.3005810874926122533,0.26501708158343439958,0.98772102690914398426,0.668366172135127945,1.0325951780191375828,55.798624118216061163
4.830000000000000071,0.3871570387930271251,0.26713508377046757403,0.36758150438143954997,0.8971996570632514434,278.75353109419191355,39064859.743653114885,1.305983287650281488,0.2666699900261366718,0.99594342608937813655,0.67532825963997200613,1.0564066108517271569,58.28079039977116338
4.839999999999999858,0.3875183963963477196,0.26805155054048496188,0.36912256576758531446,0.9114180400395828774,342.43284866613879558,47936035.09248976037,1.3113966840777075973,0.26832975700027483779,1.0042170549874787078,0.6823482435485940245,1.0807161713967294858,60.867894858680706704
4.850000000000000533,0.38787969760688598142,0.268966455783665237,0.3706540028556112032,0.9259190709749190451,420.48279072246458554,58796799.632603377104,1.3168212767748908032,0.26999639670570713124,1.0125421259542295438,0.6894264842105091162,1.105533218724204847,63.56414327200497638
4.8600000000000003197,0.38824099574416842673,0.26987976641805516698,0.3721757022713687857,0.9407092960756793798,516.1073307292552954,72087788.91000956297,1.3222570657418304396,0.27166992334229128625,1.0209188517796066176,0.6965633434673579316,1.1308672678840088199,66.373900772016085625
4.8700000000000001066,0.38860234461254369864,0.2707914490281257136,0.37368755336790346333,0.95579542844663856194,633.215999448904995,88345994.5487838462,1.3277040509785271727,0.27335035110988559204,1.0293474456927840244,0.7037591846559932973,1.1567279921757223082,69.30169753673328614
4.8799999999999998934,0.38896379849511630855,0.2717014698669727446,0.37518944826698191752,0.9711843531178349087,776.5773042649016702,108225566.63706340641,1.3331622324849805583,0.27503769420834794923,1.0378281213621292078,0.711014372611560419,1.1831252254468165308,72.35223467131062591
4.8899999999999996803,0.38932541214724714074,0.27260979485870578953,0.37668128189957841845,0.9868831322519089344,952.0050852753770414,132523049.47350757569,1.3386316102611905965,0.276731966837536425,1.0463610928952051804,0.71832927367058063695,1.2100689644193771688,75.53039028626901086
4.9000000000000003553,0.38968724078968780544,0.2735163896010133766,0.37816295204523572848,1.0028990105386135223,1166.5847883821985533,162207983.26275157928,1.3441121843071581754,0.27843318319730930854,1.0549465748387709674,0.7257042556740347372,1.2375693710456712182,78.841225778735093854
4.910000000000000142,0.39004934010129305166,0.27442121936792518433,0.37963435937026582256,1.0192394207837830455,1428.9480957627891939,198459997.96160829067,1.3496039546228819628,0.28014135748752427846,1.0635847821787773881,0.73313968797044337666,1.26563677489284232,82.289992323028855026
4.919999999999999929,0.39041176621134768276,0.27532424911277425528,0.38109540746479020346,1.0359119897001325405,1749.6061157245179629,242713758.75705210865,1.3551069212083626248,0.28185650390803951293,1.0722759303403730513,0.740635941418954169,1.2942816755570709653,85.882137577131899775
4.9299999999999997158,0.39077457569147952543,0.27622544347131877673,0.38254600287854326202,1.0529245439076466706,2141.353458419999015,296713403.6205189228,1.3606210840636001613,0.28357863665871313463,1.0810202351879012461,0.74819338839242144346,1.3235147451074513736,89.62331261174826125
4.940000000000000391,0.39113782554718670714,0.2771247667650785229,0.38398605515541367472,1.0702851161516295786,2619.7580850086501414,362578451.6487350464,1.3661464431885950166,0.28530776993940326625,1.0898179130249006086,0.75581240278049099945,1.3533468305599334336,93.51937906887458496
4.9500000000000001776,0.39150157320895515034,0.2780221830048316689,0.3854154768666922526,1.0880019517467156565,3203.754904137614858,442883568.00011259317,1.3716829985833460803,0.28704391794996769738,1.0986691805941020128,0.7634933599926798653,1.3837889563815992666,97.576416556987823014
4.9599999999999999645,0.391865876522962453,0.27891765589430883576,0.38683418364299329562,1.1060835152556223182,3916.36480736248609,540755060.9890033603,1.3772307502478542407,0.28878709489026460622,1.1075742550774343442,0.7712366369614637174,1.4148523270256343487,101.80073029017336239
4.9699999999999997513,0.39223079374139371844,0.27981114883407062766,0.38824209420481217703,1.1245384974115589793,4785.565311827568621,659987575.8658693433,1.3827896981821188316,0.29053731496015200442,1.1165333540960207248,0.7790426121453566388,1.4465483294972445449,106.19885897871471059
4.9800000000000004263,0.39259638351235645604,0.2807026249255424044,0.38963913039164183028,1.1433758222938098514,5845.3443670790152282,805185157.82212108374,1.3883598423861409632,0.29229459235948812568,1.1255466957101796233,0.78691166553199565215,1.4788885359508849859,110.777582978895040355
4.990000000000000213,0.3929627048693817848,0.28159204697527095984,0.39102521718968591413,1.1626046547661657016,7136.9753665761086268,981931707.55573654175,1.3939411828599195253,0.2940589412881307041,1.1346144984194224126,0.794844178641220811,1.5118847063190767877,115.5439327099723954
5.0,0.39332981722053100837,0.28247937749930168705,0.39240028275806296265,1.1822344081884175182,8710.559202947199992,1196996874.7334582806,1.39953371960345474,0.29583037594593797337,1.1437369811624573668,0.80284053452816239727,1.5455487909731822072,120.50519734652993975
