t,n1,n2,n5,n10,n15,n20,f1,f2,f5,f10,f15,f20
0.0,0.0,0.0,0.0,0.0,0.0,0.0,0.0,0.0,0.0,0.0,0.0,0.0
0.02,6.226679270260931e-06,8.209544525344664e-09,1.7554167342883506e-16,1.7554167342883506e-16,1.7554167342883506e-16,1.7554167342883506e-16,3.056039916049454e-05,9.04562686318526e-08,6.231111271582837e-16,1.7554167342883506e-16,1.7554167342883506e-16,1.7554167342883506e-16
0.04,2.4777607159000526e-05,6.520432544388118e-08,1.8354390915315477e-15,2.3551386880256624e-16,2.3551386880256624e-16,2.3551386880256624e-16,0.00012188276921226761,7.220525586434812e-07,3.3736910723807665e-14,2.3551386880256624e-16,2.3551386880256624e-16,2.3551386880256624e-16
0.06,5.546081535275877e-05,2.18483808121243e-07,2.01632556377274e-14,1.7772239894833365e-16,1.7772239894833365e-16,1.7772239894833365e-16,0.00027343242180171,2.431554520072086e-06,3.857086158840462e-13,1.7772239894833365e-16,1.7772239894833365e-16,1.7772239894833365e-16
0.08,9.80865788173145e-05,5.141694227710013e-07,1.1168515646367511e-13,2.435541875787129e-16,2.435541875787129e-16,2.435541875787129e-16,0.00048467937226627625,5.7509939556992145e-06,2.16508837308369e-12,2.435541875787129e-16,2.435541875787129e-16,2.435541875787129e-16
0.1,0.00015246739247400709,9.970312356897197e-07,4.202494471501859e-13,2.603703785810335e-16,2.603703785810335e-16,2.603703785810335e-16,0.0007550982982384316,1.1207710495066421e-05,8.249309222065278e-12,2.603703785810335e-16,2.603703785810335e-16,2.603703785810335e-16
0.12,0.0002184179481037741,1.7105141672316711e-06,1.2384947796818375e-12,2.8441001681421824e-16,2.8441001681421824e-16,2.8441001681421824e-16,0.0010841684986141714,1.932439290289889e-05,2.460163032929178e-11,2.8441001681421824e-16,2.8441001681421824e-16,2.8441001681421824e-16
0.14,0.00029575511147487016,2.6967637670195115e-06,3.081896389436079e-12,1.8619006149354548e-16,1.8619006149354548e-16,1.8619006149354548e-16,0.0014713738528817912,3.061912002487396e-05,6.195887150855909e-11,1.8619006149354548e-16,1.8619006149354548e-16,1.8619006149354548e-16
0.16,0.00038429789969529046,3.9966515512895196e-06,6.77740789226509e-12,2.435541875787129e-16,2.435541875787129e-16,2.435541875787129e-16,0.0019162027808102265,4.5605401373011516e-05,1.3788300920526882e-10,2.435541875787129e-16,2.435541875787129e-16,2.435541875787129e-16
0.18,0.0004838674587862567,5.649799911270841e-06,1.3559348265811337e-11,2.830524433501838e-16,2.830524433501838e-16,2.830524433501838e-16,0.002418148202491822,6.479221735416858e-05,2.791783411105682e-10,2.830524433501838e-16,2.830524433501838e-16,2.830524433501838e-16
0.2,0.0005942870414737245,7.694606597422926e-06,2.517765765090842e-11,2.3055512673781017e-16,2.3055512673781017e-16,2.3055512673781017e-16,0.002976707498737467,8.868405914510959e-05,5.246662617601024e-10,2.3055512673781017e-16,2.3055512673781017e-16,2.3055512673781017e-16
0.22,0.0007153819851982642,1.0168268788966321e-05,4.401276106803587e-11,3.2009291313835888e-16,3.2009291313835888e-16,3.2009291313835888e-16,0.0035913824718202605,0.0001177809682168253,9.283166707474174e-10,3.2009291313835888e-16,3.2009291313835888e-16,3.2009291313835888e-16
0.24,0.0008469796903386471,1.3106806751323384e-05,7.319574532853796e-11,4.08865160135725e-16,4.08865160135725e-16,4.08865160135725e-16,0.004261679306565305,0.00015257857551182993,1.5627337817263802e-09,4.08865160135725e-16,4.08865160135725e-16,4.08865160135725e-16
0.26,0.0009889095986497201,1.6545087093586037e-05,1.1673624398976388e-10,3.236828524569469e-16,3.236828524569469e-16,3.236828524569469e-16,0.0049871085317816565,0.00019356814027666303,2.5229902696784277e-09,3.236828524569469e-16,3.236828524569469e-16,3.236828524569469e-16
0.28,0.0011410031719093683,2.051684562540866e-05,1.7965208641312677e-10,3.925231146709438e-16,3.925231146709438e-16,3.925231146709438e-16,0.005767184982034669,0.0002412365885534349,3.930810157378517e-09,3.925231146709438e-16,3.925231146709438e-16,3.925231146709438e-16
0.3,0.001303093870776997,2.5054709827834716e-05,2.681013880005267e-10,3.152427400121712e-16,3.152427400121712e-16,3.152427400121712e-16,0.006601427759755413,0.0002960665513315353,5.939095817865038e-09,3.152427400121712e-16,3.152427400121712e-16,3.152427400121712e-16
0.32,0.0014750171338571412,3.0190220936603824e-05,3.8951877963905913e-10,2.7894008272968645e-16,2.830524433501838e-16,2.830524433501838e-16,0.007489360197682612,0.0003585364023663177,8.736793952405994e-09,2.830524433501838e-16,2.830524433501838e-16,2.830524433501838e-16
0.34,0.0016566103569680753,3.595385564926732e-05,5.527485752848758e-10,3.815760786470701e-16,3.764949453935611e-16,3.764949453935611e-16,0.008430509821636149,0.0004291202956634738,1.2554101855839726e-08,3.236828524569469e-16,3.236828524569469e-16,3.236828524569469e-16
0.36,0.00184771287261557,4.2375047460112304e-05,7.681794627187831e-10,5.117875266520903e-16,4.933939044724272e-16,4.933939044724272e-16,0.009424408313618604,0.0005082882026346896,1.7668007143188318e-08,4.933939044724272e-16,4.933939044724272e-16,4.933939044724272e-16
0.38,0.0020481659296651892,4.948220762883159e-05,1.0478766475592612e-09,7.776515945702112e-16,6.667118051786499e-16,6.667118051786499e-16,0.01047059147524204,0.000596505948925612,2.4408161188157726e-08,7.114312260401321e-16,6.667118051786499e-16,6.667118051786499e-16
0.4,0.002257812673216312,5.7302745789056773e-05,1.4057114169337517e-09,1.0677783136387644e-15,8.763908156876301e-16,8.763908156876301e-16,0.01156859919147601,0.0006942352509217383,3.316307941914035e-08,9.125634816017134e-16,8.763908156876301e-16,8.763908156876301e-16
0.42,0.002476498124672383,6.586309020395896e-05,1.8574861636678932e-09,1.1500994243130258e-15,7.731808680624463e-16,7.731808680624463e-16,0.01271797539471579,0.0008019337519316395,4.4386670156997973e-08,9.43689570931383e-16,7.731808680624463e-16,7.731808680624463e-16
0.44,0.0027040691620068415,7.518870767021529e-05,2.4210567104584896e-09,1.6126920961239077e-15,1.0179146870343963e-15,1.0179146870343963e-15,0.013918268029166118,0.0009200550580538638,5.860508476935993e-08,1.2291051413029514e-15,1.0179146870343963e-15,1.0179146870343963e-15
0.46,0.0029403745002232785,8.530412308287296e-05,3.1164461104792608e-09,2.0690473847604234e-15,8.459761032879693e-16,8.459761032879693e-16,0.015169029015540242,0.0010490487737261098,7.642389058048496e-08,1.2265954804071752e-15,8.219587729874549e-16,8.219587729874549e-16
0.48,0.003185264672007269,9.623293865894598e-05,3.965955181220738e-09,3.179679517821762e-15,1.0114613123884174e-15,1.0114613123884174e-15,0.016469814216068152,0.0011893605369644566,9.853555910363932e-08,1.7046533665503558e-15,1.012983452169639e-15,1.012983452169639e-15
0.5,0.0034385920085688564,0.00010799785283187682,4.994262628355084e-09,4.665001393311476e-15,7.488863730937846e-16,7.488863730937846e-16,0.0178201833998149,0.0013414320542900302,1.2572727182829812e-07,1.899584781946814e-15,7.468261590855957e-16,7.468261590855957e-16
0.52,0.003700210620672716,0.00012062067881727711,6.228520407568459e-09,6.684658270823939e-15,8.746309929968238e-16,8.746309929968238e-16,0.019219700208301896,0.0015057011353517265,1.5888903471059376e-07,2.559690151327964e-15,8.087309868639295e-16,8.087309868639295e-16
0.54,0.003969976379855444,0.00013412236285754414,7.698437656259696e-09,9.771578929877728e-15,7.173621687406365e-16,7.173621687406365e-16,0.02066793212143324,0.001682601727241892,1.990221056347453e-07,3.389477438228309e-15,7.711855592701269e-16,7.711855592701269e-16
0.56,0.004247746899826939,0.00014852300215098863,9.4363564520446e-09,1.4194148181496556e-14,8.1773032027145e-16,8.1773032027145e-16,0.022164450423721754,0.0018725639485110282,2.472477260626903e-07,4.7624071011497795e-15,8.1773032027145e-16,8.1773032027145e-16
0.58,0.004533381518056421,0.00016384186246853964,1.1477317128262837e-08,2.0563641252596377e-14,8.41868291085074e-16,8.41868291085074e-16,0.023708830170811372,0.0020760141228844888,3.0481615766483244e-07,6.68794194056938e-15,8.41868291085074e-16,8.41868291085074e-16
0.6,0.004826741277538513,0.0001800973954657213,1.385911274732453e-08,2.9167570987485327e-14,9.566618574882216e-16,9.566618574882216e-16,0.025300650156295883,0.0022933748126803895,3.731160203345395e-07,9.38171302068296e-15,8.829589126839103e-16,8.829589126839103e-16
0.62,0.005127688908738541,0.00019730725569013242,1.6622332131909107e-08,4.1210562326131035e-14,9.824846503263461e-16,9.824846503263461e-16,0.026939492878828162,0.0025250648519373736,4.5368392721846364e-07,1.3241707786869335e-14,9.824846503263461e-16,9.824846503263461e-16
0.64,0.005436088811718217,0.00021548831729675886,1.9810390780252167e-08,5.740205339778681e-14,1.1216137658185826e-15,1.1216137658185826e-15,0.02862494450952139,0.0027714993792462696,5.482144189636254e-07,1.841709502613362e-14,1.1216137658185826e-15,1.1216137658185826e-15
0.66,0.005751807038434588,0.00023465669046777966,2.3469549436589547e-08,7.934187018498512e-14,1.0870835358315423e-15,1.0870835358315423e-15,0.03035659485963503,0.0030330898702979853,6.585701872057637e-07,2.555238046668635e-14,1.1690337414023526e-15,1.1690337414023526e-15
0.68,0.006074711275216425,0.00025482773754849147,2.7648918821138116e-08,1.0834716638690591e-13,9.698578168158083e-16,9.698578168158083e-16,0.03213403734854747,0.003310244170140671,7.867925932689306e-07,3.497622140265004e-14,9.698578168158083e-16,9.698578168158083e-16
0.7000000000000001,0.006404670825410523,0.0002760160888968655,3.240045216954082e-08,1.4659747007803194e-13,8.331297329690976e-16,8.331297329690976e-16,0.03395686897200862,0.003603366525157719,9.351124703676798e-07,4.759255762043924e-14,8.331297329690976e-16,8.331297329690976e-16
0.72,0.00674155659220296,0.0002982356584601376,3.7778921897774385e-08,1.9669105132037738e-13,9.686656125337893e-16,9.686656125337893e-16,0.03582469027067424,0.0039128576147606136,1.1059612153714313e-06,6.468422456684666e-14,9.824846503263461e-16,9.824846503263461e-16
0.74,0.007085241061607094,0.000321499659073922,4.384188252241138e-08,2.61811741973253e-13,9.757969893912614e-16,9.757969893912614e-16,0.03773710529891621,0.004239114582805124,1.3019821627197075e-06,8.722491145432927e-14,9.757969893912614e-16,9.757969893912614e-16
0.76,0.0074355982856214925,0.00034582061749453255,5.064961868106148e-08,3.4560221857016034e-13,1.0076459034209143e-15,1.0076459034209143e-15,0.039693721593907494,0.0045825310687312775,1.526042237291057e-06,1.1660572192133123e-13,1.0076459034209143e-15,1.0076459034209143e-15
0.78,0.0077925038655530165,0.0003712103891666407,5.826507702778542e-08,4.52545314832731e-13,1.1025638216888958e-15,1.1025638216888958e-15,0.041694150144979965,0.004943497238428517,1.781243887774823e-06,1.5463247704637255e-13,1.0510534791819674e-15,1.0510534791819674e-15
0.8,0.008155834935506614,0.0003976801727282192,6.675378385462573e-08,5.883403389276462e-13,9.734256687793475e-16,9.734256687793475e-16,0.04373800536325085,0.005322399814831143,2.070937293651489e-06,2.0392013849179653e-13,9.734256687793475e-16,9.734256687793475e-16
0.8200000000000001,0.008525470146037023,0.00042524052426411705,7.618374378100348e-08,7.596025740168276e-13,9.666753379582448e-16,9.666753379582448e-16,0.04582490505151895,0.00571962210824197,2.398732847973374e-06,2.670782841585701e-13,9.746120502906707e-16,9.746120502906707e-16
0.84,0.008901289647962602,0.00045390137130208336,8.662532489525162e-08,9.742427177478849e-13,9.968850742707575e-16,9.968850742707575e-16,0.0479544703744232,0.006135544046392551,2.76851390840425e-06,3.476250755018003e-13,1.0087920413118926e-15,1.0087920413118926e-15
0.86,0.009283175076340437,0.00048367202656538193,9.815112453827775e-08,1.2417338458553982e-12,9.142502916948183e-16,9.057848289240456e-16,0.05012632582886641,0.006570542204236272,3.18444981852256e-06,4.498007390052935e-13,9.18873053048877e-16,9.18873053048877e-16
0.88,0.009671009534599644,0.0005145612014785929,1.1083581991891823e-07,1.573120745560619e-12,1.0609021912975298e-15,1.0641648402854206e-15,0.052340099214698135,0.0070249898334811,3.651009194855565e-06,5.787743343029242e-13,1.0641648402854206e-15,1.0641648402854206e-15
0.9,0.010064677578831048,0.0005465770194351136,1.2475599946314116e-07,1.9810490694790066e-12,8.54583310691029e-16,9.07059685049571e-16,0.05459542160565579,0.0074992568918622595,4.17297347759387e-06,7.401476094044755e-13,9.07059685049571e-16,9.07059685049571e-16
0.92,0.01046406520223477,0.0005797270288279298,1.399899781873247e-07,2.481388956923327e-12,1.1004656964352382e-15,1.130166686430641e-15,0.0568919273205622,0.007993710072157573,4.755450741634303e-06,9.420855751191208e-13,1.1362849267314967e-15,1.1362849267314967e-15
0.9400000000000001,0.010869059819720637,0.0006140182158485808,1.5661759283957462e-07,3.0911431301715448e-12,1.0072635676441374e-15,1.0163999321966297e-15,0.0592292538947773,0.008508712830945836,5.4038897707237354e-06,1.1921250034573674e-12,9.726339438262527e-16,9.726339438262527e-16
0.96,0.011279550252661264,0.0006494570170559774,1.747199821963253e-07,3.831363297156623e-12,1.1247003100708814e-15,1.0477500027681815e-15,0.06160704205189858,0.009044625417116849,6.124094381289186e-06,1.501744605743653e-12,1.055077015130091e-15,1.055077015130091e-15
0.98,0.011695426713798834,0.0006860493317243987,1.9437934474308385e-07,4.725103148332929e-12,1.0666955569158329e-15,1.0510534791819674e-15,0.06402493567571495,0.009601804900124489,6.922238009912524e-06,1.8825099031348277e-12,9.953383160477617e-16,9.953383160477617e-16
1.0,0.012116580792297894,0.0007238005339649066,2.1567868169846638e-07,5.799962355566276e-12,1.0867291483613812e-15,1.0695804724124398e-15,0.06648258178240336,0.010180605197997083,7.804878544922607e-06,2.349237114925652e-12,1.084955474666808e-15,1.084955474666808e-15
1.02,0.012542905438951538,0.0007627154846343709,2.3870151879619645e-07,7.0869261919468945e-12,1.159106867033638e-15,1.1039603565383328e-15,0.06897963049297354,0.010781377105097202,8.778973413542052e-06,2.9186806539361695e-12,1.1109166973105323e-15,1.1109166973105323e-15
1.04,0.012974294951530836,0.0008027985430271589,2.6353160984536884e-07,8.621474727817693e-12,1.279167729717802e-15,1.1667250253135476e-15,0.07151573500595337,0.011404468319640126,9.851894914433712e-06,3.6110341967555793e-12,1.1105699151271772e-15,1.1105699151271772e-15
1.06,0.01341064496028185,0.0008440535783575055,2.902526213723839e-07,1.044428579820365e-11,1.313926787210276e-15,1.1938124470981842e-15,0.07409055157031529,0.012050223470968837,1.1031445796719631e-05,4.449572404460625e-12,1.2434373966364663e-15,1.2434373966364663e-15
1.08,0.01385185241356747,0.0008864839810353724,3.1894779763905775e-07,1.26006190439678e-11,1.3827737518436079e-15,1.2406462878493124e-15,0.07670373945864227,0.012718984146588709,1.2325875082936357e-05,5.461241259524646e-12,1.2582187465962776e-15,1.2582187465962776e-15
1.1,0.014297815563650496,0.0009300926737377797,3.49699607549814e-07,1.5142261871668136e-11,1.516430134756745e-15,1.2836766183185386e-15,0.07935496094052764,0.013411088918966809,1.3743894131819517e-05,6.677929238723678e-12,1.2734335527125286e-15,1.2734335527125286e-15
1.12,0.014748433952620444,0.0009748821222794596,3.8258937035942914e-07,1.812738723367133e-11,1.796409812602696e-15,1.375792117052491e-15,0.08204388125621183,0.014126873372092298,1.5294692942972858e-05,8.136002135837372e-12,1.340625907590245e-15,1.340625907590245e-15
1.1400000000000001,0.015203608398459105,0.0010208543462871238,4.176968632797028e-07,2.1621031531875592e-11,1.935938963856444e-15,1.322692239896101e-15,0.08477016859044913,0.014866670127805837,1.698795669603355e-05,9.877698864300572e-12,1.3021477347208045e-15,1.3021477347208045e-15
1.16,0.015663240981245975,0.0010680109296801882,4.5509990884973173e-07,2.5695841810138762e-11,2.3654606882018218e-15,1.4004881489551994e-15,0.08753349404660592,0.015630808871896,1.8833882526830475e-05,1.1951816628115964e-11,1.3811013782199764e-15,1.3811013782199764e-15
1.18,0.016127235029501256,0.0011163530309593436,4.948739439484748e-07,3.043297436172858e-11,2.856128301117892e-15,1.3463600052204709e-15,0.09033353162098652,0.016419616379966345,2.0843196535639736e-05,1.4414279691589445e-11,1.3432092807533615e-15,1.3432092807533615e-15
1.2,0.01659549510666456,0.0011658813933087579,5.370915667175618e-07,3.592240768942111e-11,3.357191479130814e-15,1.2471491583155287e-15,0.09316995817738474,0.017233416543075645,2.302717102654021e-05,1.7329153785927282e-11,1.250849905792134e-15,1.250849905792134e-15
1.22,0.017067926997709808,0.0012165963545133854,5.818220675966508e-07,4.22640591403732e-11,4.268406877735914e-15,1.2671415842894742e-15,0.09604245342185984,0.01807253039315197,2.5397641975534467e-05,2.0770187330678592e-11,1.2729041056627091e-15,1.2729041056627091e-15
1.24,0.017544437695892715,0.0012684978566943911,6.291309367960724e-07,4.9567664381263156e-11,5.29457157091483e-15,1.2521579643661773e-15,0.0989506998777351,0.018937276128182974,2.796702672656534e-05,2.4820820615085622e-11,1.1893677077138192e-15,1.1893677077138192e-15
1.26,0.01802493538963191,0.0013215854558666896,6.790793552598041e-07,5.79547404750074e-11,6.5583230215509896e-15,1.2858502468236501e-15,0.1018943828608154,0.019827969137185722,3.0748341910490654e-05,2.957693504334141e-11,1.2493092599238253e-15,1.2493092599238253e-15
1.28,0.018509329449520447,0.0013758583313195987,7.317236643440956e-07,6.755772446128478e-11,8.172838853435969e-15,1.2795440772883087e-15,0.10487319045482388,0.020744922024955564,3.3755221589205214e-05,3.514680598151559e-11,1.2628786905111156e-15,1.2628786905111156e-15
1.3,0.01899753041546746,0.0014313152948263444,7.871148180269066e-07,7.852255342186149e-11,1.0168366023475335e-14,1.2291051413029514e-15,0.10788681348705455,0.02168844463659853,3.70019356184337e-05,4.165362790056821e-11,1.263107424540916e-15,1.263107424540916e-15
1.32,0.019489449983968996,0.0014879547996826334,8.452978126589985e-07,9.100774628372855e-11,1.2809792036006986e-14,1.237304211903206e-15,0.11093494550423955,0.022658844081846652,4.050340823157319e-05,4.9236813620643654e-11,1.2917529577349924e-15,1.2917529577349924e-15
1.34,0.019985000995506458,0.0015457749495786537,9.063111003636005e-07,1.0518569377440532e-10,1.5855340684887862e-14,1.216267565251921e-15,0.11401728274862838,0.023656424759160685,4.427523683946937e-05,5.80536945869109e-11,1.2363699271901388e-15,1.2363699271901388e-15
1.36,0.020484097422070396,0.0016047735073050037,9.701859829562962e-07,1.212436370058281e-10,1.969642894439634e-14,1.1795303267933976e-15,0.1171335241342777,0.02468148837962023,4.833371104481622e-05,6.828201410600967e-11,1.1545285247712184e-15,1.1545285247712184e-15
1.3800000000000001,0.020986654354810376,0.0016649479032999916,1.0369459848221701e-06,1.3938374379546724e-10,2.429251953535545e-14,1.0314473817308903e-15,0.12028337122355093,0.025734333990603275,5.2695831871279776e-05,8.012159868741001e-11,1.0771166132313023e-15,1.0771166132313023e-15
1.4000000000000001,0.021492587991808445,0.001726295244034584,1.1066062097379587e-06,1.5982410763328255e-10,2.990817824000024e-14,1.1291437566511848e-15,0.1234665282038236,0.026815257999258147,5.73793312029631e-05,9.379723809378062e-11,1.1821399103521455e-15,1.1821399103521455e-15
1.42,0.022001815625975335,0.0017888123202438714,1.1791726779556594e-06,1.8279911053214175e-10,3.6778612043219915e-14,1.2813490069415586e-15,0.12668270186439406,0.027924554195768832,6.240269143310282e-05,1.0956097158791262e-10,1.2676734380733507e-15,1.2676734380733507e-15
1.44,0.022514255633068338,0.001852495615002052,1.2546416440261398e-06,2.0855925458090935e-10,4.4903454123776996e-14,1.2335628273664683e-15,0.12993160157359793,0.02906251377641526,6.778516532145386e-05,1.2769494976041983e-10,1.2558439518740803e-15,1.272601465595269e-15
1.46,0.023029827459829268,0.001917341311648172,1.3329988995031913e-06,2.3737278288523225e-10,5.486131577691756e-14,1.3048072926061981e-15,0.13321293925612346,0.030229425366431167,7.35467960563801e-05,1.4851503767995176e-10,1.28044686014565e-15,1.2974803907531254e-15
1.48,0.023548451612242133,0.001983345301562051,1.4142190550594763e-06,2.6952440434021835e-10,6.672716311666558e-14,1.289439925312343e-15,0.1365264293705268,0.031425575042660726,7.970843752180446e-05,1.7237358344612053e-10,1.330531775224007e-15,1.3478611636739445e-15
1.5,0.02407004964390846,0.0020505031917937505,1.498264807405189e-06,3.0531659953107543e-10,8.090103865912684e-14,1.2150001244332514e-15,0.13987178888694562,0.03265124635601561,8.629177476554758e-05,1.9966341071046615e-10,1.1769967752707477e-15,1.205371955060234e-15
1.52,0.024594544144540105,0.0021188103125498576,1.5850861883868649e-06,3.450686476275991e-10,9.777271446622877e-14,1.3389728097426318e-15,0.14324873726500792,0.033906720353735216,9.331934466836237e-05,2.3082224031417125e-10,1.3036259367346513e-15,1.3297354180219165e-15
1.54,0.02512185872856769,0.0021882617245371112,1.6746197987218617e-06,3.891165132060936e-10,1.1772055824522511e-13,1.2098374922832816e-15,0.14665699643193686,0.0351922756014499,0.00010081455681248269,2.663356689520796e-10,1.131954589195533e-15,1.1765876270068222e-15
1.56,0.025651918023863133,0.0022588522261677503,1.7667880257539648e-06,4.378128108411719e-10,1.4136782030228168e-13,1.1883147037820922e-15,0.15009629076084616,0.0365081882050518,0.00010880171454489717,3.0674376654736245e-10,1.2184033819444534e-15,1.263793378238838e-15
1.58,0.026184647660577636,0.0023305763606279715,1.8614982461546727e-06,4.915255986346014e-10,1.6936733796843241e-13,1.2813490069415586e-15,0.15356634704922903,0.03785473183237122,0.00011730603623806422,3.5264445948778996e-10,1.2521579643661773e-15,1.3504306958671642e-15
1.6,0.026719974260090006,0.0024034284228104325,1.9586420151295137e-06,5.506371881072049e-10,2.0229843216431734e-13,1.3730596573203457e-15,0.157066894497635,0.03923217773466362,0.00012635367674289992,4.0469972731844697e-10,1.1578600236159615e-15,1.2662293152120488e-15
1.62,0.027257825424068377,0.0024774024661161497,2.0580942417998464e-06,6.15543524471361e-10,2.4088774494769715e-13,1.2929451619183702e-15,0.16059766468853415,0.04064079476790795,0.00013597174903303474,4.6364175611127e-10,1.1413584075055155e-15,1.279243008089485e-15
1.6400000000000001,0.027798129723641023,0.002552492309124559,2.159712353374329e-06,6.866516685759341e-10,2.860107779875126e-13,1.1977584128588085e-15,0.1641583915653685,0.04208084941391616,0.00014618834604007266,5.302786997457708e-10,1.0362907589042387e-15,1.183198409640193e-15
1.6600000000000001,0.02834081668867749,0.00262869154213719,2.263335448039008e-06,7.643783429041347e-10,3.3874027541209845e-13,1.0728167293465423e-15,0.16774881141178713,0.043552605801258214,0.00015703256267657906,6.055016970551361e-10,8.294227969709541e-16,1.0114613123884174e-15
1.68,0.028885816797177142,0.0027059935335933508,2.3687834386417324e-06,8.491470664222602e-10,4.002233213708729e-13,1.4307588678352454e-15,0.17136866283106403,0.04505632572600273,0.00016853451804551317,6.902930132316806e-10,1.0678684938098335e-15,1.292349197304123e-15
1.7,0.029433061464766444,0.0027843914363638016,2.475856188882134e-06,9.41385109742102e-10,4.713791291785246e-13,1.2259672624502659e-15,0.17501768672569779,0.04659226867227443,0.00018072537783568948,7.857322026199015e-10,9.599778530722948e-16,1.2180872009654837e-15
1.72,0.02998248303430035,0.0028638781939219655,2.584332644419471e-06,1.0415204761936449e-09,5.539361678000333e-13,1.2446758804062575e-15,0.17869562627719032,0.04816069183263147,0.00019363737689954313,8.93006272350709e-10,7.703109864630696e-16,1.0753270844771355e-15
1.74,0.030534014765571053,0.0029444465463947995,2.6939699606064974e-06,1.1499774062712793e-09,6.490336058489964e-13,1.1161917760958924e-15,0.18240222692600275,0.049761850128264055,0.00020730384201249946,1.0134181792285196e-09,5.737084865119032e-16,9.486764796347358e-16
1.76,0.03108759082511973,0.0030260890364970055,2.804502629980296e-06,1.2671717230187132e-09,7.58598089976173e-13,1.2372263817907275e-15,0.18613723635168972,0.051395996229013606,0.00022175921481363018,1.1483965567866185e-09,6.057141688996291e-16,1.0400010849839876e-15
1.78,0.031643146276151723,0.003108798015348548,2.9156416134932414e-06,1.3935057465997618e-09,8.844347186494136e-13,1.2827761084789717e-15,0.18990040445320694,0.05306338057321743,0.00023703907492393916,1.2995061528901232e-09,5.509324452557032e-16,1.0656117000158708e-15
1.8,0.032200617068554385,0.003192565648179134,3.0270734784916005e-06,1.5293614733014916e-09,1.0284143860329455e-12,1.2161883888976235e-15,0.19369148332939282,0.05476425138737751,0.0002531801632422759,1.468458724530171e-09,2.9796874070320123e-16,9.074842391027969e-16
1.82,0.03275994002901539,0.0032773839199196487,3.1384595495920593e-06,1.6750947760473717e-09,1.1929200892623277e-12,1.4158744573982094e-15,0.19751022725962117,0.05649885470565786,0.00027022040541527714,1.6571261330363352e-09,3.532708032038494e-16,1.0221629003393126e-15
1.84,0.03332105285124251,0.0033632446406849596,3.2494350776346156e-06,1.8310265072461257e-09,1.3804281824202156e-12,1.6692619457531082e-15,0.20135639268462532,0.058267434389208304,0.0002881989354831809,1.867551656772259e-09,3.9957426392311836e-16,1.008887494029267e-15
1.86,0.03388389408628154,0.0034501394511470885,3.359608433950248e-06,1.9974341606204476e-09,1.593068956123088e-12,1.816029305041277e-15,0.20522973818748996,0.06007023214531977,0.0003071561196965124,2.101964572392889e-09,5.102800490722269e-16,1.0688599735281082e-15
1.8800000000000001,0.03444840313293303,0.0035380598278026342,3.4685603394326826e-06,2.1745427661664442e-09,1.8342818109816227e-12,2.1947974797008846e-15,0.20913002447481083,0.06190748754641049,0.00032713358050386016,2.3627944100323765e-09,6.195464776079161e-16,9.51008255423814e-16
1.9000000000000001,0.03501452022826642,0.0036269970881357898,3.575843137890669e-06,2.3625130647097264e-09,2.1064569000117547e-12,2.423333568955285e-15,0.21305701435801985,0.06377943804884519,0.0003481742207089033,2.6526867314890368e-09,8.790239437513401e-16,8.903441835098303e-16
1.92,0.03558218643823117,0.0037169423956780827,3.680980129428483e-06,2.5614307994123438e-09,2.4131064487285204e-12,2.7997383580713486e-15,0.21701047273487523,0.06568631901158876,0.00037032224779556404,2.974519588018458e-09,1.1447282359412103e-15,1.0152623829513476e-15
1.94,0.036151343648362665,0.003807886764966875,3.783464976839693e-06,2.771292790950994e-09,2.7577644469824834e-12,3.3354072810915354e-15,0.22099016657111406,0.06762836371469515,0.00039362319841960205,3.331420528540706e-09,1.4331125889805547e-15,1.0381475795276397e-15
1.96,0.03672193455458264,0.00389982106640442,3.882761209432762e-06,2.991992894415126e-09,3.143646849785134e-12,3.9078480405499025e-15,0.22499586488226625,0.06960580337763474,0.0004181239630640189,3.726786141051834e-09,1.898012634567095e-15,9.260759171016359e-16
1.98,0.037293902654094435,0.0039927360310203445,3.978301847322325e-06,3.223306811125329e-09,3.5746998978725125e-12,4.670220982693539e-15,0.22902733871562794,0.07161886717746016,0.00044387281085825136,4.1643021614181345e-09,2.3304768703361992e-15,9.98140050409519e-16
2.0,0.03786719223637016,0.004086622255135843,4.069489180569632e-06,3.464875125987392e-09,4.054573153858729e-12,5.559799294975456e-15,0.23308436113239636,0.07366778226681048,0.0004709194145609806,4.64796337051763e-09,2.9604935384015673e-15,1.0149777964333666e-15
2.02,0.03844174837423007,0.004181470204935319,4.155694743778396e-06,3.71618521222522e-09,4.587269624525024e-12,6.59654918601273e-15,0.23716670718995767,0.07575277379175985,0.0004993148757002668,5.182097501036688e-09,3.6168614231479564e-15,9.334295403729119e-16
2.04,0.039017516915012034,0.00427727022094363,4.236259540398573e-06,3.976551874263806e-09,5.176690267731831e-12,7.78029184009591e-15,0.2412741539243338,0.07787406490950725,0.0005291117498752993,5.771388260701911e-09,4.4757317983269455e-15,8.964879061051485e-16
2.06,0.03959444447183356,0.004374012522413524,4.310494583735906e-06,4.2450971354160825e-09,5.826699254830555e-12,9.122436906769438e-15,0.24540648033278314,0.08003187680591066,0.0005603640722148349,6.420901276420723e-09,5.2093304069135325e-15,1.0213146713330455e-15
2.08,0.0401724784149403,0.004471687211621667,4.377681847069889e-06,4.520728283018522e-09,6.541259306624069e-12,1.0791923182128508e-14,0.24956346735655366,0.08222642871286706,0.0005931273829926349,7.136109594662603e-09,6.398503026396138e-15,8.830679670797666e-16
2.1,0.040751566863145156,0.004570284278078047,4.437075735989522e-06,4.80211598513121e-09,7.323803991858624e-12,1.2744524968546636e-14,0.2537448978637874,0.08445793792554096,0.0006274587533953358,7.922924393011095e-09,7.54722026068003e-15,1.0004527935380291e-15
2.12,0.04133165867535333,0.004669793602646836,4.487905241643342e-06,5.087671120526031e-09,8.1777320557527e-12,1.498439317615025e-14,0.25795055663257804,0.08672661981943812,0.000663416811448256,8.787722747286858e-09,8.771255947436631e-15,1.1947800110396136e-15
2.14,0.04191270344217529,0.0047702049615838005,4.529376978588608e-06,5.375522322881075e-09,9.105563226663638e-12,1.7456100245762185e-14,0.262180230334174,0.08903268786733194,0.0007010617680891217,9.737380460944729e-09,1.0497810368537379e-14,9.192921513844874e-16
2.16,0.04249465147762494,0.004871508030488179,4.560679386876258e-06,5.663493871021261e-09,1.0109857866111573e-11,2.0472667607355992e-14,0.2664337075163315,0.09137635365604053,0.0007404554433940118,1.077930668206869e-08,1.2192345465230129e-14,1.0194271911183026e-15
2.18,0.04307745381090338,0.004973692388173307,4.580988475436847e-06,5.949086001380093e-09,1.1191875287911173e-11,2.390064913206249e-14,0.2707107785868141,0.09375782690305405,0.0007816612929543118,1.1921477723242987e-08,1.4263935696606815e-14,1.0430521681988632e-15
2.2,0.04366106217826641,0.005076747520455971,4.5894756268408625e-06,6.229457469691675e-09,1.235194769692955e-11,2.77347788982032e-14,0.2750112357970364,0.09617731547301787,0.0008247444343999641,1.31724757538372e-08,1.6654339914472908e-14,1.0660634409747424e-15
2.22,0.04424542901497544,0.0051806628238654,4.585318183091343e-06,6.5014164094833356e-09,1.3589342975453369e-11,3.2144866194088545e-14,0.2793348732258527,0.09863502539406986,0.0008697716740696803,1.4541528500371936e-08,1.9403092927593764e-14,1.095202798281839e-15
2.24,0.04483050744733166,0.00528542760927504,4.56771382414041e-06,6.761418376008423e-09,1.4901731001815822e-11,3.7117569771166445e-14,0.2836814867634872,0.1011311608740343,0.0009168115338277359,1.6038550902688615e-08,2.2550102773079566e-14,1.0714694768630748e-15
2.2600000000000002,0.0454162512847911,0.00539103110545693,4.535900175102292e-06,7.00557967267666e-09,1.6285016201106882e-11,4.2762641630007597e-14,0.2880508740956073,0.10366592431647208,0.0009659342780242806,1.7674189349535998e-08,2.6192165529168253e-14,9.575673587391975e-16
2.2800000000000002,0.04600261501216151,0.005497462462559997,4.4891816988047775e-06,7.22971277222156e-09,1.773296794286658e-11,4.908225119210871e-14,0.29244283468753457,0.10623951633659141,0.001017211940598628,1.9459868594556587e-08,3.027483543417594e-14,1.028829965268909e-15
2.3000000000000003,0.04658955378187964,0.005604710755515163,4.426966862372463e-06,7.429394919556287e-09,1.923680320430758e-11,5.6195165965180786e-14,0.29685716976859766,0.10885213577701672,0.0010707183523248674,2.1407840252231404e-08,3.501281980122752e-14,9.872756174718283e-16
2.32,0.04717702340636605,0.005712764987365845,4.3488199505186725e-06,7.60008821609675e-09,2.0785281221713562e-11,6.414678774625092e-14,0.30129368231661974,0.11150397972342072,0.0011265291681964386,2.353123585576866e-08,4.011727376464428e-14,1.2294968130701036e-15
2.34,0.0477649803504619,0.005821614092528204,4.2545339827452834e-06,7.73733506406959e-09,2.2363801426954082e-11,7.29517976363641e-14,0.3057521770425453,0.11419524352001634,0.001184721894952665,2.584411915991569e-08,4.6177264458172356e-14,1.1703509629372729e-15
2.36,0.048353381723940374,0.005931246939979701,4.1442343144727204e-06,7.83707272596338e-09,2.3954670075522003e-11,8.26097511182599e-14,0.31023246037519986,0.11692612078491534,0.0012453759187395646,2.8361545938702125e-08,5.3054076734425215e-14,1.1123027448830469e-15
2.38,0.04894218527409714,0.006041652336378738,4.018527108992297e-06,7.896128037891082e-09,2.5536999699357762e-11,9.326883312307633e-14,0.3147343404461852,0.1196968034253491,0.0013085725329108685,3.109962271909554e-08,6.081285254644314e-14,1.263412338830099e-15
2.4,0.04953134937841727,0.00615281902911651,3.8787134310112096e-06,7.912989344980854e-09,2.7086547769912948e-11,1.0475215315943379e-13,0.31925762707490735,0.12250748165275657,0.0013743949659625338,3.4075570731589585e-08,6.976237492070195e-14,9.51817968857363e-16
2.42,0.05012083303731704,0.006264735709301227,3.7270982866534213e-06,7.889003733421748e-09,2.8576926917493073e-11,1.1723250141023026e-13,0.3238021317537351,0.1253583439977403,0.0014429284096017928,3.73077929619317e-08,7.967865006508072e-14,1.0377764811852995e-15
2.44,0.050710595866960834,0.006377391014676389,3.567432819225951e-06,7.830206118698869e-09,2.998046762993212e-11,1.306681186828642e-13,0.32836766763329156,0.12824957732488843,0.0015142600469508975,4.0815943111088356e-08,9.089146384625223e-14,1.1664773918553167e-15
2.46,0.05130059809215289,0.006490773532475548,3.4055299464767574e-06,7.750040586216575e-09,3.1271356351600816e-11,1.448124754952544e-13,0.332954049507872,0.1311813668474686,0.0015884790808808383,4.462099994211794e-08,1.0371115586019088e-13,1.0806867808372692e-15
2.48,0.051890800539301694,0.006604871802212366,3.2500681099687027e-06,7.673173065051261e-09,3.243013257299135e-11,1.5975447065778028e-13,0.3375610938009926,0.13415389614199166,0.0016656767624765349,4.87453446793201e-08,1.180875610443262e-13,1.0885883954835574e-15
2.5,0.05248116462945768,0.006719674318407915,3.1134964236095336e-06,7.64018121012708e-09,3.345166948408528e-11,1.7523018582128701e-13,0.34218861855106447,0.13716734716264686,0.0017459464196323262,5.32128414422319e-08,1.3435743695609997e-13,1.091680104053757e-15
2.52,0.05307165237142318,0.006835169533258554,3.0127014914564737e-06,7.711705277674139e-09,3.435876912987243e-11,1.9114295099016755e-13,0.34683644339719555,0.14022190025560993,0.0018293834857757156,5.804892241655017e-08,1.5272293310394607e-13,9.60679774612937e-16
2.54,0.05366222635493274,0.006951345859240652,2.9686773611932616e-06,7.968567062506864e-09,3.5221995318743306e-11,2.0732254754488718e-13,0.3515043895651153,0.14331773417322588,0.0019160855287176477,6.328067688442e-08,1.734600997400101e-13,9.268035148815024e-16
2.56,0.054252849743905616,0.007068191671658935,3.004197289084742e-06,8.503354487030302e-09,3.6190627367357825e-11,2.2347665377303788e-13,0.3561922798532251,0.14645502608806676,0.0020061522796297002,6.893694501302174e-08,1.9661863902003472e-13,9.41646508195025e-16
2.58,0.05484348626976707,0.007185695311134211,3.1393102586133297e-06,9.4034931555945e-09,3.752989909210306e-11,2.3949233882577323e-13,0.3608999386187702,0.1496339516068651,0.0020996856621468595,7.504841484738841e-08,2.2262013419123486e-13,9.747108502351983e-16
2.6,0.055434100224839224,0.007303845086035221,3.3866487512093394e-06,1.0735270045999089e-08,3.965466049533014e-11,2.551052721734649e-13,0.36562719176413355,0.15285468478432523,0.0021967898215932958,8.164772511173632e-08,2.51890148103904e-13,9.734256687793475e-16
2.62,0.05602465645580068,0.007422629274854041,3.7497013191615394e-06,1.254007905579711e-08,4.3132252093838256e-11,2.7055923305030677e-13,0.370373866723251,0.1561173981368128,0.0022975711543316525,8.87695727229496e-08,2.847354425225154e-13,1.0386112659947854e-15
2.64,0.056615120357214534,0.007542036128526424,4.224953958910693e-06,1.4842793032237109e-08,4.862421928129382e-11,2.864976862475032e-13,0.37513979244814455,0.15942226265592407,0.002402138337234176,9.645082439928373e-08,3.216301359850345e-13,9.13828881074737e-16
2.66,0.057205457865122954,0.007662053872696541,4.805696952030736e-06,1.766317704126954e-08,5.6785503782755424e-11,3.042164992804827e-13,0.37992479939557533,0.1627694478219351,0.002510602357273948,1.047306346411806e-07,3.6294549348245605e-13,7.526061364646757e-16
2.68,0.05779563545070825,0.007782670709930509,5.485058610476029e-06,2.1023811037809e-08,6.819060510201456e-11,3.263314928620459e-13,0.3847287195138129,0.1661591216171345,0.002623076541236092,1.1365056839361115e-07,4.0887106696990996e-13,9.43689570931383e-16
2.7,0.058385620114021305,0.007903874821875939,6.257521322059442e-06,2.4953749651609978e-08,8.333553188187794e-11,3.5739362802669044e-13,0.3895513862295227,0.16959145053903446,0.0027396765855494222,1.232547280482082e-07,4.605233680063614e-13,8.959506687427606e-16
2.72,0.058975379377773605,0.008025654371370775,7.119330070608046e-06,2.9489570898822226e-08,1.0269408405307311e-10,4.0370795133342154e-13,0.3943926344347665,0.17306659961347115,0.0028605205862317394,1.335898895810067e-07,5.18074051868351e-13,9.421576892262128e-16
2.74,0.05956488128119523,0.008147997504501346,8.068370657286442e-06,3.46753206150518e-08,1.2677648290942217e-10,4.731220572927667e-13,0.39925230047411886,0.17658473240758513,0.0029857290689554307,1.4470564104031066e-07,5.82334787004038e-13,9.433833935899771e-16
2.7600000000000002,0.06015409437395623,0.008270892352610361,9.103881692219433e-06,4.056215584109681e-08,1.5616940953459492e-10,5.741632280817005e-13,0.4041302221318969,0.1801460110426902,0.003115425019226221,1.5665452957156786e-07,6.540703086917335e-13,8.196123257993793e-16
2.7800000000000002,0.060742987710151665,0.008394327034257002,1.0226163423843092e-05,4.7208022588534845e-08,1.915583131972358e-10,7.156047737071875e-13,0.4090262386195008,0.1837505962070277,0.003249733912677476,1.6949221372534817e-07,7.339088219787573e-13,8.369353145695536e-16
2.8000000000000003,0.061331530842350185,0.008518289657128454,1.1436336561689038e-05,5.467745882006189e-08,2.337401636923762e-10,9.054373973183581e-13,0.4139401905628677,0.1873986471684091,0.0033887837454774,1.8327762320633078e-07,8.227075069241128e-13,1.009555410351371e-15
2.82,0.06191969381570302,0.00864276831990447,1.2736157940714228e-05,6.30415380859447e-08,2.836331679792602e-10,1.1534891617503509e-12,0.4188719199900347,0.19109032178674643,0.0035327050648496917,1.98073124358966e-07,9.217015246976005e-13,9.77473194215835e-16
2.84,0.06250744716211647,0.008767751114075767,1.4127884619723077e-05,7.237792857414522e-08,3.422863495978328e-10,1.4703426193262323e-12,0.4238212703188119,0.19482577652647384,0.0036816309997036467,2.1394469472044517e-07,1.0315141353532236e-12,1.1294848361806833e-15
2.86,0.06309476189448458,0.008893226125717146,1.561417521624899e-05,8.277104993828252e-08,4.1089228279727977e-10,1.8689545933233994e-12,0.4287880863445627,0.19860516646885842,0.003835697291377102,2.3096210227344153e-07,1.1538785809809528e-12,9.112963250336172e-16
2.88,0.06368160950098212,0.009019181437215258,1.7198018629717185e-05,9.431230364948275e-08,4.907974274307546e-10,2.3641571392252082e-12,0.4337722142280934,0.2024286453242039,0.003995042324486041,2.491990961093847e-07,1.2894608991898109e-12,1.0126982252310919e-15
2.9,0.06426796193941696,0.009145605128953788,1.888268253241055e-05,1.0710036558661595e-07,5.835178648051637e-10,2.9734726167326724e-12,0.43877350148364785,0.2062963654439445,0.00415980715788694,2.687336000687355e-07,1.439947361910859e-12,9.750071899988942e-16
2.92,0.06485379163164345,0.009272485280954505,2.0671676041058257e-05,1.212415293497389e-07,6.907565046893833e-10,3.7182888944533385e-12,0.4437917969670079,0.21020847783263577,0.004330135555741376,2.8964791958395375e-07,1.6067304803540548e-12,8.519876736429637e-16
2.94,0.06543907145803202,0.009399809974476855,2.2568722573617796e-05,1.3685009062048125e-07,8.144202468224208e-10,4.623096459257417e-12,0.4488269508636993,0.2141651321598377,0.004506174018691178,3.120289537329383e-07,1.7913674431567207e-12,9.793432045533596e-16
2.96,0.06602377475199868,0.009527567293574993,2.4577740056913136e-05,1.5404877122785832e-07,9.566406471794081e-10,5.7163541644989974e-12,0.4538788146773007,0.2181664767718923,0.004688071815138558,3.3596841657442416e-07,1.995893390506581e-12,9.70751009161811e-16
2.98,0.06660787529459129,0.009655745326615553,2.670282648093274e-05,1.7296917728055245e-07,1.1197977025853353e-09,7.032175298250764e-12,0.45894724121785535,0.2222126587036002,0.004875981012628745,3.615630690754668e-07,2.222067646007385e-12,9.24723145221278e-16
3.0,0.06719134730913288,0.009784332167754043,2.8948249371259497e-05,1.93752290017646e-07,1.3065426354320556e-09,8.609008361449287e-12,0.4640320845903849,0.2263038236897921,0.005070056509339465,3.8891495856357426e-07,2.4721117575684932e-12,9.298117831235686e-16
3.02,0.06777416545592085,0.009913315918372127,3.13184381618096e-05,2.1654898815539018e-07,1.5198263286786967e-09,1.0492366866873769e-11,0.4691332001835042,0.2304401161767998,0.005270456065670446,4.1813166911085074e-07,2.7481285521366527e-12,1.0623534945633305e-15
3.04,0.06835630482698331,0.010042684688477669,3.3817978733267654e-05,2.4152060190648684e-07,1.7629290349465002e-09,1.2735004957903995e-11,0.47425044465813715,0.23462167933382466,0.00547734033593782,4.493265803991656e-07,3.0530435160642487e-12,9.871780750502622e-16
3.06,0.06893774094088885,0.010172426598064327,3.645160958411522e-05,2.6883949567926927e-07,2.0394909514300793e-09,1.539679170904834e-11,0.4793836759363297,0.23884865506420794,0.005690872900166406,4.826191391626389e-07,3.3894407611929534e-12,7.958884084524424e-16
3.08,0.06951844973761283,0.0103025297784368,3.922421924376746e-05,2.9868968507819756e-07,2.353549504605661e-09,1.854753894156581e-11,0.4845327531901627,0.24312118401660024,0.005911220295984554,5.181351393751293e-07,3.760165923547148e-12,7.904249957834199e-16
3.1,0.07009840757345653,0.010432982373497006,4.214084464052659e-05,3.312674831951473e-07,2.7095765018939187e-09,2.2267787864711144e-11,0.48969753683076284,0.2474394055960334,0.006138552050617139,5.560070139067306e-07,4.1686669753746374e-12,6.85090597984799e-16
3.12,0.07067759121602095,0.010563772540996207,4.5206670205331276e-05,3.667821790495762e-07,3.1125196639249952e-09,2.664963811269841e-11,0.4948778884974082,0.25180345797489456,0.006373040712977139,5.963741381940644e-07,4.6183864070689886e-12,7.820967653285533e-16
3.14,0.07125597783923272,0.010694888453750662,4.84270275553864e-05,4.054567505997762e-07,3.5678485139290293e-09,3.179915158517951e-11,0.5000736710467316,0.25621347810380385,0.006614861885855127,6.393831443645619e-07,5.113197399825762e-12,9.7223783957695e-16
3.16,0.07183354501842325,0.010826318300823454,5.180739562889357e-05,4.4752860960365833e-07,4.081602431543943e-09,3.783776975258609e-11,0.5052847485420181,0.260669601722396,0.00686419425820421,6.851882490950555e-07,5.657323179471786e-12,1.1867740173808937e-15
3.18,0.07241027072546041,0.01095805028867224,5.5353401183238936e-05,4.932503833261757e-07,4.660444727194908e-09,4.490451114425258e-11,0.5105109862425962,0.2651719633700066,0.007121219637523212,7.339515915504113e-07,6.255749998667885e-12,8.934752161915345e-16
3.2,0.07298613332393039,0.011090072642262484,5.9070819578204255e-05,5.42890730575125e-07,5.31171906693031e-09,5.3157940000488076e-11,0.5157522505933221,0.26972069639626683,0.007386122982330091,7.858435882359577e-07,6.912768120923558e-12,9.671732905683864e-16
3.22,0.07356111156437221,0.011222373606150754,6.296557579496141e-05,5.967351964590447e-07,6.043513719709295e-09,6.277983138280754e-11,0.5210084092141588,0.2743159329716,0.007659092434736116,8.410432953658609e-07,7.634114318442333e-12,8.410672200088598e-16
3.24,0.07413518457956139,0.011354941445532006,6.704374563934449e-05,6.550871028503313e-07,6.86472661386293e-09,7.397628985622327e-11,0.5262793308898432,0.27895780409763143,0.007940319353106235,8.997387907206684e-07,8.425332936402302e-12,1.0648885158809838e-15
3.2600000000000002,0.07470833187984506,0.011487764447259052,7.131155710437207e-05,7.182684830763615e-07,7.78514049733026e-09,8.69833802751363e-11,0.531564885559648,0.2836464396175002,0.008229998344819108,9.621275640472995e-07,9.293062436714334e-12,9.335326988569947e-16
3.2800000000000002,0.07528053334852508,0.011620830920828511,7.577539185296373e-05,7.86621051461393e-07,8.815500468788334e-09,1.0206858367912546e-10,0.5368649443072288,0.2883819682260874,0.008528327299110837,1.0284169276749566e-06,1.0244152024119575e-11,7.092622233518052e-16
3.3000000000000003,0.07585176923729171,0.011754129199337205,8.044178681130891e-05,8.605072205096816e-07,9.967599179072451e-09,1.1953613461929235e-10,0.5421793793505655,0.29316451748014855,0.008835507420016115,1.0988244376302027e-06,1.1285511955340239e-11,1.012983452169639e-15
3.3200000000000003,0.07642202016170473,0.011887647640409406,8.531743584586809e-05,9.403111592359822e-07,1.1254369425156792e-08,1.3973139566129704e-10,0.5475080640319896,0.2979942138083574,0.009151743259396994,1.173578330821318e-06,1.2425682585034587e-11,6.249628730746582e-16
3.34,0.07699126709672317,0.012021374627093195,9.040919151437589e-05,1.0264398960431764e-06,1.2689981725405366e-08,1.6304518597253731e-10,0.552850872808298,0.3028711825212663,0.009477242750058039,1.252917981583187e-06,1.367261049260899e-11,1.1808358394528678e-15
3.36,0.07755949137228366,0.012155298568730008,9.572406687937242e-05,1.1193244714492728e-06,1.428995365137142e-08,1.8992110202654071e-10,0.5582076812409575,0.30779554782117086,0.009812217238957184,1.3370943677615896e-06,1.5036560081952598e-11,8.760611182094052e-16
3.38,0.07812667466892317,0.012289407901794206,0.00010126923737132013,1.2194211346311096e-06,1.6071262343509804e-08,2.208600755852678e-10,0.5635783659863908,0.31276743281189573,0.010156881520494097,1.4263705621333011e-06,1.652706055782087e-11,9.690631769308006e-16
3.4,0.07869279901345154,0.012423691090705982,0.00010705204269885703,1.3272125937529789e-06,1.8052469419644037e-08,2.564283778876877e-10,0.5689628047863513,0.3177869595084878,0.01051145386989451,1.5210222336791483e-06,1.8154999706517473e-11,9.214892904859677e-16
3.42,0.07925784677466827,0.012558136628616871,0.00011307998879405822,1.4432093153548605e-06,2.025385465620613e-08,2.972653311766262e-10,0.5743608764583823,0.3228542488468282,0.010876156076675652,1.6213381702515385e-06,1.9932335682649344e-11,1.0907093685524093e-15
3.44,0.07982180065912606,0.012692733038168537,0.00011936074979206062,1.5679508781716832e-06,2.269755888557064e-08,3.4409210272729895e-10,0.5797724608863578,0.3279694206931569,0.011251213478198926,1.7276208189351222e-06,2.1871824513325344e-11,7.437251374183974e-16
3.46,0.08038464370693908,0.012827468872225375,0.00012590217003664864,1.7020073803596746e-06,2.5407738140191054e-08,3.9772038463361943e-10,0.5851974390111079,0.33313259385351657,0.01163685499330432,1.8401868462206077e-06,2.3986694925608143e-11,1.033499272934994e-15
3.48,0.08094635928763642,0.012962332714581583,0.00013271226611238086,1.8459809065082534e-06,2.841072966851376e-08,4.590651758989759e-10,0.590635692821128,0.33834388608310884,0.012033313156034176,1.9593677138563693e-06,2.629237508189846e-11,8.387742298644238e-16
3.5,0.08150693109605979,0.013097313180642497,0.0001397992288927039,2.000507047927989e-06,3.173522896795843e-08,5.291543287741048e-10,0.596087105343367,0.3436034140955729,0.012440824149433094,2.0855102803385724e-06,2.8804245110414005e-11,1.0188602652104558e-15
3.52,0.08206634314830549,0.013232398918081922,0.0001471714256105946,2.1662564887212562e-06,3.5412480657195216e-08,6.091427850345075e-10,0.6015515606340991,0.3489112935721778,0.012859627839435993,2.2189774174040296e-06,3.153970692514735e-11,9.968850742707575e-16
3.54,0.08262457977770929,0.013367578607474999,0.00015483740194202186,2.3439366509400413e-06,3.947648467939592e-08,7.003275310302022e-10,0.6070289437698725,0.35426763917093884,0.013289967808833838,2.3601486510968e-06,3.45170983444064e-11,1.0011263372118013e-15
3.56,0.08318162563087543,0.013502840962907114,0.00016280588410223925,2.534293404345338e-06,4.396421348952977e-08,8.04163021884391e-10,0.612519140838542,0.3596725645356481,0.013732091391322716,2.50942082293991e-06,3.775621859557751e-11,9.112963250336172e-16
3.58,0.08373746566374754,0.013638174732559401,0.00017108578095386182,2.7381128428311505e-06,4.891584881909473e-08,9.222788570643155e-10,0.6180220389303765,0.36512618230483,0.014186249705631707,2.667208773165489e-06,4.1278349534208926e-11,1.1505179923744553e-15
3.6,0.08429208513772153,0.013773568699271002,0.00017968618612486563,2.9562231294956215e-06,5.4375033243250633e-08,1.0565001696315946e-09,0.6235375261292478,0.370628604120615,0.014652697689730512,2.833946047927455e-06,4.51068272210032e-11,9.068473334874784e-16
3.62,0.08484546961580129,0.013909011681080462,0.0001886163801331795,3.189496410577112e-06,6.038913939068324e-08,1.208868466236093e-09,0.6290654915038936,0.37617994063753807,0.015131694135115191,3.0100856294152525e-06,4.9265815627788955e-11,1.0275187567694726e-15
3.64,0.08539760495879535,0.014044492531742527,0.00019788583251916658,3.438850803219547e-06,6.70095589477151e-08,1.3816658913407164e-09,0.6346058250992607,0.38178030153125525,0.01562350172117372,3.1961006891924705e-06,5.3781999168826113e-11,1.003815992552122e-15
3.66,0.08594847732155404,0.01418000014122547,0.00020750420398226336,3.7052524573110548e-06,7.429201130368858e-08,1.5774414773410416e-09,0.6401584179279216,0.3874297955071888,0.016128387049626852,3.3924853674305524e-06,5.868388868398444e-11,1.1704332400622604e-15
3.68,0.08649807314924839,0.014315523436186856,0.00021748134852337574,3.989717694814235e-06,8.229687388002971e-08,1.7990409151591132e-09,0.645723161961569,0.3931285303090905,0.01664662067904719,3.5997555769063003e-06,6.400196070039676e-11,1.2449853088461917e-15
3.7,0.08704637917368777,0.01445105138042662,0.00022782731558756457,4.293315227010819e-06,9.108953405798907e-08,2.049636969049736e-09,0.6512999501225821,0.3988766127275354,0.01717847715945237,3.818449833976552e-06,6.976899777485745e-11,1.1362849267314967e-15
3.72,0.08759338240967851,0.01458657297532255,0.00023855235221120503,4.617168454564956e-06,1.0074076629461643e-07,2.332765577737258e-09,0.65688867627567,0.4046741486083358,0.01772423506697531,4.04913011495013e-06,7.602009586429978e-11,1.3798457678382832e-15
3.74,0.08813907015142167,0.014722077260243648,0.00024966690516944266,4.962457851083108e-06,1.1132713456867852e-07,2.6523645986649602e-09,0.6624892352195869,0.410521242860883,0.018284177038608938,4.292382740651732e-06,8.279323199532563e-11,1.0496782941377504e-15
3.7600000000000002,0.08868342996894915,0.014857553312944763,0.00026118162312269844,5.330423432692028e-06,1.229314211377683e-07,3.0128157466670315e-09,0.6681015226789194,0.4164179994664176,0.018858589807022513,4.548819290389008e-06,9.012836125963312e-11,1.0790816671487487e-15
3.7800000000000002,0.08922644970459952,0.014992990249942039,0.0002731073587640854,5.722367317500293e-06,1.356430848880205e-07,3.418991396555014e-09,0.6737254352959486,0.4223645214862224,0.01944776423545569,4.819077541623714e-06,9.806911346144039e-11,1.0363836789455734e-15
3.8000000000000003,0.08976811746953066,0.015128377226868371,0.0002854551709632179,6.139656374284693e-06,1.4955874927835635e-07,3.876305438699712e-09,0.6793608706225818,0.4283609110697476,0.020051995352679725,5.103822443569889e-06,1.0666156858872545e-10,9.623823098206979e-16
3.8200000000000003,0.09030842164027174,0.015263703438812237,0.0002982363269092344,6.583724968627611e-06,1.647827231729934e-07,4.39076973399955e-09,0.6850077271123547,0.43440726946266156,0.020671582388036052,5.403747117379499e-06,1.1595531912678157e-10,1.2616580753262948e-15
3.84,0.09084735085531156,0.015398958120636772,0.0003114623042494096,7.056077802378339e-06,1.8142755488125808e-07,4.969055040562277e-09,0.690665904112506,0.44050369701483105,0.021306828806542107,5.719573889934182e-06,1.2600375036440802e-10,1.529140786677454e-15
3.86,0.09138489401172505,0.015534130547282194,0.0003251447932240488,7.558292854975729e-06,1.9961462392291766e-07,5.618559361680876e-09,0.6963353018561195,0.44665029318823296,0.02195804234407065,6.052055358889365e-06,1.3686370309406406e-10,1.3570461351122426e-15
3.88,0.09192104026183454,0.015669210034048944,0.00033929569879549807,8.092024425441846e-06,2.194747678330949e-07,6.347480023488881e-09,0.7020158214543355,0.4528471565647948,0.02262553504259614,6.401975491312206e-06,1.485956249892015e-10,1.5496586874716782e-15
3.9,0.0924557790099097,0.01580418593686594,0.0003539271427725083,8.659006279484018e-06,2.411489529225549e-07,7.164895142094442e-09,0.7077073648886337,0.45909438485416487,0.02330962328551455,6.770150754147155e-06,1.6126492396313217e-10,1.5538784930869845e-15
3.92,0.0929890999089024,0.01593904765254105,0.0003690514659271009,9.261054905930763e-06,2.6478898545582586e-07,8.080852040685924e-09,0.7134098350031791,0.4653920749014172,0.024010627833028535,7.1574312816788865e-06,1.749405402032249e-10,1.5842575243707841e-15
3.94,0.09352099285721645,0.016073784618994617,0.000384681230104679,9.900072881991542e-06,2.9055826843852875e-07,9.106462864823317e-09,0.719123135497238,0.4717403226946861,0.024728873857602796,7.564702075912165e-06,1.8969694587516677e-10,1.838846160873897e-15
3.96,0.09405144799551429,0.016208386315478017,0.0004008292203257675,1.0578052354595361e-05,3.1863260679103795e-07,1.025401074111677e-08,0.7248471709176627,0.47813922337273385,0.02546469097948669,7.992884245172567e-06,2.0561340442666896e-10,1.921810566718635e-15
3.98,0.0945804557035569,0.016342842262774524,0.000417508446876926,1.1297078636035724e-05,3.492010609072815e-07,1.1537062988883288e-08,0.7305818466514364,0.4845888712324523,0.02621841330230255,8.44293627950366e-06,2.2277440165063124e-10,1.8927287945066765e-15
4.0,0.09510800659707987,0.016477142023387813,0.000434732147395323,1.2059333922087302e-05,3.824668563977221e-07,1.2970598925132924e-08,0.7363270689182894,0.49108935973629775,0.026990379448703698,8.915855362278408e-06,2.412701441753902e-10,2.177221020503041e-15
4.0200000000000005,0.0956340915247019,0.016611275201711524,0.00045251378893889667,1.2867101131618442e-05,4.186483469527988e-07,1.4571144128290096e-08,0.7420827447633772,0.4976407815196616,0.02778093259609401,9.41267872371893e-06,2.611972528787222e-10,2.0640614404564136e-15
4.04,0.09615870156486866,0.016745231444186773,0.0004708670700472768,1.3722767873686047e-05,4.579800379578508e-07,1.635692078509065e-08,0.7478487820500229,0.5042432283981739,0.028590420512415827,9.934485032643378e-06,2.8265803500967643e-10,2.2569652433987103e-15
4.0600000000000005,0.09668182802282997,0.016879000439443556,0.0004898059227893551,1.4628830543702426e-05,5.00713672464959e-07,1.8348009727558506e-08,0.7536250894525264,0.5108967913749448,0.029419195592001842,1.0482395828823317e-05,3.0576222452529224e-10,2.5523436361293172e-15
4.08,0.097203462427649,0.01701257191842898,0.0005093445147974251,1.558789855369624e-05,5.471193828353004e-07,2.0566527782279508e-08,0.759411576449031,0.5176015606477393,0.030267614891490994,1.1057576998001698e-05,3.3062672775255543e-10,2.7237611383478674e-15
4.1,0.09772359652924581,0.01714593565452024,0.0005294972512878632,1.6602698697130017e-05,5.974869113164302e-07,2.3036818780864783e-08,0.7652081533144598,0.524357625616093,0.03113604016580631,1.1661240290882443e-05,3.573754260473975e-10,3.0234473516235696e-15
4.12,0.09824222229547347,0.017279081463625626,0.000550278777066337,1.767607965757515e-05,6.521269065744304e-07,2.5785665805923996e-08,0.7710147311135087,0.5311650748883605,0.032024837904200625,1.2294644881763336e-05,3.86141555929623e-10,3.3221000817730667e-15
4.14,0.09875933190922306,0.01741199920426841,0.000571703978515514,1.8811016654641093e-05,7.113722904842557e-07,2.8842514140291e-08,0.7768312216937026,0.5380239962887055,0.032934379366356945,1.2959098978855621e-05,4.170660171940571e-10,3.5119578523738434e-15
4.16,0.09927491776556671,0.017544678777663473,0.0005937879855693957,2.0010616245039305e-05,7.75579715497773e-07,3.223972362506092e-08,0.7826575376785141,0.5449344768640262,0.03386504061855813,1.3655961474502574e-05,4.5029902835315517e-10,3.6784515778084404e-15
4.18,0.09978897246892587,0.017677110127774887,0.0006165461736659357,2.1278121267601374e-05,8.451310996782272e-07,3.601283504107818e-08,0.7884935924605397,0.5518966028908227,0.034817202569913164,1.4386643645853632e-05,4.860004924140054e-10,3.847477451337327e-15
4.2,0.10030148883027519,0.017809283241364392,0.0006399941656822864,2.2616915946812556e-05,9.204352559176274e-07,4.0200861169489e-08,0.7943393001947404,0.5589104598820026,0.03579125100864542,1.515261090353837e-05,5.243397362296946e-10,4.4499467976820445e-15
4.22,0.10081245986437476,0.017941188148027535,0.0006641478338518742,2.4030531153740544e-05,1.0019296141109566e-06,4.484660553875671e-08,0.8001945757917375,0.5659761325936217,0.036787576638445285,1.5955384585367647e-05,5.654989931174696e-10,4.867227268264263e-15
4.24,0.10132187878703451,0.01807281492021543,0.0006890233016574675,2.5522649828877663e-05,1.090082044233874e-06,4.999700501213792e-08,0.8060593349111684,0.5730937050315769,0.037806575114873536,1.6796543808876327e-05,6.096700138128934e-10,5.41605450396943e-15
4.26,0.10182973901240858,0.01820415367324704,0.0007146369457056882,2.70971125723741e-05,1.1853927832273412e-06,5.5703502940044564e-08,0.8119334939551022,0.580263260458227,0.038848647081832346,1.767772736729373e-05,6.570574787091045e-10,5.871993612083852e-15
4.28,0.10233603415031801,0.018335194565307317,0.0007410053975744761,2.8757923402245207e-05,1.2883964713440684e-06,6.202245186665185e-08,0.8178169700615122,0.587484881398967,0.03991419820808902,1.860063568384141e-05,7.078785903937183e-10,6.4578850724332066e-15
4.3,0.10284075800360622,0.018465927797436853,0.0007681455456417485,3.050925568979525e-05,1.399664306851141e-06,6.901555304624578e-08,0.8237096810978046,0.5947586496487337,0.04100363922386236,1.9567032816520264e-05,7.623637726443006e-10,7.197797293338733e-15
4.32,0.10334390456552163,0.018596343613508044,0.0007960745368848971,3.235545827150464e-05,1.5198063199550284e-06,7.67503287184986e-08,0.8296115456544081,0.6020846462784599,0.04211738595746721,2.057874851736394e-05,8.207594064569818e-10,7.730064841549414e-15
4.34,0.10384546801712898,0.01872643230019096,0.0008248097786551596,3.4301061743738915e-05,1.6494737754480109e-06,8.530063590890582e-08,0.8355224830384137,0.6094629516414741,0.043255859372005816,2.163768035586092e-05,8.833248842002739e-10,8.260933147255728e-15
4.36,0.10434544272475178,0.018856184186908594,0.0008543689404263316,3.6350784944861174e-05,1.7893617098175406e-06,9.474722145176926e-08,0.8414424132672758,0.6168936453798364,0.044419485602131444,2.2745795888700173e-05,9.503367192907056e-10,9.180028135934676e-15
4.38,0.10484382323744092,0.018985589645782015,0.0008847699555128776,3.85095416288665e-05,1.9402116089705886e-06,1.0517832197466775e-07,0.8473712570625657,0.6243768064306254,0.04560869599085549,2.390513489733493e-05,1.0220883470686562e-09,1.0128446517594092e-14
4.4,0.10534060428447306,0.01911463909156458,0.0009160310227598838,4.078244733338399e-05,2.1028142340525895e-06,1.166903132577677e-07,0.8533089358437823,0.6319125130321648,0.046823927126416844,2.5117811681519327e-05,1.0988910376111787e-09,1.1072231041573859e-14
4.42,0.10583578077287513,0.01924332298156514,0.0009481706082003181,4.317482644777869e-05,2.278012602077435e-06,1.2938841063365833e-07,0.8592553717222131,0.6395008427301987,0.04806562087920215,2.6386017416945288e-05,1.1810744947649893e-09,1.1920179598396082e-14
4.44,0.10632934778497971,0.01937163181556509,0.0009812074466851338,4.569221948902818e-05,2.4667051320925926e-06,1.4338742928124094e-07,0.8652104874948547,0.6471418723840109,0.04933422443872535,2.7712022573170697e-05,1.2689884938464904e-09,1.3230780416709704e-14
4.46,0.10682130057600324,0.019499556135720516,0.0010151605434721889,4.8340390581169446e-05,2.6698489567202486e-06,1.5881259863193587e-07,0.8711742066383813,0.654835678172489,0.050630190350656815,2.9098179398063514e-05,1.3630041981845154e-09,1.469113131170488e-14
4.48,0.10731163457165603,0.019627086526459288,0.0010500491757886655,5.112533515377778e-05,2.888463418523062e-06,1.758004485375389e-07,0.8771464533031716,0.6625823356001375,0.051953976553908376,3.054692446787482e-05,1.4635146716015306e-09,1.592210515794307e-14
4.5,0.10780034536577505,0.019754213614366148,0.0010858928943521336,5.405328785484705e-05,3.1236337515438775e-06,1.944997599543708e-07,0.8831271523073816,0.670381919503037,0.05330604641777079,3.2060781303564646e-05,1.5709357220993245e-09,1.7561494678487017e-14
4.5200000000000005,0.10828742871798631,0.01988092806806055,0.0011227115248580541,5.713073069096285e-05,3.3765149596005954e-06,2.1507259406368996e-07,0.8891162291310785,0.6782345040547487,0.054686868779106654,3.364236305459943e-05,1.6857095193523686e-09,1.9162667299532736e-14
4.54,0.1087728805513917,0.020007220598064073,0.0011605251694262841,6.0364401391675574e-05,3.6483359018255907e-06,2.3769539888210448e-07,0.8951136099104132,0.6861401627721712,0.05609691797958841,3.529437525780199e-05,1.8083025154524018e-09,2.0973171558118944e-14
4.5600000000000005,0.10925669695028195,0.02013308195666017,0.001199354208008889,6.376130200882618e-05,3.9404035925403764e-06,2.625602035103151e-07,0.9011192214318602,0.6940989685213428,0.05753667390299558,3.701961866270215e-05,1.9392087134933006e-09,2.2738207954881994e-14
4.58,0.1097388741578764,0.020258502937745945,0.0012392192997579847,6.732870775475792e-05,4.254107730952113e-06,2.89875905213525e-07,0.9071329911264938,0.7021109935231896,0.05900662201256139,3.88209921303828e-05,2.0789516436723887e-09,2.5051805698087957e-14
4.6000000000000005,0.11021940857408759,0.020383474376673465,0.0012801413843486302,7.107417608109547e-05,4.590925463347925e-06,3.1986965282139514e-07,0.9131548470643222,0.7101763093592319,0.06050725338836781,4.070149560946872e-05,2.2280859266157417e-09,2.745439293096916e-14
4.62,0.11069829675331,0.02050798715008457,0.0013221416832586083,7.500555600674419e-05,4.952426395994615e-06,3.5278833883858425e-07,0.9191847179486695,0.7182949869772305,0.062039064764789924,4.2664233190157495e-05,2.3871958148025167e-09,3.004582084519134e-14
4.64,0.11117553540223557,0.020632032175737548,0.0013652417010033137,7.913099769865774e-05,5.3402778668731575e-06,3.889002031770024e-07,0.925222533110608,0.726467096696789,0.0636025585679983,4.4712416227561655e-05,2.5569020162646505e-09,3.277684645903423e-14
4.66,0.1116511213776939,0.020755600412327418,0.001409463226325298,8.345896231384483e-05,5.7562504909720085e-06,4.2849656082443693e-07,0.9312682225034373,0.7346927082149054,0.06519824295349971,4.684936655524527e-05,2.737858972684858e-09,3.572370635999562e-14
4.68,0.11212505168451392,0.020878682859293736,0.0014548283333295612,8.799823209866553e-05,6.202223984674409e-06,4.7189365476144545e-07,0.9373217166972132,0.7429718906114734,0.06682663184373558,4.907851977187823e-05,2.9307593179364625e-09,3.89772241122581e-14
4.7,0.11259732347341377,0.021001270556626764,0.0015013593825753844,9.275792076185084e-05,6.680193292700939e-06,5.194346535899209e-07,0.9433829468733262,0.7513047123547384,0.06848824496572435,5.1403428615140256e-05,3.1363347859335116e-09,4.267906235539466e-14
4.72,0.11306793403891233,0.021123354584663846,0.0015490790221137486,9.774748412198806e-05,7.192275022940219e-06,5.714917944000714e-07,0.9494518448191233,0.7596912413067007,0.0701836078887531,5.382776641837347e-05,3.3553582703377885e-09,4.6654286699705196e-14
4.74,0.11353688081726432,0.021244926063876183,0.0015980101884700713,0.00010297673102996105,7.740714205183117e-06,6.284686842701044e-07,0.9555283429225835,0.7681315447284761,0.07191325206211929,5.6355330652773396e-05,3.5886467306556715e-09,5.0958588666965354e-14
4.76,0.1140041613844201,0.021365976154653358,0.001648176107575279,0.00010845583458130296,8.32789139156333e-06,6.908027750336249e-07,0.9616123741670334,0.7766256892856043,0.07367771485291484,5.899004656013038e-05,3.837062160089953e-09,5.56898540919148e-14
4.78,0.11446977345400776,0.0214864960570785,0.001699600295638965,0.00011419534361625202,8.956330110278814e-06,7.589680163339949e-07,0.9677038721259142,0.7851737410533152,0.07547753958386315,6.173597087140148e-05,4.101515994814665e-09,6.066682678281986e-14
4.8,0.11493371487533824,0.021606477010695072,0.001752306559963139,0.00012020619451514647,9.628704688259156e-06,8.334777040544506e-07,0.9738027709575912,0.7937757655217444,0.07731327557119672,6.45972956217234e-05,4.382969052557811e-09,6.630914045204434e-14
4.82,0.1153959836314339,0.021725910294270855,0.0018063189996992944,0.00012649972329855362,1.034784846382655e-05,9.148875361907955e-07,0.979909005400211,0.8024318276011093,0.07918547816258352,6.75783520557652e-05,4.682435473125772e-09,7.225274407137821e-14
4.84,0.11585657783707833,0.021844787225552467,0.0018616620065404533,0.00013308767802916528,1.111676239957999e-05,1.00379888874208e-06,0.9860225107666052,0.811141991626827,0.08109470877510241,7.068361462656014e-05,5.000986340762197e-09,7.86347738427764e-14
4.86,0.11631549573688997,0.021963099161015045,0.0019183602653530282,0.00013998223153153505,1.193862411997504e-05,1.100862329059234e-06,0.9921432229392341,0.8199063213646037,0.08304153493325606,7.391770509728285e-05,5.339750312976146e-09,8.542914697879997e-14
4.88,0.11677273570341638,0.0220808374956062,0.001976438754742223,0.00014719599442642554,1.28167973862637e-05,1.2067813794317098e-06,0.9982710783651793,0.8287248800154654,0.08502653030703552,7.72853967369815e-05,5.699917831183412e-09,9.320078249411684e-14
4.9,0.11722829623525129,0.022197993662481885,0.0020359227475496727,0.00015474202849071551,1.375484203235719e-05,1.3223165495808012e-06,1.0044060140511792,0.837597730220751,0.08705027475002687,8.079161861861686e-05,6.082745109576709e-09,1.0146282624477387e-13
4.92,0.11768217595517312,0.02231455913273938,0.0020968378112857984,0.00016263386034654515,1.4756524379712645e-05,1.4482896571560252e-06,1.0105479675587068,0.8465249340670604,0.08911335433755986,8.444146002261989e-05,6.489555389874924e-09,1.1065179260202678e-13
4.94,0.11813437360830396,0.022430525415141466,0.0021592098084861214,0.0001708854954835667,1.582582814840916e-05,1.5855884489707065e-06,1.0166968769990918,0.8555065530911579,0.09121636140490412,8.824017494218737e-05,6.921743768057736e-09,1.2043498795259828e-13
4.96,0.11858488806029079,0.022545884055837514,0.0022230648970019288,0.00017951143262676756,1.6966965894205116e-05,1.7351715531476147e-06,1.0228526810286849,0.8645426482848321,0.09335989458550481,9.219318669823309e-05,7.380779992963881e-09,1.3087551372979508e-13
4.98,0.11903371829550757,0.022660626638077837,0.0022884295302108594,0.000188526678445116,1.818439098460996e-05,1.8980737721428902e-06,1.0290153188440676,0.8736332800997155,0.09554455884926574,9.630609266081549e-05,7.868213048559265e-09,1.423932776519165e-13
5.0,0.1194808634152765,0.022774744781921874,0.0023553304571538583,0.00019794676261585206,1.9482810141629255e-05,2.0754117471746984e-06,1.035184730177298,0.882778508452058,0.0977709655408676,0.000100584669086777,8.385673377078339e-09,1.5473529593810014e-13
5.0200000000000005,0.1199263226361129,0.022888230143944192,0.0024237947225955337,0.00020778775324788623,2.086719657719559e-05,2.2683900161532604e-06,1.041360855291205,0.8919783927274615,0.10003973241813849,0.00010503487606388157,8.934879021408339e-09,1.681311570592389e-13
5.04,0.12037009528798677,0.02300107441693138,0.0024938496670007543,0.00021806627266435092,2.2342803737967457e-05,2.4783074870491345e-06,1.0475436349747176,0.9012329917855701,0.10235148369045488,0.00010966286257816668,9.517637740391214e-09,1.8262418115846045e-13
5.0600000000000005,0.12081218081260707,0.023113269329577447,0.0025655229264316946,0.00022879951355802644,2.391517969505902e-05,2.706564356826603e-06,1.0537330105382423,0.9105423639647208,0.10470685005719489,0.00011447497169184019,1.0135853754429798e-08,1.983790992432296e-13
5.08,0.12125257876172411,0.023224806646170885,0.002638842432359846,0.0002400052555204659,2.559018219764533e-05,2.9546695038069715e-06,1.0599289238090737,0.919906567086553,0.10710646874622265,0.00011947774584846019,1.0791529577492314e-08,2.1547361127418392e-13
5.1000000000000005,0.1216912887954536,0.023335678166280665,0.00271383641139209,0.000251701881950906,2.7373994420898663e-05,3.2242483822392757e-06,1.066131317126852,0.929325658460576,0.1095509835524212,0.00012467793229435387,1.148677311862252e-08,2.337636538998955e-13
5.12,0.122128310680618,0.02344587572443502,0.0027905333849083925,0.00026390839735244905,2.9273141437318772e-05,3.5170514515600484e-06,1.0723401333390545,0.9387996948886979,0.11204104487626085,0.00013008248862831135,1.2223801431238278e-08,2.539856786673396e-13
5.14,0.12256364428910857,0.023555391189795664,0.0028689621686084723,0.000276644445017775,3.129450743913218e-05,3.834963173875783e-06,1.0785553157965322,0.9483287326697126,0.1145773097624082,0.00013569858847802186,1.3004946229491668e-08,2.7518300857681843e-13
5.16,0.122997289596266,0.023664216465829353,0.0029491518719671527,0.00028993032511371187,3.3445353743845837e-05,4.180011615297686e-06,1.0847768083490814,0.9579128276037494,0.11716044193837971,0.00014153362730207246,1.3832660332901345e-08,2.986193432278202e-13
5.18,0.12342924667927985,0.023772343489973178,0.003031131897593965,0.0003037870131667771,3.573333761278398e-05,4.554378689213607e-06,1.0910045553410557,0.967552034996682,0.1197911118532238,0.00014759522833119663,1.4709521822142598e-08,3.2355228375683565e-13
5.2,0.1238595157156065,0.023879764233295665,0.003114931940496001,0.0003182361789554655,3.8166531916680766e-05,4.960411077423727e-06,1.0972385016070187,0.9772464096644987,0.12246999671625251,0.00015389124863762513,1.563823956224065e-08,3.507066805967077e-13
5.22,0.12428809698140661,0.02398647070015667,0.00320058198724318,0.0003333002058178253,4.075344568280237e-05,5.4006318797820585e-06,1.10347859246743,0.9869960059376337,0.12519778053580782,0.00016042978534080296,1.6621662429720427e-08,3.800552287754526e-13
5.24,0.12471499084999911,0.02409245492785789,0.003288112315029074,0.0003490022103734506,4.350304555508239e-05,5.877753026124182e-06,1.109724773724374,0.9968008776652638,0.12797515415806177,0.0001672191819589458,1.7662781956847573e-08,4.11673444167349e-13
5.26,0.12514019779033506,0.024197708986294867,0.0033775534906322667,0.000365366062671109,4.642477820735629e-05,6.394688505170346e-06,1.115976991657324,1.0066610782195577,0.13080281530586413,0.00017426803489274822,1.876474292225373e-08,4.4581471038765793e-13
5.28,0.1255637183654882,0.02430222497760094,0.0034689363692684987,0.00038241640676130043,4.952859374443167e-05,6.954568456697586e-06,1.1222351930189425,1.0165766604999036,0.13368146861761507,0.000181585200064797,1.9930845940768017e-08,4.826383464530146e-13
5.3,0.12598555323116306,0.02440599503578948,0.0035622920933363797,0.00040017868170283584,5.2824970130330094e-05,7.5607541790519236e-06,1.1284993250309217,1.0265476769370785,0.13661182568618685,0.00018917979969500828,2.1164558368836602e-08,5.224887076189364e-13
5.32,0.12640570313422292,0.024509011326393364,0.003657652091053902,0.00041867914300682305,5.632493868554298e-05,8.216854111112137e-06,1.1347693353798567,1.0365741794974037,0.13959460509787605,0.00019706122923173795,2.2469521591096216e-08,5.650709564049606e-13
5.34,0.12682416891123086,0.02461126604609575,0.003755048074977526,0.0004379448845173761,6.0040110687034714e-05,8.926740837469232e-06,1.1410451722131563,1.046656219686846,0.1426305324713898,0.0002052391644375858,2.3849555557326115e-08,6.112795208024507e-13
5.36,0.1272409514870126,0.024712751422365665,0.0038545120404141512,0.00045800386074535375,6.398270512663865e-05,9.69456919376219e-06,1.147326784134993,1.0567938485550894,0.14572034049687793,0.00021372356862153785,2.530867180406175e-08,6.608649574318713e-13
5.38,0.1276560518732335,0.024813459713081985,0.003956076263707998,0.0004788849096443022,6.81655776575326e-05,1.0524795520590343e-05,1.1536141202022825,1.0669871166995701,0.1488647689749899,0.00022252470003755176,2.6851079668247038e-08,7.141359818071163e-13
5.4,0.12806947116699213,0.02491338320615798,0.004059773300411223,0.0005006177758419253,7.260225078147189e-05,1.1422198144209995e-05,1.1599071299207047,1.0772360742694813,0.1520645648559732,0.0002316531194416671,2.8481193683939815e-08,7.717737290800361e-13
5.42,0.12848121054943304,0.025012514219163336,0.004165635983334372,0.0005232331343310335,7.730694532541694e-05,1.2391899156478991e-05,1.1662057632407528,1.0875407709697298,0.15532048227880707,0.00024111969780867074,3.020364616621014e-08,8.335533838404742e-13
5.44,0.12889127128437272,0.025110845098939294,0.004273697420466916,0.0005467626146152504,8.229461324733575e-05,1.3439387562970333e-05,1.172509970553826,1.097901256064872,0.15863328261036877,0.0002509356242202833,3.202329478593455e-08,9.001790921237879e-13
5.46,0.1292996547169457,0.025208368221216367,0.004383990992778221,0.000571238825324654,8.7580971832756e-05,1.4570543890941937e-05,1.1788197026883476,1.1083175783830048,0.1620037344846368,0.00026111241391888254,3.394523395209848e-08,9.7204294201924e-13
5.48,0.12970636227226176,0.025305075990220978,0.004496550351880204,0.0005966953792881451,9.318253931629921e-05,1.5791666324153485e-05,1.1851349109059228,1.1187897863196288,0.1654326138419256,0.00027166191653739174,3.597480377150845e-08,1.0495123339620734e-12
5.5,0.1301113954540835,0.02540096083828635,0.004611409417566179,0.000623166919082228,9.911667200058858e-05,1.7109498474654588e-05,1.1914555468975285,1.1293179278414716,0.1689207039681553,0.0002825963245013292,3.811760233855273e-08,1.1322140999783439e-12
5.5200000000000005,0.13051475584351885,0.02549601522545833,0.004728602375212692,0.000650689143047716,0.00010540160291155368,1.8531258870309465e-05,1.1977815627797372,1.1399020504902844,0.17246879553415953,0.0002939281816089865,4.037949677021922e-08,1.2214182647234565e-12
5.54,0.13091644509772585,0.02559023163909463,0.004848163673041077,0.0006792988317740917,0.00011205648205001954,2.006467225808666e-05,1.204112911090972,1.1505422013865967,0.17607768663501686,0.0003056703917968457,4.276663468006652e-08,1.3171724826492616e-12
5.5600000000000005,0.1313164649486388,0.025683602593467893,0.004970128019247113,0.0007090338750642969,0.00011910141830267732,2.1718002836500706e-05,1.2104495447877985,1.1612384272334448,0.17974818282942875,0.00031783622808312416,4.528545826188993e-08,1.420516647966078e-12
5.58,0.13171481720170297,0.02577612062935843,0.005094530378980813,0.000739933299367578,0.0001265575230599399,2.350008951266168e-05,1.2167914172412437,1.1719907743200657,0.18348109717911235,0.0003304393417094212,4.794271385515322e-08,1.5307010379383277e-12
5.6000000000000005,0.13211150373463026,0.02586777831365129,0.0052214059711887,0.0007720372956903028,0.00013444695561451258,2.542038331197294e-05,1.2231384822331532,1.1827992885255558,0.18727725028824568,0.000343493771461008,5.074546775298807e-08,1.6497151368866441e-12
5.62,0.1325065264961664,0.025958568238925936,0.005350790265306602,0.0008053872479817577,0.00014279297039227983,2.7488987052507933e-05,1.2294906939525772,1.1936640153224982,0.1911374703429311,0.0003570139531894861,5.37011205286768e-08,1.7773988934196286e-12
5.64,0.13289988750487375,0.026048483023045264,0.00548271897780249,0.0008400257619917278,0.00015161996608432297,2.971669741409838e-05,1.235848006992187,1.204584999780562,0.19506259315069338,0.0003710147295327459,5.681741911365559e-08,1.914269003002299e-12
5.66,0.1332915888479295,0.026137515308741553,0.005617228068569457,0.0008759966946035563,0.00016095353674493873,3.211504953603986e-05,1.2422103763447274,1.2155622865700648,0.1990534621800161,0.00038551135983037877,6.01024741912846e-08,2.061454993794249e-12
5.68,0.13368163267993707,0.02622565776320052,0.005754353737163387,0.0009133451836371494,0.00017082052492400118,3.469636428404374e-05,1.2485777573994932,1.2265959199655048,0.20311092859989666,0.00040051953025157714,6.356477351972879e-08,2.2187700908629204e-12
5.7,0.13407002122175446,0.026312903077643442,0.005894132418886537,0.0009521176781247437,0.000181249076901396,3.747379833329574e-05,1.2549501059388461,1.2376859438490653,0.20723585131944894,0.0004160553641207514,6.72132007312101e-08,2.3878268770653817e-12
5.72,0.13445675675933147,0.026399243966902162,0.006036600780705423,0.0009923619690458503,0.0001922687000900278,4.0461397218587556e-05,1.2613273781347538,1.2488324017140806,0.21142909702752122,0.0004321354324636134,7.105705025211187e-08,2.5694362396440908e-12
5.74,0.13484184164256788,0.02648467316900168,0.00618179571701614,0.0010341272205350773,0.00020391032269287775,4.367415152475391e-05,1.267709530545363,1.260035336668485,0.21569154023235032,0.0004487767647655942,7.510604391597176e-08,2.7637243602145246e-12
5.76,0.13522527828417982,0.026569183444728677,0.006329754345237811,0.0010774640015403399,0.00021620635567166685,4.712805637429716e-05,1.2740965201116035,1.2712947914382127,0.22002406330125213,0.0004659968599419025,7.937035210514002e-08,2.9718935462260848e-12
5.78,0.13560706915858392,0.02665276757720771,0.006480514001244633,0.001122424317940549,0.00022919075711609624,5.08401744032318e-05,1.2804883041538213,1.2826108083705816,0.2244275565003357,0.00048381369753700427,8.386061135860715e-08,3.1950357254889377e-12
5.8,0.13598721680079115,0.02673541837146902,0.006634112234625503,0.0011690616451086513,0.00024289909908375325,5.482870240472945e-05,1.286884840368438,1.2939834294376478,0.2289029180342417,0.0005022457491507096,8.85879417068485e-08,3.434233677806607e-12
5.82,0.13636572380531867,0.02681712865401695,0.006790586803774355,0.0012174309609167902,0.0002573686369934328,5.911304184184658e-05,1.2932860868246467,1.3054126962395176,0.23345105408592545,0.0005213119900843593,9.356397110818787e-08,3.690186026273252e-12
5.84,0.13674259282511025,0.026897891272395745,0.006949975670803617,0.0012675887791741053,0.00027263838164910844,6.371387343242996e-05,1.2996920019611282,1.3168986500076438,0.23807287885645348,0.0005410319112306667,9.880085286866854e-08,3.964234972521571e-12
5.86,0.1371178265704732,0.026977699094752186,0.007112316996285074,0.0013195931834935096,0.00028874917398314043,6.86532360278748e-05,1.3061025445828043,1.3284413316080896,0.24276931460483855,0.0005614255311939845,1.0431128906424854e-07,4.25774977018725e-12
5.88,0.13749142780802853,0.027056545009400537,0.007277649133810409,0.0013735038615725398,0.00030574376259832144,7.395461000808951e-05,1.3125176738576143,1.3400407815447533,0.24754129168790223,0.0005825134086510444,1.1010855426939931e-07,4.5718931007169224e-12
5.9,0.1378633993596698,0.02713442192437695,0.00744601062436619,0.0014293821398767123,0.0003236668841887659,7.964300542529197e-05,1.3189373493133214,1.351697039962584,0.2523897486001611,0.000604316654960852,1.1620651773956309e-07,4.907838813004847e-12
5.92,0.13823374410154077,0.027211322767001934,0.0076174401905328495,0.0014872910187229895,0.00034256534694173177,8.574505515847056e-05,1.3253615308343463,1.363410146650748,0.25731563201374574,0.0006268569470186218,1.2261966845936556e-07,5.267480807519494e-12
5.94,0.1386024649630208,0.02728724048343473,0.007791976730493173,0.0015472952077418612,0.0003624881169944099,9.228911332710915e-05,1.3317901786586321,1.375180141045785,0.26231989681834544,0.0006501565403659308,1.2936313957686003e-07,5.651895394819108e-12
5.96,0.13896956492572543,0.027362168038228035,0.007969659311852204,0.0016094611617056055,0.0003834864080404289,9.930535923666963e-05,1.3382232533745306,1.387007062234722,0.26740350616118236,0.0006742382825524766,1.364527369091962e-07,6.0629483741919e-12
5.98,0.1393350470225175,0.027436098413878472,0.00815052716526594,0.0016738571167081594,0.00040561377417604964,0.0001068259071441192,1.344660715917723,1.3988909489581716,0.27256743148701246,0.0006991256267627028,1.4390496529220524e-07,6.502557313558768e-12
6.0,0.13969891433653228,0.02750902461037868,0.00833461967788095,0.0017405531266854034,0.00042892620608118965,0.00011488492214020983,1.3511025275681616,1.4108318396133943,0.27781265257814747,0.0007248426457094482,1.5173705466968044e-07,6.97209981018508e-12
6.0200000000000005,0.1400611700002133,0.027580939644766878,0.008521976386575182,0.0018096211002488062,0.0004534822306248259,0.00012351874245658398,1.3575486499470422,1.4228297722573389,0.28314015759451855,0.0007514140457870989,1.5996699345466057e-07,7.47400328963873e-12
6.04,0.14042181719436136,0.027651836550673114,0.008712636971002323,0.0018811348378188447,0.0004793430139861048,0.00013276600852072312,1.3639990450138,1.4348847846096535,0.2885509431137477,0.0007788651815091921,1.686135562538184e-07,8.010053945701794e-12
6.0600000000000005,0.14078085914719407,0.02772170837786466,0.008906641246436676,0.0019551700690354926,0.0005065724683910246,0.00014266779909874743,1.3704536750631375,1.44699691405567,0.2940460141712649,0.0008072220702144518,1.7769633721056086e-07,8.582768087497029e-12
6.08,0.14113829913341708,0.027790548191789482,0.00910402915641572,0.0020318044904236426,0.0005352373625554375,0.0001532677748794664,1.3769125027220703,1.459166197649364,0.2996263843004324,0.0008365114070629432,1.872357807202086e-07,9.194162805750846e-12
6.1000000000000005,0.14149414047330883,0.027858349073119237,0.009304840765180431,0.0021111178032905144,0.0005654074359311919,0.00016461232986404037,1.3833754909470073,1.4713926721162875,0.30529307557271146,0.000866760580310783,1.9725321764103053e-07,9.846883327212787e-12
6.12,0.14184838653181578,0.027925104117292338,0.009509116249909253,0.0021931917518269277,0.0005971555168512783,0.00017675075094899216,1.389842603020847,1.483676373856475,0.3110471186378428,0.0008979976868821099,2.0777089820837271e-07,1.0543569779868233e-11
6.140000000000001,0.14220104071765582,0.027990806434048363,0.009716895892739687,0.0022781101613809176,0.0006305576446615649,0.00018973538608993675,1.3963138025501123,1.496017338947325,0.3168895527640626,0.0009302515482295367,2.188120314492224e-07,1.128751294747009e-11
6.16,0.14255210648243927,0.028055449146969436,0.00992822007258852,0.0023659589768880713,0.0006656931959506006,0.00020362182148113238,1.4027890534620966,1.508415603146455,0.32282142587833385,0.0009635517265020211,2.304008209628857e-07,1.208061340902205e-11
6.18,0.14290158731979474,0.028119025393014793,0.010143129256751912,0.002456826301406166,0.0007026450149490775,0.00021846906815833236,1.4092683200020448,1.5208712018945336,0.3288437946066078,0.0009979285410141334,2.425625023506499e-07,1.2926545445255858e-11
6.2,0.14324948676451074,0.0281815283220576,0.010361663992298317,0.002550802434740447,0.0007414995482141527,0.0002343397584956016,1.415751566730355,1.5333841703180837,0.33495772431411736,0.0010334130850168136,2.553233900718823e-07,1.3828966570628831e-11
6.22,0.14359580839168395,0.02824295109641456,0.010583864897239361,0.0026479799121055365,0.0007823469836686225,0.0002513003530403037,1.4222387585198033,1.5459545432322657,0.3411642891456734,0.0010700372428006817,2.6871091053477303e-07,1.4791229889004715e-11
6.24,0.1439405558158812,0.028303286890381595,0.010809772651491032,0.0027484535428015508,0.0008252813941063437,0.00026942135819108974,1.4287298605528003,1.5585823551436313,0.3474645720660151,0.0011078337070955329,2.827536533976526e-07,1.5816993818382037e-11
6.26,0.14428373269031236,0.028362528889763886,0.011039427987610727,0.0028523204488531194,0.0008704008852348616,0.00028877755520202107,1.4352248383186597,1.5712676402528554,0.35385966490016,0.0011468359968086195,2.9748141399968986e-07,1.6910299360028372e-11
6.28,0.1446253427060105,0.028420670291401117,0.01127287168131338,0.002959680103567672,0.0009178077483449821,0.0003094482410385782,1.4417236576109034,1.5840104324574482,0.3603506683737857,0.0011870784750912927,3.1292523632154203e-07,1.8075176185587904e-11
6.3,0.14496538959102553,0.028477704302701554,0.011510144541769981,0.0030706343699778683,0.00096760861769643,0.0003315174816256578,1.448226284524582,1.5968107653544301,0.3669386921536446,0.0012285963677256071,3.291174681256676e-07,1.931566757832358e-11
6.32,0.14530387710962786,0.028533624141164404,0.011751287401680272,0.00318528753910823,0.0010199146326900586,0.00035507437803782065,1.4547326854536216,1.6096686722430018,0.3736248548879874,0.0012714257818653668,3.4609180538950506e-07,2.0637562826479397e-11
6.34,0.14564080906151924,0.028588423033906296,0.011996341107118995,0.0033037463680179553,0.0010748416049005793,0.00038021334620398525,1.4612428270881954,1.6225841861271713,0.38041028424702195,0.001315603725108674,3.638833487304146e-07,2.204537316877596e-11
6.36,0.14597618928105874,0.028642094217184732,0.012245346507157858,0.003426120117568848,0.0011325101900455995,0.00040703441072023253,1.4677566764121135,1.6355573397183776,0.38729611696338095,0.0013611681249321723,3.8252865012309395e-07,2.3543915188883124e-11
6.38,0.14631002163649268,0.0286946309359207,0.012498344443259967,0.003552520589858167,0.0011930460649486093,0.00043564351338057437,1.4742742007002418,1.64858816543807,0.3942834988726309,0.0014081578484613935,4.020657756636329e-07,2.513914411774787e-11
6.4,0.1466423100292005,0.028746026443222553,0.012755375738446494,0.0036830621652582003,0.001256580109560149,0.0004661528370493635,1.48079536751594,1.6616766954202844,0.4013735849537927,0.0014566127226140974,4.225343593629999e-07,2.6837224583958924e-11
6.42,0.1469730583929453,0.028796273999903366,0.013016481186232809,0.003817861838995945,0.0013232485940804387,0.0004986811455181383,1.4873201447085227,1.67482296151418,0.4085675393698812,0.0015065735546043357,4.4397566270708905e-07,2.864391572050045e-11
6.44,0.14730227069313753,0.028845366874001428,0.013281701539333458,0.003957039257207658,0.0013931933712306628,0.0005333541400070789,1.493848500410743,1.6880269952865694,0.41586653550847835,0.0015580821528136508,4.6643263632420044e-07,3.056627404170804e-11
6.46,0.1476299509261046,0.028893298340297646,0.013551077498136268,0.004100716752397931,0.001466562073705974,0.0005703048329865797,1.5003804030362955,1.7012888280244132,0.4232717560223151,0.001611181348042159,4.899499825432143e-07,3.261059373889976e-11
6.48,0.1479561031183748,0.028940061679831347,0.013824649698947337,0.004249019378231732,0.001543508316837706,0.0006096739400096179,1.5069158212773497,1.7146084907372985,0.43078439286989256,0.0016659150151318806,5.145742235823563e-07,3.478484770123065e-11
6.5,0.14828073132596678,0.02898565017942034,0.014102458702000904,0.004402074943578793,0.001624191906473181,0.0006516102902566275,1.5134547241020935,1.7279860141598935,0.43840564735610627,0.001722328094985929,5.403537678336851e-07,3.7096732340186e-11
6.5200000000000005,0.14860383963368806,0.029030057131167474,0.014384544979231894,0.00456001404572129,0.0017087790520708744,0.0006962712564990841,1.5199970807523073,1.7414214287543888,0.4461367301729022,0.0017804666169766712,5.673389782004678e-07,3.955445389178477e-11
6.54,0.14892543215444567,0.029073275831983433,0.01467094890182596,0.0047229701026625355,0.0017974425850174102,0.0007438232052288179,1.5265428607409537,1.754914764712901,0.4539788614399537,0.0018403777217450043,5.955822491007049e-07,4.216705311375225e-11
6.5600000000000005,0.14924551302856193,0.02911529958308729,0.01496171072752085,0.0048910793844140436,0.0018903621821098181,0.0007944419676553224,1.5330920338497944,1.7684660519598678,0.46193327074535817,0.001902109684413108,6.251380772972553e-07,4.4942361979432014e-11
6.58,0.14956408642310476,0.02915612168953137,0.015256870587691485,0.005064481043203143,0.0019877245941966122,0.0008483133323440179,1.53964457012702,1.7820753201544202,0.47000119718635314,0.0019657119381970966,6.560631421102932e-07,4.7891826833800005e-11
6.6000000000000005,0.1498811565312183,0.029195735459698276,0.0155564684741822,0.005243317142466911,0.002089723879879761,0.0009056335602017832,1.5462004398849096,1.7957425986927313,0.4781838894100545,0.0020312350984425125,6.884163840238514e-07,5.1024563165909586e-11
6.62,0.1501967275714722,0.029234134204818463,0.01586054422591955,0.00542773268456117,0.0021965616442297486,0.0009666099225821053,1.5527596136975024,1.8094679167103367,0.4864826056542194,0.0020987309870704345,7.222590909005715e-07,5.4351680995231704e-11
6.640000000000001,0.15051080378721168,0.029271311238474946,0.016169137515285547,0.005617875637057539,0.002308447282396331,0.001031461263229982,1.559322062398296,1.8232513030844575,0.4948986137880185,0.0021682526574657466,7.576549777040749e-07,5.78852892582486e-11
6.66,0.1508233894459182,0.029307259876108428,0.016482287834254365,0.00581389695751998,0.0024255982279915594,0.0011004185847971377,1.5658877570779626,1.837092786436276,0.5034331913528367,0.0022398544197846293,7.946702793387442e-07,6.163612569364078e-11
6.68,0.1511344888385823,0.02934197343452613,0.0168000344803043,0.006015950616655576,0.0025482402061113903,0.0011737256606590165,1.5724566690820854,1.8509923951332055,0.5120876256031012,0.0023135918667027576,8.333738427070274e-07,6.561767108836384e-11
6.7,0.1514441062790809,0.029375445231405867,0.017122416542091907,0.006224193619700879,0.0026766074908030047,0.0012516396727155904,1.579028770008914,1.864950157291141,0.520863213547114,0.0023895218996146305,8.738372207781452e-07,6.98442500820621e-11
6.72,0.1517522461035609,0.02940766858479647,0.0174494728848921,0.006438786025924884,0.0028109431667833976,0.0013344318758603604,1.5856040317071418,1.8789661007766834,0.5297612619879011,0.0024677027552902557,9.161347641617344e-07,7.432806267413362e-11
6.74,0.15205891266983843,0.02943863681262557,0.01778124213581728,0.006659890966123843,0.00295149939517863,0.0014223882897696717,1.5921824262736994,1.8930402532093507,0.5387830875641119,0.0025481940329656785,9.603437319935638e-07,7.90854712153767e-11
6.76,0.15236411035679862,0.029468343232197207,0.01811776266879765,0.006887674657954783,0.0030985376830015166,0.0015158104186053548,1.5987639260515734,1.907172641963759,0.5479300167909001,0.0026310567219253182,1.0065443887923569e-06,8.41320446418902e-11
6.78,0.15266784356380597,0.02949678115969247,0.01845907258933727,0.007122306418976584,0.0032523291560698437,0.00161501599920294,1.6053485036276354,1.9213632941718024,0.5572033861008454,0.0027163532295407544,1.0548201136193662e-06,8.948352276856853e-11
6.8,0.1529701167101253,0.029523943909672654,0.018805209719045708,0.007363958677249012,0.0034131548350224594,0.0017203397782517356,1.6119361318304986,1.9356122367247914,0.5666045418848921,0.0028041474097860197,1.1052575127221062e-06,9.515862341578372e-11
6.82,0.153270934234347,0.02954982479457399,0.019156211579940303,0.007612806979327668,0.00358130591403281,0.0018321343188975017,1.6185267837283908,1.9499194962755955,0.5761348405332982,0.002894504592245084,1.1579465324354497e-06,1.0117471275182449e-10
6.84,0.1535703005938201,0.029574417124208646,0.01951211537852865,0.007869029995506004,0.0037570840417985607,0.0019507708371413533,1.62512043262704,1.9642850992407404,0.5857956484766151,0.0029874916115997193,1.2129805791425445e-06,1.0755214338793137e-10
6.86,0.15386822026409605,0.02959771420525754,0.019872957989667785,0.008132809522128746,0.003940801604315039,0.002076640068299022,1.6317170520675908,1.978709071802518,0.5955883422266735,0.0030831768376260757,1.2704566396133934e-06,1.143111342517125e-10
6.88,0.15416469773837604,0.029619709340768723,0.020238775940205973,0.008404330480813151,0.0041327820089017255,0.002210153163697339,1.6383166158245253,1.9931914399110462,0.605514308417595,0.0031816302056851893,1.3304754091861226e-06,1.214730121334109e-10
6.9,0.15445973752696965,0.029640395829653523,0.02060960539240683,0.008683780914394833,0.004333359968886374,0.002351742617651315,1.6449190979036137,2.0077322292863378,0.615574943846818,0.0032829232477351467,1.393141417370713e-06,1.2906094507282003e-10
6.92,0.1547533441567572,0.029659766966175442,0.02098548212715815,0.008971351979414649,0.004542881788293807,0.0025018632246392655,1.6515244725398752,2.0223314654203266,0.6257716555161515,0.003387129123845319,1.4585631704522888e-06,1.3709833748317043e-10
6.94,0.1550455221706634,0.029677816039448676,0.021366441526974186,0.009267237934964642,0.004761705645829445,0.0026609930664435394,1.6581327141955622,2.036989173578899,0.6361058606728296,0.0034943226542551256,1.5268532826335835e-06,1.4561142055394463e-10
6.96,0.1553362761271333,0.029694536332925632,0.021752518558779656,0.009571636127680723,0.004990201877356242,0.002829634528828595,1.6647437975581574,2.0517053788038897,0.6465789868505951,0.0036045803519539356,1.5981286210000982e-06,1.546251299006386e-10
6.98,0.15562561059962135,0.029709921123890422,0.02214374775650124,0.009884746972701112,0.005228753256028935,0.003008315347174995,1.6713576975383937,2.0664801059150686,0.6571924719108032,0.003717980455799249,1.6725104544419745e-06,1.641690498858584e-10
7.0,0.1559135301760805,0.029723963682947396,0.02254016320344556,0.010206773930362822,0.005477755269127844,0.003197589680225935,1.6779743892682852,2.0813133795121055,0.6679477640835303,0.0038346029641883692,1.7501246046337529e-06,1.7427220044077421e-10
7.0200000000000005,0.15620003945846653,0.02973665727351201,0.022941798514487494,0.010537923478434233,0.005737616390589545,0.0033980392108975154,1.6845938480991844,2.096205223976524,0.6788463220087155,0.003954529669277288,1.8311016051889791e-06,1.8496470038162332e-10
7.04,0.15648514306224065,0.029747995151297803,0.023348686818056078,0.010878405079653918,0.006008758348116833,0.003610274272819493,1.6912160495998436,2.111155663473631,0.6898896147773022,0.004077844191768766,1.9155768594810994e-06,1.9628037704400642e-10
7.0600000000000005,0.15676884561588558,0.02975797056380579,0.02376086073793824,0.011228431144359506,0.006291616383682376,0.0038349350009939734,1.6978409695545074,2.126164721954434,0.7010791219724146,0.0042046320162608085,2.003690812458568e-06,2.0825300210550843e-10
7.08,0.1570511517604253,0.029766576749807025,0.024178352374886258,0.011588216987957544,0.006586639506112725,0.004072692504624986,1.7044685839610134,2.1412324231575353,0.7124163337105326,0.004334980527180259,2.095589119131611e-06,2.2091871454169333e-10
7.1000000000000005,0.15733206614895134,0.02977380693883155,0.024601193288052815,0.011957980783014776,0.006894290734374702,0.004324250059851529,1.7110988690289095,2.1563587906110224,0.7239027506826969,0.004468979045296083,2.191422823096847e-06,2.343148441043576e-10
7.12,0.15761159344615883,0.02977965435065463,0.025029414476244485,0.012337943505709397,0.007215047330039386,0.004590344319715816,1.7177318011775933,2.171543847634321,0.7355398841957317,0.004606718864818095,2.291348544006789e-06,2.484827358392337e-10
7.140000000000001,0.1578897383278827,0.02978411219477245,0.025463046358996842,0.012728328876392764,0.007549401017303263,0.004871746538315102,1.724367357034462,2.1867876173400576,0.7473292562134627,0.004748293291118056,2.395528656747144e-06,2.6346374429590875e-10
7.16,0.1581665054806472,0.029787173669896513,0.025902118757497546,0.01312936329402399,0.007897858188844045,0.005169263805681146,1.7310055134330795,2.202090122635881,0.7592723993979791,0.0048937976790292,2.504131495461401e-06,2.793014969487841e-10
7.18,0.15844189960121874,0.029788831963428505,0.026346660875333237,0.013541275764185713,0.008260940095615744,0.005483740289445508,1.7376462474113683,2.2174513862262795,0.7713708571508996,0.005043329471778317,2.6173315522687924e-06,2.9604276752775854e-10
7.2,0.15871592539616503,0.029789080250944205,0.026796701279086715,0.013964297820436308,0.008639183018606982,0.005816058478944137,1.7442895362097999,2.2328714306143884,0.7836261836546425,0.005196988240547716,2.7353096770317317e-06,3.137369796642673e-10
7.22,0.15898858758141743,0.02978791169566992,0.027252267878779816,0.014398663438710905,0.009033138420415044,0.0061671404269262415,1.7509353572696187,2.2483502781037656,0.7960399439137311,0.005354875724649945,2.8582532997686908e-06,3.3243446063319494e-10
7.24,0.1592598908818493,0.029785319447972598,0.027713387908183184,0.014844608944517302,0.009443373074381894,0.006537948983610839,1.7575836882310722,2.263887950800164,0.8086137137961114,0.005517095872352379,2.986356648964377e-06,3.5219011168558163e-10
7.26,0.1595298400308458,0.029781296644822937,0.02818008790497035,0.015302372912604768,0.009870469168833707,0.0069294890173636995,1.7642345069316563,2.2794844706132853,0.8213490800744577,0.0056837548823676426,3.1198209667424517e-06,3.7305904224245807e-10
7.28,0.1597984397698951,0.029775836409291104,0.02865239369076082,0.015772196058868777,0.010315024383899106,0.007342808615968482,1.7708877914043826,2.295139859258511,0.8342476404675474,0.005854961245957851,3.258854760298921e-06,3.9510198645454537e-10
7.3,0.160065694848172,0.029768931850010304,0.029130330351020375,0.016254321124155518,0.01077765193813324,0.007779000262082576,1.7775435198760514,2.3108541382586343,0.8473110036815913,0.0060308257897534094,3.4036740259416506e-06,4.183817790400889e-10
7.32,0.16033161002213853,0.029760576060660755,0.029613922214860235,0.01674899274971152,0.011258980602104954,0.008239201976383535,1.7842016707655515,2.3266273289455586,0.8605407894516212,0.006211461719211508,3.5545025056546007e-06,4.429625003590413e-10
7.34,0.16059619005514175,0.029750762119444805,0.030103192834715773,0.01725645734395517,0.011759654675874667,0.008724598421840911,1.7908622226821624,2.3424594524619886,0.8739386285828767,0.006396984662768352,3.711571939523469e-06,4.689145396697127e-10
7.36,0.16085943971702332,0.02973948308855891,0.030598164965929486,0.017776962940287085,0.012280333927177159,0.00923642196284722,1.7975251544238822,2.3583505297631158,0.8875061629922031,0.006587512716687978,3.875122327028547e-06,4.963091320669692e-10
7.38,0.1611213637837308,0.029726732013671563,0.031098860546237197,0.018310759045635068,0.012821693486939534,0.009775953673497106,1.8041904449757629,2.3743005816182694,0.901245045749477,0.0067831664905963155,4.045402202074189e-06,5.252237509983727e-10
7.4,0.1613819670369372,0.029712501923397572,0.03160530067517247,0.01885809647943343,0.013384423698622762,0.010344524290361286,1.8108580735082642,2.3903096286125707,0.9151569411190245,0.006984069153748468,4.222668902411962e-06,5.557362774156409e-10
7.42,0.16164125426366524,0.02969678582876887,0.0321175055933897,0.01941922720273396,0.013969229917711077,0.010943515106737195,1.8175280193756211,2.406377691148561,0.9292435246010868,0.007190346481978181,4.407188869967975e-06,5.879325938773006e-10
7.44,0.16189923025591513,0.029679576722706644,0.032635494661920714,0.019994404137147093,0.014576832257541191,0.011574358807816203,1.8242002621142244,2.4225047894478244,0.943506482973259,0.007402126905418642,4.599237930564936e-06,6.218979174451184e-10
7.46,0.16215589981030326,0.02966086757949734,0.03315928634137532,0.020583880973321336,0.015207965277539393,0.012238540249726681,1.8308747814410173,2.438690943552585,0.957947514331987,0.007619541556911231,4.79910161334619e-06,6.577268464589658e-10
7.48,0.1624112677276986,0.029640651354262724,0.03368889817108975,0.021187911968652804,0.015863377609806273,0.012937597190271924,1.8375515572519037,2.4549361733273054,0.9725683281340359,0.007842724321205346,5.0070754515602054e-06,6.955146143096698e-10
7.5,0.1626653388128702,0.029618920982427986,0.034224346748232055,0.021806751733931776,0.01654383151990978,0.013673120985880867,1.8442305696201737,2.471240498460252,0.9873706452380034,0.008071811884879394,5.223465311165091e-06,7.353621790115111e-10
7.5200000000000005,0.16291811787413893,0.029595669379193668,0.034765647706883326,0.02244065500864835,0.01725010239771161,0.014446757278283321,1.850911798794942,2.487603938465065,1.002356197945837,0.008306943787039868,5.44858772187023e-06,7.773775522058876e-10
7.54,0.16316960972303352,0.0295708894390108,0.035312815697099126,0.0230898764246567,0.01798297817400202,0.015260206706377592,1.8575952251995949,2.5040265126823,1.0175267300443582,0.008548262470794493,5.68277021743855e-06,8.216723905702292e-10
7.5600000000000005,0.16341981917394838,0.0295445740350401,0.035865864363952095,0.02375467025791986,0.018743258658779422,0.01611522569458444,1.864280829430261,2.5205082402809684,1.0328839968468053,0.008795913335508767,5.92635168631686e-06,8.68361739942133e-10
7.58,0.16366875104381556,0.029516716018631164,0.03642480632658959,0.024435290168079892,0.01953175479713586,0.017013627389738675,1.8709685922542856,2.5370491402600517,1.0484297652343946,0.009050044789846558,6.179682735908701e-06,9.175693256231044e-10
7.6000000000000005,0.16391641015177247,0.02948730821878752,0.03698965315729481,0.025131988925569195,0.020349287838865273,0.017957282845558552,1.8776584946087251,2.5536492314500108,1.0641658136978929,0.009310808305621608,6.443126064560233e-06,9.694237453281913e-10
7.62,0.16416280131883826,0.02945634344163174,0.03756041536057288,0.02584501812602303,0.021196688418258322,0.018948122588855993,1.88435051759885,2.5703085325142827,1.0800939323791863,0.009578358472466074,6.717056840510647e-06,1.0240600153332279e-09
7.640000000000001,0.16440792936759668,0.029423814469880284,0.038137102352276284,0.02657462789175372,0.022074795540985546,0.019988138746975234,1.891044642496665,2.587027061950756,1.0962159231128918,0.009852853053310977,7.00186309825831e-06,1.0816192806442067e-09
7.66,0.16465179912188194,0.0293897140623085,0.03871972243877377,0.027321066560048988,0.022984455475579816,0.02107938797434597,1.8977408507394398,2.6038048380932395,1.1125335994679555,0.010134453040700148,7.297946147530162e-06,1.1422495099816301e-09
7.68,0.164894415406467,0.02935403495321602,0.039308282796179664,0.028084580358093806,0.023926520547918696,0.022223995491097194,1.9044391239282508,2.620641879112923,1.1290487867892818,0.010423322713957534,7.6057209844726696e-06,1.2061059470284846e-09
7.7,0.1651357830467639,0.02931676985189951,0.03990278944965678,0.0288654130643131,0.024901847838207578,0.023424160642808882,1.9111394438265445,2.637538203019808,1.1457633222393622,0.010719629697197452,7.92561672308151e-06,1.2733513157585431e-09
7.72,0.1653759068685188,0.029277911442117225,0.040503247252801494,0.029663805655957894,0.025911297781473403,0.024682164513460662,1.9178417923586994,2.6544938276641443,1.1626790548399206,0.011023545018202187,8.258077036701909e-06,1.3441545268519595e-09
7.74,0.16561479169752089,0.02923745238155969,0.04110965986713048,0.030479995942788364,0.026955732674525355,0.026000380280598718,1.9245461516086135,2.6715087707378444,1.17979784551358,0.01133524316817144,8.603560611252101e-06,1.4186954251331418e-09
7.76,0.1658524423593081,0.02919538530131344,0.041722029741670254,0.031314218186698925,0.028036015094804162,0.027381287201773234,1.931252503818297,2.688583049775888,1.197121567125526,0.011654902162359464,8.962541611195039e-06,1.4971608519798647e-09
7.78,0.1660888636788862,0.029151702805334204,0.04234035809268229,0.032166702707207805,0.029153006239804338,0.028827489375908857,1.9379608313864818,2.7057166821577097,1.2146521045251937,0.011982703601606037,9.335510160148495e-06,1.5797455729610762e-09
7.8,0.16632406048044165,0.029106397469912844,0.042964644883519185,0.03303767547269912,0.03030756419978976,0.03034174074680962,1.9446711168672357,2.722909685108578,1.2323913545879661,0.012318832734767598,9.722972835840857e-06,1.6666544090649042e-09
7.82,0.16655803758706883,0.029059461843147782,0.04359488880462985,0.0339273576773763,0.03150054218176186,0.031926978226813556,1.9513833429685998,2.7401620757009715,1.2503412262568752,0.01266347852207824,1.0125453172602058e-05,1.7581019822449031e-09
7.84,0.16679079982049436,0.029010888444407953,0.04423108725374178,0.0348359653039195,0.03273278670926176,0.033586365339609674,1.9580974925512293,2.757473870855917,1.2685036405843277,0.013016833699421962,1.0543492188906988e-05,1.8543126007206155e-09
7.86,0.16702235200080934,0.028960669763806873,0.04487323631621311,0.035763708671834926,0.03400513583089937,0.03532334944127256,1.9648135486270462,2.774845087344351,1.2868805307738356,0.013379094843556818,1.0977648919264662e-05,1.955521586695301e-09
7.88,0.1672526989462064,0.028908798261678033,0.04552133074559073,0.036710791971570324,0.03531841738113635,0.03714173641422489,1.9715314943579125,2.792275741788431,1.3054738422217511,0.013750462438284617,1.1428500965918869e-05,2.0619739270444597e-09
7.9,0.16748184547271847,0.028855266368039617,0.04617536394436896,0.0376774127844709,0.03667344735013801,0.03904578778569875,1.9782513130543058,2.809765850662873,1.3242855325590364,0.014131140941574954,1.1896645068330194e-05,2.173927388844869e-09
7.92,0.16770979639396238,0.02880006648206726,0.0468353279449809,0.03866376158871818,0.03807102843636266,0.04104034655809558,1.9849729881740081,2.827315430296244,1.3433175716930155,0.01452133885367265,1.2382697682604688e-05,2.291652363862898e-09
7.94,0.1679365565208878,0.028743190971574246,0.04750121339102919,0.03967002125142758,0.03951194887672424,0.0431309997256494,1.9916965033208123,2.844924496872267,1.3625719418491529,0.014921268786189582,1.2887295576209225e-05,2.4154281921712943e-09
7.96,0.1681621306615299,0.028684632172477534,0.0481730095187757,0.04069636650713878,0.040996981675837624,0.04532428758095702,1.9984218422432314,2.8625930664310992,1.3820506376128578,0.015331147532166411,1.3411096457332372e-05,2.5455498573829134e-09
7.98,0.16838652362076567,0.02862438238828611,0.04885070413890166,0.04174296342296372,0.04252688438937129,0.04762797260022816,2.0051489888332275,2.88032115487061,1.4017556659712649,0.015751196137185577,1.39547795872611e-05,2.6823273357560054e-09
8.0,0.16860974020007136,0.028562433889564667,0.04953428361855708,0.04280996885074572,0.044102399658721134,0.050051384080744186,2.0118779271249436,2.8981087779476407,1.4216890463550496,0.01618163997146518,1.4519046443521796e-05,2.826081004966666e-09
8.02,0.16883178519729167,0.02849877891342612,0.05022373286371722,0.04389752986661751,0.04572425674717107,0.05260585896732592,2.0186086412934547,2.9159559512792534,1.4418528106802602,0.016622708802996967,1.5104621384190247e-05,2.9771479331064858e-09
8.040000000000001,0.16905266340640382,0.028433409663004477,0.05091903530186133,0.04500578319841393,0.047393174394235474,0.05530530467157786,2.0253411156535233,2.933862690343974,1.4622490033901425,0.01707463687173405,1.5712252329434184e-05,3.13588184001103e-09
8.06,0.16927237961729036,0.028366318306946987,0.051620172864986984,0.04613485464146751,0.04910986538840477,0.05816691643996633,2.032075334658369,2.951829010483015,1.4828796814969754,0.01753766296482242,1.6342711469476914e-05,3.302651054837301e-09
8.08,0.16949093861551612,0.02829749697888828,0.05232712597298087,0.047284858463381985,0.05087504336331046,0.06121209031702678,2.038811282898449,2.9698549269014958,1.5037469146239437,0.018012030492902894,1.6996795988525745e-05,3.4778385892322227e-09
8.1,0.16970834518210415,0.028226937776951583,0.05303987351736453,0.04845589679846306,0.05268943245380016,0.06446758341941987,2.0455489451002498,2.987940454669657,1.5248527850469835,0.0184979875674994,1.767532880268218e-05,3.661847396747572e-09
8.120000000000001,0.16992460409332455,0.028154632763236345,0.05375839284542992,0.04964805903255382,0.05455378061321643,0.06796698663684167,2.052288306125086,3.0060856087240433,1.5461993877366782,0.01899578707948042,1.8379159331733874e-05,3.8551002973699595e-09
8.14,0.1701397201204745,0.028080573963308583,0.0544826597447729,0.05086142117910628,0.05646887759977125,0.07175259169635125,2.0590293509679136,3.024290403868695,1.5677888304001193,0.01950568677865216,1.910916427335919e-05,4.05803503683361e-09
8.16,0.17035369802967343,0.02800475336570495,0.05521264842826229,0.05209604524743967,0.05843557889874359,0.07587775562858226,2.0657720647561524,3.0425548547763275,1.5896232335228202,0.020027949354444102,1.9866248414388702e-05,4.271111400826239e-09
8.18,0.17056654258165457,0.027927162921432897,0.055948331519446025,0.05335197860421155,0.06045483717129757,0.08040989213186363,2.0725164327485186,3.060878975989489,1.6117047304106158,0.02056284251773636,2.065134545437593e-05,4.494809307966726e-09
8.2,0.1707782585315636,0.02784779454347532,0.05668968003841401,0.05462925332922091,0.06252774322646389,0.08543425248373154,2.0792624403338653,3.079262781921722,1.6340354672315807,0.02111063908382476,2.1465418857387643e-05,4.729629068570609e-09
8.22,0.17098885062875988,0.027766640106304866,0.05743666338814362,0.055927885566825826,0.0646555790204593,0.09105870016872243,2.086010073030043,3.097706286858696,1.656617603057958,0.02167161705654373,2.2309462720507397e-05,4.976097096888431e-09
8.24,0.1711983236166163,0.02768369144539248,0.05818924934133253,0.05724787487432943,0.06683988582240662,0.09741973535695392,2.0927593164827494,3.116209504959352,1.6794533099080824,0.02224605971355782,2.318450267202874e-05,5.234757582905751e-09
8.26,0.17140668223233294,0.027598940356739404,0.058947404027754405,0.058589203568858036,0.06908255147922936,0.10469009037009716,2.09951015646442,3.1347724502570253,1.7025447727883403,0.022834255692836338,2.409159678464829e-05,5.506182739544167e-09
8.28,0.17161393120674437,0.027512378596386687,0.05971109192213311,0.05995183607439942,0.07138592170422912,0.11308829853362899,2.1062625788730927,3.153395136660555,1.7258941897351174,0.023436499080320177,2.5031836520734387e-05,5.790969464036247e-09
8.3,0.1718200752641361,0.027423997879968496,0.06048027583257884,0.06133571827082939,0.07375294155257774,0.12289074034985742,2.113016569731318,3.1720775779553927,1.7495037718567719,0.024053089498792132,2.6006347704223515e-05,6.08974120667292e-09
8.32,0.17202511912206014,0.02733378988222983,0.061254916889577946,0.06274077684693478,0.0761873347932662,0.13444679773017384,2.119772115185048,3.1908197878046862,1.773375743375594,0.02468433219798131,2.7016291510799088e-05,6.403146343106879e-09
8.34,0.1722290674911573,0.027241746236591726,0.062034974535579636,0.06416691865968832,0.07869383081667115,0.1481979053158759,2.1265292015025556,3.2096217797503845,1.7975123416698107,0.025330538145893783,2.8062865486405403e-05,6.731864834367023e-09
8.36,0.17243192507497923,0.027147858534689557,0.0628204065151715,0.0656140301022028,0.08127845112336807,0.16470148543244392,2.133287815073358,3.228483567214293,1.8219158173155594,0.025992024121399164,2.914730459444691e-05,7.076604751691734e-09
8.38,0.17263369656981892,0.027052118325942672,0.06361116886588944,0.06708197648314729,0.08394887043994634,0.1846609995826014,2.14004794240714,3.247405163499154,1.8465884341289036,0.026669112808073863,3.027088228968304e-05,7.438105914945042e-09
8.4,0.17283438666453732,0.026954517117126892,0.06440721590965717,0.06857060142065824,0.08671487124552446,0.20896365652897606,2.146809570132702,3.2663865817896838,1.8715324692078443,0.02736213288931869,3.1434911625962474e-05,7.81713974532365e-09
8.42,0.1730340000403993,0.026855046371954912,0.06520850024488638,0.07007972625418903,0.08958891514814331,0.23872769974345084,2.153572684996911,3.285427835153642,1.896750212974336,0.02807141914478324,3.264074638041934e-05,8.214510663860179e-09
8.44,0.1732325413709095,0.02675369751066362,0.06601497273924896,0.07160914947816058,0.09258686034512312,0.27536167361525987,2.1603372738636506,3.304528936542855,1.9222439692163173,0.028797312548088008,3.388978220986312e-05,8.631060634957378e-09
8.46,0.17343001532164987,0.026650461909620764,0.06682658252313799,0.07315864620181446,0.0957288616115578,0.32063866096050486,2.167103323712802,3.3236898987942487,1.948016055129763,0.02954016036584989,3.518345785595089e-05,9.067665323151735e-09
8.48,0.17362642655012328,0.02654533090094086,0.06764327698384905,0.07472796764026612,0.099040498227331,0.3767892220876857,2.1738708216392086,3.342910734630865,1.9740688013607046,0.03030031625807641,3.652325635117716e-05,9.525238051737802e-09
8.5,0.17382177970560156,0.026438295772108933,0.06846500176047596,0.07631684064252661,0.10255418639758729,0.44661768265473933,2.1806397548516756,3.362191456662872,2.0004045520473204,0.031078140379875847,3.791070627926094e-05,1.0004734788649731e-08
8.52,0.17401607942896738,0.026329347765626916,0.06929170073955371,0.07792496726313833,0.10631094656680125,0.5336475567939016,2.1874101106719537,3.3815320773885733,2.0270256648619775,0.031873999484552204,3.934738306057185e-05,1.0507148538978523e-08
8.540000000000001,0.17420933035257014,0.02621847807866719,0.07012331605147006,0.07955202438519758,0.11036261321800697,0.6423033067054787,2.1941818765337513,3.400932609195393,2.0539345110533156,0.032688267028073426,4.08349102658344e-05,1.1033515761952788e-08
8.56,0.1744015371000797,0.026105677862754507,0.07095978806765263,0.08119766340383071,0.11477459608364761,0.7781373959515855,2.200955039981744,3.4203930643608498,2.081133475488337,0.03352132327491553,4.2374960978918997e-05,1.1584919377750704e-08
8.58,0.17459270428634038,0.025990938223448338,0.07180105539854004,0.08286150998084253,0.11962932815734639,0.9481137723307256,2.2077295886705968,3.4399134550535577,2.108624956694475,0.03437355540536369,4.396925916395438e-05,1.21624867047514e-08
8.6,0.17478283651723037,0.02587425022006066,0.07264705489238032,0.08454316388325428,0.12503056870024704,1.1609616178544326,2.214505510363996,3.4594937933341687,2.136411366901719,0.035245357624176035,4.561958110663469e-05,1.2767393098591984e-08
8.620000000000001,0.17497193838952851,0.025755604865386778,0.07349772163485258,0.08624219892087572,0.131108770077276,1.427616551811493,2.2212827929336862,3.4791340911563373,2.1644951320847277,0.036137131270719526,4.732775687026539e-05,1.3400864897719445e-08
8.64,0.17516001449077362,0.025634993125452605,0.07435298894951912,0.08795816300106717,0.13802776757996443,1.7617706209139126,2.2280614243585157,3.498834360367675,2.1928786920048955,0.03704928493058632,4.9095671771359504e-05,1.4064177817187235e-08
8.66,0.17534706939913314,0.02551240591930064,0.07521278839916248,0.08969057832259143,0.14599311366172743,2.180557546355153,2.2348413927234985,3.5185946127106873,2.2215645002525433,0.03798223454861431,5.092526793903926e-05,1.4758664829979842e-08
8.68,0.17553310768327302,0.02538783411878865,0.07607704978797211,0.09143894173491653,0.1552624550220183,2.7054060532985993,2.2416226862188737,3.538414859823705,2.2505550242890107,0.03893640354345476,5.281854587112428e-05,1.5485711795023775e-08
8.700000000000001,0.17571813390223595,0.02526126854842707,0.07694570116464514,0.09320272529507932,0.16615844617085776,3.3631019696531053,2.248405293139177,3.55829511324181,2.2798527454888133,0.03991222292360829,5.477756605124974e-05,1.6246768124419146e-08
8.72,0.17590215260530523,0.025132699985225177,0.07781866882636014,0.09498137706100009,0.17908481073124813,4.187109499833808,2.255189201882323,3.57823538439775,2.3094601591817723,0.04091013140499888,5.680445060039796e-05,1.704333356740718e-08
8.74,0.17608516833189417,0.025002119158612418,0.07869587732371465,0.0967743221688325,0.19454630703719727,5.2192140885175515,2.2619744009486937,3.5982356846228485,2.3393797746952045,0.04193057553006152,5.890138496858982e-05,1.7876984239199586e-08
8.76,0.17626718561141777,0.02486951675032837,0.07957724946654314,0.09858096425229658,0.2131735340285022,6.511564121679429,2.2687608789402347,3.6182960251479024,2.3696141153960553,0.04297400978840079,6.107061967494334e-05,1.874935188577549e-08
8.78,0.17644820896317964,0.024734883394431473,0.0804627063307292,0.10040068727508862,0.23575373500025457,8.12920702205456,2.275548624559561,3.638416417104077,2.4001657187330876,0.04404089673900493,6.331447208282322e-05,1.966213789088999e-08
8.8,0.17662824289625692,0.02459820967727028,0.08135216726594832,0.10223285786333042,0.2632690302205397,10.153237887918811,2.282337626609065,3.658596871523787,2.431037136279065,0.04513170713403985,6.563532822810956e-05,2.0617119007147906e-08
8.82,0.17680729190938346,0.02445948613755613,0.08224554990438784,0.10407682824484313,0.29694384675869145,12.684706685524176,2.2891278739900414,3.678837399341572,2.4622309337729176,0.04624692004425922,6.80356446839911e-05,2.1616140234841282e-08
8.84,0.17698536049084462,0.024318703266451924,0.08314277017046107,0.10593193992630373,0.3383037296918748,15.849464349215582,2.2959193557018134,3.699138011394971,2.4937496911619723,0.04738702298600962,7.051795048308738e-05,2.2661124356502503e-08
8.86,0.17716245311836923,0.024175851507726696,0.084043742291508,0.1077975282692565,0.38924823104143524,19.804170456918353,2.3027120608408658,3.7194987184253736,2.5255960026441246,0.048552512049892416,7.308484907115287e-05,2.3754076642370477e-08
8.88,0.17733857425902047,0.024030921257958294,0.08494837880950358,0.10967292816289988,0.4521412032075196,24.743737256856374,2.3095059785999963,3.7399195310788835,2.557772476710074,0.049743892031054567,7.573902032958651e-05,2.4897081065514257e-08
8.9,0.1775137283690935,0.023883902866793646,0.08585659059378108,0.11155748103685947,0.5299225991754998,30.910548960483897,2.3163010982674526,3.7604004599071525,2.5902817361855144,0.05096167656116493,7.848322262976268e-05,2.609230785730817e-08
8.92,0.17768791989401755,0.023734786637297,0.08676828685480005,0.11345054351305808,0.6262468353672099,38.60587412688125,2.323097409226104,3.780941515368232,2.623126418273381,0.05220638824207226,8.132029494300382e-05,2.7342018391735162e-08
8.94,0.17786115326825266,0.023583562826326312,0.08768337515891457,0.11535149806438615,0.7456539452230286,48.20398600095033,2.329894900952599,3.80154270782739,2.6563091745960787,0.05347855878115463,8.425315901056857e-05,2.8648562180430727e-08
8.96,0.1780334329151971,0.023430221645023508,0.0886017614442252,0.11725976613234783,0.8937811920666668,60.16962493936493,2.3366935630165435,3.822204047557947,2.6898326712377223,0.05477872912839953,8.728482155992056e-05,3.0014387433959167e-08
8.98,0.17820476324708892,0.023274753259377733,0.08952335003745955,0.11917482425943055,1.0776245792125987,75.0795835900679,2.343493385079673,3.842925544742081,2.7236995887863684,0.05610744961522752,9.041837656800004e-05,3.1442043166203086e-08
9.0,0.17837514866491877,0.02311714779087757,0.0904480436719277,0.12109622391938306,1.3058618677548284,93.64937542946106,2.3502943568950494,3.8637072094716425,2.7579126223762898,0.057465280095056505,9.365700759585965e-05,3.29341813824427e-08
9.02,0.17854459355833185,0.02295739531723409,0.09137574350651803,0.12302361588478723,1.5892513785374924,116.76616811924693,2.3570964683062514,3.8845490517489547,2.7924744817302276,0.058852790085657546,9.700399016701475e-05,3.449355600821579e-08
9.040000000000001,0.17871310230554907,0.022795485873260163,0.09230634914580141,0.12495678016311758,1.9411241249768725,145.5294341019485,2.3638997092465748,3.9054510814876116,2.8273878912016532,0.06027055891329319,0.00010046269420341459,3.6123039244677326e-08
9.06,0.17888067927327292,0.022631409451832857,0.09323975866118685,0.1268956627675908,2.377990832621433,181.30110312115326,2.3707040697382395,3.9264133085132533,2.86265558981705,0.061719175858651165,0.00010403658654121572,3.7825615988247326e-08
9.08,0.17904732881660876,0.022465156004982736,0.09417586861316733,0.12884042087734535,2.9202903143131294,225.76740861500477,2.3775095398916153,3.9474357425643634,2.8982803313182,0.06319924030464782,0.00010772923347128262,3.9604392909746255e-08
9.1,0.17921305527897877,0.022296715445120345,0.09511457407464681,0.13079147829460783,3.5933116875037276,281.0151188875767,2.3843161099044305,3.968518393293031,2.934264884204444,0.06471136188605557,0.00011154430336324463,4.146259727290281e-08
9.120000000000001,0.17937786299204314,0.022126077646422233,0.09605576865536126,0.13274959353896773,4.428330287748233,349.62545497865966,2.391123770061013,3.9896612702657213,2.9706120317750266,0.06625616064096555,0.00011548556937071714,4.34035868437279e-08
9.14,0.17954175627562627,0.021953232446380085,0.09699934452738922,0.13471594344815305,5.4640061483369875,434.78974505534677,2.3979325107315193,4.010864382964031,3.0073245721713437,0.06783426716420365,0.00011955691215029733,4.543086033041276e-08
9.16,0.17970473943763163,0.02177816964750239,0.097945192451741,0.1366922258023671,6.748104944345519,540.4517801924195,2.404742322371179,4.032127740785449,3.04440531841928,0.069446322762598,0.00012376232269668168,4.7548044805747116e-08
9.18,0.17986681677397737,0.021600879019233257,0.09889320180605143,0.13868078528120487,8.339614783209743,671.4829554408367,2.411553195519547,4.0534513530441,3.081857098471527,0.07109297961218235,0.00012810590521961104,4.9758920430031484e-08
9.200000000000001,0.1800279925685149,0.021421350300075716,0.09984326061335402,0.14068476803026092,10.311348702676332,833.8976479673055,2.4183651207997574,4.074835228971479,3.119682755249892,0.0727749009173581,0.00013259188009076417,5.2067413103367303e-08
9.22,0.180188271092962,0.021239573199952136,0.10079525557195201,0.14270831129749195,12.753142866891544,1035.1179553757197,2.4251780889177854,4.096279377717194,3.1578851466876126,0.0744927610720076,0.00013722458686194774,5.447760355702605e-08
9.24,0.18034765660683705,0.02105553740280326,0.10174907208635986,0.14475677604399206,15.775785030609828,1284.2989585021267,2.431992090661719,4.117783808349684,3.1964671457717193,0.07624724582258531,0.0001420084873620481,5.699373592928833e-08
9.26,0.1805061533573864,0.020869232569488153,0.10270459429934492,0.1468370321974816,19.515837840227025,1592.7281647506707,2.4388071169010344,4.139348529856945,3.235431640585367,0.07803905243320391,0.00014694816886972527,5.962022187255403e-08
9.28,0.18066376557952346,0.02068064834096809,0.10366170512503019,0.1489578083689532,24.141558137512657,1974.3158285417583,2.4456231585858736,4.160973551147245,3.274781534350162,0.07986888985278412,0.00015204834733363124,6.236164283509468e-08
9.3,0.18082049749576368,0.020489774341837245,0.1046202862830731,0.15113012047781152,29.860158059408267,2446.1965538857257,2.4524402067463402,4.182658881049823,3.314519745468537,0.08173747888418974,0.00015731387070456155,6.522276396865984e-08
9.32,0.18097635331615966,0.020296600184226264,0.10558021833391028,0.15336779693150576,36.926708123505605,3029.4671052357535,2.4592582524917863,4.204404528315602,3.354649207566086,0.08364555235546797,0.00016274972232097109,6.82085345451712e-08
9.34,0.18113133723824767,0.020101115472096216,0.10654138071506018,0.15568812190614048,45.655048763503004,3750.090862320548,2.4660772870101204,4.226210501617873,3.395172869533966,0.0855938552931408,0.00016836102439157113,7.132410056828233e-08
9.36,0.1812854534469827,0.019903309806021632,0.10750365177847282,0.15811262302656243,56.43115749112986,4640.006065786511,2.4728973015671074,4.2480768095529955,3.436093695571217,0.08758314509763863,0.0001741530415378715,7.45748004522828e-08
9.38,0.18143870611468682,0.019703172788407754,0.10846690882891387,0.16066803553091283,69.72951711380051,5738.483171730955,2.479718287505689,4.270003460641072,3.4774146652271924,0.08961419172081031,0.0001801311844415373,7.796619406049631e-08
9.4,0.1815910994009886,0.019500694029314727,0.10943102816337265,0.1633874820484551,86.1331499914428,7093.786577984111,2.4865402362452964,4.291990463326625,3.5191387734438866,0.09168777784562408,0.0001863010135617475,8.150403983924932e-08
9.42,0.1817426374527776,0.01929586315286867,0.11039588511151319,0.16631191568973921,106.35812872803349,8765.208083072977,2.493363139281179,4.314037825979277,3.561269030598363,0.0938046990679983,0.00019266824294520947,8.519433397768576e-08
9.44,0.1818933244041441,0.019088669804332763,0.1113613540770856,0.16949188457136663,131.2835504811124,10825.55415015201,2.500186988183734,4.3361455568943965,3.603808462545145,0.09596576408083232,0.00019923874413152882,8.904329527679362e-08
9.46,0.18204316437633164,0.018879103657938517,0.11232730858035071,0.17298968856846986,161.98817691553802,13364.18692974603,2.507011774597847,4.358313664293785,3.646760110658587,0.0981717948602695,0.00020601855012065373,9.30573858688356e-08
9.48,0.1821921614776939,0.018667154425568926,0.1132936213014885,0.17688201448334076,199.7952028080442,16490.74072090521,2.5138374902422256,4.3805421563263,3.6901270318752983,0.10042362685414201,0.00021301385947323863,9.724331597551796e-08
9.5,0.1823403198036365,0.018452811866323228,0.11426016412492791,0.18126315451424865,246.3269332025416,20339.661935693064,2.52066412690876,4.402831041068526,3.7339122987365636,0.10272210917270923,0.00022023104047271048,1.0160805189975193e-07
9.52,0.18248764343658114,0.018236065797168674,0.11522680818465468,0.1862489355983783,303.5715336412332,25075.752662750543,2.5274916764618665,4.425180326525404,3.7781189994307476,0.10506810478164695,0.00022767663539767966,1.0615883064246115e-07
9.540000000000001,0.18263413644591822,0.018016906104715,0.11619342391041731,0.19198151472260017,373.96448463737465,30900.936793796078,2.534320130837859,4.447590020630871,3.8227502378357165,0.10746249069734005,0.0002353573648931955,1.1090316068863899e-07
9.56,0.18277980288795725,0.01779532275826154,0.11715988107482782,0.19863522865171274,460.4879374666499,38062.514822248355,2.5411494820443004,4.470060131248486,3.867809133561256,0.10990615818450196,0.00024328013242511923,1.158488397656956e-07
9.58,0.18292464680590087,0.017571305824386017,0.11812604884137982,0.20642372692819086,566.7918543726363,46863.230584841345,2.5479797221593854,4.492590666172063,3.9132988219915283,0.11240001295610828,0.0002514520288639784,1.2100396131050646e-07
9.6,0.18306867222978518,0.01734484548303359,0.11909179581326715,0.21560866591207603,697.3416475582227,57673.5424946672,2.5548108433313144,4.515181633126283,3.9592224543274885,0.11494497537572362,0.0002598803371470358,1.2637692615621396e-07
9.620000000000001,0.18321188317646314,0.01711593204555237,0.12005699008310543,0.22651030082677628,857.5980382170917,70946.57574134537,2.561642837777671,4.537833039767318,4.005583197629341,0.11754198066218871,0.0002685725370652427,1.3197645255536707e-07
9.64,0.1833542836495476,0.01688455597473874,0.12102149928340208,0.2395203844070646,1054.2360759483875,87236.33356737127,2.568475697784816,4.560544893683417,4.052384234858979,0.12019197909672273,0.00027753631014902023,1.3781159172623992e-07
9.66,0.18349587763938577,0.016650707907220303,0.12198519063785146,0.25511786743363973,1295.4117343228788,107219.8687548025,2.575309415707278,4.583317202395534,4.0996287649224445,0.1228959362324717,0.00028677954466515074,1.4389173180869193e-07
9.68,0.1836366691230248,0.01641437867851022,0.12294793101337916,0.2738880013805672,1591.0862833102094,131724.26531556982,2.5821439839671485,4.6061499733579145,4.147320002712388,0.12565483310649075,0.00029631034072690116,1.5022661733997147e-07
9.700000000000001,0.18377666206417603,0.016175559351037566,0.12390958697291403,0.29654557047667457,1953.4207978026354,161759.4604245288,2.5889793950534923,4.629043213958689,4.195461179150525,0.12846966645420835,0.0003061370155274124,1.568263568920722e-07
9.72,0.1839158604131834,0.01593424124560366,0.12487002482887,0.32396313435576024,2397.2557707284263,198558.15431328892,2.595815641521752,4.651996931520451,4.244055541230109,0.1313414489264042,0.0003162681086736249,1.6370143770849347e-07
9.74,0.18405426810699474,0.015690415976724464,0.1258291106972848,0.3572053487034245,2940.6939521078953,243624.31891626678,2.6026527159931603,4.675011133300856,4.293106352058417,0.13427120930868697,0.00032671238766266184,1.7086274357708083e-07
9.76,0.18419188906913245,0.015444075492407595,0.12678671055263507,0.39757065648322293,3605.808343608834,298792.1338683248,2.6094906111541665,4.698085826493187,4.342616890899212,0.1372599927435486,0.00033747885345946065,1.7832156039761004e-07
9.78,0.184328727209663,0.015195212119044597,0.12774269028322413,0.44664191424224675,4419.501876117739,366297.56223240524,2.6163293197558524,4.721221018226926,4.3925904532152344,0.14030886095497916,0.0003485767462057217,1.8608959329481675e-07
9.8,0.1844647864251707,0.014943818612100002,0.12869691574717232,0.5063478459744353,5414.550847158915,448865.2415973772,2.623168834613369,4.744416715568327,4.4430303507107,0.1434188924756619,0.0003600155510712281,1.9417898497259306e-07
9.82,0.18460007059873862,0.01468988821359249,0.1296492528289454,0.5790376123104719,6630.8708898961195,549813.9251732427,2.6300091486053643,4.7676729255209676,4.493939911373765,0.1465911828768181,0.000371805004209857,2.0260232727100843e-07
9.84,0.18473458359991465,0.01443341471728244,0.13059956749638152,0.6675712590773416,8117.052319294245,673184.3817398315,2.6368502546734325,4.790989655026312,4.545322479519076,0.14982684500067175,0.00038395509886886563,2.1137268160558655e-07
9.86,0.1848683292846949,0.01417439254289998,0.1315477258582101,0.775429383136932,9932.221434040926,823894.4762179591,2.643692145821546,4.814366910964265,4.597181415830208,0.15312700919561514,0.00039647609161659435,2.2050358571567323e-07
9.88,0.18500131149549687,0.013912816820801569,0.13249359422198492,0.906846044925918,12148.296081480667,1007927.1323768012,2.650534815115515,4.837804700153718,4.6495200974022435,0.15649282355402072,0.00040937850873254834,2.300090791800602e-07
9.9,0.18513353406114758,0.013648683488809146,0.1334370391524421,1.0669697903522959,14852.717920830311,1232558.0595500073,2.6573782556824357,4.861303029353074,4.70234191778422,0.1599254541528326,0.00042267315270039533,2.3990372014452835e-07
9.92,0.18526500079685335,0.013381989403286151,0.13437792753019231,1.2620586484337848,18151.760831676645,1506631.5467395133,2.664222460710154,4.884861905260813,4.755650287021695,0.16342608529684868,0.00043637110889001247,2.502025968264072e-07
9.94,0.18539571550418782,0.013112732466873911,0.13531612661072728,1.4997161796689833,22174.535390980604,1840894.338750403,2.6710674234467247,4.908481334516001,4.809448631699246,0.16699591976481723,0.00045048375234130395,2.6092135288554353e-07
9.96,0.1855256819710716,0.012840911775919929,0.13625150408373607,1.7891771047279383,27077.833978762297,2248399.668304766,2.6779131371998828,4.932161323698833,4.863740394983013,0.17063617905829362,0.0004650227547352664,2.7207620439213944e-07
9.98,0.18565490397175805,0.012566527791145907,0.13718392813264912,2.1416527928656417,33051.99070452929,2744995.995270162,2.684759595336516,4.95590187933114,4.91852903666319,0.17434810365335285,0.00048000009148517546,2.836839550802334e-07
10.0,0.18578338526681884,0.01228958253577136,0.1381132674943504,2.570748993490307,40327.96597264508,3349917.9828858287,2.6916067912821413,4.979703007876925,4.973818033196632,0.17813295325511008,0.0004954280490166908,2.9576202299254873e-07
