t,n1,n2,n3,n4,n10,n20,f1,f2,f3,f4,f10,f20
0.0,0.0,0.0,0.0,0.0,0.0,0.0,0.0,0.0,0.0,0.0,0.0,0.0
0.010000000000000000208,1.3494402936473055603e-05,3.1059334058205312547e-08,2.7372491104139775678e-11,2.1072862521217650036e-13,2.8307121866041167776e-16,2.8307121866041167776e-16,1.0370493914159118327e-05,2.7132869017793399537e-08,3.492394976553973275e-11,1.8482311542692287842e-13,3.2413545036773193255e-28,4.4327818840368765944e-53
0.020000000000000000416,5.382518843222684014e-05,2.481701497384644092e-07,4.4092260708833006829e-10,6.7386145518427672625e-12,2.0022920739150817787e-16,2.0022920739150817787e-16,4.148197565663647331e-05,2.170629521423471963e-07,5.58783196248635724e-10,5.9143396936615321095e-12,6.6382940235311499787e-25,9.296217393671703824e-47
0.02999999999999999889,0.00012076334867911963039,8.365431692459236345e-07,2.246965367441493555e-09,5.111461845971882337e-11,4.7759160927400020783e-16,4.7759160927400020783e-16,9.333444522743205478e-05,7.325874634804215559e-07,2.828839931008718036e-09,4.4912017048742248677e-11,5.741962262629256835e-23,4.6368464178885457693e-43
0.040000000000000000833,0.00021407940294694521421,1.980465043564176952e-06,7.147583838390207666e-09,2.1515459959136897197e-10,5.495671278997278249e-16,5.495671278997278249e-16,0.00016592790262654589324,1.7365036171387775704e-06,8.940531139978171584e-09,1.892588701971690275e-10,1.3595226160191795156e-21,1.9495580899573401017e-40
0.050000000000000002776,0.00033354342786027057067,3.863290495749591404e-06,1.756093776688406e-08,6.558595641362895132e-10,5.6614391095647198273e-16,5.6614391095647198273e-16,0.00025926234785397800223,3.3916086272241752267e-06,2.1827468603462337821e-08,5.775722357091341131e-10,1.5826926287486915544e-20,2.113715116518440263e-38
0.05999999999999999778,0.00047892508771636745362,6.6674341579379865243e-06,3.6640604611209634052e-08,1.6301444399004262173e-09,5.797453354682187813e-16,5.797453354682187813e-16,0.00037333778090972821913,5.860699707843372447e-06,4.5261438896139488576e-08,1.4371845455597519577e-09,1.1759538713864717998e-19,9.724171738967799537e-37
0.07000000000000000666,0.0006499936648240560726,1.0574362106623181942e-05,6.829397827004196731e-08,3.5193932215890297308e-09,9.585853528920671348e-16,9.585853528920671348e-16,0.0005081542017937968692,9.306574073103136683e-06,8.3852403387060924794e-08,3.1063221009802937385e-09,6.409216943664660304e-19,2.4759119877121085491e-35
0.080000000000000001665,0.0008465180898560855597,1.5764583107290016073e-05,1.1719972759230681974e-07,6.8538341297383789975e-09,1.02374541289312953e-15,1.0237454128931295547e-15,0.00066371161050618357295,1.3892028937110220563e-05,1.4304849823965074534e-07,6.05628384630940888e-09,2.784302317607279648e-18,4.088519647470215709e-34
0.08999999999999999667,0.0010682669722024473518,2.2417639572237864923e-05,1.888243256820336803e-07,1.2336744276957723778e-08,1.25252280704097645825e-15,1.2525217446017805197e-15,0.00084001000704688854725,1.9779861513971383068e-05,2.2913603441170614644e-07,1.0913620142844366416e-08,1.0171713889379849164e-17,4.8503051279179531148e-33
0.10000000000000000555,0.001315008630312186665,3.071209824335951628e-05,2.8943766706115216286e-07,2.0868467382980941294e-08,8.255838796229035708e-16,8.2546810592960086614e-16,0.0010370493914159120089,2.7132869017793401814e-05,3.4923949765539740514e-07,1.8482311542692291618e-08,3.2413545036773203035e-17,4.4327818840368800345e-32
0.110000000000000000555,0.0015865111220124234696,4.0825540605106029553e-05,4.2612777735182723224e-07,3.357025301867760266e-08,1.3069444687127299479e-15,1.3066948383231727115e-15,0.001254829763613253199,3.6113848662683006982e-05,5.1132154851726725064e-07,2.9765947562621352382e-08,9.247962684866644897e-17,3.2803693890252465837e-31
0.11999999999999999556,0.0018825422747910175924,5.2934553041620777646e-05,6.0681463496255934105e-07,5.1807903027230274845e-08,1.1626920660553098075e-15,1.1061477380109314537e-15,0.0014933511236389128765,4.6885597662746979577e-05,7.241830223382318172e-07,4.5989905457912062645e-08,2.408353528599494246e-16,2.0393066210719798735e-30
0.13000000000000000444,0.0022028697160346409623,6.721471673834643215e-05,8.4026311533507093944e-07,7.721523575480892544e-08,1.354839124647854959e-15,1.3197523534405652356e-15,0.0017526134714928910414,5.9610913232092093827e-05,9.974629292535805648e-07,6.862352899620847374e-08,5.809027164523949231e-16,1.09518316866489339575e-29
0.14000000000000001332,0.0025472609032070831023,8.384059734508228322e-05,1.1360950707439436632e-06,1.1171735132421353022e-07,2.040100599823504648e-15,1.1560382608924643388e-15,0.0020326168071751874768,7.4452592584825093465e-05,1.3416384541929747967e-06,9.940230723136939963e-08,1.3126076300625224302e-15,5.192363776854423868e-29
0.14999999999999999445,0.002915483153958394174,0.000102985734403568310986,1.5048005624275558699e-06,1.5755370333457821646e-07,3.988436016568717859e-15,1.3441458082599725482e-15,0.0023333611306858015322,9.15734329350527019e-05,1.768024956880448983e-06,1.4035005327731950324e-07,2.803692511049441728e-15,2.2110206689303141585e-28
0.16000000000000000333,0.0033073036761516905625,0.00012482263055262525573,1.9577482566890221713e-06,2.1730096585543919357e-07,7.048447746604015325e-15,1.3376796607749572687e-15,0.0026548464420247342918,0.000111136231496881764504,2.2887759718344119254e-06,1.9380108308190108416e-07,5.702251146459708719e-15,8.574247155731457815e-28
0.17000000000000001221,0.003722489597798712491,0.00014952274051637109184,2.5071950056818387488e-06,2.938957002395348265e-07,1.3010235929333583434e-14,8.8096027402658604344e-16,0.0029970727411919857557,0.00013330378548441897081,2.9168832083676449572e-06,2.624223942007244602e-07,1.110873654463083732e-14,3.06269472982658556e-27
0.17999999999999999334,0.0041608079968895469135,0.00017725645988751648099,3.1662946190298987133e-06,3.9065681007466939643e-07,2.3948576479419047112e-14,1.1397685768866430346e-15,0.003360040028187554189,0.00015823889211177106454,3.666176550587298343e-06,3.492358445710197253e-07,2.0831670045449931088e-14,1.01718270996233912106e-26
0.19000000000000000222,0.004622025931107889233,0.00020819311371376640716,3.9491058515075025043e-06,5.113077813368361391e-07,4.2518570972861553487e-14,9.20369963400746735e-16,0.0037437483030114417602,0.00018610434859304492497,4.5513240573949031382e-06,4.5764033128548826938e-07,3.7758622531427903066e-14,3.1659349139166973262e-26
0.2000000000000000111,0.0051059104674207973426,0.00024250094489587944817,4.8705996143319404404e-06,6.5999870704950838955e-07,7.460552284586862198e-14,1.1151328911819449797e-15,0.0041481975656636480357,0.00021706295214234721451,5.5878319624863584823e-06,5.914339693661533318e-07,6.6382940235311519815e-14,9.296217393671711038e-26
0.20999999999999999223,0.005612228711529522289,0.00028034710240753353463,5.9466654342933566645e-06,8.4132808905515071886e-07,1.2697464584932038258e-13,9.852635102799820875e-16,0.0045733878161441704133,0.00025127749997378459558,6.7920446743519315996e-06,7.548362705382108991e-07,1.135373553919361923e-13,2.589891389101038051e-25
0.22000000000000000111,0.0061407478371735086872,0.0003218976293467681112,7.1941171664484019687e-06,1.060364410797338381e-06,2.1131244081483670666e-13,9.65841736448136384e-16,0.005019319054453012796,0.00028891078930146405586,8.18114477627627601e-06,9.525103220038832762e-07,1.8939827578606888749e-13,6.8794332249330739235e-25
0.23000000000000000999,0.0066912351152760840556,0.00036731745082572316821,8.630697986781140889e-06,1.3226674819273495036e-06,3.4465134998999448954e-13,1.2237834284177271644e-15,0.0054859912805901734495,0.00033012561733949225776,9.7731530263384061195e-06,1.1895849652162672047e-06,3.0883941999620044515e-13,1.749689230244566622e-24
0.23999999999999999112,0.007263457942919813483,0.000416770361711519253,1.02750846765876011464e-05,1.6343095429626795806e-06,5.500349268471221217e-13,1.5093182170825573558e-15,0.005973404494555651506,0.00037508478130197583662,1.15869283574117090755e-05,1.4716769746531860047e-06,4.9323080265717642157e-13,4.2767359589943447357e-24
0.25,0.007857183872144260679,0.00047041901422498341116,1.2146891209143298802e-05,2.001896130557006315e-06,8.6162444898995265706e-13,2.0648673417431553595e-15,0.0064815586963494487005,0.0004239510784030218072,1.3642167877163958323e-05,1.8049132365910435163e-06,7.7279913513119656466e-13,1.0078979094116390327e-23
0.26000000000000000888,0.008472180638552252903,0.00052842490540578728473,1.42666716704801720356e-05,2.4325866979837992635e-06,1.3253242302327998552e-12,1.7892817658794468235e-15,0.0070104538859715641655,0.0004768873058567367506,1.5959406868057289037e-05,2.1959529278786711596e-06,1.1896887632945048025e-12,2.2967655725319185147e-23
0.27000000000000001776,0.009108216189719913099,0.0005909483644576098648,1.6655922510446270085e-05,2.9341149826468751709e-06,2.0054414348410210618e-12,1.5841605240684512094e-15,0.007560090063421997901,0.0005340562608772274648,1.8560018787348204903e-05,2.6520096947111824055e-06,1.8018886003619740228e-12,5.0735904780343991758e-23
0.28000000000000002665,0.00976505871339458046,0.0006581485399748950938,1.9337084159059053163e-05,3.5148091201455073922e-06,2.9899390838721596695e-12,1.4502342053590880368e-15,0.008130467228700749907,0.0005956207406786007477,2.1466215267087596747e-05,3.1808738314038207882e-06,2.6882204263680459371e-12,1.0889176079357808724e-22
0.28999999999999998002,0.010442476665476011985,0.00073018338706848156736,2.2333542011471237205e-05,4.1836114996692343293e-06,4.3964179933320724628e-12,1.9498421926707202942e-15,0.008721585381807816714,0.0006617435424749629636,2.4701046114120700189e-05,3.7909344591658119414e-06,3.9546177276229661603e-12,2.2752772171327275175e-22
0.2999999999999999889,0.0111402387977688087026,0.00080720965439265375584,2.5669626809084687195e-05,4.9500983516001074864e-06,6.379076436110112691e-12,1.4812545108217881919e-15,0.009333444522743206129,0.0007325874634804216152,2.8288399310087183728e-05,4.491201704874224104e-06,5.741962262629256659e-12,4.636846417888546198e-22
0.30999999999999999778,0.0118581141854990392,0.00088938287108703239755,2.9370614415420157929e-05,5.8244990680694599812e-06,9.143932547071768971e-12,1.6777340551756345642e-15,0.009966044651506912946,0.00080831530090908301246,3.2253001011421013225e-05,5.291328879847803639e-06,8.2357881019742883746e-12,9.231492746652016092e-22
0.32000000000000000666,0.012595872254583672864,0.0009768573336378860109,3.3462725028651369574e-05,6.8177152508199296007e-06,1.2956825240899111634e-11,1.5757185542568357933e-15,0.010619385768098937167,0.00088908985197505411603,3.6620415549350590807e-05,6.201634658620834693e-06,1.1678210347949483457e-11,1.7981499571136538219e-21
0.33000000000000001554,0.01335328280864650323,0.0010697860926713940836,3.797312182081485652e-05,7.94133948105957697e-06,1.8163568815392316217e-11,1.3525380961203746047e-15,0.011293467872519280526,0.00097507391389244134437,4.141704542989865323e-05,7.2331252577169912328e-06,1.638248845736072112e-11,3.4313822445513424582e-21
0.34000000000000002442,0.014130116055769987443,0.0011683209396865356505,4.2929909039739643417e-05,9.207673802567752205e-06,2.520539999139375766e-11,1.3510447235418238936e-15,0.011988290964767943023,0.0010664302838753517665,4.6670131333882319314e-05,8.397516614423182726e-06,2.2750692443403954831e-11,6.4229363780452835604e-21
0.3500000000000000333,0.01492614263497696412,0.0012726123937328509073,4.836212957800692299e-05,1.0629747926261381294e-05,3.464481945065712177e-11,1.5223173283529729543e-15,0.0127038550448449229224,0.0011633217591378920176,5.2407752116913083158e-05,9.707256565563418462e-06,3.129500460773759898e-11,1.18060683618169233234e-20
0.35999999999999998668,0.015741133642432087597,0.0013828096880471507559,5.4299762027607874218e-05,1.2221337136978464742e-05,4.7191729749071866954e-11,1.2311261388255542424e-15,0.013440160112750216756,0.0012659111368941685163,5.865882480939677349e-05,1.117554702627263121e-05,4.2663260253081458868e-11,2.1331867545629394124e-20
0.36999999999999999556,0.016574860657357182864,0.0014990607566531412688,6.077371723849895555e-05,1.3996979909814672748e-05,6.3737163268485005214e-11,1.3755209372992101429e-15,0.014197206168483831462,0.0013743612143582888737,6.545310461653370952e-05,1.28163661687705745715e-05,5.7669408463841160532e-11,3.792386288326020854e-20
0.38000000000000000444,0.01742709576765061677,0.0016215122209332720861,6.781583439855742992e-05,1.597199522558549254e-05,8.5390979452134110035e-11,1.1761129582505233794e-15,0.014974993212045767041,0.0014888347887443593998,7.282118491831845021e-05,1.464449060113562462e-05,7.732965894436434548e-11,6.639446736590229631e-20
0.39000000000000001332,0.01829761159520612232,0.0017503093761818714832,7.545887663685822618e-05,1.8162499586088052614e-05,1.135289551469150111e-10,1.0505042984141517768e-15,0.015773521243436020023,0.0016094946572664866214,8.079449726954002469e-05,1.6675517546078661156e-05,1.029051735113924151e-10,1.1456002766215507513e-19
0.4000000000000000222,0.019186181320922092788,0.0018855961781473320809,8.3736526185927612805e-05,2.0585423721278101514e-05,1.4984643353857558492e-10,1.0925409612978555065e-15,0.016592790262654592143,0.0017365036171387777161,8.9405311399781735716e-05,1.8925887019716906617e-05,1.3595226160191799258e-10,1.9495580899573416147e-19
0.41000000000000003109,0.020092578709394369463,0.0020275152295678915224,9.268337910470100761e-05,2.3258528988858145887e-05,1.9641939680589997505e-10,1.1950943813933102009e-15,0.017432800269701481666,0.0018700244655753389938,9.8686735213421349425e-05,2.1412904010347781923e-05,1.7838114854578410707e-10,3.2744423859428773138e-19
0.41999999999999998446,0.021016578133287932076,0.0021762077667159421355,0.000102334939576567542985,2.6200423460537710792e-05,2.557790387970955834e-10,1.1233233702042929984e-15,0.018293551264576681653,0.0020102199997902767646,0.00010867271478963090559,2.4154760657222748772e-05,2.3252450384268532183e-10,5.431395906436020151e-19
0.42999999999999999334,0.021957954597378981365,0.0023318136459497768118,0.000112727613803005431844,2.9430577690651909674e-05,3.309957540076478912e-10,1.5116914048849399633e-15,0.019175043247280205982,0.0021572530169976992902,0.00011939803438237700224,2.7170558429321206144e-05,3.0121704476741835875e-10,8.902539913210743408e-19
0.44000000000000000222,0.02291648376226195806,0.0024944713302870993778,0.00012389870351042551837,3.2969340169314322844e-05,4.2577586604990327024e-10,1.6713304660486986698e-15,0.020077276217812051184,0.0023112863144117124468,0.00013089831642042041616,3.0480330304124264839e-05,3.8788766880986908159e-10,1.4427217146534845845e-18
0.4500000000000000111,0.023891941967717328019,0.0026643178760031808322,0.00013588639906991290462,3.683795245260227454e-05,5.445749198138096151e-10,2.007804601233186481e-15,0.02100025017617221379,0.0024724826892464236289,0.00014321002150731636043,3.4105062946388654138e-05,4.9666571725487578084e-10,2.3128057136144444238e-18
0.46000000000000001998,0.024884106255730955096,0.0028414889192636080296,0.00014872977226315640985,4.1058563965519133626e-05,6.9272467927580774257e-10,1.6725723825758088871e-15,0.021943965122360693798,0.0026410049387159380621,0.00015637044842141449791,3.806671888692055055e-05,6.3250313215221851167e-10,3.6693642685858533803e-18
0.47000000000000002887,0.02589275439316415274,0.0030261186627968375464,0.00016246876869377905705,4.5654246482908069027e-05,8.765799108452316567e-10,1.5043080793219670841e-15,0.022908421056377494679,0.0028170158600343640082,0.0001704177341158587245,4.238825870134944044e-05,8.013144405619952201e-10,5.7640983043935977077e-18
0.47999999999999998224,0.026917664894065348666,0.00321833986261401599,0.00017714419986556445715,5.064900827697554634e-05,1.1036861707277821856e-09,1.42348439255163686985e-15,0.023893617978222606024,0.003000678250415806693,0.00018539085371858734521,4.709366318890195215e-05,1.0101366838418973114e-09,8.968965369876908051e-18
0.48999999999999999112,0.027958617041621206326,0.003418283814783544929,0.00019279773493780155214,5.606780793680268951e-05,1.3829676223643579297e-09,1.6762796398269092848e-15,0.024899555887896041712,0.0031921549070743748117,0.00020132962053233318268,5.2207955551175772837e-05,1.2673116064396841319e-09,1.3829104005708175382e-17
0.5,0.029015390909742026782,0.0036260803422655681592,0.00020947189217332394821,6.1936567853545535184e-05,1.7249436957980182156e-09,1.6044046514661332442e-15,0.025926234785397794802,0.0033916086272241744576,0.00021827468603462333316,5.775722357091339252e-05,1.5826926287486905644e-09,2.1137151165184376207e-17
0.5100000000000000089,0.030087767384275392393,0.0038418577818120466967,0.00022721003009189685775,6.828218737010488602e-05,2.141969414255706997e-09,2.180736150993208139e-15,0.026973654670727865296,0.0035992022080793121576,0.00023626753987777916657,6.376864179077603107e-05,1.9678793526717175171e-09,3.2036868626952701387e-17
0.52000000000000001776,0.031175528183847176292,0.0040657429709438338075,0.00024605633833989646784,7.513255559521013656e-05,2.648508436836346073e-09,2.0439419587125013786e-15,0.028041815543886256662,0.003815098446853894005,0.0002553505098889166246,7.027049369211747711e-05,2.4364825872271458355e-09,4.816666513966457977e-17
0.53000000000000002665,0.03227845588032275323,0.004297861235002040873,0.00026605582829540783412,8.251656388047193182e-05,3.2614386944008448933e-09,2.0172227628229740168e-15,0.029130717404872965431,0.0040394601407620278274,0.00027556676206994581415,7.7292193873757926935e-05,3.0044231354417449064e-09,7.185708972039122712e-17
0.54000000000000003553,0.03339633391888700148,0.0045383363742890819523,0.00028725432340821483845,9.0464117957578275224e-05,4.0003975767764617813e-09,1.94415292224919717e-15,0.030240360253687991604,0.0042724500870178197184,0.00029696030059757127844,8.4864310230757836976e-05,3.6902678535413227987e-09,1.06400904181907963e-16
0.5500000000000000444,0.034528946637739948988,0.0047872906512976807526,0.0003096984493050583976,9.900614973616643922e-05,4.8881621780382386015e-09,2.1711611733973716297e-15,0.03137074409033133865,0.0045142310828353779395,0.00031957596782329210534,9.301858613319175591e-05,4.5156067797200452807e-09,1.5642020173193225896e-16
0.5600000000000000533,0.03567607928740364545,0.0050448447780375473004,0.00033343562365646092814,0.00010817462876271067093,5.951080135717427363e-09,2.4707149370011979907e-15,0.03252186891480299963,0.0047649659254288059818,0.00034345944427340154795,0.000101787962604922265224,5.505475433201758079e-09,2.283625739317738728e-16
0.57000000000000006217,0.03683751804963695045,0.0053111179034652264246,0.00035851404582333155566,0.00011800257333673031836,7.2195441893704757687e-09,2.4873189201797575898e-15,0.03369373472710298495,0.005024817412012213408,0.00036865724864898734986,0.00011120660050237370293,6.6888267055748645254e-09,3.3116797417278126083e-16
0.57999999999999996003,0.038013050055959157064,0.005586227601019337196,0.00038498268629932172924,0.00012852406128597825019,8.728520596180176866e-09,2.8055552695876959708e-15,0.034886341527231266857,0.005293948339799703709,0.00039521673782593120302,0.00012130990269330598212,8.099057106171834696e-09,4.771602166464333779e-16
0.5899999999999999689,0.03920246340577523969,0.0058702898562702780956,0.00041289127595181505655,0.00013977424040289226177,1.0518135269458501986e-08,2.2728260419077802454e-15,0.036099689315187886984,0.0055725215060053890498,0.00042318610685491021145,0.00013213453623558889748,9.774592482274175244e-09,6.832326416966283715e-16
0.5999999999999999778,0.040405547184105501668,0.0061634190546863269235,0.00044229029507651519237,0.00015178933853740467241,1.2634323059666399965e-08,2.1401418014242970165e-15,0.037333778090972824515,0.0058606997078433729215,0.00045261438896139493965,0.00014371845455597517132,1.1759538713864717638e-08,9.724171738967800436e-16
0.6099999999999999867,0.04162209147891334296,0.006465727969524068773,0.00047323096228038552275,0.00016460667335018285148,1.5129542779793693535e-08,2.50277691078836193e-15,0.03858860785458607945,0.0061586457425277622846,0.0004835514555456503342,0.00015610091962887505824,1.4104403282247128722e-08,1.3759507760190912053e-15
0.61999999999999999556,0.042851887398033347565,0.006777327749843601798,0.0005057652231964088717,0.00017826466172639477542,1.8063566183300609303e-08,3.1803937765566685977e-15,0.039864178606027651786,0.0064665224072726640997,0.0005160480161827362116,0.00016932252415512971644,1.6866894032843342591e-08,1.9359843476626768851e-15
0.63000000000000000444,0.04409472708569577709,0.00709832790865880291,0.00053994573904454491687,0.00019280282884993889356,2.1504346041599314656e-08,4.3057028089017900713e-15,0.041160490345297541526,0.0067844924992921853274,0.0005501556186225066078,0.0001834252137407852974,2.0112801895615331523e-08,2.709117868740518602e-15
0.6400000000000000133,0.045350403738646273555,0.0074288363112207920526,0.00057582587505335158014,0.00020826181693892277709,2.5528971013020040078e-08,5.340205534658916729e-15,0.04247754307239574867,0.0071127188158004329283,0.0005859266487896094529,0.00019845230907586671018,2.391697479260054212e-08,3.77099377886081334e-15
0.6500000000000000222,0.046618711621864039607,0.0077689591634447284323,0.00061345968874099680726,0.00022468339364411336217,3.0224708724245854014e-08,6.943691683120665823e-15,0.043815336787322280154,0.0074513641540115112608,0.00062341433078348781806,0.00021444852811315149427,2.8364390451777092955e-08,5.222240298580614581e-15
0.6600000000000000311,0.047899446083870002994,0.008118801000480839469,0.0006529019180772675313,0.00024211046011289600992,3.569015273390114177e-08,9.4581489151554176946e-15,0.045173871490077122104,0.007800591311139530755,0.0006626727268783784517,0.00023146000824694371945,3.3551336360674756854e-08,7.196130136925336939e-15
0.67000000000000003997,0.04919240357163320171,0.0084784646754334450774,0.00069420796952774125547,0.0002605870587185680164,4.203647231951898755e-08,1.208580851847014718e-14,0.046553147180660288396,0.008160563084398596637,0.0007037567375233129722,0.00024953432849184764173,3.958670563262277368e-08,9.868410779177016533e-15
0.68000000000000004885,0.050497381645068940142,0.008848051348233658929,0.000737433905995862329,0.00028015838045687650325,4.9388779778997691375e-08,1.58352688886870168e-14,0.04795316385907177209,0.008531442271002814132,0.00074672210134211710903,0.00026872053166154184723,4.6593418124091299494e-08,1.3469873871090422509e-14
0.69000000000000005773,0.051814178991131224633,0.009227660474669410057,0.00078263643466482878076,0.0003008707720141875065,5.7887618812539068308e-08,2.1785184488793000518e-14,0.04937392152531156625,0.008913391668166292803,0.0007916253951334110278,0.0002890691465475529894,5.4709976734066939596e-08,1.8302367343843372657e-14
0.7000000000000000666,0.053142595437499773325,0.009617389795573731519,0.00082987289475572166174,0.00032277174250602808743,6.769058275796565892e-08,2.9068764762408920262e-14,0.05081542017937969169,0.009306574073103136141,0.0008385240338706093305,0.00031063221009802939078,6.409216943664660271e-08,2.4759119877121084382e-14
0.70999999999999996447,0.054482431965860930734,0.010017335326179842292,0.00087920124520503615357,0.0003459099698919898124,7.89740783848981187e-08,3.8514864502947067217e-14,0.052277659821276113716,0.009711152283027449372,0.00088747627070192040485,0.0003334632895965150513,7.4914928246890168766e-08,3.3350449010607180703e-14
0.71999999999999997335,0.05583349072478448194,0.010427591345640944628,0.0009306800522696916404,0.00037033530706622114822,9.1935235545482231156e-08,5.097656601353180825e-14,0.053760640451000867024,0.010127289095153348131,0.0009385411969503483758,0.0003576175048407241987,8.737435699831082776e-08,4.4736168687051775146e-14
0.72999999999999998224,0.057195575042195894583,0.010848250386720865654,0.0009843684770738783457,0.0003960987876302056324,1.0679398033393136093e-07,6.7824107833977489114e-14,0.055264362068553930796,0.010555147306694932438,0.0009917787421136906121,0.0003831515503213138332,1.0168994051907604414e-07,5.976630747982336727e-14
0.7399999999999999911,0.05856848943744699318,0.011279403225659240771,0.0010403262630972778509,0.00042325263134702749293,1.2379527722347214997e-07,8.9517069116454257105e-14,0.05678882467393532585,0.01099488971486631099,0.0010472496738645393523,0.0004101237174006583863,1.1810694853394669677e-07,7.953210489335491286e-14
0.75,0.059952039632982814105,0.011721138872213161808,0.0010986137236202907696,0.00045185024928322527964,1.4321155502657093315e-07,1.1801037955296797533e-13,0.058334028267145038305,0.011446679116881589011,0.0011050155980502807292,0.0004385939164916235664,1.3689904839108607281e-07,1.05429681250110419187e-13
0.7600000000000000089,0.061346032565610712772,0.0121735445598777679635,0.0011592917291252628894,0.00048194624864023212496,1.6534532816140586159e-07,1.5520314102310543932e-13,0.059899972848183068164,0.011910678309954875198,0.0011651389586930952034,0.00046862369923633998784,1.5837114151805817954e-07,1.3923929002533673251e-13
0.77000000000000001776,0.06275027639736895091,0.0126367057362885186825,0.0012224216946705387683,0.0005135964372794703985,1.9053202086992533101e-07,2.0307190759057632763e-13,0.061486658417049408487,0.0123870500913002730414,0.0012276830379899586476,0.0005002762806849771248,1.8286243935052901192e-07,1.8322367549054615065e-13
0.78000000000000002665,0.064164580525999763416,0.013110706053811062126,0.0012880655672336647913,0.0005468578279458942296,2.1914301343799186946e-07,2.6505762964280450767e-13,0.06309408497374408009,0.012875957258131892971,0.001292711956312640395,0.000533616561474517157,2.1074979535133166613e-07,2.402497911317438401e-13
0.79000000000000003553,0.06558875559502760216,0.013595627360315561995,0.0013562858130416690803,0.0005817886421906281699,2.5158892022872493353e-07,3.4477766961172311583e-13,0.06472225251826706216,0.0133775626076638402134,0.0013602906722077038899,0.0005687111500075287072,2.4245131064761401297e-07,3.1393900636583517924e-13
0.8000000000000000444,0.067022613503444218586,0.01409154969014241119,0.0014271454048864040242,0.00061844831400292523587,2.8832311359012694777e-07,4.4685613201260942127e-13,0.06637116105061836857,0.0138920289371102217285,0.0014304849823965077715,0.00060562838463094101175,2.784302317607280488e-07,4.088519647470218882e-13
0.8100000000000000533,0.06846596741500460964,0.014598551255260665445,0.0015007078094325586272,0.0006568974931492376824,3.29845510630152911e-07,5.766561631528225057e-13,0.068040810570797985446,0.014419519043685141008,0.0015033615217752045734,0.0006444383558148172788,3.1919915988832264636e-07,5.307154840761742413e-13
0.82000000000000006217,0.06991863176713438571,0.015116708436621135482,0.0015770369745310931688,0.00069719804822883661623,3.767066331750627893e-07,7.4275730246416086057e-13,0.06973120107880592666,0.01496019572460271195,0.0015789877634147415908,0.00068521292833112902153,3.6532459222176585128e-07,6.8670033985648770444e-13
0.83000000000000007105,0.071380422279452432344,0.015646095775703616412,0.001656197316537073882,0.0007394130694471810414,4.2951196132982230044e-07,9.534425666799729371e-13,0.07144233257464216447,0.015514221777077036313,0.0016574320185608600129,0.00072802576343252974143,4.1743181684555780913e-07,8.8576048554644974137e-13
0.8399999999999999689,0.07285115596191282794,0.016186785966267077178,0.0017382537076355138129,0.00078360687111478881514,4.8892659710148636765e-07,1.2193796535065278709e-12,0.07317420505830672661,0.016081759998322214117,0.0017387634366340944895,0.0007729523410311279607,4.762101838698195391e-07,1.1390462787974112532e-12
0.8499999999999999778,0.07433065112256558027,0.016738849846297776738,0.0018232714631915746201,0.00082984499387779272,5.5568025200621481086e-07,1.5555818908618987946e-12,0.0749268185297996131,0.016662973185552366201,0.0018230520052297772508,0.00082006998187726372427,5.424187765933019146e-07,1.4604066514141934126e-12
0.8599999999999999867,0.07581872737494309983,0.017302356390160056679,0.0019113163291208580975,0.0008781942066775567978,6.3057257505408055033e-07,1.9784360823402448064e-12,0.07670017298912082393,0.017258024135981594321,0.0019103685501180320359,0.0008694578697382785966,6.168925076836727987e-07,1.866997938406973696e-12
0.86999999999999999556,0.07731520564507386034,0.01787737270095254849,0.0020024544692845982433,0.0009287225084567108063,7.144788488491452682e-07,2.5093146651101379322e-12,0.0784942684362703591,0.017867075646824003704,0.0020007847352437771286,0.00092119707357729259736,7.005486665952260808e-07,2.380020332594728478e-12
0.88000000000000000444,0.078819908178126139864,0.018463964003069143274,0.0020967524529263749117,0.0009814991296064722991,8.083560604564733824e-07,3.1737654865274637369e-12,0.08030910487124820474,0.018490290515293699575,0.0020943730627267266586,0.00097537056973197647485,7.943939457226118791e-07,3.0256067293289845033e-12
0.8900000000000000133,0.08033265854468815692,0.019062193634969715542,0.0021942772421363204455,0.0010365945331664238281,9.1324937697911128584e-07,4.0029647510679213268e-12,0.082144682294054374716,0.019127831538604794098,0.0021912068728613875654,0.001032063264093326365,8.99531974113866291e-07,3.8358931549303760398e-12
0.9000000000000000222,0.08185328164668416451,0.01967212304215710042,0.0022950961793635205055,0.0010940804157856837565,1.0302990396678535191e-06,5.0357469611641231905e-12,0.08400100070468885516,0.019779861513971389031,0.0022913603441170617668,0.0010913620142844369324,1.0171713889379855992e-06,4.850305127917959352e-12
0.9100000000000000311,0.08338160372293374617,0.020293811770367497366,0.0023992769749775820585,0.0011540297084388951047,1.1607477022893285512e-06,6.3180217094484906855e-12,0.08587806010315165994,0.020446543238607589599,0.0023949084931378468097,0.0011533556518392759204,1.1486344763226666332e-06,6.1171002927140183054e-12
0.92000000000000003997,0.08491745235435996936,0.02092731745896955764,0.002506887694872977695,0.0012165165769211431883,1.3059482337257394309e-06,7.9066619594329177655e-12,0.08777586048944277519,0.021128039509727504497,0.0025019271747426319666,0.0012181350043814576176,1.2953664146477435119e-06,7.695214614593359588e-12
0.93000000000000004885,0.08646065646884195516,0.021572695834580638344,0.0026179967481352105045,0.0012816164221129255213,1.4673720076349131509e-06,9.870833014880827326e-12,0.08969440186356222866,0.02182451312454524589,0.00261249308192510344,0.0012857929178030167577,1.458945154900440302e-06,9.6564674720912800675e-12
0.94000000000000005773,0.08801104634572687324,0.022230000704893842708,0.0027326728747626202048,0.0013494058800284467348,1.6466177021333534648e-06,1.2292235049327650499e-11,0.091633684225509978716,0.022536126880274912065,0.002726683745853739592,0.0013564242784431820941,1.6410919742709662107e-06,1.208819028725564222e-11
0.9500000000000000666,0.089568453619998968096,0.022899283952723521046,0.0028509851334512067902,0.0014199628216554831088,1.8454206359161676086e-06,1.5271108436345370421e-11,0.09359370757528605311,0.023263043574130618657,0.0028445775358718152805,0.0014301260352671514922,1.8436827407923793003e-06,1.5096354074080951771e-11
0.95999999999999996447,0.09113271128611298566,0.023580595530264324838,0.0029730028894435487404,0.0014933663525862191047,2.0656626658945815272e-06,1.8928390995298494077e-11,0.0955744719128904241,0.024005426003326453543,0.0029662536594973975233,0.0015069972220448624688,2.0687599285082056937e-06,1.8809283663368097473e-11
0.96999999999999997335,0.09270365370149251383,0.024273983453571523067,0.0030987958024499470937,0.0015696968124561360954,2.3093826681804003233e-06,2.3406947581728192947e-11,0.0975759772383231333,0.024763436965076549706,0.0030917921624233511355,0.0015871389795297722713,2.318545424386253737e-06,2.3382060606083969723e-11
0.97999999999999998224,0.09428111658970520642,0.02497949379725633405,0.0032284338146382715075,0.0016490357741871538135,2.5787876332621962053e-06,2.8879513311494466132e-11,0.099598223551584166846,0.025537239256594998493,0.0032212739285173309228,0.0016706545776376247308,2.595454169988473102e-06,2.9001733123778911418e-11
0.9899999999999999911,0.095864937043312350995,0.02569717068940354475,0.003361987138700045681,0.0017314660430519080402,2.8762644051093272237e-06,3.555339205692801346e-11,0.101641210852673510856,0.026326995675095915539,0.0033547806798217899224,0.0017576494376252281733,2.9021086827560782002e-06,3.5893470252509921114e-11
1.0,0.097454953526400475705,0.0264270563067077989,0.0034995262459962424555,0.001817071655558368296,3.2043920842758691597e-06,4.367546742830748291e-11,0.10370493914159117921,0.02713286901779339566,0.0034923949765539733306,0.0018482311542692285607,3.241354503677318276e-06,4.432781884036874493e-11
1.0100000000000000089,0.099051005876801240246,0.027169190869831379848,0.0036411218547808058,0.0019059378781673278272,3.5659551318857309278e-06,5.3539398425381954836e-11,0.105789408418337158024,0.027955022081901557962,0.0036342002171059206717,0.0019425095180448830653,3.6162766200738514275e-06,5.4629246672052149827e-11
1.0200000000000000178,0.10065293530800303867,0.027923612638984312076,0.0037868449185085928995,0.0019981512058474563617,3.963957201909503048e-06,6.5495264194357128714e-11,0.10789461868291146118,0.02879361766463449726,0.003780280638044466665,0.0020405965373048329942,4.030216914271677475e-06,6.718618311475111162e-11
1.0300000000000000266,0.1022605844107592199,0.02869035790972573885,0.0039367666142301172526,0.002093799360479314071,4.401635733332533964e-06,7.995788757775816318e-11,0.110020569935314074805,0.029648818563206322252,0.0039307213141112412255,0.0021426064604578806162,4.4867926910153692327e-06,8.246280076445995883e-11
1.0400000000000000355,0.103873797154398775366,0.029469461008989296033,0.0040909583310715503905,0.0021929712891080210997,4.8824773320691091923e-06,9.7419092122623125456e-11,0.11216726217554502665,0.03052078757483115204,0.0040856081582226659935,0.0022486557981477592674,4.989916338641194671e-06,1.0101281813097785279e-10
1.0500000000000000444,0.10549241888784510052,0.030260954291332246152,0.0042494916588043029834,0.0022957571620612676668,5.410233980234648361e-06,1.1846197607320505828e-10,0.11433469540360427508,0.03140968749672308491,0.004245027921469958672,0.002358863345431910178,5.5438161812468884096e-06,1.2349564500336848615e-10
1.0600000000000000533,0.1071162963403468546,0.031064868135407467178,0.0044124383765097529263,0.0024022483709382953278,5.9889400967128313e-06,1.4377326769757135333e-10,0.116522869619491861726,0.03231568112609622262,0.0044090681931191330264,0.002473350203960253662,6.1530585813846935684e-06,1.5069523942129790274e-10
1.0700000000000000622,0.10874527762192449237,0.031881230940661704765,0.004579870441334968345,0.0025125375264692109082,6.622930496935101318e-06,1.7416428122252625965e-10,0.11873178482320774496,0.033238931260164680803,0.0045778174006109928137,0.0025922398041539657272,6.8225713551610701687e-06,1.8354209885005066015e-10
1.0800000000000000711,0.11037921222354687978,0.032710069124257459827,0.0047518599773429537336,0.0026267184562669663745,7.3168592756039264027e-06,2.1058864447529080587e-10,0.120961441014751966416,0.034179600696142557748,0.004751364809561140455,0.0027156579273842507832,7.5576685640526290917e-06,2.2313886900689664843e-10
1.0900000000000000799,0.11201795101702925056,0.033551407118221313053,0.00492847926445993869,0.0027448862024691512377,8.075719655869980202e-06,2.541680989358373908e-10,0.123211838194124498336,0.035137852231243965617,0.0049298005237599718323,0.0028437327281511134806,8.364076750244563651e-06,2.707901226909863672e-10
1.1000000000000000888,0.113661346254669545774,0.034405267366817093855,0.005109800727524009198,0.0028671370192805696164,8.904864836098983416e-06,3.0621963408187719231e-10,0.1254829763613253546,0.036113848662683023516,0.0051132154851726736855,0.002976594756262136189,9.247962684866652735e-06,3.2803693890252520074e-10
1.1100000000000000977,0.115309251568624281103,0.03527167032414669362,0.0052958969254296326887,0.0029935683704293161809,9.810029881807701359e-06,3.6828461608275303148e-10,0.12777485551635450745,0.037107752787673808914,0.005301701473939232287,0.003114376979011251271,1.0215962701144083068e-05,3.9669700058104455326e-10
1.1200000000000001066,0.11696152197002861878,0.036150634451974760636,0.0054868405403724401434,0.0031242789265356078667,1.0797354689083348482e-05,4.4216723599228764313e-10,0.13008747565921199851,0.038119727403430447854,0.0054953511083744247673,0.0032572148033575124872,1.1275213687197200546e-05,4.789110286461674409e-10
1.1300000000000001155,0.11861801384786833935,0.03704217621778307934,0.0056827043672028525537,0.0032593685624128327857,1.1873408069926422856e-05,5.2997447405217293477e-10,0.1324208367898978278,0.0391499353071670525,0.0056942578449678243196,0.0034052460981038737767,1.2433385816017444267e-05,5.7719648201545117105e-10
1.1400000000000001243,0.120278584967607557465,0.03794631009304804542,0.0058835613028715523162,0.0033989383542998472757,1.3045212999649588177e-05,6.34164408377368089e-10,0.1347749389084119398,0.040198539296097707263,0.0058985159783837975978,0.0035586112160759584937,1.3698717093017322548e-05,6.945095793723965667e-10
1.1500000000000001332,0.121943094469579599304,0.038863048551749577314,0.006089484335987329147,0.0035430905770389117034,1.4320273058539050311e-05,7.5759888495133835634e-10,0.13714978201475436226,0.041265702167436545122,0.006108220641461505583,0.003717453016300836452,1.5080049804501986736e-05,8.343168402884338009e-10
1.1599999999999999201,0.12361140286714457359,0.039792402069102714157,0.00630054653647787663,0.0036919287012033839054,1.5706600123992097735e-05,9.0360749629649063504e-10,0.13954536610892506743,0.042351586718397629672,0.0063234678052148992483,0.003881916886185791428,1.6586868953439917458e-05,1.0006775026605010513e-09
1.1699999999999999289,0.1252833720446209359,0.040734379120520299716,0.0065168210453515574773,0.003845557390188918817,1.721274334721179654e-05,1.0760564765284106906e-09,0.14196169119092413857,0.043456355746195128587,0.006544354278832738639,0.0040521507636971125163,1.8229342772022609682e-05,1.1983383522915900579e-09
1.1799999999999999378,0.12695886525499670838,0.04168898618079988974,0.0067383810645718759426,0.0040040824972731340822,1.8847819463254178674e-05,1.279430410326279079e-09,0.14439875726075154794,0.044580172048043112398,0.006770977709678563383,0.0042283051595388447194,2.00183654036975109e-05,1.4328427009993675825e-09
1.1899999999999999467,0.1286377471174236925,0.042656227723540465074,0.006965299847031898063,0.0041676110626533442033,2.0621544479666007536e-05,1.518923629433492642e-09,0.14685656431840726777,0.04572319842115570021,0.0070034365832907126415,0.004410533179331573364,2.1965601850639940122e-05,1.7106554742943059252e-09
1.1999999999999999556,0.13031988361450413949,0.043636106220786115978,0.007197650686638603062,0.0043362513104718450156,2.2544266787899597474e-05,1.8005425867310448028e-09,0.14933511236389129806,0.046885597662746983372,0.0072418302233823190345,0.0045989905457912054823,2.4083535285994941722e-05,2.039306621071980062e-09
1.2099999999999999645,0.13200514208937304261,0.044628622142894064373,0.007435506908505319732,0.0045101126458374253547,2.4627001753643942155e-05,2.1312291141833040861e-09,0.15183440139720363882,0.048067532570031080985,0.0074862587918413086435,0.004793835620907731243,2.6385516833674902738e-05,2.4275553388280237942e-09
1.2199999999999999734,0.1336933912425805615,0.045633773958636589252,0.0076789418592485853693,0.004689305651851044445,2.688146781811591305e-05,2.5189909057053027904e-09,0.1543544314183443178,0.049269165940222098277,0.007736823288730405347,0.0049952294281240018636,2.8885817922042119623e-05,2.8855779218299891595e-09
1.2299999999999999822,0.13538450112878318288,0.046651558135523699122,0.007928028897396545253,0.0048739420866452344214,2.9320124180522520984e-05,2.973053608497362661e-09,0.15689520242731327948,0.050490660570534140472,0.0079936255522871264845,0.0052033356745145092556,3.1599685321439991727e-05,3.4251823899836475198e-09
1.2399999999999999911,0.13707834315324997354,0.047681969140357969433,0.008182841383899733777,0.005064134880449307728,3.1956210093298834075e-05,3.5040357935057584142e-09,0.15945671442411060714,0.051732179258181312798,0.0082567682589237793855,0.005418320772964150926,3.4543398979263165627e-05,4.060053446669478155e-09
1.25,0.13877479006818209395,0.048724999440014751806,0.0084434526727543337404,0.0052599981326825560185,3.4803785837701774165e-05,4.1241428260353441905e-09,0.16203896740873621751,0.052993884800377727418,0.0085263549232274735146,0.005640353864347011359,3.773433277007795392e-05,4.806031748827166601e-09
1.2600000000000000089,0.14047371596886201739,0.049780639502448386507,0.008709936101733714055,0.0054616471090891114716,3.7877775414665064088e-05,4.8473862110467350467e-09,0.1646419613811901661,0.05427593999433748262,0.008802489897960105725,0.005869606839705129517,4.1191018282220198958e-05,5.6814319566649160674e-09
1.2700000000000000178,0.14217499628963119196,0.0508488777979285711,0.008982364983221123068,0.005669198238927580704,4.1194011026815215626e-05,5.6898340418290479067e-09,0.16726569634147242516,0.055578507637274697506,0.009085278374058369799,0.006106254362427277621,4.4933211766311400702e-05,6.7074045686380294485e-09
1.2800000000000000266,0.14387850779969965642,0.051929700800501511077,0.0092608125951573203385,0.0058827691122129051327,4.4769279380507577147e-05,6.669888071886120168e-09,0.16991017228958299468,0.056901750526403463426,0.009374826380633751247,0.006350473890427734726,4.898196437524591026e-05,7.908347145325512417e-09
1.2900000000000000355,0.1455841285988025563,0.053023092989679325437,0.009545352172091796546,0.006102478477032114053,4.8621369885151828925e-05,7.808602151359149113e-09,0.17257538922552190241,0.058245831458937892544,0.009671240784972539445,0.0066024456983250542214,5.335969582941388578e-05,9.312371189598943441e-09
1.3000000000000000444,0.14729173811269778704,0.054129036852353960146,0.009836056896340052667,0.006328446236935542958,5.276912479469493558e-05,9.130035394936104744e-09,0.17526134714928912062,0.059610913232092090086,0.009974629292535805089,0.0068623528996208478167,5.809027164523948637e-05,1.095183168664893303e-08
1.3100000000000000533,0.14900121708851724045,0.055247512884941573502,0.010132999889254598082,0.0065607934484137511028,5.72324913467248258e-05,1.06616491095501554565e-08,0.17796804606088464928,0.060997158643080175155,0.010285100446959422743,0.007130381468878550441,6.3199084069530893945e-05,1.2863927123242117711e-08
1.3200000000000000622,0.15071244758997830171,0.056378499595749347745,0.010436254202589765119,0.006799642318473938466,6.20325759675538412e-05,1.2434756570383768792e-08,0.18069548596030848842,0.06240473048911624604,0.010602763630054055227,0.0074067202639021990224,6.871313686666190204e-05,1.5091378708913244212e-08
1.3300000000000000711,0.15242531299245293264,0.057521973507569802708,0.010745892809985359978,0.007045116202318341906,6.71917005941225523e-05,1.448502160582287235e-08,0.18344366684756063801,0.06383379156741442184,0.010927729061805165761,0.00769156104791520346,7.4661134110234780815e-05,1.768319852125040791e-08
1.3400000000000000799,0.15413969797790885718,0.058677909160503013974,0.01106198859854922497,0.0072973396011402581404,7.273346117345215174e-05,1.6853022297122400042e-08,0.18621258872264115358,0.06528450467518877309,0.0112601078003730075555,0.0079850985117391245355,8.1073573135611440494e-05,2.0695557402372638576e-08
1.3500000000000000888,0.15585548852972336276,0.05984627911500182279,0.011384614360543774021,0.0075564381600406590675,7.8682788407841470373e-05,1.9584880263899198936e-08,0.18900225158554995186,0.066757032609653432775,0.011600011742092629016,0.008287530295972445754,8.798284181454951779e-05,2.4192764654323572708e-08
1.3600000000000000977,0.15757257192737124385,0.06102705395514423231,0.011713842785183513177,0.007822538666079359611,8.5066010793651679756e-05,2.2732958201499920701e-08,0.19181265543628708836,0.068251538168022513053,0.0119475536214738737445,0.0085990570131693391115,9.5423320318138981364e-05,2.8248372928505021746e-08
1.3700000000000001066,0.15929083674100419366,0.06222020229213091197,0.012049746450528062841,0.008095769046473558564,9.1910920037785640946e-05,2.6356651952446778509e-08,0.19464380027485250757,0.06976818414751012609,0.012302847011201378802,0.008919882270018459486,0.00010343148753930972482,3.294642319050863046e-08
1.3800000000000001155,0.16101017282591253976,0.0634256907680063875,0.012392397815487128654,0.008376258366939494555,9.924683889432137757e-05,3.0523260671250722526e-08,0.197495686101246265,0.07130713334533034242,0.012666006322134576445,0.009250212689521695661,0.00011204603235136909229,3.8382846279875816655e-08
1.3900000000000001243,0.16273047131688497813,0.06464348405960684829,0.012741869211921781624,0.0086641368302024061865,0.00010710469149831737046,3.530896615088642364e-08,0.20036831291546836065,0.072868548558697301964,0.0130371468033076923915,0.0095902579331729551765,0.000121307969884334597606,4.466703938865234083e-08
1.4000000000000001332,0.16445162462246371016,0.06587354488273145653,0.013098232836851212042,0.008959535774677023293,0.000115517076266189061844,4.0799920573659236646e-08,0.20326168071751876676,0.07445259258482508913,0.013416384541929749288,0.009940230723136940505,0.00013126076300625224235,5.1923637768544236353e-08
1.4099999999999999201,0.166173526419106099,0.06711583399653852505,0.013461560744760068739,0.00926258767332330691,0.00012451834141414499146,4.709345703632701997e-08,0.20617578950739740007,0.07605942822092781608,0.0138038364633845511,0.010300346864427907881,0.00014195044920223561066,6.0294504160770280206e-08
1.4199999999999999289,0.16789607164525557903,0.06837031020816309451,0.013831924840008076767,0.009573426132695177226,0.00013414466318138248545,5.4299436234939621486e-08,0.20911063928510445487,0.07768921826421959498,0.014199620331230726478,0.0106708252670884816415,0.00015342577304963106563,6.9940960843492870226e-08
1.4299999999999999378,0.1696191564953229286,0.06963693037756245319,0.014209396869334965999,0.009892185892191898873,0.00014443412681331568729,6.2541742625005755085e-08,0.21206623005063976461,0.07934212551191456575,0.014603854747201666306,0.011051887968368366219,0.00016573832449350069129,8.104629182864839496e-08
1.4399999999999999467,0.17134267841358974405,0.07091564942258007237,0.014594048414472995945,0.010219002823508529197,0.00015542681038015936567,7.1959945514606624574e-08,0.2150425618040034681,0.081018312761226785046,0.015016659151205574013,0.011443760154903174359,0.00017894268313254057525,9.381854563438800435e-08
1.4499999999999999556,0.17306653608803107547,0.072206420324237644004,0.014985950884849180524,0.010554013930315121056,0.00016716487150162845951,8.2711140762640768626e-08,0.21803963454519545428,0.08271794280937039279,0.015438153821325441284,0.011846670184893165131,0.00019309656873159021994,1.08493672234188509604e-07
1.4599999999999999645,0.17479062944406915936,0.073509194132242945685,0.015385175510394199193,0.0108973573481554479245,0.00017969263705055355809,9.497199346841854325e-08,0.22105744827421572318,0.084441178453559459505,0.015868459873819049794,0.012260849610282042663,0.0002082609981830677384,1.2533903126392653432e-07
1.4699999999999999734,0.1765148596382580537,0.07482391997072709161,0.015791793334439922086,0.011249172344586414081,0.00019305669590617252065,1.0894099903180323397e-07,0.22409600299106435806,0.08618818249100812512,0.01630769926311899029,0.012686533198935713226,0.00022450044914597072285,1.4465731238072965292e-07
1.4799999999999999822,0.17823912905190285316,0.07615054504419835335,0.016205875206720335088,0.011609599319562591627,0.0002073059948295850923,1.2484098362771003509e-07,0.2271552986957413034,0.08795911771893048792,0.016755994781832629636,0.013123958956821068361,0.00024188303059752283499,1.6679091284130904221e-07
1.4899999999999999911,0.17996334128462390667,0.077489014643719697495,0.016627491776463550893,0.011978779806077504387,0.0002224919375426752437,1.429218724097722786e-07,0.2302353353882465592,0.089754146934540646185,0.017213470060742142032,0.013573368150184755843,0.000260480660539120308,1.9212682193412648588e-07
1.5,0.1816874011478633727,0.07883927215330729932,0.017056713485581884854,0.012356856471069778934,0.00023866848708263305612,1.6346374325156850206e-07,0.23333611306858015322,0.09157343293505271209,0.017680249568804491667,0.014035005327731954125,0.0002803692511049442771,2.2110206689303156582e-07
1.5100000000000000089,0.18341121465834170357,0.080201259056548665494,0.01749361056195343836,0.012743973116605622313,0.00025589227150694037957,1.8678020123192015892e-07,0.2364576317367420577,0.093417138517680783916,0.018156458613151432724,0.01450911834280514158,0.00030162890132845611825,2.5420978037645235244e-07
1.5200000000000000178,0.18513468903146859668,0.08157491494344248917,0.017938253012797297434,0.0131402746813436754544,0.00027422269302991209472,2.1322210130145453685e-07,0.23959989139273227265,0.095285426479639001585,0.018642223339089523254,0.014995958375562879611,0.0003243440978289831517,2.9200595555521497926e-07
1.5300000000000000266,0.186857732674711563,0.08296017751745645569,0.018390710618144340618,0.013545907242295546734,0.0002937220406723818893,2.4318164547348635784e-07,0.24276289203655079807,0.09717845961814142175,0.019137670730100114769,0.015495779955158576688,0.00034860392368773676771,3.3511696135603493353e-07
1.5400000000000000355,0.18858025518092534634,0.08435698260280711375,0.018851052924395700697,0.0139610180168914729815,0.0003144556065006681256,2.7709690086938735528e-07,0.24594663366819763395,0.09909640073040218433,0.019642928607839338362,0.016008840981919267993,0.0003745022757898834164,3.8424789750234984093e-07
1.5500000000000000444,0.19030216732164881299,0.08576526415195445674,0.019319349237972795533,0.014385755365355277352,0.00033649180553776291856,3.1545677707646846895e-07,0.2491511162876728358,0.101039412613635401494,0.020158125632138139405,0.016535402749524388127,0.00040213809091671346612,4.4019187672863113704e-07
1.5600000000000000533,0.19202338104036872912,0.087184954253320658124,0.019795668619062086954,0.014820268793407188196,0.00035990229943256123592,3.5880648338244280912e-07,0.25237633989497632037,0.10300765806505514377,0.02068339130100224632,0.017075729967184549024,0.00043161558087952725223,5.0384032997151885777e-07
1.5700000000000000622,0.19374380944575930741,0.088615983139221830844,0.020280079875441388987,0.015264708955294480769,0.00038476212396371228786,4.0775354615826933087e-07,0.25562230449010808764,0.1050012998818755372,0.021218855950612180994,0.01763009078182030051,0.0004630444769945812238,5.761944395179585648e-07
1.5800000000000000711,0.1954633668048971068,0.09005827919401879905,0.020772651556401126177,0.015719227657171519139,0.0004111498204766856463,4.629744032469418743e-07,0.25888901007306824864,0.10702050086131072171,0.021764650755323262238,0.01819875680024091863,0.00049654028420631349857,6.583778150781239778e-07
1.5900000000000000799,0.19718196853645436617,0.09151176896248736786,0.02127345194675326484,0.016183977860821903774,0.00043914757132179141883,5.252216450828043782e-07,0.26217645664385669235,0.10906542380057476782,0.022320907727665605796,0.018782003111323178346,0.00053222454517409876866,7.5165053861495267294e-07
1.6000000000000000888,0.19889953120388187413,0.09297637715840111061,0.021782549060924284723,0.01665911368775357601,0.00046884133940310108893,5.9533195764577821313e-07,0.26548464420247347428,0.11113623149688177383,0.022887759718344124343,0.019380108308190112376,0.00057022511464597104396,8.574247155731464469e-07
1.6100000000000000977,0.20061597250857100827,0.09445202667333415375,0.022300010637134090596,0.017144790423654548972,0.00050032101190301505505,6.742348224062253993e-07,0.26881357274891853892,0.11323308674744586577,0.023465340416238513604,0.019993354510389804712,0.0006106764444510961445,9.772816829841677802e-07
1.6200000000000001066,0.20233121128301538583,0.095938638585675826975,0.022825904131666097455,0.017641164523241225498,0.00053368054830123034605,7.6296205219850590644e-07,0.27216324228319194178,0.11535615234948112806,0.024053784348403273174,0.020622027386074152921,0.00065371987945128477975,1.1129910388613169625e-06
1.6300000000000001155,0.20404516748395773451,0.097436132169863104435,0.023360296713214920294,0.018148393615487602368,0.00056901813275527462046,8.626582174507759138e-07,0.27553365280529362735,0.117505591100201714494,0.024653226880067696108,0.021266416174177644322,0.0006995039648005035686,1.2665316724274555769e-06
1.6400000000000001243,0.20575776218553733232,0.098944424905826042216,0.02390325525732834612,0.018666636509262585567,0.0006064363309430868647,9.745920534582277017e-07,0.27892480431522370665,0.1196815657968216956,0.025263804214635865453,0.021926813706596128689,0.0007481847648701764634,1.4401149911307129023e-06
1.6500000000000001332,0.20746891757243969556,0.100463432488647787244,0.024454846340920219708,0.019196053199375165063,0.0006460422514807921831,1.1001689362581493205e-06,0.28233669681298206866,0.12188423923655519743,0.025885653393686664653,0.022603516430365597906,0.00079992619420706683516,1.6362105582005236923e-06
1.6600000000000001421,0.209178556933042617,0.10199306883843738125,0.02501513623687775037,0.01973680487304227578,0.00068794771198383896987,1.2409444913667714921e-06,0.28576933029856865787,0.1241137742166162905,0.026518912296973760206,0.023296824429840951726,0.0008549003608997023931,1.857574373784708168e-06
1.6699999999999999289,0.21088660465257354215,0.103533246110415005914,0.025584190908744752768,0.020289053916785839554,0.000732269409893069375,1.3986394655207246753e-06,0.2892227047719836408,0.12637033353421905923,0.027163719642425612072,0.024007041448874756606,0.00091328792273863987697,2.1072800536026420127e-06
1.6799999999999999378,0.21259298620627296861,0.105083874705209669165,0.02616207600549123359,0.02085296392377286763,0.00077912909815259861167,1.5751559408177338862e-06,0.29269682023322690645,0.12865407998657771294,0.027820214986145511832,0.024734474912996094742,0.0009752784565653904161,2.3887531816725486044e-06
1.6899999999999999467,0.21429762815256728214,0.10664486327936981841,0.026748856856358903603,0.021428699701604998762,0.0008286537658526834586,1.7725950132645439463e-06,0.29619167668229851031,0.13096517637090632213,0.028488538722411502896,0.02547943595158922575,0.001041070841214487017,2.7058091381536072053e-06
1.6999999999999999556,0.21600045812625669195,0.10821611875608151687,0.027344598465792072789,0.022016427280570762676,0.0008809758239317093593,1.9932760506051838488e-06,0.2997072741191984524,0.13330378548441892961,0.029168832083676436012,0.026242239420072439177,0.0011108736544630823211,3.0626947298265785436e-06
1.7099999999999999645,0.2177014048317200412,0.10979754633609917214,0.027949365508446098044,0.022616313922368154812,0.00093623329605219341365,2.2397576636340801616e-06,0.3032436125439267327,0.13567007012432971691,0.029861237140567958859,0.027023203922076792505,0.0011849055844124691417,3.4641339793692645613e-06
1.7199999999999999734,0.21940039803613611835,0.11138904950888608991,0.02856322232427679908,0.02322852812931122668,0.0009945700147570668385,2.514860524498050082e-06,0.30680069195648329572,0.13806419308785275457,0.030565896801888512574,0.027822651831624915092,0.0012633958557361618918,3.9153784605260617005e-06
1.7299999999999999822,0.22109736856272418914,0.11299053006396242438,0.029186232913710998677,0.023853239654024674735,0.0010561358230116774017,2.8216921781089633998e-06,0.31037851235686825246,0.14048631717220214088,0.031282954814615328287,0.02864090931530975312,0.0013465846712395887139,4.4222625996948223504e-06
1.7399999999999999911,0.22279224828401206215,0.11460188810246131619,0.029818460932887520462,0.024490619509648973995,0.0011210867812599596997,3.1636740136249190489e-06,0.3139770737450814364,0.14293660517459202963,0.032012555763900434058,0.029478306354473363116,0.0014347236691870230135,4.991264400541700017e-06
1.75,0.22448497011512288934,0.11622302204889388422,0.030459969688987970776,0.025140839980547441748,0.0011895853800878268287,3.5445705536566467573e-06,0.31759637612112301408,0.14541521989223649136,0.032754845073070665284,0.030335176767385667318,0.0015280763968621858661,5.629572087200594691e-06
1.7600000000000000089,0.2261754680070961615,0.11785382866311860939,0.031110822135637055189,0.025804074633549320406,0.0012618007586460795386,3.9685212548284020463e-06,0.32123641948499281895,0.1479223241223495966,0.033509969003627626538,0.031211858231423247195,0.0016269188008399091284,6.345157203625738509e-06
1.7700000000000000178,0.22786367694022739705,0.11949420305251982899,0.031771080868383965584,0.026480498329718245645,0.0013379089289103445436,4.4400749989279184514e-06,0.32489720383669101755,0.1504580806621455269,0.03427807465524773667,0.032108692305248105747,0.0017315397344574246039,7.146854751965486268e-06
1.7800000000000000266,0.22954953291745061605,0.12114403868438800016,0.032440808120260254677,0.02717028723667033567,0.0014180930059540178137,4.964227504595778916e-06,0.32857872917621749886,0.15302265230883835279,0.035059309965782201046,0.03302602445098644368,0.001842241482985198164,8.0444510016485479726e-06
1.7900000000000000355,0.2312329729577442955,0.12280322739850558361,0.03312006575741137035,0.027873618841449189151,0.0015025434443191700625,5.5464618536999657614e-06,0.3322809955035723184,0.15561620185964217256,0.03585382371125702544,0.03396420405640742518,0.0019593403070087924735,9.048779653472208446e-06
1.8000000000000000444,0.23291393508957070058,0.12447165941993858923,0.033808915274811460194,0.028590671963963636137,0.00159145828063880692,6.1927923909370682633e-06,0.33600400281875542063,0.15823889211177111225,0.03666176550587298827,0.034923584457101981837,0.002083167004544994507,1.0171827099623404291e-05
1.8100000000000000533,0.23459235834436019397,0.12614922337202687241,0.034507417792045497196,0.029321626771010881815,0.0016850433826491890282,6.909812242895672165e-06,0.3397477511217668611,0.16089088586243924239,0.037483285802005703036,0.035904522958661540255,0.0022140674924274001897,1.14268475815331099695e-05
1.8200000000000000622,0.23626818275002278713,0.12783580628958050862,0.035215634049176731263,0.030066664790882420208,0.001783512704711565154,7.704744717786681435e-06,0.34351224041260663977,0.16357234590886071679,0.038318535890205548955,0.036907380858856829453,0.0023524034075088212647,1.2828489113065788917e-05
1.8300000000000000711,0.23794134932450280995,0.12953129363227303128,0.035933624402682159266,0.030825968928574665542,0.0018870885500114911943,8.585498890070554669e-06,0.34729747069127475667,0.16628343504824960597,0.039167667899197684822,0.037932523469816646633,0.002498552728240233979,1.439293110710165513e-05
1.8400000000000000799,0.23961180006937365938,0.13123556929823748662,0.036661448821465537212,0.0315997234816126904,0.0019960018395628474804,9.560729652610495811e-06,0.35110344195777110077,0.16902431607782003598,0.040030834795882111465,0.038980320140206643764,0.0026529104171985787124,1.6138034719423693247e-05
1.8500000000000000888,0.24127947796347037901,0.13294851563786218296,0.0373991668829497248,0.03238811415649578418,0.0021104923881822205793,1.0639902593613382257e-05,0.3549301542120958386,0.17179515179478613285,0.0409081903853335746,0.04005114427740805172,0.002815889085148496132,1.8083507005338790791e-05
1.8600000000000000977,0.24294432695656847931,0.13467001346778317838,0.038146837769235625998,0.03319132808578004884,0.00223080918758204543,1.1833364013046986476e-05,0.35877760745424891464,0.17459610499636196712,0.04179988931080165504,0.041145373369696536248,0.0029879196772361017384,2.0251080072031172176e-05
1.8700000000000001066,0.24460629196310573752,0.13639994208507211226,0.038904520263346582115,0.03400955384581177965,0.002357210696751386829,1.3152416472239507134e-05,0.3626458016842302734,0.17742733847976166484,0.04270608705371068542,0.042263389008420873538,0.0031694521819260910653,2.2664706503678939687e-05
1.8800000000000001155,0.24626531885594316051,0.13813817928162785975,0.039672272745536453498,0.034842981475112663053,0.0024899651397936645083,1.4609400252676275241e-05,0.36653473690203991486,0.18028901504219929652,0.04362693993365983347,0.04340557691018182701,0.0033609563633069387996,2.5350772437298744593e-05
1.8900000000000001243,0.24792135446017841971,0.13988460135875402379,0.040450153189684253524,0.035691802493448446937,0.0026293508113732976753,1.6217781157730969225e-05,0.37044441310767789455,0.18318129748088904374,0.044562605108423046507,0.044572326939010843694,0.003562922517402571359,2.8338329775584453072e-05
1.9000000000000001332,0.24957434654700012822,0.14163908314193740523,0.041238219159749206488,0.03655620992157376098,0.0027756563899918864843,1.7992245081740397246e-05,0.37437483030114421245,0.18610434859304494926,0.045513240573949044487,0.04576403312854884775,0.003775862253142792807,3.1659349139167016168e-05
1.9100000000000001421,0.25122424382759081518,0.14340149799581822232,0.042036527806319556877,0.037436398301678254497,0.0029291812592361161829,1.9948799830982309964e-05,0.37832598848243881307,0.18905833117588113912,0.0464790051643613894,0.046981093704225027063,0.0040003092986588472887,3.534899528526746549e-05
1.9199999999999999289,0.25287099594707926342,0.14517171783935006735,0.042845135863213094224,0.0383325637185419274,0.0030902358372212792702,2.2104884696067010757e-05,0.3822978876515616964,0.19204340802661162835,0.047460058551958360373,0.048223911105435599,0.0042368203335848052607,3.9445926853199732352e-05
1.9299999999999999378,0.25451455347853607636,0.14694961316115731642,0.043664099644171412012,0.039244903821414579836,0.003259141914414864262,2.4479488291949236771e-05,0.38629052780851297344,0.19505974194245070952,0.04845656124721313407,0.049492892007722631698,0.004485975848060080179,4.3992622440193356102e-05
1.9399999999999999467,0.2561548679170238263,0.14873505303507351949,0.04449347503962177916,0.040173617846629632727,0.0034362330000528757985,2.7093275244405199228e-05,0.3903039089532925332,0.19810749572061239765,0.049468674598773618167,0.05078844734495271268,0.0047483810291430476533,4.9035735164170209273e-05
1.9499999999999999556,0.25779189167369248592,0.1505279051358792558,0.04533331751350903882,0.041118906640972216482,0.0036218546773638601866,2.996872230415218081e-05,0.39433803108590043118,0.20118683215831079103,0.050496560793462499928,0.052110992331495797902,0.005024666675360954342,5.4626478034093349902e-05
1.9599999999999999645,0.25942557806992608271,0.15232803575521620953,0.04618368210021072881,0.0420809726858077833,0.0038163649678275295314,3.3130264530029774174e-05,0.39839289420633666738,0.20429791405275998795,0.051540382856277294765,0.053460946484403991386,0.005315490140136392913,6.082104262399919164e-05
1.9699999999999999734,0.26105588133153828645,0.15413530981770098838,0.04704462340152236466,0.04306002012198772988,0.0040201347046939766433,3.660445219513504275e-05,0.4024684983146011863,0.20744090420117411444,0.052600304650390318495,0.05483873364559026936,0.005621536304846208934,6.7681053734581215326e-05
1.9799999999999999822,0.2626827565830197886,0.15594959089721127654,0.047916195583718221296,0.044056254775550245106,0.004233547916018460134,4.042011913626600335e-05,0.40656484341069404342,0.21061596540076732431,0.05367649087714863876,0.056244782004007301546,0.005943518582284448154,7.5274062926991686085e-05
1.9899999999999999911,0.2643061598418328939,0.15777074123336755351,0.048798452374688678496,0.045069884184226575996,0.0044570022174499927467,4.460856328100877124e-05,0.41068192949461523877,0.21382326044875363258,0.05476910707607416523,0.057679524117826203033,0.0062821799513169086435,8.367408402820476255e-05
2.0,0.26592604801276278903,0.15959862174819020031,0.0496914470611502547,0.046101117624767495168,0.004690909215053190584,4.9203740153639993348e-05,0.41481975656636471683,0.21706295214234716529,0.05587831962486357329,0.05914339693661531394,0.006638294023531147829,9.296217393671699417e-05
2.010000000000000231,0.26754237888231191533,0.16143309206294134683,0.050595232485936496303,0.047150166141106050754,0.0049356949184200388236,5.4242470176771302823e-05,0.41897832462594258862,0.22033520327876213174,0.057004295739388359532,0.060636841823518985994,0.0070126661427022318404,0.00010322706230248414154
2.0200000000000000178,0.26915511111314974202,0.16327401051514700558,0.05150986104535770424,0.048217242573373463727,0.0051918001643791338896,5.9764660668042835076e-05,0.4231576336733486321,0.2236401766552124637,0.058147203473694730747,0.06216030457743625809,0.0074061345179112477236,0.000114565833916787510115
2.0300000000000002487,0.27076420423861283227,0.16512123417579907536,0.052435384686643857904,0.04930256158778152306,0.0054596810515850809076,6.5813543445210261626e-05,0.42735768370858318033,0.22697803506891245373,0.059307211720003853717,0.06371423545519985798,0.007819571391170797997,0.00012708466792724142048
2.0400000000000000355,0.27236961865725423104,0.1669746188667319553,0.053371854905456588003,0.050406339707389516414,0.0057398093863063009805,7.2435929037299713964e-05,0.43157847473164584473,0.23034894131707597809,0.06048449020871146664,0.06529908919375465581,0.008253884240428395469,0.00014089963829146652323
2.0499999999999998224,0.27397131562744420075,0.16883401917818112448,0.054319322743483632043,0.05152879534376796078,0.0060326731397420878082,7.968247851544665481e-05,0.43582000674253690287,0.23375305819691724607,0.061679209508388302408,0.06691532503233676987,0.008710017018837099001,0.00015613758020128565632
2.0600000000000000533,0.27556925726201850213,0.17069928848651130804,0.055277838786109527447,0.052670148829582475597,0.0063387769172015893775,8.7607994057376875835e-05,0.44008227974125629922,0.23719054850565057802,0.06289154102577985961,0.06856340673465217972,0.009188951431199476189,0.00017293702754878873158
2.0699999999999998401,0.27716340652298077085,0.17257027897212062761,0.056247453160157070973,0.053830622452108956022,0.006658642439512043286,9.627172937724202815e-05,0.44436529372780397829,0.24066157504048979465,0.064121657005806256824,0.070243802611055311536,0.009691708248509739096,0.00019144922686765400606
2.080000000000000071,0.2787537272162520785,0.17444684163751722483,0.057228215531715989628,0.05501044048769885772,0.006992809037018211417,0.00010573772123719732619,0.4486690487021801066,0.24416630059864921631,0.065369730531562655895,0.07195698554072829656,0.0102193486615371666865,0.00021183923356901646594
2.0899999999999998579,0.28034018398646848302,0.17632882632556662328,0.05822017510404111501,0.056209829237216638043,0.0073418341565708814672,0.00011607514332528009993,0.45299354466438435107,0.24770488797734271924,0.066635935524318762324,0.07370343299385914704,0.010772975674411830807,0.0002342870967023696785
2.1000000000000000888,0.28192274231183098165,0.17821608173790755292,0.059223380615534015198,0.05742901706246144114,0.007706293881916178451,0.00012735868382912018352,0.4573387816144171003,0.25127749997378467928,0.06792044674351933875,0.075483627053821125696,0.011353735539193627463,0.00025898913891010422747
2.1099999999999998757,0.28350136849899851277,0.18010845545353505737,0.060237880337800031594,0.058668234423591994475,0.008086783467902882404,0.0001396689481224884841,0.46170475955227807674,0.25488429938518891715,0.069223439786783691474,0.07729805443935094944,0.011962819232423409915,0.00028615933871076442829
2.1200000000000001066,0.2850760296780351366,0.1820057939475519665,0.061263722073783877936,0.05992771391758642749,0.0084839178889653471885,0.00015309288805743640263,0.4660914784779674469,0.25852544900876978096,0.07054509108990612842,0.07914720652672811718,0.012601463974675852428,0.00031603082274285373933
2.1299999999999998934,0.28664669379739879385,0.18390794261008221178,0.062300953155989668292,0.061207690317731704155,0.008898332402347274538,0.00016772425941240110144,0.47049893839148493324,0.26220111164174120244,0.07188557792685554282,0.08103157937195314131,0.01327095479415185339,0.00034885747612959305212
2.1400000000000001243,0.2882133296189798577,0.18581474576534977305,0.06334962044477336629,0.06250840061419073168,0.009330683126563444826,0.00018366410915912453796,0.47492713929283097984,0.26591145008131744643,0.07324507840977588502,0.08295167373292690327,0.0139726261353698717055,0.00038491567968758144203
2.1499999999999999112,0.28977590671318465,0.18772604669091497165,0.0644097703267196911,0.06383008405564698923,0.009781647635607131248,0.00020102129424505220466,0.47937608118200519813,0.26965662712471238915,0.07462377148898562129,0.08490799509162876013,0.014707863514034096378,0.0004245061833005304118
2.1600000000000001421,0.29133439545406461524,0.1896416876370788096,0.065481448713099674186,0.065172982192055625705,0.010251925569450998782,0.0002199130337379556733,0.48384576405900786567,0.27343680556914046198,0.07602183695297824728,0.086901053676296025063,0.01547810521917978438,0.00046795612541555132004
2.169999999999999929,0.2928887670144900146,0.19156150984643180446,0.06656470103840561592,0.066537338918527685894,0.0107422392614075082676,0.00024046549621279915822,0.48833618792383870488,0.27725214821181543012,0.07743945542842185781,0.08893136448360203228,0.016284844063714967038,0.0005156212092957316402
2.1800000000000001599,0.29443899336136755696,0.19348535357357463105,0.0676595722589702353,0.06792340052035715503,0.011253334382939576136,0.00026281442439473175427,0.49284735277649799334,0.28110281784995172494,0.078876808380159549317,0.09099944730083563138,0.017129629184500866357,0.0005678880473816474419
2.1899999999999999467,0.2959850472509015229,0.19541305810498037221,0.068766106851666383704,0.06933141571922216834,0.011785980606553713226,0.0002871057991523763911,0.4973792586169854535,0.28498897728076316715,0.080334078111208948036,0.09310582672807925231,0.018014067893132763853,0.0006251766858780532111
2.2000000000000001776,0.29752690222389341357,0.19734446177901907027,0.06988434881269234983,0.070761635720588626774,0.012340972287416776543,0.00031349654504930651888,0.5019319054453014184,0.28891078930146418813,0.08181144776276277897,0.09525103220038835805,0.018939827578606904801,0.0006879433224933085298
2.2099999999999999645,0.2990645326010903382,0.19927940200612750954,0.07101434165643175783,0.07221431426232086809,0.0129191291644020688975,0.0003421552797631427663,0.50650529326144544395,0.29286841670926844206,0.083309101314188283016,0.0974355980099695651,0.019908637663078803531,0.0007566832311203422305
2.2200000000000001954,0.30059791347856737453,0.20121771528912946181,0.07215612841440505881,0.07368970766454918664,0.013521297081273283072,0.0003732631098009656361,0.5110994220654180298,0.2968620223013904713,0.08482722358302771659,0.09966006332836004067,0.020922291611943082124,0.00083193390816253874696
2.2299999999999999822,0.30212702072315156254,0.20315923724370830994,0.07330975163429723912,0.07518807488079874701,0.014148348728763700255,0.00040701447506215435862,0.5157142918572187318,0.30089176887504409663,0.086366000224997935275,0.10192497222860565087,0.021982648999485040336,0.0009142784561782328059
2.2400000000000002132,0.3036518309678860883,0.20510380261901502152,0.07447525337907719145,0.076709677550417236513,0.014801184408357525961,0.00044361804490518157683,0.52034990263684799405,0.30495781922744358283,0.087925617733990796276,0.10423087370744039959,0.023091637631379866719,0.001004349221547367341
2.25,0.30517232160752905124,0.20705124531843259461,0.07565267522619262275,0.07825478005231904094,0.0154807328185927843556,0.00048329766853520136427,0.5250062544043053725,0.30906033615580291718,0.08950626344207272822,0.10657832170746453504,0.02425125572533572485,0.0011028317039558615652
2.260000000000000231,0.30668847079409328193,0.20900139842047110728,0.07684205826685581997,0.07982364956008941581,0.016187951864785408984,0.0005262933826441749149,0.5296833471595913112,0.31319948245733642,0.091108125519485189114,0.108967875139323960854,0.02546357415120372586,0.0012104687566516674543
2.2700000000000000178,0.30820025743241494243,0.21095409419980928889,0.078043443105414098127,0.08141655609845237923,0.016923829493068531793,0.0005728624793840892196,0.53438118090270514404,0.31737542092925785653,0.09273139297464418063,0.11140009790388835653,0.02673073873189833402,0.0013280650976541345798
2.2800000000000002487,0.30970766117576706278,0.21290916414847339821,0.0792568698588001358,0.08303377260115505504,0.017689384549746068817,0.0006232806379067352834,0.5390997556336477592,0.3215883143687816581,0.094376255654140761564,0.1138755589144306718,0.028054972606499476578,0.0014564921533999802047
2.2900000000000000355,0.31121066242149397763,0.21486643899714948092,0.080482378156078344944,0.08467557497027893704,0.01848566766696164293,0.00067784312286003602305,0.5438390713524183795,0.32583832557312170097,0.096042904242740520515,0.116394832118805122145,0.029438578656928709315,0.0015966932576878479968
2.3000000000000002665,0.31270924230669008836,0.21682574873663164328,0.08172000713806769345,0.0863422421370233506,0.019313762175755009448,0.0007368660534066585194,0.54859912805901744903,0.33012561733949236098,0.09773153026338408933,0.11895849652162676646,0.030883941999620068836,0.0017496892302445695225
2.3100000000000000533,0.3142033827039017735,0.21878692263940092977,0.08296979545705490677,0.08803405612398634145,0.020174785047645939912,0.0008006877464832292475,0.5533799257534447458,0.33445035246510740334,0.099442326077186671274,0.12156713620644943319,0.032393532543628165976,0.0019165843607829671259
2.3199999999999998401,0.31569306621686313297,0.22074978928133777434,0.08423178127659960296,0.08975130210896599403,0.02106988786591362274,0.0008696701382247382008,0.5581814644357002697,0.33881269374718103737,0.10117548488343838797,0.124221340357945325694,0.033969907616644950954,0.0020985728260594751007
2.330000000000000071,0.31717827617626254133,0.22271417656355782522,0.0855060022714180315,0.09149426849033595599,0.022000257827836957464,0.00094420028767508006615,0.5630037441057843539,0.34321280398292769442,0.102931200719604265537,0.12692170328408333702,0.035615714660419364734,0.0022969455691734226924
2.3399999999999998579,0.31865899663553082233,0.22467991173437465435,0.08679249562736236073,0.093263246954008817424,0.022967118779193678238,0.0010246919670796676401,0.5678467647636965543,0.3476508459695610287,0.10470966846132381822,0.12966882443830760052,0.03733369399710230463,0.002513097672185012673
2.3500000000000000888,0.32013521236666617198,0.22664682141138862981,0.08809129804148412013,0.09505853254203373154,0.023971732282406805342,0.0011115873433141389799,0.57271052640943742595,0.35212698250429547153,0.10651108382241168682,0.13246330844171699814,0.039126681668066168318,0.0027485362550704927134
2.3599999999999998757,0.32160690885607287615,0.22861473160369541469,0.08940244572218605107,0.09688042372286194415,0.025015398719794596644,0.001205358755200723153,0.57759502904300619175,0.35664137638434489919,0.10833564335485701413,0.13530576510524303102,0.040997612346772502323,0.0030048889360862257245
2.3700000000000001066,0.32307407230043669322,0.23058346773421246889,0.09072597438946915227,0.09872922246331378854,0.026099458433456831918,0.0013065105917221683188,0.5825002726644035178,0.3611941904069236875,0.110183544448824013995,0.13819680945182949428,0.042949522327292877222,0.0032839128907855017273
2.3799999999999998934,0.32453668960261583543,0.2325528546621265652,0.092061919275257038386,0.10060523430229317832,0.027225292903407158004,0.0014155812763940213428,0.58742625727362907107,0.36578558736924560169,0.11205498533265140226,0.14113706173861034765,0.04498555259011059737,0.0035875045492272522596
2.3900000000000001243,0.32599474836755507057,0.23452271670545311866,0.09341031512382142604,0.1025087684262777285,0.02839432596565948444,0.0015331453633227173699,0.59237298287068296254,0.3704157300685250176,0.113950165072852993564,0.14412714747908955681,0.047108951946864353888,0.0039177099733432750248
2.3999999999999999112,0.3274482368982215008,0.23649287766370893915,0.09477119619229468217,0.10444013774663574168,0.029608025072061883859,0.0016598157507725547254,0.59734044945556519224,0.37508478130197586697,0.11586928357411710455,0.14716769746531857543,0.049323080265717640647,0.004276735958994345131
2.4100000000000001421,0.32889714419156457215,0.23846316084069760222,0.096144596251265271314,0.106399658978802838516,0.030867902593767600206,0.0017962460183574659785,0.60232865702827576015,0.37979290386681252567,0.117812541579307122896,0.15025934779007646402,0.05163141177907206586,0.0046669619099557694414
2.419999999999999929,0.33034145993448738032,0.24043338906739866734,0.09753054858547300504,0.108387652723367367,0.03217551717034170325,0.0019431328942862852996,0.60733760558881455527,0.38454026056024864788,0.119780140669460938296,0.15340273986904739978,0.054037538475366200807,0.005090952533933867756
2.4300000000000001599,0.33178117449984090293,0.24240338472496777977,0.0989290859945890777,0.11040444354910608493,0.033532475106613213872,0.0021012188594224064705,0.6123672951371817996,0.3893270141794988315,0.121772283263791566976,0.15659852046300060113,0.056545173576736690313,0.0055514714137379055775
2.4399999999999999467,0.33321627894243069368,0.24437296976783774716,0.10034024079409148422,0.11245036007801541972,0.03494043181949360241,0.002271294895260403228,0.6174177256733772712,0.3941533275217767862,0.123789172619686485555,0.15984734169996805964,0.059158155104342260988,0.0060514955099216054257
2.4500000000000001776,0.33464676499504256157,0.24634196574692261705,0.10176404481622431525,0.114525735072382249535,0.0364010933371176279,0.002454203383253181648,0.622488897197401192,0.3990193633842969989,0.12583101283270831106,0.1631498610974243535,0.061880449533187761868,0.0065942306545773527945
2.4599999999999999645,0.33607262506447874162,0.24831019383291731695,0.10320052941105472416,0.116630905523947857316,0.03791621785278478235,0.0026508411632816747741,0.6275808097092531179,0.40392528456427312378,0.12789800883659402375,0.16650674158446429618,0.06471615553830910306,0.0071831280995189863633
2.4700000000000001954,0.33749385222760999725,0.2502774748396970339,0.104649725447618531515,0.11876621274521348415,0.03948761733633210369,0.0028621627593747118925,0.63269346320893371516,0.4088712538589197032,0.12999036640325589698,0.16991865152398286098,0.06766950783421822602,0.007821902185840246338
2.4799999999999999822,0.3389104402274347727,0.25224362924781293382,0.106111663315157152276,0.120932002462931585673,0.04111715920571546931,0.003089183781079946501,0.63782685769644242857,0.41385743406545050238,0.13210829214278047017,0.17338626473485282964,0.070744881109530963204,0.008514549205789789452
2.4900000000000002132,0.34032238346915424931,0.25420847722807274338,0.10758637292444706013,0.12312862491384776731,0.042806768061743633025,0.0033329845091428513502,0.6429809931717795912,0.4188839879810800082,0.13425199350342967297,0.17691026051410471687,0.07394679405874002298,0.009265367532076641474
2.5,0.34172967701625042714,0.25617183866521806013,0.109073883709218270865,0.12535643494273016052,0.044558427489064821037,0.0035947136742423778898,0.64815586963494487005,0.42395107840302181934,0.13642167877163957623,0.18049132365910436349,0.077279913513119649626,0.010078979094116390092
2.510000000000000231,0.34313231658657925016,0.25813353318168380524,0.11057422462766417631,0.12761579210276434437,0.04637418192672809747,0.0038755924375488541057,0.65335148708593870914,0.4290588681284905337,0.13861755707202166876,0.18413014448973283321,0.08074905867278919791,0.010960352285366540756
2.5200000000000000178,0.34453029854846317637,0.26009338016144584182,0.112087424164049535846,0.12990706075834965172,0.048256138611789001908,0.0041769185815398093137,0.6585678455247606644,0.43420751995469986095,0.1408398383673616916,0.18782741887056414454,0.084359205441986967466,0.0119148263907837420605
2.5300000000000002487,0.34592361991679848598,0.2620511987739458648,0.113613510330397619874,0.13223061019036892738,0.050206469599688163807,0.0045000709188754428602,0.6638049449514110689,0.439397196678864288,0.1430887334586206372,0.19158384823304511202,0.08811549086964827471,0.012948137628586472991
2.5400000000000000355,0.34731227834915398556,0.26400680799810358201,0.11515251066828095794,0.13458681470399067037,0.05222741386533143182,0.004846513925870398788,0.66906278536588970063,0.44462806109819758005,0.14536445398493391679,0.19540013959767288387,0.09202321769740574864,0.014066446905928380734
2.5500000000000002665,0.3486962721418887523,0.26596002664639512014,0.11670445225069377149,0.13697605373906364401,0.054321279489047066824,0.0052178026050448485414,0.6743413667681967816,0.44990027600991411294,0.14766721242361205424,0.1992770055961751996,0.096087859017173801734,0.015276369393803005542
2.5600000000000000533,0.35007560022625947016,0.26791067338901847217,0.11826936168402438915,0.13939871198316873546,0.05649044593186664312,0.0056155875778867571195,0.6796406891583319787,0.4552140042112277074,0.14999722209014001995,0.20321516449368751123,0.100315063040503624214,0.016585006032513689017
2.5699999999999998401,0.35145026216453637002,0.269858566778118536,0.11984726511010673766,0.14185517948740057614,0.058737366404849312984,0.0060416204039042066716,0.68496075253629551405,0.46056940849935251725,0.1523546971381779247,0.2072153402109332132,0.104710657981940291616,0.017999977085379193636
2.580000000000000071,0.35282025814611658876,0.2718035252720942263,0.12143818820837342515,0.14434585178493944402,0.061064570337472937056,0.006497759114289150279,0.69030155690208760966,0.46596665167150314035,0.15473985255956063112,0.21127826234640173508,0.10928065705863963808,0.019529457865009803436
2.5899999999999998579,0.35418558898363491916,0.2737453672599601262,0.12304215619809447807,0.14687113001249026134,0.06347466595043616683,0.006985973937175915787,0.6956631022557077104,0.47140589652489306438,0.15715290418429742059,0.21540466619852699504,0.114031263608543625976,0.02118221676350653948
2.6000000000000000888,0.3555462561090785567,0.2756839110857830233,0.12465919384070538872,0.14943142103466258708,0.06597034293858197035,0.0075083531746503911,0.70104538859715648247,0.4768873058567367207,0.15959406868057288142,0.21959529278786713014,0.11896887632945046809,0.022967655725319183202
2.6099999999999998757,0.35690226156989091066,0.27761897507317265243,0.12628932544222461198,0.15202713757135793982,0.06855437527000187575,0.008067109167316846401,0.70644841592643314865,0.48241104246424804103,0.16206356355474593745,0.22385088887928203394,0.1241000946413444439,0.024895853309262368225
2.6200000000000001066,0.35825360802507685842,0.2795503775498353327,0.12793257485576452204,0.15465869832825854258,0.07122962410782218701,0.008664584246905933547,0.71187218424353859714,0.48797726914464140124,0.16456160715135076389,0.22817220700411361411,0.1294317241743992708,0.026977610494361453641
2.6299999999999998934,0.35960029874130289285,0.28147793687218528036,0.12958896548412407457,0.15732652813047959262,0.07399904086157076122,0.009303256526598946939,0.71731669354847193976,0.49358614869513051104,0.16708841865309581598,0.23256000548236283043,0.1349707823850928301,0.02922449939278476752
2.6400000000000001243,0.36094233758898766617,0.28340147145000452178,0.13125852028247721182,0.16003105805948052154,0.076865670375545903925,0.0099857453059279000646,0.72278194384123395366,0.49923784391292996832,0.16964421808086488364,0.23701504844487036872,0.14072450430292357537,0.031648915042154827926
2.6499999999999999112,0.36227972903838598362,0.28532079977116114877,0.13294126176114226534,0.16277272559331568136,0.079832654262075419815,0.010714815763003367015,0.72826793512182408374,0.50493251759525337174,0.17222922629371603676,0.24153810585549340129,0.14670034841024132133,0.03426413045901827853
2.6600000000000001421,0.36361247815567071529,0.28723574042636976222,0.13463721198844542937,0.16555197475031557808,0.082903234388140886746,0.0114933824585874058005,0.73377466739024255205,0.51067033253931537473,0.17484366498888265218,0.24612995353328651071,0.15290600265776083111,0.03708435514523733545
2.669999999999999929,0.36494059059899600084,0.28914611213400334688,0.13634639259366425346,0.16836925623628122561,0.08608075652443119424,0.012324510965862013959,0.73930214064648935857,0.51645145154232940943,0.17748775670177235897,0.25079137317467820045,0.15934939061834899054,0.040124797249541703514
2.6800000000000001599,0.366264072614560926,0.29105173376494375415,0.13806882477006299226,0.17122502759529481531,0.08936867416654059593,0.0132114166410585501255,0.74485035489056461433,0.52227603740151018474,0.18016172480596812089,0.25552315237565198514,0.16603867778173223013,0.043401729597500583735
2.6899999999999999467,0.36758293103265207713,0.29295242436747612191,0.13980452927800685048,0.17411975336424240224,0.09277055253874132157,0.014157459127563894186,0.75041931012246787525,0.52814425291407129937,0.18286579351322718168,0.26032608465392287345,0.17298227799279505823,0.046932559814734577108
2.7000000000000001776,0.3688971732636840417,0.2948480031922206257,0.14155352644816900087,0.17705390523113902213,0.09629007279151237386,0.015166130589461884574,0.75600900634219980745,0.5340562608772274622,0.18560018787348206426,0.26520096947111826413,0.18018886003619741243,0.05073590478034398915
2.7099999999999999645,0.37020680729421812094,0.29673828971709934055,0.14331583618481279208,0.18002796219736755257,0.099931036404868535394,0.01624103482957726767,0.7616194435497597448,0.54001222408819227194,0.18836513377483962706,0.27014861225495473418,0.18766735437006290543,0.054831669660276832756
2.7200000000000001954,0.37151184168297912702,0.29862310367233274588,0.14509147796916072037,0.18304241074393949595,0.103697369810416113733,0.017385853264144709301,0.76725062174514835345,0.54601230534418010443,0.19116085794358197991,0.27516982442141885157,0.19542696001154863383,0.059241131783760163365
2.7299999999999999822,0.37281228555684359227,0.3005022650654726457,0.14688047086284836129,0.18609774500187598045,0.107593129246046873004,0.01860429206512874932,0.7729025409283648562,0.5520566674424047804,0.19398758794416554041,0.2802654233969439912,0.20347715157713130996,0.06398702963996326376
2.7400000000000002132,0.3741081486068258133,0.3023755942064558777,0.14868283351145421267,0.1891944669268325191,0.111622505858303695814,0.01990000245325590153,0.7785752010994100303,0.55814547318008100873,0.19684555217922206083,0.28543623264059070355,0.21182768648050631644,0.069093657286821555386
2.75,0.37539944108404108003,0.30424291173268575017,0.15049858414811095875,0.19233308647808068648,0.11578983106855592067,0.021276462868567398018,0.7842686022582833205,0.5642788853544220551,0.19973497988955751792,0.29068308166622414124,0.22048861229101762715,0.07458696447941398633
2.760000000000000231,0.37668617379565461079,0.30610403863413493397,0.15232774059719673965,0.19551412180196438284,0.12009958222046528131,0.022736807200687872074,0.78998274440498506,0.5704570667626427394,0.20265610115415322312,0.29600680606469426115,0.22947027425560390101,0.08049466284153412865
2.7700000000000000178,0.37796835810081280682,0.3079587962784664512,0.15417032027810485817,0.19873809941995880524,0.124556388527593521476,0.024283576933809117998,0.79571762753951502667,0.5766801802019566603,0.20560914689016479562,0.30140824752601291792,0.23878332298726412386,0.086846338421109003924
2.7800000000000002487,0.37924600590655449528,0.30980700643617253842,0.156026340209087927,0.20200555442145312623,0.12916503734153002292,0.025918366277521176153,0.8014732516618734426,0.5829483884695784157,0.20859434885292307826,0.30688825386153456565,0.2484387223231172559,0.093673570987991033876
2.7900000000000000355,0.3805191296637089049,0.31164849130572397362,0.15789581701117891277,0.2053170306614063162,0.13393048076262904778,0.027641317202943769746,0.8072496167720599747,0.58926185436272160434,0.21161193963593333267,0.31244767902613301835,0.25844775735514818882,0.10101006045135525746
2.8000000000000002665,0.38178774236276816212,0.3134830735387341416,0.15977876691218467764,0.2086730809629858685,0.13885784261722278199,0.029450404567658365965,0.81304672287007506704,0.595620740678600713,0.21466215267087598861,0.31808738314038209616,0.26882204263680459233,0.108891760793578082356
2.8100000000000000533,0.38305185752974457714,0.31531057626512837277,0.16167520575075446099,0.2120742673253586813,0.14395242582725639724,0.03134042860053416757,0.81886456995591816455,0.60202521021442967353,0.21774522222760583912,0.3238082325127327188,0.27957353056862849217,0.1173570219380268842
2.8199999999999998401,0.38431148922200170093,0.31713082311832030413,0.16358514898051970676,0.21552116113675315323,0.14921972020045265461,0.033301600912543447702,0.8247031580295896003,0.6084754257674225286,0.2208613834141528176,0.3296110996616930522,0.29071451996617853064,0.12644673998976771467
2.830000000000000071,0.38556665202407297555,0.31894363826038846232,0.16550861167430200305,0.21901434339296814435,0.1546654106715758259,0.0353175685019633534,0.8305624870910897073,0.6149715501347937652,0.2240108721767216926,0.33549686333800687876,0.30225766481352295267,0.13620451631076899157
2.8399999999999998579,0.38681736104344915939,0.32074884640725651042,0.16744560852838945297,0.22255440492146576215,0.16029538602801786384,0.03736266544345576493,0.83644255714041781946,0.6215137461137567598,0.22719392529969162364,0.34146640854683141253,0.31421598320564442242,0.14667682591485275978
2.8500000000000000888,0.38806363190634793336,0.32254627285386658353,0.16939615386688171295,0.22614194661121100882,0.16611574815588822651,0.039398112487243622942,0.84234336817757438087,0.62810217650152655455,0.23041078040561702167,0.34752062656991772327,0.32660286648314745817,0.1579131956924346436
2.8599999999999998757,0.38930548075346360637,0.32433574349934904402,0.17136026164609914624,0.2297775796484338856,0.17213282184605387115,0.041366802675223381808,0.84826492020255905846,0.634737004095316526,0.2336616759552266609,0.353660414987787719,0.33943208856268941576,0.16996639300103363879
2.8700000000000001066,0.39054292423568748305,0.32611708487218457608,0.17333794545905686912,0.23346192575847275752,0.17835316520314428712,0.04318622943865764452,0.85420721321537240733,0.64141839169234127205,0.23694685124742462246,0.3598866777019151253,0.35271781546663433238,0.1828926251847393103
2.8799999999999998934,0.3917759795098073594,0.32789012415535120915,0.1753292185399967229,0.23719561745388562102,0.18478358070453652917,0.044739077381195278826,0.8601702472160138724,0.64814650208981428037,0.24026654641928918421,0.36620032495690157948,0.36647461505544309812,0.1967517506142480721
2.8900000000000001243,0.39300466423418334294,0.32965468921146617864,0.17733409376898452703,0.24097929828900004068,0.19143112696074555956,0.045861141724672562642,0.86615402220448367565,0.6549214980849503709,0.24362100244607406974,0.3726022733626580541,0.3807174669664012412,0.21160750186889845659
2.8999999999999999112,0.39422899656440038574,0.33141060860789942066,0.17935258367655917966,0.2448136231211039543,0.19830313123354306737,0.046326986141127457497,0.87215853818078181714,0.6617435424749631423,0.24701046114120706054,0.3790934459165812842,0.39546177276229677044,0.2275277217132729013
2.9100000000000001421,0.3954489951488897037,0.33315771164187674147,0.18138470044844559603,0.24869925837846280914,0.20540720277360319246,0.045836433089925958384,0.87818379514490840787,0.66861279805706708146,0.25043516515629149488,0.3856747720257347467,0.41072336629375200134,0.24458461255359095765
2.919999999999999929,0.39666467912453001743,0.3348958283655545376,0.18343045593031559459,0.2526368823353658255,0.21275124704555657684,0.044014405858372244312,0.88422979309686289273,0.67552942762847567604,0.2538953579811047967,0.3923471875290253652,0.42651852427892272823,0.2628550000932060593
2.9300000000000001599,0.3978760681122263665,0.3366247896110809712,0.18548986163260210158,0.25662718539440959598,0.22034348091518743407,0.040472512966965471654,0.8902965320366462709,0.682493593986403857,0.25739128394359994667,0.39911163471938404523,0.44286397710437375164,0.28242061194226369958
2.9399999999999999467,0.39908318221244915014,0.3383444270156126532,0.1875629287353642316,0.26067087037623670742,0.22819244888116214931,0.035137084260219272197,0.8963840119642574322,0.68950545992806500095,0.26092318820990384465,0.40596906236594282325,0.4597769198509480404,0.30336837197387195308
2.9500000000000001776,0.4002860420007643416,0.340054573046312536,0.18964966809320180086,0.26476865281695005638,0.23630704044234701611,0.029764074585055663377,0.9024922328796972648,0.69656518825067392786,0.26449131678431903048,0.4129204257362154573,0.477275023548544286,0.32579071125823494404
2.9599999999999999645,0.40148466852332503896,0.34175506102531599817,0.19175009024020908677,0.26892126127343010666,0.24469650870156639533,0.032366783933983182125,0.9086211947829652136,0.70367294175144390334,0.26809591650932207418,0.41996668661827418756,0.49537644666372676605,0.3497858964469769405
2.9700000000000001954,0.40267908329233767506,0.34344572515465471296,0.19386420539498283588,0.27312943763679128906,0.2533704903177966261,0.053136649856144267667,0.9147708976740618336,0.7108288832275897473,0.2717372350655650748,0.4271088133429306044,0.5140998468241914088,0.3754583765226279235
2.9799999999999999822,0.40386930828150599537,0.3451264005411453506,0.19599202346565525179,0.2773939374542317704,0.26233902693153801633,0.0931541690139454856,0.9209413415529862368,0.7180331754763251695,0.2754155209718742725,0.43434778080591218696,0.5334643927841183908,0.40291914887279722812
2.9900000000000002132,0.40505536592144153474,0.34679692322123623072,0.19813355405498475625,0.28171553025952031368,0.2716125882027815852,0.15445748150219554273,0.92713252641973942225,0.7252859812948645457,0.2791310235852512145,0.44168457049004355985,0.55348977663454923537,0.43228614569526202516
3.0,0.4062372790950518897,0.3484571301858113701,0.20028880646546319555,0.2860949999123856835,0.28120209661792580635,0.24330882780032365986,0.93334445227432061287,0.7325874634804216967,0.28288399310087186667,0.449120170487422532,0.5741962262629258795,0.46368464178885493432
3.010000000000000231,0.40741507113289721076,0.35010685940494989943,0.20245778970447035616,0.29053314494708487592,0.2911189542418081977,0.3696276550194872168,0.9395771191167304748,0.73993778483021110937,0.28667468055208727984,0.45665557552160174204,0.59560451806604519653,0.49724768483602288516
3.0200000000000000178,0.40858876580852210303,0.35174594985262908065,0.20464051248945237804,0.2950307789304222883,0.30137507161423762736,0.5475462798701272171,0.9458305269469682308,0.7473371081414462713,0.29050333781042292358,0.46429178696976453056,0.6177359899206781302,0.5331165493360378038
3.0300000000000002487,0.4097583873337541649,0.35337424153138635718,0.20683698325313003286,0.2995887308295136775,0.31198289901790232648,0.79673037649041472674,0.9521046757650345471,0.75478559621134211355,0.29437021758557968543,0.47202981288490669654,0.64061255441622322326,0.57144121540347858623
3.0400000000000000355,0.41092396035398168208,0.35499157549691573443,0.20904721014873266227,0.30420784538959924626,0.32295546037740346934,1.1443521857995351265,0.9583995655709290906,0.7622834118371120127,0.29827557342543237207,0.47987066801801214755,0.6642567123537574947,0.6123808737045302042
3.0500000000000002665,0.4120855099433970159,0.35659779388261553246,0.21127120105525327987,0.30888898352221103027,0.3343063900887170703,1.6278445143981071785,0.9647151963646521944,0.7698307178159705666,0.30221965971603159673,0.48781537384023482273,0.688691566515973963,0.65610445786432947113
3.0600000000000000533,0.41324306160021642698,0.3581927399240733001,0.21350896358272040965,0.31363302270401113847,0.34604997312645213725,2.2986853422217590204,0.9710515681462031923,0.777427676945131374,0.3062027316816018363,0.495864958565074454,0.7139408357124849003,0.7027912057417313729
3.0700000000000002842,0.4143966412418673695,0.35977625798348833452,0.21576050507749632013,0.31844085738665239838,0.35820118883530818743,3.2275738716043202992,0.97740868091558275044,0.7850744520218092548,0.31022504538454304113,0.5040204571705582115,0.7400288691051002399,0.75263125103401551375
3.080000000000000071,0.41554627520014947306,0.36134819357402614415,0.21802583262757622984,0.32331339941797671012,0.37077575888505501234,4.511494475275364291,0.9837865346727905358,0.79277120584321747465,0.3142868577254294138,0.51228291142141657577,0.7669806608176812368,0.8058262467428479736
3.0899999999999998579,0.41669199021636826874,0.36290839338411501336,0.22030495306790506826,0.32825157847493385832,0.38379019995945784505,6.283343812066320755,0.9901851294178267704,0.8005181012065706314,0.3183884264430104083,0.5206533698912648722,0.7948218648352990412,0.86259002210486823703
3.1000000000000000888,0.4178338134364401324,0.3644567053016604108,0.2225978729857015781,0.33325634250857028018,0.39726188186411898196,8.725036209599577042,0.9966044651506913432,0.80831530090908321196,0.32253001011421023048,0.5291328879847804201,0.8235788101974291786,0.9231492746652022463
3.1099999999999998757,0.4189717724059651982,0.3659929784381947271,0.22490459872578476286,0.33832865820148064206,0.41120909188344864638,12.085325235203414174,1.0030445418713838102,0.8161629677479683709,0.3267118681541273939,0.5377225279598810692,0.85327851649001118517,0.987744299250580049
3.1200000000000001066,0.4201058950652828139,0.36751706315294763172,0.22722513639589698997,0.34346951143810913742,0.42565110640239797735,16.704014027644310758,1.0095053595799052815,0.82406126452044115016,0.33093426081603594113,0.54642335894990556877,0.88394870964127181256,1.0566297556804307156
3.1299999999999998934,0.42123620974448194865,0.36902881107684482043,0.22955949187203553152,0.34867990778831883802,0.44060827104678010335,23.044811834435567022,1.0159869182762544249,0.83201035402371492644,0.33519744919138383388,0.55523645698579005003,0.91561783802622509487,1.1300754771394270204
3.1400000000000001243,0.422362745158401498,0.3705280751364152525,0.23190767080376842313,0.35396087300463030534,0.45610209090384828956,31.739880548976024954,1.0224892179604323506,0.8400103990550042976,0.3395016952097948959,0.56416290501824961634,0.9483150888849023463,1.2083673212239658401
3.1499999999999999112,0.42348553040159134242,0.37201470957762730607,0.23426967861954242633,0.35931345353360083505,0.47215533278457377797,43.650171307749058514,1.0290122586324383924,0.8480615624115230844,0.34384726163906653706,0.57320379293995393777,0.9820704050593419554,1.2918080657675345968
3.1600000000000001421,0.42460459494324817586,0.37348856998963167464,0.23664552053198324721,0.36473871704176438757,0.48879214201065890322,59.947068714804917278,1.0355560402922729946,0.85616400689048577366,0.3482344120851721958,0.58236021760770939615,1.0169145020545300451,1.3807183516467178563
3.169999999999999929,0.42571996862212746482,0.37494951332842163527,0.23903520154317148272,0.37023775295662744722,0.5060381768923933876,82.222760769602672326,1.0421205629399354908,0.8643178952891058531,0.35266341099225900768,0.5916332828646344577,1.0528788854284480969,1.4754376748700894773
3.1800000000000001599,0.4268316816414249315,0.37639739794039697718,0.2414387264499093938,0.37581167302319026802,0.52392076496121159357,112.63929828171703207,1.0487058265754267694,0.87252339040459814257,0.35713452364264969274,0.60102409956234170707,1.0899958685165542782,1.576325430357425228
3.1899999999999999467,0.42793976456362944893,0.3778320835858435256,0.24385609984895263713,0.38146161187650826085,0.54246908620397438217,154.12971432686160256,1.0553118311987459421,0.88078065503417590776,0.36164801615684127878,0.6105337855831133309,1.1282985904959856871,1.6837620099258345796
3.2000000000000001776,0.42904424830535342616,0.3792534314623053071,0.24628732614222093034,0.3871887276308040582,0.5617143901094441838,210.6691291646279467,1.0619385768098938971,0.8890898519750541906,0.3662041554935059895,0.62016346586208359604,1.167821034794948698,1.7981499571136552174
3.2099999999999999645,0.43014516413213238488,0.38066130422787519683,0.2487324095419760489,0.39299420248568661673,0.58169025540782964834,287.63985031381295698,1.0685860634088697463,0.89745114402444614576,0.37080320944949035633,0.6299142724094134449,1.2085980478527171833,1.9199151815914674568
3.2200000000000001954,0.43124254365320469073,0.38205556602437151792,0.25119135407596332454,0.39887924335002800103,0.6024329041315226174,392.32259727984077813,1.0752542909956741557,0.9058646939795669262,0.37544544665981621767,0.6397873443324737508,1.2506653582358449039,2.0495082360336134286
3.2299999999999999822,0.43233641881625323178,0.38343608250041252838,0.25366416359252311197,0.40484508248406958497,0.6239815852767582882,534.5568069065733994,1.0819432595703066813,0.91433066463762968645,0.38013113659767971964,0.6497838278580194693,1.2940595961161518446,2.1874056584521937019
3.2400000000000002132,0.4334268219021359947,0.38480272083439998054,0.25615084176564226204,0.41089297816038977684,0.64637904820778663284,727.6273977123852319,1.0886529691327677671,0.9228492187958490245,0.3848605495744523708,0.6599048763543728935,1.3388183131162312289,2.3341113831300885906
3.25,0.43451378551957822727,0.38615534975738485812,0.25865139209997561887,0.41702421534431635686,0.66967213242836493015,989.4545669881288745,1.0953834196830567471,0.93142051925143887203,0.3896339567396798209,0.67015165035359836043,1.3849800025281779892,2.4901582234290176032
3.260000000000000231,0.4355973425998495019,0.3874938395758141252,0.26116581793580720405,0.42324010639447182114,0.6939125090048163802,1344.1887197356898014,1.1021346112211745094,0.94004472880161371595,0.39445163008108313774,0.6805253175736846183,1.4325841199114313085,2.656109429894583318
3.2700000000000000178,0.4366775263914070282,0.38881806219418951764,0.26369412245396170458,0.42954199178407831416,0.71915762051018672363,1824.3465409957028669,1.1089065437471203879,0.9487220102435870439,0.3993138424245575857,0.69102705294072030995,1.4816711040755725648,2.8325603272314183734
3.2800000000000002487,0.4377543704545240888,0.39012789113759274717,0.26623630868065187305,0.43593124084377066207,0.7454718818879420006,2473.6692389823249414,1.1156992172608948266,0.9574525263745735648,0.40422086743417384724,0.70165803861107611805,1.5322823984541213971,3.0201400338797568246
3.2900000000000000355,0.4388279086558828923,0.39142320157410157022,0.26879237949226789106,0.4424092525265799214,0.7729282254914978667,3350.943688848413558,1.1225126317624969374,0.96623643999178676633,0.40917297961217674596,0.7124194639935799156,1.5844604728753162171,3.2195132680885101273
3.3000000000000002665,0.43989817516315532497,0.39270387033708800684,0.27136233762009520643,0.44897745619588183552,0.8016101016392644385,4535.106318542439112,1.1293467872519282746,0.9750739138924415794,0.41417045429898663444,0.723312525771699133,1.6382488457360728784,3.4313822445513446624
3.3100000000000000533,0.44096520443955147806,0.39396977594738410988,0.27394618565496747786,0.45563731243706512286,0.8316140839414363217,6132.0543184508178456,1.1362016837291872839,0.9839651108737509366,0.41921356767319772896,0.7343384279257161307,1.6936921065852521551,3.6564886658495781013
3.3200000000000002842,0.44202903123835049493,0.3952207986353504232,0.27654392605183281129,0.46239031389372392544,0.8630532800125181314,8283.727308790177631,1.1430773211942746315,0.992910193732930324,0.4243025967515801633,0.7454983817549104552,1.7508359391225905011,3.895615813131348304
3.330000000000000071,0.4430896905974062716,0.3964568203627866494,0.2791555611342516341,0.46923798612921235884,0.8960618180020624157,11180.2057217300616685,1.1499736996471905393,1.0019093252671926741,0.4294378193890777129,0.75679360589973387885,1.8097271446195692945,4.149590740648417153
3.3399999999999998579,0.44414721783363114715,0.39767772484473898342,0.28178109309880086664,0.47618188851442913578,0.93080077468134830854,15075.813981615797275,1.1568908190879345632,1.0109626682737524739,0.43461951427880979315,0.7682253263639922114,1.870413665768734468,4.4192865789728879022
3.3500000000000000888,0.445201648537458472,0.3988833975711703339,0.28442052401940109974,0.48322361514272577088,0.96746604149769360736,20310.53564557073878,1.1638286795165069254,1.0200703855498245431,0.43984796095207057132,0.7797947765370237816,1.932944610967908261,4.705624951923851107
3.3599999999999998757,0.44625301856728361027,0.40007372582849121123,0.28707385585153558094,0.49036479577287298004,1.0062988050022174669,27338.468324036655758,1.1707872809329076258,1.0292326398926217035,0.4451234397783281893,0.79150319721587503174,1.9973702790459195722,5.0095785124509486508
3.3700000000000001066,0.4473013640438868732,0.4012485987209680749,0.2897410904363820483,0.49760709680106191,1.0475995670864431952,36765.600311827111,1.1777666233371371085,1.0384495940993592189,0.45044623196522676212,0.80335183662748421707,2.0637421844365322343,5.332173602947189117
3.3799999999999998934,0.44834672134482644879,0.40240790719199007186,0.2924222295048433673,0.5049522222629183599,1.0917469763118017312,49399.92015888475362,1.1847667067291940413,1.0477214109672505771,0.45581661955858404633,0.815341950450855224,2.1321130828072694108,5.674493045697113658
3.3900000000000001243,0.44938912709882922192,0.4035515440451911684,0.29511727468146733977,0.51240191486660913167,1.1392232231031753642,66317.82949340839696,1.1917875311090799784,1.0570482532935101538,0.4612348854423936606,0.8274748018392410476,2.2025369971500405875,6.037679069410647692
3.3999999999999999112,0.45042861818014071074,0.40467940396544516135,0.29782622748825660075,0.5199579570580890042,1.1906484220272885999,88952.08964611617557,1.1988290964767938096,1.0664302838753514369,0.4667013133388229762,0.83975166144231805365,2.2750692443403925935,6.422936378045268846
3.4100000000000001421,0.45146523170287597426,0.40579138353971425102,0.30054908934836466194,0.52762217211964224095,1.2468273349049551202,119208.18722848565085,1.2058914028323366452,1.0758676655099896902,0.47221618780821522643,0.85217380742836879026,2.3497664621724823064,6.8315353683831254727
3.419999999999999929,0.4524990050153329113,0.40688738127773788067,0.3032858615896751875,0.53539642530285525,1.3088130693678378114,159618.17444357466593,1.2129744501757069308,1.0853605609946377353,0.47777979424908734174,0.86474252550645736015,2.4266866368767368023,7.2648155031022119132
3.4300000000000001599,0.45352997569431019453,0.40796729763260020096,0.3060365454482514569,0.5432826249972627086,1.3779941238637112289,213543.88519876768987,1.2200782385069062208,1.0949091331265108362,0.48339241889813217012,0.8774591089486114548,2.5058891311274797964,7.724188846365888317
3.4399999999999999467,0.45455818153938631898,0.40903103502112930778,0.30880114207166042828,0.551282723935901553,1.4562134462374413113,285445.15476177301025,1.2272027678259331829,1.1045135447028220366,0.48905434883021620118,0.89032485861199728294,2.5874347125476595544,8.211143769249151347
3.4500000000000001776,0.4555836605671926831,0.410078497844155343,0.31157965252217006968,0.55939872043910243704,1.5459310960647453248,381233.5479017534526,1.2343480381327891493,1.1141739585207866003,0.49476587195838184208,0.9033410829611029369,2.67138558271811144,8.727248832627944708
3.4599999999999999645,0.4566064510056699055,0.41110959250661258113,0.31437207777979536694,0.56763265969785681175,1.6504456192822286598,508738.47834620205685,1.2415140494274730099,1.123890537377617127,0.5005272770338452526,0.9165090980899120998,2.757805406698677686,9.274156855475196082
3.4700000000000001954,0.4576265912883086262,0.41212422743748947096,0.31717841874521324197,0.575986635098188815,1.7741931503330024,678320.93616771447705,1.2487008017099852086,1.1336634440705295468,0.50633885364599839907,0.9298302277440881891,2.8467593430687947453,9.8536091768395195345
3.4799999999999999822,0.4586441200483716285,0.41312231310962099773,0.3199986762425351683,0.58446278958798014713,1.9231471343844733779,903680.92070341459475,1.2559082949803257456,1.1434928413967362371,0.51220089222240694493,0.9433058033431476197,2.9383140744950231316,10.467440120124827274
3.4900000000000002132,0.45965907611310177772,0.41410376205932403204,0.32283285102191727756,0.59306331708780946066,2.1053449214442163662,1202918.8723291679053,1.2631365292384948429,1.1533788921534526839,0.51811368402881263773,0.9569371640026439474,3.032537838833328614,11.117581668647511961
3.5,0.46067149849792257688,0.4150684889058680882,0.32568094376201944806,0.6017904639473294903,2.331570272116867848,1599929.9023543313378,1.2703855044844920563,1.1633217591378919309,0.52407752116913064455,0.9707256565563413542,3.1295004607737566538,11.806068361816901557
3.510000000000000231,0.46168142640061418658,0.41601641037079065133,0.32854295507231848217,0.6106465304489063217,2.616224354832987764,2126233.7266751066782,1.277655220718317608,1.173321605147268798,0.5300926965854521056,0.98467263557839890264,3.2292733840354941321,12.535042421671107604
3.5200000000000000178,0.46268889919548647494,0.41694744529704383385,0.33141888549523651486,0.6196338723601615417,2.9784257261988515975,2823374.5865251813084,1.2849456779399712758,1.1833785929787967728,0.5361595040580420246,0.99877946340554391025,3.331929704120133895,13.306759119898124766
3.5300000000000002487,0.46369395642753680198,0.4178615146679814374,0.33430873550811546213,0.62875490253724147793,3.443397647636986747,3746066.2510147409048,1.2922568761494537259,1.1934928854296908973,0.5422782382053410455,1.0130475101592557596,3.4375442016313249027,14.123592395888447726
3.5400000000000000355,0.46469663780658693186,0.41875854162616407694,0.33721250552501960684,0.63801209258066649,4.044233674114193544,4966310.2373404712416,1.2995888153467640702,1.2036646452971642152,0.5484491944839637867,1.0274781537679393839,3.5461933761688055888,14.9880407367939234575
3.5500000000000002665,0.46569698320142877135,0.4196384514920160902,0.34013019589835827294,0.6474079745456519097,4.824179632770433379,6578784.268798316829,1.3069414955319031968,1.2138940353784317683,0.55467266918870050674,1.0420727799891100762,3.6579554808051892856,15.902733331016193574
3.5600000000000000533,0.46669503263393918857,0.42050117178229234893,0.34306180692032534063,0.65694514270893394903,5.8396257496633894313,8707887.383567256853,1.3143149167048699955,1.2241812184707068223,0.56094895945251521674,1.0568327824315661978,3.77291055715368584,16.870436507009255678
3.5700000000000002842,0.46769082627319299994,0.42134663222838225627,0.34600733882416631615,0.6666262553941877944,7.1640597804834231788,11516944.028620652854,1.3217090788656655764,1.2345263573712041971,0.5672783632465479009,1.0717595625775730994,3.891140471035318349,17.894060469763974908
3.580000000000000071,0.468684404429571988,0.4221747647944388282,0.34896679178524392384,0.6764540368581738461,8.893290640512190315,15220219.68497853633,1.3291239820142892736,1.2449296148771373804,0.57366117938011240707,1.0868545298050376058,4.0127289487540069857,18.976666347838548887
3.5899999999999998579,0.4696758075488580153,0.4229855036953224512,0.35194016592192040038,0.68643127923989505357,11.152322108872151141,20098595.07362560369,1.336559626150741309,1.2553911537857205261,0.58009770750069755696,1.1021191014096904937,4.1377616139882720248,20.121473564319181548
3.6000000000000000888,0.47066507620631431452,0.42377878541438060433,0.35492746129624286322,0.6965608445751140798,14.1043524339849470906,26519997.661899153143,1.3440160112750216825,1.265911136894168898,0.5865882480939678123,1.1175547026272634188,4.2663260253081487505,21.331867545629421556
3.6099999999999998757,0.4716522511007745777,0.42455454872103345898,0.35792867791442450898,0.7068456668786454178,17.962511092790869327,34966014.594421785325,1.3514931373871303943,1.2764897269996948737,0.5931331024837610544,1.133162766655666065,4.398511714326159172,22.611407782664851851
3.6200000000000001066,0.47263737304870620526,0.42531273468818681094,0.3609438157271288583,0.71728875429699151534,23.00512804290407054,46066531.609894882888,1.3589910044870674444,1.2871270868995139391,0.59973257283209124857,1.1489447346771692882,4.5344102244913155886,23.963836259307324639
3.6299999999999998934,0.47362048297828440724,0.42605328670946060465,0.3639728746295419204,0.72789319133396002126,29.595572461698722577,60644785.340030908585,1.3665096125748328326,1.2978233793908393601,0.60638696213914600186,1.1649020558805784908,4.674115150535008034,25.393086263969472327
3.6400000000000001243,0.47460162192344471088,0.42677615051622397324,0.36701585446124493362,0.7386621411520091218,38.20800938894279497,79775916.75270566344,1.3740489616504265591,1.3085787672708857343,0.6130965742432887833,1.1810361874834185425,4.81772217857806595,26.90329160044414536
3.6499999999999999112,0.47558083101794523806,0.42748127419445625108,0.3700727550058497406,0.7495988479522040504,49.46082180928877392,104863016.47317261249,1.3816090517138484017,1.3193934133368667716,0.61986171382105670347,1.1973485947541055996,4.9653291269080099823,28.4987962149731473
3.6600000000000001421,0.47655815148941185755,0.42816860820141297572,0.37314357599045031022,0.7607066394357564487,64.15995733673821633,137735816.08577530086,1.3891898827650990267,1.3302674803859968478,0.62668268638716295715,1.2138407510341326923,5.117035987435999189,30.184164257120450259
3.669999999999999929,0.47753362465338719534,0.42883810538208913532,0.37622831708483095436,0.77198892935026586226,83.355115410314709834,180778677.32608409226,1.3967914548041773237,1.3412011312154896725,0.6335597982944944917,1.2305141377602428765,5.272944967842684072,31.964190592722484752
3.6800000000000001599,0.47850729190737736896,0.42948972098552454235,0.37932697790045630248,0.7834492201238949516,108.41253465122019861,237096458.1188454926,1.4044137678310844031,1.3521945286225602878,0.64049335673411378345,1.2473702444866126005,5.433160534422689203,33.84391178790883714
3.6899999999999999467,0.47947919472488725878,0.43012341268087200818,0.38243955798923706668,0.79509110559086981773,141.10922414535174596,310729311.99181568623,1.4120568218458195986,1.3632478354044219593,0.6474836697352572834,1.2644105689070255227,5.5977894556371294854,35.82861758392463969
3.7000000000000001776,0.48044937464946513295,0.43073914057329582006,0.38556605684207873042,0.80691827381178776735,183.7548749036080693,406930660.58258020878,1.4197206168483833544,1.3743612143582890628,0.6545310461653371936,1.281636616877057655,5.7669408463841200785,37.923862883260255785
3.7099999999999999645,0.48141787328873542062,0.43133686721968353406,0.38870647388717349813,0.8189345099924374982,239.34947530698944718,532526665.9087484479,1.4274051528387750043,1.385534828281375308,0.6616357957299395798,1.299049902436249182,5.9407262129968687603,40.135480268385926195
3.7200000000000001954,0.48238473230844003403,0.43191655764412223428,0.39186080848809620725,0.83114369950490296635,311.7869475254737779,696380772.810744524,1.4351104298169956586,1.396768839970895737,0.66879822897282648064,1.3166519478302891599,6.1192594989795363603,42.46959307522031679
3.7299999999999999822,0.4833499934264727238,0.43247817935321450356,0.3950290599416162729,0.8435498310149632806,406.11806170209570155,909993615.3582742214,1.4428364477830439849,1.4080634122240633932,0.67601865727593302147,1.3344442835331891128,6.302657131490671638,44.93262904431175997
3.7400000000000002132,0.48431369840691704254,0.4330217023511530594,0.39821122747532602948,0.85615699971991465755,528.8896508484847345,1188277195.7394965887,1.4505832067369210936,1.4194187078380933187,0.6832973928593709667,1.3524284482694679532,6.4910380685846345017,47.531334573603295723
3.75,0.48527588905408580722,0.43354709915462993908,0.40140731024498660373,0.86896941070114980255,688.5819708907328618,1550553274.8723529577,1.4583507066786258743,1.430834889610198557,0.6906347487814253894,1.3706059890363235798,6.6845238472209995706,50.272789597563949826
3.760000000000000231,0.48623660720656081136,0.43405434480750948456,0.40461730733165879315,0.8819913823959537047,896.17221869208634644,2021840028.8319830894,1.4661389476081596595,1.4423121203375943722,0.6980310389385573355,1.3889784611258184643,6.8832386320526106616,53.16442311842593682
3.7700000000000000178,0.487195894731232787,0.43454341689530653903,0.40784121773857684445,0.8952273501932883626,1165.8601071450395921,2634509074.497073412,1.4739479295255211166,1.4538505628174940298,0.70548657806540149284,1.4075474281470523596,7.087309265002486036,56.214029416244891024
3.7800000000000002487,0.48815379351735477265,0.43501429555945558825,0.4110790403877868926,0.90868187015839541054,1516.0014723144303161,3430418033.0629253387,1.4817776524307115782,1.4654503798471123499,0.7130016817347687441,1.4263144620483469982,7.296865315640466143,59.42978496552648693
3.7900000000000000355,0.48911034547058487854,0.43546696351136562897,0.4143307741165395408,0.92235962289133405223,1970.3087526015798403,4463653255.83237648,1.4896281163237299339,1.477111734223662376,0.7205766663576429476,1.4452811431394183561,7.512039132370033734,62.8202660872103138
3.8000000000000002665,0.49006559250703915498,0.43590140604625995935,0.41759641767343638752,0.93626541752482450587,2559.393595299099161,5804054928.9931435585,1.4974993212045768498,1.488834788744359594,0.7282118491831847118,1.464449060113563128,7.732965894436439669,66.39446736590238629
3.8100000000000000533,0.4910195765473577556,0.4363176110568047772,0.42087596971432875148,0.9504041958668829615,3322.7477779208488755,7541744719.2968621254,1.5053912670732516599,1.5006197062064166037,0.7359075482987278427,1.4838198100698285486,7.9597836647667667975,70.16182086336964119
3.8200000000000002842,0.49197233951076110858,0.4367155690465174267,0.42416942879796792898,0.96478103669409642773,4311.2853057958304817,9792937232.361206055,1.5133039539297552523,1.512466649407049113,0.7436640826297822304,1.503394998535200866,8.192633443653319247,74.13221616048923579
3.830000000000000071,0.49292392330912584986,0.4370952731429621485,0.42747679338142113847,0.97940116020154038834,5590.6025169223235025,12707394394.331151962,1.5212373817740869608,1.5243757811434697214,0.7514817719400310736,1.523176239486774719,8.431659223291198657,78.316021261046785185
3.8399999999999998579,0.49387436984105786975,0.43745671911070913018,0.430798061815223704,0.9942699326156944628,7245.15625763018852,16477980952.221331596,1.5291915506062467855,1.5363472642128930268,0.75936093683133376597,1.543165155373939168,8.677008043181681174,82.7241043920415251
3.8500000000000000888,0.49482372098597943166,0.43779990536410076651,0.43413323233830128367,1.0093928709768847929,9383.615179092397739,21352905337.003068924,1.5371664604262353926,1.5483812614125340712,0.7673018987437242311,1.5633633771405535118,8.928830046412549848,87.367856736443599175
3.8599999999999998757,0.49577201859822095376,0.43812483297974719187,0.4374823030726349149,1.0247756480981599081,12145.709096532734293,27651390382.807754517,1.5451621112340518938,1.5604779355396056761,0.7753049799554101451,1.5837725442471242143,9.187278536827044206,92.25921613569637714
3.8700000000000001066,0.4967193045011218111,0.43843150570884148465,0.44084527201769430071,1.0404240977077467978,15710.990134574555668,35783721996.849277496,1.5531785030296969552,1.5726374493913231056,0.7833705035827757124,1.6043943046929882712,9.452510037093182049,97.41069180064621946
3.8799999999999998934,0.4976656204811424622,0.43871992998921718887,0.44422213704461241401,1.056344219782590077,20310.0320882976539,46276882393.776618958,1.5612156358131701328,1.5848599657648991812,0.7914987935803778907,1.6252303150384868058,9.724684347684961594,102.83539007100988272
3.8900000000000001243,0.49861100828197957302,0.43899011495718304188,0.44761289589013300572,1.0725421860807570207,26238.737418170239835,59807302553.91717148,1.5692735095844720927,1.5971456474575493889,0.799690174740950277,1.6462822404271491017,10.003964606787709712,108.54704126498793926
3.8999999999999999112,0.49955550959870320682,0.43924207245911989217,0.45101754615031347528,1.089024345880918454,33876.60259206335104,77242684577.91812134,1.5773521243436017247,1.6094946572664863282,0.80794497269539999884,1.6675517546078655329,10.290517351139234492,114.560027662154936934
3.9100000000000001421,0.5004991660718948743,0.43947581706284663539,0.4544360852739944001,1.1057972319373565728,43710.022209560160263,99695371854.51889038,1.5854514800905603611,1.6219071579889257073,0.81626351391280993486,1.6890405399570733724,10.584512577819298329,120.88941266436070521
3.919999999999999929,0.5014420192818003219,0.43969136606874770212,0.45786851055601920923,1.1228675666594433169,56362.003249742538173,128590412764.07963562,1.5935715768253466695,1.6343833124220799036,0.82464612570043671624,1.7107502875009277243,10.886123806999332686,127.550971181005152744
3.9300000000000001599,0.5023841107424997787,0.43988873952065277173,0.46131481913024885433,1.1402422685248798651,72630.028944462377694,165752308965.59663391,1.6017124145479617603,1.6469232833631648472,0.83309313620371316933,1.7326826969374877763,11.195528145665187836,134.56122128676423699
3.9399999999999999467,0.5033254818960799515,0.44006796021647653916,0.46477500796232049107,1.1579284587363580794,93534.27742802831199,213515508698.61030579,1.6098739932584047452,1.6595272336093929155,0.8416048744062450959,1.7548394766588886196,11.512906352325035897,141.93745720158446488
3.9500000000000001776,0.5042661741068312775,0.44022905371861711932,0.46824907384220962325,1.1759334681318553972,120378.988910152969765,274865057545.30046082,1.6180563129566765124,1.6721953259579798168,0.850181670129814937,1.77722234377352728,11.838442902715527794,149.69778364459762088
3.9599999999999999645,0.50520622865545211644,0.44037204836409973852,0.47173701337654078136,1.1942648443590722085,154830.5186766567349,353615527412.10601807,1.6262593736427761737,1.6849277232061385945,0.85882385403437822013,1.7998330241282336495,12.172326056518549819,157.86115161546646846
3.9700000000000001954,0.5061456867332698173,0.44049697527446443623,0.47523882298071329355,1.2129303593251684612,199016.5519775859866,454638501711.79013062,1.6344831753167046173,1.6977245881510838466,0.86753175761806711197,1.8226732523304574052,12.51474792510198597,166.44739565863176267
3.9799999999999999822,0.50708458943647788386,0.4406038683654185384,0.4787544988707798932,1.2319380169332740937,255652.14135248796083,584151617198.80078125,1.6427277179784609551,1.7105860835900290606,0.8763057132171866437,1.8457447717704384971,12.865904540297028902,175.4772726679176742
3.9900000000000002132,0.5080229777603864627,0.44069276435619614274,0.4822840370551589595,1.2512960611179732018,328199.72060839488404,750085596712.25616455,1.6509930016280458531,1.7235123723201890567,0.8851460540062183746,1.869049334643394511,13.225995924225760092,184.97250229104656682
4.0,0.50896089259369248214,0.4407637027787013051,0.48582743332611547094,1.2710129841922700455,421072.13209875658504,962550035518.5682373,1.6592790262654588673,1.7365036171387773223,0.89405311399781717263,1.8925887019716900461,13.595226160191790754,194.95580899573391775
4.009999999999999787,0.5098983747127641686,0.4408167259863444709,0.48938468325105902168,1.2910975355193684555,539890.07494843320455,1234424156912.756958,1.6675857918907002198,1.7495599808430080113,0.90302722804281365665,1.9163646436270247442,13.973803464647941652,205.45096586127235128
4.020000000000000462,0.5108354647759473788,0.44085187916265128338,0.49295578216364868696,1.3115587305230065329,691808.3664901186712,1582105618382.7840576,1.6759132985037703545,1.7626816262300970539,0.9120687318302137525,1.9403789383526075518,14.361940260254170809,216.4828401617792224
4.0300000000000002487,0.51177220331788125796,0.44086921032955078692,0.49654072515472441607,1.3324058600507906469,885929.1640502390219,2026459088931.855957,1.6842615461046686054,1.7758687160972559393,0.92117796188719591743,1.9646333737853312051,14.759853250039487449,228.077440809655684
4.0400000000000000355,0.5127086307438417645,0.44086877035545576908,0.5001395070630597628,1.3536485001056729471,1133825.0154022008646,2594017183015.7844238,1.6926305346933945284,1.7891214132416997096,0.93035525557911569194,1.9891297464779602588,15.167763492682235338,240.26196773025876041
4.0499999999999998224,0.5136447873241075657,0.44085061296299371536,0.50375212246593281673,1.3752965219613135783,1450200.5389579847688,3318499992472.3825684,1.7010202642699492337,1.8024398804606422964,0.9396009511095024802,2.0138698619213029062,15.585896478921984709,253.06486324127820353
4.0600000000000004974,0.51458071318833148444,0.44081479473651280498,0.5073785656695721791,1.3973601026778880163,1853728.9857564369449,4242736611990.7675781,1.7094307348343327213,1.8158242805512996298,0.94891538752006165947,2.0388555345663954554,16.014482209117794298,266.51586551295019945
4.0700000000000002842,0.5155164483199449754,0.44076137512925453454,0.51101883069940601256,1.4198497360356016062,2368109.2877309694886,5421093589990.554199,1.717861946386543881,1.8292747763108829773,0.9582989046906703612,2.0640885878466708192,16.453755271966681306,280.64606418790094722
4.080000000000000071,0.5164520325505798093,0.44069041647029219555,0.5146729112902225234,1.4427762439039897302,3023400.9291934249923,6922542259424.4223633,1.7263138989265833789,1.8427915305366078247,0.96775184333938346626,2.089570854200148986,16.90395492439735392,295.48795824222560213
4.089999999999999858,0.5173875055545081869,0.44060198397110145185,0.5183408008761618002,1.4661507880659467862,3857708.6883388070855,8834530790521.732422,1.7347865924544512151,1.8563747060256878818,0.97727454502242983025,2.1153041750916110608,17.365325172652990915,311.07551617223219864
4.0999999999999996447,0.5183229068431179365,0.440496145731905403,0.52202249258058414094,1.4899848825162200772,4919307.728125175927,11267869280034.7890625,1.7432800269701476115,1.8700244655753379686,0.9868673521342128385,2.141290401034776636,17.838114854578378754,327.44423859428661672
4.1100000000000003197,0.5192582757593893761,0.4403729727476587419,0.5257179792058661594,1.5142904062551576505,6269322.6003438760526,14362889394392.986328,1.7517942024736725681,1.8837409719827731269,0.99653060790731162744,2.167531391614486047,18.322577723126098448,344.63122334823043502
4.1200000000000001066,0.5201936514724166405,0.4402325389137556888,0.52942725322304295954,1.5390796165993181344,7985102.621054547839,18297206691288.50586,1.7603291189650251969,1.8975243880452046241,1.0062646564124777537,2.194029015508869751,18.818972531096527234,362.67523319799738601
4.1299999999999998934,0.521129072971942664,0.4400749210314012505,0.5331503067614116187,1.5643651630317364498,10164472.2220898121595,23295497086778.572266,1.7688847764442063859,1.9113748765598488344,1.0160698425586396354,2.2207851505115425716,19.327563117127485981,381.61676622634826117
4.1399999999999996803,0.5220645790629148131,0.43990019881267961033,0.5368871315980063841,1.5901601016154703894,12931080.077395373024,29641803160603.216797,1.7774611749112159131,1.9252926003239183572,1.0259465120929001092,2.2478016835537699691,19.848618492947945668,401.49812902395433412
4.1500000000000003553,0.52300020836007815594,0.43970845488528906286,0.54063771914707087207,1.616477909995443385,16441127.278300790116,37695016262571.753906,1.7860583143660544447,1.9392777221346295669,1.0358950116005374298,2.2750805107266556249,20.382412931912000431,422.36351277658928893
4.160000000000000142,0.52393599928258449694,0.43949977479694435356,0.54440206044941985564,1.6433325030145391477,20891825.366006188095,47908343117169.839844,1.7946761948087204264,1.9533304047891937305,1.0459156885050024943,2.3026235373033054898,20.929226058828117374,444.25907235773001958
4.169999999999999929,0.5248719900486324419,0.43927424701944201013,0.548180146161799553,1.6707382489712407914,26532023.074738273397,60853768802343.503906,1.8033148162392147462,1.9674508110848265563,1.0560088910679226171,2.3304326777610269161,21.489342941100197493,467.23300853761560347
4.1799999999999997158,0.5258082186701282801,0.43903196295237548186,0.55197196654621422107,1.698709986547477846,33675550.483236461878,77252781516780.41406,1.8119741786575374043,1.9816391038187417539,1.0661749683891001972,2.3585098558034927052,22.063054181195429493,491.335653423567976
4.190000000000000391,0.5267447229473887216,0.43877301692652015408,0.55577751145923015574,1.7272630424364459056,42717966.23925484717,98014940760586.546875,1.8206542820636892888,1.9958954457881548095,1.0764142704065127187,2.3868570043829273608,22.650656010455751499,516.61955925038148507
4.2000000000000001776,0.52768154046384857514,0.43849750620682301228,0.55959677034131716233,1.756413249701871182,54157564.217602074146,124286264718603.38281,1.8293551264576684012,2.0102199997902774342,1.08672714789630942,2.4154760657222760223,23.252450384268549044,543.13959064360290085
4.2099999999999999645,0.5286187085808245478,0.43820553099506753814,0.563429732206165379,1.7861769669015967743,68621708.589875757694,157509903710719.53125,1.838076711839476296,2.0246129286223246702,1.0971139524728179548,2.4443689913373964906,23.868745078613798682,570.9530204827736952
4.2199999999999997513,0.5295562644322838741,0.43789719443213326322,0.56727638563008825345,1.8165710980097401483,86899830.97913850844,199502178062947.46875,1.846819038209112307,2.0390743950815113372,1.1075750365885390636,2.473537742059230382,24.499853788003143507,600.1196294959570423
4.2300000000000004263,0.53049424491965679884,0.43757260259989980145,0.57113671874143046026,1.8476131131737182356,109984752.727722510695,252547819783153.46875,1.8555821055665773223,2.0536045619650518113,1.1181107535341494597,2.5029842880559836082,25.146096224828472288,630.70180972141236
4.240000000000000213,0.5314326867066780924,0.43723186452272297386,0.57501071921009361265,1.8793210703437107645,139124404.90160351992,319519204070817.0625,1.8643659139118697876,2.0682035920701582477,1.1287214574384980548,2.5327106088552997498,25.807798220136145773,662.76467197682120513
4.25,0.5323716262142504374,0.43687509216857553507,0.5788983742371137664,1.9117136378144087283,175886527.7740033716,404025533610133.0,1.8731704632449905912,2.0828716481940463545,1.139407503268611066,2.5627186933664494184,26.485291825844832658,696.3761574812862136
4.259999999999999787,0.5333110996153537231,0.43650240044971444497,0.58279967054436426777,1.9448101177204321077,222239564.02815295756,510599401046472.78125,1.881995753565939733,2.0976088931339296195,1.1501692468296886851,2.593010539902500522,27.178915418422995742,731.60715378012832844
4.270000000000000462,0.53425114282997310244,0.43611390722296455857,0.5867145943643694572,1.9786304705289952111,280653745.28829458356,644929971363676.9375,1.8908417848747183232,2.1124154896870233067,1.1610070447651072989,2.6235881562025049618,27.889013804044267886,768.5316151276505252
4.2800000000000002487,0.53519179152006440825,0.43570973328958453874,0.5906431314302822422,2.0131953405755689257,354227346.2762877941,814154280529844.625,1.8997085571713239194,2.1272916006505395714,1.1719212545564141603,2.6544535594536609047,28.615938325237497253,807.2266874881707963
4.2900000000000000355,0.5361330810845597039,0.43529000239468040867,0.5945852669660076084,2.0485260826903533005,446844289.9174838364,1027220944116769.75,1.9085960704557582979,2.1422373888216936777,1.1829122345233351599,2.6856087763135141344,29.360046969050188181,847.77283832107582384
4.2999999999999998224,0.53707504665438998703,0.43485484122616652192,0.5985409856765153136,2.0846447899657802871,563370785.66063809395,1295344038480338.875,1.9175043247280207925,2.1572530169976991132,1.1939803438237699407,2.7170558429321203242,30.121704476741829382,890.25399132107395417
4.3100000000000004974,0.5380177230875608507,0.43440437941328222116,0.6025102717383525319,2.1215743227177652486,709900540.7115725875,1632569216556199.625,1.9264333199881122916,2.1723386479757720302,1.2051259424537930087,2.7487968049742339538,30.901282455026240825,934.7576662906448064
4.3200000000000002842,0.53896114496425434615,0.43393874952464059347,0.6064931087904001372,2.1593383386960334214,894060384.38718795776,2056479446565225.0,1.9353830562360314627,2.1874944445531236958,1.2163493912476519565,2.780833717641472802,31.69915948888019841,981.3751243274742819
4.330000000000000071,0.5399053465819559361,0.43345808706578045633,0.6104894799248474224,2.1979613246013589567,1125390993.6372365952,2589074356839701.75,1.9443535334717787499,2.2027205695269698182,1.2276510518777712377,2.8131686456945144137,32.515721255937890533,1030.2015185158325039
4.339999999999999858,0.5408503619506406235,0.43296253047622865195,0.61449936767846347063,2.2374686289707244047,1415820931.4153320789,3257865331686563.0,1.9533447516953548195,2.218017185694523441,1.2390312868547497249,2.845803663475265033,33.351360642488252495,1081.3360503169622007
4.350000000000000533,0.54179622478797123675,0.4324522211260848903,0.6185227540241406974,2.2778864964941645255,1780256567.2091777325,4097238598917676.25,1.9623567109067594494,2.2333844558530016045,1.2504904595273613754,2.878740854929040971,34.206477861095073933,1134.8821318601296753
4.3600000000000003197,0.5427429685145549465,0.43192730331202539018,0.62255962036275647176,2.3192421038303578928,2237315835.3895306587,5150151031505608.5,1.9713894111059919734,2.2488225427996137995,1.2620289340825527891,2.9119823136267402042,35.0814805698577743,1190.9475543425166961
4.3700000000000001066,0.54369062624921743465,0.4313879242528411706,0.62660994751536480685,2.3615635969912869285,2810240441.6863577366,6470238810137204.5,1.9804428522930528356,2.2643316093315775106,1.2736470755454474268,2.945530142787033956,35.976783993333171452,1249.6446627530979185
4.3799999999999998934,0.5446392308043332964,0.43083423408436893887,0.6306737157157998874,2.404880130369899005,3528029345.6564085484,8124438144558334.0,1.989517034467941814,2.2799118182461053372,1.2853452497793431686,2.9793864552985360739,36.892811045135900372,1311.0905371425310477
4.3899999999999996803,0.54558881468117848,0.43026638585390078462,0.6347509046035756386,2.4492219074882319862,4426846489.587203026,1.0196240770865279e+16,1.9986119576306591306,2.2955633323404120993,1.2971238234857127569,3.0135533737419857303,37.829992452238002443,1375.4071806685183219
4.4000000000000003553,0.54653941006534040303,0.42968453551399007906,0.63884149321727173865,2.4946202235475178899,5551768256.7558255196,1.2789735963132025e+16,2.0077276217812056736,2.311286314411713505,1.3089831642042044635,3.0480330304124274576,38.788766880986941032,1442.7217146534869698
4.410000000000000142,0.5474910488221474969,0.42908884191566420974,0.6429454599883162591,2.5411075098657656124,6958951570.6120886803,1.6034626590779181e+16,2.0168640269195794446,2.3270809272572199333,1.3209236403126385362,3.0828275673413787494,39.76958106486129907,1513.1665808991388076
4.419999999999999929,0.5484437624921581489,0.4284794668010364349,0.6470627827352354866,2.5887173802926626287,8718322561.782469749,2.0092450876791256e+16,2.0260211730457817758,2.3429473336741475364,1.3329456210270125283,3.1179391363190260833,40.772889933985389632,1586.8797515104879494
4.4299999999999997158,0.5493975822866719594,0.4278565747952848275,0.65119343865841661234,2.6374846796962196915,10916909154.348876953,2.516429587915166e+16,2.0351990601598122232,2.3588856964597102461,1.3450494764014984117,3.1533698989163920778,41.799156746421218145,1664.0049464899745999
4.440000000000000391,0.55035253908329739847,0.4272203333979642803,0.6553374043353258349,2.6874455346202570372,13662969765.304679871,3.1500355674910538e+16,2.0443976882616721191,2.3748961784111237705,1.3572355773284434655,3.1891220265075213014,42.84885322125943219,1744.6918593708844583
4.4500000000000001776,0.55130866342156065185,0.42657091297367871752,0.65949465571632576166,2.7386374062169325239,17091105807.666952133,3.9411769649382376e+16,2.053617057351359687,2.3909789423255993768,1.3695042955383673888,3.2251977002916452086,43.92245967352863545,1829.0963911678209115
4.4599999999999999645,0.5522659854985382255,0.4259084867420449283,0.66366516812099624056,2.7910991455639555525,21368589352.956863403,4.928527770664928e+16,2.0628571674288749271,2.407134151000352773,1.3818560035999669644,3.2615991113153808278,45.02046515094536261,1917.3808929310932854
4.4699999999999997513,0.55322453516455927236,0.42523323076696953327,0.66784891623508491065,2.8448710514814368189,26703190997.173744202,6.1601353938617012e+16,2.0721180184942191715,2.423361967232597003,1.3942910749201131715,3.2983284604948948093,46.14336757252352328,2009.7144172008486294
4.4800000000000004263,0.55418434191893373164,0.42454532394517860427,0.6720458741081082321,2.899994930969382212,33352858955.896112442,7.6956633603282368e+16,2.0813996105473919762,2.4396625538195486627,1.4068098837438527404,3.3353879586380927869,47.29167386906596704,2106.272978666504514
4.490000000000000213,0.55514543490572976214,0.42384494799402208653,0.6762560151514797613,2.9565141623932094106,41637681465.670604706,9.6091636635541056e+16,2.090701943588392897,2.4560360735584190195,1.4194128051544043778,3.3727798264667807615,48.46590012555824245,2207.2398243465986525
4.5,0.55610784290959036635,0.4231322874384746413,0.6804793121374725362,3.0144737615508663264,51954664086.211593628,1.1992502225585632e+17,2.10002501761722149,2.4724826892464233374,1.4321002150731636515,3.4105062946388651213,49.666571725487564493,2312.8057136144429933
4.509999999999999787,0.55707159435161252015,0.42240752959739241712,0.68471573719868106256,3.0739204507624013907,64795975631.658348083,1.49595893223744272e+17,2.1093688326338786432,2.4890025636807755482,1.4448724902597012143,3.4485696037705184658,50.89422349710655169,2423.1692084050268932
4.520000000000000462,0.55803671728524562035,0.42167086456888899781,0.68896526182846579145,3.1349027311298356402,80771466280.20462799,1.8651601672201136e+17,2.1187333886383652448,2.50559585965869136,1.4577300083117630258,3.4869720044583667473,52.14939986166523056,2538.536973949557705
4.5300000000000002487,0.55900323939225593506,0.42092248521491656965,0.69322785688187038566,3.197470958123083351,100636445112.22493744,2.32434256188496096e+17,2.1281186856306786304,2.522262739977381596,1.470673147665266578,3.5257157573016506547,53.432654983632041024,2659.124090394752784
4.5400000000000000355,0.5599711879787377944,0.42016258714498300186,0.69750349257751764753,3.261677420655813453,125325929466.42909241,2.89516032258640704e+17,2.1375247236108205762,2.5390033674340628522,1.48370228759430689,3.564803132924427409,54.744552922927788075,2785.1543756755636423
4.5499999999999998224,0.5609405899711564225,0.41939136869892870707,0.7017921385002761081,3.3275764238232856673,155996854303.81025696,3.60441272851756928e+17,2.1469515025787910822,2.5558179048259481725,1.496817808211153622,3.6042364119977361447,56.08566778919266227,2916.8607200212522912
4.5600000000000004974,0.5619114719124522206,0.41860903092884091392,0.706093763604671798,3.3952243754839608325,194080067477.5145874,4.48525098562533504e+17,2.1563990225345910368,2.5727065149502532648,1.510020090466252185,3.6440178852617814975,57.456583898110928033,3054.4854324870752862
4.5700000000000002842,0.56288385995819367746,0.41781577757996057887,0.7104083362192711859,3.4646798768754616393,241344350133.4087677,5.57866451895882688e+17,2.1658672834782177752,2.5896693606041902846,1.5233095161482186342,3.6841498535481016496,58.857895929814432634,3198.2805999158413215
4.580000000000000071,0.56385777987276325396,0.41701181507069390308,0.7147358240519064987,3.536003817466224941,299975207116.99716187,6.935310564954512e+17,2.175356285409673518,2.6067066045849736078,1.5366864678838483282,3.7246346278017639086,60.290209089389996677,3348.5084587465858021
4.589999999999999858,0.56483325702562070525,0.41619735247153266666,0.7190761941958278558,3.609259474254178146,372671790583.67166138,8.6177653285877184e+17,2.1848660283289569328,2.6238184096898180542,1.5501513291381088244,3.7654745291035331967,61.75413926951146948,3505.4417801002236956
4.600000000000000533,0.5658103163875846109,0.41537260148298044138,0.72342941313670272585,3.6845126157355720942,462766075771.61434937,1.070329257941292928e+18,2.1943965122360697961,2.6410049387159388878,1.5637044842141454293,3.8066718886920565268,63.250313215221900975,3669.3642685858594632
4.6100000000000003197,0.5667889825271893445,0.41453777641243624852,0.72779544676083907095,3.7618316107784699476,574369331241.7720337,1.328724707921665408e+18,2.2039477371310103315,2.658266354460547376,1.5773463182532734272,3.8482290479860261634,64.779368690887594084,3840.5709752849047618
4.6200000000000001066,0.5677692796070786807,0.4136930941499377401,0.73217426036405314216,3.8412875426486332575,712552053481.50946045,1.648725651879213568e+18,2.213519703013778983,2.6756028197208592267,1.5910772172349867404,3.890148358606381862,66.34195464935048392,4019.368725384721074
4.6299999999999998934,0.5687512313804531372,0.41283877414278596918,0.73656581866188197694,3.9229543284475929532,883564912183.9194946,2.044835773375956224e+18,2.2231124098843757508,2.6930144972940879278,1.6048975679769528213,3.932432182398475362,67.938731403299669864,4206.07656094757931
4.6399999999999996803,0.56973486118758015495,0.411975038369030655,0.74097008580057605043,4.0069088442384144244,1095109931929.2750244,2.534930213554862848e+18,2.2327258577428010788,2.710501549977448299,1.6188077581350142076,3.9750828914542504222,69.570370798888859554,4401.0261993162803265
4.6500000000000003553,0.5707201919523367528,0.41110211130973189908,0.7453870253693964387,4.093231056147521141,1356673184218.9938965,3.141029307206052352e+18,2.2423600465890554112,2.7280641405681560485,1.6328081762031896318,4.018102868134427297,71.23755639162307318,4604.5625076729229477
4.660000000000000142,0.57170724617882406893,0.41022021992000726187,0.74981660041379860626,4.1820041577483078044,1679932760759.4730225,3.890247609169604096e+18,2.2520149764231374157,2.7457024318634215554,1.6468992115136682486,4.0614945050906667845,72.940983624538858976,4817.043994283181746
4.669999999999999929,0.5726960459480241461,0.40932959359879728112,0.7542587734498554797,4.273314714047637519,2079258841559.4024658,4.81595740929154048e+18,2.2616906472450475363,2.7634165866604609718,1.6610812542368182942,4.1052602052877702477,74.6813600087049565,5038.843316975169728
4.6799999999999997158,0.57368661291451544804,0.40843046415735004273,0.7587135064798462558,4.367252812414611274,2572326377468.4423828,5.959214585219776512e+18,2.2713870590547862172,2.7812067677564882295,1.6753546953811810916,4.1494023820258432167,76.45940530606551988,5270.3478094181436973
4.690000000000000391,0.5746789683032399454,0.4075230657863204986,0.76318076100883947,4.463912220808694542,3180865418966.6379395,7.370505177570044416e+18,2.2811042118523539024,2.7990731379487190367,1.6897199267934746025,4.1939234589624838634,78.275851714653782665,5511.960025784223035
4.7000000000000001776,0.5756731329063262126,0.40660763502157873384,0.7676604980626374197,4.5633905536848113904,3931579614315.840332,9.111883896317225472e+18,2.2908421056377497038,2.8170158600343637723,1.7041773411585869891,4.2388258701349439406,80.131444056199512715,5764.098304393593935
4.7099999999999999645,0.5766691270799710334,0.40568441070847208185,0.77215267820681626754,4.6657894459729329917,4857270080248.501465,1.125959137145457664e+19,2.3006007404109731773,2.8350350968106394767,1.7187273319995861609,4.2841120599823314663,82.02693996615903416,6027.197350962462224
4.7199999999999997513,0.57766697074137035584,0.4047536339647825887,0.77665726156705117145,4.771214735552058883,5998209971111.152832,1.390725593957991936e+19,2.310380116172024767,2.8531310110747591935,1.7333702936777122261,4.3297844833677769927,83.96311008619008476,6301.7088420911004505
4.7300000000000004263,0.57866668336571353004,0.40381554814206530035,0.7811742078506474507,4.879776654661486024,7403824945237.171875,1.7169808831185252352e+19,2.3201802329209058051,2.871303765623939075,1.748106621392382376,4.375845605600612309,85.940738259100612595,6588.102049649399305
4.740000000000000213,0.57966828398322867155,0.40287039878550973127,0.78570347636928650203,4.9915900307171674477,9134746722353.943359,2.1188269662671024128e+19,2.3300010906576140712,2.8895535232553895,1.7629367111811842239,4.422297902458543817,87.96062172629581255,6886.8644867365965183
4.75,0.5806717911762889761,0.4019184335922370288,0.7902450260631550538,5.1067744970263646564,11265321493144.594727,2.6135593197226528768e+19,2.3398426893821508976,2.9078804467663266209,1.7778609599198842428,4.4691438602098463306,90.023571327752819116,7198.502575912919383
4.759999999999999787,0.5816772230765726581,0.40095990236793982442,0.79479881552619868756,5.225454713922020211,13886672625961.754883,3.22238096954175488e+19,2.3497050290945162843,2.9262846989539648135,1.7928797653224224362,4.516385975635531125,92.130411704546503415,7523.5423404210305307
4.770000000000000462,0.58268459736229266666,0.3999950569818877255,0.7993648030328548981,5.3477606008671387805,17110438574061.802734,3.9712741372078915584e+19,2.3595881097947102312,2.9447664426155188977,1.8079935259409143367,4.5640267560515335177,94.28198150395611776,7862.5301191376029237
4.7800000000000002487,0.58369393125546270573,0.3990241513202467949,0.80394294656599352145,5.473827580110179447,21073332914520.50586,4.892063837501484237e+19,2.3694919314827318502,2.9633258405482001407,1.823202641165647897,4.612068719330865818,96.47913358717819676,8216.033306016795905
4.7900000000000000355,0.58470524151925157286,0.39804744123763285968,0.8085332038461479076,5.6037968325059281938,25942705007350.347656,6.0237151555149000704e+19,2.3794164941585820294,2.981963055549225139,1.8385075112250877094,4.6605143939258351082,98.7227352396760125,8584.641114811049192
4.7999999999999998224,0.58571854445536375433,0.3970651845068850494,0.8131355323622123099,5.7378155661499889995,31923318009407.783203,7.413914882662340198e+19,2.389361797822260769,3.0006782504158069358,1.8539085371858736728,4.709366318890194414,101.013668384189728044,8968.9653698769088805
4.8100000000000004974,0.5867338559015209398,0.39607764076700358036,0.81774988940329740306,5.876037298513058449,39265607311407.328125,9.120999040184107008e+19,2.3993278424737685128,3.0194715879451616836,1.8694061209528201051,4.758627043901335618,103.352829796438427934,9369.641323898811606
4.8200000000000002842,0.5877511912289540841,0.3950850714692751009,0.82237623209208826625,6.0186221527989283153,48275738575287.585938,1.1216300959167697715e+20,2.4093146281131030406,3.0383432309345002054,1.8850006652689139663,4.8082991292824468488,105.74113132353959088,9787.3285033875617955
4.830000000000000071,0.58877056534000560273,0.394087739821376154,0.8270145174194953319,6.165737169292680342,59327852468360.695312,1.3787010496301125632e+20,2.4193221547402665728,3.0572933421810377652,1.9006925737153193001,4.8583851460247213794,108.179500105178277636,10222.711582836662274
4.839999999999999858,0.5897919926657588796,0.39308591072966170277,0.8316647022805566114,6.317556632508387171,72878965373042.94531,1.6939654220484322918e+20,2.429350422355258221,3.076322084481989183,1.9164822507113750127,4.908887675809516793,110.668878797549979254,10676.501288444478632
4.850000000000000533,0.5908154871637431582,0.39207985073931297948,0.83632674351192187734,6.474262414993181114,89487094752288.24219,2.0804329701351083213e+20,2.4393994309580788737,3.095429620634570167,1.9323701015145955395,4.9598093110305416786,113.21022580011019443,11149.435332338351145
4.8600000000000003197,0.5918410623156975525,0.39106982797256603646,0.84100059793038040024,6.6360443386926144527,109833298031008.515625,2.5539855203112719155e+20,2.4494691805487271985,3.114616113435990652,1.9483565322206650716,5.0111526548160192363,115.80451548515674176,11642.279378263276158
4.8700000000000001066,0.59286873112540244835,0.390056112064764815,0.84568622237310764334,6.8031005548363596702,134748459099077.89844,3.1340030143249852006e+20,2.4595596711272040835,3.1338817256834676783,1.9644419497634491023,5.0629203210508908484,118.45273843027807459,12155.82803972727379
4.8799999999999998934,0.5938985061165614754,0.389038974098395135,0.8503835737388135141,6.9756379433570612214,165245832010355.28125,3.8441242828028382413e+20,2.4696709026935090847,3.1532266201742142897,1.9806267619149837689,5.1151149343989779084,121.155901653692950504,12690.905911623114662
4.8899999999999996803,0.5949303993307659688,0.38801868653482513016,0.8550926090306044669,7.153872532915634519,202560563350748.8125,4.7131711684837706957e+20,2.479802875247641758,3.172650959705445306,1.9969113772854822919,5.1677391303251640764,123.91502885251463795,13248.368636377443181
4.9000000000000003553,0.59596442232550334017,0.3869955231439816956,0.8598132853999915781,7.33802994266735098,248197670539874.54688,5.776270623016119173e+20,2.489955588789604768,3.1921549070743759913,2.0132962053233329769,5.220795555117579312,126.731160643968536306,13829.104005708204568
4.910000000000000142,0.5970005861722370022,0.3859697589316842259,0.86454556019208689266,7.5283458469721171724,303990261987427.9375,7.0762166452186782106e+20,2.5001290433193941176,3.2117386250782171686,2.0297816563150941072,5.274286865909760813,129.60535480959299548,14434.033099102754932
4.919999999999999929,0.59803890145456573,0.38494167006475271675,0.86928939099249158406,7.7250664643194184578,372170157328617.3125,8.6651226685538513715e+20,2.5103232388370124717,3.2314022765141849902,2.04636814138550438,5.3282157307028574778,132.53868654245704306,15064.11146016244129
4.9299999999999997158,0.5990793782664151079,0.3839115337937773209,0.8740447356749187491,7.9284490718170959056,455453514863636.6875,1.06064255460377729434e+21,2.520538175342458942,3.2511460241794933879,2.0630560724974751352,5.3825848283877926193,135.53224869742155079,15720.330311990886912
4.940000000000000391,0.60012202621032495475,0.3828796283735692585,0.8788115524504795939,8.138762546669507714,557144614376037.90625,1.2977314988027906621e+21,2.5307738528357348606,3.2709700308713576256,2.0798458624520943516,5.4373968487674515515,138.58715204447892688,16403.717812839244289
4.9500000000000001776,0.6011668543957884303,0.38184623298120298762,0.8835897999181553941,8.356287936157806406,681261595370027.4375,1.5871677621811958252e+21,2.5410302713168380073,3.2908744593869894146,2.096737924888619542,5.492654492578838976,141.70452552519918754,17115.340353255247464
4.9599999999999999645,0.60221387143765714445,0.3808116276316399207,0.8883794371161601866,8.581319057724200228,832688735845513.8125,1.9403663289213935944e+21,2.5513074307857697143,3.310859472523604019,2.1137326742844875227,5.5483604715152905484,144.88551651231941264,17856.303896020468528
4.9699999999999997513,0.60326308545461321264,0.37977609309095478052,0.89318042357493271366,8.8141631308559089675,1017360801885568.125,2.3712003412395855708e+21,2.5616053312425290933,3.3309252330784153706,2.1308305259553104172,5.604517508248628488,148.13129107250205152,18627.75536019509309
4.9800000000000004263,0.60431450406770803596,0.3787399107870198789,0.89799271937087282724,9.0551414425698650845,1242486135775010.0,2.896523799769632473e+21,2.5719239726871183649,3.3510719038486400656,2.1480318960548747675,5.6611283364513509397,151.44303423229956707,19430.88405062959282
4.990000000000000213,0.6053681343989757435,0.3777033627177902586,0.9028162851814131584,9.304590048403663438,1516816518704678.625,3.5368040022596984504e+21,2.5822633551195348645,3.3712996476314871508,2.1653372015751366497,5.718195700818794691,154.82195024735401034,20266.923134339860553
5.0,0.6064239830700902112,0.37666673135698075514,0.9076510823409943418,9.562860510934881653,1850973489597622.625,4.3168864652216557896e+21,2.5926234785397794802,3.3916086272241745547,2.1827468603462332197,5.7757223570913396316,158.26926287486904243,21137.151165184375714
