T,M,a,b,c,d,e,f,g,h,i,j
0.0,0.1344166547072091,0.10750989532134136,0.1538357582605292,0.14225840982175186,0.14271598474603986,0.13126761214578853,0.15011944572592972,0.12346223251054189,0.12792205981020777,0.13515856591423137,0.12991658281572938
0.002,0.10727285747595286,0.08796868406772929,0.12375670885443091,0.11348089959252294,0.11613500309347358,0.10450639726900379,0.11996420892920723,0.09730176640030064,0.10144275542216508,0.10553100808439697,0.10264114304629801
0.004,0.06126565528321887,0.056644324152437364,0.07184905307081957,0.08116123367293149,0.06603284237188134,0.04513206915506085,0.05481008391729514,0.05746915230550231,0.05762800206409857,0.05698888947506142,0.06494090264710062
0.006,0.055418246688057705,0.0513393135525303,0.06486659852266574,0.07430932840627014,0.060648880895252444,0.04095437880904196,0.04921176624083623,0.05156127017890222,0.051488214138703636,0.051400665837720294,0.058402050298654085
0.008,0.050462623225229486,0.04679258013769494,0.05898337534659315,0.0684356056463068,0.055970394846689864,0.03748298936997985,0.04447934465040104,0.046593206176826274,0.04631520992274196,0.04667353589403744,0.052899990261023544
0.01,0.04618824851469609,0.0428417786258386,0.0539321520474173,0.06331089674052615,0.051848571389575104,0.034531417416861054,0.04041029931919671,0.042338588576005365,0.041880666444112924,0.04260380466298064,0.04818430992444711
0.012,0.04245341531113552,0.03937272679039394,0.04953489416212409,0.05878220990479521,0.04818081625107562,0.031976854662550624,0.03686755555238297,0.03864579325824369,0.03803032352707514,0.039054537253145116,0.04408844174956883
0.014,0.03915722095560059,0.036301254857501686,0.04566608844312803,0.05474118908009573,0.044892050804361205,0.029734546757713032,0.033753029265797485,0.03540728937002213,0.0346541101450929,0.035928075270825977,0.04049457556146774
0.016,0.036224791510417964,0.03356317310794443,0.042233430011884066,0.05110764135407131,0.041924968010704444,0.027743796899508344,0.03099364728219034,0.032543585369391614,0.03167028249462378,0.03315180226294723,0.03731558831091408
0.018000000000000002,0.03359878568531747,0.031108246814121165,0.03916676775209105,0.04782016602814554,0.03923445368945111,0.025959803667124803,0.02853327488183266,0.029994030816111183,0.029016241193664638,0.03067002262204699,0.03448484938858554
0.02,0.031234181462855948,0.028896350717418473,0.03641136702092074,0.0448304676276986,0.036784153672763775,0.024348651062742754,0.026327736470892815,0.027711183208948165,0.02664286373570013,0.028438983485879032,0.031950057625594996
0.022,0.02909490999014013,0.026894897221514835,0.03392359576451942,0.04209972340877044,0.03454423698361542,0.022884102938140582,0.024341583142590828,0.02565717552308311,0.024510828723433242,0.026423649977545316,0.029669306218188085
0.024,0.02715159096965991,0.025077051506613546,0.0316680489128105,0.03959616378813602,0.03248986919880814,0.021545479790004096,0.02254590688314062,0.023801275280869394,0.022588135326552017,0.02459552335787596,0.02760845565178882
0.026000000000000002,0.02537995647804353,0.0234204549219299,0.029615565877094352,0.037293402871706016,0.030600130262671388,0.020316210641781574,0.0209168123899236,0.022118187984511928,0.02084837382662752,0.0229311124178051,0.025739313586383927
0.028,0.02375972220804574,0.021906288853196343,0.027741823947015187,0.03516925129312032,0.02885722309293548,0.019182820181619653,0.019434318528696815,0.02058684421815371,0.01926948643034876,0.021410831726011548,0.024038333809359602
0.03,0.022273759301253915,0.02051857369429544,0.026026315201183925,0.033204849749721155,0.02724587978839632,0.018134204693336597,0.018081549831793997,0.01918951157703741,0.017832858476979352,0.02001818875645678,0.022485661243338173
0.032,0.020907473959612698,0.019243634387613007,0.024451586067264275,0.031384022130670264,0.025752906530913555,0.017161104462309562,0.01684412932463475,0.017911130964741062,0.016522638444058657,0.018739172326000753,0.021064414957921107
0.034,0.019648334273708722,0.018069686598272683,0.023002661241468436,0.02969278296702571,0.024366828557806253,0.01625571283235161,0.015709714499009042,0.016738811671169973,0.015325220163555642,0.01756178481502091,0.019760139391406972
0.036000000000000004,0.018485503633108757,0.016986511932215564,0.02166659987856767,0.02811895587600488,0.023077609051111225,0.015411382176236055,0.014667637211287388,0.01566144121010793,0.014228842423766985,0.01647567924470772,0.018560377327082156
0.038,0.014742257993958086,0.011862852689222936,0.02086673741637901,0.012068837897100337,0.018363672939372355,0.011618937706560195,0.015907666147604638,0.011177584599521784,0.019022838837256528,0.008014638896362225,0.018518812810200846
0.04,0.01407016018778139,0.0114007868049667,0.019927588340753033,0.01151954274996847,0.01757389110813501,0.011127135117207532,0.015136711204744802,0.010515953007800505,0.018059849212979096,0.007671113286701781,0.01776903104455696
0.042,0.013436628340128775,0.010959253297890825,0.01904366251217504,0.01100102469077402,0.016825904507448364,0.010659812010921255,0.014412218689638268,0.009902892851945233,0.017156560233512308,0.00734668520487558,0.017058269402106863
0.044,0.012838636006930259,0.010536980801395202,0.018210383676810715,0.010511074188776837,0.016116657644927757,0.010215432628641552,0.013730414961183102,0.009334008070930877,0.01630824690259014,0.00703970930501685,0.016383451889029566
0.046,0.012273471649576807,0.010132823243691136,0.017423665410573608,0.01004768578262516,0.015443407275454568,0.00979259234080987,0.013087924044985266,0.008805374626614015,0.015510664879321068,0.006748740148827315,0.015741838742866054
0.048,0.011738698442793826,0.009745743199661372,0.016679849558083437,0.009609033456240867,0.014803680597589408,0.009390001635838585,0.012481718124271013,0.00831348258792508,0.014759988618075148,0.006472503029098409,0.015130983621154948
0.05,0.01123212021659623,0.009374797747945696,0.015975653320733252,0.009193450345905352,0.014195241010402815,0.00900647288929357,0.011909074522136964,0.007855185911687212,0.014052759939739645,0.006209870144046503,0.014548696334071298
0.052000000000000005,0.010751752251453061,0.009019126318699389,0.01530812381094826,0.008799411158999848,0.013616058941080977,0.008640909196984237,0.011367538685444378,0.007427659179528812,0.013385843921819962,0.005959840430826202,0.013993010870198552
0.054,0.01029579622106468,0.008677940286675678,0.014674599028463353,0.008425517005517635,0.013064286963995086,0.008292294879388207,0.010854892358214796,0.007028360149503032,0.012756391156747204,0.005721522423790648,0.01346215795835115
0.056,0.00986261859573454,0.008350513995481035,0.014072674102183935,0.00807048238520025,0.01253823848247182,0.00795968734681507,0.010369126082049207,0.0066549972425751225,0.01216180529923594,0.0054941196452644725,0.012954541376068551
0.058,0.009450731977011984,0.008036177048979853,0.013500171995462718,0.007733123875358405,0.012036369419905157,0.007642210118363191,0.009908415368190648,0.006305501236279931,0.011599715118177145,0.005276918143626741,0.012468717445776045
0.06,0.009058778921801746,0.007734307750205449,0.012955117974781105,0.0074123503462969476,0.011557262468100293,0.007339046747420808,0.00947110000560536,0.005978000532674277,0.011067950332627974,0.005069275844286292,0.012003377216018962
0.062,0.008685517886934346,0.0074443275153439625,0.012435717307239025,0.007107154392861914,0.011099613503127492,0.007049435544122518,0.009055666026124176,0.005670799523473047,0.010564520678534639,0.004870613434510673,0.011557330944006017
0.064,0.008329810979268836,0.007165696154532775,0.01194033572196096,0.006816604811295424,0.010662219839439824,0.0067726649319549415,0.008660729951433077,0.005382359611402876,0.010087597681669669,0.00468040654429569,0.011129494544703133
0.066,0.007990613246021438,0.006897907896500355,0.011467482254583938,0.006539839909052492,0.010243970036423078,0.006508069352589074,0.008285024994317713,0.005111282533620032,0.009635498737625925,0.004498179016615644,0.010718877728886134
0.068,0.007666963273481864,0.006640488018547441,0.011015794152876901,0.006276061522599186,0.009843835005205137,0.0062550256169064955,0.007927388934603208,0.004856295668553945,0.009206673117331587,0.004323497091936357,0.01032457360625838
0.07,0.007357974903900877,0.00639298998561999,0.010584023546296395,0.006024529622356556,0.009460860212292643,0.006012949634497833,0.007586753432972104,0.004616239072439687,0.008799689609659267,0.004155964371320153,0.00994574955155414
0.07200000000000001,0.007062829901172496,0.006154992984407026,0.010171025643371578,0.005784557405014934,0.009094158787711693,0.005781293462295611,0.007262134594206215,0.004390054005858346,0.008413225546773484,0.00399521742769815,0.009581639154387922
0.074,0.006780771430175847,0.0059260997812068394,0.009775748246651061,0.005555506822474743,0.008742905401984746,0.00555954260761482,0.006952624580101263,0.004176772748399227,0.008046057007241703,0.0038409219815193074,0.00923153512456476
0.076,0.006511098242335478,0.0057059348294166146,0.009397222418758622,0.0053367844878504656,0.0084063307979233,0.005347213572239218,0.006657384166258717,0.0039755095497600035,0.007697050027503427,0.003692769551908781,0.00889478302173563
0.078,0.006253159470782166,0.005494142584906103,0.00903455415060117,0.0051278379240369265,0.008083716876516434,0.005143851589073933,0.006375636093539527,0.0037854525591386468,0.007365152690414156,0.0035504745308585495,0.008570775708736211
0.08,0.006006349965393465,0.005290385988888646,0.008686916922743482,0.0049281521280400975,0.007774392277404174,0.0049490285344414575,0.006106659139096582,0.0036058566249584922,0.007049387980085142,0.003413771617895689,0.008258948440380887
0.082,0.005770106103930528,0.005094345092145014,0.0083535450477914,0.004737246430496556,0.007477728387802585,0.004762341007878423,0.005849782810616433,0.0034360368597854407,0.0067488473112076175,0.0032824135790374687,0.007958774512544342
0.084,0.0055439020276529475,0.004905715805114563,0.00803372772023292,0.004554671619471873,0.007193135737835532,0.0045834085575913175,0.005604382602636848,0.0032753628812931534,0.006462684665284657,0.003156169286391508,0.0076697614006771
0.08600000000000001,0.0053272462568925375,0.004724208749879666,0.00772680369187817,0.00438000732281707,0.00692006074111684,0.004411872042584197,0.005369875751351616,0.0031232536587095794,0.006190111267623144,0.0030348220091424016,0.007391447333822687
0.088,0.005119678649188797,0.004549548216386867,0.0074321565111659105,0.004212859616749998,0.006657982748041635,0.004247392126043303,0.005145717440024344,0.002979172895519855,0.005930390758823734,0.002918167923498749,0.007123398255633573
0.09,0.004920767662955972,0.004381471202596909,0.007149210271772288,0.004052858856697594,0.006406411378803378,0.0040896478773624345,0.0049313974042130004,0.002842624890106893,0.005682834806572612,0.0028060148195088175,0.006865205121925788
0.092,0.004730107901198622,0.004219726537201485,0.006877425816796623,0.003899657697434167,0.006164884116191871,0.003938335492571943,0.00472643690590524,0.0027131508278435135,0.005446799135496949,0.002698180974387898,0.006616481508156524
0.094,0.004547317905439973,0.004064074080051605,0.006616297359650081,0.003752929307019648,0.005932964122321804,0.003793167109116702,0.004530386032066902,0.0025903254564718647,0.005221679925663025,0.002594494179657958,0.006376861482380147
0.096,0.004372038177201021,0.003914283990950618,0.006365349476053717,0.003612365737635015,0.005710238271917745,0.0036538697178737367,0.0043428212901509555,0.0024737541040931177,0.005006910555837463,0.002494790897259569,0.006145997730238273
0.098,0.004203929404250873,0.0037701360657038663,0.0061241344365240424,0.003477676458582324,0.005496315364091786,0.0035201841603467177,0.004163343465999669,0.0023630700060921495,0.0048019586640191125,0.002398915528026957,0.005923559893122099
0.1,0.0040426708733156905,0.003631419132375302,0.005892229840066987,0.003348587027751204,0.005290824511039349,0.0033918642100387864,0.0039915757228974336,0.002257931905910615,0.004606323494336095,0.0023067197792986383,0.005709233109442491
0.10200000000000001,0.0038879590501416763,0.00349793050682623,0.00566923652578144,0.003224837894012178,0.005093413671953595,0.0032686757283660883,0.0038271619073365626,0.002158021905366847,0.004419533509693263,0.0022180621167313674,0.005502716735349189
0.10400000000000001,0.003739506308239604,0.0033694754966708818,0.005454776721851351,0.003106183318387079,0.004903748324493917,0.003150395895672342,0.003669765042502049,0.0020630435303562455,0.0042411442421808054,0.0021328072860008485,0.005303723224280521
0.106,0.0035970397935647267,0.0032458669566052256,0.005248492418773454,0.002992390403549039,0.0047215102587737645,0.00303681250657295,0.0035190659857676776,0.0019727199955832386,0.0040707363620408055,0.0020508258953179093,0.005111977152663205
0.108,0.0034603004073709307,0.003126924884193194,0.005050043929227477,0.0028832382236588794,0.004546396477877468,0.002927723328712162,0.003374762227019934,0.00188679264347269,0.003907913938792973,0.0019719940485208864,0.004927214372233646
0.11,0.003329041894281093,0.0030124760554079977,0.004859108611442453,0.002778517041095885,0.004378118197507663,0.002822935521448966,0.0032365668099512135,0.0018050195351645426,0.003752302877410685,0.0018961930185672493,0.004749181274814274
0.112,0.0032030300232165133,0.0029023536936322314,0.004675379743835473,0.002678027603562838,0.004216399931968762,0.0027222651029790157,0.003104207359590605,0.001727174181951674,0.003603549506762449,0.0018233089552962545,0.00457763415258583
0.114,0.00308204184817541,0.0027963971685036615,0.004498565514254649,0.002581580511266557,0.004060978659785386,0.002625536471347778,0.0029774251973158083,0.0016530443952311735,0.0034613193019585875,0.0017532326204930948,0.004412338641597402
0.116,0.0029658650388758147,0.0026944517220972575,0.004328388118128967,0.0024889956456144446,0.003911603059430502,0.002532581962437108,0.002855974533371053,0.0015824312439031152,0.0033252957225902158,0.0016858591468071893,0.004253069234378293
0.11800000000000001,0.002854297270980444,0.002596368215389777,0.004164582940035522,0.0024001016521788543,0.003768032809463029,0.0024432414486008636,0.0027396217238652154,0.0015151481073539808,0.003195179152279959,0.0016210878130165085,0.004099608847620728
0.12,0.0027471456673941576,0.0025020028956204143,0.004006897808937038,0.002314735466848794,0.0036300379462428367,0.002357361970721894,0.0026281445804174908,0.001451019809398657,0.00307068592300086,0.0015588218353289607,0.003951748437424629
0.122,0.0026442262837338857,0.0024112171801419224,0.0038550923120495018,0.002232741883310796,0.00349739827482054,0.00227479739789882,0.0025213317291152837,0.0013898818252841005,0.0029515474123438246,0.0014989681729783433,0.0038092866493957267
0.124,0.002545363630833908,0.0023238774536826767,0.00370893715700904,0.00215397315181165,0.003369902827024207,0.002195408110640451,0.0024189820077248347,0.001331579554526341,0.0028375092039579775,0.0014414373424284088,0.0036720294995334912
0.126,0.002450390229240895,0.0022398548782055494,0.003568213574824397,0.002078288604195233,0.0032473493616793636,0.0021190607058054756,0.0023209038992071385,0.0012759676488395266,0.0027283302997664904,0.0013861432443035282,0.00353979007558225
0.128,0.002359146191933037,0.0021590252135146315,0.0034327127566593507,0.0020055543034445122,0.003129543905810772,0.0020456277179381477,0.002226914997045637,0.0012229093909763566,0.0026237823790215,0.0013330029987053127,0.0034123882562141494
0.13,0.0022714788314460387,0.0020812686475576436,0.0033022353203918664,0.0019356427109461505,0.00301630033006528,0.001974987356731739,0.0021368414992007922,0.001172276118170723,0.00252364909704883,0.0012819367895137157,0.003289650444833647
0.132,0.0021872422881406674,0.002006469633779151,0.0031765908004227628,0.001868432369994344,0.0029074399569015696,0.0019070232555442601,0.002050517729094259,0.0011239466864002567,0.0024277254191932274,0.0012328677175144076,0.0031714093125624343
0.134,0.0021062971792147112,0.0019345167371453975,0.0030555971631033296,0.0018038076052594443,0.002802791197981769,0.00184162423141776,0.00196778568296474,0.0010778069693629933,0.0023358169877147894,0.0011857216633953671,0.0030575035538015216
0.136,0.00202851026538402,0.001865302486343312,0.0029390803435330737,0.0017416582327862695,0.002702189217321127,0.0017786840560944928,0.0018884946015812476,0.001033749392334693,0.00224773951981061,0.001140427157639623,0.002947777646395755
0.138,0.0019537541349213816,0.0017987232330590741,0.0028268738028577323,0.001681879282519727,0.0026054756199607176,0.0017181012336981993,0.0018125005651459247,0.0009916724954978084,0.0021633182322017275,0.001096915260335174,0.002842081623937731
0.14,0.0018819069043914838,0.0017346790161975045,0.0027188181078501295,0.001624370734037095,0.002512498160510912,0.0016597787887557836,0.0017396661128427082,0.000951480526394155,0.0020823872969056856,0.0010551194481548398,0.0027402708522660246
0.14200000000000002,0.0018128519349461581,0.0016730734324379437,0.0026147605308228794,0.0015690372609673542,0.0024231104726440966,0.0016036240604473395,0.0016698598845705792,0.0009130830579331395,0.0020047893221526447,0.0010149755096096058,0.0026422058178759977
0.14400000000000002,0.001746477564220017,0.0016138135127236053,0.0025145546716529577,0.0015157879863559875,0.0023371718165166033,0.0015495485061030045,0.0016029562840791378,0.0008763946332853711,0.0019303748617254257,0.0009764214488016121,0.0025477519209564647
0.146,0.0016826768531350567,0.0015568096029626721,0.0024180601016364767,0.0014645362517534677,0.0022545468407252356,0.0014974675108035962,0.0015388351655512,0.0008413344325882699,0.001859001950655803,0.0009393973944163969,0.0024567792802574484
0.148,0.001621347347176627,0.0015019752506333361,0.0023251420273803225,0.0014151993939277574,0.0021751053616613225,0.0014473002058762452,0.001477381538411926,0.0008078259643985453,0.0017905356673048045,0.00090384551740752,0.0023691625447644915
0.15,0.0015623908517984452,0.0014492270942269014,0.0022356709786394147,0.0013676985349057036,0.0020987221534702893,0.0013989692940457044,0.0014184852942557002,0.0007757967772362706,0.0017248477232245651,0.0008697099527383845,0.002284780715241519
0.152,0.0015057132215207658,0.0013984847612396045,0.002149522514831026,0.0013219583823214087,0.00202527675186448,0.0013524008815489763,0.0013620409505821218,0.0007451781929851409,0.0016618160752281952,0.0008369367299999597,0.002203516974606745
0.154,0.0014512241616919442,0.0013496707657317808,0.0020665769541767798,0.0012779070404576043,0.0019546532684420193,0.0013075243187686825,0.001307947414398547,0.000715905058540911,0.0016013245650584595,0.0008054737048600602,0.002125258526484597
0.156,0.0013988370435105257,0.0013027104137437462,0.001986719122173075,0.0012354758321291293,0.0018867402149401746,0.0012642720473435842,0.0012561077612300853,0.0006879155175992802,0.0015432625821336643,0.0007752704998498228,0.0020498964439626954
0.158,0.0013484687299540553,0.0012575317107610395,0.001909838118516194,0.0011945991316715254,0.0018214303372686702,0.0012225794542505275,0.001206429030252032,0.0006611507989797705,0.001487524747569413,0.0007462784449043802,0.001977325525367002
0.16,0.0013000394134356275,0.0012140652731812418,0.0018358271029496054,0.001155214206897348,0.0017586204570293473,0.0011823847331917658,0.0011588220343097255,0.0006355550211857297,0.0014340106223069693,0.0007184505249889783,0.0019074441583155632
0.162,0.0012534724639211348,0.001172244244114773,0.001764583097764727,0.001117261071322706,0.001698211321536247,0.0011436287526953581,0.0011132011831098687,0.0006110750138823562,0.0013826244332264537,0.0006917413291703811,0.0018401541923884768
0.164,0.0012086942864197759,0.0011320042107678674,0.0016960068058756717,0.0010806823461128046,0.0016401074609865285,0.0011062549307078173,0.0010694843186952463,0.0005876601513252755,0.0013332748195200583,0.0006661070025268945,0.0017753608176795943
0.166,0.0011656341879711873,0.0010932831268799514,0.0016300024433570925,0.001045423129151013,0.0015842170509918763,0.001070209114695686,0.0010275925627859506,0.0005652622027958465,0.0012858745969958063,0.0006415052013880596,0.0017129724506705912
0.168,0.0011242242527168878,0.0010560212363497357,0.001566477585651871,0.001011430875076047,0.0015304517826753017,0.0010354394688718571,0.0009874501738621477,0.000543835190461861,0.0012403405377034993,0.0006178950502606639,0.0016529006262558932
0.17,0.0010843992248724676,0.0010201610003803818,0.0015053430257315759,0.000978655279598395,0.001478726737202507,0.0010018963668438907,0.0009489844141703507,0.0005233352632064703,0.00119659316635079,0.0005952370999260381,0.001595059895314277
0.17200000000000001,0.0010460963986238304,0.0009856470267041173,0.0014465126427359865,0.0009470481738358405,0.0014289602657515665,0.000969532288995878,0.0009121254252669742,0.0005037205779421239,0.0011545565690653792,0.0005734932882890398,0.0015393677276513973
0.17400000000000002,0.0010092555144312287,0.0009524260008855201,0.0013899032811053313,0.0009165634236414366,0.0013810738743306183,0.0009383017258430826,0.0008768061106565472,0.00048495119110714136,0.0011141582163675112,0.0005526269016284946,0.001485744418746604
0.176,0.0009738186617417766,0.0009204466209837836,0.0013354346379715887,0.0008871568361722426,0.0013349921125381803,0.000908161086207171,0.0008429620262504489,0.00046698895970243015,0.001075328796899755,0.0005326025378190602,0.0014341130028731053
0.178,0.0009397301861522988,0.0008896595320553313,0.0012830291582427433,0.0008587860706357198,0.0012906424673053696,0.0008790686094977129,0.0008105312768000861,0.000449797447845679,0.0010380020621532093,0.0005133860698980364,0.001384399167089101
0.18,0.0009069366024468728,0.0008600172645290005,0.0012326119372063626,0.0008314105560952578,0.0012479552596245114,0.0008509842829628189,0.0007794544177932572,0.00043334184283527755,0.001002114681418198,0.0004949446103406085,0.0013365311716634354
0.182,0.0008753865113328207,0.0008314741731463293,0.0011841106284421477,0.0008049914124951263,0.0012068635446453868,0.0008238697627115377,0.0007496743626834723,0.0004175888760830082,0.0009676061048727869,0.00047724647687730215,0.0012904397713711102
0.184,0.0008450305209036113,0.0008039863774368383,0.0011374553582423896,0.0007794913771710377,0.0011673030167923537,0.0007976882995042178,0.0007211362947571187,0.000402506749747511,0.0009344184354093121,0.0004602611585912131,0.001246058141384121
0.186,0.0008158211709764829,0.000777511704303957,0.001092578643264508,0.0007548747346632911,0.001129211915467554,0.0007724046666103268,0.0006937875831095619,0.0003880650687001497,0.0009024963074271142,0.0004439592824485583,0.001203321803769808
0.188,0.0007877128617301166,0.000752009632282169,0.0010494153132413198,0.0007311072510325367,0.0010925309361686786,0.0007479850926451759,0.0006675777027982388,0.00037423477760123447,0.0008717867732486173,0.0004283125803115073,0.0011621685579716878
0.19,0.0007606617846475982,0.000727441235877424,0.0010079024377089851,0.0007081561103253753,0.0010572031427007467,0.0007243971971034879,0.0006424581574342447,0.00036098810109985724,0.0008422391941645957,0.0004132938569842981,0.0011225384130769678
0.192,0.0007346258565662401,0.0007037691321788442,0.000967979254677398,0.0006859898554391064,0.0010231738833078596,0.0007016099285033217,0.0006183824056459342,0.00034829848821338327,0.0008138051388346668,0.00039887695795781664,0.0010843735209040695
0.194,0.0007095646566422587,0.0006809574289484699,0.0009295871036341108,0.000664578331231791,0.0009903907083966823,0.0006795935071164383,0.0005953057912215787,0.0003361405597536171,0.0007864382859719132,0.00038503673841083774,0.0010476181117371475
0.196,0.0006854393651874902,0.0006589716731919548,0.0008926693600983526,0.0006438926307731352,0.0009588032910087252,0.0006583193675382404,0.0005731854738038056,0.0003244900593133426,0.0007600943318022413,0.0003717490324387507,0.0010122184319063532
0.198,0.0006622127051410187,0.0006377788014675367,0.0008571713721126084,0.0006239050431345872,0.0009283633502392696,0.0006377601076904549,0.0005519803639042475,0.0003133238062725807,0.0007347309028802318,0.00035899062158550876,0.0009781226821231614
0.2,0.000639848885370442,0.0006173470905526113,0.0008230404007284475,0.0006045890043029356,0.0008990245761938409,0.0006178894366597465,0.0005316510591876211,0.00030261965073274943,0.0007103074712244695,0.0003467392064278041,0.0009452809576941945
0.202,0.0006183135458705747,0.0005976461104784114,0.0007902255590406249,0.0005859190499437616,0.0008707425573736272,0.0005986821265366871,0.0005121597832299374,0.0002923564319587957,0.0006867852756849979,0.00033497337517252035,0.0009136451892863828
0.20400000000000001,0.000597573705339971,0.0005786466779421628,0.0007586777560187885,0.0005678707700815799,0.0008434747099276274,0.0005801139674996847,0.0004934703263799189,0.000282513937921558,0.0006641272447683866,0.0003236725761334158,0.0008831690867265873
0.20600000000000002,0.0005775977098162021,0.0005603208108212465,0.0007283496403232004,0.0005504207657349713,0.0008171802099838921,0.0005621617224291775,0.0004755479879675617,0.0002730728664123161,0.0006422979240792159,0.0003128170886169679,0.0008538080817934723
0.20800000000000002,0.000558355183168524,0.0005426416840000892,0.0006991955453922172,0.0005335466074568584,0.0007918199265384285,0.0005448030859733777,0.00045835952060513385,0.0002640147883659072,0.0006212634059645783,0.00030238799400139627,0.0008255192733872541
0.21,0.0005398169795156726,0.0005255835862519875,0.0006711714366586241,0.0005172267945775522,0.0007673563573066255,0.0005280166433474509,0.0004418730770033852,0.0002553221120584759,0.0006009912634346026,0.0002923671499258651,0.0007982613745921574
0.212,0.0005219551366714814,0.0005091218782982132,0.000644234860181836,0.0005014407174313007,0.0007437535662921935,0.0005117818331081825,0.0004260581563985122,0.00024697804928774936,0.0005814504853637326,0.0002827371613838281,0.0007719946589692661
0.214,0.0005047428314126301,0.0004932329513657185,0.0006183448903002153,0.0004861686205339666,0.0007209771230985984,0.00049607891012593,0.0004108855548954349,0.00023896658283173444,0.0005626114153554074,0.0002734813560638649,0.0007466809095554305
0.216,0.00048815433588418334,0.000477894188190886,0.000593462082266849,0.0004713915661623824,0.0006989940443262732,0.00048088890990904964,0.00039632731549166245,0.0002312724341025918,0.0005444456930606689,0.0002645837570646181,0.0007222833682668517
0.218,0.00047216497570607975,0.0004630839240832296,0.0005695484224631508,0.000457091400698717,0.0006777727364649655,0.0004661936162135838,0.0003823566809764145,0.00022388103311321572,0.0005269261979147233,0.0002560290585185143,0.0006987666866142828
0.22,0.0004567510889377124,0.0004487814087966724,0.00054656728214586,0.00044325072122886056,0.0006572829407287539,0.0004519755283840521,0.00036894804706355533,0.0002167784892543878,0.0005100269937691193,0.0002478026003938094,0.0006760968776120535
0.222,0.0004418899870120674,0.00043496677077037305,0.0005244833706186114,0.00042985284477414787,0.0006374956800950793,0.00043821783083464183,0.00035607691820227494,0.00020995156273884152,0.000493723278540803,0.00023989034477567284,0.0006542412687702281
0.224,0.00042755991600447186,0.000421620981326698,0.0005032626912975235,0.00041688177645382574,0.0006183832066403161,0.00042490436394027054,0.00034371986262848875,0.00020338763650828984,0.00047799133332937505,0.00023227885250287628,0.0006331684554170547
0.226,0.00041374002039654687,0.0004087258202255528,0.00048287249709799696,0.00040432218118025,0.0005999189529197757,0.00041201959629488805,0.0003318544726156336,0.00019707469125529453,0.00046280847505730804,0.00022495525982935138,0.0006128482574894178
0.228,0.0004004103067528408,0.0003962638429275689,0.0004632812481358828,0.0003921593552813629,0.0005820774827872688,0.000399548597369237,0.0003204593214632956,0.00019100127791271682,0.0004481530107103282,0.00021790725734849303,0.0005932516735922544
0.23,0.0003875516094459908,0.0003842183481557182,0.00044445857047814563,0.00038037919808409093,0.0005648344442693576,0.00038747701275188007,0.0003095139250859358,0.00018515649498640485,0.00043400419288674996,0.00021112306673265469,0.0005743508410289699
0.232,0.0003751455570927487,0.00037257334635176775,0.0004263752148906397,0.0003689681874882167,0.0005481665259752244,0.00037579103878748743,0.0002989987029451413,0.0001795299630101832,0.0004203421780010208,0.00020459142160556,0.0005561189918722453
0.234,0.00036317454081193914,0.0003613135309679105,0.0004090030182978266,0.0003579133542966906,0.0005320514124849129,0.00036447740031442244,0.0002888949424066922,0.00017411180250825886,0.0004071479861226246,0.00019830154623468044,0.000538530414485372
0.23600000000000002,0.00035162168232732993,0.00035042424773612524,0.0003923148647916319,0.00034720225755546785,0.0005164677423031838,0.00035352332743587844,0.0002791847617350518,0.00016889261066321826,0.00039440346165664497,0.00019224313646926117,0.0005215604129268359
0.23800000000000002,0.00034047080487430436,0.0003398914684312748,0.0003762846496472294,0.000336822961925054,0.00050139506835567,0.00034291653464502136,0.00026985107611665615,0.000163863441711265,0.0003820912370605667,0.00018640634009814416,0.000505185270752162
0.24,0.0003297064033318975,0.000329701762260326,0.0003608872411490216,0.0003267640153921114,0.00048681381801662926,0.0003326452005338876,0.0002608775639131311,0.00015901578460075783,0.0003701946963677871,0.00018078173909663597,0.000489382211988687
0.242,0.00031931361705890283,0.0003198422715714466,0.00034609844796307243,0.00031701442735676544,0.00047270525663101193,0.0003226979476638192,0.00025224863519635043,0.00015434154377091946,0.0003586979419825109,0.00017536033156295705,0.0004741293668901747
0.244,0.0003092782025286178,0.00031030068555359946,0.0003318949836155216,0.0003075636495856182,0.00045905144951174925,0.000313063824922577,0.00024394939982685937,0.0001498330197432507,0.0003475857618150391,0.000170133514371007,0.0004594057363409565
0.246,0.0002995865076961701,0.000301065217033214,0.0003182544340135651,0.0002984015548092023,0.0004458352300535928,0.00030373228879421177,0.00023596563809091808,0.00014548289111138146,0.00033684359774255324,0.00016509306694123538,0.0004451911583718271
0.248,0.000290225447097503,0.00029212457870408937,0.00030515522582952315,0.0002895184190796485,0.0004330401638700243,0.0002946931871462555,0.00022828377165162728,0.0001412841960587441,0.0003264575166445072,0.0001602311350670238,0.00043146627692358663
0.25,0.0002811824776886906,0.00028346796155676035,0.00029257659521697565,0.0002809049038141609,0.00042065051802753217,0.00028593674203247765,0.0002208908353490413,0.0001372303163045263,0.0003164141813191135,0.00015554021528318973,0.0004182125079831289
0.252,0.0002724455759990807,0.0002750850132001714,0.0002804985584000663,0.00027255203797627026,0.00040865122926980746,0.0002774535357504826,0.00021377445147063856,0.00013331495957624728,0.00030670082323780434,0.0001510131399934389,0.0004054120111158799
0.254,0.0002640032159527683,0.0002669658176391865,0.000268901882653938,0.00026445120177120973,0.000397027876012257,0.00026923449416427214,0.00020692280278156172,0.0001295321443958164,0.0002973052165544665,0.00014664306384459813,0.00039304765971037714
0.256,0.0002558443476826766,0.0002591008758104918,0.0002577680584452402,0.00025659411154099754,0.00038576664805989314,0.00026127087369831603,0.00020032460861585388,0.000125876185841034,0.00028821565375103386,0.00014242344887593905,0.0003811030121879666
0.258,0.0002479583768218108,0.00025148108621841914,0.0002470792722045756,0.00024897280342006667,0.0003748543208416111,0.0002535542477740682,0.00019396910088576025,0.0001223416792272003,0.00027942092100685656,0.00013834805196799582,0.00036956228467155405
0.26,0.00024033514544121725,0.0002440977276046974,0.0002368183814280833,0.00024157962075743722,0.00036427822852824754,0.0002460764934935078,0.00018784600112864425,0.00011892348831510358,0.00027091027637760057,0.0001344109115262171,0.00035841032525263383
0.262,0.00023296491274499287,0.00023694244203420478,0.0002269688884718457,0.00023440719867506843,0.00035402623975766545,0.00023882977947953243,0.00018194549840155894,0.00011561673037652209,0.00026267342660757365,0.00013060633545991518,0.00034763258818604204
0.264,0.00022583833734830528,0.00023000721680277447,0.00021751491665344957,0.00022744845163613636,0.0003440867327787478,0.00023180655406496165,0.00017625822909439481,0.00011241676475637341,0.0002547005091628751,0.00012692888952126058,0.00033721510901207896
0.266,0.0002189464599642199,0.00022328437096419407,0.0002084411875236114,0.00022069656157308604,0.0003344485731076041,0.0002249995341803146,0.00017077525534592297,0.0001093191797018056,0.00024698206990581006,0.00012337338527279584,0.0003271444820670544
0.268,0.00021228068673925237,0.00021676653821633973,0.00019973299776143705,0.00021414496490790302,0.00032510109186612013,0.00021840169468434478,0.00016548804648730542,0.00010631978128861075,0.0002395090454423432,0.00011993486998584935,0.00031740783675227036
0.27,0.00020583277372067111,0.00021044665439906574,0.00019137619790210447,0.0002077873417779541,0.00031603406439117965,0.00021200625722550548,0.00016038846070454138,0.00010341458341189824,0.00023227274533954567,0.00011660861581508364,0.00030799281623983266
0.272,0.00019959481122072686,0.00020431794185771235,0.00018335717133055596,0.00020161760518233596,0.00030723768985574385,0.00020580668209024822,0.00015546872694893743,0.00010059979501975125,0.00022526483412932397,0.0001133901089616085,0.00029888755683105117
0.274,0.0001935592098537775,0.00019837389774335357,0.0001756628146650785,0.00019562989064447756,0.0002987025730805115,0.0001997966571171128,0.00015072142811278777,9.787181179021776e-05,0.00021847731696178485,0.00011027504171345903,0.0002900806667089917
0.276,0.00018771868608091768,0.00019260828163714105,0.00016828051744388617,0.000189818546369791,0.0002904197050769275,0.00019397008974730845,0.00014613948400643562,9.522720586685463e-05,0.000211902521368601,0.0001072593012514389,0.00028156120804079254
0.278,0.00018206624920064085,0.00018701510150687106,0.00016119814481829753,0.00018417812366500197,0.000282380446711028,0.00018832109820465792,0.00014171613654434534,9.266271702101925e-05,0.0002055330842766212,0.00010433896194805836,0.00027331867731050785
0.28,0.0001765951888181072,0.00018158860505168573,0.00015440401899058376,0.00017870336831138367,0.0002745765109490872,0.00018284400324442007,0.00013744493483203168,9.017524383481135e-05,0.0001993619379297984,0.0001015102771614318,0.00026534298787583843
0.28200000000000003,0.00017129906239371495,0.00017632326782979213,0.0001478869017197404,0.00017338921248666317,0.00026699994731471666,0.00017753332028902502,0.0001333197205860559,8.776183523229175e-05,0.00019338229607634982,9.876966922861552e-05,0.00025762445317389915
0.28400000000000003,0.00016617168370053337,0.00017121378186335523,0.00014163597883443124,0.0001682307660626492,0.0002596431266753685,0.00017238375284223117,0.0001293346143914631,8.541968290187718e-05,0.00018758764090220925,9.611372370443849e-05,0.00025015376882731033
0.28600000000000003,0.00016120711173954748,0.00016625504684975034,0.00013564084341910476,0.00016322330882845293,0.00025249872695221054,0.00016739018372047276,0.0001254840031513771,8.314611373660963e-05,0.00018197171073197627,9.353918058541133e-05,0.00024292199942010928
0.28800000000000003,0.0001563996402085044,0.00016144216110713927,0.0001298914803081752,0.00015836228372301253,0.00024555971891426775,0.00016254766953094357,0.00012176252710516255,8.093858262825382e-05,0.00017652848985449943,9.104292776906941e-05,0.0002359205611445203
0.29,0.00015174378728094462,0.00015677041147621473,0.00012437825307087813,0.00015364328997236054,0.00023881935246639063,0.00015785143357183173,0.00011816506845019337,7.879466579741035e-05,0.0001712521959614799,8.862199406334259e-05,0.00022914120797934423
0.292,0.00014723428576060015,0.00015223526529650755,0.00011909188735348408,0.00014906207610232425,0.00023227114518398206,0.00015329685956710914,0.00011468673939940555,7.671205453541052e-05,0.0001661372703247732,8.627354164381096e-05,0.00022257601819919426
0.294,0.0001428660743770127,0.00014783236332360783,0.00011402345973232642,0.00014461453399416957,0.0002259088691031197,0.00014887948655051275,0.00011132287237547445,7.468854862324736e-05,0.00016117836791418316,8.399486185461935e-05,0.0002162173802988665
0.296,0.000138634288208761,0.00014355750984085258,0.00010916438307118081,0.00014029669271964362,0.00021972654031410244,0.00014459500164043515,0.00010806900848858714,7.2722051345675e-05,0.00015637034709203856,8.178336668951403e-05,0.0002100579808855807
0.298,0.0001345342508161873,0.00013940666730971607,0.00010450639447368015,0.00013610471264713375,0.00021371840703154898,0.0001404392354652506,0.00010492088828251145,7.081056340840775e-05,0.00015170826196631015,7.963658534315687e-05,0.00020409079223415727
0.3,0.0001305614659254495,0.0001353759484781225,0.00010004154362452944,0.00013203488078994408,0.0002078789397996772,0.00013640815749582647,0.00010187444213993757,6.895217753943861e-05,0.0001471873523634093,7.755215645977032e-05,0.00019830906056383935
0.302,0.00012671160982444807,0.00013146160945187724,9.576218007467663e-05,0.00012808360510885297,0.0002022028210264537,0.0001324978694396961,9.89257822322509e-05,6.714507472793674e-05,0.00014280303689473417,7.552782548414516e-05,0.00019270629380385706
0.304,0.00012298052385983915,0.0001276600439797937,9.16609434389315e-05,0.0001242474100036084,0.00019668493585500713,0.00012870460191993782,9.607119154653176e-05,6.53875182300423e-05,0.0001385509040178201,7.356143649228652e-05,0.0001872762531144323
0.306,0.00011936420780703783,0.00012396777752765598,8.773075199630664e-05,0.00012052293120035085,0.00019132036356439563,0.00012502470913977604,9.330711903365874e-05,6.36778497489221e-05,0.0001344267052293402,7.165093099958941e-05,0.00018201293963038268
0.308,0.00011585881260377518,0.00012038146038717557,8.396479165617698e-05,0.00011690691154420119,0.00018610436811028475,0.0001214546647564374,9.06301695200451e-05,6.201448537723753e-05,0.00013042634811510911,6.979433963538728e-05,0.00017691058693569683
0.31,0.000112460634511502,0.00011689786346225084,8.035650796911487e-05,0.0001133961976170772,0.00018103239005218263,0.00011799105692311684,8.803709622762224e-05,6.039591168305325e-05,0.00012654588953797674,6.798978109512355e-05,0.00017196365054750196
0.312,0.00010916610860963737,0.00011351387260294388,7.689959453538453e-05,0.00010998773414250262,0.0001761000391399259,0.0001146305853159113,8.55247957654015e-05,5.882068146967345e-05,0.00012278152852696067,6.62354561647982e-05,0.00016716679843287174
0.314,0.00010597180326593625,0.00011022648354963582,7.358798467149708e-05,0.00010667856196255876,0.00017130308714152775,0.00011137005675165845,8.309029896269582e-05,5.728741063826259e-05,0.00011912960160498365,6.452964341052692e-05,0.00016251490396601564
0.316,0.00010287441425165245,0.00010703279702062307,7.041584345990337e-05,0.00010346581325104687,0.00016663745949319075,0.00010820638056074916,8.073076591930128e-05,5.579477544970235e-05,0.00011558657601296041,6.287069652410882e-05,0.00015800303482493838
0.318,9.98707597975712e-05,0.0001039300153297118,6.737755752650454e-05,0.0001003467081260867,0.0001620992300152002,0.0001051365672236626,7.844347975183297e-05,5.4341507264688005e-05,0.00011214904387246705,6.125704095794049e-05,0.0001536264479076177
0.32,9.69577750675521e-05,0.0001009154365352316,6.446772795209998e-05,9.731855195027617e-05,0.0001576846135467047,0.0001021577220455816,7.622584018873724e-05,5.292639230991547e-05,0.00010881371766235937,5.96871686762146e-05,0.00014938057980840025
0.322,9.41325079141353e-05,9.798645193137556e-05,6.168116261351386e-05,9.437873244722006e-05,0.00015338995999891747,9.926704414386922e-05,7.40753589398846e-05,5.154826685271896e-05,0.00010557742569516915,5.815963687538783e-05,0.00014526103964329629
0.324,9.139211346277376e-05,9.51405402611627e-05,5.901286755305435e-05,9.15247149431142e-05,0.00014921174845750063,9.646182234368528e-05,7.19896534099318e-05,5.0206015303144724e-05,0.00010243710611601564,5.6673063098089393e-05,0.0001412636031420389
0.326,8.873385052431404e-05,9.237526644723104e-05,5.645804107312635e-05,8.875404227370876e-05,0.00014514658214181964,9.373943205737145e-05,6.996644263101981e-05,4.889856790157854e-05,9.938980210610904e-05,5.522612426855922e-05,0.00013738420434261656
0.328,8.615507674796241e-05,8.968827615085662e-05,5.401206517685608e-05,8.606432979862966e-05,0.00014119118286626264,9.10973323384745e-05,6.800354125069408e-05,4.7624897687947865e-05,9.643266008907414e-05,5.381755140332345e-05,0.00013361893071750508
0.33,8.36532448968197e-05,8.707729356616234e-05,5.167050017040875e-05,8.345326368475181e-05,0.00013734238485474393,8.853306318967746e-05,6.609885692254736e-05,4.638401851864149e-05,9.356292244100395e-05,5.2446129924499374e-05,0.00012996401569576044
0.332,8.122589888480692e-05,8.45401171200022e-05,4.942907701610544e-05,8.091859855530181e-05,0.00013359713199112555,8.604424343516826e-05,6.425038423618634e-05,4.5174983436369054e-05,9.077792586109634e-05,5.111069423135994e-05,0.0001264158329653542
0.334,7.887067022127603e-05,8.207461795906035e-05,4.7283692518829135e-05,7.845815515361565e-05,0.00012995247201341709,8.362856673393981e-05,6.2456201139649e-05,4.399688209943964e-05,8.807509622377196e-05,4.9810126591443016e-05,0.00012297089177959464
0.336,7.658527412063298e-05,7.967873594227903e-05,4.52304008418114e-05,7.606981749563868e-05,0.0001264055517508078,8.128379971383826e-05,6.071446522348811e-05,4.2848838774811604e-05,8.545194615905416e-05,4.854335508763796e-05,0.00011962583021696283
0.338,7.436750667851876e-05,7.735047695844877e-05,4.3265411117765495e-05,7.375153193123207e-05,0.00012295361347791633,7.900778044866996e-05,5.902340941221773e-05,4.173001115548303e-05,8.290607051419929e-05,4.73093507594724e-05,0.0001163774110097826
0.34,7.22152412408028e-05,7.508791123200798e-05,4.1385078166533695e-05,7.150130348876349e-05,0.00011959399202832177,7.67984143893452e-05,5.738133976784798e-05,4.06395880576671e-05,8.043514423206055e-05,4.610712590125132e-05,0.00011322251514422899
0.342,7.012642558595905e-05,7.28891697323597e-05,3.958590017605346e-05,6.931719526115376e-05,0.00011632410897777223,7.465367383985289e-05,5.5786630642651325e-05,3.9576788632866844e-05,7.803691774943555e-05,4.493573204078505e-05,0.0001101581388066597
0.34400000000000003,6.80990787208624e-05,7.075244225285271e-05,3.7864510967433596e-05,6.719732609183904e-05,0.00011314147027119414,7.257159421814041e-05,5.423772173951402e-05,3.854085974108745e-05,7.570921622934712e-05,4.3794258250740015e-05,0.00010718138744647554
0.34600000000000003,6.613128821056913e-05,6.867597482573817e-05,3.6217676911753927e-05,6.513986823675211e-05,0.00011004366288169809,7.055027291280602e-05,5.273311612052911e-05,3.753107534820721e-05,7.34499344356987e-05,4.2681827660095983e-05,0.00010428947277241196
0.34800000000000003,6.422120784080887e-05,6.665806893302317e-05,3.464229122263074e-05,6.31430467464833e-05,0.00010702835131815025,6.858786713492826e-05,5.127137583160746e-05,3.6546735603937286e-05,7.125703585308951e-05,4.159759918265227e-05,0.00010147970658158645
0.35000000000000003,6.236705424613742e-05,6.469707758349763e-05,3.3135368754821926e-05,6.120513677598804e-05,0.00010409327415727976,6.668259193209902e-05,4.9851120103250324e-05,3.558716398655015e-05,6.91285488825244e-05,4.054076221493563e-05,9.874949807042732e-05
0.352,6.0567105246844834e-05,6.279140430909269e-05,3.169404289349309e-05,5.9324462439058756e-05,0.00010123624115110363,6.483271800505896e-05,4.847102253224822e-05,3.465170780014848e-05,6.706256527866383e-05,3.951053817430328e-05,9.609634988527738e-05
0.354,5.881969692020927e-05,6.0939501322798684e-05,3.031555969268407e-05,5.749939504251511e-05,9.845513116935045e-05,6.303657018646991e-05,4.712980840659853e-05,3.373973616183079e-05,6.505723689786969e-05,3.8506175955466126e-05,9.351785436650939e-05
0.356,5.7123221747079624e-05,5.9139867286783776e-05,2.899727463090418e-05,5.5728352476913656e-05,9.574788869937123e-05,6.129252579212263e-05,4.582625206550617e-05,3.285063919511444e-05,6.311077474441262e-05,3.7526953422184484e-05,9.101168915748303e-05
0.358,5.5476126307651975e-05,5.739104636726111e-05,2.773664838873202e-05,5.4009796340737104e-05,9.311252162691463e-05,5.959901254837252e-05,4.4559175595648703e-05,3.198382731051108e-05,6.12214451150006e-05,3.657217488750586e-05,8.85756148958361e-05
0.36,5.3876909227190686e-05,5.569162583329845e-05,2.653124277285368e-05,5.234223210859312e-05,9.054709857592158e-05,5.79545072267873e-05,4.3327445765628525e-05,3.1138729324142744e-05,5.938756954737556e-05,3.5641169266353856e-05,8.620747185095201e-05
0.362,5.2324118989688365e-05,5.404023487143306e-05,2.5378716910995358e-05,5.072420656260235e-05,8.80497469046837e-05,5.635753370958341e-05,4.212997223185244e-05,3.0314792759167375e-05,5.760752096495292e-05,3.4733289557609126e-05,8.390517542400389e-05
0.364,5.081635253799677e-05,5.2435543108630966e-05,2.427682373429274e-05,4.9154307531829033e-05,8.561865019285353e-05,5.480666251334032e-05,4.096570578315806e-05,2.9511482146360457e-05,5.5879722802743004e-05,3.3847912353279774e-05,8.166671521347979e-05
0.366,4.935225286440969e-05,5.087625869693024e-05,2.3223406810046754e-05,4.7631162016448236e-05,8.325204595549529e-05,5.330050785479212e-05,3.983363613235813e-05,2.8728278545941954e-05,5.420264728372981e-05,3.298443532995243e-05,7.949015001840198e-05
0.368,4.7930507866844604e-05,4.9361127924418824e-05,2.2216395823559942e-05,4.6153435338314175e-05,8.094822447890504e-05,5.1837727413683865e-05,3.8732790385354043e-05,2.7964679381820012e-05,5.257481373710515e-05,3.214227686254567e-05,7.737360732273935e-05
0.37,4.6549848203891744e-05,4.788893313267817e-05,2.125380480078043e-05,4.471983017351189e-05,7.870552550437449e-05,5.0417020120874234e-05,3.766223173595762e-05,2.722019638223827e-05,5.099478612402564e-05,3.132087571644515e-05,7.531527834803153e-05
0.372,4.520904604756737e-05,4.645849216122766e-05,2.0333728039001464e-05,4.3329084601584356e-05,7.652233733690395e-05,4.903712554382711e-05,3.662105642410207e-05,2.6494356350936776e-05,4.946117248105786e-05,3.051968955103401e-05,7.331341798599844e-05
0.374,4.39069133261194e-05,4.5068655439073346e-05,1.9454337186308734e-05,4.1979972525640896e-05,7.439709573198172e-05,4.769682174798895e-05,3.560839501304258e-05,2.5786699437535532e-05,4.797262275535452e-05,2.973819372076303e-05,7.13663397035047e-05
0.376,4.2642300258255436e-05,4.371830748572947e-05,1.86138781205214e-05,4.067130125839924e-05,7.232828024195115e-05,4.639492476443685e-05,3.4623407668910033e-05,2.5096779329492058e-05,4.652782787206711e-05,2.897588109895821e-05,6.947241474208887e-05
0.378,4.141409433834342e-05,4.240636416164012e-05,1.7810669143303315e-05,3.9401911689829205e-05,7.03144145725032e-05,4.513028784902673e-05,3.366528476067554e-05,2.442416223791266e-05,4.512551740998294e-05,2.8232261064742303e-05,6.76300704938182e-05
0.38,4.0221218398539535e-05,4.113177096043419e-05,1.7043096639635102e-05,3.817067638267613e-05,6.835406349159356e-05,4.390179870050748e-05,3.2733245466709526e-05,2.3768427028558747e-05,4.376446006271184e-05,2.750685845687162e-05,6.583778679569718e-05
0.382,3.9062629733566115e-05,3.989350441480077e-05,1.630961391796415e-05,3.697649889133903e-05,6.644583246540048e-05,4.270837969266861e-05,3.1826536062928845e-05,2.3129163240986905e-05,4.2443460200547456e-05,2.6799213891481877e-05,6.4094094557543e-05
0.384,3.7937318778413774e-05,3.869056858785136e-05,1.5608737482075696e-05,3.581831401067159e-05,6.458836648881583e-05,4.154898648001115e-05,3.0944428308754546e-05,2.2505972616770897e-05,4.116135804133059e-05,2.6108881101327697e-05,6.23975746665284e-05
0.386,3.6844307978822764e-05,3.7521995957856547e-05,1.4939045846040777e-05,3.4695084916269714e-05,6.278034685380796e-05,4.042260682546317e-05,3.0086219896530153e-05,2.189846722910893e-05,3.9917028377911556e-05,2.5435429063969117e-05,6.0746854821269736e-05
0.388,3.5782650360194346e-05,3.638684535800518e-05,1.4299175521870211e-05,3.3605804154124286e-05,6.102049243394969e-05,3.93282595303468e-05,2.9251231431381974e-05,2.130626918006584e-05,3.870937904570937e-05,2.4778439133621433e-05,5.914060781286867e-05
0.39,3.4751428737245237e-05,3.528420168841251e-05,1.3687820836660869e-05,3.2549491972067024e-05,5.9307556233845204e-05,3.82649936884194e-05,2.8438806970121355e-05,2.072901077743161e-05,3.7537349495631034e-05,2.4137505044041774e-05,5.75775506658216e-05
0.392,3.374975459057295e-05,3.421317508911503e-05,1.310372979523855e-05,3.152519539406651e-05,5.764032566679678e-05,3.723188696092006e-05,2.7648312274197728e-05,2.0166334277149645e-05,3.6399911001905316e-05,2.3512233135125626e-05,5.6056442311214205e-05
0.394,3.277676716255673e-05,3.3172900276490225e-05,1.2545702481769894e-05,3.053198826641346e-05,5.6017620777559785e-05,3.622804687131165e-05,2.68791335641394e-05,1.961789099891309e-05,3.5296064743839395e-05,2.2902240873756696e-05,5.457608277137371e-05
0.396,3.1831632246970273e-05,3.216253546334258e-05,1.2012590333787543e-05,2.9568969994508976e-05,5.4438293737302246e-05,3.525260612435854e-05,2.613067812096137e-05,1.9083340435432916e-05,3.4224840720575855e-05,2.2307157488521412e-05,5.313531005091132e-05
0.398,3.091354152111592e-05,3.1181261727630805e-05,1.1503292539294385e-05,2.8635264629373047e-05,5.29012267691531e-05,3.430472604548651e-05,2.5402371962912618e-05,1.8562351537299016e-05,3.318529739482212e-05,2.1726622253970262e-05,5.1733000351217306e-05
0.4,3.0021711184335943e-05,3.022828238341546e-05,1.101675426939952e-05,2.7730020283223134e-05,5.140533189473828e-05,3.33835923030934e-05,2.4693659137708934e-05,1.805460121262481e-05,3.217652037068586e-05,2.116028461274233e-05,5.036806537572769e-05
0.402,2.91553818684398e-05,2.9302822383336924e-05,1.0551965865523982e-05,2.6852409305999636e-05,4.994955043535754e-05,3.248841599623464e-05,2.4004002184163653e-05,1.7559774290520913e-05,3.1197621484957416e-05,2.0607804236072447e-05,4.903945250223085e-05
0.404,2.831381724588411e-05,2.840412764038014e-05,1.0107960526695159e-05,2.6001626288185697e-05,4.853285130923535e-05,3.161843207311055e-05,2.3332879999782286e-05,1.707756345459277e-05,3.0247739245869987e-05,2.0068849871934802e-05,4.774614204905436e-05
0.406,2.749630336064124e-05,2.7531463993590854e-05,9.683812509320155e-06,2.517688916503502e-05,4.715423006984576e-05,3.0772899032083245e-05,2.267978837688922e-05,1.660766869326924e-05,2.9326035661636496e-05,1.9543099609053982e-05,4.6487146495688414e-05
0.40800000000000003,2.670214783918601e-05,2.6684117835573673e-05,9.278635416887226e-06,2.4377436172784428e-05,4.58127087775706e-05,2.9951097949343364e-05,2.2044238246143877e-05,1.6149797355757833e-05,2.843169755295527e-05,1.9030239571282692e-05,4.5261509513561116e-05
0.41000000000000003,2.593067939955507e-05,2.586139395022169e-05,8.891581050773922e-06,2.3602527530974804e-05,4.45073349066849e-05,2.9152332347237575e-05,2.142575584040962e-05,1.5703663745259e-05,2.7563934788088496e-05,1.8529965145175353e-05,4.406830469072531e-05
0.41200000000000003,2.5181246800054512e-05,2.506261582368996e-05,8.521837249864106e-06,2.2851444488880546e-05,4.323718056642445e-05,2.837592531534927e-05,2.0823882008302874e-05,1.5268988906913528e-05,2.672198038444762e-05,1.8041978993577068e-05,4.290663426309571e-05
0.41400000000000003,2.445321833348668e-05,2.428712513458109e-05,8.168626734805784e-06,2.2123487279812615e-05,4.2001341461594954e-05,2.762122252364385e-05,2.0238170579389703e-05,1.4845500539539813e-05,2.59050884992007e-05,1.756599200697373e-05,4.1775628575324575e-05
0.41600000000000004,2.3745981464573517e-05,2.3534281354931075e-05,7.831206580211081e-06,2.1417976105664316e-05,4.0798936648323014e-05,2.6887588455148936e-05,1.966819022725108e-05,1.4432932920915853e-05,2.511253493575616e-05,1.7101722712298262e-05,4.06744447052354e-05
0.418,2.30589415796012e-05,2.2803460735909553e-05,7.508865301208978e-06,2.0734250154585965e-05,3.962910797594699e-05,2.6174407162127267e-05,1.9113521146141288e-05,1.4031025735827818e-05,2.4343616577326976e-05,1.6648895880155834e-05,3.960226512678133e-05
0.42,2.239152183564075e-05,2.209405569164602e-05,7.20092201478284e-06,2.0071666970600255e-05,3.849101848740766e-05,2.5481081235567693e-05,1.8573756673911923e-05,1.3639525632158644e-05,2.359764975390366e-05,1.620724435125176e-05,3.8558297545177034e-05
0.422,2.1743162596232768e-05,2.140547573092899e-05,6.90672660630387e-06,1.942960206469113e-05,3.73838527132353e-05,2.4807031721585382e-05,1.804850161701843e-05,1.325818452524441e-05,2.28739703734826e-05,1.5776506826492565e-05,3.7541773783345e-05
0.424,2.111332060968918e-05,2.0737144922677864e-05,6.62565605435983e-06,1.8807448749380562e-05,3.630681600030883e-05,2.4151696856655747e-05,1.7537372597020706e-05,1.2886760108132833e-05,2.217193320852573e-05,1.5356428934021338e-05,3.6551948665808354e-05
0.426,2.0501468727007754e-05,2.008850349921598e-05,6.357115345134723e-06,1.8204616678341168e-05,3.5259133748577476e-05,2.3514531902746327e-05,1.7039996863421614e-05,1.2525015641418058e-05,2.1490911932819934e-05,1.4946762477374698e-05,3.5588099181027566e-05
0.428,1.9907095208582247e-05,1.945900620203833e-05,6.100535744013591e-06,1.7620532524298405e-05,3.4240050273304234e-05,2.289500885510609e-05,1.6556012512380924e-05,1.2172720101455425e-05,2.0830296744267507e-05,1.4547265054787317e-05,3.464952407417066e-05
0.43,1.9329703358927918e-05,1.8848121684067465e-05,5.855373169327827e-06,1.7054639099622904e-05,3.3248829301779637e-05,2.229261568165164e-05,1.6085068538229663e-05,1.1829646726302379e-05,2.0189496404365848e-05,1.415770032275887e-05,3.373554266117296e-05
0.432,1.8768810945690716e-05,1.8255333503303106e-05,5.621107062148134e-06,1.6506394631687904e-05,3.228475310856904e-05,2.1706855669156866e-05,1.5626822521541683e-05,1.149557490909281e-05,1.956793543189672e-05,1.3777837753581323e-05,3.284549486592958e-05
0.434,1.822394972387231e-05,1.7680138250542043e-05,5.397240958937566e-06,1.597527283125899e-05,3.1347121226987795e-05,2.1137246996483228e-05,1.5180942346981752e-05,1.1170288097828163e-05,1.8965054990771613e-05,1.3407452040814505e-05,3.197873949811747e-05
0.436,1.7694665199330382e-05,1.7122046018336334e-05,5.1832996552647614e-06,1.5460761882191143e-05,3.0435251645033468e-05,2.0583322465905773e-05,1.4747105175239028e-05,1.0853575638125612e-05,1.8380312355237294e-05,1.3046322878240701e-05,3.113465427972972e-05
0.438,1.7180515952053276e-05,1.6580579649816407e-05,4.978829188151401e-06,1.4962365000537048e-05,2.9548478202912065e-05,2.004462920057737e-05,1.4324996939985013e-05,1.0545230497926994e-05,1.7813179878034546e-05,1.2694235896892891e-05,3.0312635065699034e-05
0.44,0.00012733505133456503,0.00015340019904608315,4.6854829613640625e-05,8.720662660677281e-05,0.00018865823196545506,4.1053655803979794e-05,0.0001586568447363712,7.283930608181777e-05,0.0002528314562453282,7.94126044894039e-05,0.00019243675875679767
0.442,0.000123552170010377,0.00014896908745976045,4.528449461405071e-05,8.462806539799583e-05,0.00018277322088156023,3.9632040329751206e-05,0.00015418415011736464,7.087975384789669e-05,0.0002460092437488459,7.72032754823293e-05,0.00018595836822421496
0.444,0.00011987954141702284,0.00014466385966582784,4.376731968591674e-05,8.212543517838178e-05,0.00017706395804484298,3.82586966302112e-05,0.0001498348500803548,6.897138324934993e-05,0.00023937125104589452,7.505323943912678e-05,0.00017968542115032182
0.446,0.00011631405895716762,0.0001404812328005267,4.2301403772704305e-05,7.96966429738033e-05,0.000171525309224152,3.69318219357595e-05,0.00014560575204281,6.711289045890911e-05,0.00023291328598629146,7.296087153085828e-05,0.00017361137884586153
0.448,0.00011285274394763345,0.00013641801622754635,4.088495716358942e-05,7.733965744249893e-05,0.00016615234556860425,3.564974473035942e-05,0.00014149378335803764,6.530304911267493e-05,0.0002266312230790879,7.092464796421005e-05,0.0001677300148297256
0.45,0.00010949272440223812,0.00013247110349601243,3.951628307630184e-05,7.50524935592134e-05,0.00016094031725155666,3.441088746480858e-05,0.00013749596988110735,6.354068420344472e-05,0.00022052100113612028,6.894312886085441e-05,0.0001620353750929615
0.452,0.00010623122373936145,0.00012863745424740447,3.8193764297256294e-05,7.283321714957047e-05,0.0001558846401673586,3.321376168574641e-05,0.0001336094278526767,6.18246716883597e-05,0.00021457860651674654,6.701493339755782e-05,0.00015652176039093746
0.454,0.00010306555019153895,0.00012491409915771357,3.691585612619619e-05,7.067993982645682e-05,0.00015098088728526804,3.205695079966375e-05,0.00012983134533461893,6.015392127678432e-05,0.00020880006505308302,6.513873945945825e-05,0.0001511836975961467
0.456,9.999308994468326e-05,0.00012129813514261123,3.5681075684634855e-05,6.859082039567532e-05,0.00014622476760139946,3.093910801588162e-05,0.00012615897844592272,5.852737512390682e-05,0.00020318145038833446,6.331326730446563e-05,0.00014601592134400043
0.458,9.701129864581048e-05,0.00011778671431572629,3.448799948324588e-05,6.656405675642407e-05,0.00014161212437313608,2.985894266416267e-05,0.0001225896439852603,5.6943998674507945e-05,0.0001977188761047577,6.153727387214758e-05,0.00014101335622873634
0.46,9.411769967671013e-05,0.00011437705462424841,3.3335259246092264e-05,6.459789413582051e-05,0.0001371389241675569,2.881521941278109e-05,0.00011912071374964306,5.5402780144264696e-05,0.00019240849486323874,5.9809552162559676e-05,0.00013617110426089596
0.462,9.130987728476204e-05,0.00011106642855585047,3.222153064830202e-05,6.269061478381133e-05,0.00013280124557268902,2.7806749954728538e-05,0.00011574961645399728,5.390272634375748e-05,0.00018724650525125952,5.812892189960284e-05,0.0001314844333836218
0.464,8.85854751071724e-05,0.00010785216416697718,3.114554271410608e-05,6.0840543219642385e-05,0.00012859528034614431,2.6832391939568545e-05,0.00011247382574175457,5.244286252414909e-05,0.00018222914844900906,5.649423210685178e-05,0.00012694875986352105
0.466,8.594219200734887e-05,0.00010473164369195764,3.0106061724488598e-05,5.904604164530536e-05,0.0001245173201889216,2.589104458183833e-05,0.00010929086828248558,5.1022231073116764e-05,0.00017735271036101175,5.4904353829487995e-05,0.00012255964469487513
0.468,8.3377780101479e-05,0.00010170230319650475,2.910189905658278e-05,5.730551042737453e-05,0.00012056375541880104,2.4981644582089402e-05,0.00010619831394087509,4.963988795669838e-05,0.00017261352376696237,5.3358182349971806e-05,0.00011831278031892989
0.47000000000000003,8.089004144062883e-05,9.876163012612071e-05,2.8131901347983046e-05,5.561738456494325e-05,0.00011673106763987473,2.4103164171451752e-05,0.00010319377903733606,4.829490279278925e-05,0.00016800797094129738,5.1854630972014704e-05,0.00011420398281247746
0.47200000000000003,7.84768279756931e-05,9.590716269225474e-05,2.719495398206817e-05,5.3980137573628184e-05,0.00011301582666722876,2.325461010588281e-05,0.00010027492332198573,4.6986360200285127e-05,0.00016353248249090235,5.039263601525068e-05,0.00011022918670744453
0.47400000000000003,7.61360375864717e-05,9.313648768705107e-05,2.628997444431569e-05,5.239227600795093e-05,0.00010941468549219291,2.2435019572886183e-05,9.74394490795838e-05,4.571335824010703e-05,0.00015918354021504655,4.8971150264143226e-05,0.00010638443486143956
0.47600000000000003,7.386561393332158e-05,9.044724161133555e-05,2.541591320315284e-05,5.085234046919851e-05,0.00010592437831025148,2.1643459355069616e-05,9.468510030385957e-05,4.44750063356425e-05,0.00015495767840090213,4.7589146098925283e-05,0.00010266587524487836
0.47800000000000004,7.166354547538667e-05,8.783710851600901e-05,2.4571753972524313e-05,4.93589058855326e-05,0.00010254171629753284,2.08790250122437e-05,9.200966399602883e-05,4.327042859331165e-05,0.0001508514862036403,4.6245611828976685e-05,9.906975444806676e-05
0.48,6.952786340458372e-05,8.53038218370239e-05,2.375650744801394e-05,4.791057908271057e-05,9.926358439038552e-05,2.014083783574705e-05,8.941096637127277e-05,4.209876048300032e-05,0.00014686160757992894,4.493955352258272e-05,9.55924154951715e-05
0.482,6.745664201610602e-05,8.284515950240934e-05,2.2969214291235218e-05,4.650599989508564e-05,9.60869409787346e-05,1.9428045206826283e-05,8.688687798796835e-05,4.0959151508368485e-05,0.00014298474514884418,4.366999489435752e-05,9.223029074723055e-05
0.484,6.544799805785484e-05,8.045895038988338e-05,2.2208944413959486e-05,4.514384112841441e-05,9.300881622897883e-05,1.8739818994140123e-05,8.443530822743739e-05,3.985076392221121e-05,0.00013921765902913386,4.243597564534962e-05,8.89799025990401e-05
0.486,6.35000898872251e-05,7.81430685748985e-05,2.14747926818859e-05,4.3822806488957866e-05,9.002631033283581e-05,1.807535495113033e-05,8.205420983753431e-05,3.877277309294325e-05,0.00013555717111068954,4.1236552798529225e-05,8.583785900284635e-05
0.488,6.16111183857182e-05,7.589543689889844e-05,2.0765880623052624e-05,4.254163319927784e-05,8.713659231018855e-05,1.7433871653316224e-05,7.974157731882592e-05,3.7724369901126487e-05,0.00013200016694314698,4.007080125711937e-05,8.280085375222956e-05
0.49,5.977932563340227e-05,7.371402593325804e-05,2.008135649933518e-05,4.129908917294145e-05,8.433690011921957e-05,1.681461158564712e-05,7.749544871127334e-05,3.6704757804928434e-05,0.00012854359468728038,3.8937811834949265e-05,7.986565998518991e-05
0.492,5.800299632205963e-05,7.159685576074715e-05,1.942039296976006e-05,4.009397561888228e-05,8.162454059312818e-05,1.6216837903648695e-05,7.531390391202208e-05,3.571315563388744e-05,0.00012518446975384734,3.783669511048249e-05,7.702913596419059e-05
0.494,5.628045654890723e-05,6.954199341391298e-05,1.8782186806620693e-05,3.8925124667965605e-05,7.899688632595492e-05,1.5639835213243636e-05,7.319506796532593e-05,3.474879778642137e-05,0.00012191987584897479,3.676657801432448e-05,7.428821944632791e-05
0.496,5.461007524342199e-05,6.754755725113526e-05,1.8165959593918757e-05,3.779140221049637e-05,7.645138053724576e-05,1.5082910352681722e-05,7.113710975470422e-05,3.381093295795612e-05,0.00011874696570246535,3.5726606445907194e-05,7.16399276277091e-05
0.498,5.2990263573282624e-05,6.561171399277477e-05,1.7570958095292077e-05,3.669170442599512e-05,7.398553227799809e-05,1.4545391384457318e-05,6.913824364362942e-05,3.289882754486939e-05,0.00011566296263976206,3.471594525938926e-05,6.908135646865876e-05
0.5,5.1419474449376776e-05,6.373267948245331e-05,1.699644916752785e-05,3.562496131359616e-05,7.159691825531223e-05,1.4026625716923036e-05,6.71967283080166e-05,3.20117630006056e-05,0.00011266516126351434,3.3733777126454534e-05,6.660968085936414e-05
0.502,4.9896203769483896e-05,6.19087200653956e-05,1.6441725153804043e-05,3.459013304107916e-05,6.928318162024993e-05,1.3525981278461607e-05,6.531086873839964e-05,3.114903839096517e-05,0.0001097509300742594,3.277930598322154e-05,6.422215334900283e-05
0.504,4.8418989275134104e-05,6.013815125993638e-05,1.590609997870196e-05,3.3586212642489066e-05,6.704203169016765e-05,1.3042845919186696e-05,6.347901614200957e-05,3.0309969589303876e-05,0.00010691770977078185,3.1851753448997044e-05,6.191610230976696e-05
0.506,4.698641101508194e-05,5.841933938754984e-05,1.5388911446145848e-05,3.261222472827896e-05,6.487124449261472e-05,1.2576627317906208e-05,6.169956625268203e-05,2.9493888301423965e-05,0.00010416301492188751,3.095036065914325e-05,5.968893264318709e-05
0.508,4.559709006899393e-05,5.675069866317717e-05,1.4889515846383539e-05,3.166722374847719e-05,6.276865947807408e-05,1.2126751073648911e-05,5.997096078591557e-05,2.870014556088929e-05,0.00010148443370239235,3.0074389108736277e-05,5.75381227222449e-05
0.51,4.424968912910554e-05,5.5130690988058895e-05,1.4407293714269187e-05,3.0750296019510515e-05,6.0732180605316266e-05,1.1692662508999696e-05,5.829168749527103e-05,2.792810760732234e-05,9.887962703825082e-05,2.922311960729118e-05,5.546122570676548e-05
0.512,4.29429111939883e-05,5.355782730964709e-05,1.3941644599890779e-05,2.9860556504557323e-05,5.875977566227597e-05,1.1273824472968208e-05,5.6660277500397704e-05,2.7177159398705797e-05,9.63463298376821e-05,2.8395851261797667e-05,5.3455865391960344e-05
0.514,4.167549940513604e-05,5.203066572656567e-05,1.349198927491635e-05,2.8997151128362653e-05,5.684947218542735e-05,1.0869717488204422e-05,5.507530797632665e-05,2.644670248286296e-05,9.388234723473055e-05,2.759190418899493e-05,5.151973636496887e-05
0.516,4.0446235895452706e-05,5.054781093671856e-05,1.3057767264790243e-05,2.815925281296483e-05,5.499935995056937e-05,1.0479839121946277e-05,5.3535397848469835e-05,2.573615548495667e-05,9.148555581395268e-05,2.6810615797900894e-05,4.965060392225773e-05
0.518,3.925394101113033e-05,4.910791060908082e-05,1.2638438308010258e-05,2.7346063687594402e-05,5.32075858843406e-05,1.0103703398600672e-05,5.2039209499921135e-05,2.5044953847586093e-05,8.915390260666456e-05,2.605134421607147e-05,4.784629805343332e-05
0.52,3.8097472393916476e-05,4.7709659069528065e-05,1.2233479782741696e-05,2.6556812191658175e-05,5.147235432223507e-05,9.740841468652839e-06,5.058544714942048e-05,2.437254986653592e-05,8.688540043033655e-05,2.5313463432707906e-05,4.6104716225348064e-05
0.522,3.6975724801024955e-05,4.635179176271098e-05,1.1842388665139758e-05,2.57907538099289e-05,4.979192785092845e-05,9.390800037256675e-06,4.917285565242402e-05,2.371841167259081e-05,8.467813134860336e-05,2.4596367337093028e-05,4.442381987357358e-05
0.524,3.588762701558501e-05,4.503308602432643e-05,1.146467725277045e-05,2.5047168965897093e-05,4.816461885759349e-05,9.053139671033605e-06,4.780021862760275e-05,2.3082022232778776e-05,8.253024029680756e-05,2.389946662439968e-05,4.280163160264028e-05
0.526,3.483214356785336e-05,4.375235996756377e-05,1.1099877169185035e-05,2.432536322338752e-05,4.658879565666574e-05,8.727436904831798e-06,4.646636001237603e-05,2.2462881801743606e-05,8.043993577366848e-05,2.3222190061567005e-05,4.1236235107544594e-05
0.528,3.380827122341223e-05,4.2508469703772533e-05,1.0747534887722843e-05,2.3624665195565164e-05,4.5062875618784304e-05,8.413282057806448e-06,4.517013918392543e-05,2.1860504979875905e-05,7.84054872693396e-05,2.2563981429191138e-05,3.9725771908138974e-05
0.53,3.281503966116039e-05,4.1300310595571155e-05,1.040721259182309e-05,2.2944426221305214e-05,4.358532590553743e-05,8.110278947315308e-06,4.39104532288237e-05,2.127442015542602e-05,7.64252240835761e-05,2.1924303026055192e-05,3.826844185617073e-05
0.532,3.1851509482372364e-05,4.0126812185903304e-05,1.0078489210085806e-05,2.2284021409135768e-05,4.215466065260465e-05,7.81804540417319e-06,4.2686233774791305e-05,2.070417159460991e-05,7.449753177735108e-05,2.130263081556727e-05,3.6862497999501365e-05
0.534,3.09167713159364e-05,3.898694124870872e-05,9.760957299764783e-06,2.1642845260405608e-05,4.076943957220802e-05,7.53621095184176e-06,4.149644541284747e-05,2.014931622995597e-05,7.262085125603335e-05,2.0698457278034432e-05,3.5506248649563865e-05
0.536,3.0009945067854815e-05,3.787969662683022e-05,9.454223879878931e-06,2.1020313300312843e-05,3.9428267580521315e-05,7.264417987373761e-06,4.034008748088347e-05,1.9609424511402018e-05,7.07936775270479e-05,2.011128944379159e-05,3.41980523405061e-05
0.538,2.9130178696901156e-05,3.6804111599564315e-05,9.157909864776492e-06,2.0415860862987856e-05,3.8129791209984276e-05,7.0023212010994484e-06,3.921618892921419e-05,1.908407988182592e-05,6.901455606100892e-05,1.954064887266238e-05,3.293631848588774e-05
0.54,2.8276647329017468e-05,3.575924952015086e-05,8.871649393782377e-06,1.9828942341315603e-05,3.687269939733895e-05,6.74958623703148e-06,3.812381056855774e-05,1.857287775286487e-05,6.728208272555047e-05,1.898607060335511e-05,3.171950475022722e-05
0.542,2.744855208466346e-05,3.4744203304293286e-05,8.595089762697405e-06,1.9259029025664454e-05,3.565572011254847e-05,6.505889867725045e-06,3.706204061171281e-05,1.807542750087432e-05,6.559490031476933e-05,1.844710392961968e-05,3.0546116416729774e-05
0.544,2.6645119773371918e-05,3.375809641981142e-05,8.327890561155016e-06,1.8705611287583856e-05,3.447762090180717e-05,6.270919496120797e-06,3.602999877083679e-05,1.7591348239198723e-05,6.395169754924712e-05,1.792331036620798e-05,2.9414704141750292e-05
0.546,2.5865601045449438e-05,3.2800079164396756e-05,8.069722252979084e-06,1.816819523248192e-05,3.3337205160965944e-05,6.044373447089413e-06,3.50268296902545e-05,1.7120270698889328e-05,6.235120725750498e-05,1.7414264655624123e-05,2.8323862894308327e-05
0.548,2.5109270510714766e-05,3.186932996579461e-05,7.820268333347258e-06,1.764630269740497e-05,3.223331317425693e-05,5.8259594056808695e-06,3.4051704520310366e-05,1.6661837811904334e-05,6.0792205791471154e-05,1.6919553452177105e-05,2.7272229954800054e-05
0.55,2.4375425539291395e-05,3.096505207866862e-05,7.5792223290793714e-06,1.7139472870519867e-05,3.1164820035844976e-05,5.615395598290718e-06,3.3103821209912176e-05,1.621570203724776e-05,5.927350880274851e-05,1.6438774875560114e-05,2.6258485555041844e-05
0.552,2.3663385072780764e-05,3.0086474721136014e-05,7.346289196741296e-06,1.6647257377044866e-05,3.0130633843716836e-05,5.412408097149601e-06,3.218240056312993e-05,1.5781526025770987e-05,5.779397179805912e-05,1.5971540014203534e-05,2.5281349090855443e-05
0.554,2.2972489611516877e-05,2.9232849793836557e-05,7.121183974168055e-06,1.6169223596262938e-05,2.9129696312857334e-05,5.216733255486439e-06,3.128668948015889e-05,1.535898164439775e-05,5.635248845270446e-05,1.5517469281856044e-05,2.4339580323440302e-05
0.556,2.2302099902471452e-05,2.8403453771752574e-05,6.9036310711423354e-06,1.570495238045755e-05,2.816097998459277e-05,5.0281158946452464e-06,3.0415953972240395e-05,1.4947751951988053e-05,5.4947988463505126e-05,1.5076194605501136e-05,2.343197692888932e-05
0.558,2.165159673714889e-05,2.7597585312788553e-05,6.693365157572906e-06,1.5254038103762468e-05,2.7223488191618905e-05,4.846309087036538e-06,2.956948642485191e-05,1.4547528213504357e-05,5.357943608208515e-05,1.4647358381747466e-05,2.255737241652067e-05
0.56,2.1020380039904472e-05,2.6814564403676577e-05,6.490130744496447e-06,1.481608760112163e-05,2.6316253635916276e-05,4.671074248507878e-06,2.874659733820284e-05,1.4158011449327823e-05,5.224582923213372e-05,1.4230612969567957e-05,2.1714638776093587e-05
0.562,2.0407867978033956e-05,2.6053731381869838e-05,6.293680046787209e-06,1.4390719960899467e-05,2.54383384917789e-05,4.502180572796277e-06,2.7946619250318605e-05,1.3778909433992403e-05,5.0946199091850275e-05,1.3825620488905344e-05,2.0902681061141237e-05
0.5640000000000001,1.9813496950527033e-05,2.531444726316945e-05,6.103774553012364e-06,1.3977566766243399e-05,2.4588831933791688e-05,4.339405465181301e-06,2.7168904365382218e-05,1.3409940404884857e-05,4.967960711366182e-05,1.3432052977213615e-05,2.012043866272961e-05
0.5660000000000001,1.9236720427784347e-05,2.4596092752737775e-05,5.920184325103328e-06,1.3576269599191448e-05,2.376685093952169e-05,4.182533026142465e-06,2.6412823617372183e-05,1.3050829170913048e-05,4.844514490442986e-05,1.3049590953273515e-05,1.9366884989158173e-05
0.5680000000000001,1.8677008844292243e-05,2.3898066947136698e-05,5.742687157694881e-06,1.3186483617699807e-05,2.2971537782856544e-05,4.03135438276081e-06,2.567776780626474e-05,1.2701309412666006e-05,4.7241932781383333e-05,1.2677924157711296e-05,1.8641024396748307e-05
0.5700000000000001,1.8133848708556942e-05,2.3219786625561234e-05,5.571069284671104e-06,1.2807871861086895e-05,2.2202061334741785e-05,3.8856686246369065e-06,2.4963143848255598e-05,1.2361121719983714e-05,4.6069119136626924e-05,1.2316750978569324e-05,1.794189367143595e-05
0.5720000000000001,1.7606742341125247e-05,2.2560686507300254e-05,5.405123403079415e-06,1.2440109675049271e-05,2.1457614105879763e-05,3.745280870437462e-06,2.4268378182812356e-05,1.2030013985642185e-05,4.492587877136245e-05,1.1965778563105545e-05,1.726855934658378e-05
0.5740000000000001,1.7095207215533925e-05,2.1920218745030695e-05,5.2446505417469425e-06,1.2082881495789621e-05,2.0737412777638298e-05,3.6100029169316983e-06,2.3592911509329184e-05,1.1707741814248607e-05,4.381141284448553e-05,1.1624722013436894e-05,1.662011749670178e-05
0.5760000000000001,1.659877557078637e-05,2.129785067872536e-05,5.089458176010808e-06,1.1735881305208196e-05,2.0040698197498763e-05,3.4796526784397486e-06,2.293620354121284e-05,1.139406745942484e-05,4.2724946188510415e-05,1.129330359217473e-05,1.5995693890658025e-05
0.578,1.6116994032822075e-05,2.0693066253962833e-05,4.939360617073341e-06,1.1398812421070659e-05,1.9366733065240282e-05,3.3540551348520964e-06,2.229772861028767e-05,1.1088758923638586e-05,4.166572884600761e-05,1.0971255108405131e-05,1.539444134768253e-05
0.58,1.5649422878949436e-05,2.010536536933838e-05,4.7941790538574836e-06,1.1071387838845759e-05,1.87148020009964e-05,3.2330399816205002e-06,2.167697540655933e-05,1.079159219241621e-05,4.063303302181964e-05,1.065831350577362e-05,1.4815540418267048e-05
0.582,1.5195635993003886e-05,1.953426112488721e-05,4.6537408895375165e-06,1.0753328834156584e-05,1.8084211806823625e-05,3.116443669348712e-06,2.1073448976172138e-05,1.0502348459562327e-05,3.9626153399807684e-05,1.0354225191244737e-05,1.4258197578498333e-05
0.584,1.4755219888329396e-05,1.8979281229403178e-05,4.517879987120388e-06,1.0444364056949595e-05,1.747428924181449e-05,3.0041075996800615e-06,2.0486667240526835e-05,1.0220815306438702e-05,3.864440636780486e-05,1.0058742191509928e-05,1.3721645662045923e-05
0.586,1.4327774115141523e-05,1.8439969240557907e-05,4.38643513922532e-06,1.0144231718967056e-05,1.688438120917013e-05,2.895878224662418e-06,1.9916163590871783e-05,9.946786563186372e-06,3.768712877172398e-05,9.771623920684647e-06,1.3205142772365619e-05
0.588,3.419795926374869e-05,4.8337710729096095e-05,7.198462609436795e-06,2.657043782539059e-05,3.445766935095129e-05,2.853061074059582e-06,5.243504323015902e-05,2.6415856638095647e-05,0.00010578568271568667,2.4680680423050383e-05,1.3244988041560823e-05
0.59,3.326494682566183e-05,4.703508589243288e-05,6.99194310327389e-06,2.584826146301289e-05,3.3451749450352786e-05,2.751148703294959e-06,5.103441088649685e-05,2.5722137727335337e-05,0.00010303329527572291,2.4020070179320285e-05,1.276136557537555e-05
0.592,3.235911107148937e-05,4.576991886873216e-05,6.791761355873227e-06,2.5147195491403984e-05,3.247775018311305e-05,2.6530548336012316e-06,4.967353424101262e-05,2.5047526002519582e-05,0.0001003560447363494,2.3378191838396845e-05,1.2296133163891554e-05
0.594,3.147931823026529e-05,4.454066800863021e-05,6.59762634969141e-06,2.4466349848206725e-05,3.153422492596647e-05,2.55857025022177e-06,4.835081769827276e-05,2.439128678954905e-05,9.775102717879403e-05,2.2754299591754013e-05,1.1848311661566413e-05
0.596,3.062458668177115e-05,4.334600217992257e-05,6.409276156360555e-06,2.3804958579565216e-05,3.06199184523237e-05,2.4675094963955146e-06,4.706488316108537e-05,2.37527811403071e-05,9.521574445736647e-05,2.2147752698153944e-05,1.1417040496231046e-05
0.598,2.979404877088143e-05,4.218474829642549e-05,6.2264880422713276e-06,2.3162343769089766e-05,2.9733714294932767e-05,2.379708524125057e-06,4.5814514451847366e-05,2.3131449214952582e-05,9.274798961178554e-05,2.155798290903732e-05,1.10015485943471e-05
0.6,2.898692062041075e-05,4.1055847787463406e-05,6.049053423051731e-06,2.2537896552043968e-05,2.887460600420333e-05,2.2950222330342385e-06,4.459860967975793e-05,2.252678429914834e-05,9.03457714018785e-05,2.0984475337271213e-05,1.0601139486254851e-05
0.602,2.8202480940497932e-05,3.9958326896738505e-05,5.876786718705951e-06,2.193105409997731e-05,2.8041667058942288e-05,2.2133149379932604e-06,4.341615654013253e-05,2.193831924968137e-05,8.800725423507849e-05,2.0426755749314296e-05,1.021517391841531e-05
0.604,2.7440059150252162e-05,3.889128029499478e-05,5.7095139124330174e-06,2.1341294780041764e-05,2.723403859627993e-05,2.13446497332459e-06,4.2266210309782615e-05,2.136561873700149e-05,8.573072718742747e-05,1.988438151179217e-05,9.843061199443781e-06
0.606,2.6699022826304208e-05,3.785385396948282e-05,5.547073943623637e-06,2.076812703954989e-05,2.645091367869945e-05,2.0583581303856846e-06,4.114787759379457e-05,2.080826913664069e-05,8.351457008815011e-05,1.93569331962129e-05,9.484251486502338e-06
0.608,2.5978771479973073e-05,3.684523541469531e-05,5.389312704218163e-06,2.0211083111898454e-05,2.569152965870014e-05,1.9848886971818303e-06,4.0060308138523126e-05,2.0265877024971957e-05,8.135723716296006e-05,1.8844011719032494e-05,9.138231167549193e-06
0.61,2.5278730796929327e-05,3.586464717519888e-05,5.236088536197947e-06,1.9669717424952715e-05,2.4955158981931902e-05,1.9139580261784417e-06,3.900268368783877e-05,1.9738063316898646e-05,7.925724179003169e-05,1.8345233321781507e-05,8.804515708282779e-06
0.612,2.4598348259374793e-05,3.4911338659293634e-05,5.087263352687721e-06,1.914359931443066e-05,2.4241106830302783e-05,1.8454731542938418e-06,3.797421807705259e-05,1.922446111457532e-05,7.721314456188288e-05,1.786022731753434e-05,8.482650211694143e-06
0.614,2.3937089377512598e-05,3.3984584995150335e-05,4.942706678390252e-06,1.8632312390298722e-05,2.3548703239728574e-05,1.7793451476677546e-06,3.697414614389771e-05,1.8724713365503298e-05,7.522354869082815e-05,1.7388634017234672e-05,8.172199106426525e-06
0.616,2.3294436967569165e-05,3.30836795541245e-05,4.8022942277237135e-06,1.8135454260881367e-05,2.2877304305057855e-05,1.7154919942363733e-06,3.6001724184608896e-05,1.8238473430520763e-05,7.328709191045668e-05,1.693010373726711e-05,7.872752070814393e-06
0.618,2.2669887073700766e-05,3.2207936352612876e-05,4.665904606238058e-06,1.7652632597231488e-05,2.222628493986356e-05,1.6538330147586322e-06,3.505622656418961e-05,1.7765400992963976e-05,7.14024418354553e-05,1.6484294546037503e-05,7.583915287656673e-06
0.62,2.206294970034106e-05,3.13566852042646e-05,4.533422354735528e-06,1.718346514734126e-05,2.159504123366851e-05,1.5942937231505638e-06,3.413694605258755e-05,1.7305162476222158e-05,6.956829404636267e-05,1.6050873200224025e-05,7.305313564853755e-06
0.622,2.147314591168792e-05,3.0529270119816765e-05,4.404735824858896e-06,1.672757770032618e-05,2.0982984647921477e-05,1.536801270463073e-06,3.324318768971324e-05,1.68574315794201e-05,6.778337007373736e-05,1.56295122327732e-05,7.036587977848896e-06
0.624,2.0900008176982786e-05,2.972505009946058e-05,4.2797361013979796e-06,1.6284607048722144e-05,2.0389545100973905e-05,1.4812857025425785e-06,3.2374273049251556e-05,1.6421887277573433e-05,6.604641362950581e-05,1.5219891251194717e-05,6.777392509205171e-06
0.626,2.0343079255347173e-05,2.894339632675269e-05,4.158317926994393e-06,1.585419521299425e-05,1.981416560636884e-05,1.4276825904824264e-06,3.152953571028405e-05,1.5998214159651525e-05,6.435619134059767e-05,1.4821696651790006e-05,6.527397027555892e-06
0.628,1.980191154926647e-05,2.8183693949190847e-05,4.040379766978575e-06,1.5435993454882002e-05,1.9256305781478744e-05,1.3759262162960084e-06,3.070832173979188e-05,1.558610251495285e-05,6.271149055336878e-05,1.4434619734937648e-05,6.286281780787384e-06
0.63,1.9276066784568167e-05,2.7445338151133036e-05,3.9258226135485685e-06,1.5029659558907227e-05,1.8715437128724588e-05,1.325955485742547e-06,2.99099904135236e-05,1.518524724375414e-05,6.111111942175285e-05,1.4058357568513813e-05,6.0537402600813195e-06
0.632,1.8765116533903113e-05,2.6727737435505716e-05,3.814549942915413e-06,1.4634859334727857e-05,1.819104599820598e-05,1.2777114922757349e-06,2.913391334491422e-05,1.4795349027596494e-05,5.9553906852638505e-05,1.369261438621816e-05,5.8294775240330665e-06
0.634,1.8268640269603065e-05,2.6030311933378236e-05,3.7064676651210604e-06,1.4251263531717129e-05,1.7682629041004816e-05,1.231136720347692e-06,2.8379473074213735e-05,1.4416113222393001e-05,5.8038701460372266e-05,1.333709838824415e-05,5.6132076592385616e-06
0.636,1.7786227096627804e-05,2.5352492552754846e-05,3.601485173199137e-06,1.3878552530544042e-05,1.7189697645636492e-05,1.1861761184395192e-06,2.7646064595043818e-05,1.4047250310289527e-05,5.65643738470456e-05,1.2991522940764e-05,5.404655252561064e-06
0.638,1.731747458640909e-05,2.4693721806912095e-05,3.4995131392712153e-06,1.3516411057401534e-05,1.6711774624811326e-05,1.1427764845528543e-06,2.6933095159442644e-05,1.3688476463991073e-05,5.5129812573495585e-05,1.2655609101130949e-05,5.203555453081599e-06
0.64,1.6861989007976864e-05,2.405345443889928e-05,3.400465994340962e-06,1.31645321251872e-05,1.624839525371513e-05,1.1008857763172841e-06,2.6239982898412784e-05,1.3339512364596295e-05,5.3733929040178374e-05,1.2329081270356923e-05,5.009650917764397e-06
0.642,1.6419385288513055e-05,2.343115573133492e-05,3.304258772818258e-06,1.2822615198526677e-05,1.5799104632341354e-05,1.0604543538850209e-06,2.55661588912659e-05,1.3000085230752134e-05,5.2375655164471624e-05,1.2011670652123385e-05,4.822694257611282e-06
0.644,1.5989287183570956e-05,2.282630352368198e-05,3.210810069820269e-06,1.2490366004036524e-05,1.5363461801864986e-05,1.0214350190107524e-06,2.491106658997211e-05,1.2669925844810415e-05,5.1053943145418224e-05,1.1703114393801783e-05,4.642445443292509e-06
0.646,1.5571326857832803e-05,2.2238386392370302e-05,3.1200394003949583e-06,1.216749790700078e-05,1.4941036117432915e-05,9.837792914746402e-07,2.427416114270109e-05,1.234877214806307e-05,4.9767768600106344e-05,1.1403154611011601e-05,4.468672967772314e-06
0.648,1.5165145780760003e-05,2.166690575655661e-05,3.0318697039621867e-06,1.1853730069177892e-05,1.4531409018525565e-05,9.474434844447543e-07,2.365491073252901e-05,1.2036367402989967e-05,4.851612855705234e-05,1.1111539581110108e-05,4.301153501251598e-06
0.65,1.4770393623275702e-05,2.111137386906492e-05,2.9462254824697e-06,1.1548790515791829e-05,1.413417259576999e-05,9.123832463986403e-07,2.3052794519640152e-05,1.173246015184759e-05,4.7298042348598024e-05,1.0828023280895493e-05,4.139670222280678e-06
0.652,1.4386729291648858e-05,2.0571316289963448e-05,2.8630330533019333e-06,1.1252411622253433e-05,1.3748930664303494e-05,8.785568329505722e-07,2.246730648325368e-05,1.1436804551068214e-05,4.611255329733943e-05,1.0552366191851625e-05,3.984013930202757e-06
0.654,1.4013820246627784e-05,2.0046269124773808e-05,2.7822212492756293e-06,1.0964334625218619e-05,1.3375297764017802e-05,8.459226833457123e-07,2.189795213947132e-05,1.1149161591617052e-05,4.495872559218128e-05,1.0284334261090322e-05,3.833983435286292e-06
0.656,1.3651342937204269e-05,1.9535781545676478e-05,2.7037199027413195e-06,1.0684307079622535e-05,1.301290057309501e-05,8.144413535804418e-07,2.1344249585997233e-05,1.0869297747406748e-05,4.383564898291503e-05,1.0023699980155065e-05,3.6893826208528324e-06
0.658,1.329898252114825e-05,1.9039414670407595e-05,2.627462191373553e-06,1.0412083548350104e-05,1.2661375130673669e-05,7.84074295379078e-07,2.0805730801432e-05,1.0596985497990374e-05,4.27424359552564e-05,9.770240658624196e-06,3.550022461995539e-06
0.66,1.2956433111710463e-05,1.8556742029329776e-05,2.5533827469059744e-06,1.0147424621687051e-05,1.2320369681018128e-05,7.547845919386731e-07,2.028193997261063e-05,1.0332002790769401e-05,4.167822174083735e-05,9.52374158980085e-06,3.415721352206802e-06
0.662,1.2623397481525966e-05,1.8087348406026216e-05,2.4814172437936932e-06,9.890099529119567e-06,1.198954259207241e-05,7.265362695907385e-07,1.977243400674844e-05,1.0074134676463231e-05,4.064216661370246e-05,9.283992598474455e-06,3.2863028792684545e-06
0.664,1.2299586964203969e-05,1.7630831347426046e-05,2.4115039629624135e-06,9.639883274070726e-06,1.1668562729272303e-05,6.992944412420599e-07,1.92767832311036e-05,9.823171519873775e-06,3.963345249735628e-05,9.05079017110566e-06,3.161596467626815e-06
0.666,1.1984721667501752e-05,1.718680009954454e-05,2.3435833345075707e-06,9.396557406837758e-06,1.1357109957921274e-05,6.730253732101232e-07,1.879456965736548e-05,9.578909394125645e-06,3.865128709279464e-05,8.82393672696491e-06,3.0414376317455805e-06
0.668,1.1678530184011659e-05,1.675487601782155e-05,2.2775976177280555e-06,9.159910490885714e-06,1.1054873804483556e-05,6.476965774826482e-07,1.832538858848043e-05,9.341151333108755e-06,3.769489929406067e-05,8.60324060725226e-06,2.925667508812957e-06
0.67,1.1380749031852933e-05,1.6334690577712863e-05,2.213489422309145e-06,8.929737969398666e-06,1.0761553788762868e-05,6.232760630942025e-07,1.786884752996709e-05,9.109705502829968e-06,3.67635417891643e-05,8.388515263857421e-06,2.8141324114328015e-06
0.672,1.1091123380635448e-05,1.5925889089829504e-05,2.151204033906673e-06,8.705841209044607e-06,1.0476859490848867e-05,5.997333604179644e-07,1.742456569608919e-05,8.884385990448607e-06,3.585648945281239e-05,8.179581345246767e-06,2.7066841377099138e-06
0.674,1.080940637107064e-05,1.5528125617669808e-05,2.0906890899619057e-06,8.488028159892025e-06,1.0200509790947443e-05,5.770389972514778e-07,1.6992175723151703e-05,8.665012449005083e-06,3.497304037347604e-05,7.9762638717229e-06,2.603179637628017e-06
0.676,1.0535358879060208e-05,1.5141067365109784e-05,2.0318926237106183e-06,8.276113264038543e-06,9.932233554943437e-06,5.551646279355893e-07,1.657131984289517e-05,8.451410717924546e-06,3.4112512292572283e-05,7.778394179314141e-06,2.5034803221579693e-06
0.678,1.0268749313324666e-05,1.4764390981802933e-05,1.9747649815382573e-06,8.0699159820119e-06,9.671768011254578e-06,5.340818129973002e-07,1.6161653341950633e-05,8.243410875574675e-06,3.327424695820369e-05,7.585808347809753e-06,2.4074518401029366e-06
0.68,1.0009353895978901e-05,1.4397783672848163e-05,1.9192572542348074e-06,7.86926325968551e-06,9.418859374110689e-06,5.137640035624003e-07,1.576284211723955e-05,8.0408502480811e-06,3.245760457926128e-05,7.398348206510974e-06,2.314966244254535e-06
0.682,9.756955981354843e-06,1.4040942859727679e-05,1.8653230300369472e-06,7.673986186618187e-06,9.173263539774545e-06,4.941854652162903e-07,1.537456301536899e-05,7.843569599153e-06,3.166196715187475e-05,7.215860678422281e-06,2.2258982873557542e-06
0.684,9.511345738821842e-06,1.369357704938956e-05,1.812916410215415e-06,7.483922675355359e-06,8.934742410038332e-06,4.753206011010036e-07,1.4996502856190475e-05,7.651415762310876e-06,3.0886735425394996e-05,7.038197403219648e-06,2.1401267950027503e-06
0.686,9.272320724040828e-06,1.3355402331938215e-05,1.7619938593727014e-06,7.298915438602727e-06,8.70306896294526e-06,4.571447667078843e-07,1.4628359694013326e-05,7.464240215693252e-06,3.013132979268196e-05,6.865215535722946e-06,2.057536642730007e-06
0.6880000000000001,9.039684844647234e-06,1.3026146679306905e-05,1.7125121898331486e-06,7.118812450190859e-06,8.478022170854693e-06,4.3963531370927456e-07,1.4269841078995427e-05,7.281898926625452e-06,2.9395189413472522e-05,6.69677611497832e-06,1.9780141085057323e-06
0.6900000000000001,8.813248294226029e-06,1.270554405996549e-05,1.6644296101375744e-06,6.943466996367498e-06,8.259388917353228e-06,4.227682932622656e-07,1.3920664611588585e-05,7.104252992329307e-06,2.8677770660734403e-05,6.532745240872551e-06,1.9014515596493808e-06
0.6920000000000001,8.592827919162716e-06,1.239334031710726e-05,1.6177065653710798e-06,6.772737010773966e-06,8.04696361023094e-06,4.0652194266410646e-07,1.3580556563419499e-05,6.931167986112818e-06,2.7978548093665623e-05,6.372993645142877e-06,1.8277434571389861e-06
0.6940000000000001,8.378246366225194e-06,1.2089287652172764e-05,1.5723037386505823e-06,6.606485707383314e-06,7.840547614157423e-06,3.908753513082175e-07,1.3249252829750091e-05,6.762513604541276e-06,2.729701282933039e-05,6.217395504770629e-06,1.7567888301872614e-06
0.6960000000000001,8.169332078855617e-06,1.1793146830418877e-05,1.528183500743019e-06,6.444580477049655e-06,7.639949300641824e-06,3.7580734446596153e-07,1.2926497285348226e-05,6.598164065452217e-06,2.6632672269655266e-05,6.065830191803734e-06,1.6884895229773988e-06
0.6980000000000001,7.965919067376426e-06,1.1504687884467124e-05,1.4853086397481619e-06,6.286893012963368e-06,7.444983507021163e-06,3.6129746583402067e-07,1.2612043096327241e-05,6.437996579622407e-06,2.598504953954528e-05,5.918180146502472e-06,1.6227508017330194e-06
0.7000000000000001,7.767847185702337e-06,1.1223686672723332e-05,1.443643910414849e-06,6.133299883304133e-06,7.255472581957356e-06,3.473269104548038e-07,1.2305651411415042e-05,6.281894160298229e-06,2.5353682878703765e-05,5.774332211605504e-06,1.559481236146354e-06
0.7020000000000001,7.574961103662403e-06,1.094992745398482e-05,1.4031546403669992e-06,5.9836810745173e-06,7.071243291800755e-06,3.3387670905771216e-07,1.2007091007681936e-05,6.129741904725705e-06,2.4738125571910352e-05,5.634176981406114e-06,1.4985924011723384e-06
0.704,7.387110870216152e-06,1.068320173636117e-05,1.3638075270216987e-06,5.837921075890762e-06,6.892129228996957e-06,3.209285129868178e-07,1.1716138431761003e-05,5.981429782031533e-06,2.4137944773738873e-05,5.49760827339707e-06,1.43999935997563e-06
0.706,7.2041512515941266e-06,1.042330736722441e-05,1.3255696956759877e-06,5.695908197989041e-06,6.717969988967454e-06,3.084648386719735e-07,1.1432576957126628e-05,5.836850373697189e-06,2.355272102150252e-05,5.364523989581649e-06,1.3836200855044112e-06
0.708,7.0259418452289776e-06,1.0170049141500215e-05,1.288409881450292e-06,5.557534365485672e-06,6.548610509859998e-06,2.9646847166109325e-07,1.1156198234774095e-05,5.695900516133889e-06,2.2982048692776758e-05,5.234824675515171e-06,1.3293739631325963e-06
0.71,6.852346630559225e-06,9.923238163400683e-06,1.2522973736883714e-06,5.422694909662518e-06,6.383901002382508e-06,2.849231784951556e-07,1.0886799043929862e-05,5.558479699518948e-06,2.2425534110914747e-05,5.108414070198464e-06,1.277184753400995e-06
0.712,1.390219382602087e-05,2.005928960135961e-05,2.396726279441097e-06,1.1063541614952932e-05,1.440257659002242e-05,7.741846882458603e-07,2.1757740709449358e-05,1.0877679125553819e-05,4.293207450845049e-05,1.0278884460146465e-05,4.479240682586649e-06
0.714,1.3517970636556242e-05,1.9510493553864805e-05,2.3241589240940996e-06,1.0760624384098527e-05,1.4003167936205152e-05,7.473805100355335e-07,2.1164698832842888e-05,1.0581509111151632e-05,4.175572511233572e-05,9.999382287184666e-06,4.332565713749403e-06
0.716,1.3142133045596083e-05,1.897321245203365e-05,2.2535862669315065e-06,1.046408316429659e-05,1.3613005930501743e-05,7.216119062292137e-07,2.0584018666003345e-05,1.029139461661277e-05,4.0603482614365305e-05,9.72573077395733e-06,4.191204065029375e-06
0.718,1.2774565101325575e-05,1.8447280548006262e-05,2.1849620386316104e-06,1.0173842289296076e-05,1.3231940268476627e-05,6.968356541792176e-07,2.001552999264522e-05,1.0007315622839741e-05,3.947513679480874e-05,9.457860689066067e-06,4.0549471153061845e-06
0.72,1.2415161738743574e-05,1.7932589985503178e-05,2.1182298901578633e-06,9.889838586629729e-06,1.2859832883238553e-05,6.730090702511404e-07,1.9459119286135973e-05,9.729216371989757e-06,3.837046635746244e-05,9.195716286325428e-06,3.923598669741679e-06
0.722,1.2063825448871412e-05,1.7429041061500783e-05,2.053335846130544e-06,9.612013659121565e-06,1.2496554133600846e-05,6.500955055388502e-07,1.8914682102799674e-05,9.457049040983989e-06,3.7289266314410874e-05,8.93924500589005e-06,3.7969718187369494e-06
0.724,1.1720461897191115e-05,1.693653654410987e-05,1.9902327024201583e-06,9.340313497641084e-06,1.2141979288782245e-05,6.280554911697322e-07,1.8382114665871363e-05,9.190763788247125e-06,3.623133780061849e-05,8.688397306499951e-06,3.674887886551126e-06
0.726,1.1384974956296646e-05,1.6454974666069155e-05,1.9288719105281515e-06,9.074677417175714e-06,1.179597920486497e-05,6.068540565618008e-07,1.7861310015354626e-05,8.930310736787739e-06,3.5196476740662064e-05,8.443119863144055e-06,3.557174951818176e-06
0.728,1.1057266643510476e-05,1.598424776760865e-05,1.8692069395642719e-06,8.815044648780024e-06,1.1458426126265131e-05,5.864581958947568e-07,1.73521551780631e-05,8.675635828181427e-06,3.4184467763265225e-05,8.20335752238499e-06,3.443666465097195e-06
0.73,1.0737236388269621e-05,1.552424211115344e-05,1.811194575651598e-06,8.56135075100184e-06,1.1129187288294595e-05,5.668340683495643e-07,1.6854530791698963e-05,8.426684249829286e-06,3.319508476817834e-05,7.969052325362824e-06,3.334202953175769e-06
0.732,1.0424781151863182e-05,1.5074840302609083e-05,1.7547903876646842e-06,8.313528216619126e-06,1.0808130010531158e-05,5.479504984196026e-07,1.6368311854475515e-05,8.183394752281359e-06,3.222809189695752e-05,7.74014342530549e-06,3.2286301737682876e-06
0.734,1.0119797446217493e-05,1.46359212490621e-05,1.6999529929284662e-06,8.071508709406316e-06,1.0495120264186752e-05,5.297774650081521e-07,1.589337053475859e-05,7.945707519385614e-06,3.128324845691477e-05,7.516568151677561e-06,3.1267991188466127e-06
0.736,9.822182081209441e-06,1.420736241630749e-05,1.6466424515027e-06,7.835222352925442e-06,1.0190025575895767e-05,5.122856087114158e-07,1.5429577734926703e-05,7.713560317701429e-06,3.0360312800348233e-05,7.298263657640192e-06,3.028567896135037e-06
0.738,9.531833566678306e-06,1.3789042142331454e-05,1.5948208601512803e-06,7.6046008968821965e-06,9.892715527981544e-06,4.954483385777309e-07,1.4976804936006616e-05,7.48689178797779e-06,2.9459043854984657e-05,7.085167890386046e-06,2.9337994315037363e-06
0.74,9.248651650495265e-06,1.3380839993137883e-05,1.54445045297269e-06,7.379575631127899e-06,9.603061644658517e-06,4.79238680295424e-07,1.4534924029474539e-05,7.265640745823809e-06,2.857920382370871e-05,6.8772180484844014e-06,2.8423634552687815e-06
0.742,8.97253832685685e-06,1.2982636130476344e-05,1.4954972546998846e-06,7.160078679069315e-06,9.320937970680454e-06,4.636316290884679e-07,1.4103808854692979e-05,7.0497471318375915e-06,2.772055726052436e-05,6.6743528766011195e-06,2.754135480897979e-06
0.744,8.703396299625243e-06,1.2594311368241407e-05,1.4479270504796915e-06,6.94604301043622e-06,9.046220491248924e-06,4.4860367731658357e-07,1.3683332425684647e-05,6.839149379156417e-06,2.688286947349905e-05,6.476510508779398e-06,2.6689956114100966e-06
0.746,8.441129067471298e-06,1.2215745244792409e-05,1.4017074425609621e-06,6.7374008632103966e-06,8.778786626528756e-06,4.3413181072260443e-07,1.3273367649002665e-05,6.6337871461596976e-06,2.606590442610912e-05,6.28362904742108e-06,2.586830418205288e-06
0.748,8.185639534452616e-06,1.184681631349882e-05,1.3568066170588367e-06,6.5340835715410606e-06,8.518514403532684e-06,4.201937996439753e-07,1.2873784993705506e-05,6.433597642740985e-06,2.52694219564642e-05,6.095646260306786e-06,2.5075297860333023e-06
0.75,7.93683021057534e-06,1.1487400405907344e-05,1.3131941538624403e-06,6.3360212144703e-06,8.265281543407e-06,4.067694390208487e-07,1.2484453126959671e-05,6.2385178862811586e-06,2.4493177179341075e-05,5.912498028948221e-06,2.4309891275553497e-06
0.752,7.69460194354199e-06,1.1137369918867712e-05,1.2708406372796688e-06,6.143142332382112e-06,8.018965495626418e-06,3.93838192613849e-07,1.2105236832038457e-05,6.048481835496666e-06,2.3736917859840112e-05,5.7341189626525235e-06,2.35710736862238e-06
0.754,7.458854149011706e-06,1.0796594430484419e-05,1.2297164851959863e-06,5.955374075106157e-06,7.77944306706857e-06,3.8138086755346023e-07,1.1735996803485804e-05,5.8634225841291965e-06,2.3000383864268947e-05,5.560442071006477e-06,2.285787241818049e-06
0.756,7.229484324045021e-06,1.0464939284138275e-05,1.189793434330788e-06,5.772640746748436e-06,7.546589873563825e-06,3.6937933267644496e-07,1.1376589795442094e-05,5.6832703638765025e-06,2.2283306508219525e-05,5.3913981447051285e-06,2.2169357567491943e-06
0.758,1.1144780125416087e-05,1.6108003882187028e-05,1.8189176758109937e-06,8.886230069338197e-06,1.116101576525974e-05,3.9042713317893885e-07,1.7783849226349346e-05,8.963523246197092e-06,3.532400473493791e-05,8.45435955032503e-06,2.557469970576598e-06
0.76,1.0839106303950352e-05,1.5670891264085718e-05,1.765388911834087e-06,8.6439416187023e-06,1.0851516409893236e-05,3.7628632731934175e-07,1.7300511852447187e-05,8.719871761431186e-06,3.436447787130703e-05,8.225253895433049e-06,2.472923127050386e-06
0.762,1.0541582928336179e-05,1.524393034302296e-05,1.7141103100248856e-06,8.408236670143232e-06,1.055083071632712e-05,3.631480531840481e-07,1.6830057266270515e-05,8.483066834652497e-06,3.3430147125979026e-05,8.001513285949002e-06,2.3907886778085086e-06
0.764,1.0251723691800941e-05,1.482781835504543e-05,1.6643163414098439e-06,8.178525418012228e-06,1.0257900821430965e-05,3.5047765412077325e-07,1.6371491683431216e-05,8.252239538042438e-06,3.251966714890031e-05,7.783416739126636e-06,2.31138321848956e-06
0.766,9.969382498775658e-06,1.442236411308695e-05,1.6159647386881915e-06,7.95470282854982e-06,9.97257864954193e-06,3.382540675334056e-07,1.5924616461382435e-05,8.027291253154267e-06,3.163260022032155e-05,7.570858134298142e-06,2.2345945211998952e-06
0.768,9.694413458860574e-06,1.4027371183722437e-05,1.5690163712722693e-06,7.736659121904133e-06,9.694710826346764e-06,3.264632718602556e-07,1.5489214799657702e-05,7.808120330632384e-06,3.076850974836898e-05,7.363739046861717e-06,2.1603298879790955e-06
0.77,9.426666684309027e-06,1.3642636473631953e-05,1.5234335775105023e-06,7.5242807274777945e-06,9.424145205438883e-06,3.15087298252692e-07,1.506507015480718e-05,7.594612062011841e-06,2.9926946667147014e-05,7.161958314516603e-06,2.0884963622957997e-06
0.772,9.165992379123189e-06,1.3267954757201217e-05,1.4791762062982272e-06,7.317457615174661e-06,9.160730341073453e-06,3.0410948914649794e-07,1.4651962404688135e-05,7.386657431496246e-06,2.910745732853659e-05,6.96541070999146e-06,2.0190075076254033e-06
0.774,8.912240167635588e-06,1.2903122840413062e-05,1.4362081320884457e-06,7.116073807877932e-06,8.904312635227285e-06,2.9351510710817763e-07,1.4249668505716961e-05,7.184144456884312e-06,2.830958488297952e-05,6.773995059328186e-06,1.9517762487319956e-06
0.776,8.665261920748346e-06,1.2547935358098172e-05,1.3944931406273398e-06,6.920016750067148e-06,8.65474404521116e-06,2.832915250161605e-07,1.3857968371500107e-05,6.986963597577223e-06,2.753287096413093e-05,6.5876052917079875e-06,1.8867301635472344e-06
0.778,8.424909786763913e-06,1.220218913833282e-05,1.3539972605336459e-06,6.729175587860681e-06,8.411876476044355e-06,2.7342081621029024e-07,1.3476642631626845e-05,6.7950016654494405e-06,2.677686587626571e-05,6.406137178172067e-06,1.8237912371432685e-06
0.78,8.191039155147628e-06,1.1865684063527837e-05,1.3146867053892564e-06,6.5434385347895585e-06,8.175564621071274e-06,2.638932721232834e-07,1.3105473182783989e-05,6.608150002862523e-06,2.604112009962911e-05,6.229491302134349e-06,1.762889767165099e-06
0.782,7.963506663299924e-06,1.1538222293938638e-05,1.2765278168958005e-06,6.362696506667653e-06,7.945666107733729e-06,2.5469473929895514e-07,1.2744243618634243e-05,6.426300608985969e-06,2.5325191328140484e-05,6.05756514893141e-06,1.7039584637723593e-06
0.784,7.742170902058643e-06,1.121960593697402e-05,1.239488866877636e-06,6.186840721178477e-06,7.722039922941626e-06,2.458146866057831e-07,1.2392740591948836e-05,6.249344526199074e-06,2.462864125329922e-05,5.890258424567918e-06,1.6469340899938345e-06
0.786,7.526892692655274e-06,1.0909642391032648e-05,1.2035390084541575e-06,6.015764495548304e-06,7.504547791081784e-06,2.3724116748891078e-07,1.2050753481762655e-05,6.0771754570865255e-06,2.3951037245506512e-05,5.727471611760571e-06,1.5917542768306703e-06
0.788,7.317534796480452e-06,1.0608139559886709e-05,1.1686481680150962e-06,5.8493616420518535e-06,7.293053674417571e-06,2.2896357521062782e-07,1.1718073205435608e-05,5.909688675531655e-06,2.3291951363635377e-05,5.569106679259583e-06,1.5383614213604346e-06
0.79,7.113961291771442e-06,1.0314908128639111e-05,1.1347856230248254e-06,5.687527260822556e-06,7.087422000728871e-06,2.2097224550154948e-07,1.1394493378280579e-05,5.746779729531859e-06,2.265096027220803e-05,5.415066435032756e-06,1.4866978439442846e-06
0.792,6.9160384921551635e-06,1.0029759406227079e-05,1.1019241221710274e-06,5.530158398769913e-06,6.887519885201421e-06,2.132559054901506e-07,1.1079809477676505e-05,5.588345547424822e-06,2.2027646978561854e-05,5.265254289898991e-06,1.436710910129868e-06
0.794,6.7236345337784446e-06,9.752509742222415e-06,1.070034851058388e-06,5.377152607510816e-06,6.693216703990146e-06,2.0580685100579643e-07,1.0773818512443967e-05,5.434283633865e-06,2.14216002231149e-05,5.119575347989347e-06,1.3883468645836672e-06
0.796,6.536618777797099e-06,9.482975055430387e-06,1.0390909432889117e-06,5.22840820327275e-06,6.50438169280676e-06,1.9861425260003784e-07,1.0476321600672023e-05,5.284493744706076e-06,2.0832411724791555e-05,4.977935186167848e-06,1.3415553742346376e-06
0.798,6.354862718227494e-06,9.220974605983479e-06,1.009065756174543e-06,5.083826029150806e-06,6.3208872733699906e-06,1.9166977893725345e-07,1.0187120163429597e-05,5.138875630028572e-06,2.025967953445118e-05,4.840240872105994e-06,1.2962875386435257e-06
0.8,6.17823893589442e-06,8.966328805093404e-06,9.799327161941207e-07,4.943305839111289e-06,6.142606047365717e-06,1.849654245322796e-07,9.906018253125204e-06,4.9973307597595e-06,1.9703005846305466e-05,4.7063991701623564e-06,1.2524964972948638e-06
0.802,6.006621861209816e-06,8.718860220136015e-06,9.516667881515062e-07,4.806750502961421e-06,5.969412084971815e-06,1.7849240085965334e-07,9.632821617366893e-06,4.859761873365898e-06,1.916199854778977e-05,4.576319415638963e-06,1.2101351608562183e-06
0.804,5.839887384706533e-06,8.478393482724833e-06,9.242434524381338e-07,4.674062646481403e-06,5.801181786724285e-06,1.7224284476480278e-07,9.367338676957715e-06,4.7260716663499736e-06,1.8636268949379087e-05,4.449910293913284e-06,1.1691600473318076e-06
0.806,5.677912824297859e-06,8.244755217101662e-06,8.976384654468816e-07,4.545146247258991e-06,5.6377914650074246e-06,1.662096676957603e-07,9.109378840022053e-06,4.596164690506832e-06,1.8125433905447075e-05,4.327082339883326e-06,1.129527404608588e-06
0.808,5.52057691417529e-06,8.0177730799047e-06,8.718281926389793e-07,4.4199060429406245e-06,5.479119841278468e-06,1.6038465799894652e-07,8.858754356744214e-06,4.469946397134272e-06,1.762911416025581e-05,4.207746719053773e-06,1.0911956938031153e-06
0.81,5.3677602036006355e-06,7.797277922994006e-06,8.467897812947101e-07,4.298248970080465e-06,5.325046418147572e-06,1.5476149684001683e-07,8.615279049939417e-06,4.347323166786765e-06,1.714693540832979e-05,4.0918153743074726e-06,1.0541244472861422e-06
0.812,5.2193445170489735e-06,7.58310152926267e-06,8.225000136530269e-07,4.18008174229989e-06,5.175452785111112e-06,1.4933319836263337e-07,8.378769255412699e-06,4.22820236167798e-06,1.6678528911850954e-05,3.979201313342173e-06,1.0182740595165996e-06
0.8140000000000001,5.075213433336501e-06,7.375078897142728e-06,7.989373951300394e-07,4.065313130130477e-06,5.03022139941578e-06,1.4409244231128326e-07,8.14904287238516e-06,4.11249309317796e-06,1.6223530264758423e-05,3.869818586466067e-06,9.83606252447089e-07
0.8160000000000001,4.935252066728957e-06,7.173046203790001e-06,7.760804117129538e-07,3.953852138360858e-06,4.88923636565719e-06,1.3903337903187207e-07,7.92592107279333e-06,4.0001045203963415e-06,1.57815805292838e-05,3.76358235176788e-06,9.500836944953406e-07
0.8180000000000001,4.799347472828064e-06,6.976842277794937e-06,7.539081812169002e-07,3.845610519581655e-06,4.752383412132133e-06,1.3414998201177752e-07,7.709226799046398e-06,3.8909484642024594e-06,1.5352325964612668e-05,3.6604085106306528e-06,9.176706170510585e-07
0.8200000000000001,4.667388296331066e-06,6.786308807793517e-06,7.324000126374131e-07,3.740499838644773e-06,4.619550331153022e-06,1.2943583305169426e-07,7.498785735693403e-06,3.7849366116837757e-06,1.4935418736317096e-05,3.5602148359403785e-06,8.863322203955804e-07
0.8220000000000001,4.5392651782383275e-06,6.601289356811257e-06,7.115360670661985e-07,3.638434409980462e-06,4.490626332342984e-06,1.2488531753174215e-07,7.294426409010235e-06,3.681983244296916e-06,1.4530516741051436e-05,3.4629196570268306e-06,8.560342472652138e-07
0.8240000000000001,4.414870555502493e-06,6.421630711295201e-06,6.912966278305177e-07,3.539329185731077e-06,4.365502619951833e-06,1.2049296393978892e-07,7.095980058324791e-06,3.5820032580069494e-06,1.4137283193549344e-05,3.368443370788121e-06,8.267435656073019e-07
0.8260000000000001,4.294098977097871e-06,6.247181837948368e-06,6.716633341730116e-07,3.4431005940804837e-06,4.244072062897786e-06,1.1625309925822336e-07,6.903281205006273e-06,3.484913427276304e-06,1.3755388694525195e-05,3.2767067493777446e-06,7.984287664353218e-07
0.8280000000000001,4.1768467340386195e-06,6.0777946545576e-06,6.526171162368755e-07,3.3496667218857468e-06,4.126229614875854e-06,1.121607253740109e-07,6.716166680353908e-06,3.3906316438958584e-06,1.3384509237046593e-05,3.1876327387658776e-06,7.71058207393871e-07
0.8300000000000001,4.063012471489102e-06,5.913323911532764e-06,6.3414002937634e-07,3.2589477448885518e-06,4.011872370202063e-06,1.0821092788493303e-07,6.534476724939786e-06,3.2990780002295494e-06,1.3024327692234827e-05,3.1011454248996984e-06,7.446018887025119e-07
0.8320000000000001,3.952496805759153e-06,5.7536274679081956e-06,6.162148165067549e-07,3.170864612433988e-06,3.9008994073830294e-06,1.0439855668842313e-07,6.358055195110346e-06,3.210173611489786e-06,1.2674533338641325e-05,3.017170579933115e-06,7.190304714965734e-07
0.834,3.845202554242366e-06,5.598566312214892e-06,5.988242227639162e-07,3.0853407574360503e-06,3.7932117383787656e-06,1.0071888845164523e-07,6.186748505943029e-06,3.1238415916234885e-06,1.2334822301451887e-05,2.935635200707054e-06,6.943160234529344e-07
0.836,3.7410345343436014e-06,5.448003856156625e-06,5.819516627481036e-07,3.0023006341028946e-06,3.688712471250355e-06,9.716739335363656e-08,6.020406918549881e-06,3.0400064026103735e-06,1.2004897618544952e-05,2.8564680125686692e-06,6.704303735505235e-07
0.838,3.6398999623821204e-06,5.301807174729056e-06,5.655809142135482e-07,2.921670815614341e-06,3.5873073765957386e-06,9.373999743100825e-08,5.858883674436655e-06,2.9585944484322724e-06,1.1684468921635549e-05,2.779599268531996e-06,6.4734703220104e-07
0.84,3.5417081274857766e-06,5.159846172442251e-06,5.496965791440545e-07,2.8433791170456857e-06,3.488903764559126e-06,9.043184967527651e-08,5.702035882015899e-06,2.8795338926634884e-06,1.1373253190338772e-05,2.7049608525286928e-06,6.25039974444519e-07
0.842,3.4463705798737363e-06,5.021993722764684e-06,5.342832228860672e-07,2.7673560938357156e-06,3.3934114018752126e-06,8.723918409891951e-08,5.549723574804766e-06,2.8027543620412487e-06,1.1070973925386696e-05,2.6324861989168724e-06,6.034841121271839e-07
0.844,3.353801092487174e-06,4.8881265054534495e-06,5.19326164294398e-07,2.6935326395971515e-06,3.3007423680952996e-06,8.415804175765373e-08,5.401810515115457e-06,2.7281873206108642e-06,1.077736202315105e-05,2.562110416159946e-06,5.826549306364726e-07
0.846,3.263915651807725e-06,4.75812360389849e-06,5.048111394456711e-07,2.6218425589474847e-06,3.2108107291817234e-06,8.118447503147053e-08,5.258163599419774e-06,2.655766010550842e-06,1.0492155234409495e-05,2.4937703125837984e-06,5.625288546085017e-07
0.848,3.1766325294890763e-06,4.631867754012475e-06,4.907241397678064e-07,2.5522208886297193e-06,3.12353283038469e-06,7.831478276987269e-08,5.118653947255858e-06,2.585425574186395e-06,1.0215098157906333e-05,2.4274042293992437e-06,5.430829905783696e-07
0.85,3.0918720052230953e-06,4.509244462824746e-06,4.770516730534524e-07,2.484604288532921e-06,3.038827421142365e-06,7.554534631193377e-08,4.983154997972861e-06,2.51710254361992e-06,9.945942643696526e-06,2.362951694312443e-06,5.242949807637842e-07
0.852,3.0095567404964106e-06,4.390142529842045e-06,4.637808189711379e-07,2.418931534187152e-06,2.9566150341331365e-06,7.287256309496115e-08,4.851544368134064e-06,2.4507352751612643e-06,9.68444695603754e-06,2.3003549397548895e-06,5.061433856479169e-07
0.854,2.9296115243271357e-06,4.274453906272235e-06,4.508987897500205e-07,2.3551427323909024e-06,2.8768187230188147e-06,7.029348791931511e-08,4.7237030399438495e-06,2.3862640277094727e-06,9.43037657075152e-06,2.239556719740854e-06,4.886072457743751e-07
0.856,2.851963156180748e-06,4.162073579672132e-06,4.383933485119229e-07,2.2931798598913034e-06,2.7993632523148904e-06,6.780457328936507e-08,4.5995150534938745e-06,2.323630498235474e-06,9.183503517196101e-06,2.1805017216269817e-06,4.716661575754344e-07
0.858,2.776540810922601e-06,4.052899213347061e-06,4.2625274454533013e-07,2.2329865047021613e-06,2.7241763325136503e-06,6.540269381627439e-08,4.478868068091835e-06,2.2627783904383136e-06,8.943606555344985e-06,2.123136718878982e-06,4.5530088754741627e-07
0.86,2.7032754225331247e-06,3.9468319291691145e-06,4.1446537191180965e-07,2.1745081597579485e-06,2.6511865723888306e-06,6.308480415828654e-08,4.361652486850609e-06,2.2036524693902493e-06,8.710471167461264e-06,2.0674092339190153e-06,4.394920303241179e-07
0.862,2.6321002636886526e-06,3.843775754575063e-06,4.030202359617263e-07,2.117691541347888e-06,2.580325721979193e-06,6.084811399187373e-08,4.247762600551042e-06,2.1461997872229688e-06,8.483888673138651e-06,2.0132686842089242e-06,4.242215239091962e-07
0.864,2.5629504791346845e-06,3.743637356889984e-06,3.919064970325792e-07,2.0624849969008707e-06,2.5115270093634123e-06,5.8689834547820396e-08,4.1370954140251825e-06,2.0903685520323734e-06,8.263657706675254e-06,1.9606661312288054e-06,4.0947129265056503e-07
0.866,2.495763214527269e-06,3.6463260054686586e-06,3.8111378564131826e-07,2.008838957845427e-06,2.4447258886173273e-06,5.660713497945835e-08,4.0295513470400834e-06,2.0361087034181935e-06,8.049582167046765e-06,1.909553886125792e-06,3.952242690896668e-07
0.868,2.430477525439123e-06,3.551754527597595e-06,3.7063192115383004e-07,1.9567046094515206e-06,2.379859417200869e-06,5.4597320109373015e-08,3.925033782659071e-06,1.983371669234124e-06,7.841472531633364e-06,1.859885794042171e-06,3.814636813093131e-07
0.87,2.3670345203341547e-06,3.4598377854910822e-06,3.604515534938457e-07,1.9060354708999583e-06,2.316866983820276e-06,5.265821556577066e-08,3.823448752160452e-06,1.932110532010256e-06,7.63914520041098e-06,1.8116171059956443e-06,3.6817360349328254e-07
0.872,2.3053769203418283e-06,3.370493617649295e-06,3.5056282488010737e-07,1.8567858384166414e-06,2.25568977063606e-06,5.0786855498863304e-08,3.7247060166167856e-06,1.8822795964101857e-06,7.442422203629562e-06,1.7647045559288088e-06,3.5533792375197493e-07
0.874,2.245449386850673e-06,3.2836422287907396e-06,3.409569491186204e-07,1.8089117639341623e-06,2.196270556975577e-06,4.898134220443495e-08,3.628717229808842e-06,1.8338347025359525e-06,7.251131345809014e-06,1.7191060042165418e-06,3.429417451128458e-07
0.876,2.1871983823085193e-06,3.1992066477082304e-06,3.316251167007067e-07,1.762370698710214e-06,2.138554374475632e-06,4.723916691151686e-08,3.5353973071305944e-06,1.7867332283705295e-06,7.065106063408599e-06,1.6747809286066229e-06,3.3097029106254894e-07
0.878,2.130571979175322e-06,3.1171121811501834e-06,3.225586481248044e-07,1.7171213155808829e-06,2.082487240540054e-06,4.5558119166067e-08,3.444664300134015e-06,1.740933619709395e-06,6.8841850386913706e-06,1.6316897074597492e-06,3.194096211966979e-07
0.88,2.0755200581534794e-06,3.0372866236527685e-06,3.137494806182417e-07,1.6731238036138407e-06,2.0280178041343078e-06,4.393616315212512e-08,3.356438166401965e-06,1.6963959932336792e-06,6.708212213157871e-06,1.58979461761799e-06,3.0824571595200467e-07
0.882,2.0219940399801573e-06,2.959660151180543e-06,3.051896730887904e-07,1.6303395838912493e-06,1.975095674344729e-06,4.237104378468359e-08,3.2706420620698395e-06,1.6530817104065676e-06,6.537036502884952e-06,1.5490583943345015e-06,2.974656038157164e-07
0.884,1.9699469294698346e-06,2.8841650004940433e-06,2.968716862339349e-07,1.5887312649898178e-06,1.923672341863636e-06,4.0860991923352685e-08,3.1872007784095047e-06,1.610953245689828e-06,6.370512221853808e-06,1.5094456908837373e-06,2.8705607235668396e-07
0.886,1.9193333435918447e-06,2.810735828751021e-06,2.8878793723041696e-07,1.548262856143623e-06,1.8737010772928997e-06,3.940421644532677e-08,3.1060428699047904e-06,1.5699741655605948e-06,6.208497882465025e-06,1.4709217944774977e-06,2.77004807647252e-07
0.888,1.870109314461299e-06,2.73930962702007e-06,2.8093128578987603e-07,1.5088993502443415e-06,1.82513608371071e-06,3.799863412812243e-08,3.0270981139501885e-06,1.530109516867384e-06,6.050857052075642e-06,1.4334535166637963e-06,2.672999641628593e-07
0.89,1.8222323785122009e-06,2.669825098333689e-06,2.732948602979235e-07,1.4706068498515634e-06,1.777933989921543e-06,3.6642451184398794e-08,2.9502990107621585e-06,1.4913256082271786e-06,5.897457843628828e-06,1.397008204451211e-06,2.579298684635134e-07
0.892,1.7756614510089364e-06,2.602222934022791e-06,2.658720227310951e-07,1.4333528113308347e-06,1.7320519466457185e-06,3.533406112143922e-08,2.8755806191771427e-06,1.4535894369283042e-06,5.748172735464685e-06,1.3615549063761279e-06,2.488830362912253e-07
0.894,1.7303568549231763e-06,2.536446319756358e-06,2.586562033446427e-07,1.397105886757899e-06,1.6874489938700776e-06,3.407180659831255e-08,2.8028794681889124e-06,1.4168693761584805e-06,5.6028782496886365e-06,1.3270634854345431e-06,2.4014875943390024e-07
0.896,1.686280098633919e-06,2.4724398561826177e-06,2.5164121952858665e-07,1.3618353252864424e-06,1.6440852750321255e-06,3.285402316866026e-08,2.732134626870497e-06,1.3811347582270983e-06,5.46145490254446e-06,1.2935045302642223e-06,2.3171646923447753e-07
0.898,1.643394205397275e-06,2.4101501407969295e-06,2.4482118543556197e-07,1.327511639392931e-06,1.6019227256913737e-06,3.16792607701899e-08,2.663287363979805e-06,1.346356090281553e-06,5.323787805933122e-06,1.2608499633248726e-06,2.2357587836641102e-07
0.9,1.6016632263360365e-06,2.3495256890049276e-06,2.3819000127822676e-07,1.294106374949422e-06,1.560924098198413e-06,3.054590902440424e-08,2.5962805279000634e-06,1.3125045065232044e-06,5.189765443391892e-06,1.229072451369717e-06,2.157172617200942e-07
0.902,1.5610525211373627e-06,2.2905163992170685e-06,2.3174246599477755e-07,1.2615921110015194e-06,1.5210535659893054e-06,2.945251076358346e-08,2.531058895915983e-06,1.2795526523889933e-06,5.059279928110172e-06,1.1981456903287224e-06,2.0813099166350213e-07
0.904,1.5215285552372392e-06,2.23307424285224e-06,2.254725912642641e-07,1.2299419710481985e-06,1.4822764202726546e-06,2.8397888707232255e-08,2.467569380049106e-06,1.2474735103795709e-06,4.932227428922076e-06,1.1680441397432517e-06,2.008079791337991e-07
0.906,1.483058939433235e-06,2.1771525310354534e-06,2.1937546146322262e-07,1.1991303904279604e-06,1.444559233343412e-06,2.7380473222038404e-08,2.405760399448731e-06,1.216241537038698e-06,4.808507075737545e-06,1.1387431045895013e-06,1.937391880257877e-07
0.908,1.4456123840878022e-06,2.122706184159995e-06,2.134458884084367e-07,1.1691325918494755e-06,1.407869480329893e-06,2.6398999097843046e-08,2.3455823308093926e-06,1.1858313627710615e-06,4.688021980947532e-06,1.1102189484413216e-06,1.8691607406307043e-07
0.91,1.4091585869291379e-06,2.069691727779599e-06,2.076789191729489e-07,1.1399241752751976e-06,1.3721760769858093e-06,2.5452298935135786e-08,2.286987039412658e-06,1.156219214037968e-06,4.570677629711639e-06,1.0824484749649699e-06,1.8033031301545321e-07
0.912,1.3736683379561576e-06,2.0180672308800496e-06,2.020699824134553e-07,1.1114824441937898e-06,1.3374485950956583e-06,2.4539020260228028e-08,2.2299280022508583e-06,1.1273813758094775e-06,4.456383522422058e-06,1.0554095604131675e-06,1.739736458228336e-07
0.914,1.339113369958067e-06,1.9677917304505854e-06,1.9661432526518752e-07,1.0837844416355935e-06,1.303658101137195e-06,2.3658189962638687e-08,2.1743603522139665e-06,1.0992956435140755e-06,4.3450517446252945e-06,1.029080547665373e-06,1.6783862311076092e-07
0.916,1.3054662730382916e-06,1.9188261428659814e-06,1.9130736261807613e-07,1.0568087587259356e-06,1.2707761857244648e-06,2.2808700705923002e-08,2.1202405801057367e-06,1.071939662034005e-06,4.2365970861490965e-06,1.0034407605941098e-06,1.6191749085958662e-07
0.918,1.2727006784563066e-06,1.8711324921705241e-06,1.8614501073876966e-07,1.0305342502681114e-06,1.2387753952625147e-06,2.1989266740796154e-08,2.067526761351246e-06,1.0452930443438646e-06,4.130937559909675e-06,9.7847012914265e-07,1.5620287463491422e-07
0.92,1.240791002576902e-06,1.8246736477323111e-06,1.8112301214401327e-07,1.004940901161433e-06,1.2076296341811954e-06,2.1198933608523873e-08,2.0161781620897656e-06,1.0193348203291208e-06,4.027993766086979e-06,9.541491857723017e-07,1.5068796266337614e-07
0.922,1.2097126327881291e-06,1.7794146069949335e-06,1.7623736725536077e-07,9.80008872386584e-07,1.177313464051366e-06,2.0436699887937948e-08,1.966155786958801e-06,9.94045738500482e-07,3.927688851712574e-06,9.304590925518497e-07,1.4536584758140236e-07
0.924,1.1794415643251455e-06,1.7353207839576612e-06,1.7148433972824506e-07,9.55719023254531e-07,1.1478019253940985e-06,1.970151564112399e-08,1.9174215656336813e-06,9.694062617082722e-07,3.82994848968643e-06,9.073817127669415e-07,1.4023002548047003e-07
0.926,1.1499546733073629e-06,1.6923589563067054e-06,1.6685986825581978e-07,9.320533601586689e-07,1.1190714681585945e-06,1.8992418193697347e-08,1.8699386198361978e-06,9.453981393292565e-07,3.734700767643595e-06,8.848993942045524e-07,1.3527374098654121e-07
0.928,1.1212298123397524e-06,1.6504970662412077e-06,1.6236026778582158e-07,9.089942394346906e-07,1.0910991030677053e-06,1.8308661586807773e-08,1.8236718765107796e-06,9.220037332502429e-07,3.6418763010859223e-06,8.62995426897939e-07,1.3049144753640718e-07
0.93,1.0932451678380417e-06,1.6097040094198434e-06,1.5798233587993593e-07,8.865243290578917e-07,1.0638623091363542e-06,1.7649262273877753e-08,1.7785864918629102e-06,8.992056181877928e-07,3.551407720792099e-06,8.416530647981091e-07,1.2587653697160306e-07
0.932,1.0659799542289682e-06,1.5699498464583073e-06,1.5372245876221768e-07,8.646268730982953e-07,1.0373397929530626e-06,1.7013345621208487e-08,1.7346497764858526e-06,8.769869863645141e-07,3.4632299511505593e-06,8.208566478762336e-07,1.2142386351943202e-07
0.934,1.0394138663771813e-06,1.5312055849925343e-06,1.49577167762871e-07,8.432859316398478e-07,1.011510784132419e-06,1.6400018454376664e-08,1.6918291201317714e-06,8.55331991789221e-07,3.3772798442299745e-06,8.005907137231816e-07,1.1712750691561524e-07
0.936,1.0135274571831943e-06,1.493442723932148e-06,1.4554360927565568e-07,8.224863141670369e-07,9.863552554723043e-07,1.5808851672183266e-08,1.6500939528096836e-06,8.342245837456019e-07,3.293496643408389e-06,7.808404003384339e-07,1.1298223701050603e-07
0.9380000000000001,9.883016953038392e-07,1.4566344426203415e-06,1.4161833172821048e-07,8.022126153361953e-07,9.61853658498768e-07,1.5238620365565225e-08,1.6094137990085855e-06,8.136500806443792e-07,3.2118211739096125e-06,7.615914330294515e-07,1.0898279789728349e-07
0.9400000000000001,9.637182667110445e-07,1.4207543368449649e-06,1.377984368833296e-07,7.824505243725355e-07,9.37987137961116e-07,1.4688781746485802e-08,1.5697599610176027e-06,7.93593571080109e-07,3.1321962975505713e-06,7.428296061595674e-07,1.0512401349416223e-07
0.9420000000000001,9.397593886628641e-07,1.3857767873215465e-06,1.3408090737687672e-07,7.63185838748015e-07,9.147374560036781e-07,1.415859574027678e-08,1.5311037140364192e-06,7.740410050693924e-07,3.0545666516168524e-06,7.245416967505136e-07,1.014012339650705e-07
0.9440000000000001,9.164080536305796e-07,1.3516772623400897e-06,1.3046323499299461e-07,7.44405206254406e-07,8.920873655338113e-07,1.3647352359313913e-08,1.4934181894465937e-06,7.549785633331751e-07,2.978878776205285e-06,7.067148212192009e-07,9.780976462092639e-08
0.9460000000000001,8.93647520094909e-07,1.3184318511383353e-06,1.269424276806319e-07,7.260949846932263e-07,8.700196276745231e-07,1.315444198013438e-08,1.4566769460655493e-06,7.363932650328309e-07,2.9050806187314038e-06,6.893359818516132e-07,9.434505610084187e-08
0.9480000000000001,8.714616379745799e-07,1.2860174274376135e-06,1.2351568212665143e-07,7.0824295606009e-07,8.485177853678749e-07,1.2679222560763037e-08,1.4208543848148736e-06,7.182717465248345e-07,2.8331215488064387e-06,6.723930690011315e-07,9.100255704552751e-08
0.9500000000000001,8.498349826968621e-07,1.2544116269053163e-06,1.2018076411823841e-07,6.908364599267358e-07,8.27565948990916e-07,1.2221188061545263e-08,1.3859256943193898e-06,7.006020268374158e-07,2.7629533457806943e-06,6.558743587126159e-07,8.777841331575331e-08
0.9520000000000001,8.287522927363788e-07,1.2235928135151397e-06,1.1693499901710425e-07,6.738634289460421e-07,8.071487688221524e-07,1.1779517805621254e-08,1.3518669272905015e-06,6.833717935972317e-07,2.694528349223013e-06,6.397682730252541e-07,8.466805612172834e-08
0.9540000000000001,8.081989292696434e-07,1.1935395901607748e-06,1.1377575337423451e-07,6.573124834430288e-07,7.87251203004935e-07,1.1353449291817697e-08,1.3186549679966575e-06,6.66569312191001e-07,2.627800876675579e-06,6.240638814603017e-07,8.16677750981043e-08
0.9560000000000001,7.881608491744352e-07,1.16423213203376e-06,1.1070102889920719e-07,6.411721866772524e-07,7.678591306126137e-07,1.0942964312476988e-08,1.2862668681279388e-06,6.501834440841847e-07,2.562726647559188e-06,6.08750261865687e-07,7.877382757204288e-08
0.9580000000000001,7.686242047166835e-07,1.135650264494359e-06,1.0770828273720667e-07,6.254319306897571e-07,7.489581842490267e-07,1.0547228312951518e-08,1.2546814709413212e-06,6.342031763084677e-07,2.4992620567543256e-06,5.938170661856645e-07,7.598238649375588e-08
0.96,7.495756976672041e-07,1.107775209674422e-06,1.0479539880314803e-07,6.100809363251969e-07,7.305350209207973e-07,1.0165618791191378e-08,1.2238771247563562e-06,6.1861759836912e-07,2.4373660481025183e-06,5.792542371318987e-07,7.328978379739226e-08
0.962,7.310023747653105e-07,1.0805880438224946e-06,1.0196031419162921e-07,5.951090388256475e-07,7.125767053084431e-07,9.797796129973335e-09,1.1938333660532763e-06,6.034164466983682e-07,2.3769975231457963e-06,5.650518137834126e-07,7.069269969406378e-08
0.964,7.128918144472252e-07,1.0540711615769638e-06,9.92007247457849e-08,5.805063166830493e-07,6.950702992059021e-07,9.443192894309504e-09,1.164530665564989e-06,5.88590017502888e-07,2.3181173797182097e-06,5.512004603858145e-07,6.818792619434078e-08
0.966,6.952318042374728e-07,1.0282069083933365e-06,9.651484222938933e-08,5.662632798220102e-07,6.780036109210741e-07,9.101405962219644e-09,1.1359494174190132e-06,5.741283342075576e-07,2.2606873515407244e-06,5.376908203125197e-07,6.577207156688303e-08
0.968,6.780106072468151e-07,1.0029783827913974e-06,9.3900502262656e-08,5.52370351569742e-07,6.613649586872938e-07,8.771946058416802e-09,1.1080708507416048e-06,5.600220542856249e-07,2.20467056799567e-06,5.245142614684895e-07,6.344219660725514e-08
0.97,6.612167296249361e-07,9.783691425901964e-07,9.135578959984514e-08,5.388186652410809e-07,6.451426045606112e-07,8.454545175062833e-09,1.0808767810788211e-06,5.462620416007979e-07,2.150030673830905e-06,5.116620155343199e-07,6.119503703772011e-08
0.972,6.448391162483525e-07,9.54363544192205e-07,8.887901381537944e-08,5.255993194008823e-07,6.293252103883873e-07,8.148366759108683e-09,1.0543501199888894e-06,5.328393081205363e-07,2.096733101808468e-06,4.991253698127807e-07,5.902780819688758e-08
0.974,6.288669404441727e-07,9.309457547068689e-07,8.646809879220285e-08,5.127038147367813e-07,6.139021619944174e-07,7.853316774664165e-09,1.0284730846965573e-06,5.197451907745787e-07,2.0447435806758563e-06,4.868965136628489e-07,5.693788762695107e-08
0.976,6.132899247335288e-07,9.081008713884842e-07,8.412166152549361e-08,5.001240559465714e-07,5.988628284381292e-07,7.569134652385401e-09,1.003229638363301e-06,5.069718209682605e-07,1.9940295467035796e-06,4.749674337167775e-07,5.4922255632305905e-08
0.978,5.98097737680714e-07,8.858142889200948e-07,8.183772559622327e-08,4.878517587680875e-07,5.841973663711642e-07,7.2949991603010744e-09,9.786033277059403e-07,4.94510474458032e-07,1.944558338795588e-06,4.6333055869762774e-07,5.297853833408084e-08
0.98,5.832806506900212e-07,8.640721608221824e-07,7.961469294937018e-08,4.7587895779521716e-07,5.698956333510807e-07,7.030934279228518e-09,9.545787674758444e-07,4.823534004438912e-07,1.896299552495151e-06,4.519783382006537e-07,5.110406908759302e-08
0.982,5.688289891447873e-07,8.428604968413467e-07,7.745074215304015e-08,4.641987304543349e-07,5.559479092642761e-07,6.77626188494429e-09,9.311405978484899e-07,4.7049302809298865e-07,1.8492222598753827e-06,4.409035089247837e-07,4.929635610828598e-08
0.984,5.547335780620166e-07,8.221657773477276e-07,7.534478863036043e-08,4.5280313254458804e-07,5.423452944519624e-07,6.531051255365128e-09,9.082738146037883e-07,4.58922119195293e-07,1.8032976983883842e-06,4.300989010497247e-07,4.75532031529724e-08
0.986,5.409852960047701e-07,8.019752558707793e-07,7.32948394199795e-08,4.4168526558419074e-07,5.290785287659361e-07,6.294518684057948e-09,8.859644842207359e-07,4.4763308459927487e-07,1.7584965545935916e-06,4.195581067012455e-07,4.587232160790933e-08
0.988,5.275754619726846e-07,7.822763534726107e-07,7.129960932772406e-08,4.308381265083483e-07,5.161389072805278e-07,6.066845914531882e-09,8.641985772550598e-07,4.366189320093028e-07,1.7147917061866025e-06,4.092740575334375e-07,4.42515042387015e-08
0.99,5.144954639657584e-07,7.630566951633e-07,6.93578764421332e-08,4.2025492452690827e-07,5.035180278278872e-07,5.847094697308819e-09,8.429623139516451e-07,4.258730029738089e-07,1.6721555990972803e-06,3.992405144259692e-07,4.2688590551343e-08
0.992,5.017370198201476e-07,7.443043542609828e-07,6.74677904655141e-08,4.099290520365173e-07,4.912075569629692e-07,5.635606203924226e-09,8.222425662562927e-07,4.1538857520340144e-07,1.6305620140766308e-06,3.8945128832956755e-07,4.118139440567603e-08
0.994,4.892921659727101e-07,7.260080130411239e-07,6.562833332335316e-08,3.9985429878264256e-07,4.791994893116325e-07,5.431603278260866e-09,8.020268909003647e-07,4.051591938614152e-07,1.5899854111101064e-06,3.7990006751531524e-07,3.972835860288626e-08
0.996,4.771529324321122e-07,7.081559840749208e-07,6.383812545251999e-08,3.9002432206114435e-07,4.674861953102294e-07,5.2351488699642346e-09,7.823022993846962e-07,3.951785175759781e-07,1.5504007597755276e-06,3.705810717180569e-07,3.832690009808459e-08
0.998,4.65311798247825e-07,6.907376868259263e-07,6.209548508717688e-08,3.8043304373402975e-07,4.560602453462792e-07,5.045722728524993e-09,7.630572893546628e-07,3.854403196612566e-07,1.5117837915967769e-06,3.6148869664298644e-07,3.697570150063001e-08
1.0,4.5376128944285553e-07,6.737421347491335e-07,6.03996035408727e-08,3.71074612925959e-07,4.4491392303669386e-07,4.863376701358391e-09,7.442794474066261e-07,3.759387926516311e-07,1.4741108236293599e-06,3.526169812806401e-07,3.567319850628081e-08
