t,a,b,c,d,e,f,g,h,i,l,m,n,o,p,q,r
0.0,0.06216480501601618,0.07081970156171744,0.0509739924221204,0.05342642956992053,0.09163171736708565,0.05641367429996375,0.09820372896097758,0.05243834898896854,0.04441701990547775,0.05853893821167994,0.06596665106465165,0.04953299082856805,0.07451704859572011,0.03695940060910977,0.06081781947816176,0.073177733119861
0.002,0.06469394361298574,0.06780112506646584,0.05685894239625873,0.05460747532920318,0.08406603377407855,0.04706406531373725,0.09647299421015824,0.046846638713174946,0.049445894504878685,0.05979618760805537,0.07789954967258157,0.05404884975126103,0.07291882442958314,0.033185165935681556,0.06350809089495461,0.07078621878694158
0.004,0.06433153333425462,0.07377701919275194,0.0566407389139406,0.05913892957838244,0.08432449461516449,0.05137445766028944,0.09645334093647744,0.05081251073604838,0.04562974428270924,0.060276649189697135,0.07137766536923361,0.05434056098065451,0.06740602706029938,0.03369905146668921,0.05841962575054851,0.07199765093285902
0.006,0.06620735026975615,0.08201144975534956,0.057719654689488586,0.0647075584640436,0.07418684790816416,0.04885354267775085,0.0834894088903739,0.04742107620771613,0.0491596379179189,0.06967617233744948,0.07550601587752716,0.06198665776215479,0.06184858971306078,0.033561861100341435,0.05267325352436908,0.07099092290453561
0.008,0.07021146783197936,0.07523323997100978,0.05730569269262914,0.05491371290390488,0.08485525368114098,0.04834476116716337,0.08919707018095416,0.04346973537881716,0.05312030516315582,0.06487579509984172,0.07575976866904532,0.053542725587933646,0.07156796735809834,0.03382865483704703,0.056855732363461385,0.06691811711381798
0.01,0.060357997187483185,0.07028676568933,0.0439869502442389,0.04570205772036849,0.08423012877913359,0.05161569430457992,0.07929633563897595,0.041578363969204224,0.05589493113951383,0.07327645978328587,0.071343764726031,0.05455132490927258,0.08529203978937903,0.043300703242961605,0.06116922903789899,0.07811725383834293
0.012,0.066452128049885,0.07552951427292232,0.04196198991377478,0.04214121265690279,0.0934315878223414,0.05562066194980928,0.07585418550024034,0.038401862718700615,0.05950914657947746,0.07571440551985908,0.06503088405803144,0.04834601942534965,0.09093616637119527,0.045050371703982794,0.055950491628552576,0.07006937182897519
0.014,0.0579661192844849,0.0613783890024031,0.04119901487577296,0.0384071210692316,0.10972184608641086,0.061192353503838046,0.09824646059131531,0.046568049104781364,0.04677056627433492,0.054906796770289326,0.05733461067846712,0.039661328752173666,0.09709981346152506,0.045124418071562804,0.06604988031098936,0.07837323216241954
0.016,0.07571510638606223,0.06594070806385113,0.04783951227847509,0.03592518825859074,0.1239216364715013,0.055711358417520104,0.09718821074908941,0.03640028011605267,0.05696308179617828,0.054282219957763354,0.06125008857386034,0.03403940083642014,0.101078797840114,0.03768161717818624,0.05975883207428009,0.05630396100205472
0.018000000000000002,0.07414005670223031,0.07438400198609388,0.048726386672032385,0.041773426868938215,0.11466665745774887,0.05941117626095318,0.09318299454075456,0.0399330624004289,0.05378574409895091,0.0589422748302379,0.059674569240118984,0.03815553077366131,0.08957547823808924,0.038747789398078415,0.05477037717520536,0.060130473356477636
0.02,0.06702087375441466,0.07537710988087797,0.041450800517104223,0.03969699960560335,0.11485371417200785,0.06610712658724252,0.08765300361878464,0.04168726174368994,0.05149356152420911,0.06277880520067956,0.05335169931790943,0.03821403981547071,0.09424297116643968,0.04533523133043162,0.05405959748903412,0.06667720427610063
0.022,0.049762639583170176,0.07554534672288758,0.031323538564398935,0.04009659088635369,0.10246035283570329,0.07739858030673369,0.07900208188062355,0.049063976487373914,0.04338209106256402,0.06984190367512493,0.04522770408130577,0.042893300281160465,0.0938415242683999,0.05862887827576319,0.054215626830678244,0.0873158642577586
0.024,0.052501239214414436,0.08182833667159653,0.03246229756184712,0.04230620195304039,0.11104628844890108,0.08573248362340526,0.08358133692012251,0.05291056405727565,0.03949511929976829,0.06498049904265278,0.039928882243006995,0.038915831700506,0.08736700457467951,0.05608939354680161,0.04906027284003166,0.08179424830194996
0.026000000000000002,0.054533361308189705,0.06866704877892335,0.0381094876903152,0.040311019827793254,0.11472936190583381,0.0711913342584509,0.09701065201868717,0.04985864046384276,0.04253838695580416,0.05638780645454329,0.048014168561905365,0.038369488983703154,0.09303344926426385,0.0483423925190481,0.05846209904799282,0.08044130196070311
0.028,0.057463746743462885,0.06467225372117937,0.04347555801862312,0.04095175550123872,0.11999520117308123,0.06626323996551324,0.1092199037836334,0.05000652329412302,0.04198928492179303,0.04923259172925287,0.05092163898714842,0.03633595828126333,0.09055083265553972,0.04184523034318675,0.061279803342663475,0.07579647753829746
0.03,0.06351397970437422,0.07174776631955355,0.03945089157890028,0.03701062288659764,0.1352638851421166,0.07473303690967101,0.10063926541489092,0.04593792982743744,0.04426210007448794,0.051794315802915346,0.043367346701553545,0.031037164871645158,0.09681005841641475,0.04491023460038396,0.05312432598551017,0.06639707576354743
0.032,0.06630984278861149,0.07121222558239584,0.03728065227762928,0.03289742870202941,0.14318783087410136,0.07500456273176695,0.0958841025704818,0.04121406118380297,0.04777087103059524,0.05290128450751679,0.04199718886740514,0.028478387973610412,0.10534310962277746,0.046495438809678255,0.05196882571790632,0.062054186759691175
0.034,0.05800120343114085,0.0606152475835641,0.0307470763031216,0.026159247211262303,0.15895262297186843,0.08105348492882056,0.10042433217364695,0.04182301549699646,0.04335027378778673,0.046483891870642884,0.035581748554695786,0.023425871330501474,0.12023126576094582,0.05180230968568965,0.055858704863303486,0.06548970404601269
0.036000000000000004,0.06307937334983017,0.05431326174356912,0.03172312547793302,0.02191166009657957,0.17876230198742474,0.07513339328255254,0.10650284161288427,0.03618548102197766,0.04611483239168948,0.040398439505529175,0.03550362425830782,0.01903970001364253,0.1316130142313738,0.046722686109006546,0.05747113697728759,0.055525127940411693
0.038,0.07559097251329132,0.0666659358333026,0.03381085410528333,0.023763648891678858,0.18358388891713434,0.0789938158322454,0.09561220399266103,0.03315102047737416,0.050723361482561895,0.045328711895530845,0.03417581716484618,0.018772603629296784,0.12251211730036977,0.04467393835567429,0.04630013611419031,0.04634097349455874
0.04,0.07589302105158909,0.06170726403688728,0.03690400393381022,0.02381799644167725,0.17420220196971492,0.06878106282595431,0.0981932383228006,0.031197195568499328,0.05542272698890217,0.045606904663564034,0.04007011209656971,0.020367673565458367,0.1262110867932238,0.04245783352286282,0.05130705466647555,0.047860623552010664
0.042,0.07471706366088694,0.05402090196900582,0.038026853301845936,0.02171918634651117,0.17878038923832149,0.06279557646263689,0.10471458400447882,0.029521339441925788,0.05645668974914163,0.04120086182995993,0.04227593359305734,0.019134824550838606,0.13331670815413046,0.0400452127324217,0.05611744825443925,0.04715642671039827
0.044,0.09163468461951493,0.05430027094723499,0.04595726527826692,0.021326835698909856,0.19759332226618745,0.05614763407951568,0.11325307240164896,0.025634808126987547,0.05953541465546733,0.03485986210667675,0.04346026136359268,0.015763436671467065,0.1250306604222735,0.029871298696002312,0.05124655557018229,0.03438461709607169
0.046,0.08985803529739587,0.060139250260452005,0.03967992284045944,0.020835136305625314,0.19400842780568436,0.06219715695726094,0.09728955153854328,0.024908617236671936,0.06283456205716334,0.04124114949697827,0.0401850528459019,0.016475474768512816,0.13154954284220188,0.035373476084604,0.047234055714874004,0.036190587947670494
0.048,0.08873013548565095,0.06488129541589788,0.034537098991778856,0.019796834482377405,0.1705742725262149,0.059977854518085356,0.07425757087114765,0.020875296132527664,0.07710216625862024,0.05462001040822444,0.04363655393587442,0.01941297723398726,0.14490663111010796,0.042386960276246305,0.045715120237011526,0.03858922211624723
0.05,0.08383815461977251,0.06564720494674804,0.03357757584238678,0.02045308860652486,0.15915403163263372,0.05986221705067424,0.07082151564139724,0.021177611904536035,0.07875570442182514,0.059383816306862326,0.04537229131118257,0.02147311090220656,0.14568573677071908,0.045544932773846074,0.04676617118175389,0.04248683608693098
0.052000000000000005,0.07321118567211361,0.055345102358989366,0.029331839928575444,0.01711844879836543,0.1554338162396214,0.056462467658915126,0.06872110124915723,0.019753076825103206,0.08135480486768877,0.05917366705144141,0.04643069101031279,0.02119753245103359,0.16626704158674788,0.05041141170110049,0.05287021950363628,0.04691759309719799
0.054,0.06719514604933287,0.05394839123584373,0.02709317122531171,0.016656012133535035,0.1657366558429555,0.06356983735141998,0.0731887139339018,0.022120332734912953,0.07076395393098672,0.054522321235119596,0.04020803782313657,0.019446639690580057,0.16805990439924923,0.05397063594758942,0.05318760607003239,0.050332640396092525
0.056,0.06443557865978464,0.04906393337261255,0.02475792700651262,0.014288812246080616,0.16919671652182194,0.06155022521479701,0.07072335029798926,0.020160888943246504,0.07278575232319932,0.053046210772118206,0.039051734341377445,0.017843504202084814,0.18294514880206733,0.05589935512939288,0.054724390391839885,0.04952647177507486
0.058,0.057520512868913895,0.04669788298803671,0.025175569539385243,0.015299171173799725,0.1530407263833949,0.059237931658147336,0.07217417674471714,0.02173053423380501,0.07143157593403279,0.05509393603518741,0.04294166728411127,0.020699233474425635,0.1810923591220991,0.05880276799107498,0.06061073258038727,0.05845122198848152
0.06,0.05700158040835113,0.03930508158527637,0.028277421837783923,0.014610362182490903,0.15597854253970034,0.05131315478301765,0.0825582088053358,0.02125125277357075,0.07137346364444659,0.04654363095987455,0.048102288291021464,0.019805639460855968,0.18535013451697274,0.05125825932608927,0.06940720533924977,0.05786377354596262
0.062,0.05605621797283117,0.04354201174285173,0.029797374105666203,0.01713385149484543,0.15639524951858552,0.05782664036337789,0.08790900665387563,0.025259624035675315,0.06344711737185865,0.046661243280588176,0.04546665948137439,0.021049389280009115,0.16744126360876763,0.05245037687426721,0.06659577127482978,0.06296820294059621
0.064,0.05497757783505922,0.041191120857654084,0.030056466387157824,0.016536240675086394,0.15692070698405192,0.055923882778635005,0.08992776910807206,0.024836090459975067,0.06346775331785963,0.04481009174776779,0.04626010703333874,0.020596242063616835,0.1705995579436223,0.05160618082145544,0.06897476886014976,0.06331544312649795
0.066,0.052471448426972635,0.04003858137191075,0.030871693633532704,0.017143799328554143,0.14386993388167807,0.05218544138864611,0.08808365408798238,0.024668911515968946,0.06592613946028686,0.04713687995315217,0.0510194767748963,0.023025136869011444,0.16979336419883664,0.052321615478408176,0.07294844136581415,0.06849548226434866
0.068,0.05584582515755226,0.043612756245226314,0.030640411135941552,0.017282605424755,0.1368384270787042,0.05082119510200046,0.07710928873983514,0.022063531648255915,0.07455583546994354,0.05426634148283745,0.05335127264037956,0.024563724455559332,0.17149653760706873,0.054160361470970565,0.06778720844031648,0.06560467790065357
0.07,0.05338880046099651,0.042970990621338884,0.024776035460370514,0.014315539422675501,0.14335255591295074,0.054755333440384336,0.0682790978835752,0.020082685745573644,0.07573702637124079,0.05651663170362209,0.045568506624412614,0.021580566636418264,0.1897651903372982,0.061677414297733275,0.06350530909391461,0.06372831598749497
0.07200000000000001,0.05567515063245636,0.04300017724635406,0.027921051714829535,0.01537443193714127,0.132585925375668,0.04842145137843749,0.06792757645411066,0.01908351565994765,0.08279127449503228,0.059069291141422973,0.053181769358282796,0.0241261409585621,0.18387949042629634,0.05728079441292098,0.06588131854980409,0.06380064025873355
0.074,0.05668526582358825,0.04223144193417954,0.02753381064190292,0.014496403195312105,0.12885926994454108,0.04532477089384408,0.06334474675807061,0.01707990380928481,0.08976340194325305,0.0615908187375525,0.055335015974295326,0.024132536544992787,0.19002169582129658,0.057155006002577134,0.06520197184522665,0.061243940130082636
0.076,0.052707015406674745,0.04344163584204827,0.028284035331522742,0.016273274562724014,0.12508507847145214,0.04854577871369129,0.06724321865288707,0.019874558264442604,0.08110985522431265,0.06140597100937379,0.05474073169769499,0.026231707006584046,0.178861734294701,0.05952668799966385,0.06698880998995269,0.06967990753227415
0.078,0.054588816321693594,0.04646489170264745,0.032997928870428704,0.019427084644767282,0.11905550942908719,0.0477581577642518,0.07186068956532596,0.021866468519229743,0.07939323655226453,0.06185961208580275,0.05994628853002289,0.029539766064626015,0.15999976513830874,0.055172074844620236,0.06730993320725097,0.07275977675967207
0.08,0.055753159225158624,0.048957680810638615,0.029084040955067655,0.017574898917635366,0.11996701348037905,0.049644474010154496,0.06191973188648262,0.01944454203213228,0.08558992055300596,0.06847443881244486,0.05542199721125231,0.02813663459855107,0.16976937920175844,0.06042106327143581,0.06112927609021659,0.06871174894368612
0.082,0.05201280753216646,0.05129013350396294,0.030991561815799255,0.020736956911806204,0.10891506948491775,0.05067555059638683,0.06380453589428013,0.02233479006144463,0.07976745708759161,0.07138608724688643,0.058408818005706305,0.03297773203994216,0.15356001180411816,0.06153202769549629,0.06256813041819155,0.07903832990130329
0.084,0.05518558181084411,0.04649822955041244,0.031841299541713705,0.01801895321035071,0.12965623389948133,0.052004017059400165,0.07316215858896345,0.021979680609455186,0.0766017360837692,0.057823612634839476,0.053664781732312,0.025495143609120308,0.1659936984669337,0.05697418268781671,0.06482755950152971,0.0702731310130576
0.08600000000000001,0.05136720317355252,0.044210926298163894,0.02952164502023387,0.016950856117146536,0.12588131637257632,0.05155762153649886,0.07017806965029907,0.021502508940857003,0.076842832222315,0.05897208018958955,0.05309509300508048,0.025676783587167393,0.1729706905856932,0.06063586258647528,0.0665737593618325,0.07406275135251858
0.088,0.04831652755382369,0.040864803452065224,0.0251619562330851,0.014080640676335344,0.12726802911141105,0.05126004808728042,0.0639655979943881,0.019232163892202867,0.07959374859010052,0.05983473160686699,0.04955881405028115,0.02347700819915632,0.19148476162874586,0.06611654004818483,0.06656705360154083,0.07321757527453152
0.09,0.04580392535785571,0.04135393395560278,0.022161779535963076,0.013172706957992508,0.12915152467375796,0.05541347607059232,0.059892116500002805,0.019212846725280577,0.07706512032480077,0.06155223143408087,0.04413228566734396,0.022282877430421563,0.1979007274123308,0.07280266590381519,0.06334032414452366,0.07476145790563549
0.092,0.03827545890674928,0.040120593152866674,0.01923305280575967,0.013137576223299936,0.11092362244409287,0.055147149368293985,0.05282656725975142,0.01958811141957718,0.07564105049112196,0.06908593101410235,0.04437750537166197,0.025593940039258294,0.19880993312259096,0.08389040562457667,0.06503759204393762,0.08831151071235897
0.094,0.034197461201410255,0.038223501380213555,0.018142429915377564,0.013082880715213567,0.11023442678170568,0.05823903363294105,0.054710713068769255,0.02152173301359536,0.06779388273717613,0.06571598813751212,0.04151451373861996,0.025395148947419104,0.19781103898762553,0.0887538813218372,0.06725418146268919,0.09740918495789444
0.096,0.03233157863762741,0.03559707550224155,0.022047070380824194,0.015563007485565824,0.09462872550586779,0.04920254090544104,0.06042645145516955,0.023430588879274388,0.06795262340472526,0.06459229660594795,0.052582668574834054,0.03163683080908748,0.1801915971428444,0.07965903607367275,0.07808661296667313,0.1120712956702032
0.098,0.03012257013824665,0.029349836081632837,0.02242076886056781,0.013966729684661523,0.08929080525112962,0.04113162421565163,0.06163960246180971,0.021258060429901072,0.07109823655225268,0.05994605246673427,0.05918761005034265,0.031778269428819124,0.19050862126913626,0.07519111261225377,0.08866094777264001,0.11444915272422024
0.1,0.028159181854251522,0.02918760847877651,0.018963035092476696,0.012505973510652184,0.0928636679416267,0.04539034936927966,0.05778878579013577,0.021189068427219702,0.06771322583321135,0.060433476214337006,0.05051102942310425,0.02884427432783952,0.20143084050569413,0.08438245576341269,0.0843625661887368,0.11627446127924562
0.10200000000000001,0.029862097954530535,0.02826592438188273,0.01977505025742815,0.011803509793702763,0.09925677193769734,0.04434449191451004,0.06016114704768497,0.020122579498421982,0.06996901313428425,0.05668641200940209,0.05079103360959629,0.02632896828255878,0.20960915899339946,0.08021244697705104,0.08526747813735351,0.10754391607049603
0.10400000000000001,0.029082020072216896,0.029922946927957845,0.018629890305132405,0.012018574371074571,0.09736160246332135,0.04730940638377187,0.056522039128918795,0.020586313132770533,0.06871262926614476,0.06024046034285014,0.04776411976772067,0.026867918725382297,0.20717638276542524,0.08624412523421147,0.08053304151816572,0.1110285295949355
0.106,0.03161783975891725,0.03407296919631232,0.019185189946902034,0.01289085487687686,0.10314616517401272,0.05256991547331749,0.05610757974929892,0.021460116175844892,0.06842143759679294,0.0626919300544491,0.04447342843098934,0.026212367385417677,0.20069301180873744,0.08785408087023366,0.07268929526449944,0.10591381823739802
0.108,0.03212488945533204,0.03239650876134678,0.019785524817301132,0.012367098418436527,0.10153110652489389,0.04842121303797573,0.05550871959365185,0.019871282743605327,0.07271317543048207,0.06219001370305259,0.047503787495264446,0.026164407551460503,0.20668384474540247,0.08481280143912186,0.07504959043038154,0.10287603585229128
0.11,0.0276411340631215,0.031523821032945966,0.01570621086938112,0.011090828934064809,0.10642127721150979,0.056819702732720884,0.05357551752328319,0.021572100098343573,0.061767815860000526,0.05956921312106473,0.036822724280754456,0.02301320193752016,0.21412620999256607,0.09845122434155609,0.0713831197080689,0.11051589829309835
0.112,0.02754050259754577,0.03555152446642307,0.01583215982369637,0.01256918911448057,0.10041056845904069,0.06094965819692115,0.050551353097941766,0.023152709513145547,0.060525087362079816,0.06587590861867888,0.0361325552729856,0.025499129339367068,0.19860803557655898,0.10393734084529226,0.06605617781781715,0.11680809989802537
0.114,0.028346023259714578,0.03277918247612081,0.015829031186404705,0.01116835854715962,0.11192697466775034,0.061200847505184834,0.05421696494511517,0.02233748871589566,0.059759339166303244,0.057885725507655465,0.03428644671237841,0.02150018289011899,0.2127584172846464,0.10008603881365219,0.06788044391825551,0.10803853440364411
0.116,0.030821911747479953,0.03549740446105723,0.016214240025263654,0.011332496969498947,0.12769494119165622,0.06963910147185857,0.05770223390229354,0.023730078111110997,0.05598601390954852,0.05378010681635021,0.02980644414962695,0.01854087702938711,0.20997441502618114,0.09848952190901054,0.06202263724384529,0.0987675760358312
0.11800000000000001,0.02808326051966584,0.03921263165412781,0.014768985957488464,0.012460270523204716,0.12389206507861085,0.08157072222949266,0.05527209103013841,0.027510182911574685,0.04825303830351431,0.056281986932189644,0.025411938873762058,0.019222099894381388,0.19305898942350389,0.10983940297277704,0.056158680465947346,0.10900365322962081
0.12,0.029502634093852266,0.04078278188923523,0.016168067934204614,0.013443824249077948,0.11653599521035433,0.0760370460147292,0.05358151163240429,0.026477878274668902,0.05290062083171034,0.0608643591650268,0.028729502936825926,0.021453770854406497,0.18996213139042795,0.1070974809280207,0.05679696488410491,0.10966542971095024
0.122,0.03537778331394291,0.047868401877042104,0.017412093115454764,0.014096587869233604,0.1324307968801173,0.08466257101028558,0.05387169436324886,0.02609290126852819,0.054625592279143424,0.061195456310782936,0.02615663673102652,0.018998022063066455,0.1851680885724803,0.10208758742829985,0.048381556983754605,0.09157422993359239
0.124,0.032614379962682266,0.04220184522837969,0.01729811404886324,0.013368490110999994,0.14927078277779335,0.09180523171946323,0.06426462909155556,0.030040410914030584,0.04425371238936015,0.04709478222858581,0.022725458424907738,0.015713834270246096,0.1857657998089611,0.09825131921087527,0.051439167752646967,0.09389204206064904
0.126,0.028997749310648677,0.03988243844291583,0.016184595190001403,0.013235462750785706,0.14480518737530365,0.09460610208799666,0.06462753382734032,0.03212728929934526,0.040258695418894104,0.04534009012633758,0.02153818693652182,0.01575534833135116,0.18414217973562957,0.1033418606042159,0.05274368706638716,0.10241359349632499
0.128,0.03412433871817378,0.039799284732415965,0.016037134877882685,0.010916742638636756,0.18623649947521526,0.10415634062973553,0.06966476223997509,0.029270027576336226,0.038753379458445696,0.03619354051045138,0.01695644623629831,0.010084986897225551,0.1954665801586866,0.092332158498012,0.04597419342272682,0.07403358392978235
0.13,0.033531241468172004,0.04194358449788291,0.01665252501446164,0.012114265251696446,0.1845957615230615,0.110945521998092,0.07188018969193795,0.0325041136683908,0.03586027033855003,0.035862862834996845,0.016451259570220887,0.010465778984366647,0.18234484948773572,0.09269842000281063,0.04462611568377228,0.07752323998385159
0.132,0.03765234857519416,0.045467176107561603,0.018880363210129834,0.013241518789456102,0.19806703659207997,0.11509909492520565,0.07678085816871072,0.0336687923215574,0.03530470069782933,0.0338709913690483,0.016212906157167358,0.009903822936731378,0.1708109994968207,0.0836920509998664,0.04153546573042542,0.06981187392221558
0.134,0.03609173705632207,0.04208483822223851,0.015334758401187884,0.010342751837153837,0.2030314399412392,0.1143450040598544,0.0660668115484874,0.028094353604625307,0.03749436502473684,0.03467551072740662,0.014581408177068393,0.00857008936434734,0.19306934227578362,0.09174482711507405,0.0396919652339047,0.06478079741056983
0.136,0.03652731079272432,0.04123014574283607,0.017660361851451957,0.011545296070602932,0.20026396314374148,0.10941830077645996,0.07311784483102414,0.030332696409286382,0.03721994695690277,0.03319049294086254,0.016348328710727254,0.00928707610569728,0.18653379310154689,0.08588691238747176,0.04301804601971892,0.06841948415894542
0.138,0.03366245023641667,0.038833876665503975,0.016681608452114947,0.011140254113085857,0.17553678895528904,0.09836830970834129,0.06468515859865766,0.027627659554141724,0.0424321721061795,0.03846704503110683,0.018904633067423106,0.010925640278588408,0.20307446209998276,0.09557227882583817,0.04715855097687399,0.07692911133045605
0.14,0.03310195654212837,0.035410594119917885,0.017625969772767532,0.010943948514094085,0.17075718863508801,0.0889668437779428,0.06668992590720328,0.0266381874796915,0.04464120409316243,0.03751250840154207,0.021166377777353734,0.011370680725002212,0.2114289091053996,0.09266241915992474,0.051866893690670705,0.07921639229811119
0.14200000000000002,0.03613893075336569,0.035846348675400125,0.019549638114369078,0.011268069746846316,0.16158404469554594,0.07788446617798335,0.06329864771269499,0.02348353567193483,0.053027387105919054,0.04134386854586459,0.025362319857627734,0.012653030535409598,0.21912372178836995,0.08908004722428903,0.05383399480480138,0.07652194858957838
0.14400000000000002,0.034217208468989464,0.030326476342789923,0.020821745304648538,0.010806748545122312,0.16063652188385052,0.06961911672290041,0.06979106065419291,0.023496409976807908,0.05229735177495621,0.03643695420915609,0.027909875237805425,0.012526359310542105,0.22692418577347426,0.08305432157650386,0.06161814851451267,0.0795175157037475
0.146,0.03152039104237071,0.024593478921733906,0.021221211582498126,0.009778324782894143,0.1531536669029926,0.05880202847945836,0.0727045981966826,0.02187963520562991,0.05392352754672227,0.03324760112706439,0.03150571397781592,0.01259535761167159,0.24204951222542398,0.0789452534409787,0.07137750939940599,0.08270218955665673
0.148,0.031016456407241415,0.023305325209340626,0.022741441014144832,0.010134657011534052,0.13556921283581888,0.050254906946440095,0.06966888141448781,0.020339758330069953,0.060252263771981736,0.03580535902689464,0.03797585163977444,0.0146691129657881,0.24547726343162585,0.07741012160733828,0.07785061479220891,0.08752877359531046
0.15,0.029709791179967922,0.022320025577899284,0.020850118116579438,0.009321048182024174,0.14225011029961152,0.05295351052660627,0.06951527909474918,0.020442485874146855,0.05649680386319242,0.033531511825877824,0.03393046377297018,0.013106787076681156,0.25314704835303004,0.08009568644268893,0.076186697663336,0.08614263215063898
0.152,0.032259267848750425,0.02329213993364079,0.02448067221884229,0.010570735348870059,0.14848630092886383,0.053332116997230034,0.07788488015970524,0.022197515876147704,0.055197298307099296,0.03138235241779526,0.035864239849829824,0.013309181323554803,0.23806564879868897,0.07246102092775439,0.07707321594878504,0.08414341311444201
0.154,0.03290357253136009,0.021387805568342414,0.02571910371835576,0.010055201488902652,0.15141179994303103,0.049205889700284916,0.081130164387522,0.021013531158018923,0.05644443123675287,0.02886720444781993,0.03764510805520827,0.012606405302655579,0.24405451561971234,0.06715894894142382,0.08059299056648049,0.07980332733412908
0.156,0.0370082191792375,0.022551151296249076,0.03339325297756693,0.012348764205959881,0.15055608434927276,0.04592956818594066,0.0932289212086183,0.022844969672051945,0.05757968004042596,0.027496524516052372,0.04450727207233348,0.014012503826780593,0.21941920722682703,0.05642251183524874,0.08421664565204245,0.07848472375539232
0.158,0.03335433737694398,0.019899374656956226,0.032113847348287185,0.011694970786726782,0.16321963740238465,0.04909986050868864,0.10661376591996109,0.02584301148834912,0.046628121338595,0.02176640400644825,0.03847402975866716,0.011882568288671543,0.21635228785683025,0.054757314635276444,0.08768608339406782,0.08061438523314587
0.16,0.0307717059005178,0.014843591269272904,0.03161252565279451,0.009432160499741205,0.1624640778813086,0.04010208713136295,0.11222954631689969,0.022519176923757375,0.046846622341986256,0.017837558702956002,0.04101986824769552,0.01043235427095508,0.23426768502920503,0.049007097996818974,0.10005752967948335,0.07655641215524461
0.162,0.027717816251881876,0.012757859596053609,0.02995531242438286,0.00859984664348255,0.1383924420758059,0.032794391466210035,0.10004189561436876,0.019349329264243972,0.05288368161745072,0.019310786565278074,0.0483495024633021,0.011840771072848094,0.2523271371827132,0.050840012515833026,0.11207195465329114,0.08276726059285405
0.164,0.029071844298309498,0.012364317956383718,0.031642669388546374,0.008459823775333287,0.14509623281145545,0.031999273455579604,0.10511655001702751,0.018973094389228732,0.052565062796591816,0.017708860455212947,0.04834883541622808,0.010961172851658109,0.2518674942782531,0.04707665600750879,0.11195008468842256,0.0767980274142605
0.166,0.030395888591245757,0.012962484244244801,0.03220167916672755,0.008701704661378595,0.14558795131615657,0.03243578451719095,0.1020942291290231,0.01867258971602426,0.054668820818765486,0.018483237154578953,0.04888573850291306,0.011159256117893378,0.2525016514795803,0.04760749543994497,0.10847173167076793,0.07516975747356427
0.168,0.03203188587270313,0.01363998860549034,0.0389588546791238,0.010592418509185549,0.14504097718829426,0.032507695473712676,0.11669342794461228,0.021524209890101873,0.051256955995939234,0.01732099283558444,0.05299870883084234,0.012130345104082584,0.2241600099474054,0.042462546018782285,0.11118877328578561,0.07749220981835415
0.17,0.03356453924273144,0.01605923372828658,0.042428628105373394,0.013031818801193197,0.1412763371287873,0.03599719628422978,0.1178657683748727,0.02472006143007348,0.05026153994070674,0.01917856317611765,0.054030187890584454,0.01398053294211593,0.2046898889191184,0.04418843752019372,0.1052391645307741,0.08348810198484112
0.17200000000000001,0.03254774467300465,0.018292181764047278,0.04252972700063526,0.015416743543661349,0.13474146826641434,0.04067012467817804,0.11585954809275269,0.028776587729299214,0.04730891220385898,0.021276458669633184,0.0525412962402038,0.016036924834200682,0.19017849492270864,0.04866179530792832,0.10065164553362786,0.09451034653984586
0.17400000000000002,0.0270484857609033,0.016524969328109533,0.04023096899375851,0.015885946299563126,0.12621562348287987,0.041512107125852744,0.12229693024615003,0.03299739025641046,0.04001989631370878,0.01957291229773521,0.05048740447380282,0.01672715369703846,0.18181248646226292,0.05056898028700535,0.1081421110391611,0.10995663393565783
0.176,0.028489060041292962,0.02062926525721914,0.039971542128262615,0.01893542396948652,0.11858493777571448,0.0470244310819814,0.10772930707192412,0.03529750435466835,0.04247800493232552,0.02463854449537468,0.05053071557581921,0.02001395554644077,0.17296419731276508,0.05784679889599354,0.09633272348385645,0.11853358807687528
0.178,0.027731532786579853,0.021673863385931674,0.042462478328193345,0.021786291362125294,0.11535234835811252,0.04972100006260846,0.1141149049446325,0.040556213109437335,0.038121443106726195,0.023971548412262157,0.049639508005333795,0.02129797964853589,0.15579389392619272,0.056724460648985994,0.0946449199255094,0.12640761398883288
0.18,0.0243441725477609,0.01961281680913578,0.03989094796677113,0.021224628679496874,0.11059550941413382,0.049431336407472236,0.11654557021600138,0.0429436683462727,0.03446682660506451,0.022362716225090812,0.047955304204281714,0.021267246818540465,0.15422562685665822,0.058100382829131464,0.09955075619174168,0.13748248988244643
0.182,0.02235242607521074,0.017706771895006485,0.03607863971202707,0.019019835591075663,0.11049566509423965,0.04896602884402429,0.11460566461419125,0.04189493742816247,0.03338651827214166,0.02134560498710156,0.0457664283003813,0.02005291743447263,0.16287261760145477,0.060750010336097046,0.10336172481367402,0.14134420900073932
0.184,0.02304172414401135,0.01813373927083889,0.040653673899285855,0.021461206399732827,0.11562104653910683,0.051306750292814396,0.1308260683187091,0.047917739293426194,0.02921360008327687,0.018586857626508666,0.04411261586849277,0.019288167949980107,0.14561340693948926,0.05429200906565497,0.10135916900577091,0.13857222530290106
0.186,0.022870446835345934,0.019150712757877202,0.033379069764055184,0.01902401149459346,0.13092764684307542,0.0620362415381586,0.12397210784959174,0.0487972250380096,0.0273962076284787,0.01861819871142647,0.03402216600300227,0.016044776088324435,0.1569608824660127,0.06248396957221958,0.09086234572135954,0.1334539916884691
0.188,0.02012460518930075,0.017436383237370793,0.030393116233769602,0.0180622716887986,0.1363268394193111,0.06715709598377019,0.13287599926161997,0.05440486203937616,0.02214715638866208,0.01562885215426034,0.028497714405980656,0.013985466465852919,0.1517607194480726,0.06279128972524003,0.09041769292346889,0.13798993543514532
0.19,0.021589946884687402,0.01789730562812236,0.03006949310206408,0.017222776389603348,0.1366557834313622,0.06487308251598756,0.12210667967797992,0.04815294883879154,0.025613118715947066,0.01735705336923339,0.030481453733796807,0.014382745045338218,0.16495795399899135,0.06574946517730215,0.09030776073739771,0.1325824327533949
0.192,0.020691663135246768,0.018200167314496443,0.03127428316287728,0.019125198877325764,0.1296381102702346,0.06586273675089649,0.12540453107597352,0.052858487393140315,0.023836642469667053,0.01719619215232117,0.030830942948025103,0.015483705955699712,0.1525762740530483,0.06501774417898452,0.09041363118735407,0.14158968907470895
0.194,0.017533662635450253,0.01654340635066076,0.029894290818368262,0.01970267796760615,0.12405175807639672,0.0678884421818144,0.13416554332570044,0.06073037225830153,0.01918681888653636,0.014917318175710053,0.028092316729447956,0.015171586556040274,0.13969007144219037,0.06410350808870466,0.09266345041056229,0.15566477609650947
0.196,0.018140936612230246,0.01775015749767632,0.02763609291255621,0.01911522476548336,0.12580224967134732,0.07206510026802672,0.12123943038682188,0.05762980825200682,0.020667583308987613,0.016702701424336667,0.02711723340723487,0.015290550749468822,0.14812762020055692,0.07094807024351463,0.0876749209609899,0.15409231933876164
0.198,0.016599703753437608,0.017159023261097684,0.028183765835228868,0.020726329495903716,0.11090084137005796,0.06780348592185378,0.11912104162485361,0.0602819119630239,0.020179225924241966,0.017255398709868554,0.029433548297870246,0.01753957767050116,0.1401347435584739,0.07133744603976697,0.09200206013941142,0.17134189643440867
0.2,0.019322563795772713,0.018198555217165523,0.032498511831286936,0.02198025670317164,0.10861236752543448,0.06058597964406215,0.11539673619239232,0.05327427852915999,0.024784619460803608,0.019434102746173493,0.03587054812184166,0.019618934857121212,0.146275338806456,0.06799377592388639,0.09489776931559607,0.16125566132967592
0.202,0.021092099982270615,0.022363129881344066,0.03334212750678238,0.025707463702647697,0.11431512781547662,0.07253671104403397,0.11404446755019944,0.060153508657460754,0.023260039026771248,0.02080360657291147,0.031546842708412196,0.019782670640009742,0.1327726868939082,0.07073221228114657,0.08035944356305809,0.15718786217356695
0.20400000000000001,0.022876893620052272,0.020843269379892827,0.03268280699643196,0.021679761089028804,0.12991104258797057,0.07168577675829055,0.1173549522537527,0.053470572051170784,0.024911669522256753,0.01920072354592545,0.030552109498225462,0.016396552599732342,0.1496335162905593,0.06913595261662962,0.0818623116939987,0.1378020894960818
0.20600000000000002,0.02464530328620714,0.02233566971661053,0.035475832932445016,0.023618926197860688,0.1291211594793378,0.07146529010608843,0.1174363036895033,0.053732193267904904,0.026093480957393913,0.020078532851888015,0.032289273675841446,0.017320245158039805,0.14504817675668338,0.06707772601196083,0.07980400212522136,0.13445788378701334
0.20800000000000002,0.02585146294533598,0.023381937929951482,0.03807655543327264,0.025519233122227505,0.1313299784570847,0.07313764658303284,0.12217952134889762,0.05630741686403138,0.025435902561450962,0.01960767798029936,0.032275575338692304,0.017362297567158045,0.13749236504501794,0.06385001783069635,0.07734456980335962,0.13084784118949122
0.21,0.02152625223347999,0.023694873628963276,0.032702234540533726,0.02682226424349473,0.12028769012697223,0.08144609151294588,0.11520336459398058,0.06444204927148753,0.021483531349332487,0.020203561102082313,0.028142983687843483,0.01843394074748456,0.12808732384406915,0.07205824840134527,0.07406635008176067,0.15139924063422416
0.212,0.025280464053713023,0.028295870812858788,0.03659775554916962,0.030794916320274732,0.12471297096693658,0.08667747631086999,0.11341720588560504,0.06521923977481237,0.02303957286602749,0.022139701627737526,0.02873435649620219,0.019254263311840263,0.12101644799346921,0.06980922897698033,0.06619486365683705,0.13881566539666587
0.214,0.02171885343143506,0.02718121189317217,0.032734267021715086,0.030977138512660728,0.1160184594100109,0.09046844096001344,0.10961303303544183,0.07063865638400316,0.02042940915366791,0.021995975538126985,0.026533793788900247,0.01989136556592598,0.11637844405658877,0.07502313329710404,0.06601365601744191,0.15438416193379195
0.216,0.022404390047711647,0.023199300280509882,0.03598280788025759,0.02859907508529904,0.116084245729636,0.07534198133755186,0.11695073663715622,0.06316334569519919,0.02290349403262977,0.020660163313251562,0.0316536671043847,0.019999750129395026,0.12711060821047954,0.06860332900511164,0.07658892833343835,0.1507541771779882
0.218,0.02633804350784553,0.024761106389383246,0.046345856803107585,0.033872597287702956,0.1266564151809904,0.07500377690411611,0.14038574976688123,0.06951918023242758,0.021378513524457063,0.01739097295178339,0.03278677676633707,0.018783958625038556,0.10958737917762361,0.053193462820919135,0.07339496270368089,0.13060124735770565
0.22,0.025998257646721694,0.024657466993540062,0.05267304385954749,0.039118135742842404,0.11644435322884848,0.07021519974689742,0.14951981555604432,0.07532190648125252,0.020113655115297197,0.016590295168731353,0.03566144196199268,0.020709095460021202,0.096074363455131,0.047381483021155205,0.07469693991730307,0.13482454664467397
0.222,0.026608943284990357,0.021711566109734418,0.05237053489535188,0.03367706570840115,0.12653759803973932,0.06654499810828554,0.15834883877501502,0.06942142285432987,0.02075554899735738,0.01481761419448653,0.03578076856333619,0.017953853334944127,0.10543013528845346,0.04525891609727473,0.07978166361422251,0.1250005321340777
0.224,0.02838339560746031,0.022453576690181748,0.057377144748475335,0.036092396918493294,0.12592381928824312,0.06473974584609697,0.16239699595699625,0.06961528748713554,0.021232976951401392,0.014767641201260857,0.03765175838547727,0.018421243722125908,0.10067164804393432,0.042111991993424525,0.07844627334769862,0.11971410381159452
0.226,0.02282476972988399,0.02087056929624233,0.04896547345722994,0.035759113645754036,0.10921835583732542,0.06516034338326865,0.14959335685052014,0.07407893820506704,0.019940319185796928,0.01594739146991548,0.03739253970098072,0.02096673653442214,0.10157122970000314,0.048668302522156426,0.08357929723780877,0.14546326324362496
0.228,0.024677792360266952,0.02389648428088194,0.049066155297058454,0.03837016658176541,0.11330231018625495,0.07233977983713395,0.14413812149549918,0.07652324451301144,0.020148429364502653,0.017206921804519368,0.03499101443381084,0.020993165561231604,0.09866984459709714,0.05056900572322923,0.07509537102317461,0.14001219294056236
0.23,0.025118274720885875,0.02300255673955315,0.05450169487356273,0.04074426075538863,0.1064736662105903,0.06477161059511473,0.1487887599199991,0.07540027948427441,0.02092525793109393,0.01701396896215786,0.0396794503886483,0.022704302589286487,0.09494217996249654,0.046256033936479896,0.07917157170254502,0.14050613122792313
0.232,0.02869832826950523,0.02590597536810062,0.06282439808638475,0.04667183704983988,0.11066139653604161,0.06693362169598747,0.15671480805270477,0.07889836386162474,0.020647270297732178,0.01664008469287188,0.03959796110290885,0.02244152308916761,0.08486614594624635,0.040966801556107824,0.07166711639935865,0.1258643679954175
0.234,0.031195505529661563,0.030319690947424857,0.06326453898376508,0.051134995075306056,0.10405456255192759,0.06876336898004046,0.1363231045646467,0.07517453861288821,0.02396327543630066,0.02086002399976011,0.04272857084707307,0.02621784612764809,0.08576797114421705,0.04496843551034618,0.06707664434349639,0.128186927345498
0.23600000000000002,0.03526331735897188,0.030773528354494067,0.0752253134208695,0.055126644042369985,0.10576510236289373,0.062933553423576,0.14670455502253255,0.0730137714759075,0.02496084516963033,0.019534833198184817,0.04697317731610024,0.0259678958252389,0.0801567678295368,0.037550591533433035,0.06642129828519473,0.11362880538106601
0.23800000000000002,0.03559164593126722,0.033292216256313865,0.07346205147215103,0.0581549349914595,0.10284251056583306,0.06622365108831117,0.13856538055925738,0.0746502131404833,0.025280304813062274,0.021319066880009164,0.04608183561675218,0.027465969548956044,0.0783505679397487,0.03959978080473872,0.0629611129706269,0.11615875742102953
0.24,0.03944510339698602,0.02749992020640479,0.08280711704143671,0.049335191039469685,0.1123513567818117,0.05428408381553304,0.15460173636643607,0.06264203986520347,0.028697965937334112,0.018213112589800767,0.053247712500018834,0.023928680177785325,0.08783432460203752,0.03333819246449513,0.07195600313106615,0.09981746008418066
0.242,0.034592805185733745,0.026529052111018414,0.07189495871514179,0.04746853290853461,0.11455744300470262,0.06096351621967532,0.15689854834861575,0.06997656187795136,0.024764138496651548,0.01740208405761089,0.04554633338079046,0.022657859398454785,0.08838633549263246,0.03686990247955749,0.07195377428610672,0.10953815403682199
0.244,0.04100290792875809,0.02584134893408413,0.07770076214678684,0.04207522571273898,0.12442043068545698,0.05442175598033289,0.1554202505650331,0.05636581252662339,0.030587862805100344,0.01784596742970043,0.051458575247263,0.02104587325144181,0.10038341093860599,0.03446917051834371,0.07457769927613456,0.0923829460535957
0.246,0.041439851816806525,0.02591742696668966,0.079123420944832,0.04282293801971301,0.11719702380486952,0.05131321720777076,0.14817551684748761,0.05376314702874039,0.033232922779217355,0.019351890077668212,0.05639024814763288,0.023005966962025108,0.10209094727622915,0.03498662910973215,0.07663055489234077,0.09455829811824495
0.248,0.04709277817618501,0.028799344230866115,0.09654260619094225,0.051458517789929804,0.1186900665567794,0.05118202804350361,0.16248418381882576,0.058060843026519454,0.03046065384417299,0.017404835315841465,0.056029376455181974,0.022427038401263286,0.0824982432849436,0.02770336475716078,0.06757448607283477,0.0815916340350497
0.25,0.049202118166495994,0.027596942545398486,0.10268493455104528,0.0505470956090028,0.12675271861537646,0.05059702150221557,0.17741182303261194,0.058678936813788586,0.028260660567516024,0.014813963744598006,0.05302360465580286,0.019476511643852043,0.07840822061453108,0.024182668481289697,0.06566248286376507,0.07270029659271007
0.252,0.054341407471599636,0.03215513827430119,0.10313473893012878,0.05401835020643882,0.12611212201635721,0.053708643537796495,0.16050108854490133,0.05675084391772889,0.03153366254085407,0.017519033457594722,0.053856354943759024,0.021018412784483125,0.07884919921159679,0.025859571184510245,0.05999328173506254,0.07064815124288719
0.254,0.059768538073010156,0.03273593632687272,0.11974477696433879,0.0584879125571331,0.12007413034527488,0.04745255625573271,0.16264789450789,0.05345347423477378,0.033127017540436315,0.017085366044141546,0.05982264931059111,0.021714384907415875,0.07145115405724305,0.021636106742546995,0.057885463954234016,0.06291263817836494
0.256,0.06339261652554587,0.03505714323088394,0.1283238140480533,0.0635915826634613,0.11827292360229269,0.047583424586145236,0.16271985864709956,0.0543785269270139,0.032407992692858885,0.01696031954945045,0.05917752790759588,0.02178911271068616,0.06469776329534566,0.019899965178998155,0.05320933887594521,0.05853808955862387
0.258,0.06141439571274793,0.03501623780189325,0.12364767278887688,0.06347812256353198,0.12036437142815837,0.050266461040494266,0.165534607013899,0.057360661321529074,0.030777523203333906,0.01668363912153988,0.055901187843294856,0.021318218610137364,0.06452726044832381,0.020553256573124443,0.05299385833606192,0.06016252619305307
0.26,0.05820600018264537,0.03246381566982454,0.11915008606545748,0.06014037393977175,0.12050339005836797,0.04964409164534388,0.16923246381657744,0.05779086888890036,0.030579168964283664,0.01629495466589606,0.056455023231477115,0.021162552354784432,0.06758087625930598,0.021183978072927115,0.056597319302278494,0.06301503688215843
0.262,0.06751596587371751,0.03823937256162837,0.12239123609002507,0.06309460519143453,0.13569744460249455,0.057202770582917485,0.16927999151081102,0.059154987958903824,0.028895340042913754,0.01573566285566122,0.04662101181461857,0.017877588960673686,0.06176472712645209,0.019804918061785567,0.045284869438708276,0.05143950732725445
0.264,0.0635151326479074,0.038382100084394494,0.113888523433456,0.0629457171666121,0.13642391590673691,0.06167185607173918,0.16906320162468547,0.06332945207276898,0.02754069878130112,0.016053491801861358,0.04393375420597507,0.018047742179090574,0.06274011918143632,0.02151371408708854,0.04567144989416391,0.05527913086078251
0.266,0.06374595046309475,0.042012146034849485,0.112836643514796,0.06835258656975815,0.13588732212813043,0.0674953214426085,0.16686476287983898,0.0686632077529085,0.02535509537517223,0.016239656657425636,0.039887348011928836,0.01802151437904768,0.057171432587989485,0.021577425866938057,0.04119867783652933,0.05469090849898373
0.268,0.06676853330536608,0.04251233355112808,0.11485309018391417,0.06747991167370852,0.13524763114773736,0.06532465485960182,0.1618685574299122,0.06470564096679056,0.027650485844594813,0.017179824710644345,0.042265810020641295,0.018524893259658455,0.05913713712223566,0.021664860673621916,0.041538684576625615,0.05327795067381907
0.27,0.07550520051019623,0.040788863458761766,0.11954197446644119,0.059424860537920905,0.14993835992140295,0.06178608860544824,0.16560041646493046,0.05606225136368788,0.030157165348864857,0.015903564423326265,0.04233853691001544,0.01563999665066493,0.06305563201408755,0.019599273291841593,0.040794722572661764,0.04386309345974788
0.272,0.0821686875267693,0.04202303661318775,0.1141190588598249,0.053736850967396305,0.1677348317428248,0.06592716272820368,0.16330382130495327,0.05255891343904738,0.030826541105770024,0.015409218751028653,0.037768958658716406,0.013186949950938909,0.06611861055389039,0.019530426451353142,0.03754682525737932,0.038040106088715796
0.274,0.0820990351586672,0.040542183019637086,0.11660461183213165,0.05326287145510617,0.15708748902770775,0.05997655383820389,0.15685047141752104,0.04908339031554068,0.035283288647705156,0.01710961357785857,0.04409295392749941,0.014960824325444173,0.07096475977875895,0.020362238221845845,0.041276382632321036,0.040443332824051346
0.276,0.08235638570106438,0.0424794623600841,0.12383213310400251,0.059242682827321876,0.1513328116209594,0.06081395837510279,0.16055289068307535,0.052814864505640616,0.03241827620946421,0.016498219709145924,0.04296985204085494,0.015295163855171667,0.06232673502702874,0.018830750964217113,0.038639780848236355,0.039596032168629954
0.278,0.08467372559993255,0.04959488464077295,0.10998244609669516,0.06054389361992526,0.15866330008672974,0.07277152556592484,0.14607008263108862,0.055357053744314114,0.032377939880956164,0.01879232526396804,0.03695764445399671,0.01516690713480167,0.06329988336214568,0.021836324008282195,0.03398827432521514,0.03992378958525121
0.28,0.08119814897384275,0.045848231392730705,0.11732842388488175,0.06262090711181265,0.1496086207395653,0.06657028696592135,0.15362849057039196,0.05661409296910272,0.03198357681969804,0.017946266358630128,0.04050778294975647,0.016119205027814113,0.06127732778369798,0.02048372562036208,0.03667448733765486,0.04159042549413711
0.28200000000000003,0.07964164917840955,0.04155366642757146,0.11739986121245165,0.058174441920745217,0.1508557804724221,0.06252039936484707,0.15839868336761753,0.05441527468894468,0.03327441834985747,0.01733808713445579,0.04293306045958605,0.015890464882532693,0.06529464595394113,0.02033874782908928,0.03995836874324552,0.04201245001428291
0.28400000000000003,0.08534273466616836,0.047316369539449066,0.09971971016674588,0.05311477976393986,0.16281715133032595,0.07214972697174007,0.13605246761362833,0.05036783156948464,0.038203361931863786,0.021164041808660168,0.03937404758401891,0.0156164526960229,0.07530319969409241,0.02499227159321388,0.03698722360021252,0.041478629470433265
0.28600000000000003,0.08797671953683142,0.04829105644323086,0.0949177136125159,0.05024214888812058,0.16786130530238777,0.07410311222738776,0.12969544734660554,0.04787595228670342,0.040518191399966576,0.022277806915469055,0.03857395576676142,0.015194927335154295,0.0796789517708614,0.026313155783883557,0.03626150910963509,0.04021804627448543
0.28800000000000003,0.0909012242769713,0.04737247223015167,0.09158454272973146,0.04613607829458802,0.18053530874165685,0.07620018169070938,0.13055066579366711,0.04607220513712704,0.04029133097268191,0.021059051488862612,0.03574310766476043,0.01337545918658815,0.08233902078255059,0.025944917643257865,0.03506665447375333,0.03682777889294237
0.29,0.09414973019779843,0.04535382011715822,0.09638549405268626,0.045098487262375565,0.17944965090457865,0.07033531264846761,0.13194046966628065,0.04334738401783136,0.04261993299954168,0.02064970752245007,0.03837197166663233,0.013337679589601165,0.0833729257423281,0.024386773664911637,0.03614826010773981,0.03505239983961852
0.292,0.09323096533180299,0.04723289828400577,0.09851768563381558,0.048631177304507736,0.17634429708101035,0.07313939277493708,0.13392227711364105,0.04659496778288114,0.03993651740370156,0.020419419292729647,0.037109265296789824,0.013619883096716866,0.07728884584427659,0.023939211753055082,0.03469973096097601,0.03537346504515277
0.294,0.0909865736361,0.046251611353131425,0.08845233909872129,0.043995971082124934,0.18927701357601945,0.07921008075158219,0.13285879612576276,0.04673029976391087,0.03892191073382161,0.020006507299718864,0.033230715310260145,0.012282452706581244,0.0826052778125167,0.025797223943461792,0.03432829392271522,0.0350649328835715
0.296,0.09472384547878493,0.05062014643996437,0.08307584776021924,0.043732886025843555,0.1992412686061951,0.0881233973608327,0.12624293218672356,0.04715714918568862,0.037521774856371086,0.020350694912178828,0.02873947713237649,0.01126051105923259,0.08027082447412184,0.026534595980223615,0.030039640371798914,0.032365008169444626
0.298,0.08957439766516023,0.04983322697167784,0.08896384582998697,0.04883112631342008,0.17081546786856372,0.07929760191880865,0.12320187025363842,0.04828652816099575,0.042247176888157406,0.023804854421584604,0.03621467387547278,0.014738260983797965,0.08226532183015535,0.02841174702904185,0.03474167124805307,0.038772228741485365
0.3,0.089693856312744,0.04735604681556428,0.09389156268218873,0.04917253134017974,0.1734770188717382,0.07691449207102101,0.1318881776914643,0.04951128226480326,0.03989690572430744,0.021346135777335722,0.03607040823304647,0.013974929195973367,0.0786386057799689,0.025886413666850464,0.035123240657676295,0.037158392915138096
0.302,0.10324306048759088,0.051988571715982645,0.10183843594158963,0.05099146776339275,0.16652240018670403,0.07053904456418014,0.1187056123308228,0.042579497111934934,0.04719578551919224,0.024144237856787605,0.04019966947283612,0.014889879399351724,0.07756048423753481,0.024396659831439054,0.03257219569476173,0.03263299788589897
0.304,0.10716323967003022,0.043681028260550536,0.10971439025520185,0.04482273924492264,0.16838557661259163,0.05792900961839807,0.12473391836146772,0.036559078246998465,0.052503437507928005,0.021946127984829502,0.04631673855196298,0.014089533741404031,0.08395550388766529,0.021601078284779897,0.03666802075869609,0.029930579012572987
0.306,0.11239710178359989,0.0457749612099825,0.11049848827230344,0.04526605147523262,0.16814513275386397,0.05813681994339808,0.1196276000646967,0.03530044350755452,0.054503796949302345,0.0228033253183189,0.04612660148842206,0.014064128556548702,0.08281826916168068,0.021412488413697327,0.034809375797153465,0.028315415304244668
0.308,0.11231050744719753,0.04843503408478321,0.09616543218728375,0.04204003366889281,0.17083484774361116,0.06286933673356297,0.1060989314020011,0.03353227239359563,0.06013208296786548,0.0266092116586608,0.044592070195059716,0.014456621140823057,0.09268310561873057,0.02543229290824819,0.03431788185415796,0.02949033799552609
0.31,0.10900300609972181,0.0473858970729317,0.08780789020936093,0.038859710033795555,0.1701728641903082,0.06347697871865106,0.09953766325681707,0.03198295806786801,0.06486399931635851,0.02896832445061026,0.045363115914085476,0.014868929451371374,0.10235453346026245,0.02845051245252004,0.035896119218686455,0.0310074980866511
0.312,0.12404706544275401,0.04530551288774171,0.08888675639797332,0.03282925990164467,0.1862094162864517,0.05847709567139212,0.09665397581081425,0.025936461001225354,0.07063149465816122,0.026443149634014087,0.04379559705628369,0.011914541628736695,0.10700423944201005,0.02493801489979649,0.033295086889776344,0.023632332391224073
0.314,0.12808493219574155,0.045321223257602745,0.0897694065542278,0.03224469129151589,0.18361140098624298,0.05613109888630048,0.09310632565345865,0.024409734518351923,0.07473899184029678,0.027156470817537956,0.045297960469950695,0.011981971139290268,0.10806368066011098,0.02453041138170814,0.032962600988093865,0.02258909935956935
0.316,0.12409245160184125,0.04251937894865036,0.09254944862185344,0.032359862281857686,0.164721422102861,0.04898698003777247,0.08904124933137512,0.022824901213593235,0.08452861168480745,0.0298532469816645,0.05422334734243192,0.01398213283276649,0.11373071954512859,0.0251775004441401,0.03692082636012907,0.024487920669127253
0.318,0.1189265421130717,0.04372840871622474,0.0814879230576887,0.030800606284785814,0.16637376198763873,0.05328870970183449,0.08283464442805914,0.02301904742868322,0.08658283191220699,0.032793812393365526,0.051153153936681905,0.014213424948517857,0.12261505032171396,0.029174472224191558,0.036874274280765874,0.026133336264569585
0.32,0.13243909911955382,0.045412830002192824,0.10409611360302654,0.037018422840880756,0.14168615303537815,0.04215525090432244,0.08245114015860747,0.021490267156069824,0.09452253306391688,0.03342266310899717,0.0641254242248764,0.016739939406876424,0.10213735858028321,0.022563578176422183,0.03607366753752415,0.023665559081071687
0.322,0.12170688549575294,0.04530765389224663,0.11991211258336845,0.046057863200787946,0.1388206925910748,0.044975183437671526,0.1007079274698521,0.028405612326294533,0.07330174445912127,0.028392455832496406,0.06351257315303606,0.018007525053826256,0.08505139919949058,0.020620500739476248,0.03823539304106731,0.026984477524436706
0.324,0.1191243663114558,0.04085081611555265,0.12502480440096606,0.04449828236767599,0.145152090605707,0.04368758587495098,0.11217997484683588,0.029506384755294435,0.06756038761762898,0.024089045773955216,0.06245420313765064,0.01636432197316868,0.08396447447624196,0.01889173479944338,0.04040416392478346,0.026247363018688876
0.326,0.12199014343310172,0.04443238397281599,0.12072110456256528,0.04586009940149113,0.144740800039068,0.046569975846968016,0.10565265254303302,0.029799588042517665,0.06903879874004769,0.026191058158917785,0.060143370201623844,0.01681722678707095,0.08356922412113253,0.020125160481698875,0.0380984926724836,0.026249920995463954
0.328,0.12882617813516442,0.0450853493564292,0.11735792042263753,0.04290433614678453,0.1496257307183148,0.046497429242787255,0.10066822112257198,0.027425755619190428,0.07311326124850955,0.02669501949502443,0.05860611822707727,0.015766358398765997,0.08665991799462495,0.020185497773619304,0.036540018537700954,0.024042887560797456
0.33,0.13084607481456897,0.04558117036329588,0.10916536790741202,0.03985299653943206,0.1573318736485318,0.048932725359047004,0.09726508925461759,0.026575408241843197,0.07492456677799617,0.027269930114986775,0.05498523872872998,0.014767397449189156,0.09194456193818894,0.02146580612595918,0.035765683635299673,0.023326109100901497
0.332,0.14259466260386697,0.04736270334032724,0.11002306007357823,0.0383585115898959,0.17281199129632796,0.051521609508913234,0.0989506041374763,0.025938631445144408,0.07059567581176221,0.024444227104604668,0.04758306028300548,0.012154777655152394,0.08737152827495158,0.01952231678488929,0.03141761319626253,0.019349026893841572
0.334,0.14115895496254274,0.048061668777559546,0.11834794221349577,0.0423943528010135,0.16991096776556355,0.05219744747541154,0.10580284661166635,0.02863235951628675,0.06405378606867533,0.022781577718937403,0.047015964389731046,0.01235329858583426,0.07863214899819711,0.018164742105616416,0.03100153605533619,0.0194904059541325
0.336,0.1274519666485575,0.0422403051119164,0.114242539676836,0.04000326790306153,0.16822655606990866,0.05063143773570552,0.11176842387129222,0.029732612178297754,0.0647215901387581,0.022458420790313408,0.050529097370861746,0.012993862479369225,0.08658942852702496,0.01966122487483608,0.0364583118176266,0.022290954805634353
0.338,0.13320846452724588,0.044877319457485625,0.11612630827826773,0.041480097996969924,0.15120479579616608,0.046581953101992236,0.09762653678940654,0.026655632263911332,0.07582473479467304,0.02675045951846481,0.05759252060599475,0.015088903796391632,0.08793449183968431,0.02045058422155417,0.03618658157069637,0.02241061544109572
0.34,0.14533842600236432,0.047956991156835854,0.1203342909931903,0.042213052594294885,0.1474812699255883,0.04468891343084104,0.09032670836357243,0.02430178644099995,0.08080668386549841,0.027949263400296423,0.05820432909121196,0.014969268324397702,0.08369713327694851,0.01918410427291391,0.03278890549291627,0.019758873368129985
0.342,0.1430781364177232,0.05079022488985559,0.0984704850364644,0.03755005284377855,0.1507213911793598,0.049313993414228485,0.07715379815124551,0.022631347741615827,0.09096532925227649,0.033722982480652475,0.055091299031181214,0.015312940985029944,0.09762771660862585,0.02410074688591941,0.032503451977787375,0.02096610310425596
0.34400000000000003,0.15070664595876926,0.05299676992699998,0.10700154237227755,0.040575519815437736,0.15672754559160199,0.051049913983013395,0.08285572250254487,0.024277210409470576,0.0816828670200087,0.030011456324998607,0.05111420614337054,0.014115502176439783,0.08653570930615653,0.021310434573540975,0.029977674236348843,0.019061279659020484
0.34600000000000003,0.15729740170795448,0.056772878449784556,0.10672215065937672,0.04170698859236413,0.15038163976603913,0.050580072239140794,0.07589335226426196,0.023059571430571094,0.08649675442260232,0.03263881275808044,0.051668279190319924,0.014699490015437444,0.08430874155695696,0.021493462727932924,0.02804038103011344,0.01824002318906368
0.34800000000000003,0.14920200641511677,0.05082624734816668,0.10733104476927485,0.03980229623790976,0.1443425366282447,0.046072664175638,0.0772853249530622,0.022400830985687282,0.09188334886672118,0.03285562876909113,0.057932597557348836,0.01568160804479422,0.09061361091211871,0.022052667396214205,0.03203874325873607,0.019678843681875478
0.35000000000000003,0.15516565706221777,0.049950266274904544,0.10026517960438844,0.03515864643801567,0.15252993938756448,0.0462587285760476,0.07353963075923901,0.020260901945929756,0.09675811546920877,0.032740579786401096,0.054777473019788046,0.01402206121046574,0.09705995231696589,0.02251468623211515,0.031080369199983384,0.017917812716764573
0.352,0.14102227757115518,0.042026247723331904,0.10599286829924419,0.034745029090651185,0.1363029396913156,0.03845411755238036,0.07661307506798944,0.019821228378624326,0.10414293830642023,0.03286227145821644,0.06769436186361504,0.016278877584075365,0.10296480154672405,0.022418132565347228,0.0381572399039516,0.020503593396957807
0.354,0.13773270469954907,0.04030489428183606,0.08452025508581544,0.027268640958735435,0.148042680623012,0.04126280172356751,0.0688581575661852,0.017628318356411765,0.11352949382169804,0.03525660795880139,0.06090185530855352,0.01442274835119563,0.12438669620001964,0.026836919524111814,0.03870321650087013,0.020344009039637168
0.356,0.14578583220885122,0.0382569590114975,0.08916589905039972,0.02591680245447426,0.14045109750703594,0.03508627020722293,0.06518820914475977,0.015019906827338185,0.1251232667854134,0.03497443202590457,0.06686141453444801,0.014285088150482652,0.12340653029443002,0.023979234212415365,0.03848172200911359,0.018017335576212743
0.358,0.1505536677040139,0.03784659916269966,0.0946238801771082,0.026485702071325792,0.14619741263069344,0.03518137217293474,0.06984732404229704,0.01557315201010522,0.11836629816395644,0.031678684949231886,0.06503917597247959,0.013352506215985514,0.11802711981228825,0.022111849905441804,0.03810121984877338,0.017014035160664895
0.36,0.15780693162816847,0.03896226349749748,0.08941391793731807,0.024673206190139622,0.1438870349111274,0.03416973041944564,0.06188610209971521,0.013665217683827634,0.12929713265699716,0.03403907863370943,0.06413760801048653,0.012981068114351488,0.12147801277510681,0.02252560677796051,0.035556200313557725,0.01552088835059068
0.362,0.153657126659015,0.045554265806668826,0.1007962841095577,0.03313417097924726,0.13567537912626587,0.03899643292079331,0.06783571620360575,0.01796818487307878,0.11178214915119625,0.035757751375031545,0.06469903778115345,0.015744833682342595,0.1017874952036787,0.023163462595489785,0.03512215668171975,0.018325552851155443
0.364,0.13686815419703605,0.04009456333633614,0.09364986578198785,0.030561762649306375,0.1191711255707664,0.03403118027079222,0.06232708485722813,0.016461861326258737,0.127529680681641,0.040407217362065526,0.07655347948579748,0.018503919631724895,0.1149548120394344,0.026091577789261283,0.04146347451644161,0.021330240503921957
0.366,0.1356723789364182,0.03713127154404919,0.09037186020907967,0.027655227231586366,0.1230280069217511,0.033053840577670406,0.06288031535178573,0.01565441836707388,0.13000997754907406,0.03858161531744746,0.0759824430688254,0.017226515465446752,0.12240415331531797,0.02623499290895203,0.04332475604507978,0.020788227190442182
0.368,0.12994492262526064,0.03368493745192385,0.07640301842215046,0.022182027326612605,0.1436716226707443,0.03694517134879821,0.06581499871263843,0.015686681217702853,0.12418888712364089,0.03496174635365813,0.06403648022810036,0.013762504610594691,0.1430563424109351,0.029420594213993505,0.04554926972186152,0.02069079556138442
0.37,0.1256633071655637,0.03184445334558377,0.07292694166721066,0.02081330757801563,0.15802086056926642,0.039994801221569905,0.07165771579708782,0.016872904297467118,0.11332175343182524,0.031221760884629746,0.05762301351504951,0.012154636983189544,0.14939071807644347,0.030295862001465734,0.04723964055635673,0.020958322909274976
0.372,0.1266974928580298,0.03352017025644053,0.07345576827883082,0.022011171788969806,0.15962734160017722,0.042407892261720904,0.07243717032435529,0.017978317844682495,0.10942859364501992,0.031559240583969375,0.0555463353730407,0.012300868722614417,0.14481641233546205,0.030928878483436794,0.04598941859593072,0.02129492704731907
0.374,0.12014153217310415,0.0366281364274036,0.07587057783024796,0.026187186326550514,0.15529723271645177,0.04771049636653749,0.07680394751658934,0.02199900145303703,0.09865872335311444,0.03295533861794565,0.054614501616451115,0.013963445307931576,0.13427760343431414,0.03335743971299946,0.04673797288515309,0.024796864262168705
0.376,0.11713926207475783,0.03972300030148706,0.06278311323429638,0.02444858816897674,0.14789951888975472,0.0508667427616624,0.06208136927116731,0.020163172353410967,0.1099812530024267,0.04064687154132506,0.052193207366525995,0.014915709015554331,0.1466467407962632,0.04058292641009361,0.043965193016459486,0.025963331795838374
0.378,0.12455936477174093,0.03872387937138092,0.061081060280379254,0.02185056511016748,0.1570419684723117,0.04978190243493647,0.060403532283991736,0.01808789121307603,0.113567307985819,0.03849844840760271,0.04920400509629828,0.012876946625115255,0.15148777927986382,0.038684935001235016,0.041702617175363214,0.02244779649071819
0.38,0.11317119395126984,0.038372714545933856,0.061216978359173904,0.023932076036818385,0.1566315601086844,0.05422606291223427,0.06624739055728099,0.02167463986366857,0.10166637927419173,0.03767534057921814,0.04857000295174118,0.013878426715784528,0.14922003810599255,0.04173581333659395,0.045355099768693216,0.026426282932720525
0.382,0.11379498450508162,0.036287397004961815,0.060440675082309284,0.02234393000167704,0.168033618712059,0.05510925364668918,0.06991646867252747,0.02174475689035944,0.09708101744186545,0.03384126426492182,0.045469236343810004,0.012244663385959106,0.1524821127591981,0.040443360888745124,0.04571494427710458,0.025052316122730952
0.384,0.10020526330870656,0.029989289530806294,0.0512409096942529,0.017875242784126326,0.1679188230955418,0.05217000167938364,0.06749373344908935,0.019954451438398812,0.10083594542334515,0.033212660528451475,0.04554759399157466,0.011608691246753348,0.178134348114369,0.045044213656160605,0.051874896041432694,0.02689393601760734
0.386,0.10352654241628075,0.031052298063383874,0.051118922953321363,0.017996008036021024,0.1550342980417148,0.04856854850096082,0.06010630226947741,0.01800846171699792,0.11302294594760513,0.03738388499357978,0.04932045602278829,0.012653162458368306,0.17943604395883037,0.045826477615489095,0.05060812855109658,0.026337518454084514
0.388,0.09890248270037383,0.03417817532081743,0.03962493654976584,0.016433939948659437,0.1441415694125638,0.052413194340579054,0.045283119552885324,0.016075917098315056,0.12483244588218508,0.04721123707822759,0.04485066254654232,0.013363685099296873,0.19355672504040364,0.05688869050225376,0.045056846993541066,0.027186371933589724
0.39,0.0900228274119789,0.033045860884868626,0.03503676749270866,0.01557398584094755,0.13667819749912663,0.05304515066251494,0.04178810437068606,0.015931104135630626,0.12625103560029782,0.05068905075750263,0.04410754182792552,0.013996530616570423,0.2039229616785412,0.06385826875783661,0.04637184036371816,0.029680772099145724
0.392,0.08666329409975143,0.027596684563601544,0.028454429932194054,0.010931047239305767,0.1577648894508555,0.0541169531506031,0.04137404384230906,0.013871261183429599,0.12080179439200059,0.04218171551668647,0.03557605528818074,0.009715112164184341,0.23456452289226717,0.06499345040659874,0.045825267368748285,0.025569478509283497
0.394,0.08693001538492459,0.023876642810124266,0.03239970173681598,0.010942398470983815,0.16608672131336566,0.049655568964528725,0.04929602936275649,0.014626483494673773,0.11490374678535142,0.034582567548775645,0.03852127004060143,0.009179031059263772,0.23479530818890315,0.05657122443087568,0.05217117585846796,0.025462114549587533
0.396,0.07722327277188272,0.02345622327709013,0.02562946884018807,0.00972291284121247,0.17046737440613105,0.05631049702701494,0.0454433740657399,0.015072498446828366,0.10634132516396791,0.03542953527389908,0.031804254010167024,0.008461971697011185,0.25063066782633103,0.06667964887178017,0.05021402686948066,0.027112948611275292
0.398,0.06893374550051022,0.021064243328287324,0.023208199397053805,0.008949017340268232,0.16586180583122445,0.05547333348251499,0.04479401909980035,0.01514703401137263,0.1032555888976432,0.03471788216166302,0.031289572936695785,0.008419461613351196,0.2645113000628061,0.07130005340152244,0.05373982195575049,0.029334920979535863
0.4,0.06409454590131401,0.019797503795182417,0.02330290462930701,0.009173482615851365,0.16059418002708964,0.054670807012049426,0.04673333915877681,0.016182552204287822,0.0998316380568059,0.034056427069034764,0.03261328958015934,0.008913940849557388,0.26630639905621795,0.07311989387363842,0.05827888246820253,0.032330213702525284
0.402,0.06665643475276084,0.022390314763862215,0.021579856768870715,0.009377916815658062,0.18850593498333376,0.06989467307000816,0.04917569356940227,0.018740004182302174,0.08282138759083699,0.031161613572806612,0.023751391277621763,0.0072168328893157255,0.25309861180847,0.07647462017917485,0.04907430334499565,0.03008041043058044
0.404,0.06662394111260196,0.01949924778752725,0.024223060203217024,0.009338907930538312,0.18822541173431795,0.06124427869989839,0.055026618745252824,0.01867235327749833,0.08413924217502466,0.02771668957851119,0.027044142544214705,0.007259566091706427,0.2567000747257637,0.06822466274680981,0.0557897175855208,0.030272085061596822
0.406,0.061806178853257426,0.018728087073088668,0.023320621758588612,0.0093942797272566,0.16994015844812477,0.05767914656469633,0.051500171534142665,0.018338713954965516,0.08916773759006415,0.030446602789078805,0.02964762834703788,0.008257804131144209,0.26509884415425916,0.07338994601084545,0.05964033519845614,0.03364374386499357
0.40800000000000003,0.061183284444224724,0.019372418306699286,0.0240070156398246,0.010194916481522945,0.15718155259444763,0.056242451065948995,0.049563545162271815,0.018698042622818857,0.09375081430241723,0.033537166994980674,0.032373855558696374,0.009450305839798674,0.26102421869732184,0.07614795888414476,0.0610585852088426,0.03621386819603913
0.41000000000000003,0.06191362142116586,0.018528613730015672,0.025551121637551938,0.01036986061852815,0.1489089846488918,0.05065069295140189,0.049471473267451556,0.017859214998787582,0.1002744935440028,0.03409671045659201,0.03637761257671971,0.010117877039134955,0.2620595737598319,0.07286514513943215,0.06450415147427684,0.036450852736215275
0.41200000000000003,0.06472117573695597,0.018173172690335755,0.02739724685051105,0.01054085146748001,0.15382557390155926,0.04943851660911672,0.05247538090636227,0.017996121049002847,0.09995743205777964,0.031979062715111396,0.03724022726628184,0.009766582673327532,0.2584116928021633,0.06787830048388434,0.06535001567047016,0.03484864711965788
0.41400000000000003,0.07384363860821233,0.019319915891864086,0.028837150153794847,0.010403869004788966,0.14706908619628095,0.044078042161931105,0.04598022188187586,0.014733348753458907,0.11851022871383896,0.03550811827049777,0.0408105870304874,0.01001348974541961,0.25792422004136745,0.06335832665018065,0.05989230064855303,0.02971745624744807
0.41600000000000004,0.07824823130268065,0.016862024421535164,0.030483870705439016,0.009146155966909405,0.15239988217351563,0.037809097197085556,0.047610544649751015,0.012694611877803432,0.12483854457973308,0.030906489592263265,0.04290452356118588,0.008720353489503814,0.26612331350895657,0.0541653585534273,0.06175247340350134,0.025334525016708884
0.418,0.0659007591646517,0.015304111979212632,0.02288977830369385,0.007512217753518053,0.16667266113609563,0.04443348870241993,0.04718691149219945,0.013641737362795548,0.10513894011277257,0.02815121149504164,0.032231638449724265,0.0071441272789772,0.2915220623753792,0.06383750815206524,0.06131353427037629,0.027119311971076816
0.42,0.06977448859411173,0.016678884711274693,0.026825436226369383,0.009140143900669681,0.15964753197153908,0.044202764412998606,0.05028878102139727,0.01516956784749756,0.10803981441821225,0.029909541109511224,0.03673039140125775,0.008425138685259797,0.2708302450756946,0.0617103805506947,0.06347669828562612,0.029150191787885735
0.422,0.07519821794221217,0.01600354406749055,0.02598726653008945,0.007912136872980455,0.15936969424970981,0.03938227540988118,0.044981630992287656,0.012102475330232869,0.12114094131249623,0.03003524326013814,0.0371129246047751,0.007599931144086813,0.2820069843881809,0.05757076084409235,0.05935378002915985,0.024242193022186463
0.424,0.06498399247280183,0.013161555547769975,0.022022222180049022,0.006450593501260199,0.1653064994026052,0.03930909643423353,0.04588694051268035,0.011953679742432197,0.11000896283972869,0.026087122718926232,0.03308100828174561,0.006502421972544883,0.3064724229721112,0.060338255964346714,0.06345522791778468,0.024979997538979882
0.426,0.06763655029192864,0.014793869428035285,0.02092361104501056,0.006716623853433419,0.16807661574101276,0.04350706505715403,0.042560467044871715,0.012203444528947501,0.1106804632090506,0.02849568793913353,0.030357648480664676,0.006525391135189853,0.30141223124529265,0.06476372823868222,0.05681770545516453,0.024528897306427884
0.428,0.07554810162466094,0.016396511683033122,0.022464474124745674,0.0072332045132525264,0.17163592975368075,0.04438744279930541,0.04169734760718035,0.012035418707347128,0.11619305175585701,0.02979271788262443,0.030609987339255042,0.006575235210988623,0.2887133119975202,0.062052690551649844,0.05212764755603829,0.02253692689286069
0.43,0.0784433390269399,0.020347864698164356,0.021489989740507316,0.00841670101734587,0.16256521191140094,0.05098220125797871,0.0362466626565406,0.012886283835529927,0.12054618388076015,0.03706280579959327,0.02926077520899285,0.00762224259721172,0.273455326261995,0.0713621239125823,0.04530826197777509,0.024004026216681993
0.432,0.07393435252025639,0.017954392857557868,0.0207195154485217,0.0076870719425048955,0.15766691317321752,0.046657105500170104,0.03596129765484233,0.012156746803911092,0.12291083205947767,0.035589043963188,0.030495030645981046,0.007515251987375578,0.2868832680754344,0.070891026229814,0.048574051359633975,0.024404099778113537
0.434,0.07901329913235416,0.021714036492887022,0.021395520877366753,0.00909535241028995,0.14774677977986883,0.050227882607533386,0.03250880320556563,0.012742401401737434,0.13044300461679653,0.042906650601446786,0.031283956179875595,0.008809095935009286,0.2672139354277785,0.07597380475677869,0.04361726495103989,0.025308211623671428
0.436,0.07711711426366354,0.019126280831621375,0.021126610945948497,0.008199034498065645,0.1479680522549649,0.04577964747690686,0.032981287410362596,0.011842962707712597,0.13285729677875815,0.03966371325237039,0.03224259075455545,0.008277892067212939,0.279561133669374,0.07257013390516148,0.046187186281829114,0.024499062901492653
0.438,0.07415920761187228,0.018080377167734824,0.01950753302444264,0.007523169037365012,0.16725857434771615,0.051268258731864136,0.03596749284122707,0.012867091798200598,0.11499516296649798,0.03384429157084159,0.02675826988467943,0.006801448751353602,0.2873133500303681,0.07393641716317965,0.04567802732392849,0.024041327748728396
0.44,0.0789004166249092,0.01452249427245347,0.02311680391217183,0.006914730189481785,0.18932206068990814,0.04453296831041123,0.04519887527301757,0.012675691571630208,0.10859145611558843,0.023778514939771324,0.02833525252646089,0.005478680708053869,0.2899544803977465,0.05638137900132496,0.051456773940221724,0.020839421526848763
0.442,0.08745754162895499,0.014255008880298424,0.029735322890243752,0.008028895433834183,0.19332391010662572,0.04032952995435553,0.053863268884148476,0.013624879236564283,0.10930476392715786,0.021132497177328426,0.03332691721501611,0.005776154365502823,0.26778846983179705,0.04596565134664653,0.05586773557311914,0.020219453548406714
0.444,0.08503800773723946,0.01351993213214404,0.03126032175396339,0.00832044346969152,0.1930660298612979,0.03952464851806458,0.05813018567729958,0.014539856406906035,0.10530064094051612,0.01990364673276355,0.03470360006295989,0.005923304215835672,0.2649924285015161,0.04472285315586354,0.05975369544137875,0.021300405392559934
0.446,0.09441511463339407,0.014094467137949493,0.03681345837162728,0.009298879939869597,0.1978886648034162,0.038155214640738414,0.06338921164178593,0.015057490890499023,0.10598939481717305,0.018794382037509556,0.037134463989410636,0.005995622662844131,0.24519959649911685,0.03893695499007348,0.058993647932141825,0.01984343501245037
0.448,0.09096956180740878,0.011421940432865681,0.03658670477673965,0.007865223490085175,0.19129418004260587,0.031197199276357827,0.06327018699795746,0.01283100151175972,0.11232178388593984,0.016921636197201263,0.04048975352048847,0.005607356235043858,0.26058411789687325,0.03536992764834575,0.0646359094943894,0.01863351678593788
0.45,0.09543544539491654,0.011313751447379913,0.041968830736305154,0.008615562427670021,0.171164959422636,0.02637667372452756,0.06245252440578469,0.012083953042062688,0.1260919952318435,0.018003114538287783,0.04952588235664679,0.006561742362682321,0.25090722484304184,0.03232769853098311,0.06839514181012606,0.0187754997251062
0.452,0.0990294106704238,0.012089842107297785,0.04717482993502665,0.010042543072749571,0.17457501390887775,0.027849201182294323,0.06926879553705455,0.013926144441431006,0.11872732011519647,0.017513275953657394,0.050702650388034565,0.006983904331662411,0.23224863528861317,0.03111060836267832,0.06907967957424217,0.01967814513076016
0.454,0.09100661242597724,0.011275133971122961,0.04813198772952278,0.01046787683017999,0.1728371710764321,0.02809372685497674,0.07609985198375774,0.01564125648632493,0.1096308838274676,0.01643227199863901,0.05193246008200909,0.007316337824265863,0.23113492257570312,0.03163335530941637,0.07622843447812189,0.0221377165460827
0.456,0.09183180556888838,0.011471919730472274,0.04252139804975057,0.009395134848183223,0.18593602199633327,0.03059335235850287,0.07222009833461066,0.015093061720979215,0.10747187214888566,0.016264545742995493,0.04445178192264798,0.006372293558508334,0.24189065136544494,0.033607065118811376,0.07019706865666063,0.020681928878325113
0.458,0.09382524278427423,0.013240482815578993,0.03605272330747968,0.009171707055852914,0.19238088046051569,0.03587801394864256,0.062238675702775546,0.014987159431544618,0.10961039290990142,0.01876262393515775,0.037581022342689924,0.006211517303728312,0.2498380210344521,0.039443374606900165,0.06034219321017109,0.020435969150335156
0.46,0.0945124483583422,0.013536158755845766,0.03271706574324465,0.008524018094603068,0.20664818255282377,0.039265146399633084,0.06052571473598988,0.014944669486265365,0.10428887970362141,0.018150343247971767,0.0320805554995104,0.005438789005890012,0.2539022811735229,0.04095469298707511,0.05533026835459077,0.01918078590107003
0.462,0.10394921483490852,0.01611128829435005,0.03829887479341606,0.01085689252886533,0.19427072486898672,0.04038704715881766,0.060895885906143754,0.016508208754631118,0.11070814908816289,0.020905123292912692,0.03624062028439414,0.006699783939151638,0.22953220791139375,0.04067457399342397,0.05358303679577763,0.020378367554664267
0.464,0.11456532028053117,0.014755033496454035,0.042459178351992574,0.01008407150184004,0.19079506751850384,0.032730814517990196,0.06028351677046472,0.013567173849111975,0.12317540004583878,0.019362354868891894,0.04050622808611813,0.0062860215676939744,0.2276070950724733,0.03340366553743601,0.05353847000257184,0.0168805885320874
0.466,0.1064806600764131,0.01272533232844499,0.04101699797065173,0.009127531425938609,0.1900730581276331,0.0304593921166452,0.06250186012039544,0.013229102537357254,0.12110451685791451,0.01771296181092732,0.04129855377774425,0.006026743200503162,0.23939943968291227,0.03296877013836586,0.05852972527372489,0.01734535455442834
0.468,0.09748539737421251,0.012419068842788573,0.03779477562773003,0.009036263740462196,0.1859782959700904,0.03183031721454747,0.061697459995406385,0.014018108016276095,0.11809005357236832,0.01838879487110422,0.040480348740684076,0.006344978965891594,0.24898676888018498,0.036640437969204624,0.06136608638475858,0.01944284383428982
0.47000000000000003,0.10195509723184108,0.013069325463134803,0.04194340393590941,0.010164001061426838,0.18610344299131204,0.032190302856335264,0.06575107989707563,0.015166955293137743,0.11616925202654224,0.01822352693738666,0.04230107254774809,0.006733338057654058,0.234055314987997,0.03490785266217206,0.06150543322169505,0.01976060082863197
0.47200000000000003,0.09047163957485956,0.012267084592330349,0.033872571818544694,0.008770462499692204,0.18578327717025564,0.034008160075368624,0.060231603551306134,0.01480300743093102,0.11436497453567952,0.018933947825191085,0.03804277382575238,0.0064610426636502565,0.2577119168695265,0.04066448332918845,0.062362227069806306,0.021250827167917125
0.47400000000000003,0.09152476239245935,0.011025932135516394,0.03441167901354284,0.007980697333439696,0.19557957590352307,0.03202282606143692,0.06378774102242646,0.014094493343167874,0.11091786693157864,0.01629193362070216,0.03703354730923768,0.005627858016341726,0.2603203779328851,0.03673687869352837,0.06331532934449668,0.019328500945717093
0.47600000000000003,0.09961019658925215,0.012970357667241137,0.03228444413104224,0.008202516173745624,0.2175735768000615,0.03861200112908044,0.06136541233895623,0.014863744138814508,0.10433352390844745,0.01667364279125442,0.02965233930465377,0.004982727363999781,0.2506271355144882,0.03864982231278813,0.05207014833657914,0.01752841149959516
0.47800000000000004,0.11163760109826915,0.014033736088814296,0.0334974041752077,0.008268840393782407,0.22300133890338775,0.038285151216236206,0.058028216344576826,0.013670817343055548,0.11030515660081427,0.01700701035007074,0.0289075958023854,0.0047251906855542486,0.24138192471701353,0.03605752625004975,0.04612717169697811,0.015065318333803977
0.48,0.11046429616845163,0.01289146247372883,0.03425952929508301,0.007927096897437605,0.22347642475510024,0.03576156985736609,0.06011445623244817,0.013311982665962348,0.11031699268272896,0.015797735010332218,0.02982158844910849,0.004582355265333555,0.24417532624903082,0.03409249920099549,0.04822180320925703,0.014784881587635705
0.482,0.11123109801936525,0.014257194975967443,0.0418737284040622,0.01063059693564443,0.20753791360342164,0.03674011482597603,0.06831024088987718,0.0166905440692999,0.1082035445506921,0.017038299806799374,0.03552745397727345,0.006012740046428142,0.22033903434639204,0.034169075397797774,0.05338209985496061,0.01805632029604239
0.484,0.11261957415963453,0.012987884019915663,0.04201257376693953,0.009653498349121794,0.21715847809475633,0.03475163816829303,0.07095267154980191,0.01573730048189802,0.10582111629159288,0.014957593671375554,0.034357449579711166,0.005270185922959897,0.22259393072864891,0.03123184105657277,0.05350955979981905,0.01638470435895897
0.486,0.12251974626963526,0.013944006208117483,0.045253654358087994,0.010325109970929166,0.21703944454163723,0.03434833604438358,0.0702691058750071,0.015495771891894407,0.1094827200561157,0.015256767566553569,0.03510885614294556,0.005365991879267432,0.21080987911190927,0.02932496144836661,0.050194246048391004,0.015261402586758763
0.488,0.11823155624316771,0.014813483032900854,0.05106541286439114,0.01281137054133284,0.20517937433913672,0.03587015592534109,0.07793092909054407,0.018934091677997058,0.10411108418002515,0.01596751445851248,0.03899127832352028,0.006582618789855617,0.196067500463494,0.030241695909695374,0.054837531142883256,0.018364403017202467
0.49,0.1372697504005719,0.0164895248320892,0.05567696594007701,0.013434277435440225,0.20714876836092672,0.0346882668857192,0.0737170201239933,0.017185702267984056,0.11163748441123066,0.016367903507523353,0.039064777926718794,0.006358149099924646,0.18149911557546744,0.026848446888161806,0.047417008567508925,0.015196837776662805
0.492,0.13196594657157154,0.016553158356922615,0.053559166483338395,0.013562884527569506,0.19679237829728075,0.03448723881962869,0.07028894313365702,0.01720526517051346,0.11704190070802449,0.017859640888574703,0.04086818827723624,0.006998140230767145,0.18788406338930572,0.029122799198102737,0.049275419419409563,0.01653486652809751
0.494,0.13001817476829203,0.016198429170238525,0.056467850722757645,0.014275034078597112,0.19690004722471902,0.03434781942777865,0.07546550578614913,0.01843841289841807,0.11216511093517792,0.016974674912781575,0.041853222856917414,0.007184811587028737,0.18272416913273667,0.028279013013307635,0.05147456496400439,0.01723315852109539
0.496,0.11328347193205913,0.014654239444521534,0.0619309148911124,0.016255801257760893,0.1864290982494069,0.03378065803957838,0.08942812961097263,0.022650373673250724,0.10044978867949726,0.015749565057276566,0.04692748142150248,0.008396695542936233,0.1774309730521615,0.02860142704190655,0.06239319652247511,0.021638185583581583
0.498,0.109938797474865,0.012155161858410013,0.054084709361798336,0.012054815310314186,0.19529641404210507,0.03047322476337034,0.0849235649621274,0.018385928615933182,0.10552132826436031,0.014203227747891754,0.04443660999406378,0.006829886993678016,0.20040409402971718,0.028066256654964514,0.06410324612838549,0.01912273379801526
0.5,0.12746917749251763,0.01305709813696352,0.06024818203479589,0.012462531347554607,0.19622579573364604,0.02824712650026482,0.08196167631797702,0.01637791583682331,0.11398495234355942,0.014150794071920415,0.0459518725105147,0.006565623042588615,0.18638765561617537,0.02407931174663729,0.05714907689832244,0.015681210369739074
0.502,0.13070139190322064,0.015138498527125569,0.06267302729974553,0.014698005791382189,0.19027586880111588,0.031116056362613324,0.0809572732099637,0.018396520604471323,0.11347185129213687,0.015925350936614124,0.046303804459808855,0.007552161616466404,0.17513998804975814,0.025835529060063853,0.05471289677563087,0.017101775309882848
0.504,0.12506844421467603,0.01303137014747723,0.05692521034666353,0.012014834990242036,0.20623482112174593,0.030577712925323512,0.08386692941358902,0.01725765002613237,0.10782103590206732,0.013577012778041856,0.04164716994394484,0.006142639161562325,0.18840938324996126,0.025268072145991013,0.05624459300191077,0.015913120630671063
0.506,0.11876132772848205,0.01375082591373351,0.05370917187209206,0.01264557980462164,0.21183687205974927,0.03480101610390176,0.08585160595063558,0.01962416667809821,0.09987142002416212,0.013961734219085668,0.038217490449463716,0.006330860357413646,0.1886864142710403,0.02815578761267502,0.05613386308802958,0.017661863866815997
0.508,0.12142976427507196,0.01421967187470666,0.06276364661711653,0.014976012038072053,0.2024384191606204,0.033683542956629973,0.09436903597597712,0.021876254196027747,0.09702412689784956,0.013689397449343575,0.042454762239305555,0.007165318352634026,0.17068480631940627,0.025884668631534578,0.05862759024718882,0.018712982768515175
0.51,0.11397554476509998,0.014174968613595428,0.06821604312714712,0.017240217557042158,0.19145312105468,0.03384447913950843,0.10356215716140911,0.02541485394665526,0.09108589677096358,0.01361025046082565,0.04600782919495231,0.00826830934050078,0.16114561921087492,0.02604925093575327,0.0642431567906383,0.021708301930353755
0.512,0.11891599750962145,0.016432799848198783,0.06046053965136816,0.017126301299463954,0.18667259901873587,0.036803054151117745,0.08555667671054519,0.023612233227327386,0.10302385621450652,0.016987825819705517,0.044355122620137216,0.008941281069302745,0.1704927838192264,0.030699972952133003,0.057987560764127866,0.021931395324482097
0.514,0.12827553232628283,0.018381189217237453,0.06542014238385144,0.0192376466092826,0.20842601828452267,0.042619926160693336,0.09612610272503967,0.027496260890899748,0.08649464965856539,0.014821671910494239,0.037261993300242074,0.0078771213172502,0.14863246841979746,0.027976057077739973,0.05089809553029918,0.020055124187801972
0.516,0.13572333376012213,0.02275225048633108,0.07594428489680348,0.025957693332694144,0.1927300672146303,0.04660212530689424,0.09837549861448491,0.0330024153652583,0.08299439214628365,0.01671076751559938,0.03924753097643678,0.009766022994583163,0.12341038913649073,0.027806352536789553,0.047056791500278215,0.021920084216319906
0.518,0.13137235786061735,0.0189943191892209,0.08194418589119741,0.02433717092331537,0.18362582975083427,0.03825382944586872,0.10490166118862371,0.030509861487151003,0.08710455953680704,0.01516285180107905,0.045543799794164785,0.009955681703731952,0.12725202439919728,0.02494433750281806,0.054120726686571335,0.021976802838801955
0.52,0.15220584212041863,0.022083840181223592,0.09489875288129786,0.028248016073810885,0.18573138085437965,0.038832034924073194,0.10645610792377269,0.030990025357726932,0.08374640454615777,0.014578969730900277,0.043594674363004404,0.009610219508416108,0.1051078955907959,0.020767048297600413,0.0448972004374295,0.018251587208992167
0.522,0.1563101842728571,0.021319069058331395,0.09230856210071217,0.025741408475878247,0.19122097580070566,0.037571144208694646,0.10426420414425241,0.028386614421485896,0.08679694717947967,0.014147453048733822,0.04260855805098619,0.008860795201484207,0.10894359102160292,0.020316450539564133,0.044345313077515436,0.01685872939771601
0.524,0.1369826204789282,0.01851856437209226,0.08368124893664193,0.023104558635043442,0.18750239297701854,0.03652079190674192,0.10600812527621739,0.02854005666503288,0.08979365321632107,0.014455759743813362,0.045273047932898325,0.009390421655201509,0.1247187929767525,0.02315936608270072,0.05257618050040124,0.019774418644194762
0.526,0.13368858337971476,0.017490228198325988,0.07591380563017155,0.02022553205731582,0.20928657111272292,0.039519188406864136,0.11092216565494155,0.028843964926914083,0.08181569377814983,0.012677457271121469,0.0380794975334502,0.007663051608257347,0.13028851547454642,0.023510549796236537,0.05141870758335737,0.018656487587910116
0.528,0.11459196394829892,0.015492209018221587,0.06654310906947114,0.018286062077767937,0.19108284041840112,0.03722127285757263,0.10375712894870143,0.0277801943417591,0.09145125336991337,0.014524021398102266,0.0432152508539285,0.008994449868523017,0.1535013562689313,0.028556070803839775,0.061945069448724285,0.023057747307843737
0.53,0.10808583003882874,0.016083480502062545,0.05876704070723028,0.017804175525987925,0.2118126327604317,0.04507057959791387,0.1085355574954272,0.03176227375484065,0.07778365800878571,0.013612276919863704,0.03416364493655981,0.00793057027252516,0.15439582039911998,0.03159267385317669,0.05863010994175263,0.02396967528549329
0.532,0.12028832900382194,0.01837684460114636,0.06630303779207135,0.02058453516363496,0.19520989019099158,0.042729418037080566,0.10165039050919927,0.03055652484014029,0.0876224591600633,0.015681015485506673,0.03885636073687416,0.009296309346087252,0.14373330901434697,0.03033187558899745,0.05547828156561117,0.02330141896442665
0.534,0.12733157179779195,0.019973309824283348,0.07469298196372537,0.02375414304182701,0.1968072862845263,0.044246743626683904,0.10949767912001131,0.03370285917767571,0.08070488615872698,0.014797888811631374,0.03811162547271885,0.009411932646031367,0.12532380090896916,0.02729559168472708,0.05195642950132994,0.022391269979340246
0.536,0.1306616283330357,0.020805936985543214,0.07731966375015314,0.024899047137441385,0.1979760559587731,0.04515841254442742,0.11141178316199099,0.03468863907385344,0.0785229224358818,0.014556716576879408,0.03724985570928543,0.009379398449260265,0.11912811323237052,0.02641600437223358,0.050012894741630794,0.021812927537239787
0.538,0.12014642226559577,0.02168478895424605,0.07584373209680709,0.027501247346791168,0.17883710063227232,0.04624797750757427,0.10771456096981587,0.037751157823612026,0.08170668046953282,0.016968752214358736,0.04100364931997174,0.011623103128297901,0.1215382410151791,0.030425141891858683,0.05445100308868506,0.02655644127540137
0.54,0.11808574961496844,0.022559722147403167,0.08481613818264712,0.03233924241858601,0.15617160802353477,0.04286909065378391,0.10819725931379927,0.039916951499427915,0.08480956007714947,0.01853726804349125,0.04808499808071771,0.014395895058780075,0.11218120090592283,0.029847623644754948,0.05762724145198382,0.02956045088304913
0.542,0.11347137857426243,0.027591025278054942,0.091451278712118,0.043654820056171495,0.1346139530732186,0.04760834887836659,0.10580056595892107,0.049273363624370924,0.0791525616334412,0.022002583275967613,0.05026380814537866,0.018999975333587753,0.0935980729467507,0.03230291953869573,0.05467081650697328,0.03554452846372106
0.544,0.10470293280360919,0.027597541199106363,0.08877491847495222,0.04561669047914045,0.11487653173236197,0.044172531823516284,0.09573369952646449,0.04795590527305538,0.0880398749304337,0.02623691617635028,0.05836747125030087,0.02371879814900474,0.09685189526133878,0.03617235154075049,0.05968018923841283,0.041501752141201914
0.546,0.10419453026669058,0.028014712159149552,0.08885293083440851,0.0463365152893353,0.10347806819132159,0.0406502148228549,0.0873750357421412,0.04426279407508955,0.09740994251702946,0.02947487686612278,0.06478482253802631,0.026813105393066736,0.09750424026893761,0.037255510830489384,0.0607990887600994,0.042793611445237176
0.548,0.10112384395194798,0.029660025621907397,0.08006384714953985,0.045472195495481225,0.09715574451831989,0.0417391608134385,0.0767196918956731,0.04216355734953478,0.10561847706136725,0.034590361782685604,0.06536672329857916,0.029442459478849964,0.10253713420347156,0.04273316135080512,0.05995549801318253,0.045658118015216194
0.55,0.08967135761580473,0.0319972069064871,0.0825343632406331,0.05605138514676776,0.08172459708323405,0.04300186502050371,0.07597189786729647,0.049850139294235825,0.09586325291405581,0.038002328566646044,0.06877025453943673,0.03709168050625445,0.08846520754548397,0.045132803652491,0.0606826506570671,0.0551890094436021
0.552,0.09821872191702832,0.028684898570304533,0.08205236393215005,0.04488297961963901,0.08552333159438959,0.03672946566503902,0.07266464628456293,0.03798749923260415,0.11435110972465744,0.03731759049925617,0.0746868669426799,0.032876765231072066,0.10117039252265167,0.0426016108738912,0.06356930434573284,0.046682453044341064
0.554,0.1006257608195823,0.027972592018728724,0.0932390553025767,0.048478851540883536,0.08525288881805186,0.034907880548511114,0.08119240247892799,0.04008906011730674,0.10661648689676988,0.032939834153715826,0.07755823875270344,0.03247421062833338,0.09186000971512273,0.03685802640248019,0.06490993887015756,0.04502476293614803
0.556,0.09888365229711078,0.029775624108694554,0.08422632217405981,0.04734867462654411,0.08717743419549284,0.03867735668350225,0.0772113356962759,0.0408955569906911,0.10725329005064767,0.03574842242207033,0.07171566958083966,0.032548989526225744,0.09629197308675408,0.04189965681338732,0.06322609979189488,0.047119941955808924
0.558,0.0899886989556542,0.03144759272403356,0.08356061353029881,0.053954288956649964,0.07009900386804974,0.03650497176523653,0.06872557124640367,0.041874671131903844,0.11006867004769033,0.04210460050947143,0.07976994507351999,0.041394528611093384,0.08813066863797575,0.0446519628652308,0.06354761907616452,0.05417659300062329
0.56,0.09139255046839767,0.03348361710257017,0.08050935638055318,0.054307956951330255,0.07101266354897134,0.038884844920947084,0.06677597308739032,0.04220649388395985,0.11020848185276111,0.04409697368531707,0.07571376211621206,0.04117077373791259,0.08825991316766274,0.04709461850906307,0.06086753369649882,0.05401448689045274
0.562,0.08837600934363961,0.034091471975266414,0.07532288209202478,0.05330414561494608,0.07853300442648546,0.04525905487973801,0.07234474506393267,0.047498916158331156,0.09899031070691271,0.04167353723362901,0.06568868496898624,0.0376455195113152,0.09134512269355619,0.051445148911048795,0.06152070565335679,0.056960740766830956
0.5640000000000001,0.09759643337237395,0.032661622340110975,0.08254705397818271,0.050417673851051226,0.08937386584236705,0.044895996035807684,0.0824091189816888,0.046553199300899975,0.09641780317230561,0.034779608431842426,0.06342355691150137,0.031151416953602892,0.09203353298317621,0.04483381423360757,0.06192115162043593,0.04898415199104539
0.5660000000000001,0.10187791622696446,0.029726223749467665,0.0916579486904944,0.048782858191550475,0.08849713466693407,0.03869443687837125,0.08763652892234436,0.042763142289645784,0.09995268472676977,0.031320424947412696,0.0698832125680118,0.029995636790557043,0.09060070547429518,0.0384567753339663,0.0653889531010666,0.044765417442147966
0.5680000000000001,0.1081870569371822,0.029801786656009372,0.104875511601205,0.05253800777207942,0.09170634268175355,0.03790005981871253,0.09873317642695044,0.04508067381792006,0.09103417952914925,0.02671024180852727,0.06890875590737572,0.027810170040291033,0.08048766147158608,0.03219525580702754,0.0634820194919816,0.04054910023224887
0.5700000000000001,0.10997461637341695,0.031177175133490328,0.12830848958415803,0.06561484892183556,0.08015798102198674,0.03422130745894144,0.10615226402977936,0.04929558026196367,0.0807585487943485,0.02433844478458896,0.07438276102906471,0.030805921929539168,0.060791448385418764,0.025234422003193972,0.05981286923183344,0.03897332105644036
0.5720000000000001,0.1198984593841025,0.03320050740043551,0.1330608348526067,0.06591173182529245,0.08112707574418905,0.033853032725658774,0.10294086360007257,0.04598795855822549,0.0840257512335309,0.024616836747442316,0.07338885574193033,0.029551265850603848,0.05868021729565776,0.023857360582944243,0.05524755390727072,0.03465169455003702
0.5740000000000001,0.12989954970562045,0.029932483954889903,0.14126083846420848,0.057669988721073005,0.0882556809855572,0.03071770824705891,0.11071647229970048,0.04057018603410913,0.08615382550029668,0.02079796890028414,0.07355388472506645,0.024384376233683832,0.06049343844116978,0.020463723129571905,0.056292663126446964,0.028837211531262646
0.5760000000000001,0.121065095461961,0.029471898173658723,0.13776565434564542,0.05890260889262819,0.08281219399292317,0.030494062304748364,0.1096949301763773,0.04184693446459717,0.08662840319396914,0.021951673345749347,0.0771039264153966,0.02685547427246692,0.06129044489976526,0.021945295388989927,0.060121393349825,0.03205001132129849
0.578,0.12608062054431882,0.02691416936929068,0.15660218344693388,0.05860555768891994,0.08328749914095102,0.02687895924255305,0.12162674997919554,0.040312402836930335,0.08046165451691911,0.017652402657717062,0.07842636487436534,0.02383671328659825,0.05493938366436681,0.017145356649617183,0.059745670644362585,0.02748431145696055
0.58,0.12762409988365014,0.02823948229852104,0.14755155746938714,0.056789619914927,0.09621342748540553,0.032155505452642,0.1325325831136857,0.04485439587524705,0.07204868682293057,0.01633829648293145,0.06491364509282091,0.020443852911852252,0.05666357551348443,0.01839875833884465,0.057950648179699894,0.02728186516397024
0.582,0.12331226918556804,0.022794049620747527,0.14770172680947932,0.047199986681032764,0.1028861935747552,0.02901916621108696,0.14759495313607388,0.04169689684361445,0.07087375341626621,0.013376443078352198,0.0659650427296073,0.017380813561872294,0.06165748788034561,0.016966658709286354,0.0656976971540738,0.025876861407837987
0.584,0.12956148317414584,0.02185005338683593,0.15699442233510724,0.04535529228508604,0.10947741797325243,0.028192703587247514,0.15986017768145389,0.04070048107756264,0.06508359860027385,0.011069564510027377,0.06116306529751316,0.014557748857210647,0.05739973696006769,0.014364896306049984,0.062376193195245004,0.02199316477292092
0.586,0.12148904473376963,0.017338743755350192,0.15009622544520446,0.03634266658917881,0.11484535503521444,0.025259623997145406,0.1717968019760711,0.03689957137732899,0.06643084848705857,0.009571839699621899,0.06340543234211016,0.012833163250398703,0.0652320223617586,0.014068853905915576,0.07263135047598207,0.021758456567891344
0.588,0.1186490034229147,0.01538081041785824,0.15079395322953124,0.0328243975768309,0.11560351073895267,0.023107593818421347,0.1787507405407856,0.034462610198854375,0.06639342165629945,0.008644035664622006,0.06497591381758434,0.011920671052165686,0.0671489970813608,0.013205073467031963,0.07731739847935792,0.020821868837428644
0.59,0.11556249722359188,0.01668973570859621,0.14918697382237064,0.03572718149708301,0.1101457951668441,0.02452807339940235,0.1739568757861664,0.03680859255149274,0.06681392593531825,0.00961539148166412,0.066205491828065,0.013436101299570147,0.06610316417573432,0.014485792228246596,0.07777612146781591,0.022958286428038276
0.592,0.11704203416376059,0.015073192450330458,0.13990272840518705,0.02935627015806945,0.12174578857897135,0.024277901592000772,0.17956114601473444,0.03338751066715692,0.06802148873814182,0.00867762621556775,0.06225137745245184,0.011152635275591186,0.07342059383482936,0.014437755917035843,0.08073461094957864,0.02095733958659248
0.594,0.13083209809024576,0.015697154871661977,0.14161924733178893,0.027253130213430145,0.12677244078285843,0.023462583111653855,0.169499651505018,0.028722190182517635,0.07460744429118472,0.008808186776437766,0.061602985228073406,0.010186083202574725,0.07493174753591907,0.01368654053441942,0.07466714689955635,0.017651369442659746
0.596,0.13028065340576134,0.014194540601839006,0.13122022307855216,0.022587222186216817,0.14332261586482198,0.024217139244967746,0.1799592723137036,0.02739671655797297,0.07082508406358284,0.007528114692630985,0.054168107135757586,0.00805058992950275,0.08097981165186657,0.01349455632134502,0.0757297730569562,0.016045579894522405
0.598,0.13119245136382363,0.013750979605260371,0.11908628946017104,0.019455259355316598,0.15288582493334493,0.024847099171244606,0.1742158902483038,0.025150751236546028,0.07496819188395942,0.0076272357220229,0.05165236035682106,0.007355548549319521,0.09059922947880018,0.014552322542184996,0.07714093574044054,0.015519630352440302
0.6,0.1411920926093483,0.013568262859342269,0.13218979186271013,0.019636376444431183,0.13817636534072095,0.020394807025150098,0.16344869685299404,0.02122157392893757,0.08489266718460065,0.007891510510973936,0.06012750253652365,0.007862366846242775,0.08646422113560227,0.012659799410432297,0.07640865457278058,0.013865310879209196
0.602,0.1337067154992767,0.011708864736822262,0.13401204508937187,0.018013341590944292,0.12463527203033695,0.01671427250719419,0.1588506442228948,0.018562871461880785,0.09345911092763756,0.007926427589787784,0.07037391128348235,0.00844649956117269,0.09097964144155347,0.01220205696225922,0.08621624001935839,0.014192085076026597
0.604,0.1362650314708139,0.011046763415621264,0.13327049893131016,0.016385822573144634,0.13521844865867644,0.016822607810653527,0.16915755906853244,0.018075735258708602,0.08720368568226385,0.00678079704948113,0.06389631438600715,0.007037655584851056,0.09066497669449092,0.011248414385928378,0.0842841278337678,0.012641561195748741
0.606,0.1418863343296946,0.011472321862116214,0.14781561300275894,0.017938320852859256,0.12626153105689436,0.0156524806018375,0.16962362129913983,0.01782636754150834,0.08668148283602255,0.006681406426233035,0.06762626152270432,0.007404215914301528,0.08061010078262251,0.00996898341502437,0.08065618534201273,0.011894773214269636
0.608,0.12589590122294983,0.0118551313595697,0.15463495596512744,0.021366133039977475,0.12041435915137076,0.017287485907436895,0.19061758786960323,0.02264050935055904,0.07189996123865441,0.006445479436641734,0.06636227530280824,0.008367342920687068,0.07207190196127229,0.010374933937886837,0.08546933147681716,0.014296709858637884
0.61,0.12192379364182043,0.011543291549908114,0.16169665970375932,0.022162778190825495,0.1251092933308859,0.0180398451302202,0.21420192704481156,0.025176395847950138,0.05904348690971855,0.005287672983933975,0.05909046754716269,0.0074431162881162544,0.0638799559542538,0.00924430189173797,0.08251008169744202,0.013646932287453678
0.612,0.13538479841260284,0.01264533898087605,0.15868748241290181,0.021105111953593696,0.12936118384208756,0.018363537485498547,0.1956224223572432,0.022229518873926726,0.06710870360525657,0.005891922975225028,0.05928407639032959,0.007308234537267785,0.06763422784167787,0.00964427674632443,0.0773575591884657,0.0123716043967226
0.614,0.1289471245647745,0.01088428409816407,0.15913045758707736,0.018907542461501226,0.11998813852743942,0.01535668446911664,0.19197477417603281,0.01941112343054738,0.07331930908478766,0.005821037126456987,0.06781019352358553,0.007581110408267859,0.07207579580570657,0.009337402081161779,0.08698289578791864,0.0124721268674615
0.616,0.12031288382818298,0.010042957464129287,0.16164035731554263,0.018727906624218495,0.11278838202702308,0.014265397020668879,0.19728660235208262,0.01939959795095056,0.07205672936657011,0.005622978470273048,0.07226699651197913,0.007940039642751709,0.0713723703505242,0.009141041473780562,0.09401753852152175,0.013118221079800825
0.618,0.11279198745823905,0.010206603085323751,0.14748958424041803,0.01824344145383273,0.11323646763866453,0.0154730549251165,0.19387879120786466,0.020247267572881776,0.07449001239661185,0.006239032029563282,0.07268739949070104,0.008559994640232141,0.07880073265752169,0.01086353641441618,0.10175487628369563,0.015037218504917198
0.62,0.1152795010843393,0.01001985004235019,0.14299149473421424,0.01670116372739801,0.10921933967799387,0.01430849134495482,0.1779133567751748,0.01746393557661436,0.08512709982893121,0.006825403549035754,0.07892828806840528,0.008863278344547572,0.08529693608055745,0.01129649259731969,0.10510886719645506,0.014656501371708318
0.622,0.11844098081789498,0.012264829366072514,0.13297541168803118,0.01839694400348157,0.11154393333958063,0.017418795129283005,0.16528107824097468,0.01915968346303627,0.08982187793767961,0.008518149099221037,0.07541834228747836,0.010071038813620366,0.08955661056376314,0.01409588831269096,0.100514909783742,0.016521527153449737
0.624,0.11948239361888227,0.012666850792122262,0.12057638786338865,0.016877859857425258,0.12174516768856242,0.019457505233291143,0.16364822005681917,0.019122362014182943,0.09054629590551466,0.008751052873785367,0.06828894820222947,0.009282368693332495,0.09777210544001858,0.01573836499827098,0.09954240626984309,0.016501710492331016
0.626,0.13935378626029757,0.014159886103312438,0.12866090256107013,0.017035015052945055,0.11292045941268383,0.017217539867406165,0.13799130703594473,0.015097302372497828,0.11004400050999903,0.010162119898941249,0.07602806801788309,0.009841894800592959,0.09502658235441624,0.014596524519080402,0.08815306075870764,0.013711550474221767
0.628,0.1344202447770259,0.013952905800046482,0.13742335165611946,0.01839513114871677,0.10647736589269913,0.016618611628907962,0.1450603587359802,0.01598675672006482,0.10420664001554077,0.009792694809718672,0.0797695218526526,0.010496969118216645,0.08808491948862661,0.01383811997327711,0.09118145207841892,0.01429495630398786
0.63,0.14270747391972216,0.014050944152975085,0.13671337796961297,0.01713582427636984,0.10889215221902233,0.016133467736502545,0.1396545228696322,0.014337719038505557,0.10967274949119778,0.00973472317548087,0.07862392209862172,0.00973913542081449,0.0894283079288306,0.013320036091493535,0.08712702180491824,0.01272862180630006
0.632,0.14861226894426913,0.015394548527202545,0.12134680271727766,0.015898608828103344,0.11314567210030792,0.017671889405398048,0.12444480241629077,0.013298305489666682,0.1222693115162662,0.011356922437248227,0.07510733083796828,0.009764182407777473,0.09964576910829011,0.015601409355480697,0.08372373454145128,0.012718441367001789
0.634,0.15464575668989378,0.016349235532194032,0.11232734665058368,0.014915117977269882,0.1297342204394201,0.02070523247953353,0.12841252507606887,0.013841637039157932,0.1154791788330997,0.010920616775226901,0.06272507715934,0.00831725009475407,0.10436501047288128,0.016693464856227115,0.07852449888402832,0.012043831040320795
0.636,0.16732964236310582,0.017959807465627416,0.12585975136952035,0.016852640879751732,0.12462540496264844,0.02025218121451217,0.12866723939767508,0.01394589872919181,0.11347146756272741,0.010866424065742617,0.06392300883854278,0.008597803403669826,0.09060665462242612,0.014751923550651596,0.07129053927087964,0.01099961230332718
0.638,0.17050040971034414,0.017353012878893494,0.11483764572526939,0.014426750420265323,0.12706235596481907,0.019625005306883218,0.11814826031142821,0.011968693848124393,0.1254160080862607,0.011375695138463282,0.06352997524893868,0.008085853231610403,0.10033445236733156,0.015542627372829413,0.07145882258837363,0.01033443180016511
0.64,0.17181544073644486,0.017059181375365964,0.11707903919108442,0.014269455806543256,0.1443115480550404,0.021826131721637776,0.13637599692395988,0.013379038882407846,0.10483698297458398,0.009222413379513981,0.05378557142590913,0.0066619873350747694,0.09575171889985382,0.014478017020745276,0.06944954031932764,0.009697935952507107
0.642,0.14789362533238476,0.015391868697007424,0.13093355925931172,0.016531965759254388,0.12387287152129246,0.019675334655953333,0.1528069084656557,0.01548774169481024,0.09747504195856488,0.008940919798382106,0.06434313927136942,0.008293376483095138,0.08886289788570266,0.01406961343257945,0.08340721871718813,0.01201391706744802
0.644,0.124570139142192,0.01453870271757624,0.12187157073821633,0.017000501717490613,0.11410470428029013,0.020260192303739644,0.15561754997300062,0.017300231311865394,0.0970293198814972,0.009858064529562898,0.07021109666631566,0.009977092879401076,0.09616401736448159,0.016857753115287887,0.09909054642817525,0.015548516950907391
0.646,0.12058761268692361,0.015082098338127648,0.13938008914375913,0.02052656523250891,0.1011994662379864,0.019347264292218388,0.16494366040746394,0.019345461522829475,0.08912000140310497,0.009689882636791193,0.07653076271058909,0.011550012699063788,0.08083157876306887,0.015263015150244346,0.10001887555533792,0.016583653219982217
0.648,0.10937213562500762,0.012681946474842979,0.13743725970797613,0.0185915724989438,0.0987609187014885,0.01758755742108832,0.1752821352916829,0.01888250806540348,0.08532789284334234,0.008590471158170642,0.07950461445306284,0.011099884161043532,0.08323013225901094,0.014646470451915836,0.1119178658188388,0.017086635068181387
0.65,0.10560814453528648,0.011904786099823334,0.12594045835213888,0.01631410184291431,0.10624237319695536,0.018448029747455134,0.18021546452732595,0.01858133369524535,0.08373022711175067,0.008170147079226241,0.07409990831983747,0.009960314002592273,0.09103046943733158,0.015598581009288352,0.11704106265789463,0.01711459838493393
0.652,0.10607949951534623,0.012477311254982628,0.13531818646666768,0.01803407044048421,0.09586432349067792,0.01742970054001504,0.17525149358455117,0.018571081704497915,0.0860475506533565,0.008730978302809327,0.08143645863686488,0.01130976945063997,0.08423027995100688,0.01507817492333262,0.11661686579834547,0.017524255286421743
0.654,0.10773979886143122,0.011789110297744137,0.14066522040272686,0.01721677308566699,0.09653394901813252,0.016350754752560814,0.18139448948668283,0.017598062783332157,0.08390848850038907,0.007885030233542182,0.08136895019186301,0.010408477058724164,0.08153772325616801,0.013553429010375881,0.11609989860056204,0.015949844460098315
0.656,0.10801094665654612,0.011903981009536657,0.16140184768803878,0.019626065132894492,0.08892044315997666,0.015199977943772734,0.19309522058984965,0.01855626144497421,0.07557079128735056,0.007133768481371727,0.08453068878738468,0.01078842227292096,0.06725568834318203,0.011266502822265241,0.11156228996987184,0.015177104410063669
0.658,0.09595815819721455,0.010333221747660307,0.15674185948025549,0.018337820136014232,0.08649011337604422,0.014488013277481235,0.20537051356058697,0.01896697455256104,0.07034099368564643,0.006470975291345259,0.0858752593225713,0.010605621362707185,0.06850556605785657,0.011233104135055077,0.12404884911107372,0.0162329567059263
0.66,0.09275423389448081,0.01091276492560465,0.16833486793560848,0.021071974384649934,0.08587776147813513,0.015720213772263642,0.22708821758997766,0.02236431194029805,0.0576940747056231,0.0058239287237529126,0.07900361225841614,0.01054550513668859,0.0579410404555036,0.01043872128750653,0.11789412222680797,0.016534649284682814
0.662,0.09164474898719002,0.010213233451293638,0.16203861117379265,0.018825478250958615,0.09275970165404791,0.01613974200432813,0.24001862750925748,0.0219650965682316,0.054438887412247554,0.005183352883016792,0.0726185299724678,0.009027603491819306,0.059961598459762615,0.01024170424881252,0.11939135782398962,0.015531726108783743
0.664,0.09632781805089183,0.010878246548054717,0.17741918031906567,0.020501571320926303,0.08547352969725185,0.015093604093204442,0.23167697336057216,0.021041798700845857,0.05629259731977792,0.005417422463206572,0.07828235137387944,0.009727527573124584,0.054347097315069336,0.009407109687566528,0.11346950767180641,0.014643664504756295
0.666,0.08977010140086876,0.009534989311971288,0.1835943382816392,0.019633792775749594,0.07838169071608472,0.013030685151222637,0.23687401128371421,0.01985742561934608,0.05464409952450456,0.004939203845021978,0.08424868256973803,0.00975113195726956,0.05199856797232422,0.008471217393478812,0.1208559788224777,0.014414083374588505
0.668,0.10612538296750906,0.010319479553766546,0.17923179683482113,0.01699441682482966,0.08488567123444027,0.012886191885922138,0.2106964466526409,0.015529002980951698,0.0678180341292044,0.005610507705023373,0.08682758390642824,0.008985387557552989,0.05933078554675284,0.008832462124695236,0.11393829030687563,0.011988559788585972
0.67,0.12845414044293305,0.012329144361807745,0.18920681357223063,0.01737106574991029,0.08833929467445789,0.013250559922402783,0.1898814410848475,0.013479945300168248,0.07673843700373854,0.006249817346755878,0.0853451398101735,0.00858269553309165,0.057509422663177774,0.00844028176730933,0.09519327459951697,0.009628526167478293
0.672,0.1271882067039894,0.012011257572013632,0.17330937267976645,0.01537878434760845,0.0922982473262886,0.01366411325841983,0.18473194581956848,0.01265329080797325,0.08265427223237257,0.0066128771503000516,0.08537361158269281,0.008351042781696174,0.06533853389824745,0.009454534035882374,0.10110571684359405,0.009874192959586551
0.674,0.11320838560903616,0.010513781321354594,0.1784888555914489,0.015363626593071037,0.08448385566939945,0.012336327680373169,0.19604805775094478,0.013000081820874542,0.07669434142285474,0.006024173391190462,0.09147332022385991,0.008723192345704064,0.06242699503616548,0.008896333058386434,0.11175395602714848,0.01056471645818792
0.676,0.11255684715247054,0.010507263279278985,0.18456573356165618,0.015697636036246475,0.08621545375591257,0.012684405284112793,0.20876704678997923,0.01364896326416441,0.06947496960195593,0.005475950537673668,0.0864368237092387,0.008176763875622358,0.058227609501077054,0.008347192661747403,0.10906483579377058,0.010152505195093165
0.678,0.11296557803616553,0.012262534740025687,0.17996838453078365,0.01752434795448965,0.08506891714013973,0.014603940194412383,0.20084872854176974,0.015015680012939557,0.07139687224203685,0.0065216153384045706,0.08642564070739951,0.009385591683290964,0.058946276856457855,0.009824607008660212,0.10779645259955498,0.01144483241346908
0.68,0.12131866404680058,0.012985615224569261,0.18526691718328697,0.01749314824316485,0.08786978839068184,0.014907442965883613,0.19942525937930752,0.014417183689319523,0.07160428830387464,0.006437986859754158,0.08306194838661778,0.008774035548791142,0.05688622223071517,0.009350567829319627,0.0999595037747834,0.01024142794312997
0.682,0.13562902358772164,0.014857607879335018,0.19005444885006206,0.018099040691297506,0.09269363053666624,0.016146034585593272,0.1932529790162669,0.014064634343239877,0.07273327007036537,0.006692179053633346,0.07717492792120226,0.00826134590233094,0.054467718050094795,0.00918998759361465,0.0876502296833383,0.009032942235237753
0.684,0.15434619121147633,0.01686303200948105,0.18248411616277058,0.017074207690081947,0.10695877190828156,0.018628957654622077,0.18907105023666568,0.01349448623697702,0.07352627651953984,0.006737788191909533,0.06518180900412861,0.006879831126247763,0.05597901200041138,0.009430870650278114,0.07571344123380205,0.007630158163326459
0.686,0.17334012947885308,0.017079638619885446,0.1899208370318532,0.015765152093087646,0.10139398315581684,0.01582044365571025,0.165545652878797,0.01034760728688814,0.08611120617780431,0.007123506686549798,0.07090931288213267,0.006688721173973726,0.05563221049949002,0.008406305956023442,0.06975142928527765,0.00616386313785685
0.6880000000000001,0.19058757470925897,0.01923128439632798,0.1939928749064784,0.016331458369189124,0.10503923385946548,0.016846883151284315,0.1596093295471334,0.010100750543368984,0.08492748005717694,0.007194775247898748,0.06475608839643159,0.006228998928635412,0.051636241778017525,0.008020788734518922,0.06012595045944663,0.005370286915367599
0.6900000000000001,0.16917965922571207,0.01888306941226225,0.1993158409740051,0.018261394278352768,0.09422989578388015,0.01676371580991108,0.1662835053969171,0.01142302095455075,0.08278610594394344,0.007712658076203624,0.07264564205580097,0.0076109788246974544,0.05096399421281798,0.00872797695968857,0.06860184679932875,0.00661069529192807
0.6920000000000001,0.16778281361712388,0.019277932673221972,0.18999043173095154,0.01772698529739245,0.09754484689103103,0.017911164789524307,0.16625819614204107,0.011601174476357029,0.08408858602626992,0.008053243436764479,0.07102985341662442,0.00760866616249287,0.05413264196747341,0.009551937324075,0.07055305803849998,0.006888468010156834
0.6940000000000001,0.16187564798039866,0.017739155329991086,0.18886783443039112,0.01664008264742526,0.09051941433474062,0.015891139982294317,0.15967987045254875,0.010489137942737835,0.09160164428185086,0.008383954246448302,0.07967481127438614,0.008117521930842838,0.05697750599883174,0.009625862752680988,0.0768436045281337,0.007072811886297796
0.6960000000000001,0.1620826332537159,0.019109960155111766,0.1734219521947817,0.016310419444160302,0.10170315997074704,0.019193036881049664,0.16600330572782132,0.01157101777640319,0.0876267873596747,0.008637024276171728,0.06985960132284774,0.007638454599320934,0.06146871917364487,0.011163042198066858,0.07672482178072712,0.007486063885755053
0.6980000000000001,0.1567000660029175,0.01699032727114405,0.18172051611878282,0.01562175113965759,0.09837207985752998,0.017125821292294875,0.17460644823701493,0.01110868643647408,0.08392067080545695,0.0076001065509508125,0.07264805542241026,0.007283456266371228,0.05902253527410736,0.009870039061843326,0.08027898422494087,0.00713045603810343
0.7000000000000001,0.16315126441866948,0.017133042684826138,0.16594736401081903,0.013628200357540936,0.10235777713406216,0.017309422025446185,0.15990365755986605,0.0097033791408899,0.09568088859654084,0.008400882488123873,0.07320354139406407,0.007051961377302772,0.06738953310509549,0.010945159442401329,0.08130655404770507,0.006887372216646561
0.7020000000000001,0.15812293117594833,0.018865953325685754,0.16027700773446527,0.014829044474600886,0.109598407931384,0.02098841556433415,0.1712345695537604,0.011622390771801648,0.08550868071632173,0.008571705602326958,0.06531327201064376,0.007145253763651942,0.06695137960628576,0.012352487443228958,0.0809380957629291,0.00768040456263132
0.704,0.15788213795829986,0.0198371298061937,0.15193529403170006,0.014696081466935403,0.11520324098890096,0.02326129775104781,0.17162487300055346,0.012151905426804919,0.0844110424588435,0.008913722028461383,0.061315585022626184,0.007035253806143084,0.06972664229675131,0.013549164141596496,0.08050711660304662,0.007949513212095383
0.706,0.14974082268663963,0.020220405509374442,0.14798364052969204,0.015252579688543537,0.11525010282292188,0.025023853435719827,0.17668737016853356,0.013299278626904323,0.08101415130101279,0.009192768682192183,0.06055024660907923,0.007419616972647952,0.0706880102987131,0.014744872612714854,0.08412900717777662,0.00880327287753412
0.708,0.16451673174936812,0.01935446311528957,0.15796289665385985,0.014042930077196678,0.10357582274577425,0.019348560083456076,0.1542132726893597,0.009844442449308268,0.0973445711111141,0.009688037641957949,0.07091850950330231,0.007565109313325658,0.07023197944186274,0.012683805252151683,0.08144007282705903,0.007268795345614205
0.71,0.1790866974791479,0.022396781141500705,0.15129316269143042,0.014252815697993524,0.11173208168735932,0.022256106977839776,0.14676883549682831,0.009919130450272446,0.09857917855280726,0.010455391121269792,0.06303144020093922,0.007157729727200523,0.07060918435300037,0.013609879314221597,0.0720504343512788,0.006801150756910066
0.712,0.17568782113839976,0.025920674850272413,0.14303963916045212,0.01586311691783893,0.11538633456360499,0.02707808669718822,0.14669115868223548,0.011610944554358151,0.09450658347975688,0.01185025623749906,0.058348793477851386,0.007830005620413714,0.07145435005191375,0.016232094823320584,0.070699320217612,0.007800819527282598
0.714,0.17949939152396874,0.026200166867043524,0.16283981747600204,0.017801484927541793,0.10007286513153958,0.023279976276050735,0.14346602722467588,0.011174161423954778,0.09619486636882081,0.011939714448678014,0.0663352008955364,0.008788904686691348,0.061849182070456137,0.01391051424577068,0.06916494504028692,0.007482781392982714
0.716,0.18956311424724112,0.03225415724017295,0.1745244327712498,0.02210818843879048,0.10247352899118171,0.02793451608669583,0.14961673776679052,0.013514999273784937,0.08105785536066279,0.011942612626073962,0.05696888363927467,0.008908452773634888,0.05048467167198073,0.013535333903123921,0.05776891467500325,0.007343600534338526
0.718,0.19410254238320712,0.0286212859308437,0.16502267807260787,0.017907066556531043,0.11852077820064646,0.028328809664972133,0.16103459250437002,0.012574227079906521,0.07666707500470434,0.009736373306060557,0.049704446676639515,0.006626657571415194,0.054324987924889406,0.01269596832569285,0.057839064640310175,0.006293446157203082
0.72,0.18506740929501891,0.028434618197364217,0.17789705108788767,0.01997796157998428,0.1071389304833148,0.026783671315558828,0.16555921794859643,0.013385144088089274,0.07424166357044952,0.009827307650578791,0.054489240349227946,0.007529034731314134,0.05001401228992003,0.012207179864212556,0.06064622615545271,0.006801331393029908
0.722,0.1676279774247839,0.024492977615183632,0.18562967261698998,0.01978067685738317,0.10979355355940727,0.026252892896912548,0.19433431274673357,0.014945644973569433,0.06078904870645881,0.0076390046910930496,0.051886280578266476,0.0067976631113104615,0.046736260779715065,0.01087695952975074,0.06547556312461808,0.006941510787823705
0.724,0.16702730511996103,0.026057507488381468,0.1802240657840911,0.020362578442623944,0.1107649563249066,0.028331216329920837,0.1914735959035472,0.015604640822039564,0.06123859706219819,0.008222990934374468,0.05107111100281452,0.007103328791550001,0.047771593534537055,0.011877432069987362,0.06553829929559936,0.007330781093467173
0.726,0.1734073545125682,0.026306789592348834,0.19783396683539403,0.02160353962588214,0.10296558460430728,0.0256293659335891,0.1891688387425723,0.01487215540269916,0.06005516034150251,0.007846251856190738,0.05317832880239913,0.007151761893061427,0.041906355463368725,0.010122489990833159,0.061364795077570575,0.0065872613257129545
0.728,0.17619095474234747,0.023548963752031752,0.2211686239231974,0.021252750496789156,0.10568036329751056,0.0232479187008619,0.21393965648643026,0.014808631664329821,0.04608089992331155,0.005208423026986171,0.0456528584870888,0.005310875100573414,0.03261973940358628,0.006827128317742834,0.053518846345960026,0.004943366331252471
0.73,0.16072455569158278,0.021138889574798855,0.21387620889799938,0.020038419294897584,0.10814873722698158,0.02348596081806916,0.23175015290706358,0.015663320451013305,0.04319260481863427,0.004813490627272071,0.04544573050224404,0.005166932012676011,0.0343399940728958,0.007093251245357826,0.059754201065302014,0.005367550793211656
0.732,0.16369304729152637,0.019918464709050763,0.2113271984532312,0.018097554997078897,0.10488641983104816,0.021076836657690064,0.2182189941561782,0.013455238999101381,0.05047919897999508,0.005242645748675305,0.05177512222973313,0.005423816299340965,0.03843243267662885,0.00738251916836603,0.06523222324172846,0.00535828656062715
0.734,0.16345889428100266,0.02101375207728031,0.20895098096818965,0.018724826553634024,0.1057366844464057,0.022489090052466937,0.21819324213552488,0.014077590525499705,0.049638993139527555,0.005460279887585031,0.05056957945556454,0.005552428649515555,0.038255806847580544,0.0077765838212427805,0.06457402678281886,0.005527240376161221
0.736,0.14570888228331597,0.019078739829078938,0.21079467046487202,0.01903962204104513,0.10189610062768029,0.02210443163418525,0.23722669770820398,0.015426928482060521,0.04453910632355621,0.005001900151578388,0.05149631777277811,0.005704852418648415,0.03719684073104241,0.007707792683976378,0.07097968965639442,0.006097427191583486
0.738,0.1251538303408722,0.018164875013277293,0.21934780805823542,0.02153207253582447,0.08970603199672697,0.021586846235533183,0.2527555465412157,0.017853762835938772,0.03955783503063552,0.004930361786917038,0.055434688593182686,0.006670657211383684,0.03393676311879337,0.007783655713376413,0.07831592130941405,0.007269343678673282
0.74,0.11714868770430333,0.017977725710744408,0.2196060438477347,0.022463440364841745,0.0901023822524836,0.02292473728488521,0.27118026676933504,0.019939116259110067,0.033635691359319424,0.004460479465989488,0.05078701198951675,0.006384452229542947,0.031152442323463654,0.00757206824914962,0.07721905239104156,0.00744640179853847
0.742,0.12496582031629434,0.019828682022293,0.19416246706796156,0.02030098339003958,0.10608936188698138,0.02791068664941918,0.26735522169812403,0.020081661604885084,0.035490983805345336,0.004886142411981623,0.044572969579248035,0.005731354750945738,0.03638732697962745,0.009145542027191762,0.07566437516330378,0.007426420646358267
0.744,0.12095078539864848,0.018624074907592346,0.16636101355234748,0.01664110734468652,0.1192010614436391,0.030547266160521926,0.2685259272966512,0.019381332023553827,0.03807148562523283,0.0051151567934004695,0.042791279753158794,0.005277597130517071,0.04507623457071161,0.011046909536222758,0.0844390226866386,0.007949745776477276
0.746,0.13688573507124357,0.019903335427468725,0.18051386824913557,0.016870544508124464,0.11915151747027214,0.028767901060081827,0.25680296818355386,0.017262514452362324,0.039658883433765384,0.005042038409829509,0.042867153231419916,0.00492292376458478,0.04131966315498712,0.009511351257111162,0.07407304623221159,0.006446556093848256
0.748,0.12727917095411678,0.020331277237079733,0.15742755715567203,0.016059634455604346,0.12635966050118327,0.03337093280113158,0.25669872902955493,0.01875200298436976,0.04084857772009495,0.0057027988802927755,0.04175095670167496,0.005207053622059027,0.04832383104578165,0.012113246521535233,0.08207574763139808,0.007698822758450986
0.75,0.12109360206997764,0.02121155139221048,0.14065000790374418,0.01565438990404511,0.13683604319571954,0.03945989963321623,0.2622734754180428,0.020817763524546347,0.038065407581493724,0.005861105240842633,0.03671513576893797,0.004993222197034727,0.05140302098892863,0.014077683277875409,0.0825072036941963,0.008380488209188481
0.752,0.1302886578144374,0.02411974398221674,0.13826688454061953,0.01619528933568144,0.1382849994777467,0.0422771016399402,0.24161165783285832,0.020253629358450265,0.04227141929769607,0.00690728170033726,0.03751948815224248,0.005355190385800711,0.053733898426274115,0.015582818850393556,0.07891128952314692,0.008420649682158117
0.754,0.11625405522496078,0.022491089175668732,0.15339677207289387,0.01860291401556418,0.12679684774489708,0.04054682051156488,0.274879446783751,0.02388635147151053,0.03245412620075143,0.005592343399771989,0.03659785483554499,0.005409300772191397,0.04254330877961296,0.012946136183300738,0.07889249390759182,0.008710138920423873
0.756,0.11959611498206625,0.02773318038958796,0.13384745019489303,0.019596392377840405,0.1388847636318007,0.05301987121474175,0.25686325108058056,0.026827599664920928,0.033101417354901824,0.006881087865196855,0.03184659412185362,0.0056725054156328125,0.04627716085047916,0.016822726250813203,0.07333402998129926,0.009695854623391682
0.758,0.12078960369651251,0.027244211898222855,0.1344645897944903,0.019049621099810142,0.14514737765697647,0.05399846114104804,0.2671949092708194,0.027070208811449236,0.02979980126220049,0.006054677518338606,0.028691989486406656,0.004921516311719064,0.04324274007612594,0.015296933977716436,0.06832492206983003,0.008708435928333825
0.76,0.12327423883770362,0.030661220917625565,0.1207782128756715,0.018888900150872617,0.1527611697105345,0.06266404831945076,0.24813122760196987,0.027765296640265256,0.032044525015582664,0.007206516046890937,0.02743261971450931,0.005163604475669929,0.04795609286499073,0.018659463489025425,0.0672179666194336,0.009394896719803626
0.762,0.12322059221343752,0.029917301334875343,0.11807260486990544,0.017959713514451265,0.1602310862849813,0.06428786207475043,0.25483436180441055,0.027813665599438785,0.029750445804174238,0.006569966317028821,0.025060249001493236,0.004565489217337379,0.046833799191721405,0.017809526810877562,0.06434982458070941,0.008723511380407174
0.764,0.1150197846296582,0.029705047819774757,0.12755401404599437,0.020490386494113028,0.14608629124703917,0.062480330844124424,0.2694917230504267,0.031150537979676585,0.026816693239498524,0.006351412498464011,0.026388611441217853,0.005060918970739006,0.04123158431801391,0.01673180136774861,0.0660000113999822,0.00944085065352871
0.766,0.11452361480816128,0.03299798732795202,0.13160496634252491,0.02344926877384538,0.14049662507044294,0.06726434736446991,0.26887583193595954,0.03459935377323003,0.02468664700937814,0.006600278578163336,0.025395825000157468,0.005400736641136456,0.03663219439262987,0.01671592313169825,0.06104026072764305,0.009716139122607447
0.768,0.11309426360391822,0.031435823397969395,0.12421143427432309,0.021240451729212937,0.1443024133508127,0.06680230142060167,0.2643159861276802,0.032737025136799505,0.026833517283904557,0.006986311455378087,0.02663119593884532,0.005424741996754002,0.04136208925071056,0.018281593908661884,0.06622203404648168,0.010118817077946223
0.77,0.11922745501861944,0.03479913296023303,0.1235024333322117,0.022128912545522014,0.14095568526063743,0.06875816649797493,0.243091818182734,0.03167181192872998,0.03067705716655805,0.008433245455397587,0.028997591412509106,0.0061492107116060445,0.043968504731429534,0.02043678078480963,0.06657370646951197,0.010628487541515439
0.772,0.1182010595566817,0.0327535835749742,0.12231376356149229,0.020750445117365946,0.13970584988710344,0.06480825343321744,0.24085609334305438,0.029771826170694956,0.03308568370153726,0.008719602200129937,0.03146638615272064,0.006303216143436304,0.047438391268986246,0.021018229149266026,0.0719390568825535,0.01086855985678576
0.774,0.12416293652018114,0.02811035428579245,0.14081249068237528,0.0196552214290859,0.12874078798190156,0.048184960195221414,0.2448968063826693,0.024629931719921064,0.036887485806772244,0.00805554652709971,0.03860138517788092,0.006371174151588782,0.04661218759207865,0.016787129770355836,0.07790017087522953,0.009591430901846314
0.776,0.1279179429400781,0.027448668908864323,0.13886510226043913,0.01828344747173527,0.1388833610688679,0.04941581176749774,0.25332760017677475,0.024101699730042097,0.03398537273051017,0.007065836682065101,0.03420781064863066,0.005281730537519238,0.0451359439534483,0.015414970825865789,0.0723122661959837,0.008352434101677643
0.778,0.12698313177558346,0.02816192554832027,0.14503462681993254,0.019661912856261114,0.13601938174575193,0.05011885088374486,0.2613036047738883,0.025642802214442272,0.030835550137486525,0.006687494857683698,0.03297618210421365,0.005222456633688899,0.04041340391245098,0.014319297273739151,0.06849074904175824,0.00812862942105426
0.78,0.1327462481374525,0.03199143902513212,0.12742040097681032,0.01884270396299283,0.14551109759639208,0.05831024956622512,0.23558702610565832,0.025232933354254437,0.035360750888289286,0.008363749889097142,0.03229577147314719,0.005525942083131237,0.04741510874037039,0.01820778833410363,0.06841036611491426,0.00877842375202909
0.782,0.13443797154438877,0.03395526939842602,0.12969295353192042,0.02007427203372414,0.14093565674663108,0.059355671130617196,0.22953342234786794,0.025802706777407498,0.03615212202952883,0.009027271224403104,0.033435334999074695,0.005951825296406665,0.046401646555001015,0.01872769476439161,0.06748033870233658,0.009035842917874392
0.784,0.14186286954758934,0.03209692240739991,0.12589225387768274,0.017354162816029754,0.15548945037729586,0.05890849458018488,0.23356202838164686,0.023487454485101776,0.034877875570967186,0.007823460347296115,0.0297859506569019,0.004667342795433283,0.046933563078326405,0.01696414095918863,0.06284909976683306,0.0074449303521223155
0.786,0.15982950050703115,0.041007412653000334,0.13286655770640335,0.020852531180835382,0.15507603620422616,0.06724153049238774,0.2174676341380454,0.025143392075169975,0.03258061789611383,0.008450513230421402,0.026111600658945893,0.004685491430906919,0.038350308365564315,0.016085366823067666,0.04770132795644788,0.006550178681432635
0.788,0.1665205526415279,0.038284281368571364,0.12726746649683077,0.017828761202028656,0.16761612035162185,0.06536308633726996,0.21659391979944947,0.022446691740150595,0.03328079864732009,0.007785624314560106,0.02468746272794474,0.0039244978710170205,0.04068244807283882,0.015329706133897664,0.04668681668785741,0.005701765607113434
0.79,0.15511554947330403,0.03372853624295446,0.12912629765578318,0.017182921236459356,0.16138095839580813,0.059670289400214,0.22699044559510279,0.022406544537417656,0.03456528587090222,0.007729647284770717,0.028008997620069406,0.004212997793986164,0.04361396696466239,0.015623983132093858,0.05434669913847108,0.006296879658000697
0.792,0.16632584328866978,0.03914899931476264,0.12028371181230871,0.017445502152866908,0.1683398888435702,0.06755010219430103,0.20543288234543006,0.022165638513052713,0.0366777022499284,0.00894728571940173,0.02601395618065885,0.004235442082189838,0.0450313925669372,0.017512924991911767,0.04875237777547609,0.006136349968534164
0.794,0.166025763932817,0.03897357035935456,0.11865961207451156,0.0172151749092299,0.16737857564144112,0.06708330122626252,0.2020084137348894,0.021840991617508913,0.038308790767043084,0.00938956130733467,0.027067602429747237,0.004375664877826585,0.04686986000571967,0.01820338021479884,0.05029926422269854,0.006300472678816404
0.796,0.17620146230887831,0.040422342842627794,0.1225949231030893,0.017432739400381772,0.1710866532733761,0.06707699670492456,0.20104904611431013,0.021331461170532143,0.036243364787836865,0.0087356631581603,0.02508875765025379,0.00393925261793927,0.04262694253182476,0.01617136006287262,0.044566904129244744,0.005432130143747573
0.798,0.1725697993817356,0.0410019273860891,0.12518274867318732,0.01849011268513803,0.17097514629762056,0.06949605477778863,0.2095288801663767,0.023118655941242745,0.0322760281107078,0.00813328978264344,0.023529792134490204,0.0038136996718849073,0.038787549557305526,0.015277648193546376,0.04246530897650886,0.005353358263734211
0.8,0.16521442285004334,0.04051385091027946,0.110186885474013,0.016882610961809656,0.1839600906231515,0.07714082194671475,0.20841464912268756,0.02383787050875247,0.031635362604140065,0.008289808722310601,0.02140739261877006,0.0035674032485174213,0.04267808188508885,0.017331264298620624,0.043320050603086885,0.005619433622013816
0.802,0.15985818096227253,0.0413426441166706,0.11412320462771061,0.01849545127297972,0.16693950357899967,0.07406912686487797,0.2030340529342712,0.024640456629707944,0.03582512786981199,0.009939762060577456,0.026030948319702287,0.004531065560577223,0.04553167376654941,0.019472725195492178,0.049436603890860166,0.006729472348939092
0.804,0.16152188147242322,0.04238378153765653,0.11528096705765598,0.019035132858451397,0.1675638281424864,0.07554686638827535,0.20387700476860984,0.025239515090735645,0.034338796981551574,0.009749005027560395,0.025155253742865823,0.00442470555926007,0.04334838654061455,0.018843785421036027,0.04718127229989604,0.006509817110921193
0.806,0.1770866489324344,0.057384290100835775,0.11903240283849192,0.024518548802514712,0.15067677468050616,0.0857743349402566,0.1716909762376539,0.02714416182618223,0.03702051441265111,0.013096926785479624,0.02574906467783439,0.005610021645654933,0.038261973788147496,0.021040202530793427,0.0390640284641371,0.006849129336426324
0.808,0.16215962870917452,0.05187410587444171,0.11528826537983206,0.02357753875647012,0.14731102970921114,0.08293280237275463,0.17733876319132894,0.027880393060805076,0.03967855677718729,0.0139748850176961,0.02928278594968053,0.006288097041437859,0.04360830309963459,0.02372962776244637,0.04694547899769401,0.008129738300204917
0.81,0.15479668310385278,0.04966628265620283,0.11168179602828052,0.023018378384054187,0.15177000844490926,0.08580193708212022,0.185421836269566,0.029401243348252008,0.03697755338392945,0.013165859786598262,0.027917804351948787,0.005991426084684081,0.043931759127860646,0.024005933107343898,0.04810728912424299,0.008344209716154051
0.812,0.16755305745786203,0.05888944562801425,0.11803908895646587,0.026802230365401393,0.13539202757934646,0.08472862379697009,0.16123206647143554,0.028466172510523396,0.042541470614239005,0.016670742070419093,0.03163164058673464,0.007394957488436528,0.04192341000870519,0.025273277018970534,0.04488470485411179,0.008577084592364144
0.8140000000000001,0.14609729587254433,0.05885024044849439,0.1148047433235694,0.029816775808345748,0.12588461584816565,0.09002577726121072,0.1667545914199047,0.03357881911116174,0.04048259762320406,0.018210484646493205,0.033668905416343174,0.008884647756723223,0.04247973622114259,0.02910657390077174,0.05048404944909668,0.010870145892828644
0.8160000000000001,0.14633184692042528,0.0458631483887219,0.10727471432311375,0.021581018707182337,0.14743379393811534,0.08380805622645945,0.1832666801649514,0.029224726671341333,0.04058605937611456,0.01432731602190739,0.03172822879313996,0.0064345399089873155,0.049842590985531496,0.027158691850607087,0.055703434326969954,0.009435153396431466
0.8180000000000001,0.13883116620568206,0.038170336337297016,0.10574424351439772,0.0188167040966094,0.14466289593557138,0.07240373360573608,0.1868198020487127,0.026421090149398814,0.04583238244046498,0.014473759217514698,0.03738996046309437,0.006720536050102742,0.058064400689245864,0.02815990704719458,0.06733723627841659,0.010151845920560934
0.8200000000000001,0.11906617973460631,0.03242425476264444,0.09824832746506106,0.0174130214443485,0.1568338830779787,0.07792567425238159,0.2176294526820502,0.03067379770956722,0.03513298172183383,0.01108363228578761,0.03145987595621547,0.005576785905638131,0.057000533865460945,0.02743749953583327,0.07142937877471678,0.010664720825876065
0.8220000000000001,0.10661792679345153,0.03282756434574682,0.08753212018347867,0.017629487627029646,0.15748468332256774,0.08801276636788177,0.21760791830584772,0.03460588128154709,0.0327040639593307,0.011750829653450487,0.029422861202653087,0.005851397879284823,0.059324988955382484,0.032056829722907534,0.07416937567770235,0.012401304721737554
0.8240000000000001,0.11071288866235227,0.030951020807460265,0.08801023503556676,0.016155557740642475,0.16210501883992137,0.08236054921758405,0.21697484349272952,0.031422785004589976,0.03458109732620696,0.011409014999843347,0.030419358091141796,0.005461149089687329,0.06210784850374837,0.03053927194069497,0.0753662718593302,0.01142308938850041
0.8260000000000001,0.11150165029467621,0.0321936922087188,0.07927999783296924,0.015147129578546935,0.17061591061580725,0.08960156961082934,0.2048826428819068,0.03083578341869419,0.03556218653700892,0.012232030356716717,0.028293966456882893,0.005225496239513495,0.06662930473437924,0.033858274496856966,0.07274873235764362,0.011391632378849399
0.8280000000000001,0.1000617994718953,0.030488672453288308,0.06071210930073211,0.012393737002856554,0.18148694331056295,0.10029751824852576,0.18858878177900645,0.030127606573248387,0.037012362106749366,0.013512039355008667,0.025688124695673945,0.004982310077348049,0.08111742786562323,0.043237517446049215,0.07752856578680355,0.01276448452662802
0.8300000000000001,0.09575177508024993,0.02917679699837509,0.05930474211866751,0.012224639688943646,0.17636051293757374,0.09763732238286629,0.18715321703582263,0.030141459914312628,0.038305310266327844,0.014125446208005123,0.02739157453715939,0.005292392127503182,0.08499871097922006,0.04538876760086392,0.08304220602919202,0.013705126094916925
0.8320000000000001,0.09204082323437666,0.035164931413613744,0.0562860296062428,0.014700031861676158,0.16379919801176146,0.11431112185708822,0.17169388289109208,0.03510812478252588,0.03760405593065506,0.017511618033897863,0.026839693830697238,0.006465380894782515,0.08045039135308053,0.05405215774866359,0.07779362203524816,0.016178936514597918
0.834,0.08919396914009237,0.03808093191329619,0.05203946063099508,0.01537650120121267,0.15873648744223692,0.12400167249572347,0.15883056286789551,0.036679954799350024,0.0381605619221458,0.019997629029184134,0.02628162019330087,0.0070473983968764925,0.08145908193876987,0.0611325890232898,0.07541138052483046,0.017570198480800457
0.836,0.09370359932485443,0.045973971311058896,0.05282805126821624,0.018157331134882253,0.1531039482518173,0.13847511693680817,0.14787962682691574,0.039908182756972034,0.03708295112579929,0.02266015837463079,0.024899237717206667,0.007705351560690589,0.07224770066814465,0.0631750110949779,0.06459893271162842,0.017600828935396627
0.838,0.09780496884176315,0.04117534233807354,0.047873999944408434,0.014126934669759447,0.16220561100753783,0.12624377551451715,0.1362217229387448,0.031541336786335965,0.04467218282203106,0.023897279431401186,0.026546971872367132,0.007044528256181013,0.0880813038597925,0.06699640941941752,0.06928182442366176,0.016285807874007442
0.84,0.09603482244276311,0.037862341729221136,0.047679240515608644,0.013356011307071937,0.16167463722399092,0.11806855774498824,0.13773355477683366,0.030214839165011134,0.046780966176601796,0.0236915724452674,0.02843784389684969,0.007076744376234196,0.09339467685451014,0.06680607007024132,0.07464072622443946,0.01654739505036717
0.842,0.08751817309961435,0.030905134003259956,0.0502954944765495,0.012888719106705469,0.15542891874861275,0.10212164547236925,0.15272972162669762,0.030638254156127212,0.04664554224657065,0.02145823197660255,0.032898643876845345,0.007416746724776452,0.09781101865831915,0.06325605780351364,0.0898203196308329,0.01816737839260325
0.844,0.0797982214009667,0.027326285995641183,0.04364318336018961,0.010974192904397221,0.1578202346662474,0.10086766124466512,0.14800660226302811,0.029075331917655205,0.04735200180836109,0.02134837216204466,0.03216170001024287,0.0070243511630059315,0.10976350780912497,0.0691763142016522,0.09661018848060182,0.019051850612175996
0.846,0.08203280547962785,0.027388712945009278,0.041564192727421914,0.010313784534311749,0.16931655981700647,0.10571858522993068,0.14736896125099855,0.02847192526684491,0.04578722055837642,0.020296648482346403,0.02902518101025413,0.0061580123123724535,0.11066044514437962,0.0681147277020719,0.09036444950534368,0.01741778803370404
0.848,0.07875763417606646,0.02968965510528463,0.042307993487176364,0.011975098147310449,0.1444200234048172,0.10270748567400213,0.13374460894203236,0.029570072945228013,0.051574661861547105,0.02579730556901569,0.034828489839395134,0.00822927659676909,0.11146373647864938,0.07739181647514094,0.09656920342963342,0.020972937867931613
0.85,0.0728471702891451,0.03320139813603529,0.04594606465936036,0.015690190942808182,0.12471816942015598,0.10806374726266822,0.13634224611744306,0.03644857854938104,0.0476428203654626,0.02905636006594582,0.03811416715173525,0.010719863909786381,0.09593194481759573,0.08122751106729316,0.09835506274314512,0.025694704502038795
0.852,0.07268853713828748,0.035100523334025156,0.043963328733380214,0.016107812817125488,0.12166619957392938,0.11193039486269313,0.1274966060485957,0.03647482852328595,0.04901145997518894,0.03190999049829855,0.03795187263810383,0.0112955216960475,0.09638239043948073,0.08664110994520716,0.09499237558302595,0.026387048193324852
0.854,0.06297792874058471,0.030397467414385055,0.04091981623762753,0.015169627087096857,0.12100670448722835,0.11143031509005089,0.13558917235744333,0.03909047242266763,0.04411988937079628,0.028966067900332418,0.03696402575118683,0.010987264410897948,0.09922187978684895,0.08934926271514847,0.10466726690184434,0.02914283932586044
0.856,0.06535909284639178,0.03070365383339248,0.03775697161312685,0.013769073617890122,0.12463360869852663,0.11186716331496094,0.12410874196632443,0.035050959397234745,0.048205174090531426,0.031095836908025334,0.03633973512592144,0.010490363749118697,0.10744486379847201,0.09444418676931315,0.10124255772226957,0.027488016548500308
0.858,0.05760756380446717,0.028168434478694774,0.033891388022612406,0.013035107529314655,0.11243129779068313,0.10513985670323517,0.11397313555968941,0.033780889971352236,0.051090012077802845,0.03446517516122364,0.039487897101305396,0.011810945610158226,0.11612877462853934,0.10606180814420653,0.11145823931148946,0.03146947410522568
0.86,0.053249319222903164,0.02791885544922456,0.0312984988392798,0.013078129526972607,0.10788660817883756,0.10817813837237525,0.10924041821612963,0.03497010590314823,0.04962046096803544,0.03612508382640649,0.038646617799104395,0.012363342048291938,0.11683244279857583,0.11433598652314557,0.11225805551122804,0.03399793681634143
0.862,0.04858967068835162,0.028358839120429052,0.0317730379551231,0.01488442214190983,0.10564267020707757,0.11763154137284793,0.11854031355591972,0.042208427503688035,0.04123909072980635,0.03387883619406586,0.03622704016085267,0.012876464035586793,0.10440149133434501,0.11411728701617228,0.11193874055371408,0.037692127430110134
0.864,0.04483812122558758,0.023367364561304803,0.0293548682037309,0.012447886209714569,0.10906829533160176,0.10930025720448813,0.12249172218481219,0.039511581474621145,0.040875606094671155,0.030391888048217314,0.03625959998553596,0.011550485419059444,0.11516897252271477,0.11381383229015282,0.12383344119263798,0.037726078051149546
0.866,0.03898173820915232,0.02243022170010648,0.024082674479949436,0.011462844203006112,0.10215919400835946,0.1128070086000772,0.1084620285537601,0.038894291273753066,0.04044049730779176,0.03329271416433587,0.034292818918784294,0.012000852506297618,0.12200178105744444,0.13222498870560248,0.12468578589213675,0.041780560419442545
0.868,0.03767739262577109,0.021175960300675117,0.02231236781999516,0.010521437304531877,0.10087091134950818,0.10898174807660649,0.10264824126998139,0.03624781476076545,0.042163009900117225,0.03423905795446899,0.03463604742843665,0.011836079735600047,0.129637023163234,0.13771910813998367,0.12744283097332543,0.041890969196999146
0.87,0.03057561221180344,0.019604221550962864,0.019764872159927428,0.010727787264973442,0.0967644154445178,0.1181897619169526,0.10667620940730553,0.04266272078274181,0.03359020044937336,0.03143861923949611,0.030430043734704513,0.01179811080859086,0.1220817532152209,0.14693404303006397,0.1303809018545518,0.048380726928813456
0.872,0.040459952879917875,0.02398415454929596,0.023232190602980186,0.011768604131793484,0.10848048415176452,0.12184496699711408,0.10503376531949887,0.038665759865618654,0.04000134820364382,0.03479126939925232,0.032281148776983494,0.011451576712806657,0.12178972370388552,0.134256676072945,0.11355659559190776,0.03840178304059161
0.874,0.039066201842186635,0.025099030397949768,0.02317065328827184,0.012889124407457316,0.10808851394074692,0.1315534195762281,0.10793467381747197,0.043315431970437475,0.03591575977050195,0.03424685289232474,0.030241913090632372,0.011641930302850935,0.11275883180814525,0.13523374504236516,0.10879659638765128,0.04004732146477845
0.876,0.03831405664936849,0.023174658726645186,0.02076561375016152,0.01101617321983621,0.118713361697355,0.13663816015715846,0.10875920035778545,0.04147688674146105,0.03418473653814908,0.030936904266444108,0.02650422756166157,0.009572941063131958,0.12015695398158326,0.1363050103983078,0.10644483783827276,0.037036277052678
0.878,0.03485975200149533,0.023917827345960468,0.018678710656276104,0.01143133929670219,0.11172413054824457,0.14573667030456658,0.10106896110994291,0.044052066238086836,0.032109095919810926,0.03318302316291821,0.024846866619449168,0.010165997653541651,0.11637803610799642,0.14949310098257387,0.10203126438305112,0.04032315766938352
0.88,0.044819980819438644,0.02731941098581647,0.02284718060814721,0.012586899199700295,0.12184807283444309,0.13988915922770134,0.1042451924525869,0.040185854248040456,0.03800983536603731,0.03502243991220581,0.028162447626976155,0.010162666891659832,0.11571318694795772,0.13014263318342414,0.0958918834945868,0.03315315620127794
0.882,0.041165571796034015,0.027817337438610402,0.016219659399151848,0.010222048028299898,0.12197786228184763,0.15470303474836547,0.08144172409303041,0.035448522205061804,0.0386448078922496,0.03956433425568475,0.022631208980943743,0.009130324756959827,0.12740945959404495,0.1577316128858417,0.08361179363121157,0.03228069801266231
0.884,0.04350724328140704,0.028263065255653846,0.016116080335145312,0.009945989597286615,0.12498696330037116,0.1523488924674593,0.078176548913608,0.03303051695104816,0.04126320107280472,0.04090438034293029,0.022909353952843943,0.008900112407987847,0.1315778239543413,0.15672209801352988,0.08110850643506667,0.030239223718516076
0.886,0.04328214022792696,0.025077210700889595,0.019598618533191708,0.011120849699963253,0.12582527294455662,0.1369004393678989,0.09584634871261746,0.03695408224680885,0.03977937091365894,0.03536068940103304,0.027277901669902953,0.009576564151121096,0.12805171233358256,0.1360125700591559,0.09666629971930694,0.03266992931838522
0.888,0.04564101840252467,0.022049345322284142,0.01989140763771213,0.009552199868606103,0.1375626513918901,0.12526910425245955,0.10068407597784151,0.03269243928666857,0.04219362023627806,0.031530246558614555,0.028059580136460503,0.008214708493056784,0.1404925965068954,0.1250778910138865,0.10214776882356867,0.028941346091252707
0.89,0.04326380854876083,0.02038506606947558,0.018933641855567986,0.009034910849474472,0.1282619772967727,0.11392074869443229,0.09400250744443937,0.030074639708628018,0.046056873290754564,0.03385895302268146,0.03097172165249949,0.008882646248641324,0.1506605437859011,0.13118226136916494,0.10993241809085928,0.030577282071946512
0.892,0.04002072240007898,0.019384622953590284,0.01828725421679536,0.00912246240060026,0.13289564987217473,0.12114357478485935,0.10117202255492272,0.03351038205803114,0.039622408959875434,0.03018127510975295,0.028074940546743043,0.008302747464143119,0.1455077798843524,0.13030302668426091,0.11070499644374011,0.03176613366607929
0.894,0.03349506894478147,0.01488620591218,0.016897774986421907,0.007912425481020575,0.131216038071294,0.11052890411213644,0.10912812310933495,0.033817809990404124,0.03590925674369753,0.02537721353248541,0.02819206098702448,0.007728868650554519,0.15428578353293587,0.12817381039897588,0.12811890369604018,0.03433175185071258
0.896,0.027763137485564554,0.01636642785162124,0.015290180202365609,0.009539742903634236,0.1154712120146572,0.12804332814812186,0.10423087743781678,0.04239174712112106,0.029700874829916558,0.028058490705187424,0.02567172397237919,0.009240133171713858,0.13519146530078965,0.14808733154957873,0.12213977652163985,0.042813550783892255
0.898,0.032989747259565785,0.018059268742813463,0.01821720511213734,0.010723252635488241,0.11982867086110124,0.12278635503628256,0.10812595258552077,0.04095293143592746,0.03357153504934818,0.02963335849670154,0.02931653658676239,0.009801521956240011,0.13270858659575163,0.13419579678441906,0.12011265596523354,0.03897662489670682
0.9,0.036216888546699605,0.016438385572474234,0.017781183003945503,0.008717101220653771,0.14946885183314496,0.1285593080631266,0.12046635736307273,0.03818124092136362,0.030958845770887377,0.022440302435679686,0.02395409002063372,0.006450718766574668,0.14037924875195404,0.11744322501561164,0.11260737285275024,0.029936879861427422
0.902,0.04155262814146241,0.016258409269610138,0.02033894070441916,0.00874585931922395,0.16834386610540744,0.1246899967422217,0.1348041436420598,0.037078904595604506,0.03088471648460318,0.0192508321614952,0.024002040454651888,0.005531476223494085,0.13686081299763306,0.09756737130531289,0.10925626211661617,0.024833739736184413
0.904,0.04914397761785829,0.020093665130400288,0.023412702851085848,0.010700993175611481,0.1745496082172681,0.13557971459795412,0.13528744365511366,0.03937039392304296,0.03172176608519861,0.0209008316093096,0.02413265394783747,0.005855533679623044,0.1215157599651467,0.09128346484613548,0.09386525499192684,0.022586235706487497
0.906,0.04661087375229359,0.019157660606694694,0.02022648240350629,0.00946666248439354,0.17473065987316136,0.13648540883051033,0.12319869342192985,0.03638557829439419,0.03304671234300421,0.022054542774700172,0.023161599603447932,0.005674259047013181,0.13274657560616096,0.10035135090732368,0.09388098522966758,0.02282195482179834
0.908,0.04044827882028832,0.01696540066969847,0.015120704944814666,0.007378860736226005,0.1873598492669265,0.1490783218390364,0.11508374356487132,0.034986238598436,0.028884344076563092,0.019820972498464918,0.017578198227605195,0.004424709516989263,0.14273205070940506,0.11000651273387455,0.08815874816091283,0.021973065635887246
0.91,0.03730374739245555,0.019536827860390894,0.012850194405888023,0.00806497523744756,0.1624297337501247,0.1624730999247668,0.09111828427833059,0.035538873443844494,0.031085807268910682,0.026401345176391665,0.01766901112962256,0.005534390124142219,0.14436055432539477,0.13773789056820962,0.08218507563772144,0.02571018947635835
0.912,0.04571681168477036,0.022511828144502467,0.014310715548276232,0.008594248661957385,0.17043536870921822,0.1594131877364796,0.08563156418125059,0.0314850467911628,0.03680148974494024,0.02954255321809771,0.01909351691483038,0.005636599590735621,0.14534724297864834,0.12961309996892426,0.07413009002158437,0.021736636104621294
0.914,0.0506357345686316,0.022372867282711286,0.013243913029039812,0.007220250474264008,0.1937289535696023,0.16270359081918234,0.08098910652996921,0.026800516413273603,0.037833091499647774,0.027292677173807404,0.016378100376105726,0.004307936871772343,0.15295250459897694,0.12205286060803609,0.0646007423936026,0.01688715379137692
0.916,0.04766814691597682,0.0224710135026206,0.012962618592164042,0.007705949820029059,0.1886063679779721,0.16866734259692814,0.08128993653934785,0.02900886908933141,0.035662512888927626,0.02759644800704594,0.01613906165061099,0.004563890231644109,0.14842434788840544,0.12622626267561915,0.06481653475310793,0.018190696870268735
0.918,0.04733379881883823,0.02040698827836722,0.014207737362735664,0.007934219574590696,0.20031242869859503,0.16417016389954692,0.0942929892774178,0.03136389754542823,0.03248183834858873,0.023031979918411737,0.016377849775248806,0.004279985788684309,0.14435390508074641,0.11215377132826929,0.06930331419951372,0.01799513210501713
0.92,0.045515742496382766,0.020333590846472682,0.01427419549270985,0.00842902153079749,0.20162760036725824,0.17098774733423044,0.09830496183045502,0.03422247732643151,0.029616795775063383,0.021920454485942268,0.015701459856531385,0.004289534423524142,0.13721748980223847,0.11051200521337257,0.06848508784702972,0.018561835371560108
0.922,0.045725345820019546,0.02017646987174123,0.017319445941000478,0.0103165494918362,0.1799950402616435,0.15057185800407963,0.1062897918375559,0.03699224312506026,0.0330686008644567,0.024347835899297208,0.021070692643103482,0.005739998173614877,0.13618869089212068,0.10836696074485068,0.08175686316033141,0.02207361326928814
0.924,0.03796684752129786,0.01817264803268001,0.01739851034318818,0.011346248047727143,0.17428731132982464,0.15714574732641087,0.12206394925010763,0.04594431410745219,0.025634332505041893,0.02066881328262393,0.01997907333774217,0.005916205626298204,0.12320055234920987,0.1060423587308594,0.08843614002693108,0.025796948182604768
0.926,0.043705401558555214,0.020195479703651903,0.01892877826983221,0.012087821403010113,0.19261429902106497,0.167542948463039,0.12653718162138655,0.046292890498680704,0.024767858521527544,0.019363022448772877,0.018237604603596635,0.00522544467095231,0.11327019625950954,0.09383365352276385,0.07598623893959135,0.021411180494065124
0.928,0.047738865750682764,0.02321660837256287,0.02031784045144966,0.013877882516606465,0.1833903887782311,0.1685253056078616,0.11739319275571183,0.04583977683728551,0.027916942499475052,0.023115316979352273,0.020291310275417793,0.006156384249680951,0.11080935382025137,0.09700410542329604,0.07264756550503705,0.021759160177097704
0.93,0.05826007952298068,0.03085430032572133,0.025619604767663756,0.019293453871980868,0.16768383115670485,0.16995996954241924,0.11065655756476817,0.04806506915985766,0.0325756642527578,0.029612152992437014,0.024568781434886482,0.008171615353847778,0.09557833201581131,0.09265732830695787,0.06485174292311117,0.021591516808093954
0.932,0.06616933619140315,0.03515698391867371,0.02793501528523036,0.02138379178341953,0.16854588999488904,0.1713611631787993,0.10584515366784275,0.046593072825276444,0.035033856596109594,0.032136828629759744,0.02541223684951929,0.008536309898483132,0.09016455221913257,0.08780452200785976,0.058318425289346006,0.01960286166425554
0.934,0.06920685228748844,0.04051590926250251,0.031122903865971833,0.02649712330823294,0.15153724478427566,0.1709327667942359,0.10122247554537905,0.04980283171148813,0.036849951443014034,0.03743009130335814,0.0285370085128398,0.010593478435479822,0.08109201027906063,0.08773118653619283,0.055986881590085975,0.020941284340394266
0.936,0.06471307527691073,0.043088043872953584,0.03051788201592313,0.029795007438295766,0.14804192061307545,0.18929404091233148,0.10303018028026018,0.05787124054412131,0.030797924233987826,0.03602180738887483,0.025136867572295676,0.010719003788771171,0.07061757945359219,0.08735744655805337,0.05111182426298529,0.021886155787567908
0.9380000000000001,0.08351523268638734,0.04421768685253075,0.038484164860765065,0.030139187361362375,0.1642906709770531,0.16379368324248345,0.11092765233840712,0.048908934247857465,0.036620669570674204,0.03390508153509104,0.029234007418094142,0.009845610290792053,0.0713191140598894,0.06802749149409414,0.05018701536663764,0.01658379769788059
0.9400000000000001,0.08646216630815472,0.050480400464275016,0.03455374497013433,0.03038686275100141,0.1621405196623876,0.17856727176578546,0.0940756971686063,0.04665929484508764,0.03811267089908024,0.03908570875162607,0.026445164156672807,0.009945711776765528,0.07034193977094658,0.07422722868012194,0.04271261054839577,0.01580300748095857
0.9420000000000001,0.09402884557654233,0.05002961064507865,0.03437836394818218,0.02777001593838939,0.17974671287255797,0.18041607662585804,0.09494700425311266,0.04323002179420967,0.037719495668891004,0.035254756315906764,0.023872226741693627,0.008165371771988856,0.0706171905618991,0.06768652016955028,0.03901266628985699,0.013125120826282394
0.9440000000000001,0.08985515848508786,0.04639942325521341,0.03082780316013635,0.02447301585720069,0.1888844007093815,0.18411465758694512,0.09331382019768876,0.041726896170066266,0.03726158490742848,0.03397330181855648,0.02217853555071031,0.007416761075900125,0.07610284911256845,0.07095120663305828,0.03951774780440365,0.013002837675654369
0.9460000000000001,0.1054980728390508,0.05197118641830558,0.039641973528828846,0.03046139832273349,0.18169149194960832,0.16796936059598364,0.09854685001955063,0.0424274156640412,0.039819595489797834,0.034714812634839665,0.026094038209368797,0.00838929175100203,0.06545881545108861,0.05777960945683482,0.03767697082011229,0.011859116848853388
0.9480000000000001,0.11104724580439718,0.05799449673765238,0.04195178264513775,0.03456677911263547,0.1593521217157297,0.15689894304260943,0.08636936227546227,0.04011381368835835,0.04767426920040806,0.04408150375516317,0.03142103774488651,0.010739441745193883,0.06560678427691298,0.061513164440991995,0.03791367359131376,0.012755580223147068
0.9500000000000001,0.09220254212831437,0.05221838230395936,0.039557163349792875,0.03556495607557252,0.1431013274623198,0.1521379574538398,0.08715939162038516,0.044064343716223364,0.048826526214761676,0.04874888704017997,0.03611923282293294,0.013313383555404526,0.07172292025040568,0.07220949123292522,0.0462970699551166,0.01675642481786609
0.9520000000000001,0.09392070837708463,0.05171211054370908,0.04248622711797338,0.03751278653238803,0.14384853852126436,0.14845010788148544,0.09193678742406712,0.04566220171390008,0.047699134759658576,0.04644130141770423,0.03727373703140291,0.013440115815002983,0.0688143833537433,0.06732909795380455,0.04688030922598195,0.01659245233082918
0.9540000000000001,0.10624193143558387,0.04997836530630023,0.05686137733923505,0.043827314545977554,0.1472570673701083,0.12857397883330898,0.11176504683258859,0.04815536475622008,0.045375358740188936,0.037341518098090574,0.04259416855118813,0.013208485189039817,0.058399493528848385,0.047623725749543565,0.04823648885982187,0.01456031486395615
0.9560000000000001,0.10545164562027055,0.05258167759779556,0.052889718662086686,0.043622243186514725,0.14794630191407435,0.13673368726703575,0.10484460151659332,0.048377624234132256,0.04528550231971102,0.039658970904040816,0.03987264321854724,0.01318891975975093,0.05867262580671846,0.05074771278230844,0.04547802179511945,0.014648103415300274
0.9580000000000001,0.09399349104728061,0.052619741809777305,0.05041501754834614,0.04686825744273423,0.14252377162977178,0.14709373059485648,0.10728753168221734,0.05563218006738556,0.03998623203895655,0.039497191291424136,0.037682775346809486,0.014015787091726644,0.05569497892184444,0.05394110296966023,0.04610483067747464,0.016643379839734632
0.96,0.09704776488859661,0.05279873267342253,0.05147062774443312,0.04684121597664012,0.1433362594034244,0.1435604726414364,0.1062286967831238,0.05395820604848233,0.04147175032394169,0.03998154567328402,0.03866606509292189,0.01403774210064925,0.05594525345249057,0.052688843942021786,0.04581516914422889,0.01615165411090259
0.962,0.09762712859459786,0.04624058752270302,0.04838928237288176,0.03844940393230996,0.16879387345397515,0.14862795497484318,0.11706895248434557,0.05253588709826213,0.03786241063311468,0.03169275280369489,0.03289204607905267,0.010318433045352005,0.05992139896874782,0.049395019909807415,0.04599047029890247,0.014194397827409236
0.964,0.09226781724589049,0.05025416289157351,0.04595960426026126,0.04232359953881717,0.15098433332357816,0.15333814355010345,0.10472007943345932,0.0547165292491765,0.04014108327481495,0.0385110036401519,0.03504563685718987,0.012604681320912962,0.059896811731265875,0.056619052107827986,0.04619058378728143,0.016426877787695107
0.966,0.07970100832373432,0.04286008898599899,0.04573367980439274,0.04194646304379059,0.15297312557258735,0.15339250361293888,0.12043129861762547,0.06273450933648875,0.03425994497524576,0.03259807277384344,0.03449481992707262,0.012322530224769134,0.05966809708509722,0.05578782410573991,0.0525182509010553,0.01857778270961965
0.968,0.08028345340717837,0.03603864165138202,0.042019720759160405,0.03214206513238393,0.17169247301802576,0.14504331607127185,0.12337819117745312,0.05416271419838408,0.037215793789510315,0.029914071420938656,0.03431132771697399,0.010268082958851675,0.07153343393912488,0.056780693984002845,0.05788250886802561,0.01733351190733258
0.97,0.0762591960774936,0.029787274874203216,0.039061567053248675,0.026184808683588297,0.18584658730124237,0.13776225921931604,0.13026471225566671,0.050528804940281294,0.03721982129863185,0.02625678224635202,0.03361121681252267,0.00881953315686357,0.08080847962344852,0.05654542568471216,0.06406701673797723,0.016976514034451808
0.972,0.08720308039815121,0.02768474440987177,0.04241216049746083,0.02317480275610273,0.20912814925920553,0.12568851053259777,0.13843192599088242,0.04363664834030942,0.03856164512626299,0.0219782062397174,0.03298570869811833,0.006954741626463216,0.08183573455198244,0.04596289864221815,0.061326521902654495,0.013034521028001384
0.974,0.09128582226997523,0.02719001434929319,0.04793261742699774,0.024846552726600548,0.20499329689788737,0.11526648430030233,0.14609060038902733,0.04357005331226743,0.039452631251864004,0.021186094740659064,0.03646550128714127,0.007269208776136685,0.07778947138388476,0.04090545139184972,0.06308792321171955,0.012668276284393742
0.976,0.08674831689206909,0.024988273853921446,0.044979433438663716,0.022731730434495195,0.21378438820195186,0.11636272687775588,0.14982440734312538,0.04359665683092251,0.03751821722667155,0.01958172456162302,0.03424333232844016,0.006638259694851499,0.08065028896158412,0.04112198531295849,0.06458387226816953,0.012646385772796597
0.978,0.08915279261486243,0.025171523431258433,0.04992379005774814,0.024951791175010014,0.19080415967182782,0.10158552045100094,0.14443043378649248,0.0415004245489931,0.04478689217020694,0.023054006078114125,0.043902640670125434,0.008403822726662527,0.08388874741701079,0.041982746729724005,0.07244355604080235,0.014017152430160372
0.98,0.10152004008788311,0.02927689350581166,0.051879411105885294,0.026689746646618755,0.18954569926812143,0.10313695872268076,0.12946755317699726,0.038383534238093944,0.05019940511795278,0.026504962419874236,0.04488209293122745,0.008828819501458272,0.08148332230552544,0.04177387413601077,0.06370961745485415,0.012718069381004704
0.982,0.09220612414886027,0.025236742975175478,0.04810504876264037,0.023674614709264602,0.20731382428830697,0.10744277687085893,0.14370014242852824,0.040937974283274205,0.04230085078398345,0.02124063861058755,0.03863480844602289,0.007244303157159869,0.08282211969193327,0.04045001307400854,0.06604417098058307,0.012645846788812379
0.984,0.09777383256391219,0.028251629519889843,0.0528040479830473,0.027604489456232686,0.19071520727959088,0.10466425325892105,0.13649038217110634,0.04148884445247733,0.04630900403531392,0.02462922326144486,0.04374861478201875,0.00869027255137871,0.07831933372205144,0.04055298675293858,0.06474301178127187,0.013214866428404238
0.986,0.09497521318136866,0.028136074752957298,0.05395344622850524,0.029087687553927537,0.19089534215964446,0.10725434853827924,0.14299175795405114,0.044834444546591135,0.0425853488657386,0.023330721024704494,0.04236679564413434,0.00867280888355768,0.0738439185418635,0.03925622171818774,0.06427298279101479,0.013542887615474114
0.988,0.09730011366256067,0.027890716717996037,0.05535456263215022,0.029056635347426862,0.20175174012417144,0.1096323411814501,0.15073340906601998,0.046059238297999835,0.03869280689817671,0.020557566409990666,0.038542644153277975,0.007657105954510494,0.06891634582485269,0.03543523925237935,0.06009672430689007,0.012322810170146916
0.99,0.09336411312694826,0.025173523432894817,0.050567820373617046,0.02509836513272638,0.22241586088324908,0.11407088768197311,0.15808906339799406,0.04586800295104411,0.03452238890371796,0.017293032488613455,0.03266082719400391,0.006111553973977658,0.07050837421708116,0.03420963863841937,0.058644798392068376,0.011401749211671449
0.992,0.08997475575182462,0.023230370985086467,0.05182332194664096,0.024843615210425732,0.21518048023363034,0.10562089409238361,0.16184579802257368,0.045348074176342734,0.03627085039499991,0.01751308461356359,0.03636998615074371,0.006571905458331096,0.07375201423807232,0.034369006460331614,0.0650456315363039,0.01224021072874576
0.994,0.09411942630027169,0.024687436212523953,0.05241993558775959,0.025702298364826168,0.21091839806207732,0.10515812853145262,0.1525108291637328,0.04374506626942853,0.039518063760670095,0.019463442760165248,0.03832059311368561,0.007069128122564477,0.07482799201649268,0.03548036954161706,0.06376818577413035,0.012290706418601777
0.996,0.09472290827855628,0.02514181228083261,0.05143736013793798,0.025687402651046274,0.21532523537951712,0.10852905569317813,0.1511494879865478,0.044169363892552674,0.03865701318097036,0.019349039941164468,0.0365084257393029,0.006852703105652481,0.0737436909974207,0.035427746566095805,0.061255168043153216,0.012043586126071208
0.998,0.08843527540737822,0.021355794534324814,0.0462660249127605,0.021130715095809237,0.2272915197101415,0.10473407017687376,0.15335277109137807,0.04121804197226388,0.03885778086587615,0.01783142947914708,0.03537060065530392,0.006084334632452459,0.08287931346512303,0.036575704705518734,0.0665363511872816,0.012080272108366938
1.0,0.09477523614880655,0.021188584722779763,0.04416928785697207,0.018721711214335086,0.2460228877929336,0.10489950277598883,0.14719367847884102,0.036724097949796655,0.03999495687157126,0.017032324458727904,0.032317518467760216,0.005143924677311888,0.0855772297107951,0.03494847673917242,0.061011677546901545,0.010278904587306363
