T,M,a,b,c,d,e,f,g,h,i,j
0.0,0.11472233000796805,0.10848483199804149,0.12115576085593505,0.11070960987823075,0.10881476164190496,0.13092097212480458,0.13478287182381166,0.10515739078772368,0.12359642771336721,0.1119297023617305,0.09167097089413045
0.002,0.1127893024214063,0.10574500840402001,0.11931474080200877,0.1092691989249841,0.10722808341139589,0.12703336922411645,0.13356041063602764,0.10223633779912777,0.12289385834976019,0.10925513155862521,0.09135688510399709
0.004,0.11172470762509534,0.10515766490371425,0.11787834288541532,0.10739894780908232,0.10603202870010797,0.12673124350278808,0.13185608862637221,0.1023668370295937,0.12056635184636766,0.10934193285161276,0.08991763809589892
0.006,0.10935402017849483,0.10360077610688034,0.11456263023176783,0.10565823814238229,0.10278641196065919,0.12317292000699354,0.12854923237466376,0.10068091471252616,0.11726046056166917,0.10788090674112916,0.08938771094627684
0.008,0.10973454052759006,0.10289879472612196,0.1154622633379534,0.10616345200360533,0.10310337517153068,0.12375239593467813,0.13011218711478412,0.10021328313295019,0.11917527316524601,0.10756744517735684,0.08889693551167388
0.01,0.10935711874062033,0.10387107694576603,0.11529880519889557,0.10766497643507333,0.10070596436835655,0.12179431325500167,0.12776351481035686,0.09962452155817991,0.11966905716245368,0.10804084612790688,0.08913811154421258
0.012,0.10820950249154845,0.10256731818375053,0.11339490678473618,0.10613809971229426,0.09867216864546002,0.121295897543239,0.12703027848332926,0.0993934785795404,0.1179409038998459,0.10799885065195247,0.08766312243133667
0.014,0.10894121509320778,0.10219744300597089,0.11557788977833905,0.10511492241353582,0.10142167920761536,0.12361591456064891,0.12767047316160673,0.09954450871739084,0.12066252866751614,0.10799168243794177,0.08561510898151237
0.016,0.10677115046771699,0.09850349648291556,0.11218864362269243,0.10228697802343367,0.09926985448978709,0.1218404325904493,0.12858141973821413,0.09713643592966736,0.11853655484911474,0.10572630163532915,0.08364138731556658
0.018000000000000002,0.10645941607571521,0.0992328498889179,0.11147029297377342,0.10181034480047357,0.09882431948196169,0.12167243771974989,0.127230891297051,0.09796684181350812,0.11662708587696335,0.1060484915901595,0.08371060531459362
0.02,0.10565199293223762,0.09946117755585882,0.1104121075766974,0.10135080820595621,0.09713008084873165,0.12042309799031736,0.12469946851787017,0.09801058630471149,0.11549548003620158,0.10652595559461653,0.08301116669141506
0.022,0.10364022023031141,0.09976030017092119,0.10880702928268504,0.10052328256605148,0.0936278328106116,0.11641120524481197,0.11881495287967736,0.09739769203585724,0.11268699779590996,0.10637340459697142,0.08199950491961694
0.024,0.1024273409676582,0.09877207330740156,0.10675124015994353,0.09777434428156495,0.09309013351180118,0.11614707855489426,0.118275162391547,0.0972288755659112,0.11041470459310565,0.10598455602361279,0.07983524128679997
0.026000000000000002,0.10388076669526206,0.09835801314988224,0.10945461024287328,0.09908769911885451,0.095931024424871,0.11821606308919219,0.12128444386337645,0.09650963809900481,0.11409722067145989,0.10510275133647617,0.08076620295662984
0.028,0.10351086483180216,0.09695669887596525,0.10946837030350398,0.09782157636726563,0.09684326262430687,0.11834793257996723,0.12247095479813253,0.09543326212409897,0.11426844206329312,0.10369571829616375,0.07980243028532419
0.03,0.10162834827321006,0.09539650223501683,0.10590650683392555,0.09567687330812069,0.09404273676524455,0.11684029125766826,0.12077445731212977,0.0950168636312867,0.11138482648926107,0.10355542497850057,0.07768899992094669
0.032,0.10021978139360033,0.09359125071493812,0.10389936915778264,0.09450142539392026,0.09207043342512189,0.115133340952009,0.11957849692072553,0.09379008708281278,0.11036606437408658,0.10264559460688216,0.0766217513077242
0.034,0.09817498821883527,0.0913106927396865,0.10230760213482704,0.0925976978951426,0.08987502017634352,0.11292793186438843,0.11622696489219275,0.09189373530114531,0.1090523851880909,0.10159081149530869,0.07396704050122693
0.036000000000000004,0.09607894386762564,0.08771932349078337,0.09992514738526026,0.09002674840603353,0.08820983592522313,0.1112389102855581,0.11571558671748661,0.08923883096657537,0.1079833370548493,0.09917519188907842,0.07155652655540823
0.038,0.0941479639505867,0.08624170194920733,0.09592733969391154,0.08769288992856394,0.08550600949851239,0.10918539694225393,0.11517941550039912,0.08878908993661061,0.10433224345043324,0.09803520553789336,0.07059034706808143
0.04,0.09492099393840225,0.08618563529529855,0.09752858960608912,0.08893730157887947,0.08645298752064234,0.1095594001099387,0.11639556738414103,0.08819053415781619,0.10659024579662524,0.09758193728056996,0.07178774065402194
0.042,0.09408727179664779,0.08442923925599277,0.09733461580711678,0.0881163303271133,0.0860864810700146,0.1085561360227334,0.11602955521210945,0.08632550988132848,0.10705383357889442,0.09606269514745924,0.07087832166371544
0.044,0.09072645221265763,0.08028220631882343,0.0928414066842963,0.08399669979206292,0.08299984550508022,0.10558312442970941,0.11600013790973873,0.08294475416268421,0.10309019284271126,0.09185961478925841,0.06766653969221137
0.046,0.09027382561269379,0.08039431695116117,0.0914749648481672,0.0839911660958157,0.08152582413847431,0.1044907321914893,0.11419734744500465,0.08375937910377929,0.10216980802118614,0.09257149134216758,0.06816322598969249
0.048,0.08962246576382916,0.07957060365730961,0.09024213089715916,0.08502802952717092,0.07888721209769078,0.10146930550753597,0.11259556285643901,0.0834343397396573,0.10221232980560424,0.09243404093754248,0.07035110261218214
0.05,0.08991895681945968,0.0801473854903253,0.09087121403717735,0.08583704708282347,0.07895312964256707,0.10107372937319903,0.11202199989599182,0.0836199356762356,0.10268885204756883,0.09277858668461003,0.07119768826409822
0.052000000000000005,0.08883606161973226,0.07829539782593398,0.09071801391929268,0.08562695502629414,0.07796167848641622,0.09893506535884367,0.10947607591642594,0.08143696018641056,0.10321401373005012,0.09191100282153664,0.07078545292611871
0.054,0.08830971936478663,0.0780710430883923,0.09053321974330153,0.0845622157917395,0.07797399574269481,0.09941407237706323,0.10755923686254887,0.08161257383924314,0.10201997531782447,0.0921788445468984,0.06917201633816006
0.056,0.08638511482633814,0.07540901319522908,0.08864755968641369,0.0829588138598808,0.07600032851282779,0.09701650967329167,0.10522968505971597,0.07947761036372325,0.10076683186886592,0.09048485206508139,0.06785994397835182
0.058,0.08759349155158243,0.07706693465742831,0.09097593560331807,0.08466726383110124,0.07773962379320831,0.09768473867406902,0.10505371961822707,0.07968408549632322,0.10303156650495793,0.0909927404395714,0.0690383068976197
0.06,0.08758044981458021,0.0761207446609834,0.09176885074827146,0.08409573536230863,0.079120411920939,0.0976865209706943,0.10589824604017217,0.07795596547882044,0.1052432787115336,0.08953476602060928,0.0683799782314698
0.062,0.08877050236881387,0.07849276996605536,0.09328661713202768,0.08479980729593972,0.08034129363991382,0.09992404536785437,0.1063989551207094,0.08005328412513979,0.10485307080397044,0.09092257097200396,0.06863260926452408
0.064,0.08815372181369804,0.07759116343196093,0.09288497778800675,0.08412501456665422,0.08001306035489131,0.09917509343992947,0.10576831482773708,0.0790936122620648,0.10483731630675741,0.09001674602454912,0.06803191913442941
0.066,0.0882861210577569,0.0778545462044572,0.09343605427679613,0.08467720812492474,0.08037062463304445,0.0983780755698952,0.10542865376413513,0.0784358554267085,0.10600057227329773,0.0895189246025152,0.06876069570179477
0.068,0.0873723516850922,0.07699852322199097,0.09157054727219471,0.08451424146335207,0.07862538599003377,0.0961990260926433,0.1050241982935648,0.07782000717094417,0.10470472539956854,0.08899567918242823,0.06927118276420152
0.07,0.08451344665506676,0.07371555942759034,0.08801802844109008,0.0821854861255854,0.07498981605393484,0.09312174589790922,0.10119285583597915,0.07615784819984062,0.10113741409077692,0.0873131346864201,0.06730257779154092
0.07200000000000001,0.08487559051416514,0.07410452195183315,0.08835924417216146,0.08276488175014562,0.07559337480852191,0.09236807144725279,0.1024901110558396,0.07551213316821226,0.1025433457827587,0.08672726352869287,0.0682929574762331
0.074,0.08352141435888438,0.07240758070863773,0.08656267501595372,0.08185161947024722,0.0740080808575242,0.09002553599371532,0.1016025705921707,0.0739761052362955,0.10164844479810597,0.085225851803445,0.06790567911274847
0.076,0.08456743972055952,0.07435358163031958,0.0884442725063519,0.08267146449947704,0.07540516937575847,0.09169529962615242,0.10127185080376111,0.0751519762332109,0.10222366337827538,0.0862089163013382,0.06824820285095023
0.078,0.08589746963105553,0.0764692825902219,0.0900833314396452,0.0836051889731233,0.07705725210367431,0.09302397855423994,0.10305376273706901,0.07623747027654926,0.10320539018876618,0.08694748812521125,0.069291551322055
0.08,0.08381144543114981,0.07413107677544051,0.08700992242894223,0.08223802770035515,0.07397690139591928,0.09019110658926499,0.10096617287844145,0.07527381387355958,0.10034647268843311,0.08558318789571906,0.06839777208542275
0.082,0.08478508425029588,0.07642019898962438,0.08883803829351322,0.08327237536086862,0.07524100380111276,0.09100659857047999,0.10061651039620301,0.07611264551117236,0.10083812908167211,0.08620940878559946,0.06929593371271292
0.084,0.08420832277396609,0.07435312248145542,0.08810748566661741,0.08151365783964704,0.07514080756120989,0.09205106532792107,0.10128793603360375,0.07559151595511826,0.10092340661594945,0.08584239072542121,0.06727183953271731
0.08600000000000001,0.08316860609997531,0.07328047327070786,0.08727854339079988,0.08090414194877615,0.07413706697588907,0.09059232393491645,0.09923914124375932,0.07443777361486226,0.10030182667324183,0.0848252401998324,0.06668952974696785
0.088,0.08076609897830828,0.07021145851321986,0.08455775364253604,0.07908591745834159,0.07157928863954033,0.08769946280970364,0.09612311175553123,0.0722498833114279,0.09829734063713691,0.08276486830385621,0.06509190471178905
0.09,0.07914750132218315,0.0686962269270609,0.08276929937487809,0.07773001152740988,0.06958766918483361,0.08616017427374123,0.09358364220635818,0.07157892957216527,0.09579051422343576,0.08172184385964798,0.06385670207230065
0.092,0.07759906961697864,0.06816303960577386,0.08199124872921149,0.07724847215919095,0.06802779282837468,0.08333060824118566,0.0897190272593309,0.06988878076177285,0.09436731177382451,0.07982520809762783,0.06342920671349372
0.094,0.07701600945893361,0.0680486458636198,0.08220618724613826,0.07660528970036051,0.06757058937948113,0.08329941890549608,0.08758150916786778,0.06950627206706295,0.0935810756409795,0.07926382160377288,0.0624972850145572
0.096,0.0786924068813374,0.07051896087302234,0.08496381728280578,0.07814118043292051,0.07019136484896626,0.08433595719608855,0.08864989488319774,0.06921715521338578,0.0974199417917373,0.07931645023870537,0.06416934605254432
0.098,0.07747127437563123,0.06854360968604023,0.08386372583870272,0.0768152159111467,0.0701429343389206,0.08245607149780898,0.08744950012667285,0.06638847138781057,0.09887228731111208,0.07698938015569678,0.06319154750240075
0.1,0.0757483887601526,0.06673797884808541,0.08208383927783847,0.07542608610492607,0.06795656708565867,0.08121963237109608,0.08475928065801774,0.06569666363832816,0.0961862967811874,0.07579062848024665,0.061626914356141316
0.10200000000000001,0.07549608243720118,0.06569868620803831,0.08143711774561113,0.07481518492628836,0.06799835726410408,0.08117234211831326,0.08545337607125503,0.06532301485018521,0.09637960893465058,0.07559287446255059,0.06109026179101529
0.10400000000000001,0.07468053917283458,0.0653721014990265,0.08058700704838484,0.0743352074818252,0.06670328540466586,0.08021732822321592,0.0840785588960764,0.06523160889765367,0.0944927547903851,0.07509806767502858,0.06068947181208373
0.106,0.07482820931761583,0.0657624700007875,0.08032030287566128,0.07439970815663455,0.06614545145958306,0.0806059960065123,0.08481036395122699,0.06653860643189069,0.09291142825987042,0.07599788902218474,0.060789877011806714
0.108,0.07428602417767018,0.064753679880031,0.07948742716440316,0.07389238096796547,0.06601056561174679,0.07957545620811557,0.084803677949145,0.06537070480384688,0.09334638847311383,0.07509726419822127,0.06052269652011277
0.11,0.07187449512452412,0.06274802331833329,0.0775752452256635,0.07156394088701834,0.0631218748540413,0.07819930553456156,0.08044582599513495,0.06447883128065723,0.08927004386189752,0.07328877865967254,0.05805308162826106
0.112,0.07164370550632836,0.06354098392780827,0.07752624279360942,0.07160612731881921,0.06224259098647833,0.07730060189271937,0.07984415112068588,0.0650479714884139,0.08769519783357482,0.07332428265871604,0.05830890504245834
0.114,0.07111964604612517,0.06198977897445179,0.07666237114211105,0.07056684699660809,0.06211331579193491,0.07775040271955469,0.07986580772085228,0.06453603535467001,0.08750577078602861,0.07299947208486546,0.05720665889017473
0.116,0.07094368334413335,0.06164551007071439,0.07604109678590099,0.06973745483666927,0.06153376666715338,0.07851398209540161,0.08050909266140183,0.06570026315581357,0.08554179979200782,0.07378574022742668,0.05642812714884404
0.11800000000000001,0.06966988619240258,0.061849224643571565,0.07544818416436916,0.06853410750199496,0.05949491065450829,0.07694011252013178,0.07801481203647298,0.06585158501376698,0.08198981486249834,0.07316891938767744,0.05540719113903425
0.12,0.07017283367610651,0.06235576744896931,0.07572883674706521,0.0692386727196953,0.06007853225583415,0.07673490287224649,0.07892974691456467,0.06586123164358881,0.08328101114855291,0.07322804629793156,0.056291588712616636
0.122,0.0700477354990475,0.06172291181319611,0.07417490819452965,0.06831422656551311,0.05955696070175276,0.07679283174407192,0.0811734383044379,0.06720881850700322,0.08150505669345809,0.07416297117384996,0.0558652312926623
0.124,0.06968692582129639,0.061553094573305156,0.07476251531820188,0.06717267703271079,0.0595369563968241,0.07833119507547337,0.07987837983808355,0.06699644835875074,0.0801855952166104,0.07408328706579237,0.05436910933721151
0.126,0.06870554950287913,0.06116882684005209,0.07459501678530189,0.06639808923024804,0.0585244935996968,0.07735870103516695,0.07757866630207144,0.06606139864322691,0.07885984984930217,0.07297870712550725,0.05353174561821783
0.128,0.06664547311333065,0.05751150386351134,0.0706671055441821,0.06307307369065629,0.05676802224238031,0.07654186179390099,0.07834437010905182,0.06535087784305404,0.07497108873731129,0.07227695575686655,0.05094987155239172
0.13,0.06673088496166216,0.05845548815198842,0.07118367244148371,0.06287430951117545,0.056739991282831914,0.0766365213297231,0.0782758276956409,0.06573024391362059,0.07417438208110694,0.0724322980414418,0.05080611516760869
0.132,0.06700162316508909,0.05881873485158662,0.0708028650425444,0.06222755768715671,0.05712771475465217,0.07733685731853368,0.0802305877322036,0.06634003973768432,0.07367084597510143,0.07287503938659934,0.05058598916482859
0.134,0.06386927420351374,0.054387316217380466,0.06678859913719326,0.05974485158253362,0.05394022162331935,0.07342562918518869,0.07683445656887922,0.06376686636447415,0.07054511898981153,0.07045731302898639,0.0488023693373707
0.136,0.0653297837952252,0.056234462925994766,0.06884956451298052,0.06103934820366752,0.0556139841102411,0.07541460154921775,0.07814749508124974,0.06454636388194879,0.0726080856924497,0.07120522419299302,0.04963870780150903
0.138,0.06492902022318522,0.05548586451111892,0.06878405942384658,0.06176198274689226,0.055263738730892964,0.0739042227542892,0.0763044128614383,0.06336921522848371,0.0740637798763617,0.07022912804358727,0.05012379805494138
0.14,0.06521287254061722,0.055411391885349826,0.06931111113722255,0.062324352907776714,0.05588802383944458,0.07427135200413626,0.0761557106662305,0.0627554973744473,0.07573612044506128,0.06984628270202697,0.050428882444476186
0.14200000000000002,0.06564380556306489,0.055118094850733934,0.06908481649924791,0.06304855440878898,0.05657660147131138,0.0738472908258051,0.07744361032790326,0.06232707297366924,0.07798257980391776,0.06975508587887169,0.05125434859039957
0.14400000000000002,0.0658049677732229,0.05502059740426457,0.06991816035978149,0.06326375832886677,0.057302054083933185,0.07442377366121244,0.07688622325545025,0.061333908971879736,0.07958103586222798,0.06913186592336229,0.05118829988125018
0.146,0.0651732620074883,0.053877992759892135,0.06978055524194837,0.0629730131996612,0.057405677246133435,0.07354837493169819,0.0754262212793253,0.059260105112303285,0.0811617221098101,0.06754734268534812,0.05075161550876284
0.148,0.06520277967925361,0.05379643074474705,0.06987428233059867,0.0633274249983915,0.057959838055377744,0.07239302977862638,0.07535749309350348,0.057974031653017066,0.08330162650541673,0.06684787884157595,0.05119576079128152
0.15,0.06390447522161094,0.05240316761960684,0.06855440329521745,0.06208930036187443,0.0566217779416498,0.07158624450106132,0.07354804075100874,0.057259021922115405,0.08122259499743678,0.06574175883372724,0.050018441992411344
0.152,0.06507672620100628,0.053750826113792005,0.06995482361866512,0.06260828010637232,0.057672289798741394,0.07308155432535746,0.0756370639058278,0.05841567060578856,0.0821783180085246,0.06679552604225547,0.05067290948473813
0.154,0.06448942157506457,0.05270967324019171,0.06926580082670353,0.06192287003017294,0.057417036459658344,0.07223325899206234,0.07554214638415513,0.057364024015767234,0.0823178637425368,0.06594071930545853,0.0501808227539392
0.156,0.06619048205478613,0.054791062845231164,0.07133415685304678,0.06259345418747964,0.05912800582193056,0.07356187410096404,0.07912112326103227,0.05837323095652103,0.08450646119929528,0.06712554411472837,0.051369907207632126
0.158,0.06508064105727482,0.05415080606844058,0.07117012725746708,0.0611006949106081,0.05791617389488268,0.07378847393208166,0.07715790207715567,0.05779989277598274,0.08225881147612446,0.06557920717086674,0.04988432100913842
0.16,0.06282342243297015,0.05109422254175877,0.06906180043310917,0.059169324403915535,0.05630248407187555,0.07061483583607964,0.07487663269647427,0.054478593317698554,0.08182566950710557,0.06258427882248352,0.04822638269920099
0.162,0.06151008867531368,0.049300153483881726,0.0676647422499349,0.058610507195714145,0.0557688144364028,0.06762266144870299,0.07237057973670724,0.052008524269260614,0.08319704332375566,0.06079410935186347,0.047763751256913234
0.164,0.06097774640500349,0.04860803743792852,0.06701500875088562,0.05789256506137308,0.05521488429385146,0.06694422282956203,0.0726951890876768,0.05148894266290971,0.08238379671126317,0.06024986634829066,0.04728495086629381
0.166,0.060918130310624694,0.04845886777647046,0.06664083615726857,0.057882301975955786,0.05515529371181427,0.06677028833276077,0.07287364901329652,0.05153857063048428,0.08213428733162353,0.06041037942690386,0.047316828749668915
0.168,0.06188871304125502,0.050150759758398555,0.06831673945183026,0.057867485920617856,0.05576179372956158,0.0678008598030001,0.07517073953624587,0.052278686963501464,0.08263683605886929,0.061024626232860424,0.04787860295766477
0.17,0.06326744918756888,0.05227721447677525,0.06994322634723216,0.05878766596456453,0.056759942804824104,0.06967212716226046,0.0766651451367909,0.054000849578108245,0.08313330729814039,0.06252643808130398,0.048908575025688794
0.17200000000000001,0.0641915944416019,0.054154925778745366,0.07130798716634312,0.059584268818353214,0.057295821290391125,0.07129383689951685,0.07651607660486259,0.05551575598412706,0.08310094808456614,0.06347089368542058,0.04967543010369291
0.17400000000000002,0.06331044115245679,0.05420077199595741,0.07148907536204618,0.058725286356973494,0.056215782818134885,0.0709110553297101,0.0737713881187011,0.054810836458566436,0.08201395614159124,0.061955645369320966,0.049010613573566175
0.176,0.06444937896315657,0.05599901849107369,0.07240648559308938,0.06010186181754085,0.057007998255524606,0.0721496935214665,0.07405297424303003,0.05662874288486286,0.08221253730932476,0.06366921142559867,0.05026526609005433
0.178,0.064557252537666,0.0571492104162159,0.07313116843291478,0.05979409990986029,0.05674076937427763,0.07254315838702607,0.073952332363455,0.057086688339363256,0.0812338402878422,0.06353041421692462,0.050410843648780235
0.18,0.06341001520565016,0.056393408410416956,0.07248725979146875,0.058794295828799914,0.05559295936765796,0.07158024815595398,0.07152193443954291,0.056020398115173675,0.08012254060250334,0.06203184261687977,0.04955526472810434
0.182,0.06223939532806129,0.054934804979213436,0.07133371434220726,0.057985842874637816,0.05463489247621389,0.0705686281894139,0.06940463303656252,0.05490168193872602,0.0793212897639044,0.060773363815853854,0.04853510186387977
0.184,0.062130140655158796,0.05574160160908315,0.07162604016236895,0.057058351974567434,0.05432018911166536,0.07072562166545626,0.07052071656138037,0.05503874412834964,0.07765244636196722,0.060404928943953884,0.04821276603279567
0.186,0.061394348138239206,0.054914837861845145,0.07065567285182606,0.05673485551956714,0.05364211359887783,0.07111934557425759,0.0689284169100497,0.05546583426535845,0.07512387835840395,0.060347022528528305,0.04701150391367792
0.188,0.05992058666172356,0.05420987811647604,0.0696942261798087,0.05511865984875386,0.052253735680916735,0.07019849210494866,0.06684665816239288,0.05445016349054954,0.0721779399093967,0.05876239988208165,0.04549371324191087
0.19,0.059979044507491176,0.05325853950308579,0.06916633802952521,0.0556311101020307,0.05237865035482536,0.06997691282183016,0.06687986668764723,0.05441139897176239,0.07322090067886089,0.059128181088913934,0.04573854683643008
0.192,0.05976672204759821,0.053864475937718925,0.06939837827606055,0.05517597452416978,0.05208482619216981,0.06966062550819341,0.06634895914940309,0.05424928929093298,0.07254960625909601,0.05868523082786614,0.0456498545103714
0.194,0.05842128077144669,0.05368963850081532,0.06874745362611878,0.053618704948186435,0.05083280097014187,0.06840097601867967,0.06411738230328479,0.05306855097697538,0.0702303052310671,0.05698001352746007,0.044526981611737515
0.196,0.05832610334516506,0.05314397170748186,0.06839865977281256,0.05396202760196345,0.05071066926388279,0.06831461159646723,0.0634839188814098,0.05333285417235367,0.07003892263841549,0.05738496531369386,0.04449043250316986
0.198,0.05780818407442179,0.053133738037921985,0.06819202876234631,0.05354852080294048,0.05019190487109537,0.06732872652985766,0.061953510248819454,0.05258269696566853,0.07020719142141951,0.05647307219725661,0.044470450906891945
0.2,0.05869270425177821,0.05308772327268074,0.06848401431228879,0.05448440195599957,0.05100513231598225,0.06768102589888192,0.06383477386986613,0.052914199788152816,0.07263824798434482,0.057300589764609056,0.045496933354975955
0.202,0.05901397493061026,0.05448937581101687,0.06904200339467859,0.054380456580858105,0.05107568298782972,0.0682438090827493,0.06465234260068509,0.054128611199861676,0.07052768422420941,0.05810719972698919,0.04549258369722464
0.20400000000000001,0.05867117738958616,0.05283749110974201,0.06800548994015854,0.0541035421573286,0.0510313434176326,0.0682751201970705,0.06540829786985491,0.05367307994381054,0.07050501854097924,0.058085691425075026,0.04478669929420964
0.20600000000000002,0.05899134885472377,0.053228616625772274,0.06820440609196232,0.054206420906045216,0.051288565503289085,0.06840283323927121,0.06635657707172105,0.05397629577752383,0.07075507642106504,0.05840179974643622,0.045092897164151435
0.20800000000000002,0.05899994816035235,0.05360857832590471,0.06825072672998389,0.05379665227753083,0.05126608327824589,0.06841066229531645,0.06711456944807537,0.05407841680407888,0.07011004142363964,0.0583414781853,0.04502227283544791
0.21,0.05768638260796573,0.05362019138359142,0.06776103954784918,0.05274253695398756,0.04996860519233459,0.06696466774775989,0.06366816944167397,0.053339981324302954,0.067522362751949,0.057116539533999866,0.04415973220220881
0.212,0.05838122410094694,0.05450145753574498,0.06821542398302394,0.05296981926209332,0.050499397602060236,0.0674895391287138,0.06574272177833529,0.054348121007437245,0.06737461060398575,0.05802297821505542,0.044648171893019395
0.214,0.057102261118907274,0.05402488714050868,0.06750020583404925,0.051947650791955624,0.049356579334420836,0.06595391844765064,0.06290898174571191,0.053277640747409594,0.06551340349096701,0.05674219930753144,0.04379714434886772
0.216,0.057335354739668866,0.05307086019797036,0.06715240525477695,0.05239440594405376,0.04962466402178478,0.06628426383432073,0.06362740390986676,0.052692303368655935,0.06784105441336163,0.05657482364965205,0.04409136280224568
0.218,0.05759556594067851,0.05413884393992385,0.06717428863187835,0.05113434865615474,0.04993998567164559,0.06650550895211205,0.06729600427141214,0.052801810231756896,0.06660038527335177,0.05630761982987731,0.044056863948672365
0.22,0.05718920051064682,0.05460267168416044,0.06686600042286872,0.05026906118945462,0.04946843542400492,0.06548642672445781,0.0675693211250804,0.052165989698823356,0.06593648073559866,0.0554161027166068,0.04411151538541247
0.222,0.056581410254590694,0.05305569524550813,0.06581368856200043,0.049656974765467154,0.04911050550835039,0.0650982306510347,0.06784096250629412,0.05116846658725782,0.06584036694095896,0.05493168886639588,0.04329752291263933
0.224,0.056558244374546776,0.053102977748289204,0.0656159820827894,0.04933089667136081,0.04902769996134082,0.06480095751570158,0.06884679936261007,0.05101922891543875,0.06572642363372516,0.054778682743516494,0.04333279511069543
0.226,0.05571881068656761,0.05281377695172862,0.06534520027040769,0.04931721009096912,0.04827291032304837,0.06377580717650422,0.06480708120325795,0.05041593734650496,0.06530359784068585,0.053970527005400726,0.043166058657168604
0.228,0.05594249555588913,0.05334291455032003,0.06565579037755209,0.04933715747855616,0.048509978242072926,0.06417221178787802,0.0652462728077774,0.051073612365989174,0.0645897429187895,0.05437713027883784,0.04312014475111814
0.23,0.05582570039359323,0.053149963196891914,0.06533244596222176,0.04917247905682531,0.048230944521701624,0.06354265078460297,0.0657070468955624,0.05057207144778808,0.06517218077377274,0.05397773922057725,0.043399482075988316
0.232,0.05591863140246471,0.05374073310779459,0.06522264642393183,0.048463585932159825,0.048258547312865274,0.06342894665430965,0.06790065737766382,0.05077919428620836,0.06416439026634091,0.0538837752306387,0.04334383743273418
0.234,0.0568897153669473,0.054394776549740675,0.06632111278145758,0.0499809160624165,0.04888942117674777,0.0641926184885453,0.0678501329961565,0.05198559004795045,0.06582790341306644,0.055024482965916,0.044430199187475816
0.23600000000000002,0.05691604694855499,0.054198574493671714,0.06586733624498364,0.04947066528041333,0.04875897058877865,0.06374465906500926,0.07024657787689748,0.05159747103379653,0.06601109589275,0.05475276336042312,0.04451235564882616
0.23800000000000002,0.056929834467499406,0.0544678414655142,0.06603075433335437,0.04962253061848243,0.04874539040497072,0.06375119714725375,0.06954913208864388,0.05191264154533781,0.06575742526881967,0.05483654990348519,0.04462488189913205
0.24,0.05658772139664402,0.05239682633766407,0.06480823304006944,0.04915875121963076,0.048533674076018274,0.06308049308947783,0.07181032457262371,0.050413799981027574,0.06713909025213016,0.054544990317220154,0.043991031080578225
0.242,0.05560404436519996,0.052262346071427546,0.06414258295067887,0.04810822214399024,0.04793375369520214,0.06269944388231996,0.06934831707260558,0.049998711971136034,0.06483154327910046,0.05365058196685868,0.04306494061868005
0.244,0.055953319792343414,0.05073244134257382,0.06376839953391722,0.04875033504221815,0.04826630896931383,0.06283683486012648,0.07128527406726493,0.04965747330983139,0.06696055799645206,0.05424468501447954,0.04303088778725672
0.246,0.05612471433074023,0.05058487028733494,0.0639082957685192,0.049311311381883494,0.04836242801574564,0.06263729419132724,0.0709725024989889,0.04960063546376725,0.06799895370488784,0.0544804884047132,0.043390363590234626
0.248,0.05561236848602733,0.0508170029642111,0.06325478599010126,0.04766996240521593,0.04751303973858123,0.0616500731641757,0.07350045133916816,0.04911838170265259,0.06620936193075422,0.05341724421276539,0.042973381412647726
0.25,0.0544938406155638,0.04975386923066427,0.0618061867708406,0.045927130840310415,0.04651731047942975,0.06049581457397868,0.07427873980989319,0.04788414711285427,0.06437604883764791,0.0521205463720692,0.041778612127949755
0.252,0.055260966622398155,0.050242514395988036,0.06254445246189477,0.04688208544796091,0.04720909761797021,0.06134287330313881,0.07450701455185826,0.049002995226718804,0.0655258454463864,0.05301998655683282,0.04233280121523253
0.254,0.05486504621848374,0.049536706697495214,0.06192057325774569,0.04637824042758343,0.046462379155365996,0.06006905783318128,0.07577823459194077,0.04812031784693904,0.06582036783581025,0.05236801290289228,0.04219657163588342
0.256,0.054488412321583926,0.04937380406037417,0.0614990371316535,0.04571844879154474,0.045926153751529974,0.059469468533014824,0.07618790377533569,0.04786525162399302,0.06518596516426878,0.051759921723715574,0.04189816866040896
0.258,0.05417716961340152,0.049422241388715316,0.0612379714457818,0.04523885493167101,0.045776459914061096,0.059472666421627296,0.07560047859151098,0.04780123388208657,0.06421488260499675,0.051432994124705034,0.04157391282885936
0.26,0.05386167640704326,0.049082176837287106,0.06090901083676259,0.04503888256191191,0.045623106159164095,0.05923657568808005,0.0749062137167148,0.0473766356970835,0.06383966686349074,0.05125790992889734,0.041346585781040446
0.262,0.053134975581445365,0.04855947331402055,0.059850830319694404,0.04339126826365802,0.045044542960385625,0.05906185006589426,0.07569297740150749,0.04733706972858298,0.06205885996860727,0.050274252971460154,0.04007863082064289
0.264,0.0529912261872361,0.04889688404658832,0.05986947509833551,0.04318432921571813,0.04516276574168687,0.05929362541405103,0.074662574829928,0.04749228293426244,0.061141143875022896,0.05024431216464409,0.03996486855212367
0.266,0.05259176014149036,0.04924118634946628,0.05965467878958697,0.042400594469816255,0.044854170005654836,0.059077301001134175,0.07411887452486998,0.04753812079973918,0.05976350230594374,0.04967662724840982,0.039592545920282385
0.268,0.05273006180177246,0.0488589181909761,0.059665874147189824,0.042798972918200784,0.0448894347099007,0.059079926576622976,0.07425054839936551,0.0475615978429792,0.06058448045047904,0.0499006343704842,0.039710230411526326
0.27,0.05195007778584426,0.04685981187096089,0.05820023054142065,0.041943850285789286,0.04413103454438738,0.058262429174440244,0.07508169610734972,0.04649495167147277,0.06063916043158479,0.0492442522225649,0.03864336100847199
0.272,0.05113521336115752,0.04544124979157771,0.05691632799704727,0.04092403249214682,0.04355116110343238,0.05788171038821133,0.0747991522130852,0.04599582682519621,0.059658649899604344,0.048627262561458884,0.03755676033981503
0.274,0.05168278179675153,0.04543749887127724,0.05743197699388036,0.04216136708554963,0.04395924222143921,0.05796006338864612,0.0746946570315401,0.04615723682289985,0.06140597564892136,0.049389699423040834,0.038230100480320606
0.276,0.051275923194504226,0.04571178824201749,0.057243676272236366,0.041332564840502406,0.04339019228690877,0.05741032806165336,0.0748312935658364,0.04583978861851201,0.06042099668602907,0.048588498292668314,0.03799010507867806
0.278,0.05140061411225748,0.046090685451634195,0.057504185587721635,0.0412791957652382,0.04384063877964994,0.05822916007878831,0.07381409890291124,0.04678406664665391,0.059733712026184715,0.048895028891206005,0.03783536899258666
0.28,0.051230237225754725,0.04613213638262248,0.05735702183271141,0.041202307915309544,0.043542914305264024,0.05766752314571921,0.07389594454734827,0.04622822337172727,0.05971798444615373,0.04859284617466875,0.03796547013602258
0.28200000000000003,0.050943232565244925,0.04544818811819962,0.05682618588776911,0.04116309782920524,0.04335061078026414,0.05726328124809099,0.07369059556878033,0.04563092167698668,0.05978048675479819,0.04851079913371048,0.037768158654644446
0.28400000000000003,0.05127158035191818,0.04494079161227249,0.05694962785023927,0.041937158408135056,0.04408683568477101,0.05820149244127204,0.07247868037726524,0.046639357883834665,0.060389161202675234,0.049456102449142225,0.03763659560957455
0.28600000000000003,0.05104929779073123,0.0442399612812181,0.056508357514938545,0.04193010291364008,0.04400336201542543,0.05807952491009216,0.07192137351133754,0.04659125064318448,0.06040742910465191,0.0494971218663911,0.03731449414643295
0.28800000000000003,0.05017780914145131,0.042983172536860126,0.055263441065593555,0.04099139784121897,0.04331509766017916,0.05739214463565134,0.07135653098129624,0.04592021702320803,0.059321240837223344,0.04878088197782737,0.03645396685545499
0.29,0.0498474902936377,0.042274687852715376,0.05462380269179301,0.040882189572911454,0.04285506806831718,0.05674243258502343,0.0714471737992749,0.045340518953105424,0.05958518235441357,0.04846334627297999,0.03626050078584264
0.292,0.049687205531618414,0.04267080760032138,0.054736120618161355,0.04035230842798421,0.042666696410099236,0.056640465925160255,0.07147323847664411,0.04528297950615001,0.05884494898657522,0.04803540030708586,0.036169089058002535
0.294,0.049024425080945025,0.04183111654698091,0.05386250464860831,0.03971003112532634,0.04243913905944019,0.05641251654494439,0.07025663033456886,0.0449432240157106,0.0575713861253615,0.04771822015877003,0.03549948224973909
0.296,0.048310065397175084,0.04114301203793935,0.05315435370423405,0.03870419494648081,0.04187984966668923,0.055963792664363576,0.06953388638878177,0.04475002293204766,0.05628873590810268,0.04696362232062101,0.034719183402490694
0.298,0.04974537981925562,0.04279814628922862,0.05497594743862022,0.04068568001121875,0.04305191818255949,0.05691658911593522,0.07005993756748508,0.045605882650103347,0.05872144621857567,0.048487128252404754,0.036151122466425045
0.3,0.049115847493523136,0.04237688200970591,0.054197554325117525,0.039789396928017084,0.04239366082558538,0.05621234530279384,0.07018380342065478,0.044856316612778,0.05773930560642637,0.04765406400553063,0.03575514589862183
0.302,0.049086840306969304,0.04152935481086639,0.053865673993880536,0.04018977889315667,0.0418469800873823,0.05555740260284614,0.07062929308265953,0.044779487350349534,0.05929972152867247,0.047507605627567395,0.035663105092312075
0.304,0.0482662835183104,0.03982070933503612,0.05228028366132387,0.04002902103303452,0.040883158202356884,0.05411727425359114,0.07043999431515391,0.04329959629048363,0.05961625680069571,0.04700767664105332,0.03516886465037494
0.306,0.04796898310546373,0.03935730097628787,0.051877210788497274,0.039767918139397174,0.04050741760761056,0.053713930940509025,0.0702200258007094,0.04312099948968395,0.05958859692300633,0.04667281720265426,0.034863613186281395
0.308,0.048108295784948386,0.03900672411130013,0.05181541649710952,0.04037385729610243,0.04106914379740911,0.05415380001990311,0.06896744656526144,0.04362950705008162,0.059963153980132966,0.04738042294234024,0.034723485589843284
0.31,0.04812468626442756,0.038647697184824525,0.05163345907984329,0.04089267323044732,0.041424451795626704,0.05426811241141216,0.0678959998761074,0.04366394915465477,0.06024158794097023,0.04793973219005421,0.03463919978033503
0.312,0.04622808438616251,0.035772720161345584,0.04874948874296314,0.039375632636452385,0.03932541934194722,0.05196740563915192,0.0667354794130488,0.04194123555914153,0.059095271420664064,0.046226640166849964,0.03309155078006043
0.314,0.04586469576423861,0.0352038641582616,0.04817813746555,0.039214123109699295,0.03890714136938711,0.051382602243775444,0.06633297257969428,0.04151342473707531,0.0591516763569756,0.045963202555663885,0.03279981306630353
0.316,0.04626500290044764,0.03549080040131025,0.04852550622276908,0.04021883044476848,0.03937562471690248,0.05130022529586986,0.06602070539228722,0.04123519692998345,0.060429462484870355,0.04683800462637633,0.03321567248933888
0.318,0.04635053347339929,0.03545760942966236,0.04855427349774433,0.04051271666411205,0.03990749211640798,0.051761890072721695,0.06498717422020173,0.0416000587316081,0.060309154147382804,0.0473222811090086,0.033092684745143264
0.32,0.04610957478020424,0.03557699732975439,0.048399970945311344,0.04010699110880123,0.03888929898964977,0.050334980013420405,0.06635855838545957,0.04049801767068528,0.061336683179425866,0.04643100997269778,0.03316324020683681
0.322,0.04692372877323845,0.0375528843028754,0.05023794143321336,0.03999155383062636,0.039242354653713285,0.051374157107814344,0.0684414530920956,0.04131984581664061,0.060636127246547544,0.04612001960248979,0.0343209506463682
0.324,0.04631752214392718,0.03703734650554136,0.04956609415235147,0.03921313441311869,0.03857619317293848,0.05073222803999411,0.06852086761351461,0.04058784597910925,0.05951317202942785,0.045397595241817856,0.03403074429145814
0.326,0.04634147258982339,0.03707802078856903,0.04962042278643841,0.039174874770763424,0.038691326848594776,0.050922782925720944,0.06818385258993664,0.04090798624624836,0.05953540197355789,0.04538835221574,0.03391170475266447
0.328,0.04566097334360789,0.036007877207974825,0.04860009454249292,0.03869782283759593,0.03807439474777152,0.050182620977088144,0.06738431187183791,0.04035694592985506,0.059201304844399893,0.044883297578661385,0.03322106289840132
0.33,0.0452300226974619,0.035306621656024606,0.04791436374984015,0.038408946011247114,0.037895089791366354,0.049969275502474764,0.06651519058886357,0.04019552014287042,0.05869096870187873,0.04469124664892743,0.03271300418112588
0.332,0.04387856720763583,0.03384174537101903,0.04629638783660173,0.03673622971268364,0.03640148123526443,0.0486760588143027,0.06595169309164461,0.03929774912783057,0.057074305568217354,0.04292889987028692,0.03158112144850733
0.334,0.043833252569631886,0.03428967894401247,0.04659730897445247,0.036212486245650544,0.03616905490986899,0.04860947949874961,0.0666285310598107,0.03921504372161744,0.05653055462258161,0.04237086403019563,0.031709523689379404
0.336,0.044217531189613454,0.03467765725383776,0.046872516062503866,0.0368876124351758,0.036890425224126666,0.04910794896939852,0.06637673172472958,0.03932321854492493,0.05655902159296078,0.043313876938741,0.032166303149735676
0.338,0.044449893667114534,0.034654147589658235,0.04708526447372041,0.03761430390078491,0.03695039168998959,0.04892307786240069,0.0660074666949404,0.03931435691565199,0.05791857276689616,0.043799172472299586,0.0322321823048034
0.34,0.043708392954707034,0.03375670331617375,0.04617773509925838,0.036913553112607134,0.03595382840433703,0.047842535067567526,0.0655188915969912,0.03862137563679702,0.057864269136552515,0.042870373390702765,0.031564664786082997
0.342,0.04379030462932172,0.033396959019517336,0.04593105371047235,0.03749802787136236,0.03674817049337464,0.048390046777133655,0.06393279437432753,0.039026185550353865,0.058127973199345595,0.043731507817918236,0.031120327479411625
0.34400000000000003,0.04318510758297228,0.03307215562021404,0.04549634745333786,0.03635366630154635,0.0357969896775836,0.047720204266858635,0.06444168991924915,0.03867363628572085,0.05713497306501114,0.042334096987265535,0.030827316252935666
0.34600000000000003,0.042900700436841535,0.03275873123342854,0.04516880930788614,0.03608134580067612,0.035452270883677306,0.04728508290657152,0.06406002254977705,0.03843019387098512,0.05734018236496152,0.04195746650793164,0.030472898942520366
0.34800000000000003,0.043053635920612274,0.03281318557911628,0.0451495351107678,0.03668341292646271,0.0357116257666088,0.04728922635812838,0.06369528719777051,0.038191212314093725,0.05756905083180075,0.042713237302522744,0.030720585818851065
0.35000000000000003,0.042150615563169735,0.031512807017196165,0.04379700769544037,0.03609833212492353,0.03497607898040056,0.04640955598842034,0.06237962884862447,0.037470875354345345,0.05687879347153879,0.042142635274181384,0.029840440876626406
0.352,0.04260088646529793,0.03207773504693223,0.04422382735353936,0.03711325133810395,0.03545070569462272,0.04648300358754598,0.062287289574915694,0.037149581044698676,0.057402040434561874,0.04334076454036184,0.030480666037696946
0.354,0.041908344595589966,0.030824878123852817,0.0428985419635467,0.03712248395525963,0.03551938786757036,0.04622962715347956,0.05986847131402395,0.036794460823633024,0.056639046058025944,0.043690624484070906,0.02949592421243674
0.356,0.040894009147585085,0.029716569840205098,0.04155140042689365,0.03644281227295387,0.03423705110095554,0.044659082110854786,0.05886617469485633,0.035478090542941376,0.05624409077947756,0.042930188126071744,0.028814631580640904
0.358,0.04049246469997795,0.029330166691209136,0.04110907995295243,0.03587239955898758,0.03358949205586759,0.04414545565798744,0.05913021528651241,0.03520486663624678,0.055695867973354796,0.042128247891735304,0.028718855294926016
0.36,0.03967639009408612,0.028366014615193835,0.03998242596230328,0.03525674302612325,0.03286100237846035,0.04322527905238405,0.057744645033595665,0.03447157722157246,0.05535572094581531,0.04161820546607131,0.02788228723934172
0.362,0.041128389271521584,0.03042574573145196,0.04243750983754879,0.035769289181716624,0.03408891875603082,0.044903442940767535,0.06043871068802553,0.03595463352696049,0.05631999203724303,0.04182700494690339,0.02911864506856765
0.364,0.04145281153438657,0.030834617693270117,0.04269125686327846,0.03686349589523741,0.03488693754687866,0.0451835877416904,0.0592278049543703,0.035655042279951754,0.056617445973101144,0.04336192026058905,0.029206006135498397
0.366,0.0409422395319758,0.03013690146379111,0.041902339213956696,0.03667282643684766,0.03449219488720501,0.04464053854215744,0.05833743659558399,0.03515182372010417,0.05602628732488235,0.0432414018350602,0.028820645300169367
0.368,0.040373359914973005,0.029127920150932574,0.04074510406581078,0.03651187753048579,0.03448190670244444,0.044499203434850365,0.05686245304848836,0.03508900844241669,0.054902013561805796,0.04324812778473308,0.02826598442776218
0.37,0.04010990518259698,0.028773487283363153,0.040213707977460045,0.03625332601765119,0.0344511598335665,0.04444030824551892,0.056539476919374,0.0351903659860513,0.054128433991028735,0.04291812662830763,0.02819065894364836
0.372,0.040172386309661565,0.028916875854381185,0.04040530467339387,0.03606162405154223,0.034536442555636926,0.04460846310408284,0.056827853606143175,0.03538193432615255,0.054086585688856714,0.04268025001686371,0.02821852921956247
0.374,0.04120397434538744,0.030374911301872975,0.04209745381371599,0.03645528012212218,0.03569802200831451,0.04593293354820904,0.05831722460458977,0.03640778665490374,0.05464933910122416,0.043096931321285115,0.029009860977636914
0.376,0.04111824399136418,0.03019525971866366,0.04201223238861185,0.03667590312466351,0.03624196582166106,0.04615432550032972,0.05682443863136999,0.03629336687710116,0.05489517323253401,0.04366678782927469,0.028222986789432136
0.378,0.039988839612861184,0.02874250986650495,0.04035694706771942,0.03578920387457052,0.03503607009634502,0.04488969563659828,0.05559395866694872,0.03543153695934831,0.05400418503098925,0.04266865871499537,0.027375630214591995
0.38,0.04077863462976631,0.02988110424108492,0.04153559413806818,0.036265990385496716,0.03611215131296708,0.04590802161131091,0.056462827810842664,0.036194596839033144,0.05417512154967774,0.043193523340086304,0.028057415069095426
0.382,0.04009848273927154,0.029075460564475963,0.040471270594521824,0.03566909680365282,0.03549484430273142,0.0452027625326592,0.055818878859458465,0.03578124015412698,0.053309695202297336,0.04247430405850727,0.02768727432028406
0.384,0.03955143069117094,0.02846348586983316,0.03937450341153803,0.03586882325697094,0.03558707532693295,0.04463478615682415,0.0537712741821873,0.035189866183806484,0.0525374750857982,0.042992477946035224,0.027094539491782976
0.386,0.03941118041624515,0.028302014578932555,0.03934347444463082,0.035931255282364405,0.03531695467450513,0.04438786288992547,0.05333579720767789,0.03478400592465447,0.05274445473194589,0.04317507280182198,0.026790911625992897
0.388,0.03903796898636832,0.02799916726999896,0.03911469842219362,0.03563196016750003,0.03574482660886402,0.044322960764422104,0.051734289932316324,0.03413208104315202,0.052661526117286694,0.04344712081501034,0.025591058722939097
0.39,0.03893391182631191,0.028137855650936516,0.039149821917167316,0.03560942560255642,0.036137818962599044,0.044277267365862794,0.050952513482950046,0.03377499159886743,0.052363260600203465,0.04374208713563932,0.025194075946336714
0.392,0.037183776685747696,0.025900172589615744,0.03626461440677653,0.03444462952536498,0.0348525128069086,0.04238347762792205,0.04836587442025109,0.03265204887469797,0.05060525332598087,0.04246591576356806,0.023903267516391047
0.394,0.03690069039378542,0.02559219332285101,0.03550244741517561,0.034451585225962034,0.03416343822181833,0.04181790589735146,0.048286915643798056,0.03277268637483588,0.04999432658603009,0.042064204323633,0.024361200926398707
0.396,0.036443435849015805,0.025282299338223013,0.03496651368877157,0.03390379970146318,0.034546716256688925,0.04145909901509892,0.047196832368441965,0.03239538747149795,0.04944814755200466,0.04166522173272991,0.023570341365237946
0.398,0.03611030572143829,0.0252064369865177,0.034606553019244424,0.033668157466046233,0.03461176582170378,0.0409408543591413,0.046347366475678164,0.03200214814673075,0.048887107683236675,0.04157707923179921,0.023255588024284735
0.4,0.036197770294225454,0.02558105655604792,0.034840755378195865,0.03371194750287354,0.034840605714938966,0.04088766273902511,0.04630178915474514,0.032014562832104465,0.04875091896319572,0.04166101739777717,0.02338738670335061
0.402,0.035749655064894456,0.024958939308620254,0.034028829245870806,0.032793618711934425,0.03470584982284841,0.04077670995745064,0.04645982378456148,0.03210978182352797,0.048473156249243865,0.04027053746559084,0.022919304279295893
0.404,0.035506315246351186,0.024759086797842556,0.033435188139475436,0.032826169941380434,0.034144313300642715,0.040237253507410364,0.04613106202880912,0.032137275791307096,0.04790996554762372,0.04021029842356949,0.023272538985450897
0.406,0.035682595825870446,0.025233761829995482,0.03399541077533508,0.03305704446285529,0.03448309918261616,0.040237555451717144,0.04591388038279265,0.031894131354668454,0.048035541018607075,0.04076109910745107,0.02321443469266604
0.40800000000000003,0.036050431603586085,0.02579887665051095,0.034772725235819646,0.033348446244462204,0.034804414825739816,0.04060867737981755,0.04627720942178759,0.03191662291881703,0.048382107551705356,0.04122477156650051,0.023370464240700217
0.41000000000000003,0.03599176910493117,0.02578561812917135,0.03476451757194143,0.033479176486281625,0.03450101704137909,0.0404390385488862,0.046125846427422124,0.0317660379736977,0.04818459596813274,0.041402235026511525,0.02346960787588792
0.41200000000000003,0.0357721994804998,0.025447461503264268,0.034301948199569554,0.033331153939363256,0.03402439184265171,0.04018316243932207,0.04609507328288376,0.03177318255159456,0.04793275282699605,0.041056271798864064,0.023576596420488705
0.41400000000000003,0.035273175078803176,0.02461964612688461,0.03369355548379127,0.03314807278306442,0.033000841746480325,0.039744828918877206,0.04556636423296467,0.031141142796636934,0.047637863935769076,0.040990403117879604,0.023189031645683644
0.41600000000000004,0.03416933933958879,0.023316103363483776,0.03192523911025491,0.032555283304056326,0.031360265734507564,0.03834092120432586,0.04431828488884826,0.030418353032984236,0.04644424891007193,0.040174300270177765,0.022840393577177265
0.418,0.03340765071842485,0.02273806536389844,0.03083730199751067,0.03167014234191645,0.031745048055698666,0.03743159098329518,0.04288393123806422,0.030086307794319977,0.04555560644480883,0.039244649129249076,0.021883863835487016
0.42,0.034148665352608035,0.023554850960797014,0.031952147495991845,0.03220449389341229,0.032107492208758304,0.0383003536420663,0.04414671432961148,0.03059759292679287,0.046300421364915745,0.03972825206602126,0.02259433463771321
0.422,0.03308469377311488,0.022251999260454514,0.03044227461422988,0.031581127145903665,0.030708068345398187,0.03712459465682172,0.04271919655418033,0.02968204467448654,0.045298460964802945,0.039170342994330865,0.021868828520540173
0.424,0.03219590667988133,0.02157077891546233,0.029205206904652226,0.030857509073511147,0.030394507644490476,0.035925711975424046,0.04121173635708053,0.02914311224028865,0.044100513149068044,0.0383907295585596,0.021159260980276207
0.426,0.032237009320870536,0.021494831643940948,0.02931137818217744,0.030705422875895394,0.03062976935460726,0.03615130166850966,0.04135978157197262,0.029125555741123077,0.04440267041754653,0.038263782845779803,0.02092559890715262
0.428,0.03217931851181033,0.02124321388991357,0.02916719382127686,0.03060209582496365,0.030230968091685018,0.036235412911965414,0.04156189607709582,0.02915438719902852,0.044571226373417816,0.03804463147704229,0.020982159451714333
0.43,0.03280984616059958,0.02192858316890045,0.03044146032685968,0.030697516741489572,0.031207593716343962,0.03721870060612187,0.04250203920608908,0.02924481405965551,0.045543342970678635,0.03843406001780225,0.020880350792054747
0.432,0.032358795405410215,0.021583788642714152,0.02983085473868885,0.03050031153199173,0.03079292583008697,0.03657200575888375,0.04168765748152192,0.028823099731256296,0.04481640922182295,0.03837572662164224,0.02060517449549326
0.434,0.03290467313187014,0.022218522115696415,0.030928972662416676,0.03059192209717454,0.03136220020939562,0.03740533520017919,0.04259988230481193,0.028914704679620207,0.04560094317639807,0.03872983582543288,0.02069441304757591
0.436,0.03229446004347125,0.021592173611429177,0.02997048249442036,0.03032020560513493,0.030640897851020088,0.03659665447785121,0.04165589400417913,0.028515686389271266,0.04476962643966087,0.03844766759175311,0.020435311969992376
0.438,0.03180300430421014,0.021007482707890546,0.02907317136884202,0.02986237463345931,0.0305192494534261,0.03597565072155218,0.04113871092343524,0.028522222023702026,0.044421821292379815,0.037409648469012846,0.02009971144840128
0.44,0.030651133633551285,0.019709540195226638,0.026817364341460426,0.02933675056044982,0.02847502355891207,0.03444730570105836,0.03984812103308932,0.02847465389857584,0.043005310364393146,0.036064447871252736,0.0203328188110945
0.442,0.030611171915181368,0.01966984052319498,0.026586735102861248,0.029355836074701713,0.0275393976370637,0.03423886124502318,0.04036728713315485,0.0286986241194207,0.04289999248493648,0.03564327239052467,0.021111872440932156
0.444,0.030604530301267883,0.019767420884787557,0.026574066688852316,0.02932195487467215,0.027487914669222735,0.03414539821089524,0.04048549592234696,0.028737621719234108,0.04274839473949654,0.03550945961091512,0.021267575692256124
0.446,0.030434257627124282,0.01954495254558042,0.02631879156874739,0.02906967561978957,0.026741410482828076,0.03385497107360025,0.04086432920050698,0.02871434032238085,0.04266698019083781,0.03488123134801513,0.021685893918956367
0.448,0.029641086728391774,0.018871938417909462,0.025183349531027965,0.02879363417453029,0.025623409916757045,0.032753827550903725,0.03964462671273894,0.028023141050496303,0.041562063027334784,0.034688654100258676,0.021266222801960555
0.45,0.02979895829649166,0.019123844214897545,0.0255906689710248,0.029087115499355387,0.025162877232996594,0.03284049664009492,0.04013371265929777,0.027740928328631842,0.0415996198432973,0.03507454341794147,0.021635776157378994
0.452,0.030104408732802956,0.0194271030646338,0.02603722118031704,0.029069246364647028,0.025347708548650427,0.03311537024265099,0.04106836015397275,0.028060728557173786,0.04201209316930854,0.03472638813492246,0.02217986791175275
0.454,0.030329084084503556,0.01979015015528862,0.026382540739085858,0.029160541651579885,0.025769735964401908,0.03331798360206939,0.04144757255442255,0.028250778429905088,0.042030217431984984,0.03477352629747843,0.022367794018818832
0.456,0.029671858082884372,0.01907893830090268,0.025396192276482932,0.02857287073507131,0.02547555183894623,0.032641089094729736,0.040250016645158704,0.027979277285608894,0.04149082177075769,0.03420068792418396,0.021633134957001587
0.458,0.02949696206081496,0.018814287316508693,0.025191788884479815,0.028307946543315254,0.02585759760985007,0.03268495541995753,0.03955040105363539,0.02793226587519515,0.041550701566648085,0.03411750948535974,0.02096216685319985
0.46,0.02891581314818008,0.018199242061841425,0.0243726342967856,0.027714503501072074,0.025626950765273326,0.03208729925707077,0.03868545489881359,0.027691564919050005,0.04106172231726746,0.03335078004950054,0.020367979415126025
0.462,0.02959719765495955,0.01887939300085195,0.025513019286905303,0.02801170863353475,0.025967731836428753,0.03290721991299339,0.040007237387978956,0.027992066161921514,0.04194204919953415,0.03363519671841897,0.02111635441102777
0.464,0.028633944927744293,0.017944811527402904,0.024167529608951077,0.027455233681869973,0.024171971943187542,0.031563852304292705,0.03895057201872765,0.02724123601806505,0.040920895802833535,0.03292918641260778,0.02099415995950471
0.466,0.028329632714384913,0.017712855053105603,0.02367344961211648,0.02741038684232522,0.023913578193215934,0.03116643823482479,0.03839838127504547,0.027033593853947435,0.04035256158331313,0.032932644708170034,0.020702437787785022
0.468,0.02852311805629034,0.01797585549594294,0.023992509208716206,0.02758939101167346,0.024510879333988322,0.0314797590466126,0.03837072746223513,0.02713189329046861,0.04038362437384879,0.03333322895912272,0.02046331238029464
0.47000000000000003,0.02862647988829984,0.01809249173048988,0.024179208418741105,0.02750486854033507,0.024412934068175685,0.03154129109261827,0.03887300874683397,0.027226136721104854,0.0405671346425891,0.033018524514838776,0.020849200407271673
0.47200000000000003,0.02841136761121944,0.017965013433962396,0.023931802199347763,0.02745047585038518,0.02487551020611478,0.031420929447674495,0.03795239422011287,0.027046840253569737,0.040148424203207855,0.03333330672313095,0.01998897957468837
0.47400000000000003,0.02764916944278729,0.017233897403459153,0.02279758080777361,0.02689424715159372,0.0239186494021969,0.030424875242277993,0.03704293389954616,0.026669891612091545,0.039327579970704574,0.03248345638259331,0.019698582555635946
0.47600000000000003,0.027185820594775846,0.016671102553575956,0.022194041537362597,0.02615637018867334,0.02387322441889328,0.02998501993093472,0.03650355266121552,0.026575322774673782,0.03923370256945924,0.03137822875691587,0.019287640556054142
0.47800000000000004,0.02660287211288833,0.016071775574267422,0.021464326649561105,0.025587546971097996,0.023010317900053368,0.029282043781986733,0.035823566702901766,0.026190492747813265,0.03883759995871061,0.03061162012394325,0.0191494307185478
0.48,0.0262656835105023,0.015790106153008354,0.02096014384376277,0.02540916648055258,0.02250074966013671,0.028812488233689537,0.035394722697388525,0.025998399932839034,0.03837678029959801,0.03036664254468069,0.019047635259366813
0.482,0.027271602285641617,0.016833936749585776,0.02247886430423962,0.025941076668557495,0.023315427059555027,0.029940993618498668,0.03730397951076947,0.026515658518240892,0.03940988022830294,0.03086535361793641,0.020110852580729865
0.484,0.026526831902690194,0.016138130352230773,0.021414213009792626,0.02539234200453211,0.022435578869342,0.028964240892426885,0.036353197512705604,0.026111272552908682,0.03861034425884258,0.030077071632719443,0.019771927941401257
0.486,0.026246587011296375,0.015896266800907166,0.021138354426122108,0.025013704744926146,0.021909849239978407,0.028564671259707186,0.036192029433877004,0.0258766763294056,0.0384463355642809,0.029525243939549806,0.019902738374209417
0.488,0.027049162248230674,0.016715872371145357,0.022346191813809924,0.0254198325377486,0.022718235187112468,0.02950795172117382,0.03771252710887785,0.026331581237882817,0.0391897075115637,0.029903099061539318,0.02064662393145289
0.49,0.02629233129315911,0.016053977263731145,0.02152852831084151,0.02457632995708947,0.021571042026704013,0.028478811211628763,0.03694823033240113,0.025747450655496773,0.038612320748148465,0.028777112320020337,0.02062951010552949
0.492,0.026579683637561302,0.01634488027002956,0.021914433577670978,0.024948312204887024,0.021930033558927753,0.028933618408703676,0.03711110935843143,0.025858867735027102,0.03877540457771822,0.02944467548928742,0.02053550119492986
0.494,0.026581007259968602,0.016366186230678204,0.021934259801274725,0.024865168041716013,0.02189516269155778,0.02888427928447912,0.03734398121687965,0.02588248505992241,0.03872865185708485,0.029208950960817437,0.020700947455275842
0.496,0.02736284923402802,0.01713110358083325,0.022945401533176923,0.025438575368247562,0.022717049517331778,0.029799207167508168,0.03881058078344357,0.02643657246044362,0.03924473118115179,0.029747894894020743,0.021357375854122784
0.498,0.02637143410420877,0.016192389953090025,0.021467183866061168,0.025078558550516106,0.021763416982542694,0.028617186614267043,0.03691884871389206,0.025788749168684566,0.03809907357154574,0.02952348761746937,0.020265446004018917
0.5,0.025643890407972315,0.015542106043809345,0.020600603308495335,0.024329390297692544,0.02055114976181538,0.02758952937464021,0.0362690025350102,0.025237551050178664,0.03748414832621194,0.028477837895656943,0.02035758548621258
0.502,0.026011610364789207,0.01593200599953004,0.021267734154513107,0.024356114690289643,0.02104045618550132,0.02808108014909272,0.03690922613653114,0.025424904943937898,0.03792749920260019,0.028506219604505834,0.02067086258139017
0.504,0.02526946197547173,0.015207768347872408,0.020134436471713313,0.02393097120622889,0.02050523409789773,0.027159175401409996,0.03563043211199002,0.025058820595655673,0.03718367174678461,0.02797555836188015,0.019908551413284514
0.506,0.025446079259491928,0.015378186259103588,0.020432959755477098,0.023918226037290213,0.021146592256115926,0.02745839886459911,0.03578081302883884,0.025223621957065512,0.0374234858617053,0.02796783912015477,0.019730669454568917
0.508,0.025668687538674483,0.01562901826732066,0.020839903677591587,0.023836510418270507,0.021082938021422692,0.027603874156733932,0.03665807754731987,0.02530828523773765,0.03762051216837692,0.0276648661883393,0.020442889703631728
0.51,0.02618740633168737,0.016140476987527852,0.021591347402396432,0.02408681979890781,0.021589500665616157,0.028213140196076347,0.03774079452646073,0.025624864928662117,0.03802130287605299,0.02786834504634439,0.020997470888828862
0.512,0.026295184611769863,0.016304638262627624,0.0218012781582817,0.024345350373581542,0.021918379116957265,0.028574001535070392,0.03728025383351985,0.025589903264463865,0.038135103475457566,0.02851303920260906,0.020489898895129754
0.514,0.025584443212639706,0.015679969535468463,0.021100945637672286,0.02307034897975302,0.02149794193129595,0.027529441060591076,0.03690637308684375,0.025164044553672493,0.03779780894974172,0.02654676373242093,0.020550794658937388
0.516,0.02605393922348096,0.01626342288788929,0.022103034215779083,0.022849716571487266,0.021868453800373944,0.028088801106080252,0.03822942368961968,0.025339781521201532,0.03823428252134742,0.026113828610783374,0.02144864731024776
0.518,0.02591268690215679,0.01606080498450979,0.021720815040452313,0.023037967220724265,0.021225255249731068,0.027802894630034714,0.038183074610777634,0.025327239287039838,0.03783395966720127,0.02632054860941324,0.021614309721683767
0.52,0.02498390127841227,0.015341852982502902,0.020958660545248087,0.021635107721016067,0.020079983573561555,0.026443750139009126,0.037612675889054814,0.024618077509783953,0.03693158856733947,0.02439904567821083,0.021818270178395882
0.522,0.024487049527511386,0.014907883874501149,0.020273656923435968,0.02135753947679475,0.01957596476314205,0.025796566697724455,0.036721880014827124,0.024253767287659045,0.03648451308405609,0.02409701254065577,0.021401710612317437
0.524,0.02503188307571432,0.015299337932983437,0.020664697311691183,0.02228041592883634,0.02024679672328744,0.026635350307632644,0.037026889365378346,0.024703809358282314,0.03690345564129083,0.025396211662819135,0.021161866524941564
0.526,0.02436588510348652,0.014663208339475764,0.019760128681799882,0.021697140603854304,0.020031806171392885,0.0257776822617094,0.035881137538225305,0.024294944971930965,0.03649194852964688,0.02465595405421883,0.02040489988261096
0.528,0.025203587758235047,0.015405871392355275,0.02061011027438453,0.02305812292385978,0.020913272738505073,0.0270995432286536,0.036377991550120226,0.024865024453520124,0.036931465778510364,0.02669001516931724,0.020084460073124255
0.53,0.024883876772331514,0.015150821469430698,0.020281840569710052,0.02250398818434074,0.02139222860877188,0.026722193204503975,0.03582282064957254,0.024667779115827626,0.036897872547863475,0.02596711867528745,0.019432104698006714
0.532,0.025029852876426915,0.015338050995059804,0.02058366939349099,0.02255228958129829,0.0210696408896881,0.026896040611086525,0.03623909769390199,0.024664176816975303,0.03693108816584034,0.026038442538865447,0.019986032078062377
0.534,0.024703330969548465,0.015091588933519917,0.02035208695013957,0.02181091196596341,0.020671374275490373,0.026348273706666925,0.03634096449486435,0.024410822737458537,0.0367146425972239,0.024893514831303865,0.020399129202853805
0.536,0.024449232668969135,0.014897476684743838,0.02012614291322079,0.021421941080608686,0.020429808349214373,0.025987644597292303,0.03616242878034792,0.024205760452206793,0.036488821932988635,0.02435393208173886,0.02041836981732914
0.538,0.02535468664299001,0.015763927990267046,0.021264420738291157,0.022308671783615064,0.021369092694860314,0.027305129068257883,0.03731552835392249,0.024780295017763687,0.03715536097462102,0.02557149340915499,0.020712946399146448
0.54,0.025876943177017754,0.016303118153195184,0.022000487784423872,0.0227059748559314,0.021478529534118662,0.028030661320654238,0.03836705800688067,0.025125183686765418,0.03730142344373,0.026026469716522782,0.021430525267955303
0.542,0.0266889100618804,0.017271550521951284,0.023278947375837356,0.022929758043901183,0.022284242250056874,0.02924001283055444,0.0399381371000217,0.0256168732800639,0.0378252202428363,0.026232055397353737,0.022272303576227226
0.544,0.02743894934210218,0.018097222023574444,0.024168172276951227,0.023936486658459044,0.02282842548985109,0.03047794911503665,0.04059869339839983,0.026087991701226,0.03810192510599364,0.02770697222791796,0.022385655423611928
0.546,0.027547667413560573,0.018305523043104843,0.024348396295519437,0.024251273136269957,0.022707308195463405,0.030803675931356134,0.04054685948994452,0.02609658287152783,0.037800329318308123,0.02831953107907892,0.02229719477503256
0.548,0.027826102503598703,0.018724472776040946,0.02474039878888057,0.024662450664579838,0.023175108657363608,0.03133611940189829,0.04048847836136693,0.026144437065862114,0.037918989661915425,0.029208050974328326,0.021862518683750998
0.55,0.028508449467269093,0.01959734238330979,0.02554793275815359,0.025061181209225847,0.02374988427859903,0.032497843831898576,0.04158183616065125,0.026662253080961706,0.038327359313134246,0.029619585453990682,0.0224392762027662
0.552,0.02767955563950971,0.018682147728962706,0.024599873391657923,0.02479740160112176,0.022735297193781756,0.03133739085886966,0.040220486734679706,0.025973417049887537,0.03721300224654378,0.029538668957140968,0.02169787063245132
0.554,0.027291012255359626,0.01825354399869239,0.024111263274587014,0.0242981708455412,0.02203046171181544,0.030777916860495358,0.04015349995423234,0.025828773237012603,0.0367825377419132,0.028539973346875747,0.02213398158243096
0.556,0.027468556352135708,0.018493132577482307,0.024359374192123973,0.02442540412386507,0.02256898648189265,0.031004758186779058,0.04012421696281754,0.025852986671706768,0.03717066526741486,0.028926879572319097,0.02175915948495577
0.558,0.027922838243026916,0.019165837223564353,0.02490635702869748,0.024902680799547716,0.02283525688615018,0.032008054568855915,0.040624383906165185,0.026129106338705244,0.03702937690712871,0.02975037682418913,0.021876951947265244
0.56,0.027852388640365856,0.019167280773196516,0.024892521013301527,0.02472618108573743,0.022954485200855967,0.0318811244851136,0.040491484704246794,0.02600629767602869,0.037066885818416995,0.02966789576590667,0.02166972988085436
0.562,0.02802110863433105,0.019304038304200577,0.025090707137912394,0.02469240062251088,0.023585097589086113,0.031858954554003116,0.040742978101435456,0.02607891276228469,0.03782654886655612,0.02946462460597854,0.021566823799342605
0.5640000000000001,0.02721985960875778,0.018330450510278373,0.024153060112171443,0.023890047004691994,0.022677230303063012,0.03056789846432717,0.03997367706389676,0.02559257339382981,0.03730960019907137,0.028141920260082,0.021562138776165862
0.5660000000000001,0.02662977628414509,0.017666439809903123,0.023391196677520765,0.02352662829454799,0.021640051328329468,0.029798638995232163,0.03938493551273614,0.02528874876376097,0.03645466115812346,0.02751955633623626,0.02162690596506056
0.5680000000000001,0.025958601996019914,0.016956835019185545,0.022621366956984246,0.022610073377552387,0.020766007230587302,0.028766486397503788,0.03904735754513644,0.024935375613485244,0.03588531737500822,0.026033257760589512,0.02196394268416646
0.5700000000000001,0.025356347547725554,0.01644502003189463,0.022065300314505265,0.02162007656105247,0.0197195353319366,0.028071898129624184,0.039101233245497524,0.02468237885665847,0.03469080813680181,0.02454464842257087,0.022622576446713727
0.5720000000000001,0.02478083685707231,0.01600402652407118,0.021545540793951545,0.020981920924025843,0.019106697002515216,0.027248202960916457,0.03843471674029564,0.024227784746538084,0.03400937783740188,0.023870122183099807,0.022379978857907434
0.5740000000000001,0.023921703846576804,0.015142206614089715,0.020509152727256286,0.02028456987182492,0.018141609858811858,0.025832358868011496,0.037470045016516296,0.023645650355797354,0.0332718335017711,0.022820606032994073,0.022099005618694934
0.5760000000000001,0.0242557495530625,0.015445684179397512,0.02084543878431344,0.020728458049047216,0.018458333498599266,0.02643211049541816,0.03779663656963961,0.02387472560320658,0.0334375218226759,0.023389745690506114,0.022148840837821204
0.578,0.02335271411123596,0.014552000698414003,0.019837111363367632,0.01973308443136701,0.017377483685273587,0.025045322003563464,0.0371572960751374,0.02334594317593719,0.03239056539534757,0.021900499458393452,0.022187834825558306
0.58,0.023264952841351307,0.014335695321875619,0.019689630236421896,0.019396143350777773,0.017666317731907966,0.0246727306358675,0.0370308582663168,0.023263408894866222,0.0331757313826353,0.021424681709787174,0.0219943308830568
0.582,0.022914137171380466,0.013858791140389681,0.01905046221494977,0.019304914840387655,0.01727492448608614,0.024025262727070285,0.036520710578801574,0.02306627824268659,0.033110867165224045,0.02112795109634491,0.021801209221864015
0.584,0.022137630433054622,0.013092015940471824,0.018168357695970916,0.018352964329551025,0.01653155060282141,0.02275971330227433,0.03581116258042083,0.022572930391461687,0.03259354840567297,0.019852736338945798,0.021641324742955437
0.586,0.021965003944657002,0.012841074035811473,0.017725248106045477,0.01854572370402019,0.016323664096432156,0.022470461800142782,0.03528288205885555,0.02243511945925214,0.03262728784082447,0.020063257876851592,0.021335320468334196
0.588,0.02167308465639023,0.012554617726196038,0.01731065974338797,0.018406980545774165,0.015969471016110903,0.022055139150324976,0.03485451285488739,0.022217793192718327,0.03231887712445236,0.019884183009713063,0.0211586122003371
0.59,0.0219333357680067,0.012823889428449697,0.017667354468789975,0.018648069021348523,0.016271981126932178,0.02251104172954821,0.03518264133801985,0.022374396373398775,0.03241791917956671,0.020196698052614148,0.021239366961398942
0.592,0.021541310225832035,0.012452009289656063,0.017087094634638533,0.018457028534616393,0.015948360278701834,0.021903875588316635,0.03431518331386407,0.022056754642540644,0.032435425192637535,0.02006367406717513,0.020693696716173493
0.594,0.02103998753418823,0.012133100300061095,0.01649446384154918,0.018084045677961735,0.015308865864531729,0.021203537667316863,0.03354819270728848,0.021728912640670117,0.03190740496128619,0.019651929631911758,0.020339422049305167
0.596,0.020580540576555673,0.01165087755197991,0.015830958424740027,0.017694961404831844,0.01503954936534413,0.020485993674612124,0.03258383892446848,0.021382613595246736,0.03210316559650761,0.019269390644874318,0.01976405658295155
0.598,0.020400244771397902,0.011536650375452928,0.015532078160865548,0.01780189842990243,0.014910637023641149,0.02032630320330875,0.03185687604482901,0.02120612407227007,0.032117932946429284,0.019542617149698405,0.019171330307581447
0.6,0.020137998592382113,0.011486358337723379,0.015255734307725421,0.017737642335792114,0.014208622618408495,0.02004739559266011,0.03181480905522682,0.021072680902205043,0.031087418764709662,0.019343810416892815,0.01932551359247725
0.602,0.020167314347973385,0.0115981561757027,0.015269286894626921,0.018193772035602906,0.013925349520406138,0.02030087565500538,0.03188371861388095,0.02102854009738586,0.03034809731375454,0.019879290556651608,0.019246056616716856
0.604,0.019730908180839047,0.011149532880313284,0.014693406199429826,0.017637266175347444,0.013593290978186512,0.019583646436541646,0.031236572421850628,0.020757236396720558,0.03042869878506338,0.019215541294032246,0.01901389024090494
0.606,0.019493109025582923,0.011024133169842965,0.014513292133850997,0.017220741986591293,0.013273913296025008,0.019195413381519866,0.0313306652869888,0.02063960314774249,0.029830334657379387,0.018577514738763234,0.019325478457125178
0.608,0.019712874131296874,0.011003422917878147,0.01486705813196787,0.017024435323824694,0.013766212513780185,0.01940969064280429,0.03194675278897319,0.020738926567409055,0.030220820529670456,0.0183315948249837,0.019819827071677176
0.61,0.019323451849680696,0.010501779541309486,0.014453934390705636,0.01619546809212602,0.013627872195085655,0.01866774973868701,0.03170284791996414,0.020484639939631677,0.03035706500750035,0.01730198280463402,0.019941178867162956
0.612,0.01915987028018732,0.010529200216551127,0.014244243603118933,0.016229157274204264,0.013330128817039433,0.01850802966907661,0.03127709069211848,0.02041967587826843,0.030110872747099116,0.017371006224474184,0.019579297679922614
0.614,0.019153606737443162,0.010598024045447962,0.014197513679395146,0.016606823265896575,0.013095053597770301,0.018674168901477994,0.031202783329493777,0.020353604246521106,0.029506105834370966,0.017815795903465603,0.019486194570592197
0.616,0.01914491540316272,0.010569519160355756,0.014207088746055918,0.01667956544581939,0.013070883948897216,0.01873409861063491,0.03124704509267484,0.02027959506123722,0.029201238586356704,0.01789274609871172,0.019567373280883538
0.618,0.019404789060989913,0.010787202361116854,0.014500172609149264,0.017168283429537246,0.013380661713864872,0.01924737884624994,0.03124056118292673,0.020349935261213092,0.029455784381501093,0.018630319988880317,0.019287590835459723
0.62,0.01938419238390855,0.01092425037674416,0.01447684968065266,0.017558858742098504,0.013146006290658763,0.01940811775506901,0.03104003242977338,0.020300439032194917,0.028927858967303544,0.019115321087616155,0.018944189476974405
0.622,0.01968526044112512,0.011238279649602001,0.014861097574167426,0.017898980741986814,0.013534910203838568,0.019892064031503454,0.031214472778357316,0.020501191054773438,0.029331665950448227,0.01964523831448206,0.018734704112091882
0.624,0.019614907124349823,0.011168216152290134,0.014740939152855681,0.017907664866848805,0.013569159009810261,0.019816074353952162,0.030754184905445014,0.020408552265044122,0.02970046216526334,0.01983018270354764,0.01825363566844107
0.626,0.019250777808339725,0.011183876830924033,0.014388203658422305,0.01783341786756043,0.012920458492111653,0.019414855032815148,0.03042225783780894,0.020273331105508108,0.028460746716092,0.019549080337987634,0.018061550204167
0.628,0.019233977371856115,0.011128737886882734,0.014409879527531588,0.017674388952183318,0.01292065877255566,0.01937025540217474,0.03065843842973648,0.020255156711109557,0.02827246271458317,0.019276248982694644,0.01837354633910926
0.63,0.018918802566626904,0.010962320136055137,0.014040053913199735,0.0174566524162576,0.01255466196407784,0.018946699382278,0.030163901233467016,0.020074036164417053,0.027916487832820636,0.01898572978338886,0.018087482840307145
0.632,0.01886950342917183,0.011057228074516812,0.014002108546573022,0.017706021553110185,0.012521867316875324,0.01901059482145162,0.029651456251881037,0.01998356241590482,0.027837378429199977,0.019459681779627314,0.01746513510257819
0.634,0.01861510852369741,0.01077796503107753,0.0136293310244604,0.01728966496456419,0.012494725809974794,0.01853917288733098,0.028932580808463504,0.019797681473012863,0.028492979212942804,0.019100075324745003,0.017096908700402036
0.636,0.018295072159747194,0.010611741501849514,0.013338871448253298,0.016683012683074816,0.012211232273196537,0.01798794772525314,0.028864708717106558,0.019662723662615456,0.028006165623068346,0.018195601790273352,0.017388716172780927
0.638,0.01808463020937475,0.010559806986299769,0.013087762808102088,0.016848751676088902,0.011933455948442195,0.01784212224886561,0.028188441666245012,0.019473270880325577,0.027636936568901427,0.0184644340110669,0.016811319299410044
0.64,0.017793711455131322,0.010110971779309863,0.01264237255455325,0.016113508740599913,0.011877253635025342,0.017211945775991278,0.027748604636629537,0.019302973746104457,0.028484543151482522,0.017583156353556895,0.01686178417806017
0.642,0.018270487646645007,0.010334093294106506,0.013238446983291907,0.016499047051286353,0.012210978433759956,0.01792552935077618,0.029001267261087538,0.01959080561394566,0.02832739323672384,0.017971832092696816,0.017605483148775303
0.644,0.01877228644093244,0.010647466104597214,0.013867065158066016,0.01724988912454173,0.012710444660658404,0.01884274738913161,0.029564187306811318,0.019745544594957143,0.02842522395318292,0.019045678637344077,0.017624617480033966
0.646,0.01876885423867295,0.010602148614951012,0.013924672234249424,0.016942821819257547,0.012776169018570593,0.018763538907013988,0.03005784541892853,0.019762816311826747,0.028060712166877555,0.018496112731072545,0.018301705163981552
0.648,0.018658419738571887,0.010434167337508349,0.013780575080427404,0.01695851814654914,0.012639348188100419,0.018708091887074785,0.029823821083387214,0.019590593962322878,0.027871825241771342,0.01855013925544835,0.018227117203128973
0.65,0.01855514077614967,0.01031037955211156,0.01363896882760185,0.01693615887795996,0.012567278487652822,0.018620713491201646,0.029380090298109063,0.019427032228525376,0.028140656487867455,0.018711839827920462,0.017818289682546506
0.652,0.01855124482441787,0.010365672813269167,0.013692785337148017,0.0169573720193279,0.012527717230467195,0.018645092751844117,0.02962322997268685,0.019456901625651946,0.02758649261418389,0.018583501975115158,0.01807368190448444
0.654,0.018268279623785667,0.010123139289885952,0.013348407737939105,0.01661548613918462,0.0122321431819441,0.018204789386630393,0.029319679438869928,0.01929142104572057,0.027359823672276073,0.018105226137067443,0.018082680208338475
0.656,0.017977546024113788,0.009835975165301436,0.013034489645879166,0.015984855254294494,0.012068918923901384,0.017656779213256257,0.02936089353731064,0.019147920884236003,0.02691499881332904,0.017143266378120137,0.01862736242550933
0.658,0.01788232397552799,0.009675045386374759,0.01292249883191876,0.015938057068334732,0.012054443762479994,0.01761924227033096,0.0290740979154418,0.018929094864944762,0.026816874030869298,0.01719340289038518,0.018600482734199675
0.66,0.017668112189490538,0.009349884439085243,0.012648860498994052,0.015226331157029205,0.012109318201769415,0.01713701324574235,0.029060936716237884,0.018769777017303646,0.027068420155284656,0.016296377733310274,0.019014202730148644
0.662,0.017434269689222025,0.00911048790405844,0.012363518016183184,0.014902845776422091,0.011933449826247777,0.01676977834936022,0.02859103627051307,0.018553926177677926,0.027299177684373843,0.01603085856575126,0.01878761832163245
0.664,0.01731327886396746,0.009071641562885757,0.012261674476654383,0.014784037793470484,0.011757782774873493,0.016583707148012272,0.028726408592966934,0.018575107119316425,0.026710220981413513,0.015688265652624933,0.018973942537456434
0.666,0.017078112417398338,0.008878475036829592,0.012016160108127671,0.01464514290425123,0.011557578832329551,0.016345217813543034,0.02840182542113512,0.01832755208626413,0.026074185607963263,0.015476708632915948,0.01905827773062385
0.668,0.01706073997793649,0.009074325823887008,0.012034408370747096,0.01495514526356334,0.011232965380579496,0.016348749221896552,0.02830566450366412,0.018518589809005448,0.025856481945440102,0.015781605880717198,0.01849946357986454
0.67,0.016809274927807073,0.00905676352383944,0.01183263253464939,0.0147172989991039,0.01087828696933435,0.015929289163805205,0.028219280379812917,0.018631596342844614,0.025392928072057064,0.015299270126331477,0.018135403166292363
0.672,0.016894597798365774,0.009175975913647494,0.011918132451985919,0.015057090403351125,0.010862582878121141,0.016146300889733345,0.028014054127235344,0.018633197940560398,0.025538207245211386,0.0158037613666554,0.017796674767156184
0.674,0.01682074783069084,0.009030428589781092,0.011835506909261606,0.014996268030695536,0.010871470886176349,0.016107339274348487,0.027928553790957933,0.018437926258399573,0.025209918945040988,0.01572397045191476,0.018066095170332086
0.676,0.016628915996127737,0.008796947384827836,0.011584845712518388,0.014542058798644675,0.010780734310114282,0.015747897538763267,0.02776737347986502,0.01830422818286903,0.025371426291082244,0.015209160898542962,0.01818448736404965
0.678,0.016793121829095647,0.008955625156326641,0.011811502340685398,0.014737920254562775,0.01097720563517579,0.01601886235275085,0.027979513643811793,0.018402872557745864,0.025443946778766047,0.015475974404341786,0.01812779516678953
0.68,0.016591522231730816,0.008826293451790201,0.011603190427547982,0.014430685247710406,0.010778113248962051,0.015672191013834436,0.027826620595152285,0.018371486292037664,0.025356836123247017,0.015056614914525923,0.017993191002500186
0.682,0.01636281767705795,0.008705455631862424,0.011396930880700817,0.014047475371780194,0.010575296580183968,0.015275404281945515,0.02767402632137861,0.018373711929283054,0.025291426591716015,0.014556800126964253,0.017731649054764653
0.684,0.01606705382619509,0.008526688208368549,0.01108003598150109,0.013570058619677194,0.010316781739473702,0.014772138452809225,0.027169653099576196,0.0183100675598743,0.02566998623747685,0.014068128123609691,0.017187000239584083
0.686,0.015693753001207445,0.008493925269463909,0.010841574199538573,0.013520969431908059,0.009850913899677405,0.014405572682108625,0.026772410571870076,0.01822086155059577,0.024389082116515803,0.013779860714216774,0.016662359576179453
0.6880000000000001,0.01530614731150567,0.008268083689972894,0.010517461678642981,0.012956638140174892,0.009585716325446025,0.013857355236068014,0.026365473580079457,0.018047097629587228,0.024075009967037264,0.013103294563733603,0.016285342304314332
0.6900000000000001,0.015608417329136448,0.008405089824551348,0.010828035625677579,0.01333707253803773,0.009884650058990974,0.014311125064565888,0.026883334696112482,0.018121203912696338,0.02399245133032768,0.013540530879286194,0.016780679361118267
0.6920000000000001,0.015664373899674233,0.00845125815781922,0.010859804121064576,0.01344173302539553,0.009924432584137666,0.014400009984676387,0.026774448700127906,0.018119085128000756,0.024253811773824574,0.013732767240925758,0.01668638828076996
0.6940000000000001,0.01570425685646638,0.008555232742001206,0.010955714464744415,0.013819633826862132,0.009876044618788549,0.014581490179401024,0.026746080872325995,0.01810645893401286,0.023689241255542504,0.014068905161045309,0.016643766509939817
0.6960000000000001,0.01577048462008974,0.008548581006392553,0.010933909428011646,0.013722177774504352,0.00996138649071776,0.01461583012039136,0.026554541302707513,0.018087002239628447,0.024594772353496275,0.0141865779252065,0.016500067559841014
0.6980000000000001,0.015643750638444774,0.0083920111909076,0.010776868438606257,0.013569922836129678,0.009821288245582482,0.014439671019474742,0.026485374450965216,0.01799888736987265,0.024389338932358506,0.013933561744879253,0.01663058215567137
0.7000000000000001,0.015614210818435914,0.008525660922343192,0.010803156290381977,0.01388295462612954,0.009683772860188289,0.014525422698590695,0.026095461192963132,0.01797671597681727,0.024205251265406846,0.014315309084900973,0.016128403266637226
0.7020000000000001,0.015679061582985866,0.008455371174503679,0.01078776499913836,0.013633435924235493,0.009864081459294516,0.014525408941878704,0.026101640517649072,0.017920473061427966,0.025011334535956387,0.014245708227661913,0.01624539698811256
0.704,0.015665526228696002,0.00844271627052251,0.010759542557949642,0.01357695253440172,0.009891299359147343,0.014506230433945277,0.0259011348879733,0.017851397893081655,0.02532716918736222,0.014298583326030068,0.016100235836546295
0.706,0.015756118330390402,0.008459870200963726,0.010838349338779474,0.013615698831533685,0.010022570762691863,0.014637583006673172,0.02595955239848513,0.017810627991198258,0.025567660235873868,0.014445108799083561,0.01620416173862127
0.708,0.015467672085420003,0.008462904840898844,0.010715278253128346,0.013803071259792299,0.009594185690369295,0.014409339641884289,0.025751690929164628,0.017809178474403775,0.02404810525570078,0.014303381159775475,0.015779585349082303
0.71,0.0152362558736297,0.008368892396612537,0.010501596453054374,0.013458850959065294,0.009474465423350953,0.014066239078199816,0.025307506183241735,0.017686783767515313,0.024144646018625315,0.013978217121633163,0.015375361334998505
0.712,0.015345600393360626,0.008429573196051754,0.010602636089867667,0.013416993468650773,0.009699842794336333,0.014180465123078578,0.025346041365940986,0.01764523171281729,0.024593493631768104,0.014135324042521824,0.015406402508572947
0.714,0.01517990999107378,0.00833087741887284,0.010562088928914193,0.013296648077388284,0.009571471601010462,0.013997951742987347,0.02564209399499673,0.017636615437166436,0.023498001801262602,0.013717128775125209,0.01554622213301371
0.716,0.014915842751820774,0.00804135148647478,0.010302764140504017,0.012441388483988125,0.009596385429866738,0.013496275197299124,0.02573563996223771,0.0174752196645791,0.023641872447707657,0.012831019110937869,0.015596511594612616
0.718,0.014675895777106063,0.0078048268968295975,0.0099185343219379,0.012072282846656068,0.00932169968473573,0.013098131999553453,0.02502518612188287,0.017337201685628578,0.024385991865833234,0.012477542837892708,0.01531755951011049
0.72,0.014730336380960784,0.007787931361160294,0.01001411647942907,0.012114637824159336,0.009384298549997117,0.013192971553514399,0.02543127795564215,0.01735807173010029,0.023967540177077806,0.012436845914084227,0.015615672264443159
0.722,0.014702798245368154,0.00753509708069644,0.009819333373317973,0.011769686105933652,0.009388423596808249,0.013043995639541728,0.025450184047215996,0.017248059328736298,0.02465088673138749,0.012087677813460429,0.016034638736583284
0.724,0.014730149076213218,0.007575201778669216,0.009860300261507415,0.01180334607735889,0.009446541156900357,0.013093024619809435,0.025417221888382246,0.017225205792355203,0.024717993776042002,0.012178033790261056,0.01598462162084635
0.726,0.014452289551555498,0.0073707730611268785,0.009674606658421236,0.011490856806428473,0.009225665638507685,0.01274582816179537,0.02542278119984931,0.01713085314448881,0.023925201212903868,0.011660416493249781,0.01587591313878356
0.728,0.013868131412524253,0.006752308209656999,0.009060012709915521,0.010441075424320823,0.008790176637563762,0.01184736938911679,0.025019521556255864,0.01679479147541707,0.023836982942667895,0.010387856223837533,0.01575121955649028
0.73,0.013967823240787047,0.006743241485425044,0.009032433025269127,0.010510162829679981,0.008872636326900496,0.011942398249873754,0.024880169246715322,0.016708774843723795,0.02439188467522735,0.010537646646194165,0.01605888507886144
0.732,0.014023605280971218,0.006895230392048979,0.009136735532922824,0.010878573955083404,0.00879624321866701,0.012124859858804293,0.024813162042582437,0.01680556006517686,0.023961065613240073,0.010891152339479904,0.0159334697917064
0.734,0.013999554428962002,0.006875066786846573,0.009121408379004103,0.010816057226434306,0.008809091528003687,0.012091689158976515,0.02477553764053453,0.016764179233388576,0.02400271340721616,0.010848599027592387,0.015891201901623186
0.736,0.014033302527264101,0.006802618569749175,0.009052984802777164,0.010783445970250938,0.008876031055508604,0.012134318402777788,0.024733998990948858,0.01658908605616305,0.024219290012563732,0.010852765322686864,0.01628848608921485
0.738,0.014068681212410682,0.006742594959443626,0.009007147326837273,0.010811404933144364,0.009014660261888796,0.01223484229695293,0.024825111728174254,0.0163421740852685,0.024016258202578133,0.010875309880464146,0.016817308449354806
0.74,0.01392868516522482,0.006561237534981723,0.008809610100248055,0.010477755131219069,0.008986608993810097,0.012015895653592956,0.024631650903210955,0.016085510799412228,0.024236019594871205,0.010543929694595722,0.01693863324630618
0.742,0.013996263169573952,0.006665719395256509,0.008911425565726994,0.010474593790398501,0.009012855136226405,0.012057455416046747,0.02440231726886355,0.01617966652869185,0.024966441927121386,0.010711313985735882,0.016580842681671704
0.744,0.014085289499603904,0.006809197782928433,0.009003273545249213,0.010664362770745006,0.009016820510329593,0.01225452458598797,0.023906319454353175,0.016104116444588423,0.0255503753274976,0.011149173753049135,0.016394730821310488
0.746,0.013856415189149419,0.006647761254314766,0.008841137293839285,0.010413205114136459,0.008804140668875915,0.011879674638601179,0.02391287204813186,0.016217625128599256,0.02509095916393289,0.010699883211114702,0.016056893369947867
0.748,0.014020363091914345,0.006825771010847692,0.009001375962434999,0.010651813462882909,0.008949781195692452,0.012178926381758104,0.023663980378816007,0.016119818093122795,0.025574688249329403,0.011178152467503977,0.016059323716755114
0.75,0.013975523440082549,0.0068066267094872845,0.008970081995619328,0.010504042214343312,0.00901014562073843,0.012130354426828305,0.023251831761605612,0.01590531464354561,0.026059858332328267,0.011187429751883249,0.015929548944446092
0.752,0.01402604096597998,0.006916311728179303,0.009075420751754937,0.01065563938513614,0.009035035270105851,0.01220217707697846,0.023336076332574507,0.016064067719179786,0.025927988901186083,0.011352272308849942,0.01569542018585479
0.754,0.013833859570845075,0.0066084411301509105,0.008795247777061865,0.010189432633358808,0.009038512180057467,0.011870218919596054,0.023423713117962097,0.015753034427829715,0.025781356159267133,0.010714815741025063,0.016163823622141638
0.756,0.013908658504152493,0.006746557438767398,0.00893333078671743,0.010204315713940537,0.009237994038647335,0.011931761046195088,0.023236523022103328,0.015762717969603712,0.026253337881830263,0.010896750992655191,0.015883296151064652
0.758,0.013648625478618604,0.006518253387460371,0.008684485496123773,0.009802735811443974,0.009099332636431146,0.011521804397308766,0.022857897836976004,0.01557415298968623,0.026309449099815363,0.010415434576799942,0.015702708554140465
0.76,0.013712500208346124,0.006660377043560595,0.008799311770032237,0.009922577335499283,0.009195959936649345,0.011636030288919241,0.02265503902947741,0.015588336739317254,0.026493709745332716,0.010680981280817958,0.015492678913855196
0.762,0.013496808675265582,0.006489862838632954,0.008603475540484018,0.009619810088937641,0.009078980106292378,0.011320208597289771,0.022232919695088005,0.015406688783243805,0.02657119562717225,0.010344807709713133,0.015300137765801858
0.764,0.013520786302625432,0.006423714230845312,0.008584686747636239,0.009583031208332371,0.009151498951888049,0.011322436210238984,0.022611504843026542,0.01534959835792682,0.026339405138322225,0.010191112631535049,0.015650874706502726
0.766,0.013495186100132728,0.006370523725811594,0.008554404658862369,0.009460116015406528,0.009252213978473534,0.011204847853682587,0.022833990287024042,0.01532799229497972,0.02622912974435543,0.009984023529015174,0.015734618913716303
0.768,0.013514599790445359,0.0064385829096527125,0.008599222246783111,0.009592339800650551,0.009185670031099491,0.011328006623820164,0.02257980379486657,0.015300161216380781,0.026263977465235788,0.010217523062836853,0.015640710753127562
0.77,0.01365735255847086,0.006598767337517963,0.008772810036010381,0.009858509020928219,0.009250862073930333,0.011556118460094966,0.022840529248416064,0.015493987635239681,0.026081963318533186,0.010538745403122052,0.015581233050915744
0.772,0.013677628296204758,0.006640216551879519,0.008814180212050271,0.010009348585315547,0.009162245446019845,0.011672469444285682,0.022767536321117054,0.015502630366066361,0.025943063228646368,0.01072356824194265,0.015541024564724282
0.774,0.013602371651791668,0.006537438756474168,0.00875129931716001,0.010134898017526317,0.008889449970200913,0.011649622752232247,0.022990970032640057,0.015633202438946503,0.02525766682132846,0.010668440272892155,0.015510728138515839
0.776,0.01333730104405867,0.006334893505388295,0.008501076600295199,0.009718070309804094,0.008710957711415723,0.011254791526765784,0.02253522696579502,0.015457387422456503,0.025403397352813828,0.010221162876250633,0.015236046169601614
0.778,0.013218138627109955,0.006193957220161805,0.008370690283489357,0.009483394635667608,0.008698008598589269,0.011038857335776253,0.02256899152184655,0.015366006995383596,0.02529869929601125,0.009898961967641617,0.015263818416532238
0.78,0.013303863657208315,0.006390352585516013,0.008533429330727094,0.00968771496052534,0.008751290492911457,0.011216155669062755,0.022319469550667992,0.015424727127342996,0.025457575645940533,0.010278340497008043,0.014979580712380924
0.782,0.01332665919670174,0.006405170473802735,0.00857275418548109,0.00973874010173259,0.008790648865001804,0.011239152733322322,0.02248286225085172,0.015472067349880714,0.02527740556627245,0.010300521411625074,0.014987269029046901
0.784,0.013009644976402312,0.00619737317229252,0.008295545864488107,0.009332057610148325,0.0085245905659328,0.010814158173237609,0.021835868641019385,0.015292834949696132,0.02537281103208866,0.009876714502789374,0.014554495252330213
0.786,0.012798893343460137,0.00601529052617733,0.008152519814730086,0.008923281453053433,0.008564212188842957,0.010383500916460897,0.022032201354388214,0.015347303742641039,0.02501327433660383,0.009334607557099583,0.014222741544604012
0.788,0.012566917094573327,0.0058952372402962805,0.00796031595711244,0.008706075088828813,0.008329351405360397,0.010118922588818968,0.021421350592429222,0.015208046905183514,0.025052485334128183,0.009135699739217018,0.01384168609435843
0.79,0.01268014791737151,0.005956941991752007,0.008044187837366046,0.00893327338576877,0.008319600495232393,0.010327838673970469,0.021499857058439042,0.01520599702117853,0.02506441506220103,0.009362393670990343,0.014086973976816464
0.792,0.012578509176363906,0.0059759950186862865,0.00801187244518442,0.008847805868929304,0.00830249866975774,0.01020426617867487,0.02123718225977045,0.015168992063324227,0.02495335986924485,0.009343318588454386,0.013739800801612523
0.794,0.012581429780382592,0.006001544631083933,0.008033263231470356,0.008918700382607114,0.00827374636436673,0.010243883325757763,0.02118161089362769,0.015157122637978304,0.024870711061267703,0.009426935368201939,0.013706779907464384
0.796,0.01235156274380983,0.005810776977538845,0.007841782699552824,0.008584855527288715,0.008149614334701849,0.009899175287245043,0.02103803028556961,0.015094386909703994,0.024673684975345944,0.00900463403791174,0.013418686403239732
0.798,0.012266800405605727,0.005697029842900214,0.007740759852551626,0.00836496293793576,0.008161819870379006,0.009733008154188427,0.02104586078025894,0.015009988830032128,0.024715896564858952,0.008738202460757183,0.01346047476219503
0.8,0.012180216007737443,0.005720957164284668,0.007651427767949581,0.008262998726541904,0.008130490235040977,0.009662840056139377,0.02040838499829767,0.01476770949159123,0.025047610353063465,0.00877763036467738,0.013372110919788183
0.802,0.012453485214943761,0.005911252114951693,0.007918648203712686,0.008714975567842842,0.008260470810322662,0.010071674342295278,0.020964701718452217,0.014956873588087394,0.02482108078557932,0.00922423854744503,0.013690936470748483
0.804,0.012363596582516023,0.005830164521830161,0.007838980527284045,0.008565911503291446,0.00823336475990033,0.009929407725144612,0.020920500008763665,0.014906677906312171,0.024754962358466415,0.009040476365605454,0.013615520148561933
0.806,0.012425133057377247,0.0058886463198013494,0.007999756409270531,0.008666106480067493,0.008440351083651376,0.009959531984231162,0.021579689960464887,0.015078399521044505,0.024019301177994223,0.009087716724530903,0.013531830912716036
0.808,0.012617280684000476,0.006043382507389894,0.008148888108078123,0.009006630283523887,0.008503074706658675,0.010260947002375342,0.021553959297481606,0.015090358250261504,0.02424593605924452,0.009488502187053327,0.013831128437937878
0.81,0.012572029552689202,0.006011595713638296,0.008066615140585265,0.00888315092001346,0.008480427905876886,0.010203408492619026,0.02133474651860734,0.0149679536144125,0.024487115563642137,0.00939466555148738,0.013890616106009723
0.812,0.01263399996204816,0.006053071632441065,0.008249768139251157,0.009134620497176726,0.008576666281547851,0.01028015155719797,0.021869352157603772,0.015148321246762575,0.023700618761407943,0.009552516792109,0.013774912554983532
0.8140000000000001,0.01289852533455016,0.006212443046437088,0.008416554473349103,0.009413191129443055,0.00884082774010475,0.010597302495925054,0.02218070463197308,0.015143302894039534,0.023968755735558345,0.009884749101884527,0.014327422096787057
0.8160000000000001,0.01262072057567205,0.006097799565324857,0.008139355593127617,0.009108763711157875,0.008409925486924208,0.01037647719540169,0.02114099523777091,0.014903545637921956,0.02440592431440669,0.00965269465429297,0.013971724360391735
0.8180000000000001,0.01268875314344814,0.006180464913401185,0.00824125887129612,0.00942760932809672,0.008264607340837227,0.010604570004706382,0.020952486351656918,0.014899789736754987,0.02432567629308935,0.00997361073320624,0.014017457861436267
0.8200000000000001,0.012530240608944587,0.00606348718522276,0.007972302563091893,0.008958391669205534,0.00816493597561363,0.0104508718112436,0.02045443971767702,0.014529578590511516,0.024921006686786096,0.00956868654899945,0.014218705341094373
0.8220000000000001,0.012550706472898032,0.006135587626086236,0.007986149206027027,0.008933152862981242,0.008218108261073498,0.010533840591333332,0.0202259867254293,0.014348015216085752,0.025084012736926176,0.009642781178106241,0.014399430324931517
0.8240000000000001,0.012440167129732737,0.0060737583094483405,0.007924089699702375,0.008879875603707621,0.008058274067730409,0.010439282522173632,0.019998570681302952,0.014312395821826751,0.024964751476638902,0.009578538355916932,0.014172134758879462
0.8260000000000001,0.012336684564413669,0.006088500390934337,0.007891219516326431,0.008790668920512612,0.007981660339744012,0.010353717891677716,0.01956549133807839,0.014178399786116125,0.024966740961348877,0.009592918882771695,0.013957527616626497
0.8280000000000001,0.012216280508778921,0.006198978822126278,0.00791672744238181,0.008768164420135727,0.007791603383717427,0.010430292273475139,0.018705981881222744,0.013835160422758896,0.024918526548039943,0.009806566908321934,0.013790802985609307
0.8300000000000001,0.012253137003490922,0.00624306493813076,0.007984043581029554,0.008883950248674943,0.007750020755204923,0.010554096550960623,0.018730771685248837,0.01382055123654402,0.02478718150053849,0.009933736143888483,0.01384395339468858
0.8320000000000001,0.012418479583740882,0.006364456627577342,0.008112753577325882,0.009030137858780263,0.008018175987110077,0.010671658886275193,0.019009253575266394,0.013879166317629976,0.02478432320610635,0.010147210324788603,0.014167659476548744
0.834,0.01245535473913304,0.006433004142564092,0.008174100976229948,0.009098839634080091,0.008088019922998346,0.010714404607878647,0.01896276457763202,0.013839202997125266,0.02469055907328288,0.010296441006987012,0.014256210452552098
0.836,0.012489604669084798,0.006422830988063621,0.008145675666140217,0.009051893080320506,0.008312359928164592,0.010579533983983591,0.019152479398432676,0.013886116199668508,0.02470020872525136,0.010261171066627384,0.014383777654195518
0.838,0.012315725863889381,0.00644415308823465,0.008172241744699993,0.009119713400157825,0.007955896319929212,0.01055710348318939,0.01852482488175644,0.013723978918800284,0.024331523917534126,0.010465012865076617,0.013862810019515281
0.84,0.012280692557302141,0.006437535610428369,0.008198870818744597,0.009182291610862592,0.007832163691129823,0.010596843053303773,0.018440770877929946,0.013688177950904379,0.024181072919428503,0.010501894761375197,0.01374730427891424
0.842,0.012317995854232678,0.006417903926067892,0.008256471550435629,0.009308011444770337,0.007705835961089091,0.010786698670220085,0.018618072688084242,0.013714477046069318,0.024064137374329442,0.010485517508331155,0.013822832372929583
0.844,0.01217970629709827,0.00642719623624588,0.008256673345428345,0.009247182442370105,0.007466475550602758,0.010799326626775296,0.018175668029936087,0.013492759413286426,0.023780889872844324,0.01050766936551406,0.013643222087979412
0.846,0.012006904532728336,0.006345399892390802,0.008101490606170714,0.008984974878207486,0.007363181541459651,0.010584720064221398,0.017801153769737454,0.013341607948877954,0.02383250989446084,0.010285742009433885,0.013428264722323169
0.848,0.012241343430624918,0.006490822329131896,0.008391595168925514,0.00947309376778438,0.0075282264444973546,0.010850018126648653,0.018269708895809367,0.013502174233764652,0.02346430116429077,0.010760477381055567,0.01368301679434103
0.85,0.012492038568159647,0.0065277088877991885,0.008481498469537607,0.00968883574994539,0.00788099259593178,0.011043894676121102,0.018934577051506585,0.013683517014176694,0.023553133974282048,0.010841928364033304,0.01428429889826277
0.852,0.012480282018479139,0.006543934273491647,0.008511922967049279,0.00972830866359986,0.007903956524001554,0.01100153162595463,0.018853236212295954,0.013642557507808406,0.02342517211056039,0.0109226691987383,0.014269531101291366
0.854,0.012392787619996204,0.0065080456966088995,0.008425070283377245,0.009560186211893584,0.007744099249003988,0.011069658516951408,0.01871680677229881,0.013500403476550793,0.0233436950639061,0.010726127035995625,0.014333783893375585
0.856,0.01227328838573587,0.0065125527109007875,0.008444237657035059,0.009537307570285591,0.007602871555254853,0.010943545309531788,0.018348741256726364,0.013384631258635982,0.023105012147328297,0.01081040810653433,0.014043576285125647
0.858,0.012204761017738496,0.006520938787290431,0.00856395112188102,0.009690910906591244,0.007459395969456328,0.01097758625439893,0.018192063724065344,0.01324503956310874,0.022507705585933957,0.010952690012097532,0.013937328252561443
0.86,0.012151853840741356,0.006511636187322201,0.008553509665048753,0.009647325418174812,0.007417057204557653,0.010958219942312386,0.01808900123442303,0.013146952039336801,0.022305320700119147,0.010927146692905954,0.01396236932321282
0.862,0.0121987166126022,0.006474210493951804,0.008397980284337803,0.009474955736334834,0.007531858198614572,0.011043895019694938,0.018304684822242345,0.013159674257304133,0.022585164254705026,0.01067801047243766,0.014336732586398893
0.864,0.012000528651485076,0.006413245664679268,0.008331689007445187,0.009285190262298126,0.007213200054581037,0.011021271258869203,0.01800597730217479,0.012985759054132129,0.022234929986003737,0.010493504297060974,0.01402051962760631
0.866,0.011827052487036582,0.006388629565893256,0.008331649923538853,0.009191341227397953,0.007032819792901934,0.01092051469738986,0.017658488758296675,0.0127582251542947,0.02165798554367404,0.010473478542820547,0.013857391664158003
0.868,0.011696394303837543,0.006357317329452106,0.008346444210243109,0.009143164156618644,0.006873473642527994,0.01082124471055812,0.017445434449370856,0.012632798444399462,0.021284097535539392,0.01045598814157167,0.013603980418094075
0.87,0.011584600925311151,0.006281711370723531,0.00813277005911106,0.008842842220363356,0.006783309586972264,0.010867350803447251,0.017381164070075394,0.012482982124033759,0.021162944934360217,0.010118001290219891,0.01379293279380478
0.872,0.011750802914684555,0.006358897732736568,0.008239219678024101,0.009031130972480872,0.007012024787018123,0.010761267544640685,0.017434452219617702,0.012690072176025802,0.02176881736646974,0.010390072340734191,0.013822074329097767
0.874,0.01177182064644361,0.006339522796553587,0.008126861317728884,0.00892225445702921,0.007096477670526569,0.010770803117977734,0.01747769447720815,0.012689123159206561,0.021976636148171025,0.010262252614913203,0.014056580705121169
0.876,0.011590698211102956,0.006302372574337856,0.00800264305550491,0.008617623675830188,0.006878825818530276,0.01066087060228571,0.017109920335255158,0.012535606266593113,0.021912576982155207,0.010053403721742349,0.013833139078794798
0.878,0.01153856417111443,0.006283549511944542,0.007938530924686549,0.008553913561657467,0.006868555139147303,0.010615178861008934,0.016970318907214565,0.012440037384374714,0.02173218279212208,0.010018317812204747,0.013965056816783394
0.88,0.011651790266866312,0.006297740476925884,0.008029238190618737,0.008721945775930662,0.007043053675951594,0.010527297936817503,0.017130608718778362,0.012605872190904921,0.022148225493642704,0.01018446404687845,0.013829456162214315
0.882,0.011377732287205844,0.006289007454344908,0.007941258026248454,0.0084674860357975,0.006772753569524448,0.010264899167995556,0.016374972266354426,0.012274142531112475,0.021578923293051333,0.010200292852169612,0.013613587675459726
0.884,0.011322431331873429,0.006277797994721945,0.007951183790929628,0.00845985863743648,0.006723689751885531,0.010168139242461627,0.016246705647726456,0.012224046416671963,0.021501691126930567,0.01023375053589115,0.013437450174078935
0.886,0.011407020118918587,0.006235333977752777,0.007979264908692607,0.008541820878566364,0.006758599408728361,0.010355768455321823,0.016678885891633133,0.012369404139361828,0.021694834466250312,0.010052855021266738,0.013403434041611928
0.888,0.011246515624323295,0.006174690353538681,0.007945015130050082,0.00841554162882363,0.006535041596916091,0.010259174612717414,0.016467657444589112,0.012266486434507673,0.021547104315687515,0.009909149278236384,0.01294529544816636
0.89,0.011158069826217587,0.00615576384554628,0.008039394659571597,0.008519971851432828,0.006385649757938983,0.01021158230742547,0.01638779058545281,0.012172306805409927,0.0210326930646918,0.009980867463604493,0.012694677921101682
0.892,0.011110159352009796,0.006122264439887837,0.00788892811220021,0.008276557128629625,0.006348989177664799,0.010257057916616241,0.01638367128407847,0.012140252675363672,0.021153334196473472,0.009715188199602154,0.012815350389581481
0.894,0.010923976031914273,0.006037034977548261,0.00779962248397259,0.008060996703627477,0.006073998470054964,0.010294247496243303,0.016339344876202366,0.011998887594915297,0.020685124588026627,0.009389579894122035,0.01256092323442981
0.896,0.010982705621902433,0.006042078389829286,0.007688428027746941,0.008007845547688408,0.006210006037749793,0.0103737898729519,0.016414437564519768,0.011986084007431175,0.020688364782824542,0.009330960475793959,0.01308506151248856
0.898,0.01109970195483797,0.006055597227801246,0.007763404834068233,0.008185040786467535,0.006356811159867526,0.010365022388438838,0.016568256010125237,0.012112342633586182,0.021026301612321108,0.0094676030110864,0.0130966398846174
0.9,0.010889479329091978,0.005976389950965166,0.007542242448209113,0.007730927847811708,0.006174400845014749,0.010165747515961887,0.01616662777309208,0.011974025381444875,0.02131475258446902,0.00908926061101678,0.012760418332934398
0.902,0.010817758268418964,0.005881323491654156,0.007407236498811587,0.007573316381788153,0.006185410937994851,0.010004551726212951,0.01606043152570391,0.011954641149891976,0.021662694616441436,0.008869422848107766,0.012578553507582857
0.904,0.010887803360246907,0.005845617778893031,0.007353663366317265,0.0075839280416782895,0.006431189231098977,0.00982901985471607,0.01608476070622611,0.012025023770472543,0.022115349439096765,0.008907581734026726,0.012701899679943285
0.906,0.010753501536515043,0.0058418967101459,0.007353208307822157,0.007513544600329269,0.006251234507969938,0.009772127489463323,0.015758365188174972,0.011869130420656848,0.021759513116556106,0.008910162033182067,0.012505832990849841
0.908,0.010443877657930523,0.005755625981577528,0.007158806265212259,0.0070950490820058665,0.005981552817677871,0.009540505966817325,0.015104617346353488,0.011554409292200862,0.021402156368256153,0.00857512201760735,0.012270931441596522
0.91,0.010524405791164527,0.0058628600577809165,0.007288758824437025,0.007286909906968786,0.006001912361882078,0.009627886400873753,0.015097822023304563,0.011553690035605135,0.02106941056830358,0.008917564252258536,0.012537243480230886
0.912,0.01050217599489801,0.005834721589973668,0.007307618238562297,0.007364779181280978,0.0060580693986493905,0.009444905464962794,0.014946693508678721,0.011508654567500276,0.02117677463023382,0.009067979315510954,0.01231156405362721
0.914,0.010209025142809436,0.005700816774020012,0.007109950725322833,0.007058289716478816,0.005882191842560114,0.009081421931905087,0.01432409876409868,0.011210853794542674,0.021054148759945823,0.008843928502824783,0.011824550616395535
0.916,0.010233468010620583,0.005705596384321221,0.007087827827154447,0.0070244545798144875,0.005908734522778847,0.009124571322554065,0.014375890683011039,0.01123887932337797,0.02107442350594635,0.008798575492496297,0.01199572646475111
0.918,0.0101585434030247,0.005616403277161619,0.006976000922771175,0.00686467910662969,0.005890454791016908,0.009069832180609305,0.014377242386363065,0.01122475166636172,0.021196687834527217,0.008492208368416354,0.011877173496389948
0.92,0.010140552174831518,0.005579497751139417,0.0068934071623932835,0.006756799035835925,0.005925451946498184,0.009035145621291596,0.01435884216467409,0.01122309172773961,0.02129587139222966,0.008347771561755701,0.01198964338475772
0.922,0.010390517519774689,0.0056875471097552754,0.007120136081158801,0.007134847287219692,0.006025523547051548,0.009367070649847986,0.015030919822676014,0.011484507101297892,0.0213021946416998,0.008597389048922266,0.012155039908117615
0.924,0.010427187975505504,0.005668455346690915,0.006997448573479614,0.0069894940872698985,0.006078708902460206,0.009472571984291855,0.015262808618696555,0.011558823043393396,0.021436091737085383,0.008308308335522985,0.012499169126164222
0.926,0.010304303960681705,0.0055414702594014376,0.006829732521089649,0.006769202881963365,0.006164743639223591,0.009128084597864072,0.01498220256085725,0.011458356779232348,0.02170344006775471,0.008107783687125392,0.01235802261230523
0.928,0.010398885113121158,0.005578441951568203,0.0069232060029019715,0.006950649118356522,0.006257719304688214,0.009165926946187342,0.015104620895921572,0.011518622274812484,0.021727219937949904,0.008331590907580622,0.012430853791244756
0.93,0.010624432733323464,0.005597781093281684,0.007073587720145547,0.007302053659021035,0.006581042442780571,0.009170663376436239,0.015534846981077766,0.011706908206643107,0.021965322104744223,0.008674064799756298,0.012638056949348164
0.932,0.010607355967134368,0.0055368343598395375,0.007069864247787994,0.00733090385918489,0.006664753463356932,0.009021392896080394,0.015524222759037976,0.011687189824506006,0.021987391599467165,0.008729293451077869,0.012521713211004926
0.934,0.010759769704391487,0.005549596288756509,0.007183688361871887,0.0075856835928795885,0.00686350439050909,0.009074149766413742,0.0158720382729981,0.011814649814060663,0.02199730157780011,0.0089164763871864,0.012740608591438773
0.936,0.010726162839382002,0.005513020321634032,0.007053765788447186,0.007425536818493006,0.006949811834926489,0.008952867050895597,0.01588451496376031,0.011778953311487927,0.021993215341078454,0.00874046996182165,0.012969473001275378
0.9380000000000001,0.01061117269891193,0.005337092295147561,0.007072908003372791,0.0074152954644879365,0.006917283809013686,0.008729101156548902,0.015963541492432176,0.011776325608730764,0.02200598645141283,0.00863587533868826,0.0122583173692844
0.9400000000000001,0.01051080864342605,0.005314433710075783,0.007004181033173129,0.007327241966104903,0.006892193757301213,0.008576932461091591,0.015604925587449636,0.011602312312618324,0.02180797037081994,0.008721242928461548,0.01225665230716444
0.9420000000000001,0.010273929448714803,0.005186984582361109,0.006826641033281233,0.0070252405320658795,0.006747966762975843,0.0083001171092969,0.015224759919665765,0.011404194653227395,0.021712229848517617,0.00847617651431265,0.011834983531443632
0.9440000000000001,0.010143684106868589,0.005179443998041933,0.006714251880734934,0.006843824528986797,0.006594976678275799,0.008237899312312336,0.014847756604895679,0.011252683679649822,0.0216538904524477,0.008367431562101513,0.011744682371239379
0.9460000000000001,0.010190233452570186,0.005052154944313325,0.0068094781185648046,0.007014779773219293,0.006746661389573139,0.008136762151818355,0.015308785380832912,0.011390482906897925,0.02160628635324935,0.00834153686242689,0.011495406644805861
0.9480000000000001,0.010337223056637757,0.005081005420123241,0.007017125992999196,0.0073986640518075575,0.006848996273130847,0.008273360558276766,0.015528109964706105,0.011488938697386653,0.02147078622582954,0.008673923404595163,0.011591319977522496
0.9500000000000001,0.010548573258806126,0.005245810991508004,0.007162173263626781,0.007670953917460421,0.006894173245611812,0.008597753967260147,0.015697703944230645,0.011639059123323414,0.021614154669878927,0.008872080112239389,0.012091869352921725
0.9520000000000001,0.010539050836143404,0.005202204826113888,0.0071515665995858235,0.007653585954563669,0.0069130570600415275,0.008568214272883679,0.0158192486046681,0.011674176932568114,0.021623892867751793,0.008773183198765522,0.012011378044491927
0.9540000000000001,0.0105196543663438,0.0049990238518013985,0.007166955113658391,0.007674732598796252,0.007011275375289228,0.008436488672404985,0.016348996397954285,0.011852935586549207,0.021666857909794612,0.008448625767122797,0.011590652390066847
0.9560000000000001,0.01046018237014289,0.005010731402859014,0.007112157955545206,0.00758301407760531,0.006975065697962468,0.00837108666971309,0.01614995034163913,0.01174778439580737,0.021571425983154202,0.008461072046047735,0.011619535131095371
0.9580000000000001,0.01051507803431978,0.005079684543765395,0.007078383437628677,0.0075386893449435055,0.0070344387151426435,0.008423741263681839,0.01627048657804553,0.011780975804294713,0.02158593187237423,0.008420300868189345,0.011938147915131925
0.96,0.010472599257852867,0.0050431633285638044,0.007066805649916241,0.007524882499258201,0.0070019163290208075,0.008379018471980637,0.01620515922459942,0.011746755069600434,0.02154052262021411,0.008397168851939196,0.01182060053343581
0.962,0.010235402008485462,0.005012592785915149,0.006824300955238671,0.007068883415757066,0.006773917377426386,0.008203668150302823,0.015810730772155224,0.011553236132819222,0.021537700142028937,0.008086040748393253,0.011482949604817883
0.964,0.01035315959845936,0.005081974887630625,0.0069245888331265215,0.007282873980295257,0.006856958165790128,0.00833012520890597,0.015859807302814777,0.011595607016197995,0.021494097662574263,0.008302697782840207,0.011802865144417862
0.966,0.010383811300960399,0.005145779177976539,0.0068608532558600555,0.007171016344809655,0.006837734703843301,0.008424349697941147,0.016041750002408817,0.011678683363568587,0.02159989667962936,0.008111680486295514,0.011966369297271018
0.968,0.010191224922888997,0.005130994306081882,0.00672683411882069,0.006934533317650482,0.006557486091861575,0.008401658173942783,0.01553701848040312,0.011473830941991947,0.021547309737545484,0.007989456980872056,0.011613127079719954
0.97,0.0100257681919232,0.005117872204764118,0.006592940410963921,0.006711497328348859,0.006331215529918999,0.008382213255922477,0.01520476885568356,0.0113168022381408,0.02142307623908568,0.007808370492025096,0.011368925364378502
0.972,0.0097449738837744,0.004936509057577476,0.0064047304932526306,0.0064426007085647274,0.006140064279686608,0.008069122968959563,0.014854667817384759,0.011086076495388952,0.021206527783756646,0.007535576624921991,0.01077386260825064
0.974,0.009768079880874048,0.0048896080696535504,0.006429071660120522,0.0065159925451392375,0.006166458085625881,0.008071810130424129,0.015054694224548415,0.011152966445598489,0.02121428643556167,0.007499461040287869,0.010686450171780715
0.976,0.009649960750052079,0.004879733101340156,0.006313003807131401,0.006326021562392481,0.006056112754900589,0.008003726901893105,0.014845530716751432,0.01103184574473759,0.021082337708945076,0.007356926979462108,0.010604368222966842
0.978,0.009835311329004115,0.004914028095010181,0.006511793061748872,0.006726968443917625,0.006112790704381754,0.008258157962750756,0.015114976475398278,0.011204784424690084,0.021194011667489687,0.007608712670453377,0.010706889784200535
0.98,0.009768868154572296,0.004816235993372109,0.0065340765733533646,0.0067862619184556605,0.006126673966494689,0.008077552429861967,0.014896435514502593,0.011117677679580273,0.021132473353803305,0.007686550065488795,0.01051474405081021
0.982,0.009609328986029309,0.004829054217535433,0.0063299383559670686,0.006410540137797183,0.005991518543896013,0.007990656905950022,0.0147648157702287,0.010984232195779708,0.02096041888463429,0.0073934738778718145,0.010438640970632851
0.984,0.009733323252671521,0.004815915335177667,0.006467097152159762,0.0066618817187819035,0.00611481761470789,0.008051123098316793,0.014961017135690757,0.011110164444170456,0.021072976321629078,0.00754985317818313,0.010528386527897782
0.986,0.00973171332893622,0.004818502600315244,0.006431595969578541,0.0065820723702192385,0.006147219969510953,0.00802584320585864,0.015083556313873259,0.011136083572896749,0.021056485874603292,0.007457412891015869,0.010578360521490415
0.988,0.009602709959241451,0.00475211825317301,0.006311264477057987,0.006358263937412123,0.006109647838222321,0.00783546663257173,0.015023220962353645,0.01104528019777562,0.020923419155353673,0.0072615817460028875,0.010406836392491514
0.99,0.009371026880582856,0.004709850721661524,0.006089508236598817,0.00597999889848555,0.00594507148101131,0.007623130580954873,0.01466814791957416,0.010814358913569744,0.020676792556756585,0.007002973260824885,0.010200436236391108
0.992,0.009418160347657346,0.004739552359997123,0.006122978753665742,0.006069605490982677,0.005916457665507524,0.0077593647596054804,0.014763051869887467,0.010859676355402859,0.02068051936686366,0.00703456794594759,0.01023582890871333
0.994,0.00941612188647809,0.004715138073676073,0.006154929015235955,0.006147886118086809,0.00591115221485361,0.00774771051664902,0.014666676984825155,0.010837822807877706,0.02067921033764486,0.007102491341536066,0.01019820145439565
0.996,0.009343883395242558,0.004688151250588635,0.0060958432438628085,0.0060457049107347505,0.005881234561434301,0.007650829264319481,0.01454638162401034,0.010762701464652746,0.020593609777552535,0.007038580228859059,0.010135797626410925
0.998,0.009177674400798187,0.004681146156465865,0.005950789468547324,0.005846405737468308,0.005681878667211482,0.007618412271456432,0.014196560797081537,0.01056425390840221,0.02035353795233452,0.006910872568954285,0.009972886480059895
1.0,0.008918859436668546,0.004558474076983066,0.005777341385698631,0.005613260698202116,0.0055087928855059864,0.007339736569196953,0.013694189846325422,0.010277949471945269,0.02005129912002357,0.006753709789063422,0.009613840523741035
