t,a,b,c,d,e,f,g,h,i,l,m,n,o,p,q,r
0.0,0.0418121825837058,0.0670845645060047,0.062250815780864284,0.08962341772470338,0.04510359032903637,0.05709435375356701,0.06138965891693781,0.05367386236815356,0.07636118917357788,0.04756404634211125,0.06694721623932885,0.06305397988951526,0.06464453408277106,0.07309010526187795,0.058784086546635285,0.07152239650120963
0.002,0.05004050090306798,0.07123631546313518,0.06720337765372254,0.08758468433946684,0.049658455353336746,0.0574606731215009,0.06106464660754004,0.05073774760509932,0.07933133048775522,0.048381203449354024,0.06661198515992099,0.05935331892754962,0.06467636950297899,0.06838301887249347,0.055397550493776385,0.06287882205930183
0.004,0.14529967235271665,0.17268836544998978,0.0,0.0,0.12235417332786058,0.09663382160502514,0.0,0.0,0.133496329391779,0.11261864899657216,0.0,0.0,0.105221522808313,0.11168746606774366,0.0,0.0
0.006,0.15923360708627143,0.17383089568555757,3.4693231448262917e-06,3.6610867790079316e-06,0.12462223160101626,0.0938652585344633,3.834612015914741e-06,3.4107220738137858e-06,0.1362458919856692,0.10896306367861425,3.2540790305448813e-06,4.242239082439765e-06,0.10185440234213852,0.10135544891514864,4.31890241075068e-06,3.0092065836799402e-06
0.008,0.17334667598153175,0.17471504628019324,1.4344346171737661e-05,1.4788802732250446e-05,0.1266193832751947,0.09096063111714946,1.5632214627266025e-05,1.3219914602677042e-05,0.13867045446580564,0.10521759727555906,1.2783526315281463e-05,1.591803553624084e-05,0.09838657012877558,0.09196963425480915,1.630890515321689e-05,1.1011475842686756e-05
0.01,0.18760954075319403,0.17534325834563222,3.335437030607574e-05,3.359834667979432e-05,0.12834788561090804,0.08795662112650925,3.57931237224233e-05,2.8829813674919503e-05,0.14077566252630777,0.10141702278219633,2.82386314098165e-05,3.365187743209788e-05,0.09485385600375319,0.08344528843312615,3.468907199764953e-05,2.2709183150263444e-05
0.012,0.20199339112819414,0.17572007941383336,6.116346022946926e-05,6.019994467563264e-05,0.12981210758187145,0.08488518740991004,6.45947244123047e-05,4.963483999722762e-05,0.14256910393088199,0.09759138550571443,4.919710015736169e-05,5.624117184629939e-05,0.09128731780560688,0.07570505591058906,5.8319712973386474e-05,3.702035910695253e-05
0.014,0.21647012848581065,0.17585180724078725,9.836381399206033e-05,9.46140711328023e-05,0.13101817771219337,0.08177405726081947,0.00010220635888621941,7.503180080063149e-05,0.1440599574790029,0.093766510162923,7.518576711532004e-05,8.26375875194792e-05,0.08771374380437029,0.06867833929460954,8.618952757662881e-05,5.304963246035473e-05
0.016,0.23101251666506922,0.17574617463824557,0.00014547152131075256,0.00013678492796828466,0.13197367208351424,0.07864717268605836,0.00014870278608421718,0.00010442819206924412,0.14525868359523267,0.08996446011931163,0.00010569872911201403,0.00011193026091104011,0.08415610849440422,0.06230072890487197,0.00011740379881321036,7.006259702321535e-05
0.018000000000000002,0.24559430373535973,0.17541207141631668,0.0002029243158688923,0.0001865923636951171,0.13268733870926092,0.07552509526588565,0.00020407634008307062,0.00013724885096520184,0.14617675245691564,0.08620395282391533,0.00014021236618837532,0.00014333068833535955,0.08063398564398508,0.05651347822726908,0.0001511735558403786,8.746324011556671e-05
0.02,0.26019031817089455,0.17485929983890047,0.0002710809773307717,0.00024386239634995423,0.13316885478044402,0.07242537304494985,0.0002682479027954793,0.00017294118140436963,0.14682640592024085,0.08250073519500387,0.00017819766373158502,0.0001761591430182756,0.07716392221125197,0.05126302183958616,0.00018680562964928306,0.00010477410444856512
0.022,0.27477654254155637,0.1740983602924038,0.0003502220834738053,0.00030837648779943443,0.13342861357507566,0.06936287264530665,0.00034107679633206176,0.00021097915122776086,0.14722044982575624,0.07886792242928034,0.0002191302023666006,0.0002098324706793217,0.07375977646865457,0.04650053261083838,0.0002236935322944639,0.00012161888695445118
0.024,0.28933016753039004,0.1731402641466876,0.00044055185262250864,0.00037987970217279475,0.13347753809187132,0.06635007955891066,0.0004223696910726712,0.0002508662371525106,0.14737207356275017,0.07531630344144176,0.00026249813969333606,0.00024385313073281708,0.07043302342589042,0.04218151518590313,0.0002613090956931862,0.00013770720701503835
0.026000000000000002,0.3038296288100604,0.17199637104645674,0.0005422008519054924,0.0004580878677861104,0.13332691871909647,0.0633973693562456,0.0005118886170465077,0.0002921374735154635,0.14729469404849596,0.07185461589134573,0.00030780846982615185,0.0002777993625092746,0.06719303040425734,0.03826543296739221,0.00029919481104360063,0.0001528213030169629
0.028,0.3182546290555685,0.17067824811211316,0.0006552293781783063,0.0005426938498300447,0.13298827248195375,0.06051325233992383,0.0006093581585470412,0.0003343607425880316,0.14700182153423397,0.06848979352223931,0.0003545918125203728,0.00031131636712161437,0.06404730539303673,0.03471536599731758,0.00033695681449743994,0.00016680444033032689
0.03,0.33258614713696244,0.16919754875229148,0.0007796313461559638,0.0006333730301723167,0.1324732216275909,0.05770459397691127,0.0007144719049335094,0.0003771374277944597,0.14650694488603735,0.06522718831503879,0.0004024059530972983,0.00034410840582631654,0.061001720610530365,0.031497697321912814,0.00037425846891544763,0.0001795508358293131
0.032,0.34680643632228747,0.16756590899677581,0.0009153385427419435,0.0007297880807715074,0.13179338950646569,0.05497681326018623,0.0008268982242285194,0.0004201025363648684,0.14582343420647467,0.062070769759932753,0.0004508383270707271,0.00037593172503996787,0.0580607134981935,0.028581825593989828,0.0004108144953719347,0.0001909969241047158
0.034,0.36089901312621964,0.16579485944915626,0.0010622251280573273,0.000831593108312173,0.13096031189329385,0.052334060979708635,0.0009462854203505032,0.00046292438466431014,0.14496445886334666,0.0590233033569912,0.0004995076190261219,0.0004065882266429966,0.05522746719537844,0.025939901828548963,0.00044638561159416576,0.00020111380870884837
0.036000000000000004,0.37484863826239395,0.16389575113432833,0.0012201122825677654,0.0009384372396624714,0.1299853620609834,0.049779379723109335,0.0010722663295657942,0.0005053039275318055,0.14394291917582658,0.056086510281342566,0.0005480646236243538,0.00043591980990561984,0.0525040723739301,0.023546588379208012,0.0004807736377539977,0.0002099007582658437
0.038,0.5657899348885043,0.0,0.003669769500339742,0.0,0.16537135543381332,0.0,0.0019117423870092102,0.0,0.18615464265445866,0.0,0.001621051061692376,0.0,0.07472173489311736,0.0,0.0007597691810652265,0.0
0.04,0.5767440001765134,2.961377976072595e-07,0.003770258318756212,7.680708845247594e-06,0.1623454323065717,9.721347162338587e-08,0.0020107870151819776,2.2327160298181265e-06,0.18258506376877492,1.0219593656983783e-07,0.0015969228590775044,2.5093165340845452e-06,0.07017619619410419,4.1934211609129524e-08,0.000757384681959096,9.94456234554033e-07
0.042,0.5874434637317503,1.4190835519287325e-06,0.0038744663525722015,3.0303154511133927e-05,0.15927344979408287,4.475332954178309e-07,0.002118250436592198,8.478269636542954e-06,0.17897909453776994,4.671587242755369e-07,0.0015735389108653228,9.521540724454608e-06,0.06592629137620538,1.8484004554051185e-07,0.0007570106912212347,3.6125884513578715e-06
0.044,0.5978861122682312,3.823767288103794e-06,0.003982738582035619,6.721049318858101e-05,0.15616668864535665,1.1576164851327054e-06,0.0022336684353246538,1.8101583039015432e-05,0.17534769368237252,1.2024283110203856e-06,0.0015509570209094404,2.031517091325191e-05,0.06195420822637018,4.582505146825573e-07,0.0007582781539981981,7.385675661834683e-06
0.046,0.6080705158444379,7.935146637407672e-06,0.004095378472026698,0.000117714914331721,0.1530355056904786,2.310983856929091e-06,0.002356560373852699,3.0524169205142954e-05,0.17170090432291274,2.388540047589366e-06,0.0015292157358410448,3.423549845556723e-05,0.058243143498269236,8.771114637176073e-07,0.0007608529884955082,1.193670968751672e-05
0.048,0.6179959641903606,1.4146742654835941e-05,0.004212648127040428,0.00018110530612377009,0.1498893906029962,3.970614429409587e-06,0.002486434153593858,4.522213221367289e-05,0.1680479117052285,4.082318694270328e-06,0.0015083369520998327,5.069155187013166e-05,0.05477724955747886,1.4455494620751352e-06,0.0007644350018945683,1.696549385889281e-05
0.05,0.6276624065989876,2.281964621656138e-05,0.004334768812488864,0.0002566542621233543,0.14673701987003326,6.181419124189681e-06,0.0026227907251793817,6.17237537800482e-05,0.16439709795448845,6.3199784459432086e-06,0.0014883283546272218,6.915272413034608e-05,0.051541583628691275,2.1598911539844524e-06,0.0007687564666804577,2.2235913849023177e-05
0.052000000000000005,0.6370703952517804,3.4281948237015213e-05,0.004461921797744836,0.0003436244379595483,0.14358630807061062,8.972570430395293e-06,0.0027651281549176516,7.960678856464815e-05,0.16075609397515989,9.12001041667296e-06,0.0014691856717656418,8.91451984547183e-05,0.04852205952244389,3.0110618872728325e-06,0.0007735804545572255,2.7565085069397206e-05
0.054,0.6462210318478367,4.882854769191145e-05,0.00459424947758383,0.0004412742752586061,0.1404444565605948,1.235967298868649e-05,0.0029129452600441578,9.849556886486294e-05,0.15713182861209324,1.2485847307957082e-05,0.0014508947383472383,0.00011024826625058053,0.04570540172662549,3.98647165979432e-06,0.0007786990073958088,3.2814119456276225e-05
0.056,0.6551159174069416,6.67212928825948e-05,0.004731856730518819,0.000548863116283676,0.1373179996608353,1.6346766666297615e-05,0.003065744829921722,0.00011805800059411283,0.15353057518452898,1.6408301532972324e-05,0.001433433364786184,0.0001320906125034453,0.04307910175479056,5.0714794976902405e-06,0.000783931209665718,3.788028805032698e-05
0.058,0.663757105117569,8.818941334549728e-05,0.004874812474794,0.0006656557373913957,0.13421284844330492,2.0928158911328165e-05,0.0032230364536541185,0.0001380025166149916,0.14995799550187636,2.0867778171917714e-05,0.0014167730144849723,0.00015434662842126796,0.04063137664926835,6.250512920922839e-06,0.0007891212141590019,4.269038511169821e-05
0.06,0.6721470561020914,0.00011343020214777967,0.0050231513853688375,0.0007909263326473035,0.13113433220836043,2.6090087228291982e-05,0.003384338976833579,0.00015807504012316085,0.14641918146729604,2.5836268037484648e-05,0.0014008802952592888,0.00017673279813364552,0.03835112954232893,7.507906818138876e-06,0.0007941362621888249,4.7195125137098605e-05
0.062,0.6802885979729907,0.00014260991089369416,0.0051768757379714765,0.0009239619810436454,0.1280872377445549,3.181221570853448e-05,0.0035491826115524577,0.0001780559995281838,0.14291869437238386,3.127912904422899e-05,0.0013857182729757529,0.0001990041953591836,0.03622791218338596,8.82851554942238e-06,0.0007988647305453042,5.136442651272344e-05
0.064,0.6881848860557268,0.00017586482249657283,0.005335957349140387,0.00106406563193944,0.12507584646072287,3.806897184888021e-05,0.0037171107245357374,0.00019775742684722788,0.13946060198357368,3.7156666178923353e-05,0.0013712476173489046,0.00022095111688499817,0.034251889344472895,1.0198143165716994e-05,0.0008032142300671694,5.518345504974424e-05
0.066,0.6958393671560453,0.0002133024695691251,0.005500339584033318,0.0012105586437724375,0.12210396947829598,4.4830731543879505e-05,0.003887681328432303,0.0002170201637571831,0.1360485135182104,4.3425521811141434e-05,0.0013574275909988642,0.00024239587218633256,0.03241380502010406,1.1603829055751407e-05,0.0008071097745225008,5.864931766156662e-05
0.068,0.703255745751935,0.00025500296908703615,0.0056699394066080004,0.0013627829109270993,0.11917498076999047,5.20648612628713e-05,0.004060468301055073,0.00023571119291459757,0.13268561260558617,5.0039888991114684e-05,0.0013442168935474878,0.00026318974232283324,0.030704950341195622,1.303401991316662e-05,0.0008104920333981746,6.176831126532811e-05
0.07,0.7104379524930878,0.0003010204467386918,0.005844649449526259,0.001520102613009202,0.11629184842911548,5.9736627125047596e-05,0.004235062356779999,0.0002537211067555307,0.12937468832556123,5.695256086183185e-05,0.0013315743728274602,0.00028321011618338094,0.029117133126024045,1.4478653492199901e-05,0.000813315678014311,6.455364489747992e-05
0.07200000000000001,0.717390114893571,0.00035138452704978657,0.006024340083770599,0.0016819056197829607,0.11345716415179101,6.780998094954982e-05,0.0044110717934823206,0.00027096172155999167,0.12611816441470056,6.411582945364693e-05,0.001319459615278267,0.00030235780804279425,0.02764264899428822,1.592917504632122e-05,0.0008155478269681018,6.702356426478876e-05
0.074,0.7241165301064675,0.0004061018679377552,0.0062088614704668066,0.0018476045837598548,0.11067317101233276,7.624823345498468e-05,0.004588123037371998,0.0002873638409621041,0.12291812672715406,7.148224700675716e-05,0.0013078334273739151,0.000320554557094013,0.026274253973251088,1.7378503496893347e-05,0.000817166594151445,6.919981771837416e-05
0.076,0.7306216396724287,0.0004651577207874473,0.006398045579761622,0.002016637750963697,0.10794178960996352,8.50146246732149e-05,0.004765861006943853,0.0003028751701815979,0.11977634903477906,7.900526264163502e-05,0.0012966582195263017,0.0003377407070018054,0.02500513852769545,1.8820961151555175e-05,0.0008181597403762512,7.110641112429415e-05
0.078,0.7369100061374094,0.000528517499432759,0.0065917081638017525,0.0021884695187952344,0.10526464266285529,9.40728013752186e-05,0.004943949316026651,0.0003174583799362408,0.11669431724826683,8.663974672094767e-05,0.0012858983033818554,0.0003538730614797313,0.023828902948061316,2.0252178092741294e-05,0.0008185234278922264,7.276860647181105e-05
0.08,0.7429862914382575,0.000596128343570785,0.006789650672893451,0.002362590768231797,0.10264307812329568,0.00010338721092287639,0.005122070334635249,0.00033108931717506195,0.11367325213828165,9.434241466066206e-05,0.0012755201128154417,0.0003689229103275508,0.022739534033654765,2.166898010652088e-05,0.000818261075719069,7.421212545190616e-05
0.082,0.748855236958339,0.0006679206641214629,0.006991662105790424,0.002538518995864314,0.10007819088552418,0.00011292342049304456,0.005299925125030766,0.00034375535836862444,0.110714130632871,0.00010207216128720166,0.001265492358255421,0.000382874219201506,0.02173138301024756,2.306926715286577e-05,0.0008173823126741153,7.546252477839365e-05
0.084,0.7545216451589088,0.0007438096598759384,0.007197520786762367,0.0027157982695281773,0.09757084315549729,0.00012264837009627876,0.005477233269098096,0.00035545390003646705,0.10781770576465144,0.00010979031612945689,0.0012557861232718069,0.00039572197555645466,0.020799144623731204,2.445188783226623e-05,0.0008159020242026036,7.654471482116804e-05
0.08600000000000001,0.759990362695515,0.0008236967964529998,0.007406996063642152,0.002893999029552411,0.09512168354953411,0.0001325305672539355,0.005653732601876733,0.00036619098042442737,0.10498452533853744,0.00011746082930145481,0.0012463749116453733,0.0004074706826384006,0.01993783735375971,2.581651403035812e-05,0.0008138394885643159,7.74825972712002e-05
0.088,0.7652662649323039,0.0009074712401088619,0.007619849922441421,0.0030727177559539283,0.09273116498647242,0.00014254023062154449,0.00582917886484339,0.00037598002571569844,0.10221494938805724,0.0001250503968912579,0.0012372346524246742,0.0004181329930688592,0.01914278469351661,2.716351887915427e-05,0.0008112175975577002,7.829880114343192e-05
0.09,0.7703542417706728,0.000995011240326868,0.007835838515369589,0.0032515765202563553,0.09039956143563671,0.00015264938926708567,0.006003345291353856,0.0003848407138264192,0.09950916648560294,0.00013252853403804344,0.0012283436697820957,0.0004277284734065981,0.018409597443879638,2.8493860324042112e-05,0.0008080621567371373,7.901449951980569e-05
0.092,0.7752591847122624,0.0010861854563569385,0.008054713600197778,0.0034302224390277717,0.08812698358059662,0.00016283194374082933,0.006176022135514511,0.00039279794866302375,0.09686720896929758,0.0001398676031629702,0.0012196826238081552,0.00043628249106192465,0.017734156972334086,2.9808971898730356e-05,0.0008044012599724004,7.964929210420908e-05
0.094,0.7799859750798002,0.0011808542239872247,0.008276223889885389,0.0036083270447177106,0.08591339345638223,0.0001730636945168756,0.006347016154676036,0.00039988093767368964,0.0942889671465343,0.0001470428041283839,0.0012112344277418498,0.0004438252150437773,0.017112599389005615,3.111066175922286e-05,0.0008002647331876956,8.02211409599612e-05
0.096,0.7845394733227687,0.0012788707598203185,0.008500116312241787,0.0037855855879365,0.0837586181155304,0.0001833223428515316,0.006516150054726428,0.0004061223655839937,0.09177420253166146,0.00015403213243996787,0.0012029841465283945,0.00045039072221510733,0.01654130059414719,3.240102059005843e-05,0.0007956836421808625,8.074634877740014e-05
0.098,0.7889245093382787,0.0013800823012016731,0.008726137180137749,0.003961716283963594,0.08166236237607126,0.0001935874685945426,0.006683261906409116,0.0004115576573453985,0.08932256017275512,0.00016081631098166472,0.001194918881027178,0.00045601620099624504,0.016016862153323937,3.368233865228541e-05,0.0007906898595446131,8.123957071673345e-05
0.1,0.7931458737408571,0.0014843311807168243,0.008954033273419692,0.0041364595149975345,0.07962422070233074,0.00020384048900889726,0.0068482045400050165,0.00041622432352603656,0.08693358011994197,0.00016737870018615903,0.0011870276416637764,0.00046074124477144977,0.015536097958394498,3.495703197666813e-05,0.0007853156858770581,8.171385232674168e-05
0.10200000000000001,0.7972083100181151,0.0015914558348447867,0.009183552834223108,0.004309576998469323,0.07764368826723111,0.000214064602205275,0.007010844924894513,0.00042016138162107817,0.08460670808531759,0.00017370519099585487,0.0011793012148310722,0.00046460722760602416,0.015096021634189216,3.622757750369339e-05,0.0007795935206666665,8.218068728558584e-05
0.10400000000000001,0.8011165075124438,0.0017012917469356203,0.009414446477838467,0.004480850930632385,0.07572017124262201,0.00022424471837910316,0.007171063539755004,0.0004234088470419586,0.08234130534214928,0.00017978408446108992,0.001171732024895718,0.00046765675525814205,0.014693834652533506,3.749645682244873e-05,0.0007735555784576303,8.265008977410135e-05
0.106,0.8048750951719432,0.001813672325178347,0.009646468021660857,0.004650083113614312,0.07385299636206977,0.00023436738165183023,0.007328753738449806,0.000426007287849322,0.08013665790876114,0.00018560596135355374,0.0011643139942565076,0.00046993318486100364,0.0143269151169599,3.8766108053612025e-05,0.0007672336461375123,8.313067719916264e-05
0.108,0.8084886360168041,0.0019284297166486948,0.009879375235062198,0.00481709407316606,0.07204141979848452,0.000244420684963037,0.007483821116022871,0.0004279974376150417,0.0779919850602779,0.0001911635447427244,0.001157042403529473,0.0004714802070490897,0.013992807183094784,4.0038885349425715e-05,0.0007606588774337189,8.362975975638946e-05
0.11,0.8119616222702201,0.002045395558881476,0.010112930513268345,0.004981722173469985,0.07028463539696521,0.00025439418013558545,0.007636182878627645,0.00042941986112696585,0.07590644720925108,0.00019645155809034596,0.0011499137535989762,0.00047234148470064495,0.013689211081295,4.131702543876552e-05,0.0007538616209535404,8.415343397626021e-05
0.112,0.8152984711057252,0.002164401670706653,0.010346901478510518,0.005143822734566188,0.06858178230130609,0.00026427878494103953,0.0077857672206852364,0.0004303146679804335,0.07387915319411134,0.00020146658106099614,0.0011429256309729331,0.00047256034286199895,0.0134139737096469,4.260262062253441e-05,0.0007468712783502128,8.47066779517971e-05
0.114,0.8185035209655085,0.0022852806843274105,0.010581061511856893,0.005303267157223174,0.0669319520107263,0.00027406668872571345,0.00793251271208327,0.0004307212694284793,0.07190916701238242,0.00020620690492384697,0.001136076577611471,0.0004721795048038805,0.013165079766924988,4.389759761886138e-05,0.0007397161894413956,8.529344641345187e-05
0.116,0.8215810284068619,0.002407866620808873,0.010815190219222143,0.00545994205941041,0.06533419490156589,0.00028375125791740645,0.008076367697789653,0.0004306781741844126,0.06999551403365799,0.0002106723891298768,0.0011293659661597386,0.000471240869532458,0.012940643396540191,4.5203701665030725e-05,0.0007324235413441606,8.591676420986292e-05
0.11800000000000001,0.8245351654363802,0.0025319954112927724,0.011049073835105689,0.005613748427922954,0.06378752624693344,0.0002933269425175521,0.008217289711861708,0.0004302228191833102,0.06813718672548107,0.00021486432038803012,0.0011227938813049912,0.0004697853264361355,0.012738900313889258,4.6522485300471e-05,0.0007250192989201389,8.657881708235862e-05
0.12,0.8273700172939148,0.0026575053663615935,0.01128250556762815,0.0057646007881583085,0.062290931765595504,0.0003027891844914759,0.008355244907477757,0.0004293914316107826,0.06633314992347843,0.00021878527533109442,0.0011163610077934147,0.0004678526030915194,0.012558200390847173,4.78553012798425e-05,0.0007175281540445168,8.72810388956237e-05
0.122,0.8300895806505547,0.0027842375960500103,0.011515285888424922,0.00591242639454909,0.06084337272976623,0.00031213432879903747,0.008490207504302254,0.0004282189187966162,0.06458234567538657,0.0002224389876553153,0.0011100685254812066,0.00046548114257733645,0.012397000672424692,4.9203299095119565e-05,0.0007099734914221088,8.802419471476872e-05
0.124,0.8326977621870756,0.0029120363830460933,0.011747222770919736,0.006057164443708322,0.059443790659884706,0.0003213595376574639,0.00862215925421402,0.0004267387828464768,0.0628836976869632,0.00022583022043498848,0.001103918011655206,0.00046270800695275444,0.01225385880184358,5.056742461882498e-05,0.0007023773688721584,8.880845930701268e-05
0.126,0.8351983775213733,0.003040749511643722,0.011978131880443794,0.006198765311943643,0.05809111163296157,0.0003304627084960296,0.008751088926177528,0.0004249830571460944,0.06123611539620609,0.00022896464415248993,0.001097911350738849,0.00045956880384624227,0.012127426831464014,5.194842241584332e-05,0.0006947605101904745,8.963349080024303e-05
0.128,0.837595150455373,0.0031702285550043656,0.012207836719590383,0.006337189818438802,0.05678425022963053,0.00033944239594683,0.008876991810816392,0.0004229822621188555,0.05963849770079838,0.00023184872084354194,0.001092050651397531,0.0004560976333727571,0.012016445398132476,5.334684030741048e-05,0.0006871423088728623,9.049849935597527e-05
0.13,0.839891712513775,0.0033003291232641158,0.012436168732104421,0.006472408515082284,0.05552211314365573,0.00034829773811572356,0.00899986924505425,0.0004207653778493896,0.0580897363622658,0.0002344895946351665,0.001086338170971839,0.0004523270528508913,0.011919738242605397,5.476303580708272e-05,0.0006795408411476132,9.140231081510806e-05
0.132,0.842091602748799,0.003430911074983528,0.012662967368503803,0.006604401003640636,0.05430360247632299,0.0003570283872911506,0.009119728157018508,0.0004183598314026479,0.056588719108964236,0.0002368949888480434,0.0010807762470958734,0.0004482880570280308,0.011836207053745135,5.619718408406625e-05,0.000671972886917282,9.234342535516311e-05
0.134,0.8441982677867628,0.003561838694385906,0.012888080116516664,0.006733155280724754,0.05312761873687565,0.000365634445174616,0.00923658063125448,0.0004157914968703556,0.055134332458713256,0.0002390731097442531,0.0010753672362994343,0.00044401007174107483,0.011764826619180924,5.7649287143732175e-05,0.0006644539573513566,9.332007126067007e-05
0.136,0.846215062093962,0.0036929808367666874,0.013111362499299062,0.006858667110778686,0.0519930635689503,0.00037411640265391116,0.009350443494169898,0.0004130847063649988,0.053725464280653286,0.00024103255692415983,0.0010701134593458545,0.0004395209591435109,0.01170464026508058,5.9119183948090695e-05,0.0006569983280021695,9.433025395681845e-05
0.138,0.848145248440815,0.003824211044384392,0.013332678044271533,0.006980939427129075,0.05089884222181406,0.0003824750840874242,0.009461337919519775,0.00041026227035609265,0.0523610061147255,0.0002427822403110549,0.0010650171530202357,0.0004348470328172808,0.01165475556858865,6.060656123019e-05,0.0006496190764368651,9.537180049284042e-05
0.14,0.8499919985446985,0.003955407635064286,0.013551898225283852,0.0070999817609674505,0.049843865784109806,0.00039071159602411176,0.009569289053648353,0.00040734550590497875,0.051039855266056554,0.0002443313036078617,0.0010600804280547166,0.0004300130812607103,0.0116143403273562,6.211096478567698e-05,0.0006423281234889887,9.644239968787688e-05
0.14200000000000002,0.8517583938732454,0.00408645376566089,0.013768902380685066,0.007215809697994113,0.04882705319677109,0.0003988272802478168,0.009674325660125773,0.00040435427150335257,0.04976091669046838,0.00024568905406548603,0.00105530523285694,0.00042504239840255854,0.011582618771416418,6.363181105200752e-05,0.0006351362773347443,9.753963817005615e-05
0.14400000000000002,0.8534474265911686,0.004217237472436338,0.013983577609743052,0.007328444362329765,0.04784733306077627,0.0004068236710057368,0.009776479783351402,0.00040130700735779563,0.04852310468632861,0.0002468648983661893,0.0010506933226941246,0.00041995681993778865,0.01155886800345083,6.516839881098659e-05,0.0006280532796917503,9.866103255068218e-05
0.146,0.8550620006348877,0.004347651690319579,0.014195818649724764,0.0074379119271969045,0.04690364525446923,0.00041470245625810115,0.009875786430641636,0.000398220780088403,0.04732534440700467,0.0002478682843966614,0.0010462462339771658,0.0004147767644137674,0.011542414654244226,6.67199208734556e-05,0.0006210878535227045,9.980405798105185e-05
0.148,0.8566049329003698,0.0044775942529175095,0.014405527735816187,0.007544243151785622,0.045994942374278355,0.0004224654427687372,0.009972283272276129,0.0003951113309248124,0.046166573207283214,0.00024870864866334455,0.001041965263286103,0.00040952127811704826,0.01153263174084329,6.82854756260635e-05,0.0006142477517032845,0.00010096617334057331
0.15,0.858078954530682,0.004606967875054526,0.01461261444593098,0.007647472943646173,0.04512019101181833,0.000430114524843517,0.010066010358942116,0.00039199312658822155,0.0450457418362654,0.00024939536908619517,0.001037851450779437,0.00040420808292148855,0.011528935715616608,6.986407833922636e-05,0.0006075398061834025,0.00010214484330245376
0.152,0.8594867122907557,0.004735680119522207,0.014816995532328793,0.007747639945891663,0.04427837287955405,0.00043765165651500295,0.010157009855989855,0.0003888794121439401,0.0439618154884427,0.00024993772289568465,0.0010339055676343736,0.00039885362635890665,0.011530783695062356,7.14546721526747e-05,0.0006009699772340484,0.0001033375575180227
0.154,0.860830770017818,0.004863643349626869,0.015018594741839756,0.00784478614844735,0.043468485796445716,0.000445078826966432,0.01024532579389325,0.00038578226519631536,0.04291377472389863,0.0002503448493507787,0.0010301281071726277,0.0003934731332645758,0.011537670857826776,7.305613867051149e-05,0.0005945434024289454,0.0001045418471534053
0.156,0.8621136101368361,0.004990774669029959,0.015217342626370292,0.007938956522546645,0.04268954454427309,0.0004523980389859372,0.010331003834296656,0.00038271265087708737,0.04190061626786464,0.0002506257169922574,0.0010265192793363115,0.00038808065843223713,0.011549128001982413,7.466730811155407e-05,0.0005882644450615287,0.00010575529900329251
0.158,0.8633376352311586,0.005116995850285289,0.01541317634524827,0.00803019867764711,0.041940581604656725,0.0004596112902421805,0.010414091051021567,0.0003796804771499548,0.04092135369918266,0.00025078909514551155,0.0010230790081902578,0.00038268913978768747,0.011564719252171037,7.6286968973026e-05,0.0005821367417437977,0.00010697556739641677
0.16,0.8645051696593223,0.005242233253388336,0.015606039460852324,0.008118562539921048,0.04122064778614957,0.0004667205571749265,0.010494635725404133,0.00037669465001893463,0.03997501803658997,0.00025084352938937576,0.0010198069321404137,0.00037731045165697013,0.011584039907743947,7.791387717650665e-05,0.000576163248974821,0.00010820038409640445
0.162,0.8656184612097273,0.005366417735566577,0.01579588172886169,0.008204100051464061,0.040528812750165656,0.0004737277812981836,0.010572687155335984,0.00037376312828650045,0.039060658231142964,0.00025079732071219674,0.0010167024065723881,0.0003719554577653822,0.011606714423532827,7.954676467455335e-05,0.0005703462885034702,0.00010942756639024179
0.164,0.866679682785569,0.005489484553456331,0.01598265888435867,0.00828686488936002,0.039864165443938684,0.0004806348577190374,0.010648295477385777,0.0003708929775599914,0.03817734157253197,0.00025065850808279866,0.0010137645086294538,0.00036663406365745644,0.011632394515358557,8.118434750468762e-05,0.0005646875913427074,0.00011065502354490588
0.166,0.8676909341130621,0.005611373258731164,0.01616633242491653,0.008366912203741476,0.0392258144481629,0.00048744362568193335,0.010721511501386874,0.00036809042325187887,0.037324154016509355,0.0002504348541719521,0.001010992043865093,0.00036135526827631826,0.011660757382835013,8.282533328459534e-05,0.0005591883403218086,0.00011188076180097707
0.168,0.8686542434665887,0.005732027588169574,0.0163468693917111,0.008444298373989993,0.03861288824645927,0.0004941558609556799,0.010792386556887044,0.0003653609023615996,0.03650020044015489,0.0002501338339690755,0.001008383554521241,0.0003561272144838444,0.01169150404245047,8.446842814852667e-05,0.0005538492110885895,0.00011310288806042351
0.17,0.8695715694049615,0.005851395349075631,0.016524242149604247,0.008519080782230364,0.03802453542332965,0.0005007732698886201,0.010860972350868706,0.00036270911386423966,0.03570460483123414,0.00024976262604893464,0.0010059373291995525,0.0003509572383413189,0.011724357764312252,8.611234313009817e-05,0.0005486704114963218,0.00011431961241435697
0.17200000000000001,0.8704448025135197,0.005969428300895626,0.016698428167062556,0.00859131760328578,0.03745992479681058,0.0005072974849660796,0.010927320836162605,0.0003601390675647739,0.03493651041746689,0.0002493281062538223,0.0010036514137091233,0.00034585191700422857,0.011759062606321589,8.775580000108319e-05,0.0005436517193298759,0.00011552924964550018
0.17400000000000002,0.8712757671472566,0.006086082033806328,0.01686940979669369,0.008661067610276851,0.03691824549161261,0.0005137300617131755,0.010991484089993456,0.00035765413130619205,0.034195079741110274,0.00024883684356789707,0.0010015236228899673,0.0003408171151148439,0.011795382039906373,8.93975365794163e-05,0.0005387925183429456,0.00011673021982945044
0.176,0.8720662231706319,0.006201315844986651,0.017037174057107488,0.008728389995065982,0.03639870695813185,0.0005200724767952228,0.011053514202113028,0.00035525707644602485,0.033479494683875385,0.0002482950979718643,0.0009995515532271132,0.00033585802960268263,0.011833097661780525,9.10363115226123e-05,0.0005340918325932778,0.00011792104814862925
0.178,0.872817867690146,0.006315092613223888,0.01720171241673716,0.00879334420276893,0.03590053894234526,0.0005263261271772015,0.011113463171993857,0.00035295012153883,0.03278895644683444,0.00024770882007784604,0.000997732596085294,0.000330979232826167,0.011872007986521176,9.267090862518545e-05,0.00052954835907583,0.00011910036402310693
0.18,0.8735323367761384,0.006427378672448453,0.01736302058018916,0.00885598977957756,0.03542299141124779,0.0005324923302129185,0.011171382814574998,0.00035073497418240386,0.03212268548963637,0.00024708365235597614,0.0009960639514088173,0.0003261847140090897,0.011911927315059386,9.43001406405153e-05,0.0005251604986649391,0.00012026689965330791
0.182,0.8742112071706384,0.006538143684737035,0.017521098277627538,0.008916386233161107,0.03496533443815893,0.0005385723245435682,0.011227324674070045,0.0003486128710031193,0.031479921433032056,0.000246424931775875,0.0009945426417452357,0.00032147791894317565,0.011952684674467844,9.59228526490091e-05,0.0005209263853861079,0.00012141948806095267
0.184,0.8748559979784333,0.006647360513273366,0.017675949057640045,0.008974592904937692,0.0345268580519156,0.0005445672716942622,0.011281339945366713,0.00034658461577110965,0.03085992292841356,0.00024573769369761015,0.0009931655264648737,0.0003168617879433424,0.011994122824700823,9.753792499541197e-05,0.0005168439140460365,0.0001225570607064746
0.186,0.8754681723388272,0.006755005095708047,0.017827580083978584,0.009030668853532832,0.03410687205367669,0.0005504782582657307,0.011333479402566186,0.0003446506156492369,0.03026196749779462,0.00024502667685795545,0.000991929316061028,0.0003123387920554397,0.012036097328197892,9.914427581876642e-05,0.0005129107662562386,0.00012367864475356326
0.188,0.8760491390758582,0.006861056318314239,0.01797600193651591,0.009084672748767288,0.03370470580479229,0.0005563062986267381,0.011383793334229758,0.00034281091559113094,0.029685351347400635,0.0002442963293086777,0.0009908305864277777,0.00030791096752754365,0.01207847567850522,0.00010074086319887421,0.0005091244348911249,0.0001247833600444206
0.19,0.8766002543249976,0.006965495891294241,0.018121228416713115,0.00913666277554235,0.033319707988933994,0.0005620523380207665,0.011432331484919038,0.0003410652309132364,0.029129389157794134,0.00024355081517413402,0.0009898657930237466,0.00030357994856545524,0.012121136484296326,0.00010232668694320155,0.0005054822470259081,0.0001258704158427555
0.192,0.8771228231346099,0.007068308225553027,0.018263276357849,0.009186696547016532,0.032951246351444224,0.0005677172560081965,0.01147914300263482,0.0003394129780739519,0.02859341385323623,0.0002427940221056432,0.000989031284840904,0.00029934699840112445,0.012163968705389631,0.00010390079003804008,0.0005019813854032641,0.00012693910739547458
0.194,0.8776181010406778,0.007169480311218511,0.01840216544022194,0.009234831026493527,0.03259870741863765,0.0005733018701725088,0.011524276391778087,0.0003378533036997432,0.028076776352773825,0.00024202956931985097,0.0009883233181075298,0.00029521303870943947,0.012206870937563293,0.00010546225978741963,0.0004986189084804232,0.00012798881235842429
0.196,0.8780872956134976,0.007269001598154611,0.01853791801149767,0.009281122457466786,0.032261496199579,0.0005788069400259464,0.011567779471274667,0.000336385111903701,0.02757884530534575,0.00024126081611763268,0.0009877380696638475,0.00029117867741433514,0.012249750743158986,0.00010701022866279702,0.0004953917691103972,0.00012901898712638812
0.198,0.8785315679752512,0.0073668638786819046,0.018670558912342226,0.009325626301291415,0.03193903587266509,0.0005842331710566184,0.011609699337522626,0.00033500708994654686,0.02709900681101812,0.00024049087078895185,0.0009872716499575223,0.0002872442349296404,0.012292524024646884,0.00010854387488594709,0.0004922968319124506,0.0001300291631028144
0.2,0.8789520342875341,0.007463061172691787,0.01880011530744802,0.009368397181978984,0.03163076745915626,0.0005895812188651619,0.011650082331838741,0.0003337177322936681,0.026636664130288798,0.0002397225998175096,0.000986920115614299,0.00028340976888360515,0.012335114438493958,0.0001100624227667801,0.0004893308893877805,0.00013101894294042406
0.202,0.8793497672080766,0.007557589615313243,0.018926616522032116,0.009409488837635021,0.03133614948563137,0.0005948516933448328,0.011688974012096833,0.0003325153631245122,0.026191237383241826,0.00023895863730697526,0.0009866794815464655,0.00027967509737875226,0.012377452846837791,0.0001115651428170262,0.00048649067683674205,0.0001319879967799
0.20400000000000001,0.8797257973160496,0.007650447347266822,0.019050093883859757,0.009448954078083006,0.031054657637181106,0.000600045162864276,0.011726419128267034,0.0003313981573526836,0.02576216324018536,0.00023820139455808917,0.0009865457325686736,0.00027603982084068227,0.01241947680461895,0.00011305135165988146,0.0004837728861339328,0.00013293605851026513
0.20600000000000002,0.8800811145054788,0.007741634408017758,0.0191705805708224,0.009486844748241598,0.03078578440300542,0.0006051621584172203,0.011762461601580527,0.00033036416021645754,0.025348894605269207,0.00023745306973297397,0.0009865148344968932,0.00027250334251081377,0.012461130079966864,0.0001145204117548181,0.0004811741784170608,0.00013386292207129575
0.20800000000000002,0.8804166693464134,0.007831152631819398,0.019288111464077908,0.009523211696844504,0.030529038715942487,0.0006102031777079772,0.011797144507059291,0.0003294113055002334,0.02495090029445049,0.00023671565754959073,0.0009865827447119709,0.0002690648876388502,0.012502362205767855,0.000115971730955837,0.00047869119574483896,0.00013476843781536115
0.21,0.8807333744136104,0.007919005546719142,0.019402723006741014,0.009558104750114003,0.030283945587326944,0.0006151686891459028,0.011830510059164792,0.00032853743244777334,0.024567664709057285,0.00023599095895544359,0.0009867454221744348,0.00026572352143110006,0.0125431280604697,0.00011740476192049661,0.0004763205717782146,0.00013565250894341453
0.212,0.8810321055825953,0.008005198276581787,0.01951445306809468,0.009591572690020393,0.030050045738455183,0.0006200591357259299,0.011862599600333437,0.0003277403014279735,0.024198687506090305,0.00023528059073538328,0.000986998836881868,0.0002624781658107103,0.012583387476295478,0.00011881900138610182,0.00047405894153809534,0.00013651508802745962
0.214,0.8813137032930566,0.008089737446169384,0.019623340813277344,0.009623663236779774,0.02982689522982323,0.0006248749387758851,0.011893453592179882,0.0003270176084134567,0.0238434832663005,0.00023458599501369743,0.0009873389787643677,0.0002593276150454562,0.012623104873150935,0.00012021398932848277,0.000471902950291413,0.0001373561736296606
0.216,0.8815789737796106,0.008172631089302428,0.019729426578386923,0.009654423035262203,0.029614065089198595,0.0006296165015546186,0.011923111609161914,0.0003263669983315076,0.02350158116098571,0.00023390844861562334,0.0009877618660173763,0.0002562705502980238,0.012662248916614162,0.0001215893080178515,0.00046984926161590596,0.00013817580702633466
0.218,0.881828690270054,0.008253888560114232,0.019832751750930036,0.00968389764500108,0.029411140939490665,0.0006342842126879813,0.011951612334512876,0.0003257860773458477,0.023172524618362014,0.00023324907225799043,0.0009882635528745119,0.0002533055531527651,0.01270079219849511,0.00012294458098529456,0.00046789456469242704,0.00013897406904334462
0.22,0.882063594151281,0.008333520447398688,0.019933358655533924,0.009712131533512485,0.029217722627294045,0.0006388784494324147,0.011978993558259017,0.00032527242412650213,0.022855870990283862,0.0002326088395429127,0.0009888401368259808,0.00025043111817174893,0.012738710938544952,0.00012427947191255082,0.00046603558087192343,0.00013975107700787945
0.222,0.8822843961031208,0.008411538492041192,0.020031290444829177,0.009739168072650742,0.029033423852896176,0.0006433995807583936,0.012005292177150474,0.000324823600163593,0.022551191220012506,0.00023198858573232647,0.0009894877652907746,0.00024764566453160396,0.012775984705982653,0.00012559368345684078,0.00046426906956251787,0.00014050698182025537
0.224,0.8824917772003787,0.008487955507512988,0.020126590995402496,0.00976504953774262,0.028857871802462225,0.0006478479702481675,0.012030544196344677,0.0003244371591793221,0.022258069511661913,0.00023138901628471338,0.0009902026417530814,0.00024494754679118695,0.01281259615958766,0.00012688695602165417,0.00046259183348034186,0.00014124196514817355
0.226,0.8826863899834425,0.008562785303400992,0.020219304808712257,0.009789817109258681,0.028690706783039345,0.0006522239788042523,0.012054784732691426,0.00032411065569072937,0.02197610300188789,0.00023081071513859775,0.000990981031375333,0.00024233506483854736,0.012848530805185,0.00012815906648357977,0.000461000723305991,0.00014195623674482193
0.228,0.8828688594978342,0.008636042611937672,0.02030947691685283,0.009813510876795111,0.028531581860955023,0.0006565279671668792,0.012078048019477997,0.0003238416527740405,0.02170490143432631,0.00023025415273035684,0.0009918192661019475,0.00023980647306400717,0.012883776769421118,0.00012940982688446607,0.0004594926417866541,0.0001426500318912898
0.23,0.8830397843031418,0.008707743017489073,0.020397152793049027,0.009836169845153783,0.028380162504123122,0.0006607602982401869,0.012100367412501898,0.0003236277290795809,0.021444086837231823,0.0002297196937365692,0.0009927137492692429,0.0002373599888044729,0.012918324588796938,0.00013063908309744377,0.0004580645473221722,0.00014332360896296694
0.232,0.8831997374517883,0.008777902888953266,0.020482378266757497,0.009857831942321876,0.02823612622871387,0.0006649213392283155,0.012121775397347252,0.00032346648514435086,0.02119329320471783,0.00022920760453355314,0.000993660959738161,0.00023499380010234938,0.012952167012988427,0.00013184671347461606,0.0004567134570714819,0.00014397724711891
0.234,0.883349267438133,0.008846539315016774,0.020565199443248614,0.009878534029165414,0.0280991622505916,0.0006690114635837779,0.012142303597749034,0.00032335554904745214,0.020952166181952062,0.00022871806036893976,0.0009946574555673774,0.0002327060728206596,0.012985298821545064,0.0001330326274835369,0.0004554364496141316,0.0001446112441125685
0.23600000000000002,0.8834888991184158,0.00891367004221195,0.020645662627539838,0.009898311910663244,0.027968971141875226,0.000673031052771522,0.012161982784936878,0.00032329258145162576,0.020720362754619283,0.00022825115224208944,0.0009956998772451132,0.0002304949571541973,0.013017716653112797,0.000134196764338943,0.0004542306671998103,0.00014522591422176063
0.23800000000000002,0.8836191346020839,0.00897931341571491,0.020723814252549367,0.009917200348519754,0.02784526449293157,0.0006769804978530031,0.012180842887857533,0.0003232752800722507,0.02049755094292327,0.00022780689349192473,0.000996784950498529,0.00022835859357477035,0.013049418846381248,0.00013533909163559218,0.0004530933176171254,0.00014582158629536596
0.24,0.8837404541150555,0.009043488322820386,0.020799700811337828,0.009935233075005585,0.027727764580070292,0.0006808602008953447,0.012198913004181805,0.00032330138361323483,0.02028340950036384,0.00022738522609231705,0.0009979094886999672,0.00022629511824683374,0.013080405292004457,0.00013645960398747778,0.00045202167571119586,0.0001463986019138526
0.242,0.8838533168354895,0.009106214139027468,0.020873368793304863,0.00995244280788609,0.02761620403917118,0.0006846705762113126,0.012216221412008324,0.0003233686752073511,0.020077627617491905,0.00022698602665655718,0.0009990703948895613,0.0002243026679480812,0.013110677294791265,0.00013755832167814574,0.00045101308457800817,0.00014695731366046706
0.244,0.8839581617026399,0.009167510676668033,0.02094486462420716,0.00996886126630715,0.027510325545439196,0.0006884120514363478,0.0122327955821825,0.000323474985396711,0.01987990463081466,0.0002266091121536602,0.001000264663433839,0.00022237938452786098,0.013140237445505227,0.00013863528932632783,0.0004500649564619098,0.0001474980834996854
0.246,0.8840554081993905,0.009227398136008197,0.021014234609864957,0.009984519187517272,0.027409881499450943,0.0006920850684493349,0.012248662191154834,0.0003236181946872513,0.019689949736995355,0.0002262542453403298,0.0010014893813399411,0.00022052341893461817,0.013169089501655152,0.00013969057457062815,0.0004491747733810948,0.00014802128125934483
0.248,0.8841454571090656,0.009285897058751828,0.021081524883424376,0.009999446344313724,0.0273146337196262,0.0006956900841441093,0.012263847134308125,0.0003237962357093337,0.019507481712466527,0.0002259211399133366,0.0010027417292449708,0.00021873293484194427,0.013197238276695935,0.0001407242667765531,0.00044834008750446936,0.00014852728321273855
0.25,0.8842286912471151,0.009343028283874318,0.021146781356044128,0.01001367156310874,0.027224353141231405,0.00069922757105896,0.012278375539688153,0.0003240070950148267,0.019332228638552232,0.00022560946538786763,0.0010040189820997758,0.00021700611190123793,0.01322468953709565,0.00014173647576876033,0.00044755852130187447,0.00014901647075686093
0.252,0.8843054761682875,0.00939881290571439,0.021210049670876488,0.010027222742519642,0.02713881952199714,0.0007026980178715553,0.012292271782077266,0.00032424881453936685,0.019163927632173616,0.00022531885170808935,0.0010053185095661922,0.00021534114864745727,0.013251449906759003,0.0001427273305910183,0.0004468277674882875,0.00014948922918293052
0.254,0.8843761608498923,0.009453272234251442,0.021271375160213997,0.01004012687239413,0.02705782115440903,0.0007061019297668267,0.012305559497354847,0.00032451949275686954,0.019002324582192805,0.00022504889359674246,0.0010066377761464224,0.00021373626508296867,0.013277526778329031,0.0001436969782960108,0.0004461455887813276,0.00014994594653528628
0.256,0.8844410783517596,0.00950642775749595,0.0213308028056752,0.010052410053188795,0.026981154584710697,0.0007094398286853888,0.01231826159709266,0.0003248172855517926,0.018847173891432287,0.00022479915465106352,0.0010079743410627922,0.0002121897049630763,0.01330292823091903,0.0001446455827667913,0.0004455098174901433,0.00015038701255474818
0.258,0.8845005464535026,0.009558301105920852,0.021388377201305,0.01006409751562556,0.02690862433863894,0.0007127122534600763,0.012330400283337276,0.0003251404068331531,0.01869823822439132,0.00022456917119272022,0.0010093258579056863,0.00021069973780545343,0.013327662953854836,0.0001455733235713911,0.00044491835495258163,0.00015081281770255351
0.26,0.8845548682696835,0.009608914018862193,0.021444142519467274,0.01007521364055673,0.026840042653893774,0.0007159197598481104,0.012341997063535344,0.0003254871289128401,0.018555288260666027,0.0002243584558797509,0.0010106900740669308,0.00020926466064438294,0.013351740176033853,0.0001464803948518037,0.00044436917083640114,0.00015122375226101712
0.262,0.8846043328434812,0.009658288312818165,0.021498142479410173,0.010085781978975089,0.026775229219331082,0.0007190629204663324,0.01235307276556105,0.00032585578266938173,0.018418102454067064,0.0002241665010887383,0.0010120648299753623,0.00020788279954946418,0.013375169600532198,0.00014736700424831603,0.0004438603023192209,0.00015162020550712004
0.264,0.884649215719452,0.009706445851576352,0.02155042031838688,0.010095825272110899,0.02671401092085099,0.0007221423246367954,0.012363647552808301,0.00032624475751699087,0.018286466797416707,0.00022399278207561093,0.0010134480581507396,0.0002065525109272402,0.013397961344114372,0.00014823337185992163,0.0004433898531608729,0.00015200256495530014
0.266,0.8846897794959708,0.009753408518100172,0.021601018765217406,0.010105365471562574,0.026656221593942944,0.000725158578149859,0.012373740939313326,0.0003266525011984422,0.018160174592996632,0.00022383675992357978,0.0010148377820915575,0.00020527218262305708,0.013420125881321764,0.00014907972924134031,0.0004429559926808562,0.00015237121566579988
0.268,0.8847262743579296,0.009799198188106453,0.021649980016179998,0.010114423759412593,0.026601701782836863,0.0007281123029517395,0.012383371804876152,0.0003270775194191195,0.01803902622860823,0.00022369788428677257,0.0010162321150117154,0.00020404023483937706,0.013441673992836729,0.0001499063184369759,0.000442556954652674,0.00015272653961501795
0.27,0.8847589385902676,0.009843836705267502,0.02169734571312342,0.01012302056828453,0.02655029850619967,0.0007310041367632644,0.012392558410152204,0.0003275183753384167,0.017922828959198608,0.0002235755959381375,0.0010176292584403587,0.00020285512088572867,0.013462616717838173,0.00015071339105196852,0.0004421910361259646,0.0001530689151244103
0.272,0.8847879990728921,0.009887345857972192,0.021743156923694475,0.010131175601301229,0.026501865029307268,0.0007338347326363532,0.012401318411687677,0.0003279736889335762,0.017811396693997956,0.00022346932913015855,0.0010190275006985833,0.00020171532777449279,0.013482965310082471,0.00015150120736034297,0.00044185659618651684,0.00015339871634459214
0.274,0.884813671757547,0.009929747357582062,0.021787454123578128,0.010138907851907946,0.026456260642614138,0.0007366047584545098,0.012409668876874738,0.0003284421362500033,0.017704549789107016,0.00022337851377685362,0.0010204252152660567,0.00020061937667578794,0.013502731197460581,0.00015227003545011092,0.00044155205466348533,0.0001537163127914033
0.276,0.8848361621271734,0.009971062818119995,0.02183027718065067,0.010146235623527875,0.02641335044663545,0.0007393148963833618,0.012417626298804845,0.00032892244855110576,0.017602114845467816,0.00022330257746542927,0.0010218208590499734,0.0001995658232438339,0.013521925944797885,0.000153020150405062,0.0004412758907923932,0.00015402206893081323
0.278,0.8848556656382945,0.010011313737330342,0.02187166534094933,0.010153176549020725,0.02637300514305023,0.0007419658422770179,0.012425206611000323,0.00032941341137976985,0.01750392451214507,0.00022324094730583388,0.001023212970568128,0.00019855325782633203,0.01354056121967817,0.0001537518335228632,0.00044102664184181853,0.00015431634380965869
0.28,0.8848723681469526,0.010050521479051187,0.021911657216364976,0.010159747609918201,0.02633510083192882,0.0007445583050457564,0.012432425202006544,0.0003299138635426948,0.017409817294841576,0.00022319305162630287,0.0010246001680572644,0.00019758030556761124,0.013558648761087137,0.0001544653715689909,0.00044080290171101874,0.00015459949072932564
0.28200000000000003,0.8848864463187123,0.010088707256840884,0.021950290773967547,0.01016596515541306,0.026299518814982895,0.0007470930059902841,0.012439296929828533,0.0003304226960279729,0.01731963736956665,0.00022315832152281292,0.0010259811475172489,0.00019664562641553832,0.013576200350683805,0.00015516105606592912,0.00044060331950513933,0.0001548718569596057
0.28400000000000003,0.8848980680232292,0.01012589211880262,0.021987603326876763,0.010171844921081011,0.026266145404732218,0.0007495706781075349,0.012445836136197631,0.00033093885086550665,0.01723323440137331,0.0002231361922701736,0.001027354680700993,0.00019574791504148664,0.013593227786520343,0.00015583918261699402,0.00044042659809408224,0.00015513378349007575
0.28600000000000003,0.8849073927138851,0.01016209693355257,0.022023631526594072,0.010177402047317393,0.026234871739479044,0.0007519920653727114,0.012452056660655436,0.0003314613199391139,0.017150463368077247,0.0002231261046022812,0.0010287196130594827,0.00019488590068199297,0.013609742859042536,0.00015650005026407882,0.00044027149266058133,0.00015538560481646887
0.28800000000000003,0.8849145717929612,0.010197342377278628,0.02205841135671432,0.010182651097472581,0.02620559360397771,0.000754357922001991,0.012457971854443431,0.00033198914375846437,0.017071184388867722,0.000223127505868839,0.001030074861650665,0.00019405834691010477,0.013625757329213575,0.00015714396087855494,0.0004401368092425264,0.000155627648759619
0.29,0.8849197489628312,0.010231648921838584,0.02209197812793912,0.010187606075672491,0.026178211255685188,0.0007566690117000707,0.012463594594188401,0.00033252141019833825,0.01699526255771923,0.00022313985107562785,0.001031419413020407,0.00019326405134383477,0.0136412829086142,0.0001577712185845213,0.00044002140327412044,0.00015586023631467927
0.292,0.8849230605636237,0.010265036823848044,0.02212436647431627,0.01019228044431224,0.02615262925647576,0.0007589261068964403,0.012468937295374597,0.0003330572532120689,0.016922567781510352,0.0002231626038151716,0.0010327523210631698,0.0001925018452985835,0.013656331241381426,0.00015838212921354998,0.0004399241781300095,0.00015608368152842446
0.294,0.8849246358978117,0.010297526114710282,0.022155610350633025,0.010196687141213037,0.026128756309702097,0.0007611299879740389,0.012474011925595071,0.0003335958515254588,0.016852974622755767,0.0002231952370944088,0.00103407270486954,0.00019177059338987566,0.013670913887857164,0.00015897699979004848,0.0004398440836761296,0.00015629829140256026
0.296,0.8849245975421567,0.01032913659154158,0.022185743030893268,0.01020083859643389,0.026106505102483364,0.0007632814424936733,0.012478830017575358,0.0003341364273169054,0.01678636214685581,0.0002232372340657341,0.001035379746567218,0.00019106919309226528,0.01368504230982612,0.00015955613804632805,0.0004397801148306258,0.00015650436582106687
0.298,0.8849230616474463,0.010359887808947485,0.02221479710781212,0.010204746748731406,0.026085792153101035,0.0007653812644173613,0.012483402681964063,0.0003346782448889711,0.016722613773767943,0.00022328808866753575,0.0010366726891616156,0.000190396574259815,0.013698727857230428,0.00016011985196645427,0.000439731310137862,0.00015670219749971278
0.3,0.8849201382264255,0.010389799071606738,0.022242804493263265,0.010208423061662173,0.026066537663381573,0.0007674302533334928,0.012487740619885323,0.0003352206093361454,0.01666161713400348,0.00022334730618010123,0.0010379508343816835,0.00018975169861312085,0.013711981756255369,0.0001606684493579351,0.00043969675035819555,0.00015689207195597026
0.302,0.88491593143034,0.010418889427621486,0.02226979641961809,0.01021187853932373,0.026048665375946297,0.0007694292136865027,0.012491854135249435,0.0003357628652131113,0.016603263928853456,0.00022341440370252772,0.0010392135405362067,0.00018913355919746242,0.013724815098687792,0.00016120223745029857,0.0004396755570759061,0.00015707426749766803
0.304,0.8849105398144752,0.01044717766259367,0.02229580344191728,0.010215123741731157,0.026032102436208012,0.0007713789540135049,0.012495753146818405,0.0003363043952074055,0.016547449794747187,0.00022348891055602512,0.0010404602203853118,0.00018854117981628116,0.013737238832454906,0.0001617215225196032,0.000439666891327375,0.00015724905522880597
0.306,0.8849040565930765,0.010474682294389163,0.022320855440818684,0.010218168799827447,0.02601677925899478,0.0007732802861901365,0.01249944720002397,0.0003368446188199776,0.016494074171647496,0.0002235703686187607,0.0010416903390315542,0.00018797361444384292,0.013749263753257338,0.00016222660953792641,0.000439669952251357,0.0001574166990710511
0.308,0.8848965698840254,0.010501421568552664,0.022344981626267527,0.010221023430126855,0.02600262939968196,0.000775134024687653,0.012502945478536408,0.0003373829910567946,0.016443040175387155,0.00022365833259715937,0.0010429034118345504,0.00018742994662061704,0.01376090049721585,0.00016271780184687806,0.00043968397576294794,0.00015757745579951965
0.31,0.8848881629436272,0.010527413454337754,0.02236821054183735,0.010223696948991267,0.025989589429714174,0.0007769409858431176,0.012506256815582865,0.00033791900113429676,0.016394254473851552,0.00022375237023833624,0.001044099002352738,0.00018690928883460095,0.013772159534456426,0.0001631954008541917,0.0004397082332526255,0.00015773157509153457
0.312,0.8848789143918652,0.010552675641318062,0.022390570069692552,0.010226198286540483,0.02597759881640022,0.0007787019871443472,0.012509389705014693,0.00033845217120120674,0.016347627166913528,0.00022385206248811546,0.0010452767203154982,0.00018641078189153876,0.013783051163563403,0.00016365970575245778,0.0004397420303115424,0.00015787929958712847
0.314,0.8848688984284616,0.010577225536546718,0.02241208743612555,0.010228536000198019,0.025966599806864967,0.0007804178465310921,0.012512352312123637,0.0003389820550789,0.01630307167002715,0.0002239570035988615,0.0010464362196285447,0.0001859335942767193,0.013793585506834877,0.000164111013259071,0.00043978470548405955,0.0001580208649601381
0.316,0.8848581850400736,0.01060108026223274,0.022432789217623813,0.010230718287874783,0.025956537316043717,0.0007820893817137673,0.012515152484207275,0.0003395082370222804,0.016260504601388233,0.00022406680119113409,0.0010475771964151483,0.00018547692151079683,0.013803772506278993,0.0001645496173764815,0.00043983562904833785,0.00015815649999881127
0.318,0.8848468401989471,0.010624256653904244,0.022452701347424033,0.010232753000793451,0.025947358818605815,0.0007837174095108827,0.012517797760884505,0.00034003033050285643,0.016219845672570496,0.00022418107627296584,0.0010486993870954843,0.00018503998550185042,0.013813621920293805,0.00016497580917185266,0.0004398942018256464,0.00015828642669491526
0.32,0.8848349260533388,0.010646771259029674,0.022471849122513016,0.010234647655957076,0.025939014244696128,0.0007853027452061808,0.012520295384162295,0.0003405479770154861,0.01618101758254753,0.00022429946322035703,0.001049802566506092,0.0001846220338956896,0.01382314332097716,0.00016538987657524704,0.00043995985401890466,0.00015841086034040446
0.322,0.8848225011100069,0.010668640336069445,0.022490257211036455,0.010236409448265787,0.025931455879384443,0.0007868462019263354,0.012522652308255182,0.00034106084491004857,0.016143945915011962,0.000224421609722382,0.001050886546061183,0.00018422233942621744,0.01383234609201661,0.00016579210419548013,0.00044003204408083976,0.0001585300096307667
0.324,0.8848096204090649,0.010689879853931633,0.02250794966007907,0.01023804526228603,0.025924638265714818,0.0007883485900399449,0.01252487520915949,0.0003415686282491067,0.016108559038904555,0.00022454717669411105,0.0010519511719572713,0.0001838401992674849,0.013841239427112777,0.00016618277315280276,0.00044011025761202585,0.00015864407677422963
0.326,0.8847963356914774,0.010710505491806502,0.022524949903781146,0.010239561683677012,0.02591851811124856,0.0007898107165784133,0.012526970493984328,0.00034207104569244467,0.016074788012067413,0.0002246758381603651,0.0010529963234223794,0.0001834749343889007,0.013849832328892593,0.00016656216092759225,0.00044019400628895724,0.00015875325760606395
0.328,0.8847826955594779,0.010730532639355746,0.02254128077175844,0.010240965010279525,0.025913054197996655,0.0007912333846792092,0.012528944310041892,0.00034256783940920626,0.01604256648793689,0.0002248072811131432,0.0010540219110108456,0.00018312588891490974,0.013858133608271893,0.00016693054122425663,0.0004402828268222141,0.00015885774170727658
0.33,0.8847687456301666,0.01074997639723345,0.02255696449779407,0.01024226126287248,0.025908207295639096,0.0007926173930518718,0.012530802553699667,0.0003430587740182043,0.01601183062519335,0.00022494120534538988,0.0010550278749445572,0.00018279242949030837,0.013866151884229492,0.00016728818384957592,0.00044037627994468573,0.00015895771252703576
0.332,0.8847545286825519,0.010768851577916808,0.022572022728772744,0.01024345619560281,0.025903940077930957,0.0007939635354670384,0.012532550878997437,0.00034354363555683896,0.01598251900028628,0.00022507732326360578,0.0010560141835012481,0.00018247394465223577,0.013873895583957485,0.0001676353546047307,0.00044047394942973853,0.000159053347508221
0.334,0.8847400847982776,0.010787172706825648,0.022586476533829072,0.010244555306094584,0.0259002170421967,0.0007952726002686686,0.01253419470603216,0.0003440222304789358,0.015954572522755065,0.0002252153596816462,0.0010569808314503193,0.0001821698442097584,0.013881372943354875,0.00016797231519028848,0.00044057544113914254,0.00015914481821553448
0.336,0.8847254514962829,0.010804954023710851,0.02260034641368361,0.010245563845243473,0.025897004431816705,0.0007965453699095573,0.01253573922911401,0.0003444943846817027,0.015927934353267132,0.00022535505159790246,0.0010579278385364824,0.00018187955863185412,0.013888592007833987,0.00016829932312344546,0.0004406803821005073,0.00015923229046565623
0.338,0.8847106638616219,0.010822209484292564,0.02261365231014128,0.010246486826702626,0.025894270161611627,0.0007977826205101435,0.012537189424696863,0.0003449599425618993,0.015902549824296754,0.00022549614795791398,0.0010588552480113721,0.00018160253844449946,0.013895560633411082,0.0001686166316668409,0.0004407884196139171,0.00015931592445896304
0.34,0.8846957546686668,0.010838952762130134,0.02262641361572855,0.010247329036066394,0.025891983746032597,0.0007989851214405453,0.012538550059086807,0.0003454187661012197,0.015878366363369444,0.0002256384094043229,0.0010597631252131342,0.00018133825363746974,0.01390228648805461,0.0001689244897682886,0.00044089922038740583,0.00015939587491237185
0.342,0.8846807544989205,0.010855197250706602,0.02263864918344719,0.010248095039758378,0.02589011623006748,0.0008001536349256968,0.012539825695932382,0.00034587073398081,0.01585533341879862,0.0002257816080159527,0.0010606515561938795,0.00018108619308137785,0.013908777053266593,0.00016922314201079337,0.000441012469700872,0.00015947229119290512
0.34400000000000003,0.8846656918536359,0.010870956065711238,0.02265037733662324,0.010248789193630146,0.02588864012277512,0.0008012889156733803,0.012541020703500112,0.00034631574072475603,0.01583340238784247,0.00022592552703766292,0.0010615206463947594,0.00018084586395539375,0.013915039625873909,0.00016951282857224087,0.0004411278705979835,0.00015954531745160553
0.34600000000000003,0.8846505932614545,0.01088624204750467,0.02266161587883164,0.010249415651277407,0.025887529333361976,0.0008023917105249063,0.01254213926173931,0.0003467536958723191,0.015812526547210964,0.00022606996060251766,0.0010623705193683307,0.0001806167911860202,0.013921081320008358,0.00016979378519417666,0.0004412451431055992,0.0001596150927574648
0.34800000000000003,0.8846354833812533,0.010901067763751719,0.022672382103877817,0.010249978372080068,0.025886759109717564,0.0008034627581281358,0.01254318536913991,0.0003471845231786302,0.015792660985854252,0.0002262147134476895,0.0010632013155477675,0.00018039851689722982,0.013926909069255543,0.00017006624315911076,0.00044136402348019665,0.00015968175123105605
0.35000000000000003,0.8846203851003959,0.010915445512207963,0.022682692805818794,0.010250481128972937,0.025886305979327152,0.0008045027886324963,0.012544162849387384,0.00034760815984350216,0.015773762539965423,0.00022635960062541497,0.0010640131910624026,0.0001801905998722121,0.013932529628954244,0.00017033042927580802,0.0004414842634807754,0.00015974542217759194
0.352,0.8846053196285617,0.010929387323646662,0.022692564289007355,0.010250927515953604,0.025886147692482292,0.000805512523405597,0.012545075357818626,0.0003480245557679695,0.015755789730132204,0.00022650444721021456,0.0010648063165989887,0.00017999261502692123,0.013937949578629132,0.00017058656587204618,0.0004416056296676793,0.00015980623021915228
0.354,0.884590306587336,0.01094290496491342,0.022702012378144055,0.010251320955334188,0.025886263167711795,0.0008064926747710143,0.012545926387682885,0.00034843367283812456,0.015738702700573617,0.00022664908800349543,0.0010655808763080081,0.0001798041528955681,0.013943175324540967,0.0001708348707943459,0.00044172790272676676,0.00015986429542585328
0.356,0.8845753640957286,0.010956009942096652,0.022711052428322696,0.010251664704743523,0.025886632439357946,0.0008074439457667929,0.012546719276211806,0.0003488354842357833,0.015722463160399353,0.00022679336723656392,0.0010663370667543014,0.00017962481912815466,0.013948213102339667,0.00017107555741419935,0.00044185087681834447,0.00015991973344575138
0.358,0.8845605088517828,0.010968713503802456,0.022719699335055847,0.010251961863886298,0.02588723660722456,0.0008083670299241636,0.012547457210502575,0.00034922997377547833,0.015707034326830967,0.0002269371382729883,0.0010670750959112126,0.0001794542340001065,0.013953068979806563,0.00017130883464034307,0.0004419743589502641,0.00015997265563329603
0.36,0.8845457562104369,0.010981026644523214,0.02272796754426799,0.010252215381065728,0.025888057788225675,0.0008092626110659724,0.012548143233218312,0.00034961713526725387,0.0156923808703257,0.0002270802633111727,0.0010677951821974185,0.00017929203193402493,0.013957748859673266,0.00017153490693664334,0.0004420981683745785,0.00016002316917616656
0.362,0.8845311202577849,0.010992960108089759,0.022735871062244672,0.010252428059476125,0.02588907906996553,0.0008101313631242788,0.012548780248109728,0.0003499969719047102,0.01567846886154507,0.00022722261308792557,0.001068497553555553,0.00017913786103354495,0.01396225848250552,0.000171753974345181,0.0004422221360071445,0.00016007137722034607
0.364,0.8845166138818896,0.011004524391197538,0.02274342346552687,0.010252602563271799,0.025890284466182526,0.0008109739499765759,0.012549371025362155,0.0003503694956777295,0.015665265720112027,0.0002273640665837361,0.0010691824465717107,0.00017899138262925723,0.013966603429641268,0.00017196623251414272,0.0004423461038695573,0.00016011737899330265
0.366,0.8845022488402853,0.011015729746997714,0.022750637910740636,0.010252741423418577,0.025891658873991693,0.0008117910253000617,0.012549918206771968,0.00035073472680929656,0.015652740165101778,0.00022750451073040305,0.0010698501056348793,0.0001788522708366247,0.013970789126173019,0.0001721718727301445,0.00044246992455279974,0.0001601612699251646
0.368,0.8844880358243055,0.011026586188744627,0.022757527144352675,0.010252847043334123,0.025893188032862086,0.0008125832324433811,0.012550424310756413,0.0003510926932158148,0.015640862167212853,0.00022764384012159792,0.0010705007821353136,0.000178720212125801,0.01397482084396528,0.00017237108195463136,0.0004425934607019886,0.00016020314176779012
0.37,0.884473984520374,0.011037103493491676,0.02276410351234351,0.010252921704323242,0.02589485848526754,0.0008133512043152548,0.012550891737200927,0.0003514434299903118,0.015629602902566556,0.0002277819567268866,0.001071134733700869,0.00017859490490323748,0.013978703704698758,0.00017256404286401515,0.000442716584521606,0.0001602430827116475
0.372,0.8844601036683755,0.011047291205827882,0.022770378969790114,0.010252967570814134,0.025896657538950683,0.0008140955632893943,0.012551322772147794,0.0003517869789079164,0.015618934708084026,0.0002279187696096754,0.0010717522234702612,0.00017847605910494563,0.013982442682933407,0.0001727509338932291,0.0004428391773006008,0.000160281177500432
0.374,0.8844464011172377,0.011057158641648157,0.02277636509035117,0.010252986695401624,0.02589857323074238,0.0008148169211251098,0.012551719592330245,0.00035212338795298986,0.015608831038391882,0.00022805419464949877,0.0010723535194022418,0.0001783633958012674,0.013986042609183347,0.00017293192928239572,0.00044296112895675913,0.00016031750754336036
0.376,0.8844328838778345,0.011066714891950423,0.022782073075648005,0.010252981023703072,0.025900594291880037,0.0008155158789030021,0.012552084269555735,0.00035245271086728665,0.015599266424208332,0.00022818815426901455,0.0010729388936196362,0.00017825664681298908,0.013989508172996958,0.0001731071991263178,0.00044308233759973855,0.00016035215102509157
0.378,0.8844195581733284,0.011075968826653374,0.02278751376453543,0.010252952399032796,0.025902710114770328,0.0008161930269751459,0.012552418774942382,0.0003527750067185235,0.015590216432163361,0.00022832057716603102,0.001073508621787213,0.00017815555433862453,0.013992843926036285,0.00017327690942652179,0.0004432027091121775,0.00016038518301323532
0.38,0.884406429487059,0.011084929098428951,0.022792697642256974,0.010252902566900556,0.02590491072114329,0.0008168489449291574,0.01255272498301235,0.000353090339488735,0.015581657626007607,0.00022845139805084506,0.0010740629825223358,0.00017805987059268133,0.013996054285150205,0.00017344122214559392,0.0004433221567482931,0.00016041667556341668
0.382,0.8843935026080791,0.011093604146543895,0.02279763484947948,0.010252833179339603,0.025907186731546454,0.0008174842015655514,0.01255300467564588,0.00035339877768179515,0.015573567529165864,0.00022858055738913285,0.001074602256837352,0.00017796935745471415,0.013999143535436322,0.00017360029526356538,0.0004434406007493912,0.0001604466978218749
0.384,0.8843807816744461,0.011102002200705322,0.02280233519120275,0.010252745799069716,0.02590952933612952,0.0008180993548877982,0.012553259545899826,0.00035370039394949464,0.015565924588592508,0.00022870800115059928,0.0010751267276126826,0.00017788378612896373,0.014002115833287152,0.00017375428283611749,0.0004435579679757244,0.000160475316125582
0.386,0.884368270214359,0.011110131284905343,0.022806808145540244,0.010252641903500443,0.025911930266671237,0.0008186949521044918,0.012553491201694201,0.00035399526473556183,0.015558708139887205,0.000228833680563558,0.0010756366790995746,0.0001778029368143712,0.014004975209416296,0.00017390333505438942,0.00044367419155414133,0.00016050259409987338
0.388,0.8843559711852363,0.011117999221260241,0.022811062872367158,0.010252522888579719,0.025914381769801997,0.0008192715296430511,0.012553701169370454,0.0003542834699370271,0.015551898373630418,0.00022895755187558154,0.001076132396451489,0.0001777265983847537,0.014007725571860936,0.00017404759830618369,0.0004437892105409808,0.00016052859275358952
0.39,0.8843438870108263,0.01112561363383997,0.022815108221832966,0.010252390072492902,0.02591687658137709,0.0008198296131743858,0.012553890897125008,0.00035456509258233805,0.015545476302899626,0.0002290795761203362,0.0010766141652831156,0.00017765456807892368,0.014010370708957278,0.000174187215238379,0.00044390296959968026,0.00016055337057173337
0.392,0.8843320196164315,0.011132981952483988,0.02281895274273559,0.010252244699217131,0.025919407901956935,0.000820369717647963,0.012554061758321494,0.000354840218525638,0.01553942373192794,0.00022919971889068507,0.001077082271255994,0.0001775866512005292,0.014012914292285785,0.00017432232482036855,0.00044401541869257277,0.0001605769836056535
0.394,0.8843203704623359,0.011140111416599848,0.02282260469075489,0.010252087941935809,0.02592196937335216,0.0008208923473367293,0.01255421505468522,0.0003551089361566355,0.015533723225868271,0.00022931795011812332,0.0010775369996897733,0.00017752266082739291,0.014015359879583548,0.00017445306240835572,0.00044412651278636636,0.00016059948556076842
0.396,0.8843089405755071,0.011147009078940987,0.022826072036543413,0.010251920906317855,0.0259245550561926,0.0008213979958913417,0.012554352019383128,0.0003553713361254971,0.015528358081626946,0.00022943424385858283,0.0010779786351981118,0.00017746241753012335,0.014017710917621247,0.0001745795598103472,0.0004442362115708036,0.00016062092788185012
0.398,0.8842977305796563,0.011153681809360697,0.022829362473672843,0.010251744633666352,0.025927159408480883,0.0008218871464031857,0.012554473819992674,0.0003556275110822107,0.015523312299731987,0.0002295485780846272,0.0010784074613482712,0.000177405749099774,0.014019970745042597,0.0001747019453516969,0.0004443444791900186,0.00016064135983589095
0.4,0.8842867407237265,0.011160136298539288,0.022832483426434697,0.01025156010394097,0.02592977726509246,0.0008223602714756623,0.012554581561362764,0.00035587755542987624,0.01551857055720216,0.0002296609344840366,0.0010788237603434603,0.00017735249028432402,0.014022142595164263,0.00017482034394106024,0.00044445128398611805,0.00016066082859258056
0.402,0.8842759709088781,0.011166379061681704,0.0228354420574942,0.010251368238658501,0.02593240381818509,0.0008228178333032412,0.012554676288370004,0.0003561215650913916,0.015514118181383886,0.00022977129826476578,0.0010792278127270006,0.00017730248253375506,0.014024229598734558,0.0001749348771366303,0.0004445565982545232,0.00016067937930242112
0.404,0.884265420714045,0.01117241644218322,0.02283824527539671,0.010251169903675774,0.025935034598482405,0.000823260283757793,0.012554758988573405,0.0003563596372890171,0.015509941124724208,0.0002298796579662445,0.0010796198971074174,0.0001772555737535016,0.014026234786649498,0.0001750456632125351,0.0004446603980106293,0.00016069705517251568
0.406,0.8842550894201161,0.01117825461526078,0.022840899741925838,0.01025096591185894,0.02593766545739687,0.0008236880644817197,0.012554830594770491,0.0003565918703363086,0.015506025940448762,0.0002299860052769728,0.0010800002899035638,0.00017721161806605028,0.014028161092624778,0.00017515281722528287,0.0004447626627673403,0.00016071389754006155
0.40800000000000003,0.8842449760328167,0.011183899591548026,0.022843411879313318,0.01025075702564322,0.02594029254995925,0.0008241016069874264,0.012554891987457928,0.0003568183634419278,0.01550235975911485,0.00023009033485835436,0.001080369265108919,0.00017717047558046993,0.014030011355822715,0.0001752564510801523,0.00044486337532306336,0.0001607299459435887
0.41000000000000003,0.8842350793043401,0.011189357220651999,0.022845787877300315,0.010250543959486913,0.02594291231852229,0.0008245013327626841,0.012554943997199537,0.0003570392165248474,0.015498930266010465,0.00023019264417469768,0.001080727094074219,0.00017713201216965286,0.014031788323433119,0.00017535667359743024,0.0004449625215597467,0.0001607452381919802
0.41200000000000003,0.8842253977537914,0.01119463319466983,0.022848033700050386,0.010250327382223458,0.025945521477207745,0.0008248876533814481,0.012554987406904554,0.0003572545300404827,0.01549572567937103,0.00023029293332930484,0.0010810740453075947,0.00017709609925505265,0.014033494653207364,0.00017545359057840706,0.0004450600902505656,0.0001607598104313154
0.41400000000000003,0.8842159296864978,0.011199733051663835,0.022850155092914468,0.010250107919315209,0.025948116997066954,0.0008252609706197167,0.012555022954018995,0.0003574644048172952,0.015492734729386523,0.00023039120490656024,0.0010814103842914254,0.00017706261359870596,0.014035132915945027,0.0001755473048710485,0.0004451560728768706,0.00016077369720957869
0.41600000000000004,0.8842066732122368,0.011204662179093518,0.02285215758904829,0.010249886155012405,0.02595069609192602,0.0008256216765760185,0.012555051332632756,0.0003576689419034228,0.0154899466379724,0.00023048746381992125,0.0010817363733151206,0.00017703143710232845,0.014036705597932552,0.00017563791643526548,0.0004452504634540222,0.00016078693153927495
0.418,0.8841976262624346,0.011209425817203326,0.022854046515883047,0.010249662634420913,0.02595325620488794,0.0008259701537961438,0.012555073195505249,0.0003578682424229113,0.015487351099278679,0.0002305817171657082,0.0010820522713230875,0.00017700245661328039,0.014038215103333649,0.00017572552240771426,0.000445343258365752,0.00016079954495799774
0.42,0.8841887866063834,0.011214029062364897,0.022855827001450068,0.010249437865481924,0.025955794995464822,0.0008263067754017404,0.012555089156012092,0.0003580624074411274,0.015484938260912191,0.0002306739740825839,0.0010823583337771444,0.00017697556373719823,0.014039663756531102,0.00017581021716606108,0.0004454344562067001,0.0001608115675869931
0.422,0.8841801518665212,0.011218476870372841,0.022857503980560443,0.010249212320866941,0.025958310327314358,0.0008266319052224108,0.01255509979001542,0.00035825153783894945,0.015482698705847864,0.00023076424561660697,0.0010826548125326683,0.00017695065465709477,0.014041053804419876,0.00017589209239265335,0.0004455240576327887,0.00016082302818776494
0.424,0.8841717195328236,0.011222774059693175,0.022859082200840874,0.01024898643979118,0.02596080025655568,0.0008269458979309652,0.012555105637660347,0.0003584357341953473,0.015480623435005654,0.0002308525445917404,0.001082941955727799,0.0001769276299587327,0.014042387418651475,0.00017597123713754376,0.00044561206521910634,0.00016083395421676787
0.426,0.8841634869763446,0.011226925314663577,0.022860566228626807,0.010248760629748404,0.02596326302064054,0.0008272490991814938,0.012555107205099936,0.0003586150966779698,0.01547870385047041,0.00023093888548569156,0.0010832200076850234,0.00017690639446208103,0.014043666697829553,0.0001760477378808185,0.0004456984833249857,0.0001608443718782324
0.428,0.8841554514619523,0.011230935188644826,0.022861960454714315,0.010248535268170138,0.02596569702775679,0.0008275418457499381,0.012555104966151082,0.0003587897249413751,0.015476931739332723,0.00023102328431095758,0.0010834892088245026,0.00017688685705866778,0.014044893669656913,0.00017612167859418578,0.0004457833179659695,0.00016085430617516946
0.43,0.8841476101602972,0.011234808107122915,0.022863269099972237,0.01024831070401217,0.025968100846741796,0.0008278244656768581,0.012555099363883618,0.00035895971803255085,0.01547529925812954,0.00023110575850094785,0.0010837497955885208,0.00017686893055464717,0.014046070293034152,0.0001761931408017858,0.0004458665766923719,0.00016086378095860025
0.432,0.8841399601590471,0.011238548370761237,0.022864496220815957,0.010248087259271,0.025970473197484373,0.0008280972784120968,0.012555090812144842,0.00035912517430338023,0.015473798917863772,0.00023118632680105172,0.0010840020003764527,0.0001768525315194012,0.014047198460110088,0.00017626220364018498,0.0004459482684741479,0.00016087281897505653
0.434,0.8841324984734298,0.011242160158402585,0.022865645714544636,0.010247865230433022,0.025972812941794564,0.0008283605949610659,0.012555079697021689,0.00035928619132972567,0.015472423569583114,0.00023126500916452008,0.0010842460514896722,0.00017683758013950352,0.014048279998284395,0.00017632894391752464,0.00044602840359180056,0.00016088144191239796
0.436,0.8841252220561164,0.011245647530020633,0.022866721324543572,0.010247644889858964,0.02597511907472147,0.0008286147180323848,0.012555066378242686,0.00035944286583681177,0.015471166390498696,0.00023134182665302853,0.0010844821730858485,0.0001768240000778747,0.014049316672162821,0.00017639343617179598,0.0004461069935330597,0.0001608896704439922
0.438,0.8841181278064747,0.011249014429620617,0.0228677266453534,0.010247426487106083,0.025977390716299818,0.0008288599421866171,0.012555051190521693,0.0003595952936305986,0.015470020870624754,0.0002314168013417863,0.0010847105851420871,0.00017681171833796252,0.014050310185465327,0.00017645575272821527,0.00044618405089507745,0.0001608975242713014
0.44,0.48648960363395694,0.007280211832164777,0.03412040546812152,0.005560268424607962,0.4419032551869627,0.00555131474744627,0.014034580139473134,0.005060360567266579,0.0,0.0,0.0,0.0,0.0,0.0,0.0,0.0
0.442,0.500870326412527,0.007466554087639391,0.03442025919058559,0.005725478005296692,0.427503045558714,0.005369561692789517,0.01373311900996369,0.004892968520477402,8.395649814893326e-06,1.0907044323417347e-07,2.802681202683769e-07,9.599319030559826e-08,8.93944719997784e-06,1.366726179852783e-07,6.285270648067784e-07,1.0189355513817316e-07
0.444,0.5147891322056461,0.007646365592833173,0.03469191892178219,0.005885433475492629,0.41354380105674965,0.0051936240571784364,0.013446059514356125,0.004730689773728798,3.277642925729155e-05,4.261806994548587e-07,1.114673635757668e-06,3.745563693268639e-07,3.4920161268379826e-05,5.332029040620332e-07,2.432104123982546e-06,3.9809397465131794e-07
0.446,0.5282587564905425,0.007819834323365764,0.03493654208053787,0.006040278892036522,0.40001413134818203,0.005023346689873741,0.01317312660520351,0.004573398974275189,7.211842380795713e-05,9.388714075019699e-07,2.5024309485033925e-06,8.237113525464207e-07,7.685488584064866e-05,1.1717381119810514e-06,5.298223369703955e-06,8.763111439180074e-07
0.448,0.5412916623200906,0.007987143769772005,0.035155265889925,0.006190155402910869,0.3869028586832309,0.004858577916989519,0.012914024843167036,0.00442097235022289,0.00012544656430549803,1.6352401492774165e-06,4.440472794005152e-06,1.4320771108291019e-06,0.00013370231675527132,2.0352599496632214e-06,9.12211758908947e-06,1.52477503749989e-06
0.45,0.5539000431427751,0.008148473033713606,0.035349205954212544,0.006335201234409037,0.3741990172333641,0.00469916945685737,0.012668441350761606,0.004273287802440711,0.00019183254003904591,2.5039204625116826e-06,6.923697059307309e-06,2.1888425016211958e-06,0.0002044657362253163,3.107553307083011e-06,1.3806283178216976e-05,2.3322186928934206e-06
0.452,0.5660958257089745,0.008303996920833305,0.03551945503127977,0.006475551686462373,0.36189185228064275,0.004544976340138683,0.012436048525678442,0.004130224983805053,0.0002703927967453732,3.534061409642876e-06,9.945191920608387e-06,3.0837402135179372e-06,0.0002881916608051524,4.373175937377309e-06,1.9260033485684693e-05,3.2878616677176748e-06
0.454,0.5778906730598873,0.008453886030544656,0.035667081985332263,0.006611339135197536,0.34997081926308243,0.004395856834226072,0.012216506529478217,0.003991665366976044,0.00036028661605109276,4.715307708623953e-06,1.3496441307659147e-05,4.107021870641548e-06,0.0003839685050928339,5.817429073503215e-06,2.539908021535002e-05,4.381393955785649e-06
0.456,0.5892959875951475,0.008598306843018735,0.0357931309057044,0.006742693041885972,0.33842558268113465,0.00425167237152039,0.012009465566542898,0.003857492301793659,0.0004607142730624564,6.0377804290389865e-06,1.7567512499815135e-05,5.249434245309064e-06,0.0004909252628883632,7.426328961785273e-06,3.2145140824035875e-05,5.602960341017145e-06
0.458,0.6003229142149634,0.008737421803600504,0.035898620378425665,0.0068697399675288606,0.3272460148706279,0.004112287481210651,0.011814567967315597,0.0037275910632847105,0.0005709152689559994,7.492058254725614e-06,2.2147227477221697e-05,6.502196529543724e-06,0.0006082302073257014,9.186579292929238e-06,3.94255700353837e-05,6.94314517107533e-06
0.46,0.6109823435324288,0.00887138940486223,0.03598454289807369,0.006992603592394999,0.3164221946476981,0.0039775697242211356,0.011631450089042858,0.0036018488911821554,0.000690166635563997,9.069159312148328e-06,2.7223319488093113e-05,7.856978618063243e-06,0.000735089611310557,1.1085544510506279e-05,4.717301375776985e-05,8.392957535038134e-06
0.462,0.6212849151515203,0.009000364266478529,0.03605186440823589,0.007111404739896373,0.3059444058313831,0.0038473896310232355,0.011459744046461237,0.003480155021776635,0.0008177813090803968,1.0760523562027209e-05,3.2782576147475275e-05,9.305880357437379e-06,0.0008707464894252951,1.3111223976502867e-05,5.532508384419435e-05,9.943816831428061e-06
0.464,0.6312410210062012,0.009124497213087675,0.03610152395965773,0.007226261404247372,0.29580313564966504,0.003721620642039719,0.011299079284137597,0.0033624007128459435,0.000953106570136463,1.255799575018179e-05,3.881097025251385e-05,1.0841411718126933e-05,0.0010144793623056078,1.5252226973264897e-05,6.382405226701681e-05,1.1587538714586276e-05
0.466,0.6408608087559733,0.009243935350285365,0.03613443347586854,0.007337288781408968,0.2859890730348133,0.0036001390503961166,0.011149084001478302,0.0032484792623403706,0.0010955225476115705,1.4453808912183153e-05,4.529377938251814e-05,1.2456473848081889e-05,0.0011656010443497208,1.7497748521019563e-05,7.261656340189968e-05,1.331632140874534e-05
0.468,0.650154185233194,0.009358822138881437,0.03615147761675076,0.0074445993028696604,0.27649310681392103,0.0034828239467985236,0.011009386440764832,0.0031382860214403236,0.0012444407836541488,1.6440568425204796e-05,5.22156952476028e-05,1.4144340968478324e-05,0.0013234574554889305,1.983754599011839e-05,8.165336322472054e-05,1.512273238027792e-05
0.47000000000000003,0.6591308199374557,0.00946929746753548,0.036153513731154475,0.007548302671860565,0.2673063238005389,0.0033695571663391417,0.010879616047950522,0.0030317184025464633,0.0013993028574912757,1.851123659940922e-05,5.9560923656130976e-05,1.589864307400437e-05,0.0014874264576272079,2.226191648719351e-05,9.088904432378278e-05,1.6999695359516526e-05
0.47200000000000003,0.667800148572346,0.009575497723874652,0.0361413718902593,0.007648505901643388,0.25842000679329397,0.003260223237050899,0.010759404515363318,0.0029286758827115358,0.001559579065703418,2.065911780029063e-05,6.731327588742857e-05,1.771334940186104e-05,0.001656916716246655,2.476167499454392e-05,0.00010028180571851706,1.8940477704286418e-05
0.47400000000000003,0.6761713766199332,0.009677555864185464,0.03611585499395233,0.007745313355547478,0.24982563248734013,0.0031547093300504773,0.010648386714901233,0.002829060002976581,0.0017247671567337869,2.28778440926017e-05,7.545625218125955e-05,1.9582752635321657e-05,0.0018313665875739618,2.732813324225653e-05,0.00010979322655603475,2.0938678097898892e-05
0.47600000000000003,0.6842534829483872,0.009775601481761443,0.036077738943024386,0.007838826788466133,0.2415148693044336,0.0030529052111254187,0.01054620152977928,0.0027327743640319377,0.0018943911174901604,2.5161361395813905e-05,8.397311798842151e-05,2.150145380929354e-05,0.002010243031610027,2.9953079292808914e-05,0.00011938805282928063,2.2988214574840532e-05
0.47800000000000004,0.692055223448204,0.009869760873979266,0.03602777287048935,0.007929145389552857,0.2334795751473402,0.00295470319363565,0.010452492592386946,0.0026397246185849302,0.002068000009981142,2.750391614048552e-05,9.284697356670505e-05,2.3464347886847775e-05,0.0021930405512398366,3.262875781818635e-05,0.000129033996325946,2.5083312867784753e-05
0.48,0.6995851346925965,0.009960157108168123,0.035966679425805254,0.0080163658258861,0.22571179508419495,0.0028599980926131245,0.010366908935343323,0.0025498184607811946,0.0022451668560090916,2.9900042414430263e-05,0.00010206081745261617,2.5466609977129272e-05,0.002379280157562059,3.53478510498683e-05,0.00013870154507648257,2.7218495069864236e-05
0.482,0.7068515376177054,0.01004691008632988,0.03589515510622137,0.00810058228689601,0.21820375896832445,0.002768687179955285,0.010289105562390622,0.002462965612994751,0.0024254875680186122,3.2344549587183835e-05,0.00011159760429101702,2.7503682166432243e-05,0.002568508361506965,3.810346038239124e-05,0.00014836378462315124,2.9388568606389556e-05
0.484,0.7138625412183971,0.010130136608761203,0.03581387062989424,0.008181886529369317,0.21094787899892065,0.0026806701406189406,0.010218743945345317,0.00237907781027302,0.002608579924272779,3.483251040094762e-05,0.00012144029746159515,2.957126093552769e-05,0.002760296191746762,4.088908861156952e-05,0.00015799622948063798,3.1588615510393565e-05
0.486,0.7206260462555276,0.010209950436623148,0.035723471345810054,0.008260367922868802,0.20393674722782726,0.0025958490297309897,0.010155492452928034,0.002298068782696674,0.0027940825865994797,3.735924951594084e-05,0.0001315719169022896,3.166528513756373e-05,0.0029542382388437496,4.3698622788848854e-05,0.00016757666420289528,3.381398199653235e-05
0.488,0.7271497489706854,0.010286462353498794,0.03562457767592104,0.008336113495422327,0.19716313301755953,0.0025141282305413417,0.010099026716917685,0.00221985423589037,0.0029816541590175754,3.992033249790888e-05,0.0001419755824950023,3.378192451202917e-05,0.003149951725528496,4.65263176736734e-05,0.00017708499351099362,3.6060268327991124e-05
0.49,0.7334411448045447,0.010359780225974818,0.03551778558525071,0.008409207979352766,0.19061998045553213,0.002435414413151411,0.010049029940720605,0.0021443518298986507,0.003170972285617118,4.2511555235408466e-05,0.00015263455334767044,3.591756871137888e-05,0.0033470756029519563,4.9366779766162963e-05,0.00018650310097330751,3.8323318971133176e-05
0.492,0.7395075321151153,0.010430009063279157,0.0354036670760497,0.008479733857135205,0.18430040572931744,0.002359616493958899,0.010005193155111355,0.0020714811566216328,0.003361732786129922,4.512893377441689e-05,0.0001635322632786933,3.8068816817970645e-05,0.0035452696727119423,5.221495190281822e-05,0.0001958147157626977,4.0599213032699014e-05
0.494,0.7453560158922972,0.010497251076003132,0.03528277070238907,0.008547771407181078,0.17819769446759767,0.002286645595766093,0.009967215425586385,0.0020011637159871366,0.0035536488276863613,4.776869455778365e-05,0.0001746523527844391,4.023246732995891e-05,0.003744213734415047,5.506609839839633e-05,0.00020500528704581,4.2884254974414146e-05
0.496,0.7509935114653061,0.010561605733933476,0.03515562210186571,0.008613398749461028,0.17230529905131672,0.002216415008504973,0.00993480401547493,0.0019333228910197024,0.0037464501313116297,5.042726505705869e-05,0.00018597869774781195,4.2405508595736935e-05,0.003943606758499926,5.79157907175248e-05,0.00021406186558750294,4.517496559990423e-05
0.498,0.7564267481996796,0.01062316982301677,0.03502272454136236,0.008676691890888998,0.16661683589936976,0.0021488401505377393,0.009907674508671626,0.001867883921952116,0.003939882211769852,5.310126478428288e-05,0.00019749543512534724,4.458510967741577e-05,0.0041431660840162655,6.0759893660044314e-05,0.00022297299217899342,4.7468073308845695e-05
0.5,0.7616622731807119,0.010682037501476328,0.034884559474056456,0.008737724770399786,0.16112608273300516,0.002083838530496276,0.009885550895591923,0.0018047738795116612,0.004133705649417535,5.57874966714124e-05,0.00020918698583179043,4.676861162468086e-05,0.004342626641025628,6.359455204449111e-05,0.000231728592521818,4.9760505613302845e-05
0.502,0.7667064548803298,0.010738300355099505,0.03474158710510733,0.008796569303660984,0.15582697582294658,0.0020213297096284967,0.009868165625703631,0.0017439216375011502,0.0043276953927790405,5.848293880516531e-05,0.00022103807502438135,4.895351914117817e-05,0.004541740197265522,6.641617787454523e-05,0.00024031987822136273,5.204938091122209e-05
0.504,0.7715654868045558,0.010792047451711273,0.034594246963671055,0.008853295427368011,0.15071360722307509,0.0019612352646234854,0.009855259629754589,0.0016852578447836893,0.004521640090606011,6.118473650522079e-05,0.00023303374997391414,5.11374926263521e-05,0.004740274628695964,6.922143797367934e-05,0.0002487392535636886,5.433200051206834e-05
0.506,0.776245391118857,0.010843365394848307,0.034442958479097584,0.008907971143077807,0.14578022199434465,0.0019034787508909387,0.009846582314597407,0.0016287148967700968,0.004715341452230171,6.389019473386792e-05,0.00024515939569590454,5.3318340576391775e-05,0.00493801321352861,7.200724207364432e-05,0.0002569802277678599,5.660584090960356e-05
0.508,0.7807520222488296,0.01089233837664627,0.034288121559356635,0.008960662560543101,0.14102121542243995,0.0018479856662736943,0.00984189153330615,0.0015742269064987768,0.004908613635064745,6.659677082538827e-05,0.00025740074850271887,5.5494012328642306e-05,0.005134753949321806,7.477073134282303e-05,0.00026503733242310475,5.886854629682112e-05
0.51,0.7850910704538034,0.010939048229951634,0.0341301171699173,0.009011433940514577,0.13643113023251877,0.0017946834151750253,0.009840953533086328,0.001521729675389533,0.005101282658153773,6.930206752366095e-05,0.0002697439076261586,5.766259113450405e-05,0.00533030889271048,7.750926734086732e-05,0.00027290604383603984,6.111792131806376e-05
0.512,0.789268065371105,0.010983574479668252,0.033969307911473574,0.009060347736983379,0.1320046538042218,0.0017435012730850547,0.009843542883298037,0.001471160663745305,0.005293185840711254,7.200382631670035e-05,0.0002821753450496431,5.9822287546480385e-05,0.0055245035213276296,8.02204213864116e-05,0.0002805827100279899,6.335192405336865e-05
0.514,0.7932883795288455,0.011025994393347756,0.03380603859506238,0.009107464638840539,0.12773661538996992,0.0016943703514929807,0.009849442385741466,0.0014224589610689438,0.005484171264632939,7.469992105707039e-05,0.0002946819136796658,6.197143310564229e-05,0.005717176117463872,8.290196432502226e-05,0.0002880644821362338,6.556865923010012e-05
0.516,0.7971572318252452,0.011066383031032015,0.03364063681326548,0.009152843610934071,0.1236219833394137,0.001647223563173955,0.009858442969194244,0.0013755652562559254,0.0056740972600032025,7.738835185736425e-05,0.00030725085397753947,6.410847431635897e-05,0.005908177173003136,8.555185668489992e-05,0.0002953492499859049,6.776637165694955e-05
0.518,0.800879690972642,0.011104813294355136,0.033473413506320944,0.009196541934507831,0.11965586233274524,0.0016019955878413732,0.009870343570040267,0.0013304218077182675,0.005862831912657515,8.006723925019496e-05,0.0003198697991644954,6.623196689570095e-05,0.006097368815165942,8.8168239208201e-05,0.0003024355816113516,6.994343987540458e-05
0.52,0.8044606789044533,0.011141355974911712,0.033304663522094005,0.009238615247009354,0.11583349062543057,0.0015586228381570242,0.00988495100068918,0.0012869724134897459,0.006050252592897778,8.273481860240363e-05,0.00033252677910589,6.834057028545274e-05,0.006284624252586506,9.074942374618184e-05,0.00030932266651708654,7.2098370023813e-05
0.522,0.8079049741434964,0.011176079801897469,0.03313466616897307,0.009279117581256567,0.11215023730677463,0.001517043426093083,0.009902079807354292,0.0012451623813578448,0.006236245504493149,8.538943477346195e-05,0.0003452102229735336,7.043304241518247e-05,0.00646982724124626,9.329388450669856e-05,0.0003160102624791018,7.422978990919412e-05
0.524,0.8112172151301955,0.011209051489028012,0.03296368576086382,0.009318101403955798,0.10860159957458636,0.0014771971296412875,0.009921552118633664,0.0012049384990636227,0.006420705253133205,8.802953700831934e-05,0.000357908960778934,7.250823470530405e-05,0.006652871569784019,9.580024964291535e-05,0.0003224986456973484,7.633644328198045e-05
0.526,0.814401903509317,0.011240335780740785,0.03279197215355319,0.009355617653565485,0.1051832000280716,0.001439025359865833,0.009943197486224053,0.001166249004606788,0.006603534433533048,9.065367405522211e-05,0.000370612223864481,7.456508729953476e-05,0.006833660563701817,9.826729317238334e-05,0.00032878856411962585,7.841718430890445e-05
0.528,0.8174634073740032,0.011269995497685212,0.03261976127180719,0.009391715777502072,0.10189078398094643,0.0014024711282975924,0.00996685271898987,0.0011290435566897634,0.006784643234421778,9.326048949931214e-05,0.00038330964443425447,7.660262451660093e-05,0.0070121066079854915,0.00010069392721595445,0.00033488119376605776,8.047097223928126e-05
0.53,0.8204059644659702,0.011298091581505411,0.03244727562665082,0.009426443768685963,0.09872021679662987,0.0013674790146681803,0.009992361711508692,0.0010932732053312787,0.00696394906067612,9.584871730309243e-05,0.00039599125420116006,7.861995051147246e-05,0.007188130687659909,0.00010307919454628488,0.0003407780978917627,8.249686625997551e-05
0.532,0.8232336853308646,0.011324683138919933,0.03227472482235696,0.009459848201427193,0.09566748124725014,0.0013339951349832276,0.010019575268121328,0.0010588903626771384,0.007141376171890566,9.841717754512905e-05,0.00040864748222247315,8.061624513682326e-05,0.007361661945800836,0.00010542226143596892,0.0003464811888333324,8.449402053438265e-05
0.534,0.8259505564278599,0.011349827485102479,0.032102306052742786,0.009491974266651418,0.09272867489807254,0.001301967109934901,0.010048350923426621,0.0010258487740330863,0.007316855336703534,0.00010096477234863786,0.00042126915199153117,8.259075999580704e-05,0.0075326372585279985,0.00010772241079561662,0.0003519926923923014,8.646167942079696e-05
0.536,0.8285604431926835,0.01137358018636759,0.03193020458643855,0.009522865806468184,0.089900007518839,0.0012713440336543376,0.010078552760079707,0.0009941034891422765,0.007490323502226375,0.0001034904819918837,0.00043384747784927725,8.454281467762128e-05,0.007701000826507494,0.00010997903559245674,0.00035731511461599083,8.839917286558593e-05
0.538,0.8310670930533615,0.011395995102165107,0.03175859424085456,0.009552565348084307,0.08717779852339526,0.00124207644280517,0.010110051224676418,0.00096361083372762,0.007661723477948311,0.00010599336119259627,0.0004463740607755566,8.647179316769544e-05,0.007866703782495932,0.00011219163254030606,0.0003624512108429488,9.030591196663788e-05
0.54,0.8334741383980562,0.011417124426387128,0.03158763784462813,0.009581114137066023,0.0845584744388695,0.0012141162860197594,0.010142722942435638,0.000934328381317227,0.007831003633515549,0.00010847253555887995,0.0004588408836165063,8.837714042469096e-05,0.008029703814463435,0.0001143597960519969,0.0003674039568867055,9.21813847026019e-05
0.542,0.8357850994944661,0.011437018727991157,0.031417487688383004,0.009608552169954392,0.08203856640556098,0.0011874168936801025,0.010176450531325565,0.0009062149253693025,0.007998117609807205,0.00011092719819936477,0.0004712403058010261,9.02583591168364e-05,0.008189964803838108,0.00011648321244559977,0.00037217652223775976,9.402515182349058e-05
0.544,0.8380033873603362,0.011455726990943101,0.031248285963680796,0.00963491822623898,0.07961470770859486,0.001161932948045689,0.010211122416218603,0.0008792304517111364,0.008163024042753946,0.00011335660648561225,0.0004835650575961612,9.211500651044479e-05,0.008347456478420423,0.00011856165439601523,0.0003767722451696022,9.583684289827244e-05
0.546,0.8401323065847133,0.011473296653483752,0.031080165190086505,0.009660249899695446,0.07728363134230117,0.0011376204537307916,0.010246632643602614,0.0008533361113052606,0.008325686299367793,0.00011576007896005012,0.0004958082339482493,9.394669150376964e-05,0.00850215407952234,0.00012059497562373961,0.00038119460964020443,9.761615251513685e-05
0.548,0.8421750580996509,0.011489773646722469,0.030913248630308792,0.00968458362909309,0.07504216760818204,0.001114436708533865,0.010282880697323506,0.0008284941933543995,0.008486072225473072,0.00011813699238296746,0.0005079632879538683,9.575307179965405e-05,0.008654038042892711,0.00012258310581283387,0.00038544722388575935,9.936283663017358e-05
0.55,0.8441347419021515,0.011505202432561824,0.03074765069341127,0.009707954728278916,0.07288724174724252,0.0010923402746218318,0.010319771315785134,0.0008046680987555306,0.008644153904649397,0.00012048677891235288,0.0005200240240019678,9.753385121071377e-05,0.008803093692997666,0.0001245260457503436,0.00038953380060857484,0.00010107670906027002
0.552,0.8460143597261929,0.01151962604095695,0.03058347732612247,0.009730397415644965,0.07081587160737278,0.001071290950072126,0.010357214310986993,0.000781822313912134,0.008799907427917347,0.00012280892341060348,0.0005319845906260406,9.928877709106791e-05,0.008949310950232015,0.00012642386267962938,0.000393458138665899,0.00010275763811609023
0.554,0.8478168176647549,0.011533086106513494,0.030420826392301297,0.009751944842986044,0.06882516534638917,0.0010512497407753742,0.01039512438973823,0.0007599223849126066,0.00895331267371687,0.00012510296087237286,0.0005438394731028089,0.00010101763788889512,0.009092684050645386,0.0001282766858602742,0.0003972241061711145,0.0001044055433710641
0.556,0.8495449287418332,0.011545622904428194,0.03025978804064054,0.009772629123755263,0.06691231917126317,0.0010321788327016072,0.010433420977347622,0.0007389348920817774,0.009104353097746782,0.00012736847396806078,0.0005555834858316421,0.00010272026081434521,0.009233211277774793,0.00013008470232743643,0.0004008356249231913,0.00010602039256237993
0.558,0.8512014154344698,0.011557275385776085,0.030100445060714298,0.009792481360724853,0.06507461511399232,0.001014041564532842,0.010472028044053148,0.0007188274249115089,0.009253015532251463,0.00012960509069767341,0.000567211764526766,0.00010439650961757826,0.009370894706183283,0.00013184815284371197,0.0004042966560845306,0.0001076021986200395
0.56,0.8527889121449027,0.011568081212148603,0.029942873227495902,0.009811531673060071,0.06330941884449766,0.000996802400664804,0.010510873934421737,0.0006995685573754928,0.009399289994357874,0.00013181248215000637,0.0005787197582522992,0.00010604628247193517,0.009505739956312724,0.0001335673280367613,0.0004076111870313966,0.0001091510168201018
0.562,0.8543099676229746,0.0115780767896468,0.029787141634491362,0.009829809222813969,0.0616141775208644,0.00098042690458046,0.010549891199919085,0.0006811278236325325,0.009543169503082307,0.00013399036036231582,0.0005901032213282038,0.00010766950995746629,0.00963775596026697,0.0001352425647161431,0.000410783219305003,0.00011066694205830956
0.5640000000000001,0.8557670473390041,0.011587297302234255,0.029633313015649865,0.009847342240851048,0.05998641767717916,0.0009648817125979108,0.010589016434821451,0.0006634756941218627,0.009684649904642082,0.00013613847627585418,0.0006013582051334142,0.00010926615314025839,0.009766954738150375,0.00013687424236297885,0.0004138167575950303,0.00011215010624036258
0.5660000000000001,0.8571625358073542,0.01159577674445412,0.029481444056226942,0.009864158052207798,0.05842374314915706,0.0009501345079950412,0.010628190115615228,0.0006465835520533522,0.009823729705722284,0.00013825661778284513,0.0006124810498306455,0.0001108362017432042,0.009893351184594938,0.00013846277978624927,0.00041671579969088015,0.0001136006757851702
0.5680000000000001,0.858498738860991,0.01160354795351513,0.029331585692788795,0.009880283100898278,0.05692383303769489,0.0009361539955131656,0.01066735644400655,0.0006304236702948003,0.009960409914362242,0.00014034460786067256,0.000623468376035738,0.00011237967240405452,0.010016962865118136,0.00014000863193969828,0.0004194843273393561,0.00011501884923748673
0.5700000000000001,0.8597778858773539,0.011610642640751371,0.02918378340255682,0.009895742974172794,0.05548443971043252,0.00092290987624172,0.010706463193641188,0.0006149691886579336,0.010094693888140212,0.00014240230278924265,0.0006343170764528065,0.0001138966070167805,0.01013780982196206,0.0001415122868934874,0.0004221262979506799,0.00011640485498640358
0.5720000000000001,0.8610021319559051,0.011617091422460849,0.029038077482300945,0.009910562426237949,0.054103386841354496,0.0009103728228858626,0.010745461560615196,0.0006001940915841651,0.010226587189348126,0.00014442959044766421,0.0006450243074949683,0.00011538707115245331,0.010255914389073136,0.00014297426295491178,0.00042464563709783735,0.00011775894908624396
0.5740000000000001,0.8621735600477549,0.011622923850128003,0.028894503316998214,0.009924765401446193,0.052778567488415584,0.0008985144554186332,0.010784306017838403,0.000586073186230657,0.010356097446860913,0.0001464263886865661,0.0006555874809089997,0.00011685115255601996,0.010371301015890351,0.0001443951059326478,0.00042704623175718304,0.00011908141317647679
0.5760000000000001,0.8632941830377981,0.011628168440035483,0.028753091638479587,0.009938375056963081,0.05150794220912926,0.0008873073171191061,0.010822954173296276,0.0005725820809567558,0.010483234224417298,0.0001483926437725411,0.0006660042554209174,0.00011828895971551892,0.010483996099618515,0.0001457753865391621,0.00042933192424104077,0.00012037255249733925
0.578,0.8643659457798195,0.011632852702270583,0.028613868774293245,0.009951413784920381,0.05028953721401576,0.0008767248509977393,0.010861366632240455,0.0005596971642104226,0.010608008895040544,0.00015032832890136757,0.0006762725284181919,0.00011970062050043495,0.010594027825671627,0.00014711569792606554,0.00043150650677570984,0.00012163269399792754
0.58,0.8653907270850648,0.011637003169132009,0.0284768568870173,0.009963903234063287,0.04912144255776747,0.0008667413766099046,0.01089950686332461,0.0005473955838138729,0.010730434521339064,0.00015223344277681924,0.0006863904276830905,0.00012108628086604563,0.010701426015980025,0.000148416653347347,0.00043357371668084583,0.00012286218453358996
0.582,0.8663703416647859,0.011640645422942655,0.028342074204257647,0.009975864330899779,0.048001810367951314,0.0008573320672583264,0.010937341068689611,0.0005356552266472559,0.01085052574143747,0.0001541080082520216,0.0006963563031904745,0.00012244610362075256,0.010806221984863267,0.0001496788839455691,0.0004355372321086116,0.00012406138914952585
0.584,0.8673065420273054,0.011643804123274256,0.02820953523956931,0.009987317300360286,0.046928853111034445,0.0008484729275849316,0.010974838057990892,0.0005244546987288444,0.01096829866029905,0.00015595207103046008,0.0007061687189822924,0.00012378026725353046,0.010908448402179255,0.00015090303665625304,0.0004374006683033196,0.00012523068944756728
0.586,0.8682010203301589,0.011646503033589982,0.028079251004541134,0.009998281685975717,0.04590084189548666,0.0008401407715523619,0.011011969126350577,0.0005137733056898863,0.011083770746210617,0.00015776569842388308,0.0007158264451299582,0.0001250889648187566,0.011008139163468227,0.0001520897722258204,0.0004391675743444954,0.0001263704820331912
0.588,0.4658586694896456,0.0066381651649736395,0.03017788082371039,0.0052578267328007,0.4620462677520971,0.0063756651442446015,0.018341566707702553,0.005303958184825272,0.0,0.0,0.0,0.0,0.0,0.0,0.0,0.0
0.59,0.48068254709216746,0.006844726164460353,0.030685910592713393,0.005427897956086394,0.4472131424638,0.006167334762663086,0.017826744893899963,0.005133022954138115,8.755797514895623e-06,1.2394029243588555e-07,3.570279771635406e-07,1.0028203060101542e-07,8.558872652612298e-06,1.2473230178157584e-07,5.561139688939717e-07,9.635333299116856e-08
0.592,0.4950421075907232,0.007044091222403051,0.031155001611941045,0.0055927394956495,0.43282354621626645,0.005965684012552025,0.017336757427597084,0.004967150935957664,3.417441344861416e-05,4.83370915118391e-07,1.4044323062474968e-06,3.913014624531536e-07,3.344462776964542e-05,4.870718828694755e-07,2.159691868464255e-06,3.765772564017387e-07
0.594,0.5089496362904323,0.007236472227434916,0.031586869904603625,0.005752490568401516,0.4188665105631939,0.0057705279548850895,0.016870798865625352,0.004806222420040936,7.516434489701984e-05,1.0624150474483744e-06,3.116637944356202e-06,8.603853085663127e-07,7.364334190507015e-05,1.0717294297481492e-06,4.7229636911487865e-06,8.293871588757945e-07
0.596,0.5224171817581346,0.007422075683525533,0.03198318118976557,0.0059072876223250125,0.4053312453884279,0.005581686175696552,0.016428072437289987,0.004650119095155041,0.00013068637224898007,1.8460232622532604e-06,5.4687009568914415e-06,1.4954767423103726e-06,0.00012818316504676657,1.8640757479943323e-06,8.162863766246775e-06,1.4439719083160132e-06
0.598,0.5354565566443972,0.007601102834703838,0.03234555117988144,0.0060572643235724324,0.39220714021448005,0.005398982672888705,0.01600779126926145,0.004498724142561734,0.00019975146052018003,2.8199354697940855e-06,8.436271075791307e-06,2.285109963465754e-06,0.0001961329885426942,2.8501184158914815e-06,1.240085748271712e-05,2.2099767825291443e-06
0.6,0.5480793386966032,0.007773749786232479,0.03267554596881738,0.006202551552023547,0.37948376525529415,0.0052222457474858115,0.015609179479583669,0.004351922316545139,0.000281418725165724,3.9706443316103505e-06,1.1995557705656804e-05,3.2183858964781535e-06,0.0002766011466134457,4.01647924949225e-06,1.736277132882962e-05,3.117487123385037e-06
0.602,0.5602968719534127,0.00794020762245955,0.032974682501964926,0.006343277404263412,0.36715087222440174,0.005051307898999003,0.015231473149398874,0.004209600013286278,0.00037479346193428764,5.285360108983405e-06,1.612329929082994e-05,4.284948704745798e-06,0.000368734150362341,5.35037254448884e-06,2.29786262077203e-05,4.1570126600262165e-06
0.604,0.572120268111033,0.008100662521547213,0.033244429120546495,0.006479567203050244,0.35519839490946237,0.004886005724602194,0.014873921180562613,0.004071645329262276,0.0004790252401721361,6.751976909721749e-06,2.07967359221599e-05,5.474963103680066e-06,0.00047171545329234565,6.839584061681537e-06,2.9182474018766736e-05,5.3194724531901856e-06
0.606,0.5835604080518901,0.008255295867253681,0.03348620617268424,0.006611543512439652,0.3436164495240154,0.004726179821850363,0.01453578604691046,0.0039379481102341405,0.0005933060588479652,8.359040296127985e-06,2.599358503570328e-05,6.779092454538327e-06,0.0005847642474268327,8.472450724309675e-06,3.591223751820617e-05,6.596180418291059e-06
0.608,0.5946279435264776,0.008404284357925128,0.033701386684256776,0.0067393261578197,0.3323953348470903,0.004571674694699273,0.014216344446540722,0.0038083999917838127,0.0007168685644481301,1.0095716216379096e-05,3.169202003583711e-05,8.188477620555179e-06,0.000707134289209383,1.0237840997000869e-05,4.310955348966289e-05,7.978831389695824e-06
0.61,0.6053332989793335,0.008547800112836746,0.033891297083001724,0.006863032250190464,0.3215255321611268,0.004422338662609927,0.013914887862094107,0.003682894432267599,0.0008489843297852694,1.1951761221120312e-05,3.7870651661232966e-05,9.694716566632993e-06,0.0008381127544271924,1.2125135917582651e-05,5.071961926719706e-05,9.459487692745548e-06
0.612,0.6156866735103078,0.008686010776007228,0.0340572179697362,0.0069827762140933945,0.3109977049984447,0.00427802377254254,0.013630723035642434,0.0035613267389684898,0.0009889621926705517,1.3917493926820445e-05,4.450851190297554e-05,1.1289844683745704e-05,0.0009770191214639745,1.4124210754469314e-05,5.869104266098657e-05,1.1030566193617027e-05
0.614,0.6256980429624825,0.008819079617597893,0.034200384930963106,0.007098669818660392,0.30080269870628473,0.00413858571366368,0.01336317236444354,0.0034435940881532134,0.0011361466533197594,1.5983767687345252e-05,5.158504027904202e-05,1.2966315819221809e-05,0.0011232040822422168,1.6225417263773387e-05,6.697569533955189e-05,1.2684825800182848e-05
0.616,0.6353771621283304,0.008947165632996494,0.034321989387508835,0.007210822211310646,0.29093153984020914,0.004003883734606859,0.013111574223478415,0.003329595539670578,0.0012899163292951785,1.814194443525885e-05,5.9080072267714684e-05,1.4716983994172401e-05,0.0012760484802619067,1.84195665216858e-05,7.552856972318676e-05,1.4415355389681317e-05
0.618,0.6447335670659194,0.009070423639676013,0.034423179474197714,0.007319339953675726,0.28137543539541365,0.0038737805631415888,0.012875283220359262,0.003219232046664983,0.0014496824667279019,2.0383869654545352e-05,6.697382970368654e-05,1.6535085789494137e-05,0.0014349622751840395,2.069791230901441e-05,8.430763944153351e-05,1.6215562141314312e-05
0.62,0.6537765775172024,0.009189004371910302,0.03450506094591097,0.0074243270593805435,0.2721257718852535,0.0037481423281188874,0.012653670387882962,0.003112406460922311,0.0016148875065177292,2.2701848446739174e-05,7.524691294412197e-05,1.8414223382086012e-05,0.0015993835334428919,2.3052135026062043e-05,9.327372340453781e-05,1.8079160253902973e-05
0.622,0.6625152994206646,0.009303054573421198,0.03456869810570424,0.007525885033350189,0.2631741142760358,0.0036268384835727125,0.012446123319203832,0.0030090235343142794,0.0017850037041696122,2.5088622652849058e-05,8.388029461730157e-05,2.034834821315924e-05,0.0017687774444017977,2.5474326117258825e-05,0.00010239035353076209,2.000016003049248e-05
0.624,0.6709586275108483,0.009412717088025477,0.034615114750966965,0.007624112912350753,0.25451220478687175,0.00350974173486701,0.012252046250311338,0.0029089899167610727,0.0019595318018956823,2.753734899394507e-05,9.285531477332263e-05,2.2331745270780256e-05,0.001942635361593432,2.7956972986137696e-05,0.00011162364617059998,2.1972857313344497e-05
0.626,0.679115247997509,0.009518130948344469,0.034645295133901244,0.007719107306506346,0.24613196156312242,0.003396727966787099,0.012070860094223182,0.002812214151090389,0.0021379997515896263,3.0041578193837998e-05,0.00010215367726430495,2.4359017969060283e-05,0.0021204738686079225,3.0492944382354624e-05,0.00012094217725463218,2.3991823254120827e-05
0.628,0.6869936413174023,0.009619431462634507,0.03466018493287572,0.007810962441565193,0.23802547723170686,0.003287676173482156,0.011902002431040913,0.0027186066651333704,0.0023199614872647903,3.25952350479059e-05,0.00011175744719037846,2.6425073606685642e-05,0.0023018338692108635,3.307547624350703e-05,0.00013031686118946786,2.6051894405269687e-05
0.63,0.694602084951954,0.009716750299792286,0.03466069223147491,0.007899770201715114,0.23018501734627728,0.0031824683901727677,0.011744927457764233,0.002628079761363975,0.0025049957455383323,3.519259940280381e-05,0.00012164904925715487,2.852510938776715e-05,0.0024862797012889385,3.569815797549505e-05,0.00013972083351515482,2.814816311970003e-05
0.632,0.701948656304301,0.009810215572585563,0.03464768850231316,0.007985620172773183,0.22260301872999752,0.0030809896265439358,0.011599105901520449,0.0025405476043576965,0.00269270493274025,3.782828801252002e-05,0.00013181126690019792,3.065459898827161e-05,0.0026733982742337026,3.835491915610147e-05,0.0001491293373298063,3.027596824678607e-05
0.634,0.7090412356294428,0.009899951919156557,0.03462200959291931,0.008068599685596312,0.21527208772339743,0.0029831278017496757,0.01146402489963741,0.0024559262063180167,0.0028827140372277957,4.049723723700897e-05,0.00014222724204203028,3.280927965158317e-05,0.0028627982293845168,4.1040016647339865e-05,0.00015851961347864568,3.243088611360125e-05
0.636,0.7158875090114871,0.009986080582842716,0.03458445671122046,0.008148793859579097,0.20818499834450782,0.002888773680960568,0.011339187849771011,0.002374133410894108,0.003074669585491955,4.319468655042913e-05,0.00015288047535729822,3.498513979702526e-05,0.0030541091231599342,4.374802210293703e-05,0.00016787079449634125,3.4608721781049755e-05
0.638,0.7224949713822106,0.010068719490356983,0.034535797408363524,0.00822628564612263,0.20133469036821666,0.0027978208133902635,0.011224114233091532,0.0022950888754909417,0.00326823864065289,4.591616282683672e-05,0.00016375482693173045,3.717840712545525e-05,0.003246980632513306,4.6473809858078406e-05,0.0001771638022834024,3.680550056525581e-05
0.64,0.7288709295753997,0.010147983328367633,0.03447676655681154,0.008301155871973503,0.19471426733152544,0.0027101654717412286,0.01111833941333682,0.0022187140522528415,0.003463107841955103,4.865746537202942e-05,0.0001748345172103822,3.9385537206324526e-05,0.003441081782353315,4.921254518925558e-05,0.00018638124948961986,3.901745981519644e-05
0.642,0.7350225054116762,0.010223983618515972,0.034408067321838084,0.008373483282346132,0.18831699447112546,0.002625706593013881,0.011021414414353744,0.0021449321678834207,0.003658982483890098,5.141465167109055e-05,0.00018610412814025414,4.1603202530875515e-05,0.0036361001945737314,5.195967293271552e-05,0.00019550734457012407,4.124104093812916e-05
0.644,0.7409566388087371,0.010296828790908211,0.034330372124717894,0.008443344583753603,0.18213629659945413,0.0025443457206267488,0.010932905678572448,0.0020736682024485413,0.003855585633594024,5.4184023822050596e-05,0.00019754860442166235,4.382828201642629e-05,0.0038317413583391145,5.471090645062405e-05,0.00020452780047265694,4.34728816648788e-05
0.646,0.7466800909121774,0.01036662425611656,0.034244323596077104,0.00851081448648322,0.17616575592514208,0.0024659869477985912,0.010852394808690125,0.0020048488672943193,0.004052657285190051,5.696211562695483e-05,0.00020915325479165458,4.6057850946971696e-05,0.00402772792127476,5.7462216934624533e-05,0.00021342974690814577,4.570980854751457e-05
0.648,0.752199447242288,0.010433472475723078,0.03415053551802027,0.00857596574666248,0.1703991098235096,0.0023905368621463174,0.01077947829468229,0.0019384025821990293,0.004249953549769439,5.9745680312499834e-05,0.0002209037532712791,4.828917133560986e-05,0.004223799001209972,6.0209823036998125e-05,0.00022220164615065078,4.794882968237252e-05
0.65,0.7575211208524393,0.010497473031438533,0.03404959375379606,0.00863886920786964,0.16483024856252723,0.0023179044914553464,0.010713767228109072,0.0018742594518659371,0.00444724587973131,6.253167885327393e-05,0.00023278614031659143,5.051968269458275e-05,0.004419709518123893,6.29501808201174e-05,0.00023083321230725338,5.01871276517652e-05
0.652,0.7626513554948811,0.01055872269282738,0.03394205716389911,0.008699593842250586,0.15945321298941514,0.0022480012505815554,0.01065488700554193,0.0018123512418534995,0.004644320326228667,6.531726887150552e-05,0.0002447868238209097,5.2746993199002154e-05,0.004615229545942922,6.56799740153333e-05,0.00023931533399346302,5.242205267807363e-05
0.654,0.7675962287900023,0.010617315483668906,0.03382845850763134,0.008758206791110177,0.15426219218281995,0.00218074088944634,0.010602477022801928,0.0017526113540298077,0.004840976828496935,6.809979408808497e-05,0.0002568925799229897,5.4968871230615625e-05,0.004810143683838066,6.839610458284782e-05,0.0002476400003452464,5.465111598423814e-05
0.656,0.7723616553953028,0.01067334274698354,0.03370930532926502,0.00881477340495214,0.14925152107527814,0.002116039442088523,0.010556190361573906,0.0016949748016296126,0.0050370285338711025,7.08767743004799e-05,0.00026909055358248545,5.7183237288253755e-05,0.005004250446669795,7.109568356450448e-05,0.00025580023029482107,5.687198335495991e-05
0.658,0.7769533901705189,0.010726893208752319,0.03358508082805843,0.008869357282946412,0.1444156780504494,0.002053815176738873,0.010515693469841186,0.0016393781839845556,0.005232301147327971,7.364589586400545e-05,0.00028136825889028334,5.9388156251887264e-05,0.005197361674226946,7.37760222217771e-05,0.0002637900050338856,5.9082468893192436e-05
0.66,0.781377031335565,0.010778053040356766,0.03345624471147901,0.008922020311807536,0.13974928251938518,0.0019939885468849717,0.010480665837473053,0.001585759660990374,0.005426632309421338,7.640500265374381e-05,0.00029371357908706863,6.158182998751438e-05,0.0053893019589052625,7.643462345155898e-05,0.00027160420358498497,6.128052896675008e-05
0.662,0.7856380236181166,0.010826905919765388,0.03332323403108253,0.008972822704071227,0.13524709247988326,0.0019364821432959216,0.0104507996681908,0.0015340589273686069,0.005619871001509282,7.91520874852231e-05,0.00030611476626878856,6.376259028039049e-05,0.005579908091470067,7.906917347264644e-05,0.0002792385413991849,6.346425634008367e-05
0.664,0.7897416613878686,0.010873533091492296,0.033186464000586335,0.009021823035759826,0.13090400206277142,0.0018812206469781473,0.010425799549038621,0.0014842171867747995,0.005811876977204684,8.188528397276938e-05,0.00031856044076255526,6.592889208440805e-05,0.005769028524546738,8.167753377608193e-05,0.00028668951189616464,6.563187448648012e-05
0.666,0.7936930917746672,0.010918013425352681,0.033046328795755496,0.00906907828343004,0.1267150390687619,0.0018281307830350913,0.010405382118391617,0.0014361771258001943,0.006002520219011999,8.4602858805233e-05,0.00033103959016097856,6.807930707573085e-05,0.0059565228534817815,8.42577333327671e-05,0.0002939543308611852,6.778173207613033e-05
0.668,0.7974973177678957,0.010960423474039051,0.03290320233579726,0.009114643860598983,0.12267536249932198,0.001777141275405156,0.010389275733445178,0.0013898828879094147,0.006191680419145198,8.730320441956056e-05,0.00034354156800696,7.0212517499086e-05,0.006142261314216749,8.680796105198301e-05,0.00030103088361214253,6.991229763568182e-05
0.67,0.8011592012946608,0.011000837529541483,0.03275743904602848,0.00915857365354657,0.1187802600848164,0.0017281828024536582,0.010377220138047297,0.0013452800473526124,0.006379246483553643,8.998483205343766e-05,0.0003560560921246331,7.232731029541619e-05,0.006326124297816802,8.932655848466106e-05,0.0003079176748490392,7.202215437504985e-05
0.672,0.8046834662744874,0.01103932767843444,0.03260937460164542,0.009200920056494224,0.11502514581299315,0.001681187953395905,0.010368966131657966,0.0013023155830869315,0.006565116058214254,9.26463651589636e-05,0.00036857324259541627,7.442257149989629e-05,0.0065080018812956044,9.181201276543778e-05,0.0003146137810976828,7.410999517740429e-05
0.674,0.8080747016483861,0.011075963856052001,0.0324593266524845,0.009241734006161302,0.11140555746070654,0.0016360911855297765,0.01036427524014714,0.0012609378527388723,0.006749195076779587,9.528653316003651e-05,0.0003810834593810756,7.649728089961872e-05,0.00668779337437829,9.426294978770011e-05,0.0003211188056592191,7.617461774838185e-05
0.676,0.8113373643803138,0.011110813899572717,0.032307595528716766,0.009281065015702054,0.10791715413159945,0.0015928287822574113,0.01036291938907492,0.0012210965666362113,0.006931397328702358,9.7904165536827e-05,0.00039357753959829903,7.855050694055428e-05,0.0068654068818446955,9.667812760598634e-05,0.00032743283597720776,7.821491992069277e-05
0.678,0.8144757824291868,0.011143943600034767,0.03215446492746904,0.009318961208026956,0.10455571380230118,0.0015513388118767117,0.01036468058003421,0.0011827427619354844,0.007111644046987414,0.00010049818622139816,0.00040604663445157246,8.058140187369575e-05,0.0070407588810956975,9.905643006025483e-05,0.000333556403334322,8.022989511040283e-05
0.68,0.8174941576897488,0.011175416753301332,0.032000202580409795,0.0093554693485132,0.10131713087953632,0.0015115610871244722,0.010369350570576726,0.001145828776868653,0.007289863514752096,0.00010306760828919146,0.00041848224583315,8.258919713059104e-05,0.007213773814586486,0.00010139686061666532,0.0003394904447913803,8.22186279212711e-05
0.682,0.8203965689007315,0.011205295209995645,0.03184506090237938,0.009390634877109871,0.09819741377038735,0.0014734371254539363,0.010376730558188106,0.0011103082251304232,0.0074659906898052715,0.00010561152893174048,0.0004308762226006435,8.457319891877249e-05,0.0073843836967719045,0.00010369853641964253,0.00034523626728227326,8.418028989361838e-05
0.684,0.8231869745188745,0.011233638924424626,0.03168927762118219,0.00942450193984398,0.09519268246780446,0.001436910110030551,0.010386630868726338,0.0010761359704257426,0.007639966846484241,0.00010812912469659752,0.0004432207565442382,8.653278402788472e-05,0.007552527735210664,0.00010596068255010465,0.0003507955137794094,8.611413539428592e-05
0.686,0.8258692155574917,0.01126050600250938,0.03153307638869174,0.009457113419733989,0.09229916615331392,0.0014019248514305764,0.010398870649689753,0.0010432681011952275,0.0078117392340167095,0.0001106196469810625,0.0004555083780567857,8.846739583760861e-05,0.007718151965477018,0.00010818262648484572,0.00035617013144554884,8.80194976443227e-05
0.6880000000000001,0.8284470183883906,0.01128595274874035,0.031376667373450934,0.009488510967117787,0.08951320081873851,0.0013684277500280553,0.010413277568636336,0.0010116619055346757,0.0079812607507026,0.00011308241776688737,0.00046773195152106397,9.037654051876996e-05,0.007881208899530817,0.00011036379275215736,0.00036136234168930066,8.989578488111237e-05
0.6900000000000001,0.8309239975060736,0.011310033712174546,0.03122024783497758,0.009518735029402613,0.08683122690861418,0.0013363667590564588,0.010429687517034826,0.0009812758463233864,0.00814848963323732,0.00011551682558369892,0.0004798846704293356,9.225978341931126e-05,0.00804165718719938,0.0001125036977788691,0.0003663746120431206,9.174247665171926e-05
0.6920000000000001,0.8333036582532389,0.011332801731491593,0.031064002680009018,0.009547824880244317,0.08424978698485851,0.0013056913483320348,0.010447944319789538,0.0009520695365746489,0.008313389160524088,0.00011792232168942565,0.0004919600522509877,9.411674562708813e-05,0.008199461290427338,0.00011460194492406928,0.0003712096297843164,9.355912023429342e-05
0.6940000000000001,0.8355893995067231,0.01135430797912502,0.030908105000942734,0.009575818648163764,0.08176552341512716,0.0012763524686266133,0.010467899450645472,0.0009240037150205922,0.00847592737134835,0.00012029841645654754,0.0005039519330645373,9.594710070173412e-05,0.008354591169953747,0.00011665821969485105,0.0003758702772213649,9.534532718443505e-05
0.6960000000000001,0.8377845163231136,0.011374602004484766,0.03075271659674877,0.009602753344608236,0.0793751760861801,0.0012483025166782694,0.010489411753647471,0.0008970402219424655,0.008636076795312067,0.00012264467595349637,0.0005158544619706373,9.775057156811398e-05,0.008507021984079181,0.00011867228513950315,0.0003803596085697254,9.710077000347271e-05
0.6980000000000001,0.8398922025433543,0.011393731776286385,0.03059798847664675,0.00962866489146563,0.077075580143466,0.001221495300828833,0.01051234717079667,0.0008711419752564096,0.00879381419644936,0.00012496071871102708,0.0005276620953029195,9.9526927564156e-05,0.008656733799188953,0.00012064397741363731,0.00038468082834329,9.882517892566055e-05
0.7000000000000001,0.8419155533557602,0.011411743724002152,0.03044406134685549,0.009653588148039434,0.0748636637580309,0.001195886007277827,0.010536578476019716,0.0008462729468638574,0.008949120328968399,0.00012724621266385587,0.0005393695906536188,0.00010127598163612248,0.008803711311702633,0.0001225732015148139,0.0003888372711896397,0.00010051833882134938
0.7020000000000001,0.8438575678169419,0.011428682778448768,0.030291066080735986,0.009677556937492343,0.07273644592175436,0.0011714311669429247,0.010561985015540436,0.0008223981392748469,0.00910197970458674,0.00012950087225831888,0.0005509720007308963,0.00010299758767463753,0.008947943581124038,0.0001244599271812933,0.00039283238309934535,0.00010218008621323261
0.704,0.8457211513302166,0.011444592411526119,0.030139124172659234,0.0097006040727664,0.07069103427182144,0.0011480886229175069,0.010588452454719947,0.0007994835625117315,0.009252380370949054,0.00013172445571724432,0.0005624646670646723,0.0001046916379850473,0.009089423773870084,0.00012630418495060487,0.0003966697039216658,0.00010381030640281166
0.706,0.8475091180811639,0.011459514675121091,0.029988348175939938,0.009722761381987455,0.06872462294524662,0.0011258174985163492,0.010615872531409585,0.0007774962113000563,0.009400313700637234,0.00013391676245365605,0.0005738432135775843,0.00010635806088593829,0.009228148917561537,0.00012810606237368826,0.00040035285112113454,0.00010540893070426903
0.708,0.8492241934300548,0.011473490239190257,0.029838842125184537,0.009744059733361699,0.06683449046417998,0.0011045781659008934,0.010644142815841194,0.0007564040425526816,0.00954577419030308,0.00013607763062533303,0.0005851035400374149,0.00010799681842988322,0.009364119665463237,0.0001298657003804219,0.000403885504711684,0.00010697593378297776
0.71,0.8508690162609488,0.01148655842903476,0.029690701943407973,0.00976452905957187,0.0650179976526416,0.0010843322152759185,0.010673166477061104,0.0007361759531526057,0.009688759269473317,0.00013820693482264067,0.0005962418154069933,0.00010960790424072103,0.009497340070766226,0.0001315832897924146,0.0004072713933071169,0.00010851133109591607
0.712,0.7353953772525897,0.012378619720068686,0.12439554749537629,0.0083309064500121,0.0,0.0,0.0,0.0,0.11190079118374732,0.0015488240548775904,0.00477126550020846,0.0012786683431198216,0.0,0.0,0.0,0.0
0.714,0.74269955935906,0.012444397227051847,0.12073010541988476,0.008371993256902027,8.806926357618172e-06,1.9443565895199588e-07,1.150829887940972e-05,3.018086589787439e-07,0.10846946425522871,0.0014968867793820413,0.004505469958965418,0.0012401379576303668,1.260824356548072e-05,3.1851136500942513e-07,8.062581199987966e-06,1.8498020951694645e-07
0.716,0.7497266883062179,0.012505315749100127,0.11715954181958937,0.008412620604129426,3.483059653743226e-05,7.92056632240814e-07,4.521556577117602e-05,1.1667223713233448e-06,0.10512488757915858,0.0014466328475604767,0.004258091044780958,0.0012025379335381093,4.951217267475223e-05,1.2376005319581202e-06,3.0220841913953625e-05,7.085594922079607e-07
0.718,0.7564836489132893,0.012561538202142468,0.11368353008252105,0.008452807711083345,7.788560570059092e-05,1.8180702479218022e-06,9.992809214062911e-05,2.5420827351815763e-06,0.10186691457699086,0.0013980293531819761,0.0040281658864604235,0.0011658664703348737,0.00010936360089053772,2.7047539351103296e-06,6.372765668955394e-05,1.5289416561140807e-06
0.72,0.7629773658904015,0.012613228650876789,0.11030159238322408,0.008492568257625678,0.0001377616802857767,3.2930576737696327e-06,0.0001744115048475599,4.379300757075038e-06,0.09869524726779999,0.0013510423457045776,0.003814733500764791,0.001130119976518401,0.0001907833422998436,4.669258338677719e-06,0.00010619390216255025,2.6096807189573326e-06
0.722,0.7692147868504577,0.012660551647378865,0.1070131086168935,0.008531911126668838,0.00021422075555171748,5.233265145701805e-06,0.0002674075081067978,6.6336255371720215e-06,0.09560944516274877,0.0013056369923700722,0.0036168434713234328,0.0010952933087708641,0.0002923772096786324,7.082390023730582e-06,0.000155549121365245,3.91894797877025e-06
0.724,0.7752028662555798,0.012703671632341004,0.10381732556370143,0.00857084108250137,0.00030699515376952805,7.650894880941198e-06,0.0003776481782055089,9.263910804759935e-06,0.09260893436099847,0.0012617777334408638,0.003433563043572663,0.0010613799759130187,0.0004127496365092834,9.897555505337148e-06,0.00021000612591968074,5.428896356520235e-06
0.726,0.7809485503184433,0.012742752395002208,0.10071336616482013,0.008609359388253083,0.00041578668646692396,1.0554393157512259e-05,0.0005038680909995729,1.223238264549709e-05,0.08969301673375388,0.0012194284297958162,0.0032639828429593494,0.001028372313003357,0.0005505151959730268,1.3070390643824255e-05,0.0002680291641613561,7.115109921065367e-06
0.728,0.7864587628676175,0.012777956587970329,0.0977002388097067,0.008647464365946558,0.0005402665257303376,1.3948733473536491e-05,0.0006448145337180144,1.5504411094759318e-05,0.08686087910063969,0.0011785525023316013,0.0031072214003676985,0.0009962616301970222,0.0007043082621394931,1.6558824208421537e-05,0.00032830531694130505,8.956127917114652e-06
0.73,0.7917403921764664,0.012809445293282897,0.09477684655016168,0.008685151902591708,0.0006800757088805527,1.783569307709628e-05,0.000799256026802711,1.9048287702282246e-05,0.08411160231804053,0.0011391130628097693,0.002962428647822567,0.0009650383403206008,0.0008727910333264375,2.032311123205167e-05,0.00038971881361132355,1.093303387128086e-05
0.732,0.7968002787471596,0.012837377636205509,0.09194199617073334,0.008722415905752862,0.0008348261580746377,2.2214121486312544e-05,0.0009659893581612229,2.2835010689867442e-05,0.08144417021262686,0.0011010730359522175,0.0028287885287692632,0.000934692068545159,0.001054660114766876,2.432584085396833e-05,0.00045132798875596513,1.3029101466266162e-05
0.734,0.8016452040346052,0.012861910443421502,0.08919440705740034,0.008759248711959714,0.00100410211175377,2.708019990521768e-05,0.0011438453110941774,2.6838078915143293e-05,0.0788574783052175,0.0010643952727228045,0.002705520850422144,0.0009052117470409266,0.0012486518370805504,2.8531922774465924e-05,0.0005123446258231831,1.5229489863504672e-05
0.736,0.8062818800895913,0.012883197942423647,0.08653271981730715,0.008795641451251446,0.0011874618785369382,3.2427690688903084e-05,0.001331693248074244,3.103329551051128e-05,0.07635034228057722,0.0010290426548442142,0.002591882490625551,0.0008765856970640731,0.00145354646840264,3.2908555935898917e-05,0.0005721154571325873,1.7520982033495895e-05
0.738,0.8107169400958967,0.012901391499075147,0.08395550461180941,0.008831584371041616,0.0013844398363216217,3.824817622565614e-05,0.001528444695317331,3.539858177887227e-05,0.07392150616786813,0.0009949781906898874,0.0024871680582101347,0.000848801700551041,0.0016681714611927307,3.7425182590351145e-05,0.0006301056109987816,1.9891760432534798e-05
0.74,0.8149569297725006,0.01291663939046295,0.08146126917335297,0.008867067122375203,0.0015945486101462739,4.453128678827861e-05,0.0017330560575299298,3.991380168894742e-05,0.0715696502044135,0.0009621651027637279,0.0023907100938006833,0.0008218470629719484,0.0018914038595648013,4.205343051071214e-05,0.0006858838160741287,2.2331215055289752e-05
0.742,0.819008299609204,0.012929086610319699,0.07904846648389385,0.008902079011521784,0.0018172813719335528,5.1264917064980964e-05,0.0019445305781856702,4.4560597116323895e-05,0.06929339836231656,0.0009305669070378415,0.002301878887297228,0.00079570866891534,0.0021221719792923447,4.676704574344226e-05,0.0007391091906531053,2.482977950430613e-05
0.744,0.8228773979018014,0.01293887470444097,0.07671550209878335,0.008936609219713653,0.0020521142136928094,5.843543121527586e-05,0.0021619196480385434,4.932223381591474e-05,0.06709132552342406,0.0009001474844628849,0.002220081978681599,0.0007703730316365246,0.0023594564603129685,5.154181798324653e-05,0.000789519460738329,2.7378791258631304e-05
0.746,0.8265704645513939,0.01294614163367116,0.07446074110540016,0.008970646993697474,0.002298508553228582,6.602785641091577e-05,0.002384323553191611,5.418345798219298e-05,0.06496196429323811,0.0008708711449986942,0.002144763400280668,0.0007458263375959755,0.0026022907804573933,5.635550036800506e-05,0.0008369204652832256,2.9970372802081563e-05
0.748,0.8300936255913808,0.012951021662173568,0.07228251471040557,0.00900418180962498,0.002555913537981345,7.402606491859357e-05,0.002610891743791223,5.9130363150844605e-05,0.06290381144875454,0.0008427026845363295,0.002075402711039929,0.0007220544868384183,0.002849761309143311,6.118772524281626e-05,0.0008811768203236233,3.259733069410859e-05
0.75,0.8334528884050586,0.012953645268838104,0.07017912645341529,0.009037203512664365,0.0028237684184103497,8.241294486204108e-05,0.0028408226952010935,6.415026711545271e-05,0.06091533401892589,0.0008156074350980446,0.0020115138666314575,0.0006990431299134737,0.0031010069708000483,6.601991722147791e-05,0.000922203625805296,3.5253070038954125e-05
0.752,0.8366541375965242,0.012954139079812643,0.06814885804819955,0.009069702434570715,0.003101504867399922,9.117055986826519e-05,0.0030733634252306627,6.92315984720421e-05,0.0589949749995899,0.0007895513087102392,0.0019526439632522228,0.0006767777019116126,0.0033552185797296697,7.083520467907438e-05,0.0009599591099119099,3.793152213733211e-05
0.754,0.8397031314776683,0.012952625820271655,0.06618997485531226,0.009101669491312666,0.0033885492266059374,0.00010028029785768269,0.003307808723559478,7.436379235979128e-05,0.057141158707335535,0.0007645008353473074,0.0018983718876840092,0.0006552434540817835,0.003611637900877009,7.561833063779342e-05,0.0009944381156944246,4.0627083394189845e-05
0.756,0.8426054991344023,0.01294922428365793,0.06430073099237231,0.00913309626271419,0.0036843246645266916,0.00010972300928239105,0.003543500142833084,7.953719493535488e-05,0.055352295778961974,0.0007404231953424467,0.0018483069015141234,0.0006344254834066857,0.0038695564844959777,8.03555638571675e-05,0.0010256663438869187,4.333456381058426e-05
0.758,0.7906373861563574,0.11596437049089639,0.0,0.0,0.04783131776710003,0.001072369339379016,0.0,0.0,0.02280428574986989,0.007773692994161926,0.0,0.0,0.013333854402495949,0.0005827230997394681,0.0,0.0
0.76,0.7956824870312419,0.11249077134861411,5.2384229851921955e-06,1.0153624144571229e-05,0.046655037220008376,0.001039599799228119,1.2928050857791947e-05,4.74323690308808e-06,0.022864592946645192,0.007288162802136612,6.467020409313385e-07,3.8493642500831385e-07,0.013349573709436461,0.0005946165548711245,4.629497883048115e-07,6.00664673222818e-07
0.762,0.8005302671510084,0.10910114177749555,2.104226830305468e-05,3.9626902744454056e-05,0.04551301814473793,0.0010098857065665276,5.0468300452079406e-05,1.7825496416436416e-05,0.022903906115269455,0.00683326396501776,2.547028380094346e-06,1.511417156127598e-06,0.013366343513385625,0.000605093553312497,1.805110910618116e-06,2.253548843508145e-06
0.764,0.8051853443452905,0.10579546432790732,4.786592882210576e-05,8.702618503773377e-05,0.04440548892591001,0.000983183905372825,0.00011081912133180742,3.768604402192185e-05,0.022924002032242864,0.006407116789420875,5.653355478975382e-06,3.3357579714466748e-06,0.013384098207240302,0.0006141934495233419,3.961961692519312e-06,4.759662735505405e-06
0.766,0.8096524184929793,0.1025735529304771,8.607209017273687e-05,0.00015099896176451377,0.04333258017351096,0.0009594146101014893,0.00019223531898679053,6.29595998789219e-05,0.02292654355073307,0.0060079528751654085,9.918259863288767e-06,5.809011098255884e-06,0.01340276683815406,0.0006219599599674542,6.868241827815322e-06,7.949085318801945e-06
0.768,0.813936253797034,0.09943506564976637,0.00013593729878981682,0.0002302374088251249,0.042294330119313245,0.0009384692074109567,0.00029303212809538167,9.245587938544553e-05,0.02291308576191945,0.005634108728114514,1.5294240303330047e-05,8.878745638111302e-06,0.013422274408256468,0.000628440488493268,1.0459037548060772e-05,1.16771011063271e-05
0.77,0.818041662225619,0.09637951698963124,0.00019765753627193922,0.00032348114106505116,0.04129069015415301,0.0009202169656226203,0.0004115882647359782,0.0001251410527275636,0.022885081869576288,0.005284019745841217,2.1733549261531077e-05,1.2490516139178002e-05,0.013442543043611347,0.0006336854833837204,1.4670637299564255e-05,1.5820825060673578e-05
0.772,0.8219734880882686,0.09340628972662805,0.00027135375621994794,0.0004295192707658042,0.04032153043862407,0.0009045107769800928,0.0005463481483977311,0.0001601209582761589,0.022843888790786263,0.004956214550552963,2.918811099961038e-05,1.65890639330797e-05,0.013463493037975418,0.0006377478314342449,1.944119432036348e-05,2.0276255837524645e-05
0.774,0.8257365937125227,0.09051464625428106,0.00035707734617302923,0.000547191856430125,0.03938664552930803,0.0008911920453210011,0.0006958233967671782,0.00019662591767194808,0.022790772494667003,0.004649309646157285,3.760950738484503e-05,2.1119290045113085e-05,0.013485043778443891,0.0006406822926336004,2.471122742536637e-05,2.4955704767869702e-05
0.776,0.8293358461838677,0.08770373942669696,0.00045481548307189755,0.0006753908191712278,0.03848575997122481,0.0008800948204074661,0.0008585936862785806,0.00023399701252977816,0.022726913090151294,0.004362004378489998,4.694901556352121e-05,2.6027033397744057e-05,0.013507114560384554,0.0006425449775744371,3.0423986886101577e-05,2.9785554303937315e-05
0.778,0.8327761051098042,0.08497262289496074,0.0005644963558935535,0.0008130603964066764,0.03761853381483834,0.0008710492698054407,0.001033307062242048,0.0002716736939361511,0.022653409673155493,0.004093076179597575,5.715768434812631e-05,3.1259683571134335e-05,0.013529625299206918,0.0006433928685566212,3.6525708449535344e-05,3.470430522737662e-05
0.78,0.8360622113673604,0.08232026093404335,0.0006859942337668893,0.0009591971955759068,0.036784568022768985,0.0008638845697805932,0.0012186797739520425,0.0003091826063548679,0.022571284942875445,0.003841376078605055,6.818643845323802e-05,3.676665348465398e-05,0.013552497146521668,0.0006432833844213407,4.296577520548175e-05,3.9660876830189364e-05
0.782,0.8391989767923336,0.07974553776165941,0.000819134362037054,0.0011128499042054156,0.03598340973742095,0.0008584312881170831,0.001413495702478284,0.00034612751723944827,0.022481489596444543,0.0036058244631422885,7.998620166565652e-05,4.2499733952582806e-05,0.01357565301814681,0.0006422739884293454,4.969680412040998e-05,4.461312860702007e-05
0.784,0.8421911747679114,0.07724726635368964,0.0009636976724406804,0.0012731187067975326,0.035214557386097314,0.0008545233239971757,0.001616605441802084,0.0003821802526217361,0.022384906510756516,0.0033854070765724125,9.250803169275248e-05,4.841334908615615e-05,0.013599018041234022,0.0006404218379392601,5.66746715508856e-05,4.952657581034464e-05
0.786,0.8450435316700331,0.07482419676347977,0.0011194252968231904,0.0014391544536792875,0.03447746560491134,0.0008519994630402542,0.0018269250875365707,0.00041707254724698123,0.022282354719881537,0.003179171237391013,0.0001057032608390576,5.4464728910494306e-05,0.013622519927541913,0.0006377834742235779,6.385848988329368e-05,5.4373274578535686e-05
0.788,0.84776071912689,0.07247502395459857,0.001286022876710484,0.0016101576220806473,0.03377154996697043,0.0008507045992295804,0.0020434347816142154,0.00045058872549856105,0.022174593196177345,0.0029862222681630623,0.00011952363784947803,6.061401329273013e-05,0.013646089279589158,0.0006344145504566229,7.121054557474686e-05,5.913085530431121e-05
0.79,0.850347347050245,0.07019839515852393,0.0014631646635750357,0.0017853771052814746,0.03309619150396011,0.0008504906696982133,0.002265177055996923,0.0004825591364407441,0.022062324442906064,0.0028057201222548033,0.00013392146725833799,6.68242992962741e-05,0.013669659836092833,0.0006303695957000221,7.869620725536565e-05,6.378168551501124e-05
0.792,0.8528079573967742,0.06799291677027187,0.0016504974068431704,0.0019641088616409765,0.03245074101344326,0.0008512173431498706,0.002491255013622496,0.0005128542728442599,0.02194619790590562,0.00263687619741444,0.0001488497434230202,7.306164234994062e-05,0.01369316866274778,0.0006257018125796683,8.628381116129559e-05,6.831214582827103e-05
0.794,0.8551470186183466,0.06585716079622538,0.0018476440286062051,0.0021456944516709403,0.03183452314695849,0.000852752498007849,0.002720830380408602,0.0005413795100839695,0.02182681321162491,0.002478950325971566,0.0001642622771220718,7.929502011819398e-05,0.013716556294040307,0.0006204629062791227,9.394452997187408e-05,7.271200456385495e-05
0.796,0.8573689207610283,0.06378967086939423,0.0020542070856511504,0.0023295194880052963,0.031246840276393305,0.0008549725221706182,0.002953121458155831,0.0005680704063458767,0.021704723238608968,0.0023312479320716575,0.00018011381318010003,8.54962666524153e-05,0.013739766831421467,0.0006147029424554653,0.00010165223009786815,7.6973878367234e-05
0.798,0.8594779711736087,0.06178896784807446,0.00226977202084269,0.0025150120201259648,0.030686976138163416,0.0008577624624649294,0.003187401004591786,0.0005928885106855429,0.02158043702931075,0.002193117346948145,0.00019636013806277757,9.163998326853713e-05,0.013762748002797847,0.0006084702317043471,0.00010938332158844573,8.109276776166927e-05
0.8,0.8614783907875656,0.059853555014404806,0.002493910207091059,0.0027016408730026454,0.03015419925648179,0.0008610160484879153,0.003422994063547096,0.0006158176301733093,0.021454422548905762,0.002063947273768413,0.00021295817677969932,9.77034316122556e-05,0.013785451187935633,0.0006018112382526661,0.00011711660407306969,8.506565791846022e-05
0.802,0.8633743109315946,0.0579819228896658,0.00272618178815221,0.002888913956368126,0.02964776614848508,0.0008646356124834322,0.003659275765322859,0.000636860511673439,0.021327109297592895,0.0019431643940785266,0.0002298660787535724,0.00010366641352051834,0.013807831414020663,0.0005947705106325918,0.00012483311151382888,8.889117614200437e-05
0.804,0.8651697706451005,0.05617255368335536,0.0029661383213475073,0.00307637655915829,0.029166924315227962,0.0008685319241722589,0.0038956691146702195,0.000656035897762448,0.021198890782676623,0.0018302311083202123,0.00024704329257241975,0.00010951114155058046,0.013829847325275871,0.0005873906321835131,0.00013251595799899381,9.256929862713498e-05
0.806,0.8668687144563791,0.05442392539312743,0.00321332522797863,0.003263609641676434,0.02871091502358649,0.000872623957020883,0.004131642781431432,0.0006733759199228839,0.021070126856541846,0.0017246434033076723,0.00026445062974675453,0.00011522210341110787,0.013851461130210116,0.0005797121893338949,0.00014015018634685496,9.610109997827283e-05
0.808,0.8684749905925794,0.05273451557261397,0.0034672840577663574,0.003450228136275345,0.028278975884952692,0.0008768386002620177,0.004366708906764668,0.0006889237954773441,0.020941145926451032,0.0016259288399353739,0.00028205031775433516,0.00012078592298084039,0.013872638529760438,0.0005717737557288361,0.0001477226208988604,9.9488539798606e-05
0.81,0.8699923495899231,0.05110280478398444,0.003727554574074894,0.0036358792657698964,0.027870343237277693,0.0008811103290465837,0.004600420935970368,0.0007027317977767001,0.020812247041914034,0.0015336446547446004,0.00029980604277827865,0.00012619122012801648,0.013893348629294136,0.0005636118903880118,0.00015522172555286425,0.00010273428137634653
0.812,0.8714244432740603,0.049527279751844726,0.003993676667010413,0.003820240887381068,0.027484254337548343,0.0008853808433886341,0.004832371487235311,0.0007148594719479236,0.020683701865202943,0.0014473759693093469,0.0003176829826361273,0.00013142847113828364,0.01391356383715826,0.0005552611481998871,0.00016263746781234432,0.00010584153812605423
0.8140000000000001,0.8727748240818262,0.04800643623475415,0.004265192101716409,0.004003019868753922,0.027119949372181748,0.0008895986850405715,0.005062190264093254,0.0007253720710606665,0.02055575653040772,0.0013667341017136905,0.00033564783046320445,0.00013648987121155895,0.013933259752202578,0.0005467541011794619,0.0001699611893982719,0.00010881394399659464
0.8160000000000001,0.87404694469707,0.046538781630256626,0.004541646109340838,0.004183950501473195,0.026776673293109142,0.0008937188400868074,0.005289542018051338,0.0007343391899066187,0.020428633396253046,0.0012913549746853053,0.00035366880975776086,0.00014136920019170953,0.013952415042457655,0.0005381213690366222,0.00017718548378042607,0.00011165544454280648
0.8180000000000001,0.8752441579745924,0.04512283732889101,0.004822588828231311,0.004362792956507535,0.026453677487509646,0.0008977023338522131,0.0055141245666335895,0.0007418335757190067,0.020302532697722454,0.001220897615225174,0.0003717156814218582,0.0001460616924403646,0.013971011316922036,0.0005293916577190725,0.000184304080828688,0.00011437020578357023
0.8200000000000001,0.8763697171275838,0.043757140832175696,0.0051075766029343925,0.004539331785135357,0.02615022128925903,0.0009015158236713822,0.005735666871032704,0.0007479300971076133,0.020177634101362956,0.001155042740833432,0.0003897597434439513,0.00015056391155185655,0.013989032992201507,0.0005205918047068148,0.00019131173865733023,0.00011696253834191672
0.8220000000000001,0.8774267761552876,0.04244024764906283,0.005396173148541828,0.00471337446813064,0.025865573340190556,0.0009051311941413454,0.005953927176625678,0.000752704854262368,0.020054098168971912,0.0010934914276770403,0.0004077738238694977,0.0001548736304251325,0.014006467155548288,0.000511746829943454,0.00019820414263228297,0.00011943683468944884
0.8240000000000001,0.8784183904888996,0.041170732984834375,0.005687950587847836,0.004884750015305791,0.02559901280923415,0.0009085251586707693,0.006168691218785653,0.0007562344150997578,0.019932067734198044,0.0010359638562777926,0.000425732267697014,0.00015898971705603527,0.014023303425668036,0.000502879991392708,0.0002049778114291293,0.0001217975176032701
0.8260000000000001,0.8793475178349865,0.039947193235874104,0.005982490368664688,0.005053307616911771,0.02534983047741739,0.0009116788704308841,0.006379770495700769,0.000758595163503935,0.019811669196420863,0.0009821981305200872,0.0004436109183208215,0.0001629120262857447,0.014039533812497654,0.000494012844306051,0.00021163000996498102,0.00012404899819376292
0.8280000000000001,0.8802170191969191,0.038768247303199485,0.006279384068494307,0.005218915347874551,0.025117329696583313,0.0009145775451965461,0.0065870006092804845,0.0007598627471602699,0.019693013736106785,0.0009319491659877619,0.0004613870941199409,0.00016664129763498516,0.01405515257700532,0.0004851653033791912,0.00021815866897765038,0.00012619564208027613
0.8300000000000001,0.8810296600560054,0.03763253773708359,0.0065782340935775846,0.005381458925394036,0.02490082722951577,0.0009172100980301757,0.006790239674681913,0.0007601116137042605,0.019576198455677336,0.0008849876438389342,0.0004790395607666453,0.00017017905926589407,0.014070156091926212,0.00047635570706100765,0.00022456231098830638,0.00012824174248289986
0.8320000000000001,0.8817881116951465,0.036538731724540544,0.0068786542791450115,0.005540840520039776,0.024699653978967347,0.0009195687952978952,0.00698936679851448,0.0007594146250232422,0.01946130744976397,0.0008410990266178295,0.0004965484997992122,0.00017352753804160192,0.014084542704221555,0.0004676008833586506,0.00023083998235702967,0.00013019149916539396
0.834,0.8824949526489368,0.0354855219308955,0.007180270397476621,0.005696977620140858,0.02451315561286525,0.0009216489231080431,0.00718428062537333,0.0007578427405616198,0.019348412808566615,0.0008000826325836365,0.0005138954739724348,0.00017668957559535702,0.014098312599934448,0.00045891621655682463,0.00023699119112261118,0.0001320490023099609
0.836,0.8831526702651852,0.034471627206112035,0.007482720580149925,0.005849801948979359,0.024340693092730993,0.0009234484729201057,0.007374897952003137,0.0007554647614009531,0.019237575557878403,0.0007617507653090081,0.0005310633898672332,0.0001796685502744571,0.014111467672012601,0.0004503157143379782,0.00024301585030706422,0.00013381822053152808
0.838,0.8837636623638384,0.03349579316601081,0.007785655660614824,0.005999258434052484,0.024181643112095353,0.0009249678447804643,0.007561152408098228,0.0007523471277221082,0.01912884653918802,0.0007259278954653915,0.0005480364582079338,0.00018246830478762334,0.0141240113915748,0.0004418120748533864,0.00024891422636034793,0.00013550299234982185
0.84,0.8843302389802603,0.03255679265798478,0.008088739442987472,0.00614530422746325,0.02403539845142473,0.00092620956839435,0.007742993202496333,0.0007485537630151302,0.019022267233123325,0.0006924498918693503,0.0005648001523029728,0.00018509307935628082,0.014135948683014057,0.00043341675335317845,0.00025468689242063425,0.00013710702053380453
0.842,0.8848546241807342,0.03165342612030015,0.008391648902703263,0.006287907776328901,0.023901368255801966,0.0009271780420357569,0.007920383933316675,0.0007441459590901977,0.018917870529356073,0.0006611632990137893,0.000581341164992373,0.00018754745014919747,0.014147285803255197,0.0004251400280364556,0.00026033468606914424,0.00013863386881677282
0.844,0.8853389579389351,0.03078452184356956,0.008694074324414729,0.0064270479419562465,0.023778978241326975,0.0009278792891240164,0.008093301460423669,0.0007391822965661425,0.018815681445947273,0.0006319246584508605,0.0005976473644536514,0.00018983627276496708,0.014158030225417211,0.0004169910648310246,0.000265858671265341,0.0001400869605531559
0.846,0.8857852980629557,0.029948936142497377,0.00899571938226548,0.006562713166420393,0.023667670835922996,0.000928320732153117,0.008261734838461309,0.0007337185960772532,0.0187157178009767,0.0006045998715296442,0.0006137077491871402,0.0001919646305169302,0.014168190527071127,0.0004089779808562315,0.0002712601041574185,0.00014146957895116896
0.848,0.8861956221632511,0.02914555344552537,0.009296301167417333,0.006694900685094363,0.023566905259954505,0.0009285109835437598,0.008425684308595869,0.0007278078959495484,0.018617990839167757,0.0005790636011217048,0.0006295124024721939,0.00019393778726946488,0.014177776283230714,0.00040110790636215096,0.00027654040247399573,0.00014278486857018295
0.85,0.8865718296526298,0.028373286309552978,0.009595550167456945,0.006823615783609462,0.023476157551785507,0.000928459652895279,0.008585160347023167,0.0007215004525592596,0.01852250581609079,0.0005551987100916524,0.0006450524465576064,0.00019576114457243735,0.014186797964166642,0.00039338704497427916,0.00028170111821524004,0.00014403583781902684
0.852,0.8869157437701163,0.02763107536646894,0.009893210202060751,0.006948871097676805,0.023394920543132868,0.00092817717004182,0.008740182768237407,0.0007148437600031801,0.018429262542404116,0.0005328957343880829,0.0006603199968228248,0.0001974402028413419,0.014195266838093336,0.00038582073210513085,0.0002867439133748937,0.00014522536223236842
0.854,0.8872291136211865,0.026917889207811727,0.010189038319054636,0.007070685954167366,0.02332270378880048,0.0009276746232619007,0.008890779881019316,0.0007078825860868831,0.01833825589047216,0.0005120523887430121,0.000675308116121321,0.00019898052633375788,0.014203194878741736,0.0003784134914230326,0.00029167053843854706,0.00014635618833765062
0.856,0.8875136162275086,0.026232724213473883,0.010482804654767973,0.007189085751828666,0.023259033455117126,0.0009269636119502527,0.009036987695079001,0.0007006590219762076,0.018249476265584447,0.000492573103075351,0.0006900107694937823,0.00020038771167774097,0.01421059467779969,0.0003711690892941783,0.00029648281341769,0.0001474309379554982
0.858,0.8877708585799122,0.025574604329981418,0.010774292262351234,0.007304101380009258,0.023203452171144858,0.0009260561130335419,0.009178849176281543,0.0006932125431632269,0.018162910043887964,0.00047436858779632715,0.0007044227794166156,0.0002016673597142583,0.014217479362174611,0.0003640905871369114,0.0003011826111933836,0.0001484521128026942
0.86,0.8880023796888763,0.024942580803512724,0.011063296911503064,0.007415768673765657,0.023155518846476663,0.000924964360395285,0.009316413548388814,0.0006855800796732096,0.018078539979037894,0.00045735542631223687,0.0007185397817306277,0.00020282505042343687,0.014223862516009786,0.00035718039164746296,0.0003057718429576222,0.00014942209928929938
0.862,0.8882096526273432,0.02433573187247221,0.011349626862836467,0.007524127903738741,0.023114808459201865,0.0009237007365683522,0.009449735639267366,0.0006777960936866575,0.01799634557946884,0.00044145569311270915,0.0007323581823755986,0.0002038663207129352,0.01422975810736577,0.00035044030287420877,0.00031025244555446746,0.00015034317342073873
0.864,0.8883940865611651,0.023753162424101772,0.011633102619905626,0.007629223299206682,0.02308091181738657,0.0009222776759543961,0.009578875269537964,0.0006698926629729228,0.017916303458089363,0.00042659659592096633,0.000745875115038782,0.00020479664485593152,0.014235180419461802,0.00034387156013313317,0.0003146263705367061,0.00015121750573212812
0.866,0.8885570287629491,0.023194003619298267,0.011913556661714422,0.007731102602747964,0.023053435297193947,0.0009207075788370754,0.009703896681676094,0.0006618995687315008,0.01783838765610773,0.0004127101404665692,0.0007590883998091004,0.00020562141737584508,0.014240143986358202,0.0003374748857707975,0.000318895574767035,0.00015204716619613332
0.868,0.8886997666054942,0.022657412489506003,0.012190833158335473,0.007829816654979786,0.02303200056055596,0.0009190027354688933,0.009824868007612902,0.0006538443866160023,0.017762569942605746,0.00039973281652099115,0.0007719965029138607,0.00020634593818479594,0.014244663532949434,0.0003312505267928772,0.00032306201240552376,0.0001528341290575625
0.87,0.8888235295314243,0.022142571509270684,0.012464787672084508,0.007925419007873358,0.023016244255104134,0.0009171752595288613,0.0099418607729317,0.0006457525798759757,0.017688820091390018,0.0003876053039122702,0.0007845984976011931,0.00020697539979282843,0.014248753919128384,0.00032519829438643993,0.0003271276281373171,0.00015358027755798224
0.872,0.8889294909959925,0.02164868814777403,0.012735286846519107,0.008017965565187463,0.023005817698872708,0.0009152370302691523,0.010054949435805453,0.0006376475936949549,0.01761710613656704,0.0003762721973070914,0.0007968940262189997,0.0002075148764149518,0.014252430087975481,0.0003193176013727437,0.0003310943515061708,0.00015428740852215525
0.874,0.8890187703803787,0.021174994402415576,0.013002208085363159,0.008107514248604116,0.02300038655210158,0.0009131996426926339,0.010164210958874036,0.0006295509499309521,0.017547394608208228,0.0003656817486171096,0.0008088832635299321,0.00020796931481299147,0.014255707017820776,0.0003136074976345731,0.00033496409223044023,0.0001549572367852477
0.876,0.8890924348731353,0.02072074631727092,0.013265439223298961,0.008194124688195147,0.022999630478291046,0.0009110743651290626,0.01026972441231664,0.0006214823415796023,0.017479650749395295,0.0003557856259513095,0.0008205668812917572,0.00020834352671902538,0.01425859967802358,0.0003080667035681656,0.00033873873638856964,0.0001555913994457303
0.878,0.8891515013177314,0.020285223489031213,0.013524878190417356,0.008277857935894794,0.023003242796492764,0.0009088721036051526,0.010371570606432907,0.0006134597263816043,0.0174138387158636,0.0003465386880978385,0.0008319460141233134,0.00020864218269672912,0.014261122988311833,0.0003026936416147074,0.0003424201433709322,0.00015619145993386508
0.88,0.8891969380244293,0.019867728562818616,0.013780432671972731,0.008358776200701079,0.0230109301266636,0.0009066033724322516,0.010469831752106324,0.000605499419086241,0.01734992175939178,0.0003378987735772077,0.0008430222266680616,0.0002088698073062321,0.014263291781522278,0.0002974864659303403,0.0003460101435040795,0.00015675891188977282
0.882,0.8892296665449834,0.01946758672007441,0.014032019764953694,0.008436942604376909,0.023022412029759368,0.0009042782704645195,0.010564591147583995,0.0005976161819626864,0.017287862396020256,0.00032982650336416016,0.0008537974820599232,0.00020903077544704823,0.014265120769582494,0.00029244309025670487,0.0003495105362620588,0.00015729518284843727
0.884,0.8892505634088919,0.019084145160531314,0.014279565632851876,0.008512420956470437,0.02303742064410459,0.0009019064625099752,0.010655932890068064,0.0005898233132215515,0.017227622560118238,0.0003222850964280005,0.0008642741116896068,0.00020912930976226752,0.014266624512576665,0.0002875612140563631,0.00035292308898748686,0.000157801637731731
0.886,0.8892604618201553,0.01871677258010761,0.014523005159890048,0.008585275547522808,0.02305570031944149,0.0008994971654062297,0.010743941610675177,0.0005821327330715769,0.017169163745259425,0.00031524019729089,0.0008744547862638977,0.00020916947899545492,0.014267817390738699,0.0002828383469790776,0.00035624953605252615,0.00015827958214973737
0.888,0.8892601533136922,0.018364858646398287,0.014762281605856667,0.008655570959379641,0.023077007249936762,0.0008970591383019281,0.010828702231381177,0.0005745550671914043,0.017112447132809766,0.0003086597148506697,0.0008843424881453578,0.00020915519719958838,0.014268713579218535,0.0002782718317259557,0.00035949157839683296,0.00015873026551537395
0.89,0.8892503893707533,0.018027813473286365,0.014997346262586593,0.008723371891570398,0.023101109107307085,0.0008946006767136497,0.010910299742628433,0.000567099727444683,0.017057433709076784,0.00030251367175929605,0.0008939404849554992,0.00020909022370487165,0.01426932702547051,0.00027385886537897874,0.00036265088338594654,0.00015915488397766768
0.892,0.8892318829928494,0.01770506709605593,0.015228158113026993,0.008788743002766873,0.02312778467511497,0.0008921296099561131,0.010988819000332484,0.0005597749897091087,0.01700408437181916,0.0002967740636900881,0.0009032523044207162,0.00020897816375937787,0.014269671429116013,0.0002695965192634836,0.00036572908493949535,0.00015955458318004967
0.894,0.8892053102338539,0.017396068948255957,0.015454683493732885,0.008851748766378066,0.023156823485183012,0.0008896533015708334,0.011064344541082946,0.0005525880687269191,0.016952360026866505,0.0002914147278667908,0.0009122817104369967,0.00020882246976321308,0.014269760224136369,0.0002654817574108168,0.0003687277838840362,0.00015993046085078052
0.896,0.8891713116900988,0.017100287341441145,0.015676895761548574,0.008912453339384063,0.023188025456979233,0.0008871786524048172,0.011136960414390669,0.0005455451899165216,0.01690222167555369,0.00028641122026508854,0.000921032680326705,0.00020862644302324965,0.014269606563256229,0.00026151145368769616,0.0003716485484903351,0.00016028356923313396
0.898,0.8891304939483966,0.01681720894880099,0.015894774965148226,0.008970920443555276,0.023221200540735905,0.0008847121060163056,0.011206750030888606,0.000538651658112726,0.016853630493630426,0.0002817407009327318,0.0009295093832583963,0.0002083932359614601,0.014269223304381837,0.00025768240765782727,0.0003744929151594723,0.00016061491736328883
0.9,0.8890834309920517,0.016546338293582496,0.016108307522032135,0.00902721325824643,0.023256168364981126,0.0008822596561090036,0.01127379602544808,0.0005319119232270406,0.016806547902265795,0.00027738182690800436,0.0009377161597987536,0.0002081258547155101,0.014268622998963403,0.00025399135924010453,0.0003772623892263397,0.00016092547320405306
0.902,0.8890306655650257,0.01628719724311274,0.016317485901503177,0.009081394323996017,0.023292757889084643,0.000879826855719549,0.011338180134224583,0.0005253296428400158,0.01676093563172865,0.0002733146522479268,0.0009456575025641922,0.00020782716207553602,0.014267817882155394,0.0002504350022262851,0.00037995844585291157,0.00016121616564258054
0.904,0.8889727104945155,0.016039324509136095,0.016522308314081163,0.00913352545620208,0.023330807061347117,0.0008774188279051887,0.011399983084697973,0.0005189077417551075,0.016716755778287764,0.0002695205347074739,0.0009533380379384876,0.00020749988070596783,0.014266819864653385,0.00024700999671942414,0.00038258253098713774,0.00016148788636018323
0.906,0.8889100499722938,0.015802275155096357,0.01672277840775089,0.00918366766818397,0.02337016248309533,0.0008750402776997167,0.0114592844978212,0.0005126484685582919,0.01667397085484125,0.00026598204863927094,0.0009607625088218789,0.0002071465966058606,0.014265640526091078,0.00024371298055261565,0.0003851360623664586,0.00016174149158219503
0.908,0.8888431407952379,0.015575620110915681,0.016918904971382185,0.009231881102977079,0.02341067907918397,0.0008726955051256923,0.011516162801438915,0.0005065534492400187,0.01663254383575172,0.00026268290370980174,0.0009679357583764759,0.00020676976276549309,0.014264291109886017,0.00024054057974573373,0.0003876204305477927,0.00016197780371563723
0.91,0.8887724135655397,0.015358945695749934,0.01711070164560705,0.009278224973243382,0.023452219775247262,0.0008703884190697823,0.011570695154182995,0.0005006237379463148,0.01659243819633307,0.0002596078690532032,0.0009748627147323964,0.00020637170298098436,0.014262782519427383,0.00023748941805593057,0.00039003699994842145,0.00016219761288217548
0.912,0.8886982738511532,0.015151853149133495,0.01729818664138984,0.009322757508715107,0.023494655181991127,0.0008681225518458013,0.011622957379095685,0.0004948598649341715,0.01655361794740514,0.00025674270250731064,0.000981548376618873,0.00020595461579238844,0.014261125315504197,0.00023455612567565057,0.00039238710988450916,0.00016240167835356327
0.914,0.8886211033070874,0.014953958170865403,0.017481382466481413,0.009365535910622025,0.02353786328676793,0.0008659010742866676,0.011673023906273278,0.0004892618818130386,0.016516047665305653,0.00025407408459883566,0.0009879977998845848,0.00020552057851416772,0.014259329714877133,0.00023173734712988151,0.000394672075596085,0.0001625907298964463
0.916,0.8885412607582049,0.01476489046993223,0.01766031565990623,0.009406616312584309,0.023581729152631424,0.0008637268112220652,0.011720967723863378,0.0004838294041594422,0.016479692517722407,0.0002515895569654714,0.0009942160848716167,0.00020507155133012872,0.014257405589901812,0.00022902974842229788,0.00039689318924917183,0.00016276546903306094
0.918,0.888459083244219,0.014584293322711576,0.017835016534593486,0.00944605374748334,0.02362614462502826,0.0008616022572131588,0.011766860336787371,0.00047856165159568953,0.016444518285684672,0.0002492774649224016,0.0010002083646077757,0.00020460938142784468,0.014255362469116213,0.00022643002347787707,0.000399051720907409,0.00016292657022401086
0.92,0.8883748870276251,0.014411823140652714,0.0180055189282283,0.009483902119851565,0.023671008046245508,0.0008595295924292689,0.011810771732596557,0.00047345748542642415,0.016410491382029768,0.00024712690389920675,0.001005979793782411,0.00020413580715030564,0.01425320953870939,0.00022393489992750078,0.00040114891946700025,0.00016307468197895202
0.922,0.8882889685653298,0.014247149047587702,0.018171859962367014,0.009520214183350235,0.02371622397769905,0.0008575106985640147,0.011852770353905579,0.0004685154439286427,0.016377578866639205,0.0002451276694905712,0.0010115355384714398,0.00020365246214503298,0.014250955644793135,0.00022154114427799635,0.00040318601355012303,0.0001632104279006615
0.924,0.8882016054447609,0.014089952466786775,0.01833407980983151,0.00955504152292985,0.023761702930116764,0.0008555471747001181,0.011892923076880125,0.0004637337753917719,0.016345748458718452,0.00024327021088056523,0.0010168807665778962,0.00020316087949319474,0.01424860929640251,0.0002192455665090421,0.00040516421235309394,0.00016333440766761606
0.926,0.888113057285273,0.013939926717836107,0.018492221470371353,0.009588434541293381,0.023807361101642346,0.000853640353042886,0.011931295195288074,0.00045911046900467926,0.01631496854637566,0.00024154558741566187,0.0010220206389550501,0.00020266249580336767,0.014246178669155556,0.000217045024136364,0.0004070847064466039,0.0001634471979598664
0.928,0.8880235666056682,0.013796776623383182,0.0186463305545583,0.009620442449305815,0.02385312012385973,0.0008517913144523518,0.011967950409653302,0.0004546432836861246,0.01628520819373648,0.00023994542811609854,0.0010269603011798943,0.00020215865525652154,0.014243671609506306,0.0002149364257786909,0.0004089486685262206,0.0001635493533326588
0.93,0.8879333596586708,0.013660218125765669,0.01879645507585629,0.009651113260016232,0.023898906815715187,0.0008500009037132546,0.012002950821080398,0.00045032977495427606,0.016256437145815504,0.00023846189392876977,0.0010317048759456422,0.00020165061359056916,0.014241095639529341,0.00021291673426402272,0.0004107572541121311,0.00016364140704193755
0.932,0.887842647233203,0.01352997791351288,0.018942645250790705,0.009680493785980005,0.023944652945293396,0.0008482697444904727,0.012036356929345873,0.00044616731992957185,0.01622862583134922,0.00023708764253758168,0.0010362594560427412,0.00020113954201443935,0.014238457962177872,0.0002109829693089046,0.00041251160219776464,0.00016372387182555457
0.934,0.8877516254253154,0.013405793057684927,0.019084953307123342,0.009708629639588887,0.023990294999385122,0.0008465982539252537,0.012068227634877415,0.000442153140563488,0.01620174536378052,0.0002358157955591611,0.0010406290978988097,0.00020062653104309643,0.014235765466960917,0.00020913220980259078,0.00041421283584750857,0.0001637972406437204
0.936,0.8876604763786239,0.013287410657992974,0.019223433299923893,0.009735565236135977,0.02403577396076748,0.0008449866568346467,0.012098620244267368,0.0004382843251837454,0.01617576754057101,0.0002346399079630347,0.0010448188156488313,0.00020011259424626682,0.014233024735988656,0.00020736159572622847,0.00041586206274421555,0.0001638619873819526
0.9380000000000001,0.8875693689951147,0.013174587498624754,0.019358140935415352,0.009761343799360713,0.024081035093103137,0.0008434349994829804,0.012127590478989921,0.0004345578484441977,0.016150664841004535,0.0002335539395659252,0.0010488335757078966,0.00019959867190484426,0.014230242050338439,0.00020566832973550317,0.0004174603756876125,0.0001639185675195164
0.9400000000000001,0.8874784596171683,0.013067089713682258,0.019489133402458544,0.009786007369236174,0.024126027733351676,0.0008419431629000734,0.012155192487013569,0.0004309705897651514,0.016126410422633155,0.00023255222845968112,0.0010526782918197218,0.00019908563457004183,0.014227423396697022,0.00020404967843355246,0.000419008853045062,0.0001639674187661047
0.9420000000000001,0.8873878926816534,0.01296469246212317,0.019616469211530478,0.009809596811777167,0.02417070509157485,0.0008405108757261646,0.012181478857021213,0.00042751935034721116,0.016102978116505504,0.00023162946624161393,0.0010563578205551526,0.0001985742865213473,0.01422457447423778,0.00020250297335938668,0.0004205085591564051,0.00016400896166927329
0.9440000000000001,0.8872978013469385,0.012867179612084167,0.01974020804104215,0.009832151830662874,0.02421502405800763,0.0008391377265683247,0.012206500634970013,0.0004242008688389673,0.016080342421306917,0.0002307806749246898,0.0010598769572358142,0.00019806536912023162,0.014221700701694408,0.00020102561171554816,0.0004219605446948407,0.00016404360019493008
0.9460000000000001,0.8872083080936559,0.012774343434452402,0.019860410590833766,0.00985371098048229,0.024258945017258286,0.0008378231758574212,0.012230307342741682,0.00042101183573597706,0.016058478496530863,0.0002300011854131501,0.0010632404322590309,0.00019755956405735918,0.01421880722459558,0.00019961505685729661,0.00042336584698597353,0.0001640717222829764
0.9480000000000001,0.8871195253000475,0.012685984305541008,0.019977138442678385,0.00987431168142418,0.02430243166949315,0.0008365665671985574,0.012252946998651407,0.0004179489065855598,0.016037362154791807,0.00022928661743674546,0.0010664529078010813,0.00019705749649176504,0.014215898922627444,0.00019826883856422384,0.0004247254902872887,0.00016409370038000806
0.9500000000000001,0.8870315557927099,0.01260191041871575,0.020090453927620013,0.0098939902352462,0.024345450858455884,0.0008353671382113554,0.012274466139600168,0.0004150087140689734,0.016016969853381295,0.0002286328608438965,0.0010695189748768051,0.00019655973808110463,0.014212980417093539,0.00019698455311388402,0.00042604048603041576,0.00016410989195081335
0.9520000000000001,0.8869444933735481,0.012521937504812158,0.02020041999996732,0.009912781842369775,0.024387972406165612,0.0008342240308595089,0.012294909844670734,0.0004121878790295638,0.01599727868516073,0.00022803605816076712,0.0010724431507344908,0.00019606680990264845,0.01421005607844399,0.00019575986317576464,0.00042731183302859596,0.0001641206399702414
0.9540000000000001,0.8868584233237266,0.012445888561176054,0.020307100117760865,0.009930720619958682,0.02442996895413411,0.000833136301271737,0.012314321759982304,0.00040948302051251815,0.015978266368877073,0.0002274925883294769,0.001075229876565886,0.00019557918526519794,0.014207130033848039,0.0001945924975427227,0.00042854051765180536,0.00016412627339686703
0.9560000000000001,0.8867734228854038,0.012373593589155062,0.02041055812952885,0.009947839620849934,0.024471415810939,0.0008321029290586503,0.01233274412463251,0.00040689076487891306,0.01595991123898043,0.00022699905154452508,0.0010778835155120555,0.00019509729241254243,0.014204206174786217,0.00019348025071587346,0.0004297275139719899,0.00016412710762974187
0.9580000000000001,0.8866895617220109,0.0123048893398642,0.020510858167144885,0.009964170853215522,0.024512290805987377,0.0008311228261321193,0.012350217797568439,0.0004044077540538478,0.015942192235016295,0.00022655225511195932,0.0010804083509466835,0.00019462151711946462,0.014201288164640334,0.00019242098235783156,0.0004308737838808534,0.00016412344494939573
0.96,0.8866069023578308,0.01223961906804527,0.02060806454459977,0.009979745300843031,0.024552574149302456,0.0008301948450355397,0.01236678228524053,0.0004020306529656036,0.015925088890658932,0.00022614920026093347,0.0010828085850192605,0.000194152205181643,0.01419837944626148,0.0001914126166281808,0.0004319802771826096,0.0001641155749441384
0.962,0.8865255005976084,0.012177632293836959,0.0207022416624989,0.00999459294393174,0.02459224829716467,0.0008293177867949301,0.012382475769904535,0.00039975615622997294,0.0159085813224468,0.0002257870698420731,0.0010850883374414117,0.00019368966480109005,0.01419548324949787,0.0001904531414140707,0.00043304793166405216,0.00016410377492260566
0.964,0.8864454059269148,0.012118784572270828,0.02079345391809727,0.01000874278030936,0.024631297823438338,0.000828490408302132,0.012397335138447527,0.00039758099413118446,0.01589265021827583,0.0002254632168515343,0.001087251644500432,0.0001932341688690198,0.0141926025986662,0.00018954060746792167,0.000434077673144244,0.00016408831031340041
0.966,0.8863666618939664,0.012062937270306821,0.020881765620684136,0.01002222284698189,0.024669709296414696,0.0008277114292424727,0.012411396011623842,0.0003955019379481916,0.0158772768257012,0.0002251751537238079,0.0010893024582848483,0.0001927859571482499,0.01418974031995158,0.00018867312746334445,0.00043507041550604355,0.0001640694350525901
0.968,0.8862893064735855,0.012009957351221614,0.020967240912131098,0.010035060241936677,0.024707471161002952,0.0008269795385801847,0.012424692773596356,0.0003935158046725266,0.015862442940094118,0.00022492054234022065,0.0010912446461075979,0.0001923452383574258,0.014186899048722766,0.000187848874979563,0.00043602706071161127,0.00016404739195974546
0.97,0.8862133724139738,0.01195971716616281,0.021049943692418593,0.010047281146125226,0.02474457362610187,0.0008262934006156061,0.012437258601687238,0.00039161946116142795,0.015848130892695583,0.00022469718470372182,0.0010930819901131157,0.00019191219215950153,0.014184081236750667,0.00018706608342385062,0.0004369484988039456,0.0001640224131031338
0.972,0.8861388875669459,0.011912094252682442,0.02112993754995774,0.010058910845558709,0.024781008556985493,0.0008256516606287785,0.01244912549625043,0.00038980982776754534,0.01583432353860543,0.0002245030142339388,0.001094818187055328,0.00019148697105703406,0.014181289159319408,0.00018632304490076083,0.000437835607896403,0.00016399472015461432
0.974,0.8860658752022648,0.011866971140064167,0.021207285696526947,0.010069973753455058,0.024816769372538728,0.0008250529501245042,0.012460324310586001,0.00038808388148421494,0.015821004244741296,0.00022433608763965874,0.0010964568482342207,0.00019106970219694418,0.014178524922220553,0.00018561810903624818,0.00043868925415206026,0.00016396452473472773
0.976,0.8859943543066886,0.011824235161259708,0.02128205090664512,0.010080493432381914,0.02485185094718027,0.0008244958916942383,0.012470884780823444,0.0003864386586430618,0.01580815687779875,0.00022419457732884908,0.0010980014995792902,0.00019066048908746947,0.014175790468622076,0.00018494968176412682,0.0004395102917546729,0.00016393202874841903
0.978,0.8859243398683374,0.011783778271251736,0.021354295461206374,0.01009049261634493,0.024886249517312595,0.0008239791035103967,0.012480835555707908,0.0003848712571985562,0.015795765792240905,0.0002240767643190912,0.0010994555818688108,0.0001902594132300893,0.014173087585804827,0.00018431622408171034,0.0004402995628728817,0.00016389742471178604
0.98,0.8858558431469559,0.011745496871662302,0.021424081095203946,0.010099993232775564,0.024919962592141423,0.0008235012034687626,0.012490204226229344,0.000383378838632095,0.015783815818342737,0.000223981031613875,0.0011008224510744423,0.00018986653566923584,0.014170417911760136,0.0001837162507809065,0.00044105789761921465,0.00016386089607020517
0.982,0.885788871930642,0.011709291641428152,0.02149146894937477,0.01010901642437708,0.02495298886870971,0.0008230608129946869,0.012499017355040602,0.0003819586295062237,0.01577229225031298,0.00022390585801260386,0.001102105378821274,0.00018948189846262447,0.014167782941643229,0.00018314832916050872,0.0004417861140053288,0.00016382261750814964
0.984,0.8857234307795904,0.011675067373366672,0.02155651952559931,0.010117582570791487,0.02498532815099412,0.0008226565605287092,0.012507300505615722,0.0003806079226977378,0.0157611808345138,0.0002238498123243955,0.0011033075529539465,0.0001891055260750423,0.01416518403407783,0.0001826110777249275,0.00044248501789483324,0.00016378275525098145
0.986,0.8856595212573795,0.011642732816458858,0.021619292645895037,0.010125711310054035,0.025016981272915007,0.0008222870847070872,0.0125150782711048,0.0003793240783366191,0.015750467757796337,0.00022381154795785168,0.0011044320782000188,0.0001887374266984246,0.014162622417308202,0.00018210316487413887,0.0004431554029549332,0.0001637414673589706
0.988,0.8855971421503223,0.011612200523678583,0.021679847414845726,0.010133421559805445,0.025047950025114167,0.0008219510372525252,0.012522374302846435,0.00037810452447605697,0.015740139635968108,0.00022378979786091222,0.0011054819769222397,0.00018837759350103094,0.014160099195195624,0.00018162330758919208,0.00044379805060803607,0.00016369890401376968
0.99,0.8855362896753742,0.011583386705200361,0.021738242185312544,0.010140731538235297,0.025078237085357776,0.0008216470855901393,0.012529211338503071,0.00037694675751718816,0.015730183502406327,0.00022378336978671944,0.0011064601899518664,0.0001880260058085031,0.014157615353056808,0.0001811702701172124,0.00044441372998436305,0.00016365520779754823
0.992,0.8854769576770887,0.011556211086821118,0.021794534527277067,0.010147658784733199,0.025107845952425597,0.000821373915203402,0.01253561122978872,0.0003758483424106502,0.015720586796829573,0.00022379114186310675,0.0011073695774956316,0.00018768263021955202,0.014155171763342694,0.00018074286265945788,0.00044500319787651977,0.00016361051396497506
0.994,0.8854191378140774,0.011530596773434381,0.021848781199670046,0.01015422018022697,0.02513678088335061,0.0008211302317444676,0.012541594969762,0.00037480691265557827,0.015711337354238394,0.00022381205844489345,0.0011082129201093823,0.0001873474216589729,0.014152769191156194,0.00018033994006563437,0.0004455671986968814,0.000163564950708215
0.996,0.8853628197354348,0.011506470117399052,0.021901038125044216,0.010160431967189925,0.025165046833877054,0.0008209147629129165,0.012547182719661164,0.00037382017011529796,0.015702423394034236,0.0002238451262296316,0.0011089929197318415,0.0001870203243706416,0.014150408299608393,0.00017996040053734884,0.0004461064644385704,0.00016351863941509737
0.998,0.8853079912475579,0.01148376059164796,0.021951360366953127,0.010166309769301584,0.025192649402008205,0.0008207262601165578,0.012552393835260772,0.00037288588466764794,0.015693833509324535,0.00022388941061881042,0.0011097122007723275,0.00018670127285308553,0.014148089655012908,0.00017960318434327458,0.0004466217146407126,0.00016347169492059624
1.0,0.8852546384717852,0.011462400667385169,0.021999802109902575,0.010171868610748515,0.025219594774518874,0.0008205634999275149,0.01255724689273271,0.00037200189370663274,0.015685556656420706,0.00022394403230779157,0.0011103733112466513,0.00018639019274016558,0.014145813731918708,0.00017926727254832195,0.00044711365635858436,0.00016342422575175557
