T,M,a,b,c,d,e,f,g,h,i,j,k,l,m,n,o,p,q,r,s,t
0.0,0.12853663460342835,0.13578735222285765,0.11748341080182323,0.14224141844805416,0.12440316018247999,0.134770730775982,0.1274688154235165,0.12750783126020615,0.13840143386496617,0.10066226772678777,0.13882307587747622,0.12310618982832655,0.13718081019589046,0.13542969286462936,0.14114828248813904,0.12398486864564096,0.13282592829571116,0.11963937213496256,0.13589940365356246,0.12063083735234603,0.11333781002520915
0.001,0.1243899149006967,0.1321036914614523,0.11391917246965566,0.13756713059259962,0.12007874943801145,0.13062366424878147,0.12237159610006787,0.123323202423272,0.13408059382550241,0.09744049175515057,0.13458389071109078,0.11897456531507933,0.13209141281197034,0.1315864010318335,0.1366261280119414,0.11983906323703142,0.12801280729438824,0.11567263249883708,0.13182848472132624,0.11664207459680143,0.11043254546914072
0.002,0.12090054751649067,0.12884900071850924,0.1108786418552683,0.13367871561665667,0.11654971744006681,0.12710933384957868,0.11846708764814506,0.11988067642867928,0.1304645179208097,0.09478097498241911,0.13092135203157762,0.11560593417027976,0.1280280186246896,0.12817115309016613,0.1328670075379914,0.11630996825144435,0.12388532742213243,0.11232285426332467,0.12820173936189716,0.11323992047514164,0.10779900864103553
0.003,0.11778077816992061,0.12587812849598456,0.10812873643264198,0.1302261239530157,0.1134180895542155,0.12396062625125737,0.11510166245746789,0.11683502954687752,0.1272355478820295,0.09238921685905366,0.12761058924847135,0.11265244438166677,0.124474646957906,0.12504722323104667,0.12950399820922553,0.11316130462413698,0.1201945485553697,0.109338065183741,0.12488868309954637,0.11021823693696153,0.10535266153779732
0.004,0.11492492358626512,0.12311974021435645,0.10558757288286769,0.12707736757717814,0.11056189620686685,0.12107499193408167,0.11209157306876805,0.11406676339201116,0.12428037911867562,0.09019135234234288,0.12455938429830571,0.1099809291389503,0.1212620281401966,0.12214557857142194,0.12641805282210106,0.11028879746969045,0.11682695253824149,0.10661620458493337,0.12181910325738132,0.10747505395491108,0.10305475021202015
0.005,0.11227464652819277,0.12053103611021398,0.10321092967230261,0.1241619198374686,0.10791677712652559,0.1183950470172338,0.1093445625691406,0.11151101101231697,0.12153798268527105,0.0881469088346879,0.12171473139543632,0.10752102403882025,0.1183045057816885,0.11942393863468792,0.12354654298051326,0.10763250459909934,0.1137153912988429,0.10409903807297338,0.11894838920666462,0.1049493676402482,0.10088132204972
0.006,0.10979245655166711,0.11808341651645016,0.10097049750282083,0.12143558732769644,0.1054425654238581,0.11588358611312033,0.10680480784406254,0.10912663200096429,0.11896944281639565,0.08622944778253128,0.11904156568677615,0.10522928915092489,0.11555020942047989,0.11685354133074355,0.12085018534623748,0.10515314153759314,0.11081500019866786,0.10174856818727662,0.11624543941635967,0.10260067930102723,0.09881552812935623
0.007,0.10745208197129172,0.11575640601449633,0.09884636118123202,0.11886796276663414,0.10311170278033466,0.11351437696386357,0.10443489044530874,0.1068851353828415,0.11654753677807705,0.08442009501681502,0.11651476849975928,0.10307629872286117,0.11296430990995798,0.11441346804435648,0.11830180485802866,0.10282286038058852,0.10809355028117662,0.09953799892629622,0.11368723826758897,0.10040023077759885,0.0968446434280188
0.008,0.10523404140857755,0.11353461994620728,0.09682364587570103,0.11643679380949723,0.10090406883359604,0.11126788262531218,0.10220802166375409,0.1047656215810766,0.11425207275048466,0.08270461928875594,0.11411538675734878,0.10104085009298047,0.1105217872578339,0.11208778134186592,0.11588138487567246,0.10062086352097321,0.10552673825555536,0.09744743230270714,0.11125602922278466,0.09832660906087576,0.09495861910856851
0.009000000000000001,0.10312329831417069,0.11140607641600697,0.09489077200836071,0.11412506814681,0.09880431018878677,0.1091289772655879,0.10010411596772295,0.10275212039506176,0.11206745376176563,0.0810718805354067,0.11182858280100827,0.09910697632726062,0.10820379187535978,0.10986391624057279,0.11357352335125692,0.09853102992633511,0.10309558418393272,0.09546153302042892,0.10893768419313199,0.09636329675758448,0.09314927292103281
0.01,0.10110789381609395,0.10936118089005231,0.09303844748699563,0.11191934807397741,0.09680031728075933,0.10708560566060243,0.09810758779254614,0.10083204876515761,0.10998126590609114,0.0795129151743812,0.10964241525224716,0.09726224772328818,0.10599561192160067,0.10773170271149035,0.1113659817941246,0.09654050919340063,0.10078486562366573,0.09356814365989552,0.10672069149128993,0.09449719860453576,0.09140979131577764
0.011,0.09917809227543606,0.10739207828905639,0.09125904031870469,0.10980874730452561,0.09488229066555953,0.10512794047046425,0.09620601773069981,0.0989952525997605,0.10798339749951236,0.07802035614626424,0.10754706403132275,0.09549673428363925,0.10388544743054784,0.10568273564658037,0.10924879253370223,0.09463883154415909,0.09858211457064314,0.09175740867692239,0.10459549189717665,0.09271770211045749,0.0897344017590227
0.012,0.09732581813352092,0.10549221997191904,0.0895461652746593,0.10778426638364769,0.09304213596887123,0.10324782393114829,0.09438929712503219,0.09723337887675598,0.10606545832567726,0.07658804484690385,0.10553431207625186,0.09380233603074362,0.10186362636237245,0.10370994957596391,0.10721367700709827,0.09281731501527968,0.09647694334490564,0.09002119222551186,0.10255402373207678,0.09101605069222829,0.0881181459033713
0.013000000000000001,0.09554426887309048,0.10365606330270805,0.08789439929462117,0.10583834159617778,0.09127305414198073,0.10143838237989411,0.09264905402176293,0.09553944650279789,0.10422037998997791,0.07521076046765018,0.10359718459209588,0.09217233145509818,0.09992207949715881,0.1018073207201492,0.10525364924548608,0.09106865443909118,0.09446057398828211,0.08835267585220952,0.10058940002114136,0.08938490959646517,0.08655671635706153
0.014,0.09382763985277628,0.10187885666244911,0.08629907849395446,0.10396452766045527,0.08956925384708225,0.09969375108275114,0.09097825355962075,0.09390754285603786,0.10244213133280333,0.0738840249040309,0.10172968968357199,0.09060106205672236,0.09805397526040183,0.0999696517723826,0.10336273561779086,0.0893866270809569,0.09252549941368748,0.08674607153327196,0.09869567267954638,0.08781805600123316,0.08504633555677499
0.015,0.09217092312603799,0.10015648155364165,0.0847561491346307,0.10215726784152501,0.0879257434686247,0.09800887232190725,0.08937091124666796,0.09233260307708124,0.10072551001956864,0.07260395831198108,0.09992662681346043,0.08908370539552102,0.096253457773945,0.09819241241200594,0.10153577075414355,0.08776587611283426,0.09066523306842189,0.08519641152722812,0.09686765604358316,0.08631015202490411,0.0835836636190842
0.016,0.09056975685107231,0.09848533403475357,0.08326205555063426,0.10041172321079139,0.08633817688222911,0.09637934377806945,0.08782188194282448,0.09081024569830576,0.0990659863037856,0.07136716975074586,0.09818344212179797,0.08761610773029982,0.0945154539954075,0.096471618521631,0.09976824519355232,0.08620174772830613,0.08887411992777217,0.08369939102039425,0.09510079206432054,0.08485657478607944,0.0821657267797461
0.017,0.08902031028501449,0.09686223396515059,0.08181365413026875,0.09872364311843296,0.08480273660653392,0.09480130241924145,0.08632670116252561,0.08933664773233663,0.09745958355125017,0.07017067281151512,0.09649611701437577,0.08619465796733972,0.09283552853845423,0.09480373899030159,0.09805618921706083,0.08469016624588221,0.08714719110952807,0.08225124803460515,0.09339104548512256,0.08345328675069696,0.08078986084966766
0.018000000000000002,0.0875191944186821,0.0952843543648686,0.08040814613316505,0.09708926511560312,0.08331604362028111,0.09327133406058641,0.08488146347793513,0.08790844807553222,0.09590278529828777,0.06901181945862178,0.09486108092847834,0.08481619097414073,0.09120977227480043,0.09318562262416807,0.09639608264955224,0.08322753674818784,0.08548005021832283,0.08084867024321574,0.0917348210659531,0.08209673517232252,0.079453665869619
0.019,0.08606339147692665,0.09374916561416935,0.0790430244153606,0.09550523638528652,0.08187508662406895,0.09178640187104681,0.08348272782274191,0.08652267166056227,0.09439246186419503,0.06788824741467936,0.0932751420274337,0.08347791222635825,0.08963471542036272,0.09161444000286756,0.09478478371247545,0.08181066808569815,0.0838687832250532,0.07948872160791853,0.0901288973250517,0.08078377295706352,0.07815496927613941
0.02,0.0846501985557552,0.09225439079436437,0.07771603061689258,0.09396855118497938,0.08047716575828168,0.09034378911773988,0.08212744268408678,0.08517666909545207,0.09292581163736835,0.06679783779449211,0.09173543142788143,0.08217733825061768,0.08810725872278224,0.09008763663752006,0.0932194721230526,0.08043671120792095,0.08230988610465406,0.07816878387225401,0.08857037286131442,0.07951159558052501,0.07689179564292414
0.021,0.08327718202484846,0.09079796952441899,0.07642512034916349,0.09247650041175914,0.07911984725361387,0.08894105278049447,0.08081288625261895,0.08386806804995994,0.09150031354961019,0.06573868061351651,0.09023935780260561,0.08091224896124649,0.08662461826770373,0.08860289480610595,0.09169760302816754,0.07910310921055796,0.08080020607817384,0.07688650936397878,0.08705662240041201,0.07827769021741937,0.07566234157544216
0.022,0.08194214024649546,0.08937802836705533,0.07516843458800793,0.09102663048371595,0.07780092647603032,0.08757598558313229,0.07953661799553713,0.08259473368224446,0.09011368820261256,0.06470904642907027,0.08878457004982909,0.0796806490876919,0.08518428069185757,0.0871581021427067,0.09021686930215822,0.07780755646198789,0.0793368934188815,0.07563978252503722,0.08558526045556514,0.0770797942912691,0.0744649546955185
0.023,0.08064307280202951,0.08799285637911292,0.07394427594302078,0.08961670947798606,0.07651839750554168,0.08624658462437074,0.07829643907266015,0.08135473611288568,0.0887638657707035,0.06370736281572675,0.08736892631245385,0.07848073664360355,0.08378396645981367,0.08575132554815668,0.08877517038773675,0.07654796485280002,0.07791736156184337,0.07442668826086618,0.08415411102204262,0.07591586138060824,0.07329811590865665
0.024,0.07937815486958151,0.08664088473635956,0.07275108880316172,0.0882446989898652,0.07527042786327254,0.08495102524253795,0.07709035968275446,0.0801463234569807,0.08744895927155416,0.06273219469297009,0.08599046805255717,0.0773108769166081,0.08242159946760086,0.08438078934016979,0.08737058631726802,0.07532243569590369,0.07653925381233695,0.07324548567799827,0.08276118210388317,0.07478403293492963,0.07216042433291847
0.025,0.07814571572248566,0.08532066961906803,0.07158744259601901,0.08690873055202397,0.07405533734027414,0.08368763907366894,0.07591657190159751,0.07896789928612014,0.08616724213340254,0.061782227752868235,0.08464739819158207,0.07616958083375658,0.08109528166691604,0.08304485681505402,0.08600135587993629,0.07412923615428291,0.07520041535097421,0.07209458612268438,0.081404644148239,0.07368261462585846,0.0710505844053867
0.026000000000000002,0.07694422055553139,0.08403087773211038,0.07045201757209008,0.08560708572496356,0.07287158012743467,0.082454895500917,0.07477342691602296,0.07781800365517155,0.08491712923373151,0.06085625440490294,0.08333806255087495,0.07505548682984653,0.07980327171466528,0.08174201458012975,0.08466585813964467,0.07296677932999762,0.07389886952933422,0.0709725346847967,0.08008281166770381,0.07261005643119989,0.06996739478509029
0.027,0.07577225502231659,0.08277027397222958,0.06934359265452472,0.08433817917018693,0.07171772962665157,0.08125138587007408,0.07365941580928914,0.07669529702301614,0.08369716076709066,0.05995316178143828,0.08206093399413006,0.07396734554544171,0.07854396688036214,0.08047085915532692,0.08336259668525603,0.07183360733868571,0.0726327976702299,0.06987799451754007,0.07879412748470027,0.07156493575104061,0.06890973874911765
0.028,0.07462851199905372,0.0815377108594364,0.06826103499195801,0.08310054416709844,0.07059246545832942,0.08007580997901964,0.07257315323979141,0.07559854654170373,0.08250598843689516,0.05907192144287998,0.08081459879909636,0.07290400682999498,0.07731588761311681,0.07923008544770538,0.08209018612725771,0.07072837683736788,0.07140052175279854,0.06880973346332409,0.07753714914855281,0.0705459430062243,0.06787657583852358
0.029,0.07351178019033708,0.08033211942859253,0.06720329092591149,0.08189282014755617,0.06949456228191275,0.07892696444993963,0.07151336349531179,0.07452661429836316,0.08134236357025004,0.0582115804945047,0.07959774488182059,0.07186440863718413,0.07611766429711964,0.07801847678286367,0.08084734045522357,0.0696498465825307,0.07020048948917879,0.06776661258213867,0.07631053716532277,0.06955186928406665,0.06686693455695025
0.03,0.07242093426930082,0.07915250133800522,0.06616937814118606,0.08071374190829328,0.06842288012395925,0.0778037326709905,0.07047886851183183,0.07347844717839147,0.08020512683487013,0.0573712538833977,0.0784091515706693,0.07084756748467602,0.07494802582131754,0.07683489623916939,0.07963286294744865,0.06859686667959686,0.06903126139702609,0.06674757626010508,0.07511304474979807,0.06858159568403965,0.0658799059612446
0.031,0.07135492630402154,0.07799792199882849,0.06515837881176179,0.07956213022787162,0.06737635596795688,0.07670507605421772,0.06946857752771751,0.07245306808326957,0.07909319929908509,0.05655011768776197,0.07724768068480059,0.06985257021582947,0.07380578966323248,0.07567827907892333,0.0784456373835799,0.06756836924998377,0.06789149954781137,0.06575164363871477,0.07394350886315615,0.0676340840839118,0.06491463801201613
0.032,0.07031277826859107,0.07686750456587377,0.06416943358938676,0.07843688366669266,0.06635399640680673,0.07563002640387007,0.06848147810777816,0.07144956828703952,0.07800557462446311,0.05574740324543681,0.07611226871692467,0.06887856685159344,0.07268985324456156,0.0745476261083966,0.07728462035765682,0.06656336029313936,0.06677995773030676,0.06477790115441961,0.07280084234257145,0.06670836909995426,0.06397033057494927
0.033,0.06929357547389452,0.07576042465931254,0.06320173630935799,0.07733697136925255,0.06535487119541905,0.07457767922639735,0.06751662832132843,0.07046710075523144,0.07694131221876377,0.054962391995793225,0.07500191995592498,0.06792476436054207,0.07159918636131857,0.07344199782867855,0.07614883452557719,0.06558091256123233,0.06569547281556098,0.0638254960168021,0.07168402696302323,0.06580355105633884,0.06304623098203532
0.034,0.06829646078228209,0.07467590570987237,0.06225452930988118,0.07626142672004077,0.06437810756984463,0.07354718784317438,0.06657314989768937,0.0695048742815767,0.07589953120736537,0.05419441093103228,0.07391570041334616,0.06699042120629695,0.07053282452690957,0.0723605092631654,0.07503736265022198,0.06462015929631137,0.06463695714710227,0.06289363048430996,0.070592107298729,0.06491878981203647,0.062141630076735344
0.035,0.06732062949358239,0.07361321483840988,0.06132709927878266,0.07520934173021088,0.06342288522248773,0.07253775819061659,0.06565022221369587,0.06856214832295071,0.07487940510558777,0.05344282857044402,0.07285273244072266,0.06607484255646989,0.06948986309484306,0.07130232536673453,0.07394934233072192,0.06368028870543063,0.06360339181007801,0.061981556820926875,0.06952418527360693,0.06405329931980952,0.06125585867911798
0.036000000000000004,0.06636532480872177,0.07257165919567654,0.06041877355561731,0.07417986205281757,0.0624884318415303,0.07154864421166118,0.06474707699280469,0.06763822843329026,0.07388015709395779,0.052707051385408876,0.07181218994316485,0.06517737605721641,0.06846945205052613,0.07026665693719614,0.07288396132120756,0.06276053907004953,0.06259382065729535,0.06108857283693503,0.0684794153079693,0.0632063428131503,0.060388284416960314
0.037,0.06542983379240089,0.07155058270006509,0.05952891682860051,0.07317218254109903,0.0615740191376829,0.07057914375803809,0.06386299361548686,0.06673246221349305,0.0729010558143901,0.05198652061448228,0.07079329410972435,0.06429740809354034,0.06747079137985423,0.06925275696226918,0.0718404533596273,0.061860194402792335,0.061607344989788704,0.060214017932791686,0.06745699998322541,0.062377228534175044,0.059538308876891155
0.038,0.06451348376872601,0.0705493631209353,0.05865692817528356,0.07218554327793447,0.06067895929365774,0.06962859493550033,0.06299729495693718,0.06584423570769304,0.07194141161818102,0.05128070941737617,0.06979530959340785,0.06343436046851902,0.06649312693722875,0.0682599173456806,0.07081809443969977,0.060978580578487485,0.06064311880564943,0.059357269578189875,0.06645618615828652,0.06156530592943732,0.05870536503643475
0.039,0.06361563909387769,0.06956740946322115,0.057802238403613426,0.07121922601571917,0.059802601781742126,0.06869637283466457,0.0621493436814633,0.06497297018715065,0.07100057320742481,0.05058912032445573,0.06881754108384475,0.06258768744525689,0.06553574674774443,0.06728746596453827,0.06981619946928297,0.06011506187762361,0.059700344544063366,0.05851774016895672,0.06547626148129804,0.06076996225208797,0.05788891494340176
0.04,0.06273569825830524,0.06860415961558697,0.05696430765639737,0.07027255097509155,0.0589443305031343,0.06778188659864659,0.06131853893386541,0.06411811927199018,0.07007792462019213,0.04991128294480274,0.067859330224044,0.061756873104090504,0.06459797768829245,0.06633476401716987,0.06883411926692917,0.05926903788975202,0.05877826926245289,0.05769487421321806,0.06451655124848199,0.0599906195181833,0.05708844761378362
0.041,0.06187309127791574,0.06765907822998907,0.05614262324756658,0.06934487395854705,0.05810356120949922,0.06688457678591786,0.06050431337709472,0.06327916634841724,0.06917288251715603,0.049246751901281804,0.06692005282967439,0.06094142897475652,0.06367918250054627,0.0654012036265198,0.06787123785538329,0.05843994073205461,0.05787618119366422,0.056888145805489176,0.0635764155687435,0.05922673177276827,0.05630347712324513
0.042,0.06102727733952923,0.06673165480502086,0.055336697703045834,0.06843558374127812,0.05727973917291673,0.06600391299271324,0.059706130533016655,0.06245562224521706,0.06828489373337066,0.0485951049655301,0.06599911637514999,0.06014089190921057,0.0627787570956515,0.06448620566908703,0.06692697001667147,0.05762723254475144,0.05699340663773622,0.05609705635338058,0.06265524679842771,0.05847778262778136,0.05553354087062745
0.043000000000000003,0.060197742670735035,0.06582140194932262,0.05454606698278641,0.06754409970687636,0.05647233707513033,0.0651393917043317,0.058923482389294235,0.06164702313848547,0.06741343306401004,0.047955941369523636,0.06509595771570154,0.059354822165713195,0.06189612811612921,0.06358921780352578,0.06600075907830882,0.05683040323042232,0.05612930714911335,0.05532113252660997,0.06175246721541394,0.057743283039286886,0.05477819799471495
0.044,0.05938399860839786,0.06492785380453636,0.05377028886369284,0.06666986969999311,0.05568085309102078,0.06429053434891097,0.05815588724066134,0.06085292865785752,0.06655800125719702,0.04732888027359472,0.06421004101881345,0.058582801679017193,0.061030750725327376,0.06270971267652337,0.0650920749043199,0.056048968408873634,0.05528327698552038,0.054559924402276416,0.06086752690588493,0.0570227692960229,0.05403702792791276
0.045,0.058585579843459204,0.064050564610028,0.05300894146577162,0.06581236807172353,0.05490480914453566,0.06345688553072093,0.05740288773717961,0.06007292017113819,0.0657181231905577,0.046713559373385616,0.06334085588181926,0.05782443249487257,0.060182106598715146,0.061847186286463685,0.0642004120682107,0.05528246756294142,0.05445474078920942,0.05381300378383891,0.0599999018404993,0.05631580119507984,0.053309629072492926
0.046,0.05780204282267416,0.06318910739390671,0.05226162190619832,0.06497109389674982,0.0541437493182626,0.06263801142313741,0.056664049115842774,0.05930659922730497,0.06489334621128862,0.04610963363057585,0.062487915615539014,0.057079335350133986,0.059349702094765644,0.06100115648796289,0.06332528818806304,0.054530462353957976,0.05364315147511711,0.05307996267431858,0.05914909211969854,0.05562196038376788,0.052595617586891685
0.047,0.057032964290350915,0.06234307277687057,0.05152794506780645,0.06414556934388282,0.053397238400116676,0.06183349830391527,0.055938957594954264,0.058553586140465796,0.06408323862208642,0.045516774114084946,0.06165075567630096,0.05634714838212673,0.058533066586035964,0.06017116162242775,0.062466242406379546,0.05379253508828974,0.0528479883037517,0.05236041188671137,0.05831462037038859,0.05494084884943984,0.051894626270982847
0.048,0.05627793995533235,0.06151206787704988,0.050807542470290845,0.06333533818399684,0.052664860552826265,0.061042951217646024,0.055227218913430964,0.05781351869960083,0.06328738829749903,0.04493466694017101,0.06082893223092012,0.055627525953140244,0.057731750933528336,0.05935675926166062,0.0616228339995224,0.05306828731875379,0.0520687551193747,0.05165397977685038,0.05749603027840644,0.054272087541388014,0.05120630354059008
0.049,0.055536583270247374,0.06069571530549367,0.05010006123371602,0.06253996442128573,0.05194621809356614,0.06026599275211286,0.05452845699939857,0.05708605099076536,0.06250540141718153,0.04436301230124773,0.06002202084105923,0.054920137577637695,0.056945326089481996,0.05855752505310108,0.06079464110341126,0.05235733856671043,0.05130497873646167,0.05096031108575261,0.056692885243054714,0.053615315110898454,0.05053031248261053
0.05,0.05480852431164107,0.059893652243186435,0.04940516312523058,0.061759031035498735,0.051240930372651095,0.05950226191686914,0.05384231275444229,0.05637085232011696,0.061736901304179415,0.04380152357442624,0.059229615254997814,0.05422466694138939,0.056173381815596723,0.05777305165662061,0.059981259543753995,0.05165932515238025,0.0505562074594319,0.05027906588009445,0.05590476714155135,0.05297018675729148,0.04986632998311269
0.051000000000000004,0.054093408750945,0.05910552959153392,0.048722523680899466,0.060992138824211506,0.050548632741521216,0.0587514131137884,0.053168442941499916,0.05566760622750333,0.06098152735773399,0.04324992650192627,0.05845132629627858,0.053540811003022104,0.05541552550519324,0.05700294776399528,0.05918230176046302,0.05097389912241446,0.04982200972248507,0.049609918580852064,0.05513127519274852,0.05233637316921469,0.049214045921615046
0.052000000000000005,0.053390896907393556,0.05833101118919781,0.04805183139551039,0.06023890533552445,0.049868975601362275,0.05801311519048169,0.05250651916586291,0.05497600958154092,0.06023893407136993,0.04270795843634034,0.05768678083982659,0.05286827916960313,0.05467138109918057,0.056246837193152044,0.0583973958170797,0.05030072726503321,0.049101972837811814,0.04895255707127977,0.05437202491053106,0.051713559551714305,0.048573162425468275
0.053,0.052700662875042915,0.057569773088989695,0.047392786974001844,0.05949896388260367,0.04920162352470714,0.057287050568580855,0.0518562269399645,0.054295771748226085,0.0595087901280521,0.04217536764456831,0.05693562086729498,0.05220679253892169,0.053940588086868746,0.05550435805022069,0.05762618448711532,0.049639490204172576,0.048395701841860816,0.048306681876464364,0.053626647138507066,0.05110144473076583,0.047943393178972005
0.054,0.05202239371688759,0.056821502889163655,0.0467451026388247,0.05877196263248252,0.04854625444319949,0.05657291443972878,0.051217264823728126,0.0536266138259367,0.058790777565143504,0.04165191266491841,0.056197502594205306,0.05155608320192162,0.053222800583628604,0.054775161953144025,0.05686832441007117,0.04898988156504691,0.04770281843045143,0.04767200540755623,0.05289478715843077,0.0504997403278048,0.04732446278236513
0.055,0.05135578871986986,0.05608589911415207,0.04610850148822976,0.058057563762337394,0.04790255889547712,0.05587041402295423,0.05058934363318279,0.05296826794056786,0.05808459100265195,0.04113736171248372,0.05547209566231348,0.05091589359951931,0.05251768647833499,0.05405891331128243,0.05612348531070399,0.04835160720439269,0.047022959974538425,0.04704825126455181,0.0521761038656412,0.04990816999771641,0.046716106156365345
0.056,0.05070055870523358,0.05536267064025824,0.04548271690092709,0.057355442677197166,0.0472702393297465,0.05517926787778071,0.04997218571086237,0.05232047659516681,0.0573899369290245,0.040631492128406776,0.054759082391325986,0.050285975928672455,0.05182492664425453,0.05335528865607242,0.05539134927580669,0.047724384499358896,0.04635577860935303,0.046435153592182865,0.0514702690055181,0.04932646872440616,0.046118067988350386
0.057,0.05005642538926591,0.054651536162310665,0.04486749198308504,0.05666528728367348,0.04664900945622297,0.05449920526802643,0.04936552425220897,0.05168299206907556,0.05670653303929196,0.040134089869151124,0.05405815708469519,0.04966609159313129,0.05114421420772197,0.052663976018265446,0.05467161008337729,0.04710794168971444,0.04570094039032746,0.04583245648406786,0.050776966465541196,0.048754382168719745,0.045530102216710056
0.058,0.04942312078998568,0.053952223697698254,0.04426257905403319,0.05598679731485756,0.04603859364510887,0.053829965571768446,0.04876910268285972,0.051055575862100744,0.056034107620953955,0.03964494903224258,0.053369025384759294,0.04905601069480081,0.05047525386954521,0.05198467434776044,0.05396397257955132,0.04650201726855996,0.04505812451001634,0.04523991343074829,0.050095891618144206,0.04819166606405545,0.04495197155014896
0.059000000000000004,0.04880038667580534,0.05326447012458713,0.04366773916739708,0.055319683702032885,0.045438726366194504,0.05317129773345408,0.048182674082195454,0.05043799817971484,0.055372398983464244,0.03916387141538824,0.052691403673010506,0.04845551156206085,0.04981776127459381,0.05131709297245357,0.053268152099194,0.04590635941726029,0.04442702257070541,0.044657286807769814,0.0494267507099897,0.047638085655475004,0.04438344701916541
0.06,0.04818797405257098,0.05258802075140401,0.043082741664702606,0.05466366798927358,0.0448491516666083,0.052522959754489285,0.04760600064904119,0.049830037455680376,0.05472115492755525,0.038690666106083405,0.05202501851164465,0.04786438031180973,0.04917146242547921,0.050660951092840856,0.052583873926422386,0.0453207254807515,0.043807337908013944,0.04408434740027678,0.04876926029375184,0.047093415178549924,0.0438243075570407
0.061,0.04758564268576595,0.05192262891498001,0.042507363758817474,0.054018481787381556,0.04426962268354162,0.05188471821906937,0.04703885320583345,0.049231479908868336,0.05408013225107877,0.03822514909922525,0.05136960612296937,0.04728241044226289,0.048536093136637426,0.050015977309485815,0.051910872791710694,0.04474488147972444,0.043198784961211545,0.043520873961016227,0.048123146698865304,0.046557437374566524,0.04327433960807292
0.062,0.04699316065497057,0.05126805560502945,0.041941390144797364,0.05338386626399927,0.04369990118910794,0.0512563478522855,0.04648101073792277,0.04864211913137262,0.053449096288319176,0.037767142940385745,0.0507249119035591,0.04670940245392441,0.04791139852549908,0.04938190918069507,0.05124889240256891,0.04417860165663179,0.04260108868641732,0.042966652798910654,0.0474881455380427,0.046029943039063825,0.04273333676087876
0.063,0.04641030393793229,0.05062406911278583,0.04138461263596138,0.05275957166694889,0.04313975716475604,0.05063763110785069,0.045932259965018596,0.04806175570526461,0.0528278204800231,0.03731647639269664,0.05009068997031674,0.04614516349631481,0.04729713253772494,0.048758492808011145,0.050597685005047244,0.043621668052628904,0.04201398400918899,0.04242147739566082,0.04686400124666357,0.045510730600924476,0.04220109940485839
0.064,0.045836856021895536,0.04999044470191938,0.04083682982322767,0.052145356878251836,0.04258896840291582,0.05002835778306158,0.045392394942112335,0.04749019684565514,0.052216085971718784,0.03687298412545237,0.04946670273595677,0.04558950703837217,0.04669305750381281,0.048145482447364385,0.049957010973613825,0.0430738701129727,0.0414372153133753,0.041885148048081966,0.046250466652409616,0.04499960572957162,0.041677434408064706
0.065,0.045272607539997956,0.0493669642999397,0.0402978467558982,0.05154098899636905,0.042047320133728916,0.04942832465877278,0.04486121668740628,0.04692725606787107,0.05161368123801369,0.036436506422728776,0.048852720511521674,0.04504225256054939,0.0460989437245497,0.04754264014390952,0.04932663842714324,0.04253500431852164,0.040870535963350774,0.041357471534081536,0.045647302572748294,0.04449638096799369,0.041162154814861185
0.066,0.0447173559308067,0.048753416208530465,0.039767474642261824,0.05094624294456063,0.04151460467497492,0.04883733516247113,0.04433853283507505,0.04637275287683529,0.05102040173089617,0.03600688891046866,0.04824852113388567,0.044503225266886215,0.04551456908313056,0.04694973538875746,0.048706342869008545,0.0420048738413068,0.040313707857053904,0.0408382608004082,0.045054277438117185,0.04400087538958042,0.040655079561924934
0.067,0.044170905119201596,0.048149594831353504,0.03924553056853941,0.05036090110336622,0.04099062110343299,0.048255199052608555,0.043824157310861755,0.04582651247688008,0.05043604955015546,0.0355839823006352,0.04765388961633288,0.04397225581548503,0.04493971868185187,0.04636654479597979,0.04809590684939591,0.04148328822224534,0.03976650100746981,0.0403273346704498,0.044471166938829354,0.04351291427691295,0.040156033211246056
0.068,0.04363306521696534,0.04755530041799605,0.03873183723476703,0.04978475296539653,0.04047517494604991,0.04768173212256899,0.043317910028679574,0.045288365500356975,0.04986043313422006,0.03516764215111701,0.047068617820419045,0.04344918006591292,0.04437418450152619,0.045792851798373224,0.0474951196481771,0.040970063069272755,0.03922869315037625,0.03982451757051897,0.043897753693874386,0.04303232882080976,0.03966484569889406
0.069,0.04310365224164488,0.046970338822901025,0.038226222706436386,0.04921759481084842,0.03996807788951462,0.04711675592282383,0.042819616606611266,0.04475814775361908,0.04929336696993081,0.0347577286402635,0.04649250414760653,0.042933838842283745,0.04381776508194912,0.04522844636065526,0.046903776976809586,0.040465019774374666,0.03870006937644199,0.03932963927323374,0.04333382694001586,0.042558955838121304,0.039181352098456856
0.07,0.04258248785228389,0.04639452127812227,0.03772852018068806,0.048659229402154835,0.0394691475068496,0.046560097499857456,0.0423291081007785,0.04423569997903065,0.04873467131978293,0.03435410635493308,0.04592535324914937,0.04242607771077678,0.0432702652218202,0.04467312470882334,0.0463216806978215,0.03996798524802658,0.038180421785828145,0.03884253465666787,0.0427791822396385,0.04209263750685166,0.038705392398076466
0.07100000000000001,0.04206939910084342,0.04582766417896533,0.03723856776608003,0.04810946569650931,0.038978206999853326,0.04601158915069459,0.04184622075575195,0.04372086763178151,0.04818417196540936,0.033956644091119426,0.04536697575295923,0.04192574677055305,0.04273149569673507,0.04412668907456285,0.04574863856067457,0.039478791669812385,0.03766954916370013,0.03836304347813935,0.042233621206019256,0.041633221117346575,0.03823681129020107
0.07200000000000001,0.0415642181981324,0.04526958888154564,0.036756208274918434,0.047568118574893514,0.03849508495623655,0.04547106819183411,0.041370795770221847,0.04321350067040175,0.04764169996608747,0.03356521466620699,0.04481718800619294,0.041432700457052496,0.042201272993921846,0.04358894745363018,0.04518446395274511,0.0389972762539581,0.0371672566751029,0.03789101016150642,0.0416969512447104,0.04118055883836369,0.03777545797311754
0.073,0.04106678229325449,0.044720121511454436,0.03628128902731398,0.04703500858653564,0.03801961512044749,0.04493837674161194,0.04090267907682987,0.042713453359971676,0.04710709143123326,0.033179694742106136,0.0442758118324863,0.040946797356786746,0.041679419062554346,0.04305971337727743,0.044628975664416926,0.038523281028764456,0.036673355577863775,0.03742628359703215,0.0411689853099273,0.0407345074969685,0.03732118596350753
0.074,0.04057693326559821,0.04417909278274923,0.03581366166613875,0.046509961707702385,0.03755163617724655,0.04441336151499764,0.04044172113511446,0.042220584087075075,0.046580187305868326,0.0327999646584376,0.04374267430277934,0.04046790003279643,0.0411657610785191,0.042538805695830684,0.044081997667270945,0.03805665262889113,0.03618766295222131,0.036968716952900715,0.04064954167486001,0.04029492837127491,0.036873852919289685
0.075,0.04009451752850464,0.04364633782655147,0.0353531819821401,0.045992809113840405,0.03709099154715767,0.043895873629990034,0.039987776736613356,0.04173475518567371,0.04606083316817633,0.03242590827512826,0.04321760751883552,0.03999587486001177,0.04066013122264289,0.04202604837360013,0.0435433589044647,0.037597242099597805,0.03571000144604475,0.03651816749754033,0.04013844371493569,0.039861686995116274,0.03643332047203163
0.076,0.039619385843816926,0.04312169602862659,0.03489970974854728,0.04548338696419518,0.03663752919300389,0.043385768424787585,0.03954070482126015,0.04125583277309319,0.04554887903830007,0.03205741282376129,0.04270044840853737,0.039530591869839427,0.04016236647146476,0.041521270294395785,0.04301289309248724,0.03714490471212206,0.03524019903455433,0.036074496432030645,0.03963551970314283,0.03943465297383897,0.03599945406834992
0.077,0.039151393146567084,0.042605010875311544,0.034453108564505674,0.04498153619806289,0.03619110143679738,0.042882905285016815,0.039100368304280764,0.04078368659541942,0.04504417919762749,0.031694368767094305,0.04219103853223127,0.0390719246033171,0.03967230839967262,0.041024305076943435,0.04249043853350676,0.03669949978938747,0.034778088793569695,0.035637568731863634,0.039140602616592135,0.039013699810453106,0.035572122819688246
0.078,0.03869039837912127,0.04209612980726063,0.034013245706798756,0.04448710234190578,0.0357515647862926,0.042387147480327236,0.03866663391285119,0.040318189881647926,0.044546592017857156,0.03133666966619175,0.04168922389931995,0.03861974997226969,0.039189802993446654,0.04053499089956558,0.04197583793761572,0.036260890541363056,0.034323508685371706,0.03520725299742755,0.03865352995354865,0.038598704741420686,0.03515119935994315
0.079,0.03823626433416339,0.04159490408050448,0.033579991989286184,0.043999935326637596,0.03531877977060138,0.04189836200974395,0.038239372031846575,0.03985921920596025,0.04405597979918574,0.030984212054704252,0.04119485479448948,0.038173948127913415,0.038714700473951535,0.040053170333561816,0.04146893825432141,0.035828943909416155,0.03387630135633746,0.0347834213126379,0.038174143560253726,0.03818954858147128,0.034736559710443204
0.08,0.037788857505933506,0.041101188634325214,0.033153221629580454,0.0435198893144213,0.034892610784267974,0.04141641945518848,0.03781845655806404,0.039406654357598714,0.04357220861704225,0.03063689531980396,0.040707785612906,0.03773440233643599,0.038246855130350865,0.03957869018471449,0.040969590512686005,0.03540353041905109,0.03343631394558033,0.03436594911114621,0.03770228946686016,0.03778611557682077,0.03432808315182578
0.081,0.03734804794918374,0.04061484196553933,0.03273281212249601,0.043046822534367424,0.03447292593928564,0.040941193842655155,0.037403764762343195,0.03896037821779219,0.04309514817677662,0.030294621589349813,0.04022787470382694,0.0373009988610542,0.03778612516167057,0.039111401342438845,0.04047764966955725,0.034984524040479026,0.033003397903871745,0.03395471504964187,0.03723781773191226,0.037388293266248596,0.03392565210236809
0.082,0.03691370914536207,0.040135726008775796,0.03231864411983976,0.042580597126584796,0.03405959692454674,0.04047256251052034,0.036995177159049875,0.03852027664327928,0.0426246716758244,0.029957295624916558,0.0397549842220819,0.03687362685017681,0.037332372526977076,0.03865115863609958,0.03999297446537242,0.034571802056520884,0.03257740882217808,0.033549600887768705,0.0367805822948033,0.03699597234953411,0.03352915200239104
0.083,0.036485717875573614,0.039663706022380785,0.03191060131616941,0.042121078994059036,0.03365249887228694,0.04001040598458616,0.0365925773824789,0.03808623835598435,0.04216065567287297,0.029624824720280607,0.03928897998694736,0.036452178231244914,0.03688546280333127,0.03819782069807853,0.039515427287081684,0.03416524493735651,0.032158206269226386,0.03315049137424886,0.036330440835705136,0.036609046562785186,0.033138471204367304
0.084,0.03606395409987714,0.03919865047959592,0.03150857034012222,0.04166813766188915,0.03325151023106865,0.03955460785937204,0.03619585206966347,0.03765815483843815,0.04170297996355443,0.029297118605059458,0.0388297313479421,0.03603654760991226,0.036445265051012976,0.03775124983316713,0.03904487403772383,0.03376473622168619,0.031745653637475835,0.0327572741387947,0.035887254642494426,0.03622741256019879,0.03275350086837103
0.085,0.035648300842538956,0.03874043096470359,0.0311124406509945,0.041221646143402846,0.03285651264494127,0.03910505468531578,0.035804890749227325,0.03723592023457656,0.04125152746230354,0.028974089353163923,0.03837711105711461,0.035626632174205586,0.036011651685560975,0.03731131189393322,0.038581184012273284,0.03337016240389912,0.031339617997027336,0.03236983958944739,0.035450888484236276,0.03585096980187097,0.032374134862581005
0.08600000000000001,0.03523864408287844,0.038288922073835274,0.030722104440259357,0.040781480812777215,0.032467390838373245,0.03866163586150595,0.03541958573587589,0.036819431255552315,0.040806184089979824,0.028655651295785067,0.03793099514747167,0.035222331603398827,0.035584498356229455,0.03687787616170424,0.03812422977936725,0.0329814128268866,0.030939969956934044,0.031988080815013586,0.03502121049081974,0.0354796204472857,0.03200026966851355
0.08700000000000001,0.03483487265136148,0.03784400132017285,0.03033745653771247,0.04034752128375474,0.03208403250666603,0.03822424353359777,0.03503983203017602,0.03640858709026473,0.040366838666901494,0.028341720938640513,0.03749126281711368,0.034823547981270186,0.03516368383044044,0.03645081523284899,0.037673887068558676,0.032598379580129455,0.03054658353349282,0.03161189349227367,0.034598092038372164,0.03511326925411662,0.03163180429072632
0.088,0.034436878130628165,0.03740554904327853,0.029958394321990545,0.039919650294102715,0.031706328211464796,0.03779277249662927,0.03466552722327976,0.036003289320290954,0.03993338281098169,0.028032216883222993,0.03705779631880457,0.03443018571349954,0.03474908988385905,0.03603000491005759,0.037230034662786626,0.03222095740274944,0.030159336025054273,0.0312411757976655,0.034181407640094585,0.03475182348202788,0.03126864017072306
0.089,0.022526985296375746,0.0259266023143655,0.016780386712154316,0.02796872034367026,0.013988139527321697,0.027261137393790102,0.02388014958966167,0.021344518511805965,0.01691968072442529,0.016731734149161515,0.024281195584414883,0.02441675955279543,0.02216814100527109,0.036946196549071164,0.023136645912524845,0.015039611953126752,0.015643076325200345,0.025146346988584867,0.02193100121217184,0.02243443544833479,0.028595226129662588
0.09,0.02231379198503161,0.025694694396686146,0.016611720749749037,0.027733928236375993,0.0138601907946021,0.026989903405816862,0.023685717053796407,0.02115982681822126,0.016777579020448963,0.0165472957368078,0.024048568895805644,0.02421365091388894,0.021954965794044323,0.03662814086299848,0.02286143736321633,0.014882253792471767,0.015474292213946583,0.024898223901723582,0.021717591664922598,0.022246089989852003,0.028289768095257406
0.091,0.022103384589518188,0.025465723633786297,0.01644512595317804,0.02750211022746918,0.013733838012866206,0.02672203644086324,0.02349346650281925,0.020977412290497988,0.016637210071533848,0.016365708148759373,0.023819137564046633,0.024012940773232128,0.021744734950732925,0.03631416892499728,0.022590249187647626,0.014727031236499877,0.015307899385838097,0.024653157024356664,0.021507108772290118,0.022060116751657644,0.027988515937291347
0.092,0.02189571316613536,0.025239636015855438,0.016280567195779305,0.027273213573516197,0.013609051255671023,0.026457478393529854,0.023303365795281694,0.020797233085457334,0.01649854191430422,0.01618691394273941,0.02359284165439468,0.023814590195461838,0.02153739198950766,0.036004206681886086,0.022323007457077493,0.014573907743015813,0.015143856822037893,0.02441109634635874,0.02129949773940376,0.021876469159056944,0.027691396362371834
0.093,0.02169072905678554,0.02501637980133331,0.01611801131899293,0.027047186881854257,0.013485802286036797,0.026196173009653045,0.023115382304812027,0.02061924765211487,0.016361545255632937,0.01601085725978857,0.023369623223781333,0.02361856117189176,0.021332882230333583,0.035698181281360264,0.02205963958162427,0.01442284600648025,0.014982124411345943,0.024171991647819246,0.02109470553485404,0.021695102852550163,0.027398337423451213
0.094,0.02148838469495239,0.024795904338205443,0.01595742594105054,0.026823979632453865,0.01336406350380237,0.025938065165072688,0.022929484121172017,0.020443415412078392,0.016226191155815917,0.015837483457852963,0.023149425741203267,0.02342481650063233,0.021131152431849043,0.03539602145813281,0.02180007444646115,0.01427380989668936,0.014822662821906807,0.0239357942443319,0.02089268034405012,0.0215159745738841,0.027109268712402712
0.095,0.021288633611119663,0.024578160244929315,0.015798779297115373,0.026603542526521307,0.013243807967501464,0.025683101017305976,0.022745639970927156,0.02026969679183699,0.016092451264923202,0.015666739196403823,0.022932194010705675,0.02323331971993603,0.020932150697043683,0.03509765761512851,0.021544242664906843,0.014126764164186567,0.014665433604718392,0.023702456481330847,0.020693371531419702,0.02133904217758653,0.02682412127796585
0.096,0.021091430395313433,0.024363099309660186,0.015642040296064974,0.026385827385226213,0.013125009364359008,0.02543122800307074,0.022563819246082195,0.02009805318779534,0.01596029783748454,0.01549857240824759,0.022717874089971057,0.02304403513675457,0.020735826396072743,0.0348030217492068,0.021292076436683738,0.013981674361892349,0.014510399064967872,0.02347193179055318,0.020496729607781816,0.021164264590095794,0.02654282764429794
0.097,0.020896730660786605,0.024150674474785916,0.01548717848492942,0.026170787102591686,0.013007641966548578,0.025182394774653893,0.022383991939933567,0.019928446932277577,0.015829703713360788,0.01533293225379917,0.022506413275986903,0.0228569277708357,0.020542130147417903,0.034512047386801914,0.021043509515666248,0.013838506812063223,0.014357522287830049,0.023244174653051508,0.020302706199294973,0.020991601771738422,0.026265321752164672
0.098,0.020704491020879245,0.023940839802426783,0.015334164036353792,0.025958375633275632,0.012891680642705072,0.02493655116814608,0.022206128648504908,0.01976084126527855,0.01570064230241397,0.01516976908469847,0.02229776006723927,0.022671963347203228,0.020351013781369165,0.03422466955367576,0.020798477184464148,0.013697228595301425,0.014206767118594033,0.023019140560998186,0.020111254016220714,0.020821014679684335,0.025991538929031388
0.099,0.02051466905734291,0.023733550435261264,0.015182967730392516,0.025748547952934686,0.012777100830345778,0.024693648168050086,0.02203020054524818,0.01959520031180384,0.015573087559426768,0.015009034415584543,0.022091864136734585,0.022489108282841785,0.020162430294274003,0.033940824726219954,0.020556916192972063,0.013557807526774268,0.01405809812712533,0.02279678599763091,0.01992232681860917,0.020652465248876317,0.02572141584575216
0.1,0.020327223294844328,0.023528762570273476,0.015033560940975188,0.025541260034913194,0.012663878521504301,0.02445363787572985,0.021856179376979368,0.019431489051786377,0.01544701398145798,0.014850680886105083,0.021888676287544984,0.022308329661097304,0.019976333817467995,0.03366045080473745,0.02031876471817262,0.013420212134557019,0.01391148060286429,0.022577068402987344,0.019735879388822708,0.02048591634986019,0.02545489048904981
0.101,0.020142113174321786,0.023326433426412052,0.014885915621344337,0.025336468817483748,0.012551990245165956,0.024216473473751332,0.021684037437860182,0.019269673298500378,0.015322396588168252,0.014694662234046807,0.02168814842946487,0.022129595220780618,0.01979267957996811,0.03338348706725336,0.020083962329398464,0.013284411639766347,0.013766880531654868,0.02235994614691106,0.019551867508768472,0.020321331767279127,0.025191902122457366
0.10200000000000001,0.019959299027965616,0.023126521214668294,0.014740004288898212,0.025134132182154323,0.01244141305781099,0.02398210919573518,0.021513747561212715,0.019109719673802927,0.015199210909168093,0.014540933263423206,0.021490233545266246,0.021952873337800716,0.01961142387760184,0.03310987413776345,0.019852449943601913,0.01315037593687407,0.013624264577052014,0.022145378504434654,0.01937024792630515,0.020158676171396106,0.024932391254342212
0.10300000000000001,0.019778742054557135,0.02292898511025321,0.014595800012154436,0.024934208925213697,0.012332124525724075,0.023750500297635146,0.021345283103067603,0.018951595584305148,0.01507743297288866,0.014389449816741284,0.021294885659975504,0.021778133009185408,0.019432524035935095,0.032839553950972045,0.01962416978896786,0.013018075574931287,0.013483600065116619,0.021933325628787026,0.01919097833235317,0.019997915088993068,0.024676299607942376
0.10400000000000001,0.01960040429669966,0.022733785226093373,0.014453276396716008,0.024736658732703254,0.01222410271431107,0.023521603026415816,0.021178617930558752,0.01879526920110275,0.014957039293283292,0.014240168745157766,0.021102059814568364,0.021605343839244173,0.019255938386048554,0.03257246971791483,0.0193990653692363,0.012887481739404238,0.013344854968712294,0.02172374852808623,0.019014017335216793,0.019839014880312034,0.024423570088907276
0.105,0.01942424861730322,0.022540882584956234,0.014312407574261221,0.02454144215664522,0.012117326172927934,0.023295374594068496,0.021013726407491773,0.018640709435952862,0.014838006858157837,0.014093047882888676,0.020911712035873276,0.02143447602336801,0.01908162622825016,0.032308565893408914,0.019177081427171006,0.012758566234617796,0.013207997889355894,0.021516609039371026,0.018839324436478844,0.019681942712499567,0.024174146758319637
0.106,0.019250238678128185,0.02235023909441436,0.014173168187395446,0.024348520592036405,0.012011773923546576,0.023071773149089703,0.02085058338109036,0.018487885923040404,0.014720313117237538,0.013948046020863414,0.020723799311500368,0.02126550033455543,0.018909547807019034,0.03204778814512921,0.018958163911396264,0.012631301467347478,0.013072998043026085,0.021311869808042783,0.018666860006974817,0.0195266665376026,0.023927974801255414
0.107,0.019078338918517984,0.022161817521930804,0.014035533379453957,0.024157856254121368,0.011907425448412279,0.022850757750423667,0.020689164172667973,0.01833676899712744,0.014603935971966076,0.01380512288097302,0.02053827956332066,0.02109838810976239,0.01873966428215723,0.031790083321380336,0.018742259943200557,0.012505660429493748,0.012939825246101266,0.021109494264181405,0.018496585264414223,0.019373155068147185,0.0236850005011241
0.108,0.01890851453472776,0.02197558147176626,0.013899478781743468,0.023969412156791492,0.011804260677827139,0.02263228834299491,0.02052944456261918,0.01818732967523551,0.014488853763547693,0.013664239091375707,0.020355111622282984,0.020933111235830748,0.018571937702164032,0.031535399422357835,0.01852931778479805,0.01238161668366955,0.012808449899545327,0.02090944660122185,0.018328462251414823,0.019221377755706093,0.023445171211662563
0.109,0.01874073146038472,0.021791495360954705,0.013764980502829705,0.02378315209127424,0.011702259979031515,0.022416325733043974,0.0203714007815069,0.018039539637664692,0.014375045263234076,0.013525356163560431,0.020174255205245406,0.020769642137130395,0.01840633097861688,0.03128368557116201,0.01831928680883399,0.012259144346804307,0.012678842975844318,0.020711691755544437,0.01816245381427606,0.019071304769833874,0.023208435331302457
0.11,0.01857495634710063,0.02160952439764452,0.01363201511670109,0.023599040606371857,0.011601404145099914,0.02220283156404168,0.020215009498063985,0.017893371210080722,0.014262489661964639,0.013388436468433462,0.019995670890722295,0.020607953762719067,0.018242807861058252,0.031034891985187274,0.018112117468870537,0.012138218076097829,0.012550976004542136,0.02051619538660776,0.01799852358236176,0.018922906976852283,0.02297474227859153
0.111,0.01841115654594954,0.021429634559214983,0.013500559652503519,0.023417042987886383,0.011501674384197691,0.021991768294722047,0.020060247808010523,0.017748797345836675,0.01415116656046711,0.013253443214833793,0.019819320096900572,0.0204480195741521,0.01808133291325298,0.030788969948860156,0.01790776127056304,0.012018813054765043,0.012424821060284974,0.020322923856981978,0.01783663594819418,0.018776155920645854,0.02274404246671724
0.112,0.01824930008956045,0.021251792571702177,0.013370591583768188,0.023237125240500256,0.011403052308768702,0.021783099176631016,0.019907093225215555,0.01760579160928899,0.01404105595961469,0.013120340427492216,0.019645165059445358,0.020289813533753365,0.01792187148989899,0.030545871787562073,0.017706170744522964,0.011900904977983351,0.012300350748930766,0.020131844214082872,0.017676756048392694,0.018631023803194924,0.022516287280459846
0.113,0.01808935567468455,0.02107596588906968,0.013242088818320341,0.023059254068745094,0.011305519926120833,0.021576788232975375,0.01975552367062572,0.017464328159471965,0.013932138251631643,0.012989092926269374,0.01947316881081651,0.02013331009314767,0.01776438971421479,0.03030555084159947,0.017507299419045608,0.011784470039824524,0.012177538195619286,0.0199429241719441,0.017518849744762033,0.018487483466133714,0.02229142905335324
0.114,0.01793129264541158,0.020902122674397172,0.013115029688690605,0.0228833968595461,0.01120905962825447,0.02137280023811261,0.019605517462848443,0.01732438173418116,0.013824394210804059,0.012859666306125117,0.01930329515955065,0.01997848418198056,0.01760885445675775,0.030067961441018975,0.017311101794640127,0.01166948492047215,0.012056357032912857,0.019756132093578183,0.01736288360654048,0.018345508372876518,0.022069421044943582
0.115,0.01777508097676401,0.02073023178039124,0.012989392941900046,0.022709521664630028,0.01111365418213417,0.021171100697546352,0.019457053309128947,0.017185927634616016,0.013717804984703763,0.012732026917100403,0.019135508670614643,0.019825311197264828,0.017455233314092267,0.029833058881780672,0.01711753331896171,0.011555926773489822,0.011936781388715567,0.01957143697428776,0.017208824892669727,0.01820507259158799,0.021850217419664197
0.116,0.01762069125898928,0.020560262731271317,0.012865157730684529,0.022537597184207114,0.01101928672093222,0.020971655828832092,0.01931011029590146,0.017048941710704035,0.013612352086058488,0.012606141845776797,0.01896977464624361,0.01967376699276646,0.017303494589144375,0.029600799401718225,0.016926550362574844,0.011443773214071973,0.011818785875379767,0.019388808424716464,0.01705664153500064,0.018066150778203727,0.021633773225597452
0.117,0.017468094682169987,0.020392185705221166,0.012742303604008853,0.022367592750241583,0.010925940734743178,0.020774432542931875,0.019164667880218755,0.01691340034662492,0.01350801738435392,0.012481978896481727,0.01880605910744748,0.019523827868938026,0.017153607271503946,0.029371140157707476,0.016738110195655187,0.011333002307088003,0.011702345578057605,0.01920821665562389,0.01690630212185429,0.017928718160440615,0.021420044374257263
0.11800000000000001,0.017317263021412465,0.020225971516793617,0.012620810498514379,0.02219947831127611,0.01083360006204881,0.020579398426040396,0.019020705881192868,0.01677928044691679,0.013404783098166617,0.01235950657336582,0.018644328776064478,0.01937547056291211,0.017005541018636605,0.029144039203538585,0.01655217096517214,0.01122359255605454,0.011587436044597443,0.019029632461909696,0.0167577758819899,0.017792750522384826,0.02120898762067358
0.11900000000000001,0.017168168622435927,0.020061591600608164,0.012500658729635239,0.022033224416890373,0.010742248881171923,0.02038652172225308,0.0188782044716147,0.0166465594230647,0.013302631787095676,0.012238694063320121,0.01848455105725355,0.019228672238916333,0.0168592661378959,0.028919455468040978,0.01636869167301358,0.011115522891996577,0.011474033274759377,0.01885302720818416,0.016611032669346715,0.017658224189258442,0.021000560544398916
0.12,0.017020784387594586,0.01989901799512639,0.012381828983346943,0.021868802202971382,0.010651871702186178,0.02019577131658712,0.018737144170164477,0.016515215180282428,0.013201546344594361,0.0121195112189173,0.018326694022772316,0.01908341047891904,0.016714753568829677,0.028697348733983996,0.016187632154723075,0.01100877266285194,0.011362113710243427,0.018678372813971333,0.016466042947841264,0.017525116012815367,0.02079472153076367
0.121,0.016875083762365052,0.01973822332688624,0.01226430230806741,0.021706183377629418,0.010562453358914037,0.02000711671868305,0.018597505833520822,0.016385226104932427,0.01310150999059434,0.012001928542142992,0.01817072639442363,0.018939663273485396,0.016571974866393502,0.028477679617762153,0.016008953058859854,0.010903321623242035,0.011251654224697316,0.018505641739874346,0.01632277777702862,0.01739340335741202,0.02059142975275141
0.122,0.016731040722160813,0.019579180795533446,0.012148060106571545,0.021545340207008823,0.010473979001128453,0.019820528046847752,0.018459270648691795,0.016256571052215563,0.013002506264450209,0.011885917168438453,0.018016617528541667,0.018797409013108668,0.016430902184208063,0.028260409549218046,0.015832615826979257,0.010799149924481943,0.011142632114147788,0.018334806973983264,0.01618120879794671,0.017263064086265212,0.02039064515344957
0.123,0.016588629759612256,0.01942186415899183,0.012033084128335925,0.02138624550210022,0.010386434087155338,0.019635976012667866,0.01832242012582952,0.01612922933423344,0.012904519018174465,0.011771448851404909,0.017864337400248287,0.018656626479343852,0.016291508259088983,0.028045500752474473,0.015658582674284216,0.010696238104769162,0.011035025087830164,0.01816584201881688,0.01604130821937555,0.017134076548201205,0.020192328428918827
0.124,0.01644782587214727,0.019266247719141982,0.01191935646199549,0.0212288726055182,0.010299804376449284,0.019453431906103713,0.018186936091116435,0.016003180708428766,0.012807532409612854,0.011658495947684089,0.017713856588788324,0.018517294836655207,0.016153766395418767,0.02783291622682893,0.01548681657081974,0.010594567080046025,0.010928811258834381,0.017998720878434238,0.015903048804553066,0.017006419564983832,0.019996441011532085
0.125,0.01630860454999412,0.0191123063081724,0.011806859527940805,0.021073195378929377,0.01021407592261836,0.019272867581027753,0.018052800679714043,0.01587840536628804,0.01271153089620669,0.011547031402511121,0.01756514626288186,0.018379393624204265,0.01601765045031689,0.027622619728539966,0.015317281223241608,0.01049411813462986,0.010823969135486333,0.017833418046233063,0.015766403858294198,0.016880072418855696,0.0198029450537901
0.126,0.016170941764494427,0.018960015275022668,0.011695576071206637,0.02091918819058125,0.010129235066392295,0.01909425544114518,0.01791999632914687,0.015754883922601826,0.01261649922856456,0.011437028735542198,0.017418178166792697,0.01824290274791307,0.01588313481935244,0.027414575752962023,0.015149941057050698,0.010394872912506292,0.010720477612587653,0.017669908492806807,0.015631347214520197,0.016755014840545868,0.019611803412647344
0.127,0.01603481395675081,0.018809350472332897,0.011585489154468442,0.020766825903580477,0.010045268428961251,0.01891756842645642,0.01778850577275848,0.01563259740464995,0.012522422444304238,0.011328462027121011,0.01727292460658303,0.018107802472731582,0.01575019442239567,0.027208749517041664,0.014984761199528407,0.010296813408730676,0.010618315963084268,0.017508167654510465,0.015497853223896851,0.016631226997694704,0.01942297963418571
0.128,0.015900198026628183,0.018660288243905865,0.011476582151262904,0.020616083864112178,0.009962162905503336,0.01874277999991958,0.01765831203326429,0.015511527242187406,0.012429285862233685,0.011221305904910217,0.017129358436962283,0.01797407341518542,0.015618804690467836,0.027005106942440293,0.014821707462933209,0.010199921961089764,0.010517463829899265,0.017348171421998182,0.015365896742196683,0.01650868948352735,0.01923643793856389
0.129,0.015767071322016962,0.018512805412305933,0.011368838739298837,0.02046693789022669,0.00987990565875696,0.01856986413473316,0.017529398416664677,0.015391655257259274,0.012337075076485182,0.011115535530929144,0.01698745304834448,0.01784169653601686,0.015488941552217028,0.026803614639105078,0.014660746328344243,0.010104181241885835,0.010417901217924741,0.01718989612942401,0.0152354531186778,0.016387383305952685,0.01905214320578663
0.13,0.015635411628449624,0.018366879267056713,0.011262242893985697,0.020319364260908634,0.009798484112837458,0.018398795301848292,0.0174017485061837,0.015272963654548555,0.01224577595095766,0.011011126588866382,0.016847182354385204,0.01771065313307818,0.015360581421687725,0.02660423988915228,0.014501844929955654,0.01000957425024307,0.01031960848630542,0.017033318543752674,0.015106498184925155,0.016267289877014646,0.018870060961299395
0.131,0.015505197158959183,0.018222487552935207,0.011156778882199347,0.02017333970544377,0.009717885947251426,0.018229548457818545,0.017275346156436222,0.01515543501200678,0.012155374613708969,0.010908055271891537,0.016708520779794567,0.01758092483429463,0.015233701185807913,0.026406950631172377,0.014344971039708776,0.009916084304398165,0.010222566340816863,0.01687841585446781,0.014979008244018766,0.016148391002557494,0.018690157362454496
0.132,0.015376406544267118,0.0180796084588577,0.011052431256006967,0.020028841392987218,0.00963809909103941,0.018062099033185675,0.01715017548770792,0.015039052271715425,0.012065857451764805,0.01080629827064472,0.016571443248590167,0.0174524935910908,0.015108278192469848,0.026211715445211947,0.014190093052526054,0.009823695034196556,0.010126755826533551,0.016725165663576624,0.014852960059891118,0.016030668872336395,0.018512399185009465
0.133,0.015249018823172505,0.017938220606837252,0.010949184846721693,0.019885846922615413,0.009559111717030166,0.01789642292093363,0.01702622088039818,0.01492379873089733,0.011977211105830499,0.010705832761596534,0.01643592517253889,0.01732534167155042,0.014984290239192233,0.026018503537724058,0.014037179971761238,0.00973239037393614,0.010032158320607887,0.01657354597580818,0.014728330847071813,0.015914106050256782,0.01833675381014177
0.134,0.015123013433292249,0.017798303041431263,0.01084702475899657,0.019744334313482104,0.009480912236364936,0.01773249646547126,0.01690346696967071,0.014809658033287598,0.011889422465261035,0.010606636395790292,0.016301942440065442,0.017199451654193454,0.01486171556175886,0.025827284727308553,0.013886201395213349,0.009642154555334903,0.00993875552526513,0.01642353518935824,0.01460509826073797,0.015798685465135298,0.018163189211718
0.135,0.014998370201974314,0.017659835219387743,0.010745936365194608,0.01960428199531583,0.009403489293039469,0.01757029645186825,0.016781898640157444,0.014696614160801369,0.011802478663168303,0.010508687287812735,0.016169471405367064,0.017074806421543576,0.014740532823498964,0.02563802943047966,0.013737127501460611,0.009552972100691726,0.009846529460941889,0.016275112086510335,0.014483240386932716,0.01568439040145908,0.017991673943854924
0.136,0.014875069337487418,0.017522796999679735,0.010645905299552338,0.019465668799213076,0.009326831758591503,0.017409800095356087,0.01666150102081776,0.014584651425259665,0.011716367071535339,0.010411964004976793,0.016038488877843204,0.01695138915409644,0.014620721104720458,0.02545070864813148,0.013589929036532888,0.009464827816249244,0.009755462459659525,0.016128255824890525,0.014362735733064347,0.015571204490600343,0.0178221771289776
0.137,0.014753091420450448,0.01738716863366485,0.010546917453012283,0.01932847394855086,0.00925092872705402,0.01725098503121214,0.016542259479981003,0.014473754460457289,0.011631075296648197,0.01031644555704836,0.015908972111854824,0.01682918332431438,0.014502259892530955,0.02526529395198729,0.01344457730101023,0.00937770678568306,0.009665537158413007,0.015982945928674663,0.01424356321871223,0.015459111702247008,0.017654668445952315
0.138,0.014632417395491315,0.01725293075570067,0.010448958967705146,0.01919267705034955,0.00917576950990373,0.017093829304765884,0.016424159620424206,0.014363908214402477,0.01154659117442658,0.010222111385976063,0.015780898796723064,0.016708172690785505,0.014385129070927705,0.025081757471780874,0.013301044137475793,0.009291594363870392,0.009576736492907023,0.01583916228027138,0.014125702166719378,0.015348096336045725,0.01748911811866516
0.139,0.014513028563116936,0.017120064373828736,0.01035201623177362,0.01905825808662165,0.00910134363123638,0.016938311361875402,0.016307187274704038,0.014255097941868633,0.01146290276599593,0.010128941356003618,0.015654247046979042,0.01658834129255471,0.014269308911276202,0.024900071882446473,0.013159301918189814,0.009206476170759759,0.009489043691311316,0.01569688511218925,0.014009132294374171,0.015238143013536765,0.01732549690481322
0.14,0.014394906571773952,0.016988550860935425,0.010256075874283788,0.01892519740614751,0.009027640822911742,0.016784410039501818,0.016191328500411828,0.014147309196901214,0.011379998353402754,0.010036915744013664,0.015528995392914191,0.016469673443575417,0.014154780062867856,0.024720210391757758,0.013019323533209004,0.009122338085377102,0.009402442268184208,0.015556094998906977,0.013893833704893388,0.015129236670258117,0.017163776085025284
0.14100000000000001,0.014278033410177315,0.016858371945883466,0.010161124760302509,0.018793475716416652,0.008954651020001925,0.016632104556643768,0.016076569575802724,0.014040527825825766,0.011297866435354575,0.009946015230178684,0.015405122771315227,0.016352153727225094,0.014041523544006007,0.024542146728338432,0.012881082378821906,0.009039166240024987,0.009316916018637156,0.015416772849331184,0.013779786879189682,0.015021362548049866,0.0170039274521967
0.14200000000000002,0.01416239139977834,0.016729509705169177,0.010067149985914847,0.01866307407566503,0.008882364356309735,0.016481374505447954,0.01596289699527975,0.01393473996023653,0.011216495723008313,0.009856220888737055,0.015282608516598906,0.0162357669911134,0.013929520733186207,0.024365855129863667,0.012744552346152016,0.008956947014651884,0.009232449012462007,0.015278899899177745,0.013666972667770949,0.014914506187710619,0.01684592330111101
0.14300000000000002,0.014047963187452023,0.016601946554571256,0.00997413887363785,0.018533973885313304,0.008810771159843633,0.016332199842637563,0.015850297465135,0.013829932010179458,0.011135875136044193,0.009767514179117809,0.015161432351886939,0.01612049834179441,0.013818753360482772,0.024191310331653226,0.012609707810224191,0.008875667031325696,0.009149025588538806,0.015142457703708256,0.013555372282925804,0.01480865342170301,0.01668973641831728
0.14400000000000002,0.013934731738369222,0.016475665241179605,0.009882078967619501,0.01840615688242142,0.008739861948592553,0.01618456088104958,0.015738757899342315,0.013726090657648626,0.011055993798675834,0.009679876937236487,0.015041574380650569,0.016006333139765738,0.013709203499443823,0.024018487555397483,0.012476523619199709,0.008795313148920125,0.009066630349346516,0.015007428130571876,0.013444967290909826,0.014703790367131653,0.01653534007228119
0.145,0.013822680329063275,0.016350648835519843,0.009790958029210595,0.018279605132493493,0.008669627426338922,0.016038438281584355,0.01562826541547624,0.013623202850135852,0.010976841035792884,0.009593291366963963,0.014923015078342039,0.015893256994529148,0.013600853558883075,0.023847362498428448,0.012344975083948384,0.008715872457805585,0.008985248155562342,0.014873793352925047,0.013335739604702468,0.014599903418964999,0.01638270800365782
0.146,0.013711792540634603,0.016226880724047432,0.009700764032451237,0.018154301022305974,0.00860005847852996,0.01589381304512061,0.015518807330692108,0.013521255794290532,0.010898406369239111,0.00950774003192656,0.014805735284256105,0.0157812557597381,0.013493686275239836,0.023677911322942502,0.012215037967805653,0.008637332274842091,0.008904864120825806,0.014741535842717424,0.013227671476546243,0.014496979243273755,0.016231814415901047
0.147,0.01360205225217589,0.01610434460161847,0.00961148515979282,0.018030227253073128,0.00853114616832007,0.015750666504868005,0.015410371157875247,0.013420236949968634,0.010820679514084275,0.009423205847371552,0.014689716193744262,0.01567031552849585,0.013387684704808445,0.023510110645745375,0.012086688476739882,0.008559680138376935,0.008825463606596418,0.014610638364080164,0.013120745490952435,0.01439500477087352,0.016082633966132298
0.148,0.013493443634308983,0.01598302446436972,0.009523109797828333,0.0179073668336579,0.008462881732657301,0.015608980318800536,0.015302944601747637,0.013320134024169095,0.010743650375093616,0.009339672072348426,0.014574939350417537,0.01556042262871582,0.013282832216484741,0.023343937528063075,0.011959903249575854,0.00848290380340433,0.008747032217155337,0.014481083966992325,0.013014944557722674,0.014293967190936785,0.015935141756038607
0.149,0.013385951142932711,0.01586290460263151,0.009435626533118802,0.017785703074029935,0.008395256578434429,0.015468736462326826,0.015196515555195411,0.013220934965300968,0.010667309043166928,0.009257122302016252,0.014461386638745966,0.015451563618601005,0.013179112484597133,0.02317936946580701,0.011834659348669785,0.008406991236858952,0.008669555794714179,0.014352855981064394,0.012910251905274395,0.014193853944904689,0.015789313323195664
0.15,0.013279559513090844,0.015743969594177343,0.009349024148194496,0.0176652195788759,0.008328262278857745,0.015329917221133638,0.015091072095608227,0.013122627957522504,0.010591645791949933,0.009175540460172327,0.014349040276686487,0.015343725282278564,0.013076509481868337,0.023016384379805466,0.011710934250555693,0.008331930613040828,0.008593020414614405,0.01422593800952432,0.012806651073991704,0.014094652720511691,0.01564512463244727
0.151,0.013174253752997333,0.01562620429747552,0.009263291617493619,0.0175459002413475,0.008261890569758457,0.015192505184211225,0.014986602481335654,0.013025201415256649,0.010516651074407912,0.009094910791933364,0.014237882808578295,0.015236894625396014,0.01297500747273106,0.022854960606557673,0.011588705837128122,0.008257710309096944,0.00851741238064574,0.014100313923247954,0.012704125909848818,0.013996351445954458,0.015502552067541697
0.152,0.013070019138226686,0.015509593845246084,0.009178418103575892,0.017427729236943357,0.008196133346063394,0.015056483237110063,0.0148830951481832,0.012928643977772825,0.010442315519696654,0.009015217856627067,0.014127897098173525,0.015131058870962777,0.012874591006652447,0.022695076888998966,0.011467952386803537,0.008184318900677279,0.008442718220539103,0.013975967855136662,0.012602660558168277,0.013898938284247375,0.015361572422955216
0.153,0.012966841206019259,0.015394123638144408,0.009094392953264196,0.01731069101763516,0.008130982658331454,0.01492183455525009,0.014780538706037571,0.012832944503993637,0.010368629929732642,0.008936446520829366,0.014019066321880436,0.015026205455168862,0.0127752449117855,0.02253671236760535,0.011348652566009476,0.008111745157654005,0.008368924681415035,0.0138528841944896,0.012502239457507613,0.013802401627733052,0.015222162895917712
0.154,0.01286470574973549,0.015279779338581045,0.009011205693940427,0.017194770306008134,0.008066430709373296,0.014788542597563237,0.01467892193553666,0.012738092067408613,0.01029558527621166,0.008858581951550093,0.013911373962089635,0.0149223220233623,0.01267695428871296,0.02237984657169445,0.011230785420847211,0.008039978039995788,0.008296018725508225,0.013731047581529765,0.012402847333632616,0.013706730092625685,0.015084301078537976
0.155,0.012763598813449706,0.015166546864761488,0.008928846029866655,0.017079952089646078,0.008002469850938887,0.01465659110016837,0.014578233784803163,0.012644075951017797,0.01022317269747608,0.008781609609696872,0.013804803800775423,0.01481939642604102,0.012579704504398714,0.022224459410851827,0.011114330368978798,0.007969006693645087,0.008223987525853294,0.013610442902168396,0.012304469193838097,0.013611912513875724,0.01494796495019235
0.156,0.012663506686669223,0.015054412384775784,0.008847303838731113,0.016966221615606347,0.007939092580508178,0.014525964070241537,0.014478463366272898,0.012550885642577336,0.01015138349548439,0.008705515243492279,0.01369933991316541,0.014717416715006038,0.01248348118626419,0.0220705311667031,0.010999267191688311,0.007898820446632149,0.00815281846214333,0.013491055282815578,0.012207090321164071,0.013517937940015545,0.01481313287009689
0.157,0.012564415899170617,0.014943362310994246,0.00876656916802232,0.01685356438501473,0.007876291538107094,0.014396645780089923,0.014379599953609934,0.012458510829758795,0.010080209132879658,0.008630284882270023,0.013594966661516383,0.014616371139562157,0.012388270216478037,0.021918042484798672,0.010885576026131272,0.007829408805158922,0.008082499116652153,0.013372870085357702,0.01211069626891692,0.013424795628175445,0.014679783569917948
0.158,0.012466313215972174,0.01483338329443984,0.008686632231714508,0.016741966147854614,0.00781405950325964,0.014268620761287432,0.014281632978612735,0.012366941395574926,0.010009641230096178,0.00855590483024915,0.01349166868924312,0.014516248142767973,0.012294057726321639,0.021766974366635883,0.010773237357804999,0.00776076144984883,0.008013017270255496,0.013255872902262156,0.012015272855224635,0.013332475039285918,0.01454789614670382
0.159,0.01236918563241834,0.014724462219364742,0.00860748340688755,0.016631412897798126,0.007752389391947223,0.014141873799053961,0.014184552028317254,0.012276167413858285,0.009939671562479213,0.008482361660549165,0.013389430914922285,0.014417036357788016,0.012200830090801085,0.021617308162044324,0.010662232013195938,0.007692868232094918,0.007944360898561542,0.013140049551773059,0.011920806157797337,0.013240965833283824,0.014417450055848935
0.16,0.012273020369380282,0.014616586198048398,0.008529113230459018,0.016521890867221,0.007691274253657898,0.014016389926675532,0.014088346841980348,0.012186179144854536,0.009870292057593821,0.008409642209287416,0.013288238526633966,0.014318724604357458,0.012108573923290566,0.02146902556156427,0.010552541152524242,0.007625719170412437,0.007876518168097757,0.013025386073309497,0.011827282508764081,0.013150257864584347,0.01428842510428907
0.161,0.012177804868564346,0.014509742565592898,0.008451512395979854,0.016413386522289963,0.007630707268497683,0.013892154420161007,0.013993007308310879,0.012096967030896577,0.009801494792402554,0.008337733569903971,0.013188076976348384,0.014221301885203097,0.012017276070405147,0.021322108589125977,0.010444146262767018,0.007559304446985049,0.007809477432598078,0.01291186872289718,0.01173468848961079,0.013060341177520196,0.014160801443790616
0.162,0.012083526787938536,0.014403918874904997,0.008374671750524976,0.01630588655824816,0.0075706817444139984,0.01376915279291635,0.013898523462666623,0.012008521692252305,0.009733271990660763,0.008266623087482827,0.013088931974436502,0.014124757382698694,0.011926923606965012,0.021176539594843002,0.01033702915077106,0.0074936144041772845,0.007743227229388694,0.012799483968698122,0.011643010926286834,0.012971206002002411,0.014034559564432114
0.163,0.011990173997264358,0.014299102891834115,0.00829858229157876,0.016199377894639655,0.007511191114382365,0.013647370790699775,0.01380488548428882,0.011920833922982377,0.009665616020242074,0.00819629835336988,0.012990789484386256,0.014029080455460141,0.01183750383109683,0.021032301248003038,0.01023117193660561,0.007428639541289472,0.007677756275829228,0.012688218486767822,0.01155223688441076,0.012882842749227574,0.013909680288192616
0.164,0.011897734573711554,0.014195282590357516,0.008223235164032228,0.01609384767090194,0.007452228933761074,0.013526794386527707,0.013712083693678379,0.011833894686925972,0.009598519390613958,0.008126747199782458,0.012893635717518448,0.013934260635014795,0.011749004259435591,0.020889376530219717,0.010126557046934326,0.007364370511206975,0.0076130534658354065,0.012578059156827748,0.01146235366453463,0.012795242007493046,0.013786144762629182
0.165,0.01180619679761592,0.01409244614797156,0.008148621657296462,0.015989283241791163,0.007393788877616103,0.013407409775878731,0.01362010854993323,0.0117476951138622,0.00953197475027201,0.008057957694579065,0.012797457127931677,0.01384028762262901,0.011661412622522516,0.02074774872871321,0.010023167208704997,0.007300798117244933,0.007549107866554383,0.012468993058122102,0.011373348797638627,0.012708394538189172,0.013663934454867244
0.166,0.011715549148288078,0.01399058194111702,0.008074733202322104,0.015885672173129972,0.007335864738164499,0.013289203371859348,0.013528950648242,0.011662226495602335,0.009465974884292794,0.007989918136239949,0.012702240407553744,0.013747151286106263,0.011574716860203282,0.020607401429789896,0.009920985442906094,0.007237913310056854,0.007485908714983558,0.012361007465429008,0.011285210040545612,0.012622291271738972,0.01354303114547828
0.167,0.011625780299950612,0.013889678540765282,0.008001561368834675,0.015783002237502508,0.007278450422236626,0.01317216180060099,0.013438600717333271,0.01157748028234562,0.009400512711859044,0.00792261704881636,0.012607972481211371,0.013654841656686512,0.011488905117254533,0.020468318512444683,0.009819995058453546,0.007175707184593039,0.007423445414776797,0.012254089845203375,0.011197925371603024,0.012536923303830272,0.013423416922660691
0.168,0.011536879117741894,0.01378972470807216,0.007929097862553691,0.015681261410158576,0.007221539948802702,0.013056271896681682,0.013349049617033537,0.011493448078958357,0.009335581283928307,0.007856043177142724,0.012514640501919971,0.013563348926006413,0.011403965739035016,0.02033048414213323,0.009720179646194649,0.007114170977074119,0.00736170753308818,0.012148227851653925,0.01111148298639908,0.01245228189154246,0.013305074176459097
0.169,0.011448834653843354,0.013690709390199562,0.007857334522493709,0.015580437864930352,0.0071651274465873716,0.012941520698781517,0.013260288335877668,0.011410121641459159,0.009271173780822983,0.007790185482045464,0.012422231846230924,0.013472663443081512,0.011319887267299045,0.02019388276463996,0.00962152307320474,0.007053296062193182,0.0073006847974769196,0.012043409323155063,0.011025871293518397,0.012368358449726169,0.013187985593143381
0.17,0.011361636143659658,0.013592621716138176,0.007786263318250608,0.0154805199703002,0.007109207151655084,0.012827895445253867,0.013172307988758236,0.011327492873576928,0.009207283509952036,0.007725033135773884,0.012330734109683217,0.013382775711427652,0.011236658436058478,0.02005849910013957,0.009524009477035245,0.006993073950195328,0.007240367092900768,0.011939622278515527,0.01094107891052043,0.012285144547362958,0.013072134149694992
0.171,0.011275273002101488,0.013495450992765168,0.007715876347451633,0.015381496285509555,0.007053773405143682,0.012715383569974703,0.013085099814587164,0.011245553823290177,0.009143903903563566,0.007660575517365764,0.012240135102374428,0.013293676386113562,0.011154268167626546,0.019924318137380048,0.009427623260156226,0.006933496284169949,0.007180744458751054,0.011836854913474304,0.010857094659870059,0.012202631904092542,0.012957503108369628
0.17200000000000001,0.011189734819964842,0.01339918670086282,0.007646165833207874,0.015283355556810152,0.006998820650971682,0.012603972698255639,0.012998655174098706,0.011164296679540664,0.00908102851645487,0.007596802208368114,0.012150422844622755,0.013205356271039359,0.011072705568661356,0.0197913251279761,0.009332349084599567,0.006874554837336566,0.007121807086033716,0.011735095597232736,0.010773907565036822,0.012120812386757884,0.01284407601142945
0.17300000000000001,0.011105011360347205,0.01330381849130946,0.007577124121536327,0.015186086713754765,0.006944343433631706,0.012493650642718235,0.012912965547585031,0.011083713769013404,0.009018651023822821,0.007533702988426039,0.012061585562729182,0.013117806316052638,0.010991959926338724,0.019659505580845282,0.00923817186660103,0.00681624151039073,0.00706354531448361,0.011634332869067454,0.010691506846656429,0.012039678006045329,0.012731836675935915
0.17400000000000002,0.011021092555206757,0.013209336181345677,0.007508743679014551,0.01508967886559831,0.006890336396015662,0.012384405399486709,0.012828022532775707,0.011003797552967098,0.008956765219111373,0.007471267831114292,0.011973611684825913,0.013031017614340668,0.010912020704668901,0.019528845256766125,0.009145076771468807,0.006758548328941405,0.007005949629883768,0.011534555435061211,0.01060988191878931,0.011959220913276725,0.012620769188682934
0.17500000000000002,0.010937968501935041,0.013115729750952765,0.007441017090286217,0.014994121297760676,0.006836794277267244,0.012276225144278508,0.01274381784270584,0.010924540624099532,0.008895365011869272,0.007409486899809359,0.011886489836831826,0.012944981399699795,0.010832877540818076,0.0193993301630776,0.009053049208519681,0.0067014674410110775,0.006949010661344901,0.011435752164837498,0.010529022385185605,0.01187943339715003,0.012510857901195327
0.176,0.01085562946004991,0.0130229893392394,0.007373937055751734,0.0148994034683807,0.006783711910764101,0.012169098228689168,0.012660343303636967,0.01084593570358916,0.008834444425662169,0.007348350543683213,0.011800208838497417,0.012859689043933198,0.01075452024153889,0.019270946548448742,0.008962074826117217,0.006644991114555854,0.006892719178724471,0.011337912088452029,0.010448918035768973,0.01180030788069375,0.012402087424871033
0.177,0.010774065847939562,0.012931105240968188,0.007307496389284296,0.014805515004973846,0.006731084222023287,0.012063013176535131,0.012577590853058651,0.010767975638125482,0.008773997596020267,0.00728784929377313,0.01171475769949648,0.01277513205431191,0.010676938779733969,0.019143680897831805,0.008872139506871601,0.006589111735063713,0.006837066090063071,0.011241024393288557,0.010369558843011828,0.011721836918183626,0.012294442626172408
0.178,0.010693268239684927,0.01284006790321246,0.007241688015904635,0.014712445701099974,0.006678906226734838,0.011957958680278269,0.012495552537650223,0.01069065339698827,0.00871401876842648,0.007227973859128323,0.01163012561571386,0.01269130207103697,0.010600123291016561,0.0190175199274476,0.008783229362918532,0.006533821803228923,0.006782042439081426,0.011145078421091914,0.010290934958592901,0.011644013192182112,0.012187908621964283
0.179,0.010613227361948674,0.012749867921998503,0.007176504969614528,0.014620185513164907,0.006627173028776467,0.011853923597561322,0.012414220511377971,0.010613962069303762,0.0086545022963046,0.007168715123124891,0.011546301965447037,0.012608190864770275,0.010524064070418282,0.01889245057995792,0.008695330731307349,0.00647911393263767,0.006727639402757779,0.011050063664991061,0.010213036709894485,0.011566829510689769,0.012082470774874898
0.18,0.010533934090933344,0.012660496039060831,0.007111940391191118,0.014528724557279271,0.006575879818358832,0.011750896947729128,0.012333587033590554,0.010537894861232355,0.008595442639049988,0.0071100641397702224,0.011463276305870296,0.012525790334205422,0.010448751569111403,0.018768460019694566,0.008608430169474213,0.006424980847551165,0.006673848288937911,0.010955969766677454,0.010135854596787452,0.011490278804252019,0.01197811468884269
0.181,0.010455379449408548,0.012571943138707575,0.007047987526074717,0.014438053106140991,0.006525021870099401,0.011648867908604643,0.01225364446713395,0.010462445093299522,0.00853683436013708,0.0070520121301234084,0.011381038369444929,0.012444092503705928,0.01037417639125382,0.018645535628011967,0.008522514450877372,0.0063714153807235,0.0066206605340553,0.010862786513567646,0.010059379288302916,0.011414354123254977,0.011874826204651301
0.182,0.010377554603794747,0.012484200244696986,0.0069846397222912415,0.014348161586058783,0.0064745945412204575,0.011547825813122192,0.012174385276530919,0.010387606197788779,0.00847867212516884,0.006994550478826245,0.01129957806045745,0.01236308952096532,0.010300329290890087,0.01852366499870539,0.008437570560671848,0.006318410471252478,0.006568067700824409,0.010770503836084577,0.009983601619495519,0.011339048635207294,0.011772591395636134
0.183,0.01030045086131771,0.012397258517245935,0.0069218904283661065,0.014259040574008841,0.006424593269732659,0.011447760146237829,0.012095802026219182,0.010313371716169084,0.008420950700001373,0.006937670730736922,0.011218885451671379,0.012282773654683554,0.01022720116887399,0.01840283593360681,0.008353585691488252,0.006265959162481516,0.006516061476078416,0.010679111804975272,0.00990851258827341,0.011264355622096267,0.011671396563407432
0.184,0.010224059667220975,0.012311109250050079,0.00685973319136135,0.014170680794739043,0.00637501357268111,0.011348660541754096,0.012017887378770076,0.01023973529655331,0.008363664948912164,0.00688136458752886,0.01113895078097793,0.012203137292357003,0.01015478306992812,0.01828303643818907,0.008270547239381698,0.0062140546000245545,0.0064646336685696415,0.010588600628690825,0.009834103352381773,0.011190268477868748,0.011571228233700048
0.185,0.01014837260204109,0.012225743867448235,0.0067981616548807855,0.014083073117938327,0.006325851044445829,0.011250516779310438,0.011940634093188907,0.010166690691333358,0.00830680983277221,0.006825623904504363,0.011059764448176024,0.01212417293805157,0.010083066179728872,0.018164254717315087,0.008188442799725304,0.006162690029696938,0.006413776206916744,0.01049896065084499,0.009760365226364587,0.01111678070589861,0.011472073152280604
0.186,0.010073381378930485,0.012141153921558567,0.0067371695571372125,0.01399620855551964,0.006277101355003589,0.011153318781401356,0.011864035023257946,0.010094231754678828,0.008250380407221036,0.006770440687404622,0.010981317011789726,0.0120458732102241,0.010012041822049178,0.018046479171046848,0.008107260163357166,0.006111858795645575,0.006363481137549032,0.010410182347692087,0.009687289678615096,0.011043885916495633,0.011373918280962458
0.187,0.009999077841055498,0.012057331089562418,0.006676750729086356,0.013910078258869918,0.006228760248327192,0.011057056610488614,0.011788083115872983,0.010022352440291482,0.008194371820916868,0.006715807089306081,0.01090359918597772,0.011968230839612959,0.009941701455967289,0.017929698390600657,0.008026987312695355,0.006061554338414821,0.006313740622682751,0.010322256325686174,0.009614868328497006,0.010971577824609557,0.011276750793643764
0.188,0.009925453959028446,0.011974267170988484,0.00661689909254759,0.013824673516269259,0.0061808235407311285,0.010961720466113767,0.011712771409449152,0.009951046799092644,0.008138779313756284,0.006661715407574431,0.010826601837497063,0.0118912386671155,0.009872036673154172,0.01781390115427839,0.007947612418021444,0.006011770193098398,0.006264546938391069,0.010235173319109614,0.009543092943479325,0.01089985024742357,0.011180558072477642
0.189,0.009852501828420401,0.011891954085150092,0.0065576086584014925,0.013739985750250927,0.006133287119284181,0.010867300682168679,0.011638093032347863,0.009880308976982666,0.008083598215180565,0.006608158080988691,0.01075031598274745,0.011814889641786563,0.009803039195184216,0.01769907642364066,0.007869123833772251,0.005962499987560377,0.006215892472731577,0.010148924187695973,0.009471955436361479,0.01082869710211054,0.011085327704061787
0.19,0.009780213667294573,0.01181038386846811,0.00649887352480738,0.013656006515105013,0.006086146940268766,0.010773787724137951,0.011564041201349573,0.009810133212687422,0.008028823942425767,0.006555127686741269,0.010674732784864749,0.011739176818764907,0.009734700870931201,0.01758521333959584,0.00779151009499035,0.005913737440638278,0.006167769723849137,0.010063499914375162,0.009401447862532941,0.010758112403587705,0.010991047475769955
0.191,0.009708581813818206,0.011729548672078538,0.006440687875434281,0.01357272749441174,0.006039399027644721,0.0106811721864557,0.011490609220141779,0.009740513835598485,0.00797445199887048,0.006502616937702377,0.010599843550862631,0.011664093357326544,0.009667013673991476,0.01747230121867127,0.007714759913793889,0.005865476360430666,0.0061201712982206224,0.00997889160300347,0.009331562417265293,0.010688090262382155,0.010897705372078015
0.192,0.009637598723921698,0.011649440759318175,0.006383045977769841,0.013490140498590764,0.005993039471571593,0.01058944478990298,0.011417790477841527,0.009671445263760292,0.007920477972364282,0.0064506186796127185,0.010525639728880987,0.011589632518952508,0.009599969700195166,0.01736032954936717,0.007638862175975203,0.005817710642650242,0.006073089908868123,0.009895090476220503,0.009262291433114744,0.010618624882473449,0.010805289571003684
0.193,0.009567256968984961,0.011570052503356298,0.006325942181448552,0.013408237462557704,0.005947064426920168,0.010498596379059588,0.011345578447573001,0.009602922001748615,0.007866897533571393,0.006399125888433943,0.010452112905453115,0.011515787665378863,0.009533561165122828,0.01724928798852232,0.007563805937618406,0.005770434268939861,0.006026518373660084,0.009812087873235953,0.009193627377251157,0.010549710559239811,0.010713788440607552
0.194,0.009497549233602859,0.011491376384857532,0.006269370916596739,0.013327010443351384,0.00590147011183495,0.010408617919815066,0.011273966685058534,0.009534938638784296,0.00781370643436985,0.006348131667677004,0.010379254802849402,0.011442552256771932,0.009467780401710701,0.017139166357807212,0.0074895804218719775,0.005723641305293792,0.005980449613635308,0.009729875247796116,0.00912556284898458,0.01048134167744419,0.010623190535546612
0.195,0.009428468313369992,0.011413404989668585,0.006213326692184107,0.013246451617955346,0.005856252806355378,0.010319500496921208,0.01120294882721462,0.009467489846742727,0.007760900506242008,0.0062976292458413186,0.01030705727646064,0.011369919849848142,0.009402619857899142,0.01702995464025081,0.0074161750156942485,0.00567732590050285,0.005934876651382037,0.009648444166089454,0.00905809057720841,0.01041351270925217,0.010533484593686637
0.196,0.00936000711274112,0.011336131006638328,0.006157804094509833,0.013166553280966498,0.005811408851020494,0.010231235311619291,0.011132518590858176,0.009400570378287898,0.007708475658710134,0.006247611973918432,0.01023551231226938,0.011297884096098332,0.00933807209430948,0.01692164297690313,0.0073435792667878586,0.00563148228461563,0.005889792609468425,0.009567786304762849,0.008991203417938687,0.0103462182123093,0.010444659532830247
0.197,0.009292158642900995,0.011259547225400679,0.006102797785585534,0.013087307842474472,0.005766934645512256,0.010143813679321934,0.011062669771322975,0.009334175065015549,0.007656427877738348,0.006198073322900233,0.010164612024333719,0.011226438739978972,0.009274129781991602,0.016814221663468798,0.007271782880511002,0.005586104767487332,0.005845190708866133,0.009487893448928086,0.008924894351925117,0.010279452827842595,0.010356704447414544
0.198,0.009224916019712908,0.011183646534237979,0.006048302501662439,0.013008707825922783,0.00572282664731949,0.01005722702728118,0.010993396241231634,0.009268298815669485,0.007604753224228933,0.006149006881419505,0.010094348652365803,0.011155577617225632,0.009210785700193402,0.016707681147120623,0.007200775716882379,0.005541187737284181,0.005801064267490164,0.00940875749025405,0.008859156482234787,0.010213211278866874,0.010269608605366853
0.199,0.009158272461688238,0.011108421918046174,0.00599431305170639,0.012930745865983528,0.0056790813704808984,0.009971466892423009,0.010924691949202314,0.009202936614375545,0.007553447832508775,0.006100406353360066,0.010024714559319303,0.011085294653093158,0.009148032734202505,0.016602012023265944,0.007130547787703834,0.005496725659121848,0.005757406698700063,0.009330370425099987,0.008793983031918473,0.010147488368321023,0.010183361444931927
0.2,0.00909222128800095,0.011033866456257369,0.0059408243159693175,0.012853414706549104,0.005635695384241024,0.009886524919085926,0.010856550918621477,0.009138083518931639,0.007502507908782263,0.0060522655555749205,0.009955702229058394,0.011015583860680911,0.009085863873223854,0.016497205032478646,0.007061089253672326,0.0054527130736355955,0.00571421150990048,0.009252724352610153,0.00872936734172014,0.01008227897738867,0.010097952571636815
0.201,0.009026755916559808,0.01095997332088472,0.005887831244550501,0.012776707198688508,0.005592665311874745,0.009802392856963271,0.010788967246451842,0.009073734659138633,0.0074519297296929965,0.00600457841565305,0.009887304264062813,0.010946439339313163,0.009024272208292716,0.016393251057431946,0.006992390421617811,0.005409144595690418,0.005671472301121083,0.00917581147298352,0.008665302867811864,0.01001757806374004,0.010013371755232536
0.202,0.008961869862095056,0.01088673577456778,0.005835328855950617,0.012700616298714551,0.005549987829405301,0.009719062558954161,0.010721935102036118,0.009009885235155113,0.007401709640867615,0.005957338969688086,0.009819513383188205,0.010877855272888315,0.008963250930215327,0.016290141119903234,0.0069244417417766435,0.00536601491304689,0.005629182763711382,0.009099624085630031,0.00860178317955862,0.009953380659863287,0.009929608926779854
0.203,0.00889755673430646,0.010814147168700439,0.005783312235776106,0.01262513506620444,0.00550765966442468,0.00963652597913034,0.010655448725960581,0.008946530515906659,0.007351844055409451,0.005910541360179655,0.009752322419451898,0.010809825928320915,0.008902793327616565,0.016187866377870175,0.0068572338051311466,0.005323318785086517,0.005587336678966381,0.00902415458750927,0.008538801957321818,0.00988968187146555,0.009846654175696634
0.20400000000000001,0.008833810236042978,0.010742200941558866,0.005731776535314981,0.012550256662193005,0.005465677594921559,0.009554775170754315,0.01058950242894352,0.008883665837545962,0.0073023294525613736,0.005864179833879768,0.009685724317891165,0.010742345653937169,0.008842892784942435,0.0160864181226259,0.00679075734084833,0.005281051041573059,0.005545927916897786,0.008949395471367194,0.008476352990351987,0.009826476875832713,0.009764497746918455
0.20500000000000002,0.00877062416151445,0.010670890616523598,0.005680716970278832,0.012475974347226804,0.005424038448096802,0.009473802284311272,0.010524090590699142,0.008821286601928269,0.007253162376236522,0.005818248739772991,0.009619712133449143,0.010675408877992676,0.008783542780572695,0.01598578777598414,0.006725003213677194,0.005239206581457823,0.005504950434931932,0.008875339324133646,0.008414430174602527,0.009763760920295295,0.009683130038117715
0.20600000000000002,0.00870799239454551,0.010600209800299298,0.005630128819461566,0.012402281479607535,0.005382739099277112,0.009393599565574617,0.010459207658881975,0.00875938827511058,0.007204339433667717,0.005772742527030639,0.00955427902889594,0.010609010107110572,0.008724736884948125,0.015885966887504432,0.006659962421555976,0.005197780371656524,0.005464398276729954,0.008801978825258017,0.008353027510711875,0.00970152932070989,0.009602541596917868
0.20700000000000002,0.00864590890687576,0.010530152181212893,0.005580007423517053,0.01232917151362023,0.005341776470739967,0.009314159353778662,0.010394848148052471,0.008697966385949885,0.007155857294017243,0.0057276557430746555,0.009489418272823125,0.01054314392486233,0.008666468758727341,0.015786947131828044,0.006595626093127804,0.005156767445964605,0.005424265570993514,0.008729306745129617,0.008292139101907958,0.009639777459976462,0.00952272311821134
0.20800000000000002,0.008584367756477506,0.01046071152753092,0.005530348183674039,0.01225663799775878,0.005301147530688999,0.009235474079755557,0.010331006638621298,0.008637016524666308,0.0071077126870514595,0.0056829830316260654,0.009425123237652988,0.01047780499027784,0.008608732150993559,0.01568872030603108,0.006531985485440761,0.005116162903890498,0.005384546530273648,0.008657315943518151,0.00823175915202845,0.009578500786562305,0.009443665441507432
0.209,0.008523363085917978,0.010391881685825388,0.005481146560562311,0.012184674573033072,0.005260849292132108,0.009157536264160382,0.010267677775870232,0.00857653434147998,0.007059902401795659,0.0056387191308187035,0.009361387397666787,0.010412988036430648,0.008551520897522868,0.01559127832701035,0.006469031981590101,0.005075961909569493,0.005345235449882413,0.008585999368055264,0.00817188196352725,0.009517694813107491,0.009365359548319074
0.21,0.0084628891207558,0.010323656579364515,0.005432398072995892,0.012113274971297106,0.005220878811837859,0.009080338515711883,0.010204856268960505,0.008516515545266223,0.007012423285233327,0.005594858871358244,0.009298204327137127,0.010348687869017659,0.008494828919037745,0.015494613228977494,0.006406757088517678,0.005036159690742226,0.005306326706774556,0.008515350052709425,0.008112501935523597,0.00945735511504675,0.00928779655960621
0.211,0.008402940167978096,0.010256030206581834,0.005384098296818629,0.012042433013616738,0.005181233189356149,0.009003873529502493,0.010142536889971243,0.008456955902275132,0.0069652722410142864,0.0055513971747114255,0.009235567698433367,0.010284899365042177,0.00843865021958401,0.015398717160978848,0.006345152434789947,0.004996751537665989,0.005267814758459943,0.008445361116373507,0.008053613561879613,0.009397477329224135,0.009210967733282449
0.212,0.00834351061445653,0.01018899663955275,0.005336242863766882,0.01197214260864754,0.005141909565940295,0.008928134085326778,0.010080714472982533,0.008397851234840048,0.006918446228194375,0.005508329051331806,0.00917347128019319,0.010221617471388833,0.008382978884821979,0.015303582384454284,0.006284209768471216,0.004957732802164272,0.005229694141986041,0.008376025761376082,0.007995211429341564,0.009338057152611157,0.009134864461738945
0.213,0.008284594925442378,0.010122550022498955,0.00528882746035908,0.011902397751070826,0.005102905123601231,0.0088531130460332,0.010019383913135393,0.00833919742013578,0.006871942259964681,0.005465649598922817,0.009111908935537594,0.010158837203577353,0.008327809080478477,0.01520920127083758,0.006223920955036988,0.00491909889660247,0.005191959472879204,0.008307337272106086,0.007937290215676573,0.009279090340994278,0.009059478269399013
0.214,0.008226187643101924,0.01005668457035025,0.005241847826776502,0.01183319252005477,0.005064217084130962,0.00877880335596437,0.009958540165772467,0.008280990388984444,0.006825757402445509,0.005423354000734348,0.0090508746202973,0.010096553644389106,0.008273135050780756,0.015115566299282346,0.00616427797532626,0.0048808452929496315,0.005154605444180005,0.008239289013648676,0.007879844687851745,0.009220572707722363,0.008984800810396654
0.215,0.008168283385062536,0.009991394567345657,0.005195299755829663,0.011764521077724965,0.005025842708123451,0.00870519803937908,0.009898178245521416,0.008223226124683625,0.006779888773442266,0.005381437523894639,0.008990362381287587,0.010034761942653403,0.008218951116897522,0.015022670054316678,0.0061052729235517855,0.004842967521876074,0.005117626825426269,0.008171874430408343,0.007822869700220614,0.009162500122476769,0.008910823866190909
0.216,0.008110876843016136,0.00992667436565553,0.005149179091887168,0.0116963776676966,0.00498777929408778,0.008632290198953951,0.009838293225498118,0.008165900661859293,0.006734333541287385,0.005339895517799009,0.00893036635461153,0.009973457311941325,0.008165251675479768,0.014930505223631929,0.006046898005378387,0.00480546117179681,0.0050810184617384735,0.008105087044820936,0.007766360192816624,0.009104868510077302,0.008837539343304779
0.217,0.008053962781332141,0.0098625183840515,0.00510348172987285,0.011628756613629165,0.004950024177491463,0.00856007301429329,0.009778880236416376,0.008109010085344148,0.006689088923653497,0.0052987234124763916,0.00887088076402387,0.009912635029386219,0.008112031197199943,0.014839064595912999,0.005989145536002716,0.004768321888043103,0.005044775272853963,0.008038920456043153,0.00771031118958021,0.009047673849298943,0.008764939271069028
0.218,0.00799753603570571,0.009798921106608183,0.00505820361424425,0.011561652317791604,0.0049125747298814915,0.008488539740492351,0.009719934465827862,0.008052550529097702,0.00664415218638148,0.005257916717044786,0.008811899919271782,0.009852290434429145,0.00805928422531521,0.014748341058664516,0.0059320079383387014,0.004731545371968959,0.005008892252216901,0.007973368338699882,0.007654717796685695,0.008990912171749854,0.008693015799403847
0.219,0.007941591511837476,0.009735877081398892,0.005013340738037053,0.011495059259670759,0.00487542835801269,0.008417683706723578,0.009661451157276013,0.007996518175146239,0.006599520642399326,0.005217471018178932,0.008753418214503594,0.009792418927678903,0.008007005374309428,0.014658327596118403,0.005875477741189461,0.004695127380134334,0.00497336446611274,0.00790842444165607,0.007599575200834874,0.00893457956071253,0.008621761196655697
0.22,0.007886124184145998,0.009673380919328567,0.004968889141901411,0.011428971994609682,0.004838582502973865,0.008347498314877022,0.009603425609581606,0.007940909252581174,0.006555191650559955,0.005177381978571871,0.008695430126710368,0.009733015969721204,0.007955189328520795,0.014569017287203723,0.005819547577500139,0.0046590637234876775,0.004938187052749177,0.007844082586780154,0.007544878667675281,0.00887867215010718,0.008551167847479113
0.221,0.007831129094489603,0.009611427292837704,0.004924844913144488,0.011363385152473482,0.004802034639340924,0.008277977038209872,0.00954585317601564,0.007885720036519439,0.00651116261458029,0.005137645335502983,0.00863793021417869,0.009674077079969812,0.007903830840839565,0.014480403303506417,0.005764210182660157,0.004623350266566129,0.004903355221428374,0.007780336667771448,0.007490623540127306,0.008823186123395832,0.008481228250723505
0.222,0.007776601350944207,0.009550010934815223,0.004881204184868482,0.011298293436347917,0.004765782274362196,0.008209113420058367,0.009488729263619766,0.007830946847162235,0.0064674309819447995,0.005098256899342957,0.008580913115002309,0.00961559783558008,0.007852924731421407,0.014392478907323536,0.005709458392786582,0.004587982926733125,0.004868864251670102,0.007717180649040811,0.007436805236843869,0.008768117712562251,0.00841193501739812
0.223,0.007722536126579066,0.009489126637404643,0.004837963135024936,0.011233691621222675,0.004729822947158624,0.008140901072556384,0.009432049332438797,0.007776586048835354,0.006423994242882869,0.005059212552171677,0.008524373545578001,0.009557573870330627,0.00780246588643041,0.014305237449714125,0.0056552851431461715,0.00455295767341124,0.004834709492429812,0.007654608564490517,0.007383419250642342,0.008713463197066895,0.00834328086864522
0.224,0.007668928658279723,0.009428769250920066,0.0047951179855808546,0.011169574552786221,0.0046941542278944315,0.008073333675398864,0.009375808894843574,0.007722634049079913,0.006380849929314425,0.005020508246371569,0.008468306299149742,0.009500000873538195,0.00775244925683749,0.014218672368654928,0.005601683466517127,0.0045182705273677515,0.004800886361222223,0.007592614516479745,0.007330461146953349,0.00865921890291721,0.008275258633766769
0.225,0.0076157742455871865,0.00936893368273306,0.004752665001650946,0.011105937146146716,0.004658773717044151,0.00800640497465177,0.00932000351481721,0.0076690872977537294,0.006337995613841962,0.004982140003249924,0.008412706244431245,0.009442874589018047,0.007702869857226902,0.014132777187156442,0.005548646491660758,0.004483917559983341,0.0047673903433772535,0.0075311926747028135,0.007277926562371695,0.008605381201653994,0.008207861248271775
0.226,0.007563068249561949,0.00930961489624793,0.004710600490673844,0.011042774384661613,0.004623679044588713,0.007940108781565702,0.00926462880729928,0.007615942286155031,0.006295428908783762,0.004944103911724174,0.008357568324130371,0.009386190814049566,0.007653722764638715,0.014047545511485016,0.0054961674417960404,0.004449894892549211,0.004734216991222784,0.007470337275126804,0.007225811203130372,0.008551946509435582,0.008141081751974477
0.227,0.007510806091678762,0.00925080790985544,0.004668920801578769,0.010980081318740287,0.00458886786932744,0.007874438971442355,0.009209680437504919,0.007563195546196111,0.006253147465171582,0.004906396126980073,0.008302887553660043,0.009329945398326989,0.0076050031174685895,0.013962971029396476,0.005444239633123793,0.004416198695595175,0.004701361923296732,0.007410042618968382,0.007174110843698456,0.008498911286113464,0.00807491328713017
0.228,0.007458983252741519,0.009192507795950489,0.004627622324059777,0.010917853064707383,0.004554337878098336,0.007809389482527296,0.009155154120302544,0.007510843649577215,0.006211148971810299,0.004869012869200384,0.00824865901972538,0.00927413424301271,0.007556706114355105,0.013879047508412956,0.005392856473356522,0.004382825188218864,0.004668820823626962,0.007350303071641973,0.007122821325318274,0.008446272034355218,0.008009349096572693
0.229,0.007407595271817308,0.009134709679929909,0.004586701487715117,0.010856084803636756,0.004520086785095301,0.007744954314923058,0.009101045619550385,0.007458883206976297,0.006169431154369853,0.004831950422292675,0.008194877879040607,0.009218753299713667,0.0075088270131213886,0.013795768794134355,0.005342011460344742,0.004349770637434802,0.004636589440916605,0.007291113061789645,0.007071938554664481,0.008394025298777641,0.007944382521918869
0.23,0.00735663774520628,0.009077408739287529,0.004546154761362553,0.010794771780291312,0.004486112331168135,0.007681127529553189,0.009047350747521499,0.007407310867317163,0.006127991774439012,0.0047952051326517475,0.00814153935702,0.009163798569551407,0.007461361129750044,0.013713128808598873,0.005291698180657667,0.004317031357536694,0.004604663587834845,0.007232467080292904,0.007021458502437183,0.008342167665053246,0.007880007001800582
0.231,0.007306106325424511,0.009020600202662044,0.0045059786522834155,0.010733909302004907,0.004452412283157181,0.007617903247128188,0.008994065364257287,0.00735612331695723,0.006086828628658059,0.004758773407941286,0.008088638746515775,0.009109266102212299,0.007414303837400382,0.013631121548669856,0.00524191030826926,0.004284603709478696,0.004573039140282731,0.007174359679326114,0.006971377202031226,0.00829069575915109,0.007816216070103188
0.232,0.007255996720206032,0.008964279348941617,0.0044661697055018434,0.010673492737640622,0.004418984433197992,0.007555275647160853,0.008941185377004057,0.007305317279017065,0.00604593954785515,0.00472265171589048,0.008036171406540338,0.009055151995028932,0.007367650565395456,0.013549741084454059,0.005192641603197545,0.00425248410024992,0.004541712036627121,0.00711678547140826,0.00692169074823068,0.008239606246488895,0.007753003354289745
0.233,0.007206304691539739,0.00890844150640624,0.00442672450308379,0.01061351751654116,0.004385826598093279,0.007493238967006155,0.008888706739621721,0.007254889512648965,0.006005322396176904,0.004686836583119858,0.007984132761080787,0.009001452392075837,0.007321396798299573,0.01346898155780496,0.005143885910242063,0.004220668982302556,0.0045106782770165665,0.007059739128503217,0.006872395295919209,0.008188895831165444,0.007690362573686493
0.234,0.0071570260547171695,0.00885308205186841,0.004387639663487097,0.010553979127510993,0.004352936618699066,0.007431787500922882,0.008836625452020686,0.007204836812352733,0.005964975070265943,0.004651324594008854,0.007932518297866231,0.008948163483291083,0.0072755380750128,0.013388837180763558,0.005095637157726651,0.004189154852941579,0.004479933922661661,0.007003215381112815,0.006823487058799538,0.008138561255185528,0.00762828753784528
0.23500000000000001,0.007108156677403327,0.008798196409840142,0.0043489118408769345,0.010494873117835146,0.004320312359279099,0.007370915599157923,0.008784937559608186,0.007155156007299102,0.005924895498451099,0.004616112389535187,0.007881323567212606,0.008895281503598085,0.0072300699878594665,0.013309302234158493,0.005047889356250224,0.004157938253774418,0.004449475095084199,0.0069472090174022005,0.0067749623081574395,0.008088599297737309,0.007566772144949274
0.23600000000000002,0.007059692478730223,0.008743780051752026,0.004310537724470986,0.010436195092297762,0.004287951706902882,0.00731061766707819,0.008733639152744388,0.007105843960720781,0.005885081639958822,0.004581196666192056,0.007830544180836507,0.008842802732077826,0.007184988181727414,0.013230371066107471,0.0050006365974717415,0.004127015770131859,0.004419297975471581,0.00689171488236473,0.006726817371670912,0.008039006774450574,0.007505810380175948
0.23700000000000002,0.007011629428408367,0.008689828495131113,0.004272514037945596,0.010377940712234301,0.004255852570893559,0.00725088816430719,0.008682726366199711,0.007056897569246212,0.005845531484129252,0.004546574174875473,0.007780175810743528,0.008790723491116093,0.007140288353240987,0.013152038090704088,0.00495387305294559,0.0040963840305152655,0.004389398803933298,0.0068367278769448925,0.006679048632178497,0.007989780536698854,0.007445396314183839
0.23800000000000002,0.00696396354585786,0.008636337302890262,0.004234837538804603,0.010320105694571868,0.004224012882213746,0.007191721603870049,0.008632195378654894,0.007008313762316809,0.005806243049677473,0.0045122417198357745,0.007730214188107376,0.008739040145608001,0.00709596624993436,0.013074297786571654,0.004907592972930752,0.004066039706079438,0.00435977387882458,0.0067822429572445,0.006631652526547405,0.007940917470922626,0.007385524101551022
0.23900000000000002,0.006916690899360927,0.008583302082534106,0.004197505017789371,0.010262685810964789,0.004192430592945495,0.0071331125514388916,0.008582042412159208,0.006960089501602651,0.005767214383943786,0.004478196157599257,0.007680655102163092,0.008687749102142095,0.0070520176694702785,0.012997144695609308,0.004861790685289247,0.004035979510053855,0.0043304195560621705,0.0067282551337282115,0.0065846255445013435,0.00789241449793543,0.00732618797928597
0.24,0.006869807605227501,0.00853071848546938,0.004160513298295365,0.010205676886868242,0.004161103675717315,0.007075055624498949,0.008532263731651057,0.006912221780407846,0.005728443562189045,0.004444434395962649,0.007631494399158889,0.008636846808241172,0.00700843845886745,0.012920573421643766,0.004816460594336491,0.004006200197255394,0.004301332248412337,0.006674759470402192,0.006537964227513404,0.007844268572320345,0.00726738226533874
0.241,0.006823309826986435,0.008478582206289165,0.004123859235836136,0.010149074800661406,0.004130030123205675,0.0070175454916057145,0.008482855644455167,0.0068647076231527215,0.005689928686883339,0.004410953392960826,0.007582727981289006,0.008586329751593347,0.00696522451376913,0.012844578629199965,0.0047715971797650525,0.003976698563568193,0.004272508424819965,0.006621751084075256,0.006491665167699834,0.007796476681734221,0.007209101357164571
0.242,0.00677719377459175,0.008426888982111858,0.0040875397174661154,0.01009287548280935,0.0040992079475968835,0.00696057687166618,0.008433814499796188,0.006817544084805838,0.005651667887044853,0.004377750155889482,0.00753435180565587,0.008536194459281665,0.006922371777716152,0.012769155042252844,0.004727194995549078,0.003947471445411854,0.00424394460973887,0.0065692251436093585,0.006445725006759773,0.0077490358463707665,0.00715133973030202
0.243,0.006731455703638867,0.008375634591861525,0.004051551661263364,0.010037074915026145,0.004068635180109581,0.00690414453318744,0.008385136688324524,0.006770728250385716,0.005613659317546094,0.0043448217403063705,0.0074863618832793355,0.00848643749710154,0.0068798762414545855,0.012694297443040514,0.004683248668906681,0.00391851571926094,0.004215637382438353,0.0065171768691540954,0.00640014043489634,0.007701943118279875,0.0070940919369543165
0.244,0.006686091914613984,0.00832481485568859,0.004015892015837408,0.009981669129422666,0.004038309870502688,0.006848243293608558,0.008336818641666133,0.006724257234457354,0.005575901158517138,0.004312165249079847,0.007438754278077275,0.008437055468797361,0.006837733942240409,0.012620000670887532,0.004639752899257998,0.003889828301143594,0.004187583376330961,0.0064656015314571436,0.006354908189803887,0.007655195580860252,0.007037352604642888
0.245,0.006641098752145291,0.008274425634291815,0.00398055775978956,0.009926654207751628,0.00400823008659712,0.006792868018632214,0.008288856831925928,0.006678128180645726,0.005538391614661853,0.004279777831465603,0.007391525105926666,0.008388045015400025,0.006795940963229108,0.012546259621080136,0.004596702457180024,0.00386140614615893,0.004159779278280151,0.006414494451138619,0.006310025055659918,0.0076087903482409125,0.006981116434849888
0.246,0.006596472604271569,0.008224462828311907,0.003945545901245517,0.009872026280574708,0.003978393913844913,0.0067380136215485775,0.008241247771268001,0.0066323382611402915,0.005501128914685127,0.004247656682150325,0.007344670533669717,0.008339402814519947,0.006754493432787445,0.012473069243743251,0.004554092183431169,0.0038332462479810925,0.0041322218279606915,0.006363850998017728,0.006265487862104568,0.0075627245647469366,0.0069253782016994725
0.247,0.006552209901735728,0.008174922377744864,0.00391085347738962,0.009817781526540004,0.003948799454847052,0.006683675062614358,0.00819398801145299,0.006586884676277327,0.005464111310688358,0.004215799040349633,0.007298186778212923,0.008291125579688807,0.006713387523905268,0.012400424542760247,0.004511916987935405,0.0038053456383985163,0.0041049078171462305,0.006313666590410549,0.0062212934833290046,0.0075169954043711185,0.006870132750652291
0.248,0.006508307117292883,0.008125800261363447,0.0038764775540139906,0.009763916171591225,0.003919444828970331,0.0066298473484441844,0.008147074143416422,0.006541764654066751,0.005427337077577032,0.004184202188923569,0.007252070105600361,0.008243210059719619,0.006672619453601092,0.01232832057474631,0.00447017184883336,0.0037777013868264264,0.004077834089081578,0.006263936694505645,0.006177438837070004,0.007471600070254825,0.006815374997251489
0.249,0.006464760765019223,0.008077092496122762,0.003842415225039364,0.009710426488246049,0.0038903281718951632,0.006576525531412969,0.008100502796811626,0.006496975449791553,0.005390804512520719,0.0041528634535000775,0.007206316830099313,0.008195653038038264,0.006632185482333464,0.012256752448017938,0.00442885181149677,0.0037503105998631936,0.00405099753776339,0.006214656823691378,0.006133920883720001,0.007426535794164857,0.006761099925855607
0.25,0.006421567399650607,0.008028795136627576,0.0038086636121180684,0.009657308794876807,0.0038614476352356597,0.006523704709073486,0.00805427063961106,0.0064525143455459455,0.0053545119343898495,0.0041217802016088045,0.007160923313341061,0.008148451332089524,0.006592081913452508,0.012185715321597623,0.00438795198758779,0.0037231704208013916,0.004024395107312562,0.00616582253792175,0.006090736625409265,0.0073817998360019565,0.006707302588409458
0.251,0.0063787236159324415,0.007980904274600187,0.0037752198642079238,0.009604559454990613,0.0038328013861468335,0.006471380023590156,0.008008374377675986,0.006408378649885416,0.005318457683229139,0.004090949841826785,0.00711588596345758,0.008101601792721458,0.0065523050926237225,0.012115204404237967,0.004347467554134177,0.0036962780292137953,0.003998023791290217,0.006117429443101008,0.006047883105114615,0.007337389483338286,0.006653978103262959
0.252,0.006336226047979898,0.007933416038353847,0.0037420811571640122,0.009552174876555464,0.003804387606941906,0.006419546661231346,0.007962810754341798,0.006364565697408842,0.00528264011974755,0.004060369822956211,0.007071201234219782,0.008055101303573453,0.0065128514073484745,0.0120452149535194,0.004307393752593369,0.0036696306404380152,0.003971880632012148,0.006069473190482788,0.006005357405810208,0.007293302050937145,0.006601121653962205
0.253,0.006294071368650534,0.007886326592266513,0.003709244693330782,0.009500151511303567,0.0037762044947338147,0.006368199851780054,0.007917576550014016,0.00632107284838157,0.0052470576247996,0.004030037633201422,0.0070268656242337135,0.00800894678052122,0.006473717286407554,0.011975742274903611,0.004267725887963425,0.003643225505187253,0.003945962719918428,0.0060219494760714865,0.005963156649591017,0.007249534880301778,0.006548728488099842
0.254,0.006252256288943292,0.007839632136304564,0.003676707701203208,0.009448485854082866,0.00374825026109582,0.006317334868095381,0.007872668581765718,0.0062778974883656025,0.005211708598910514,0.003999950799386531,0.006982875676116884,0.007963135171104252,0.006434899199399324,0.011906781720878223,0.00422845932785032,0.0036170599090759037,0.00392026719288463,0.005974854040030175,0.005921277996874363,0.0072060853392389435,0.0064967939162026145
0.255,0.006210777557386288,0.007793328905523977,0.003644467435001353,0.009397174442190681,0.0037205231316964626,0.006266947025567404,0.007828083702935973,0.006235037027888524,0.005176591461802271,0.003970106886134417,0.006939227975695683,0.007917663453959833,0.0063963936562275725,0.011838328690065625,0.004189589501622404,0.0035911311721955608,0.0038947912355504766,0.005928182666119497,0.005879718645575571,0.007162950821411718,0.006445313310560752
0.256,0.006169631959463534,0.0077474131696024795,0.0036125211743509578,0.009346213854752983,0.0036930213460122374,0.006217031681652774,0.007783818802744813,0.006192488902062476,0.005141704651925538,0.003940503495121428,0.006895919151260532,0.007872528638293796,0.006358197206652205,0.01177037862643604,0.004151111899498683,0.0035654366486489453,0.0038695320786775733,0.005881931181139,0.005838475830305168,0.007120128745943366,0.006394282104189686
0.257,0.006128816317039015,0.0077018812323994545,0.00358086622393583,0.009295600712091567,0.0036657431569756538,0.00616758423540531,0.007739870805902993,0.006150250570282734,0.005107046626016465,0.0039111382643026715,0.006852945872773852,0.007827727763366044,0.006320306439821954,0.01170292701846054,0.004113022071701611,0.003539973726159884,0.003844486998472618,0.005836095454372803,0.005797546821627142,0.007077616557005784,0.006343695789705395
0.258,0.0060883274877893525,0.0076567294314695555,0.003549499913136467,0.009245331675092339,0.0036386868307044518,0.006118600127028695,0.007696236672219858,0.006108319515884197,0.005072615858663365,0.0038820088671760455,0.006810304851146198,0.00778325789795431,0.00628271798385327,0.011635969398330115,0.004075315627591114,0.0035147398255991336,0.003819653315913163,0.005790671397050362,0.005756928925272797,0.00703541172340727,0.006293549918294339
0.259,0.006048162364669612,0.0076119541376707955,0.0035184195957367326,0.009195403444646866,0.0036118506461897404,0.006070074837443595,0.0076529133962539575,0.00606669324583331,0.00503841084188239,0.0038531130120387225,0.006767992837505177,0.0077391161398782105,0.006245428505372463,0.011569501341232802,0.004037988234818601,0.0034897324005936925,0.0037950283961193376,0.005745654961843094,0.005716619481408447,0.006993511738230596,0.00624384009869372
0.26,0.0060083178753624735,0.0075675517547152404,0.003487622649573696,0.009145812761021443,0.0035852328950363166,0.006022003887838356,0.007609898006891269,0.006025369290426519,0.005004430084713518,0.0038244484412804924,0.006726006622484015,0.007695299615500195,0.006208434709113808,0.011503518464572982,0.004001035618507176,0.0034649489370790487,0.003770609647676948,0.005701042142322477,0.005676615863934864,0.006951914118436209,0.006194561996124892
0.261,0.005968790981757588,0.007523518718745792,0.003457106476248417,0.00909655640331719,0.0035588318811698993,0.0059743828392814224,0.007567187567027678,0.00598434520298563,0.004970672112811436,0.0037960129306692236,0.006684343035512685,0.007651805479248819,0.006171733337514973,0.011438016427280928,0.003964453560387549,0.0034403869528825126,0.003746394521970897,0.005656828972460559,0.005636915479762639,0.0069106164045190654,0.006145711331354442
0.262,0.005929578679441827,0.007479851497969037,0.003426868500852054,0.009047631188872751,0.0035326459206211913,0.005927207292308778,0.007524779173156637,0.005943618559576924,0.004937135468073395,0.0037678042886737373,0.006642998944171641,0.0076086309131616625,0.006135321170304686,0.011372990929124138,0.003928237898006781,0.003416043997324536,0.0037223805125405907,0.005613011526151235,0.005597515768123618,0.0068696161601364825,0.006097283879686666
0.263,0.005890677997187782,0.007436546592235915,0.0033969061716325744,0.008999033972733828,0.0035066733412304485,0.005880472886523491,0.007482669955034216,0.005903186958733042,0.004903818708258956,0.0037398203557520437,0.006601971253490824,0.007565773126446795,0.006099195024144466,0.011308437710031427,0.0038923845239120514,0.0033919176507767324,0.003698565154428235,0.005569585916708308,0.005558414199921535,0.0068289109717689644,0.006049275469991788
0.264,0.005852085996462924,0.0073936005326507015,0.0033672169597599444,0.008950761647090744,0.0034809124824599635,0.005834175300237554,0.0074408570753130565,0.005863048021174433,0.004870720406617179,0.0037120590037187373,0.00656125690531395,0.0075232293550095974,0.006063351752218726,0.01124435254943601,0.0038568893848341945,0.0033680055242722995,0.0036749460235200315,0.005526548296396205,0.005519608277053667,0.006788498448384028,0.006001681983797469
0.265,0.005813799770950584,0.007351009881232495,0.0033377983590171523,0.00890281114076552,0.003455361695140713,0.005788310250090745,0.007399337729181221,0.005823199389556,0.004837839151545342,0.0036845181350697587,0.0065208528776790065,0.007480996861073508,0.006027788243888943,0.011180731265672206,0.0038217484809155433,0.0033443052590709232,0.003651520735906355,0.0054838948559665646,0.005481095531786329,0.006748376221106134,0.00595449935434722
0.266,0.005775816446072018,0.007308771230521982,0.0033086478855742785,0.00885517941866587,0.0034300193412507562,0.005742873490687694,0.007358109144018021,0.005783638728198981,0.004805173546243768,0.0036571956823532314,0.006480756184165326,0.007439072932732049,0.005992501424343488,0.0111175697153586,0.0037869578649057933,0.0033208145262960675,0.0036282869472195056,0.005441621824188059,0.005442873526124714,0.006708541942898938,0.005907723565693246
0.267,0.005738133178529193,0.007266881203251474,0.0032797630777240405,0.008807863481284262,0.003404883793753366,0.005697860814266487,0.0073171685790395236,0.0057443637228570266,0.004772722208378877,0.0036300896075271982,0.0064409638733214924,0.00739745488354937,0.00595748825421949,0.01105486379280618,0.003752513641389399,0.0032975310264934388,0.0036052423520125387,0.005399725467418515,0.005404939851208601,0.00666899328826176,0.005861350651820807
0.268,0.00570074715584259,0.007225336451979425,0.003251141495613563,0.008760860364197542,0.003379953436355776,0.005653268050341609,0.007276513324943945,0.0057053720804456365,0.004740483769757109,0.0036031979013561033,0.006401473028054161,0.0073561400521798825,0.005922745729282863,0.010992609429456457,0.0037184119660106374,0.0032744524892407423,0.0035823846830937978,0.005358202089150943,0.00536729212671716,0.0066297279529135,0.005815376695760932
0.269,0.005663655595916817,0.007184133658771463,0.003222780721049978,0.008714167137570783,0.0033552266633521954,0.005609091065387095,0.007236140703587135,0.005666661528845984,0.004708456876018952,0.003576518582779742,0.0063622807650385305,0.0073151258019832355,0.005888270880080926,0.01093080259334056,0.0036846490447377533,0.0032515766727607698,0.003559711710910851,0.005317048029569449,0.005329928000288531,0.006590743653496989,0.005769797828765411
0.27,0.005626855746601983,0.00714326953485267,0.0031946783572266435,0.008667780905661004,0.003330701879426634,0.005565325762511342,0.0071960480676391825,0.005628229816638353,0.0046766401863365115,0.0035500496983584817,0.006323384234190876,0.007274409520630631,0.005854060771632086,0.010869439288546778,0.0036512211330762545,0.003228901363532044,0.0035372212429028993,0.005276259665168981,0.005292845146960046,0.00655203812731453,0.005724610229433713
0.271,0.005590344885267995,0.007102740820324582,0.003166832028526856,0.008621698806345335,0.0033063774995067963,0.005521968081142026,0.007156232800234363,0.005590074712894633,0.004645032373109759,0.0035237893216591987,0.006284780618082353,0.00723398861979252,0.005820112503080566,0.010808515554709852,0.003618124535342937,0.0032064243758775923,0.0035149111228885976,0.005235833408292145,0.005256041268609568,0.0065136091320210365,0.005679810122919182
0.272,0.005554120318387068,0.0070625442838173624,0.0031392393803009178,0.008575918010675032,0.0032822519486007673,0.005479013996720128,0.00711669231463985,0.005552194006962496,0.0046136321216720955,0.0034977355526872866,0.006246467131423072,0.007193860534736141,0.0057864232074023025,0.010748027466512822,0.0035853556039150414,0.0031841435515981287,0.0034927792304128014,0.00519576570674074,0.005219514093434574,0.006475454445368789,0.005635393780121012
0.273,0.005518179381127986,0.007022676722216681,0.003111898078654529,0.008530435722387764,0.0032583236616238187,0.0054364595204177135,0.007077424053931747,0.005514585508244574,0.00458243813001602,0.0034718865173446467,0.006208441020522648,0.007154022724016107,0.0057529900510879806,0.010687971133223728,0.003552910738523929,0.003162056759579035,0.003470823480152041,0.005156053043393838,0.005183261375406811,0.00643757186492977,0.0055913575168863305
0.274,0.005482519436954358,0.0069831349603464155,0.0030848058102357356,0.008485249177461407,0.0032345910832909386,0.005394300698826959,0.007038425490677791,0.005477247045983846,0.004551449108549543,0.0034462403668640285,0.006170699562784376,0.007114472669135008,0.005719810233839384,0.0106283426982271,0.003520786385510122,0.003140161895416105,0.003449041821285026,0.005116691935773576,0.005147280893784578,0.00639995920784675,0.005547697693248477
0.275,0.005447137877234887,0.006943915850696425,0.003057960282049965,0.008440355643685615,0.0032110526679662854,0.005352533613690813,0.006999694126577083,0.005440176469076907,0.004520663779783662,0.0034207952772923322,0.006133240066207635,0.007075207874225109,0.005686880988262755,0.010569138338588746,0.0034889790371188667,0.0031184568810367352,0.0034274322368854637,0.005077678935701879,0.005111570452605241,0.006362614310578829,0.005504410712667385
0.276,0.005412032120858723,0.006905016273145326,0.0030313592212670715,0.008395752420215175,0.0031877068795259644,0.005311154381628436,0.006961227492167876,0.005403371645869681,0.004490080878115421,0.003395549448931501,0.006096059868898274,0.007036225865729051,0.005654199579595898,0.010510354264625432,0.0034574852308121296,0.0030969396643203417,0.003405992743312325,0.005039010628893337,0.0050761278801909615,0.006325535028651075,0.005461493021279185
0.277,0.005377199613861494,0.006866433134669725,0.003005000375017497,0.008351436837156556,0.0031645521912638808,0.0052701591538586445,0.006923023146497509,0.005366830463945038,0.00445969914956057,0.003370501105863455,0.0060591563385956615,0.006997524192109972,0.005621763305399208,0.010451986719495876,0.003426301548534738,0.00307560821874453,0.0033847213896119888,0.005000683634601266,0.005040951028709939,0.0062887192364106115,0.005418941107183217
0.278,0.005342637829055863,0.006828163369105189,0.002978881510233733,0.00830740625512938,0.003141587085765396,0.0052295441159389,0.00688507867679633,0.005330550829967584,0.004429517351515089,0.0033456484954139665,0.006022526872194733,0.006959100423543196,0.005589569495287883,0.010394031978796736,0.003395424616073228,0.0030544605430055105,0.0033636162569163908,0.0049626946052399035,0.005006037773670369,0.006252164826803686,0.005376751499720056
0.279,0.005308344265671489,0.006790203936854922,0.0029530004134561416,0.008263658064856405,0.0031188100548030784,0.005189305487509843,0.0068473916981787175,0.005294530669459063,0.004399534252523041,0.003320989887679593,0.005986168895318,0.006920952151648341,0.0055576155106223935,0.010336486350190022,0.0033648511023377514,0.0030334946606667135,0.0033426754578724793,0.004925040226026023,0.004971386013510104,0.006215869711143407,0.005334920768773732
0.28,0.005274316449006505,0.006752551824679154,0.002927354890663647,0.008220189686784618,0.0030962195992363384,0.005149439522048493,0.006809959853319447,0.005258767926648034,0.004369748632048753,0.0032965235750278543,0.005950079861854363,0.006883076989194992,0.0055258987442823315,0.010279346173032944,0.0033345777187118175,0.0030127086197879738,0.00332189713603237,0.004887717214639098,0.004936993669145462,0.006179831818889925,0.005293445524102491
0.281,0.005240551930074655,0.006715204045406931,0.002901942767117194,0.00817699857064691,0.0030738142289354897,0.005109942506603904,0.006772780812138279,0.005223260564263921,0.004340159280240341,0.0032722478716474823,0.005914257253547217,0.006845472569852795,0.00549441662033312,0.010222607818021645,0.0033046012183769458,0.002992100492594685,0.003301279465290907,0.0048507223208640315,0.004902858683543232,0.0061440490974189466,0.005252322414649124
0.28200000000000003,0.005207048285276178,0.00667815763772639,0.0028767618871785583,0.008134082195108472,0.003051592462685382,0.005070810761581779,0.006735852271514631,0.005188006563386582,0.0043107649977539575,0.00324816111305426,0.005878698579547148,0.006808136547918786,0.005463166593798863,0.010166267686851471,0.003274918395684945,0.002971668375096548,0.0032808206493266656,0.004814052326253093,0.004868979021321773,0.006108519511832666,0.0052115481279015885
0.28300000000000003,0.005173803116057379,0.006641409665939291,0.0028518101141637997,0.008091438067359347,0.003029552828104687,0.005032040640489122,0.006699171954947736,0.005153003923257571,0.004281564595479681,0.0032242616556763526,0.005843401376035229,0.0067710665980765805,0.005432146150377348,0.010110322211879907,0.003245526085476458,0.0029514103867782637,0.0032605189210036523,0.004777704043787745,0.004835352668329573,0.00607324104473872,0.005171119389246526
0.28400000000000003,0.00514081404859128,0.006604957219736307,0.0028270853301833876,0.00804906372273917,0.003007693861574179,0.004993628529702088,0.006662737612293301,0.005118250661113932,0.0042525568944004055,0.003200547876374138,0.005808363205804468,0.006734260415133919,0.005401352806179038,0.010054767855835256,0.003216421162466676,0.0029313246702272755,0.0032403725418560514,0.004741674317562672,0.004801977631268217,0.006038211696042017,0.005131032961333104
0.28500000000000003,0.005108078733458277,0.006568797413971539,0.0028025854359989832,0.008006956724371683,0.002986014108181112,0.004955570848261925,0.00662654701943699,0.005083744812030111,0.004223740725350367,0.003177018172047741,0.0057735816578761145,0.006697715713800623,0.0053707841074516205,0.009999601111465806,0.003187600540618174,0.0029114093908081395,0.003220379801512241,0.004705960022450939,0.004768851937285379,0.0060034294827762125,0.005091285643469834
0.28600000000000003,0.0050755948453360955,0.006532927388448018,0.002778308350856906,0.00796511466281169,0.002964512121642726,0.004917864047608078,0.00659059797800543,0.005049484428746531,0.004195114928847388,0.003153670959170074,0.005739054347124406,0.006661430228470322,0.005340437630353301,0.009944818501299246,0.003159061172523847,0.002891662736340894,0.0032005390171488957,0.0046705580637818045,0.004735973633643198,0.005968892438879769,0.005051874271019385
0.28700000000000003,0.0050433600826918275,0.006497344307717534,0.0027542520123636782,0.007923535155641814,0.002943186464252623,0.004880504611405434,0.006554888315069118,0.00501546758150917,0.004166678354888265,0.0031305046734199093,0.0057047789138917615,0.0066254017129743215,0.005310310980650379,0.009890416577330696,0.0031308000487775267,0.0028720829167561135,0.003180848532980729,0.004635465377051395,0.004703340787319266,0.005934598615031872,0.005012795714804952
0.28800000000000003,0.005011372167483907,0.006462045360844604,0.002730414376324264,0.00788221584717419,0.0029220357068391323,0.004843489055296302,0.006519415882851987,0.00498169235790924,0.0041384298627716865,0.0031075177692415634,0.005670753023665265,0.006589627940374099,0.0052804017935002,0.009836391920741372,0.003102814197407211,0.002852668163786154,0.0031613067197066025,0.004600678927585866,0.004670951484668229,0.005900546078450808,0.004974046880539373
0.289,0.004979628844872785,0.006427027761248039,0.0027067934166224994,0.007841154408072093,0.0029010584287031405,0.0048068139267107846,0.006484178558454179,0.004948156862751185,0.004110368320931257,0.0030847087194716405,0.005636974366685199,0.006554106702762352,0.005250707733171267,0.00978274114166311,0.0030751006832551164,0.002833416730627425,0.0031419119740012658,0.004566195710262844,0.0046388038310739566,0.005866732912738204,0.0049356247082501525
0.29,0.004948127882924441,0.00639228874645692,0.002683387125078207,0.007800348535002333,0.002880253217580342,0.0047704758046276385,0.006449174243526978,0.004914859217857281,0.004082492606733434,0.003062076014948678,0.005603440657615533,0.006518835811055723,0.005221226492801212,0.009729460878909246,0.0030476566073989186,0.002814326891644403,0.0031226627180159783,0.004532012749192238,0.004606895950629908,0.005833157217673524,0.0048975261717403296
0.291,0.004916867072342379,0.006357825577968046,0.002660193511300424,0.007759795950331938,0.0028596186696157044,0.00473447129940574,0.006414400864036662,0.00488179756194751,0.004054801606331426,0.0030396181641465514,0.005570149635233057,0.006483813094792512,0.005191955794141445,0.009676547799733481,0.003020479106603302,0.0027953969420506652,0.0031035573988427156,0.0044981270974530085,0.0045752259857893,0.005799817109078842,0.0048597482780452506
0.292,0.004885844226182196,0.006323635541013672,0.002637210602588258,0.007719494401758231,0.002839153389303073,0.0046987970525563805,0.006379856369953196,0.004848970050490231,0.004027294214507315,0.003017333692779567,0.005537099062073114,0.006449036401954711,0.0051628933873166805,0.009623998599598282,0.002993565352725991,0.002776625197613014,0.0030845944880462106,0.0044645358367758625,0.0045437920970641255,0.005766710718632995,0.004822288066892999
0.293,0.004855057179585032,0.006289715944409413,0.0026144364437693524,0.007679441662019837,0.0028188559894797294,0.004663449736546754,0.006345538734969791,0.004816374855533323,0.003999969334491427,0.002995221143482829,0.005504286724123286,0.006414503598780041,0.005134037050562035,0.009571810001959946,0.0029669125521796236,0.0027580099943349534,0.0030657724811735676,0.0044312360772634785,0.004512592462713183,0.005733836193710373,0.00478514261019769
0.294,0.004824503789509649,0.006256064120367277,0.0025918690970849756,0.007639635528542521,0.0027987250912908657,0.004628426054605561,0.006311445956233008,0.004784010165581831,0.0039728258778097825,0.0029732790754414262,0.0054717104305149755,0.006380212569566335,0.005105384589977224,0.009519978758021685,0.002940517945387411,0.0027395496881651438,0.0030470898972456695,0.004398224957141594,0.0044816252784321,0.005701191697222163,0.004748309011561425
0.295,0.004794181934479225,0.0062226774243160365,0.0025695066420798884,0.007600073823160969,0.0027787593241500597,0.0045937227405302705,0.006277576054076861,0.00475187418543388,0.003945862764134778,0.0029515060640545876,0.005439368013222201,0.00634616121653786,0.005076933839293418,0.009468501646548222,0.0029143788062314657,0.0027212426547255086,0.003028545278325634,0.004365499642449366,0.0044508887570823275,0.0056687754074675745,0.004711784405763586
0.296,0.004764089514322644,0.006189553234726031,0.0025473471754584587,0.0075607543917791675,0.0027589573257413846,0.004559336558490834,0.006243927071739597,0.004719965136049442,0.003919078921158614,0.002929900700603172,0.005407257326769277,0.00631234745964282,0.0050486826596163326,0.009417375473670941,0.0028884924415485402,0.002703087289009032,0.003010137189028872,0.0043330573267776895,0.0044203811283842764,0.0056365855179825175,0.004675565958275896
0.297,0.004734224449924595,0.006156688952957623,0.0025253888109773026,0.007521675104085412,0.0027393177419918757,0.004525264302833731,0.006210497075089583,0.004688281254418891,0.0038924732844083376,0.002908461591920708,0.005375376247945152,0.006278769236401471,0.0050206289391774295,0.009366597072661076,0.002862856190600227,0.0026850820050915436,0.002991864216080553,0.004300895231022728,0.00439010063864409,0.005604620237375291,0.004639650864808886
0.298,0.004704584682983353,0.0061240820030754595,0.0025036296793280455,0.007482833853244775,0.002719839227056542,0.004491502797909441,0.006177284152373952,0.004656820793399463,0.0038660447971241574,0.0028871873601004072,0.00534372267550931,0.006245424501765684,0.004992770593096663,0.009316163303770497,0.002837467424564921,0.0026672252358715953,0.002973724967855751,0.004269010603087042,0.004360045550493741,0.005572877789205233,0.004604036350834395
0.299,0.004675168175767702,0.006091729831722681,0.0024820679280037616,0.0074442285555996746,0.0027005204433012686,0.004458048897862499,0.00614428641392939,0.004625582021587471,0.0038397924101361003,0.002866076642159099,0.0053122945299323154,0.006212311227942857,0.0049651055631357854,0.009266071054037872,0.00281232354603167,0.0026495154327919046,0.002955718073950009,0.004237400717652662,0.004330214142614475,0.005541356411822629,0.00456871967113992
0.3,0.004645972910890339,0.006059629907923747,0.0024607017212088245,0.007405857150396655,0.0026813600613069255,0.004424899486465517,0.006111501991959756,0.004594563223203507,0.003813715081720459,0.0028451280897605624,0.005281089753131907,0.0061794274042547,0.004937631817464427,0.00921631723710803,0.0027874219885271057,0.00263195106558034,0.002937842184755679,0.004206062875923289,0.004300604709486122,0.00551005435824814,0.00453369810938109
0.301,0.004616996891066016,0.006027779722948434,0.002439529239718796,0.0073677175994850685,0.0026623567598458298,0.004392051476926007,0.00607892904023466,0.0045637626979160295,0.0037878117774561293,0.002824340368908995,0.005250106308210212,0.0061467710370102235,0.0049103473503907535,0.00916689879308108,0.00276276021603028,0.0026145306219634845,0.0029200959710340424,0.0041749944053462995,0.0042712155611439595,0.005478969896012265,0.00449896897765778
0.302,0.004588238138891243,0.005996176790169949,0.0024185486807827283,0.007329807887043072,0.0026435092258936255,0.00435950181171374,0.006046565733857534,0.004533178760736445,0.003762081470105816,0.0028037121596704573,0.0052193421791806305,0.006114340149350417,0.004883250182151855,0.00911781268831513,0.002738335722482055,0.002597252607440814,0.002902478123489316,0.004144192659398693,0.004242045022922358,0.005448101307043318,0.004464529616076907
0.303,0.004559694696624617,0.0059648186448995055,0.0023977582580044787,0.007292126019307288,0.0026248161545978643,0.00432724746236246,0.006014410269007842,0.004502809741878222,0.003736523139508341,0.0027832421559033094,0.005188795370750676,0.006082132781109473,0.004856338358654622,0.009069055915303492,0.0027141460313554466,0.0025801155450210222,0.0028849873523812963,0.0041136550173196396,0.0042130914352207505,0.005417446887536315,0.004430377392370288
0.304,0.00453136462596429,0.005933702844253763,0.0023771562012436798,0.007254670024288257,0.0026062762493085367,0.004295285429296802,0.005982460862681838,0.004472653986621555,0.0037111357724317617,0.0027629290649836546,0.0051584639080543004,0.006050146988698213,0.004829609951227387,0.009020625492494605,0.0026901886951665732,0.002563117974968221,0.002867622387126012,0.0040833788838843255,0.004184353153288467,0.00538700494780886,0.004396509701458995
0.305,0.004503246007834577,0.005902826966993957,0.0023567407564759613,0.007217437951503647,0.002587888221563528,0.004263612741677858,0.0059507157524552046,0.004442709855175475,0.003685918362467455,0.0027427716075352215,0.005128345836436621,0.0060183808449737475,0.004803063056392776,0.008972518464145707,0.002666461295052658,0.0025462584545524747,0.002850381975897487,0.004053361689162038,0.0041558285469733836,0.005356773812190352,0.00436292396506599
0.306,0.004475336942182895,0.0058721886134127654,0.0023365101857177883,0.007180427871741113,0.0025696507910758504,0.004232226457177801,0.005919173196215377,0.004412975722564272,0.0036608699099299757,0.0027227685171959948,0.005098439221197126,0.0059868324391143535,0.004776695795621788,0.00892473190018439,0.00264296144033882,0.002529535557854512,0.002833264885259479,0.004023600888270584,0.0041275160005193046,0.005326751818908626,0.004329617631357974
0.307,0.004447635547764927,0.005841785405166333,0.002316462766905558,0.007143637876759645,0.0025515626857615104,0.00420112366184644,0.005887831471947047,0.004383449978482612,0.003635989421714836,0.0027029185403401046,0.005068742147385397,0.005955499876481585,0.0047505063150955484,0.00887726289607127,0.002619686768088658,0.0025129478754687407,0.0028162698997737934,0.003994093961169898,0.004099413912357797,0.005296937319942074,0.004296588174539706
0.308,0.004420139961948305,0.0058116149851593635,0.0022965967937698117,0.007107066079075408,0.002533622641723854,0.0041703014699091545,0.005856688877459826,0.004354131027175856,0.0036112759112063575,0.0026832204358792078,0.005039252719570841,0.0059243812785376715,0.004724492785454171,0.008830108572639883,0.002596634942711118,0.0024964940143288317,0.0027993958216675496,0.003964838412407801,0.004071520694877484,0.005267328680923167,0.004263833094488745
0.309,0.004392848340509475,0.00578167501739435,0.002276910575756408,0.0070707106116651985,0.002515829403265002,0.00413975702360847,0.005825743730170974,0.004325017287290622,0.003586728398181638,0.0026636729749786037,0.005009969061624764,0.005893474782694197,0.00469865340155895,0.008783266075975016,0.002573803655528506,0.0024801725974453737,0.0027826414704510416,0.0039358317709188295,0.0040438347742379754,0.00523792428102543,0.004231349916418159
0.31,0.004365758857445329,0.005751963186856335,0.0022574024378884117,0.00703456962776805,0.002498181722893511,0.00410948749301121,0.005794994366864148,0.0042961071917861915,0.003562345908675324,0.00264427494087327,0.004980889316510306,0.005862778542240044,0.004672986382267763,0.00873673257730001,0.0025511906243890214,0.0024639822637242403,0.00276600568256824,0.0039070715897834285,0.004016354590169469,0.005208722512830777,0.004199136190506825
0.311,0.004338869704775627,0.005722477199362919,0.0022380707207019235,0.0069986413006075665,0.0024806783613147143,0.004079490075852288,0.005764439143444378,0.004267399187763199,0.003538127474914221,0.0026250251286114024,0.004952011646073506,0.005832290726193623,0.004647489970181273,0.0086905052728119,0.002528793593277179,0.002447921667720565,0.0027494873110756046,0.0038785554460211147,0.003989078595786344,0.005179721782235247,0.004167189491563583
0.312,0.004312179092355778,0.005693214781452127,0.0022189137800930903,0.006962923823162992,0.0024633180874744642,0.004049761997345969,0.005734076434716573,0.004238891736369821,0.003514072135192281,0.002605922344874445,0.004923334230838683,0.005802009519231377,0.004622162431403343,0.008644581383570049,0.002506610331900916,0.0024319894794362362,0.0027330852252933635,0.00385028094036588,0.003962005257364565,0.005150920508336765,0.004135507418692619
0.313,0.004285685247694548,0.005664173680240969,0.0021999299872472733,0.006927415407947057,0.0024460996785085065,0.00402030051002622,0.005703904634151713,0.004210583312662219,0.003490178933789334,0.002586965407732178,0.004894855269820697,0.005771933121558881,0.004597002055303112,0.008598958155388137,0.0024846386353553074,0.002416184384120945,0.002716798310493873,0.0038222456970593566,0.003935133054209117,0.005122317123318565,0.004104087594957506
0.314,0.0042593864157677245,0.005635351663314636,0.002181117728514259,0.00689211428674219,0.002429021919807539,0.003991102893558196,0.005673922153663913,0.004182472405476867,0.003466446920861954,0.00256815314647163,0.0048665729803110125,0.0057420597488246905,0.00457200715427275,0.008553632858700144,0.0024628763237128926,0.0024005050820635754,0.002700625467555784,0.003794447363632325,0.003908460478437514,0.005093910072348162,0.004072927667084447
0.315,0.004233280858843702,0.0056067465185895005,0.002162475405310116,0.006857018710403784,0.0024120836049893457,0.003962166454573146,0.0056441274233776095,0.004154557517309421,0.003442875152374847,0.002549484401369262,0.004838485597697728,0.00571238763201698,0.004547176063506186,0.008508602788431463,0.002441321241694272,0.002384950288405685,0.002684565612693146,0.003766883610713978,0.003881986034811047,0.005065697813481429,0.0040420253051250965
0.316,0.004207366856305789,0.005578356054189437,0.00214400143402238,0.00682212694863904,0.0023952835359091207,0.003933488526500217,0.005614518891412068,0.004126837164194486,0.0034194626899809455,0.002530958023537533,0.004810591375284168,0.005682915017364953,0.004522507140728771,0.008463865263900083,0.002419971258297182,0.00236951873291813,0.002668617677125451,0.0037395521317977742,0.0038557082405856757,0.005037678817555902,0.004011378202172455
0.317,0.004181642704474908,0.005550178098328806,0.0021256942458736106,0.0067874372897396285,0.002378620522678787,0.003905066469383822,0.005585095023664,0.004099309875568058,0.0033962086009695636,0.002512572874690866,0.0047828885840812685,0.0056536401662473645,0.004497998765990996,0.008419417628693915,0.002398824266454991,0.0023542091598647286,0.002652780606780092,0.0037124506430684656,0.003829625625307864,0.00500985156806899,0.0039809840740423486
0.318,0.0041561067164465944,0.005522210499198321,0.0021075522868638785,0.0067529480404106,0.0023620933836711044,0.0038768976697179935,0.005555854303581187,0.004071974194167494,0.0033731119581443814,0.002494327827006426,0.004755375512660809,0.005624561355102475,0.004473649341401931,0.008375257250543666,0.002377878182693638,0.0023390203277632304,0.0026370533620247993,0.003685576883171726,0.0038037367306807957,0.004982214561119358,0.003950840659008081
0.319,0.00413075722191561,0.005494451124821831,0.002089574017611451,0.006718657525545235,0.0023457009455201128,0.0038489795402675275,0.005526795231944215,0.004044828675872747,0.003350171839773708,0.002476221762934827,0.004728050466939804,0.005595676875329358,0.004449457290912839,0.00833138152124302,0.0023571309468066737,0.0023239510092314397,0.002621434917362442,0.0036589286130332965,0.003778040110408387,0.0049547663052638136,0.003920945717489466
0.32,0.004105592567017441,0.0054668978629695,0.0020717579133007202,0.006684564088007883,0.002329442043132013,0.0038213095199026714,0.005497916326672514,0.004017871889628655,0.0033273873294845657,0.002458253575014613,0.0047009117700396175,0.005566985033205518,0.004425421060064383,0.008287787856489537,0.002336580521526188,0.0023089999908101344,0.0026059242611679023,0.003632503615669802,0.003752534330004109,0.004927505321460801,0.0038912970317976914
0.321,0.004080611114160004,0.0054395486210052635,0.0020541024635469807,0.006650666088419466,0.0023133155196871646,0.003793885073410941,0.005469216122591547,0.0039911024172828435,0.003304757516204404,0.0024404221657345904,0.004673957762093117,0.0055384841497904125,0.004401539115761577,0.00824447369581871,0.002316224892212837,0.0022941660727747726,0.002590520395417184,0.0036062996959681515,0.003727217966683849,0.004900430142946166,0.003861892405850109
0.322,0.004055811241868568,0.005412401325799232,0.0020366061722865147,0.006616961904965302,0.002297320226664068,0.003766703691349349,0.0054406931712368545,0.003964518853484922,0.0032822814940602907,0.00242272644735797,0.004647186800086134,0.005510172560851845,0.004377809946028988,0.008201436502478399,0.002296062066532656,0.002279448068984835,0.0025752223354300607,0.0035803146805248875,0.0037020896091903843,0.0048735393151499995,0.003832729664908663
0.323,0.0040311913446227365,0.00538545392358647,0.0020192675577057617,0.006583449933188268,0.0022814550238121623,0.0037397628898476754,0.005412346040653215,0.003938119805558138,0.003259958362339832,0.0024051653417545005,0.0046205972576821575,0.005482048616768043,0.004354232059770036,0.008158673763300484,0.0022760900741617407,0.002264844806701416,0.0025600291096014027,0.0035545464174294716,0.0036771478576539396,0.004846831395606377,0.0038038066553336414
0.324,0.004006749832702489,0.005358704379867518,0.002002085152099764,0.006550128585789516,0.002265718779185133,0.0037130602104442634,0.005384173315170049,0.003911903893390134,0.0032377872253741558,0.002387737780278676,0.004594187525073901,0.005454110682447277,0.004330803986536513,0.00811618298862038,0.0022563069664858215,0.002250355126432124,0.002544939759167586,0.00352899277608254,0.003652391323449078,0.004820304953852328,0.0037751212443030147
0.325,0.00398248513203644,0.005332150679287606,0.0019850575017851257,0.006516996292437405,0.002250110369131475,0.0036865932199054985,0.005356173595211455,0.003885869749287063,0.0032157671925040487,0.0023704427036013165,0.004567956008808105,0.005426357137253368,0.004307524276301322,0.008073961712156907,0.0022367108163074967,0.0022359778817713227,0.002529953337947588,0.003503651647028816,0.0036278186290726877,0.004793958571344126,0.003746671319586059
0.326,0.00395839568404957,0.005305790825515411,0.0019681831670046446,0.0064840514995668785,0.0022346286782987113,0.003660359510071376,0.005328345497105813,0.0038600160178787757,0.0031938973779966906,0.0023532790615791166,0.004541901131632109,0.005398786374905207,0.004284391499205786,0.008032007490899162,0.0022172997175703424,0.00222171193924503,0.0025150689121199443,0.0034785209417393936,0.003603428407981557,0.004767790841367248,0.003718454789308212
0.327,0.00393447994550894,0.005279622841133813,0.001951460721789089,0.006451292670196951,0.00221927259963417,0.0036343566976486663,0.005300687652868397,0.0038343413559932538,0.0031721769009717127,0.0023362458131045427,0.004516021332340636,0.005371396803417139,0.004261404245334943,0.007990317904996602,0.0021980717850682563,0.0022075561781431663,0.00250028555997861,0.0034535985924659673,0.0035792193044764664,0.004741800368927684,0.0036904695816887267
0.328,0.0039107363883857495,0.005253644767529098,0.0019348887539005766,0.006418718283743963,0.002204041034410742,0.003608582424054263,0.005273198710028959,0.0038088444325212745,0.0031506048853475743,0.002319341925983487,0.004490315065625028,0.0053441868449981556,0.004238561124473961,0.00794889055767145,0.0021790251541707883,0.0021935094903997587,0.002485602371718132,0.003428882552029777,0.003555189973573847,0.004715985770706199,0.003662713644827953
0.329,0.003887163499700347,0.005227854664773046,0.0019184658646774766,0.006386326835826295,0.002188932892170481,0.003583034355260417,0.0052458773314101315,0.0037835239283174893,0.0031291804597594064,0.0023025663767987092,0.004464780801905821,0.005317154935984281,0.004215860765890089,0.007907723075089801,0.0021601579805764493,0.0021795707804243003,0.0024710184492084952,0.0034043707936618484,0.0035313390808735523,0.0046903456749201045,0.0036351849464787422
0.33,0.003863759781385956,0.005202250611497927,0.0019021906689771217,0.00635411683809739,0.0021739470907875535,0.003557710181578133,0.005218722194962,0.0037583785360782995,0.003107902757537029,0.0022859181507925985,0.004439417027194192,0.00529029952676352,0.004193301818088524,0.0078668131062537,0.0021414684400301587,0.0021657389649566428,0.002456532905772413,0.00338006131081936,0.00350766530243507,0.0046648787212747456,0.0036078814738227383
0.331,0.0038405237501402843,0.0051768307048057904,0.0018860617950254843,0.006322086818064454,0.002159082556427716,0.003532607617498962,0.005191731993557713,0.003733406960211405,0.003086770916592263,0.002269396241732835,0.004414222242955179,0.0052636190816786055,0.004170882948579369,0.00782615832290201,0.002122954728067339,0.002152012972939099,0.0024421448659922573,0.003355952117003791,0.0034841673246618354,0.0046395835608589175,0.0035808012332506634
0.332,0.003817453937288673,0.005151593060131465,0.0018700778843396826,0.006290235318893056,0.0021443382235597497,0.0035077244015261355,0.005164905434818179,0.0037086079167161223,0.0030657840793941737,0.0022529996518015905,0.004389194965938592,0.005237112078964823,0.00414860284364682,0.007785756419399159,0.0021046150597779922,0.002138391745364454,0.002427853465493901,0.00333204124560893,0.0034608438441686706,0.004614458856063708,0.003553942250166253
0.333,0.0037945488886474087,0.005126535811153965,0.0018542375916216214,0.00625856089927046,0.0021297130349458016,0.0034830582959967105,0.005138241240907115,0.003683980133102671,0.003044941392901346,0.0022367273914852825,0.004364333728044678,0.005210777010683509,0.004126460208118576,0.007745605112622567,0.0020864476695426903,0.00212487423517127,0.002413657850749207,0.0033083267497168167,0.0034376935676787568,0.00458950328048735,0.003527302568747781
0.334,0.003771807164380969,0.005101657109652491,0.0018385395846368668,0.0062270621331923515,0.0021152059416400526,0.0034586070868871666,0.005111738148365852,0.003659522348230526,0.003024242008512368,0.0022205784794503414,0.0043396370761922265,0.0051846123826018164,0.004104453765137239,0.007705702141843185,0.002068450810813083,0.0021114594070544834,0.0023995571788835157,0.0032848067019549676,0.0034147152119106128,0.004564715518881823,0.0035008802517784154
0.335,0.0037492273388711915,0.005076955125423721,0.0018229825441226089,0.006195737609830054,0.0021008159029827222,0.003434368583651093,0.005085394907926921,0.0036352333122011693,0.0030036850820031047,0.0022045519424394033,0.004315103572161694,0.005158616714161179,0.004082582255929168,0.007666045268632682,0.002050622755852327,0.0020981462374040083,0.0023855506174801366,0.0032614791943150756,0.0033919075034601898,0.004540094267015626,0.003474673380430948
0.336,0.003726808000587023,0.005052428046151136,0.0018075651636788592,0.006164585933344013,0.0020865418865957386,0.0034103406190398866,0.00505921028434142,0.003611111786279375,0.0029832697734819558,0.002188646815186268,0.004290731792466196,0.005132788538383171,0.004060844439573774,0.007626632276741985,0.002032961795517929,0.002084933714122439,0.002371637344419031,0.0032383423379886978,0.0033692691786888496,0.004515638231656793,0.003448680054082942
0.337,0.003704547751937215,0.0050280740772961074,0.0017922861496640907,0.006133605722715041,0.0020723828683637535,0.0033865210489152364,0.005033183056178281,0.00358715654272046,0.0029629952473246846,0.0021728621402752335,0.004266520328201295,0.005107126401783679,0.004039239092775704,0.007587460971979376,0.002015466239033592,0.0020718208365284596,0.0023578165476541013,0.0032153942631966137,0.0033467989836183376,0.0044913461304263436,0.003422898390093909
0.338,0.0036824452091567205,0.0050038914419821,0.001777144221075222,0.00610279561160465,0.0020583378324312562,0.0033629077520690442,0.005007312015669951,0.0035633663647028913,0.002942860672144665,0.002157196968080033,0.004242467784930981,0.005081628864307297,0.004017765009637242,0.007548529182116792,0.0019981344137700585,0.00205880661523139,0.0023440874250783006,0.003192633119031063,0.0033244956738341935,0.004467216691766751,0.0033973265236705297
0.339,0.0036604990021656568,0.004979878380883318,0.0017621381094565791,0.006072154248186634,0.0020444057711944685,0.003339498630072102,0.0049815959685437505,0.0035397400461826267,0.0029228652207331507,0.002141650356640601,0.004218572782526131,0.0050562944992531555,0.003996421001440376,0.007509834756754485,0.001980964665007301,0.002045890071999068,0.0023304491843259,0.0031700570732824396,0.0033023580143691778,0.004443248654814824,0.00337196260764705
0.34,0.0036387077744455152,0.004956033152116124,0.001747266558795868,0.006041680294972984,0.0020305856852887993,0.003316291607045163,0.004956033733824472,0.0035162763918017426,0.0029030080700103156,0.0021262213715923517,0.004194833955049826,0.0050311218931843316,0.003975205896401657,0.007471375567219107,0.0019639553557516676,0.0020330702396451628,0.002316901042623387,0.003147664312298737,0.0032803847796141206,0.004419440769364846,0.003346804812309645
0.341,0.003617070182910148,0.004932354031125463,0.0017325283254014945,0.006011372428676998,0.0020168765835623104,0.0032932846295138374,0.004930624143688611,0.0034929742167570943,0.0028832884009811766,0.0021109090860679247,0.004171249950613798,0.0050061096458778875,0.0039541185394694756,0.007433149506444803,0.001947104866498739,0.0020203461619258123,0.002303442226600727,0.003125453040799697,0.003258574753213561,0.004395791795750004,0.003321851325233549
0.342,0.003595584897778553,0.004908839310556523,0.0017179221778067522,0.005981229340068395,0.0020032774830729405,0.0032704756662236267,0.004905366043282733,0.0034698323466958447,0.0028637053986959593,0.002095712580595488,0.004147819431253308,0.004981256370208187,0.003933157792092579,0.00739515448884509,0.0019304115950440348,0.0020077168934072853,0.0022900719721649088,0.0031034214817272643,0.003236926727958722,0.004372300504780324,0.003297100351091098
0.343,0.0035742506024548704,0.004885487300153035,0.0017034468966719007,0.00595124973379102,0.001989787409083177,0.0032478627079500777,0.004880258290563599,0.0034468496176088825,0.0028442582522030246,0.0020806309430261294,0.004124541072799692,0.004956560692114476,0.003912322531990253,0.007357388450214497,0.0019138739562754026,0.0019951814993582895,0.002276789524311873,0.0030815678760972576,0.0032154395057164553,0.004348965677659189,0.003272550111509176
0.34400000000000003,0.0035530659933986517,0.00486229632666102,0.0016891012746506062,0.005921432328252374,0.001976405395008096,0.0032254437673160385,0.0048552997561298605,0.003424024875705256,0.0028249461545086785,0.0020656632684653564,0.004101413564735368,0.0049320212504886385,0.0038916116529408296,0.007319849347576457,0.0018974903819718447,0.0019827390556458324,0.0022635941370046098,0.0030598904828313955,0.003194111897312224,0.004325786105896623,0.00324819884487193
0.34500000000000003,0.0035320297800053636,0.004839264733676352,0.0016748841163103378,0.005891775855435322,0.0019631304824334617,0.0032032168786126913,0.004830489323058518,0.0034013569773033714,0.002805768302532652,0.0020508086591630725,0.004078435610086917,0.0049076366971209096,0.0038710240645628557,0.007282535159103043,0.0018812593206084527,0.0019703886486278632,0.0022504850729944126,0.003038387578605417,0.0031729427224459483,0.0043027605912424605,0.0032240448061832128
0.34600000000000003,0.0035111406844839433,0.004816390881555388,0.0016607942380186813,0.005862279060799613,0.0019499617210684272,0.0031811800976275784,0.0048058258867521575,0.0033788447887408424,0.0027867238970714636,0.002036066224457289,0.004055605925281092,0.0048834056966085004,0.0038505586920776214,0.007245443883944103,0.001865179237177994,0.0019581293750252637,0.002237461603700197,0.003017057457695649,0.0031519308096092935,0.0042798879455852035,0.003200086266882507
0.34700000000000003,0.0034903974417376414,0.004793673147304722,0.0016468304678219914,0.005832940703102474,0.001936898168742096,0.0031593315014362133,0.004781308354755653,0.0033564871862303836,0.0027678121427586744,0.0020214350806948556,0.004032923240032016,0.004859326926289098,0.003830214476118865,0.007208573542157648,0.0018492486129766394,0.001945960341854791,0.0022245230090549573,0.0029958984318234627,0.003131074995986416,0.00425716699089751,0.003176321514714364
0.34800000000000003,0.003469798799245588,0.004771109924458616,0.0016329916453649007,0.0058037595542664855,0.0019239388913696587,0.0031376691882490926,0.004756935646641702,0.003334283055788534,0.00274903224803813,0.002006914351156297,0.0040103862972034054,0.0048353990761592636,0.0038099903725051787,0.0071719221745333295,0.0018334659454490865,0.0019338806662839714,0.002211668577374426,0.0029749088300085047,0.003110374127373805,0.004234596559138937,0.003152748853548437
0.34900000000000003,0.003449343516935771,0.00474869962294977,0.0016192766217457688,0.005774734399251136,0.0019110829629273018,0.003116191277202751,0.00473270669380621,0.0033122312930887743,0.002730383425107119,0.0019925031659704384,0.0039879938526915515,0.004811620848791387,0.0037898853520087483,0.007135487842505062,0.0018178297479838346,0.0019218894755554938,0.002198897605211636,0.0029540869984128193,0.003089827058098127,0.0042121754921693455,0.0031293666032381484
0.35000000000000003,0.003429030367079244,0.004726440669026277,0.0016056842594647236,0.005745864035906045,0.001898329465443882,0.0030948959081895655,0.004708620439345057,0.003290330803378483,0.0027118648898998288,0.001978200662072105,0.003965744675298977,0.0047879909592625225,0.003769898400166616,0.007099268627996702,0.001802338549739102,0.001909985906884737,0.002186209397234462,0.002933431300193634,0.0030694326509072,0.0041899026417000496,0.003106173099474918
0.35100000000000003,0.0034088581341673195,0.004704331505118287,0.0015922134322645665,0.005717147274838852,0.0018856774889484118,0.0030737812416732346,0.004684675837887786,0.0032685805013675795,0.0026934758620457133,0.001964005983118078,0.003943637546624634,0.004764508135075118,0.0037500285170528613,0.007063262633308587,0.0017869908954858404,0.0018981691073395313,0.002173603266100721,0.002912940115356033,0.003049189776926031,0.004167776869188122,0.0030831666936264046
0.352,0.003388825614794,0.00468237058971932,0.0015788630250404,0.0056885829392836484,0.0018731261314628433,0.003052845458499487,0.004660871855468485,0.0032469793111209455,0.002675215564834521,0.0019499182794162628,0.003921671260912141,0.004741171116074194,0.0037302747170698813,0.007027467980978863,0.0017717853454015664,0.0018864382337688834,0.0021610785323087356,0.002892611840606518,0.003029097315554785,0.004145797045758348,0.0030603457526001687
0.353,0.003368931617545179,0.004660556397273807,0.0015656319337601365,0.00566016986494311,0.0018606744989555501,0.0030320867597151135,0.004637207469334825,0.0032255261659395185,0.002657083225189094,0.0019359367078805034,0.0038998446249646213,0.0047179786543741775,0.003710636028740999,0.0069918828136620315,0.001756720474923923,0.0018747924526960613,0.0021486345241106264,0.0028724448892014642,0.0030091541543825207,0.004123962052146712,0.003037708658708782
0.354,0.003349174962880519,0.004638887418084159,0.0015525190653162824,0.005631906899900785,0.0018483217053228973,0.0030115033663810076,0.004613681667828606,0.003204220008278469,0.0026390780736365027,0.0019220604319429846,0.0038781564579959404,0.004694929514268531,0.003691111494502075,0.0069565052939815075,0.0017417948745769296,0.0018632309402156766,0.002136270577355104,0.0028524376907990145,0.0029893591891253513,0.004102270778590489,0.003015253809508067
0.355,0.0033295544830260317,0.004617362158150895,0.0015395233374551065,0.005603792904466998,0.0018360668723613749,0.002991093519390531,0.0045902934502449755,0.0031830597896236323,0.002621199344272407,0.001908288621521148,0.0038566055915337794,0.004672022472170578,0.00367170017049534,0.006921333604403723,0.0017270071498052264,0.0018517528818980944,0.0021239860353974294,0.0028325886913384,0.002969711323537072,0.004080722124787606,0.0029929796176663137
0.356,0.003310069021856149,0.004595979139104145,0.001526643678646078,0.005575826751048618,0.001823909129722523,0.0029708554792786668,0.004567041826678442,0.003162044470402914,0.002603446274724197,0.0018946204529370902,0.003835190869285854,0.0046492563165128065,0.0036524011263562306,0.006886365947110007,0.0017123559208078731,0.0018403574727142713,0.0021117802489648563,0.002812896352862304,0.0029502094693392156,0.004059314999778407,0.0029708845108484816
0.357,0.003290717434785123,0.004574736898060872,0.0015138790279891623,0.005548007324034265,0.0018118476148796248,0.002950787526048826,0.004543925817866334,0.003141173019868493,0.0025858181061456653,0.001881055108872376,0.0038139111470194553,0.004626629847672481,0.003633213445027428,0.00685160054384637,0.001697839822386804,0.0018290439169318384,0.0020996525760598184,0.0027933591533986224,0.0029308525461542168,0.0040380483218978025,0.0029489669315420075
0.358,0.003271498588651356,0.004553633987512518,0.0015012283351050204,0.005520333519654086,0.0017998814730902923,0.002930887958972006,0.004520944455061571,0.00312044441599979,0.002568314083167933,0.0018675917782994267,0.003792765292457201,0.004604141877897483,0.003614136222525044,0.006817035635791391,0.0016834575037782962,0.0018178114280169577,0.0020876023818475753,0.002773975586809141,0.0029116394814110436,0.004016921018678121,0.0029272253369522216
0.359,0.0032524113616159978,0.004532668975210874,0.001488690560032646,0.005492804245880389,0.0017880098573811454,0.002911155096423812,0.004498096779895766,0.0030998576454090987,0.002550933453889792,0.0018542296564451055,0.003771752185161681,0.004581791231222154,0.003595168567770868,0.006782669483421433,0.001669207628499203,0.0018066592285541638,0.0020756290385218756,0.0027547441626608604,0.002892569210293794,0.003995932026784277,0.0029056581988610164
0.36,0.0032334546430452804,0.004511840444057391,0.0014762646731255602,0.005465418422280877,0.0017762319284809758,0.0028915872756614114,0.004475381844231241,0.003079411703238999,0.0025336754698351838,0.0018409679447191074,0.003750870716404786,0.004559576743374483,0.0035763096023815333,0.006748500366353549,0.0016550888742041803,0.0017955865501516621,0.00206373192524556,0.0027356634060703433,0.0028736406756575406,0.003975080291933941,0.0028842640034972833
0.361,0.003214627333407283,0.0044911469919819424,0.0014639496549427866,0.005438174979911503,0.0017645468548045384,0.0028721828526918625,0.0044527987100285715,0.003059105593048672,0.002516539385943539,0.0018278058506741024,0.003730119789056352,0.004537497261714929,0.003557558460460908,0.006714526583239122,0.0016410999325187081,0.001784592633358395,0.0020519104280065648,0.0027167318575738175,0.0028548528279701557,0.003954364768818164,0.0028630412514010217
0.362,0.003195928344161014,0.0044705872318298034,0.0014517444961434922,0.0054110728611979075,0.0017529538123916,0.0028529402020370798,0.004430346449199596,0.003038938326742291,0.0024995244605390265,0.0018147425879524448,0.003709498317484017,0.004515551645138949,0.0035389142884101332,0.006680746451580566,0.0016272395089024227,0.001773676727570006,0.002040163939543649,0.00269794807299073,0.0028362046252404793,0.003933784421019437,0.0028419884573066545
0.363,0.003177356597648856,0.004450159791239083,0.0014396481973814046,0.005384111019813953,0.0017414519848825138,0.0028338577165805123,0.004408024143502942,0.003018908924442565,0.002482629955305349,0.0018017773762235567,0.003689005227417219,0.004493738763992949,0.0035203762447474363,0.006647158307609646,0.0016135063224844703,0.0017628380909460173,0.0020284918592257117,0.002679310623293518,0.002817695032932166,0.003913338220936646,0.00282110415001946
0.364,0.0031589110269938437,0.004429863312536364,0.0014276597692227666,0.005357288420562378,0.0017300405634785854,0.0028149338073714114,0.004385830884366282,0.0029990164144158005,0.0024658551352604308,0.001788909441158948,0.0036686394558539392,0.004472057500005566,0.0035019434998864174,0.006613760506142041,0.001599899105943492,0.0017520759903242311,0.002016893592973412,0.0026608180944431847,0.0027993230239328204,0.003893025149721896,0.0028003868722769054
0.365,0.003140590575990099,0.004409696452606804,0.0014157782320113332,0.005330604039265441,0.001718718746878567,0.0027961669034456405,0.004363765772798178,0.0029792598329583253,0.002449199268751756,0.0017761380143620498,0.0036483999509346887,0.0044505067461928505,0.0034836152359752903,0.006580551420425573,0.0015864166053352058,0.0017413897011258062,0.002005368553153475,0.002642469087306698,0.0027810875784564093,0.0038728441971843663,0.0027798351806335164
0.366,0.003122394198999695,0.004389657882798326,0.0014040026157772223,0.005304056862651896,0.0017074857412493483,0.002777555451631164,0.00434182791922999,0.0029596382243185504,0.0024326616274114032,0.001763462333337129,0.003628285671841258,0.0044290854067783325,0.0034653906466853845,0.006547529441993771,0.0015730575799796087,0.0017307785072904203,0.0019939161584864307,0.0026242622174654784,0.0027629876839996292,0.003852794361723144,0.002759447645345414
0.367,0.0031043208608462934,0.004369746288775289,0.00139233196015065,0.005277645888238536,0.0016963407601809921,0.0027590979163716334,0.004320016443399521,0.0029401506405895006,0.0024162414861597092,0.0017508816414312234,0.0036082955886728163,0.004407792397099652,0.003447268937034842,0.006514692980529202,0.001559820802291001,0.001720241701159586,0.0019825358339646826,0.00260619611512658,0.00274502233526297,0.003832874650255169,0.0027392228502323146
0.368,0.0030863695367155273,0.00434996037043478,0.001380765314235477,0.005251370124213284,0.0016852830246486539,0.0027407927795584097,0.004298330474217793,0.0029207961416187755,0.002399938123166523,0.0017383951878114923,0.0035884286823497646,0.004386626643548164,0.0034292493231975474,0.006482040463690275,0.001546705057662301,0.0017097785834424561,0.0019712270107490326,0.0025882694249609317,0.0027271905341021974,0.0038130840781270825,0.0027191593925756097
0.369,0.0030685392120460508,0.004330298841760505,0.0013693017365191684,0.0052252285893455985,0.0016743117629365312,0.0027226385403094078,0.004276769149654247,0.0029015737949270592,0.0023837508198407686,0.001726002227382839,0.00356868394449239,0.004365587083455802,0.0034113310323223844,0.006449570336995114,0.0015337091443180517,0.0016993884630787104,0.0019599891260859703,0.0025704808059980877,0.0027094912894514156,0.0037934216690550526,0.0026992558829919133
0.37,0.003050828882431711,0.004310760430736527,0.0013579402947818675,0.005199220312859243,0.00166342621061899,0.002704633714816884,0.004255331616593749,0.002882482675597764,0.0023676788608008037,0.0017137020207841358,0.0035490603773130625,0.00434467266502947,0.003393513302357709,0.00641728106363848,0.0015208318731769754,0.0016890706571901504,0.0019488216232314004,0.002552828931469686,0.002691923617284653,0.0037738864550359574,0.00267951094531671
0.371,0.0030332375535191635,0.004291343879213483,0.001346680065966277,0.005173344334319263,0.0016526256105064974,0.002686776836165139,0.004234017030730564,0.002863521866196983,0.0023517215338816344,0.0017014938343364872,0.003529556993506322,0.0043238823472644405,0.003375795381848401,0.006385171124358324,0.0015080720677331794,0.0016788244909986538,0.0019377239513544975,0.0025353124887069756,0.0026744865405313734,0.003754477476281659,0.0026599232164831177
0.372,0.003015764240903246,0.004272047942786128,0.0013355201361131552,0.005147599703546946,0.0016419092125801171,0.002669066454133673,0.0042128245564417854,0.002844690456694998,0.0023358781300952813,0.0016893769399702885,0.0035101728161530676,0.004303215099843882,0.0033581765297806543,0.006353239017279133,0.0014954285638985043,0.0016686492977189271,0.001926695565452552,0.0025179301789954867,0.002657179089037065,0.003735193781129742,0.0026404913464135316
0.373,0.002998407970032779,0.004252871390705293,0.0013244596002385256,0.005121985480494473,0.0016312762739696396,0.0026515011350274342,0.004191753366663109,0.0028259875443501503,0.0023201479436184558,0.0016773506152421014,0.0034909068785992092,0.004282669903069802,0.0033406560153964593,0.0063214832577618285,0.0014829002098916133,0.001658544418518093,0.001915735926286799,0.0025006807174369206,0.002640000299493961,0.0037160344259874467,0.0026212139979042703
0.374,0.0029811677761019395,0.0042338130057334444,0.0013134975622336453,0.0050965007351461145,0.001620726058873645,0.002634079461480976,0.004170802642770033,0.0028074122336514407,0.002304530271773575,0.0016654141432286274,0.00347175822434298,0.004262245747769455,0.00332323311801741,0.00628990237824778,0.0014704858661068743,0.0016485092023945658,0.0019048445002818326,0.0024835628328482295,0.0026229492153820866,0.0036969984752462937,0.002602089846509781
0.375,0.002964042703963643,0.0042148715840479856,0.001302633134787179,0.005071144547413864,0.0016102578385256416,0.002616800032304245,0.004149971574465505,0.0027889636362212755,0.0022890244150409744,0.001653566812553131,0.003452725906955889,0.004241941635213076,0.00330590712687695,0.006258494928097491,0.001458184404985352,0.0016385430061229833,0.0018940207594708713,0.002466575267627058,0.0026060248869249625,0.003678085001210696,0.0025831175804277295
0.376,0.0029470318080142112,0.004196045935105808,0.0012918654392622964,0.005045916007033746,0.0015998708911325599,0.0025996614622754155,0.004129259359662019,0.002770640870709551,0.002273629676988742,0.001641807917292848,0.003433808989954268,0.00422175657702506,0.003288677340927304,0.006227259473449154,0.0014459947108718119,0.0016286451941687208,0.00188326418138407,0.0024497167776131867,0.0025892263710310948,0.0036592930840168014,0.002564295900379765
0.377,0.0029301341521138337,0.004177334881567019,0.0012811936056136286,0.00502081421346845,0.0015895645018390026,0.0025826623819853456,0.00410866520436548,0.0027524430627452467,0.0022583453643102436,0.001630136756975653,0.003415006546690691,0.004201689595087599,0.0032715430687189073,0.006196194597051674,0.0014339156799170194,0.001618815138617391,0.0018725742490235397,0.0024329861319732915,0.002572552731231359,0.003640621811573874,0.002545623519521256
0.378,0.0029133488094732264,0.004158737259130407,0.0012706167722940087,0.004995838275797526,0.0015793379626470871,0.0025658014376348515,0.0040881883225559745,0.0027343693448238504,0.002243170786788262,0.0016185526365251057,0.0033963176602629375,0.004181739721469957,0.0032545036281691475,0.006165298898118454,0.001421946219932524,0.0016090522190637113,0.0018619504507420004,0.002416382113090698,0.0025560030376257092,0.003622070279473144,0.0025270991633191686
0.379,0.0028966748625705585,0.0041402519164668306,0.0012601340861482235,0.004970987312624575,0.001569190572388024,0.0025490772908836057,0.0040678279360844005,0.0027164188562515124,0.002228105257274793,0.0016070548662340256,0.003377741423411851,0.004161905998346427,0.0032375583464528956,0.006134570992152422,0.001410085250286297,0.0015993558225930737,0.0018513922801826066,0.0023999035164158355,0.0025395763668404348,0.0036036375909400675,0.00250872156943327
0.38,0.002880111403044422,0.0041218777150666686,0.0012497447023256392,0.004946260451970219,0.0015591216366510618,0.0025324886186567364,0.004047583274564004,0.0026985907430263634,0.0022131480916935953,0.0015956427617160873,0.0033592769384076515,0.004142187477881865,0.003220706559801556,0.006104009510825126,0.0013983317017619568,0.00158972534363655,0.0018408992362386467,0.002383549150363984,0.002523271801959659,0.0035853228567235274,0.002490489487617542
0.381,0.002863657531604169,0.0041036135291450115,0.0012394477841676244,0.004921656831179844,0.0015491304677345274,0.0025160341129681907,0.004027453575251805,0.002680884157810315,0.0021982986090102186,0.001584315643884504,0.003340923316952238,0.004122583222166409,0.0032039476133584044,0.006073613101765463,0.0013866845164466346,0.001580160183945467,0.0018304708229385236,0.0023673178361891534,0.002507088432497362,0.0035671251950644134,0.0024724016796072723
0.382,0.002847312357934434,0.0040854582455300825,0.0012292425031463772,0.004897175596828118,0.0015392163845889817,0.0024997124807549786,0.004007438082933579,0.0026632982597963872,0.002183556131237996,0.0015730728388976267,0.003322679680074825,0.004103092303117228,0.003187280861022712,0.00604338042845487,0.0013751426476239503,0.001570659752492931,0.0018201065494032331,0.002351208407856631,0.002491025354315557,0.0035490437315949253,0.002454456919017689
0.383,0.002831075000600941,0.004067410763542889,0.0012191280387437997,0.004872815904609751,0.0015293787127619307,0.0024835224436996484,0.003987536049847362,0.0026458322146610813,0.0021689199834128425,0.0015619136781513943,0.0033045451580283602,0.00408371380240824,0.003170705665271445,0.006013310170040476,0.0013637050596386757,0.001561223465386563,0.0018098059297725344,0.0023352197119389517,0.002475081669607526,0.003531077599276955,0.002436653991218396
0.384,0.002814944586958307,0.004049469994888533,0.0012091035783694526,0.004848576919261549,0.001519616784354083,0.0024674627380526504,0.003967746735528244,0.002628485194483776,0.0021543894935794894,0.0015508374982188267,0.0032865188902083675,0.004064446811355316,0.0031542213970309207,0.005983401021180668,0.001352370727789931,0.0015518507458196495,0.0017995684831433323,0.002319350607482895,0.002459256486810224,0.00351322593834269,0.0024189916932655375
0.385,0.002798920253053683,0.0040316348635379695,0.0011991683172642986,0.0048244578144470696,0.0015099299379321973,0.002451532114460808,0.003948069406757737,0.0026112563776751196,0.0021399639927920378,0.0015398436408295968,0.003268600025025381,0.004045290430850335,0.0031378274354945113,0.0059536516918877735,0.0013411386382115031,0.001542541023974664,0.0017893937334958476,0.002303599965900016,0.002443548920604277,0.0034954878961951374,0.0024014688337373746
0.386,0.0027830011435368953,0.004013904305621319,0.0011893214584250966,0.00480045777268201,0.0015003175184920003,0.0024357293377972322,0.003928503337420675,0.002594144948878996,0.002125642815095974,0.001528931452833393,0.0032507877198214574,0.004026243771271809,0.0031215231679921907,0.00592406090737807,0.001330007787760934,0.0015332937369501032,0.0017792812096296684,0.0022879666708316426,0.0024279580918095123,0.0034778626273672675,0.0023840842326785516
0.387,0.002767186411572936,0.00399627726931906,0.0011795622124909366,0.004776575985227183,0.0014907788774197739,0.0024200531869980058,0.003909047808424826,0.0025771500989318907,0.002111425297513847,0.0015181002861607285,0.003233081140769256,0.004007305952383189,0.0031053079898312186,0.005894627407885933,0.0013189771839168252,0.0015241083286976487,0.001769230445115233,0.0022724496180719367,0.0024124831273824032,0.0034603492934375257,0.0023668367214813024
0.388,0.002751475218741678,0.003978752714745459,0.0011698897976621936,0.004752811651995814,0.001481313372390991,0.002404502454881219,0.003889702107583437,0.0025602710247580873,0.00209731078003883,0.0015073494978017354,0.0032154794627772265,0.003988476103259475,0.003089181304144817,0.00586534994855481,0.001308045844634731,0.001514984249929907,0.0017592409782001273,0.0022570477154022495,0.0023971231603430176,0.0034429470629676606,0.0023497251427617716
0.389,0.0027358667349568545,0.003961329613829223,0.001160303439628696,0.004729163981472606,0.0014719203673450032,0.0023890759479802126,0.0038704655295408452,0.0025435069293259227,0.0020832986056318337,0.001496678449767086,0.0031979818693840256,0.003969753362189077,0.0030731425217525032,0.00583622729921629,0.0012972127982771031,0.0015059209580652322,0.0017493123517976494,0.0022417598825140717,0.002381877329739046,0.003425655111406134,0.002332748350274527
0.39,0.002720360138373562,0.0039440069502190145,0.001150802371451709,0.004705632190610376,0.0014625992324229786,0.0023737724863850396,0.0038513373756360325,0.002526857021553419,0.0020693881201967468,0.0014860865090517983,0.0031805875526664806,0.003951136876596317,0.0030571910610250885,0.005807258244289404,0.001286477083468407,0.00149691791713491,0.0017394441133792293,0.0022265850508810248,0.0023667447806148267,0.003408472621077352,0.0023159052088110865
0.391,0.0027049546152946523,0.003926783719170657,0.0011413858335059812,0.004682215504747234,0.001453349343891297,0.0023585909035674923,0.0038323169538421187,0.002510320516253439,0.0020555786725782177,0.0014755730476169182,0.0031632957131531025,0.003932625802943179,0.003041326347708595,0.005778441582567906,0.0012758377490169615,0.0014879745977184333,0.0017296358149250235,0.002211522163637958,0.002351724663919974,0.0033913987810468837,0.002299194594081677
0.392,0.0026896493600917946,0.00390965892742734,0.0011320530733739398,0.004658913157511768,0.0014441700841071325,0.002343530046219122,0.0038134035786591136,0.0024938966340636304,0.002041869614554326,0.00146513744232879,0.0031461055597056253,0.003914219306657807,0.003025547814817231,0.005749776127119688,0.001265293853778493,0.0014790904768718915,0.0017198870129048194,0.002196570175483026,0.0023368161365171503,0.003374432787107029,0.0022826153926279735
0.393,0.0026744435751095584,0.0038926315931188116,0.0011228033457745257,0.004635724390734786,0.0014350608414426258,0.0023285887740847055,0.0037945965710000085,0.002477584601374927,0.0020282603008308087,0.0014547790749640521,0.00312901630944884,0.0038959165620223724,0.0030098549024916155,0.005721260705066955,0.0012548444665738678,0.0014702650380499227,0.0017101972681596855,0.00218172805256589,0.002322018361109235,0.003357573841675232,0.0022661665017023047
0.394,0.0026593364705823908,0.0038757007456544645,0.001113635912456834,0.004612648454366819,0.0014260210102328141,0.002313765959807257,0.0037758952581313787,0.0024613836502598296,0.002014750089021966,0.0014444973321592336,0.003112027187675781,0.0038777167521093503,0.0029942470578381286,0.0056928941574757586,0.0012444886660587517,0.0014614977710371013,0.001700566145893423,0.0021669947723462757,0.0023073305061944716,0.0033408211537448995,0.0022498468291832774
0.395,0.0026443272645493786,0.0038588654256077604,0.0011045500421431598,0.004589684606377875,0.0014170499907200096,0.0022990604887525024,0.00375729897354371,0.0024452930184227784,0.002001338339655656,0.001434291605368232,0.003095137427727823,0.003859619068677378,0.0029787237348209983,0.005664675339180136,0.001234225540653222,0.0014527881718696678,0.0016909932156010665,0.0021523693235346864,0.002292751746041377,0.003324173938817232,0.002233655293472303
0.396,0.0026294151827676083,0.003842124684615311,0.0010955450104326303,0.004566832112691821,0.001408147188985187,0.0022844712588627747,0.0037388070568948883,0.002429311949118773,0.0019880244161404326,0.0014241612908677537,0.0030783462709400577,0.0038416227120969815,0.0029632843941200804,0.005636603118623018,0.0012240541884047662,0.0014441357427715795,0.0016814780510010507,0.0021378507059389706,0.0022782812606383374,0.0033076314188298372,0.002217590823377913
0.397,0.0026145994586239283,0.0038254775852605283,0.0010866200997118325,0.0045440902470735844,0.0013993120169047968,0.002269997180493144,0.003720418853900953,0.0024134396911019707,0.0019748076847838636,0.0014141057896743803,0.003061652966512063,0.003823726891260648,0.0029479285029894164,0.00560867637770035,0.0012139737168957998,0.001435539992070245,0.0016720202300117837,0.002123437930382277,0.0022639182356262166,0.0032911928220952236,0.0022016523580294933
0.398,0.002599879333056454,0.0038089232009830276,0.001077774599091974,0.004521458291059988,0.0013905438920730484,0.002255637176236336,0.0037021337162446155,0.0023976754985566284,0.001961687514779653,0.0014041245075682163,0.0030450567714577215,0.0038059308234854594,0.0029326555351476546,0.005580894011603332,0.001203983243154516,0.0014270004341424558,0.0016626193346633844,0.002109130018569716,0.0022496618623112363,0.003274857383227525,0.002185838846772592
0.399,0.0025852540544682224,0.003792460615958393,0.0010690078043124052,0.004498935533873594,0.0013818422377500639,0.002241390180808267,0.0036839510014994303,0.0023820186310403724,0.0019486632781869906,0.0013942168550310496,0.0030285569504825416,0.003788233734432156,0.002917464970638717,0.00555325492865999,0.0011940818935423092,0.0014185165893271234,0.001653274951078365,0.002094926003000097,0.0022355113375628344,0.0032586243431136364,0.002170149249066111
0.4,0.0025707228786451984,0.0037760889250044727,0.0010603190176740052,0.004476521272336775,0.0013732064828193558,0.0022272551408492047,0.0036658700730337612,0.002366468353420359,0.0019357343499335489,0.0013843822472157097,0.0030121527759036093,0.003770634858033195,0.0029023562957118942,0.005525758050194063,0.0011842688036522997,0.0014100879838550018,0.0016439866693997995,0.0020808249268646772,0.002221465863827765,0.0032424929487880894,0.0021545825343863845
0.401,0.0025562850686719043,0.0037598072334572574,0.001051707547952918,0.004454214810780899,0.0013646360616998976,0.0022132310147838785,0.003647890299936396,0.002351023935806107,0.0019229001077996077,0.0013746201039323003,0.002995843527571651,0.003753133436391387,0.002887329002693395,0.0054984023103483715,0.0011745431182181854,0.001401714149797062,0.0016347540837393648,0.0020668258439222598,0.0022075246490506073,0.003226462453431056,0.0021391376821254804
0.402,0.0025419398948553053,0.003743614657099492,0.0010431727103192845,0.004432015460977268,0.001356130414317036,0.002199316772687143,0.0036300110569211785,0.002335684653525516,0.0019101599324338192,0.0013649298496017925,0.0029796284927746663,0.0037357287196820854,0.0028723825898691047,0.005471186655934046,0.0011649039910112124,0.0013933946249707896,0.001625576792151362,0.002052927818404604,0.0021936869066520037,0.0032105321162670952,0.0021238136815066033
0.403,0.0025276866346342517,0.0037275103220152372,0.0010347138262770672,0.004409922542038425,0.0013476889860155605,0.002185511396099127,0.003612231724243631,0.0023204497870008556,0.0018975132073075773,0.001355310913241814,0.0029635069661420044,0.0037184199661004502,0.0028575165613704545,0.005444110046305739,0.001155350584742143,0.0013851289528773458,0.001616454396552558,0.002039129924905736,0.002179951855482587,0.0031947012025165256,0.0021086095314502007
0.404,0.0025135245725112832,0.0037114933645294723,0.0010263302235686833,0.004387935380354868,0.0013393112275188468,0.002171813877908102,0.0035945516876292327,0.002305318621766861,0.0018849593187499902,0.0013457627284207963,0.0029474782495808594,0.0037012064417457635,0.002842730427042861,0.005417171453150127,0.0011458820709703277,0.0013769166826407275,0.0016073865026979828,0.0020254312482894665,0.00216631871980022,0.0031789689833429113,0.0020935242405175636
0.405,0.0024994529999685156,0.003695562931076646,0.0010180212361067253,0.00436605330949702,0.001330996594878675,0.002158223222186506,0.003576970338188934,0.0022902904483830255,0.0018724976558950335,0.0013362847332548666,0.0029315416521766835,0.003684087420560145,0.002828023702352467,0.00539036986039565,0.0011364976300122231,0.0013687573689303845,0.0015983727201125397,0.0020118308835741505,0.002152786729213041,0.0031633347357772346,0.002078556826798361
0.406,0.0024854712153827008,0.0036797181781095256,0.0010097862039147865,0.0043442756701369545,0.0013227445493901868,0.0021447384440383965,0.003559487072339662,0.002275364562350779,0.0018601276107241826,0.0013268763703377928,0.002915696490104036,0.003667062184213754,0.0028133959082459192,0.005363704264015778,0.0011271964508270393,0.0013606505719023776,0.0015894126620731308,0.001998327935830102,0.002139355118642716,0.003147797742668268,0.0020637063177886272
0.40700000000000003,0.0024715785239579346,0.0036639582719961705,0.001001624473035423,0.004322601809985116,0.0013145545575635742,0.002131358569461228,0.00354210129171173,0.0022605402641128203,0.0018478485780324405,0.0013175370867541947,0.0028999420865569725,0.003650130022062048,0.0027988465710597765,0.00533717367188824,0.0011179777309482386,0.0013525958571030117,0.0015805059455326065,0.0019849215201053205,0.0021260231283064535,0.0031323572926056364,0.0020489717503376914
0.40800000000000003,0.002457774237639221,0.0036482823889166793,0.0009935353954692028,0.004301031083684292,0.0013064260910362613,0.0021180826352115156,0.003524812403085109,0.0022458168589643,0.0018356599554071318,0.0013082663340232559,0.0028842777716513446,0.003633290231018438,0.0027843752224101515,0.0053107771036688955,0.0011088406763750669,0.0013445927954349735,0.0015716521910896786,0.00197161076127661,0.0021127900036529423,0.003117012679888065,0.0020343521705205037
0.40900000000000003,0.0024440576750430877,0.003632689714783921,0.0009855183290856662,0.004279562852768204,0.0012983586265453706,0.0021049096886386343,0.00350761981833414,0.0022311936570154067,0.0018235611432692034,0.0012990635680769635,0.0028687028823555227,0.0036165421154985555,0.0027699813990595956,0.005284513590598783,0.0010997845014846241,0.001336640963073732,0.001562851022942402,0.0019583947939751933,0.0020996549953463672,0.0031017632044473276,0.002019846633562139
0.41000000000000003,0.0024304281613784285,0.0036171794451095307,0.0009775726375904625,0.0042581964855265,0.0012903516458541153,0.0020918387875726863,0.003490522954297748,0.0022166699731321904,0.0018115515448173802,0.0012899282492404573,0.002853216762401356,0.0035998849873314365,0.0027556646428512632,0.0052583821753915405,0.0010908084289481534,0.0013287399413973722,0.0015541020688398799,0.0019452727625108857,0.0020866173592365422,0.0030866081717995097,0.002005454203719559
0.41100000000000003,0.0024168850283699363,0.003601750784938851,0.0009696976904138843,0.004236931356993323,0.00128240463570084,0.002078869000149086,0.0034735212327625664,0.002202245126896374,0.001799630566046928,0.0012808598421873985,0.002837818762204014,0.0035833181656614865,0.00274142450056325,0.005232381912070316,0.0010819116896254588,0.0013208893169308622,0.001545404960053176,0.0019322438207258763,0.0020736763562918537,0.0030715468929765066,0.001991173954206671
0.41200000000000003,0.0024034276141869093,0.0035864029487296945,0.0009618928626673462,0.0042157668488249644,0.0012745170877292988,0.002065999404706975,0.0034566140803466983,0.0021879184425560583,0.001787797615743325,0.001271857815931976,0.002822508238787713,0.0035668409768961906,0.002727260523842534,0.005206511865820218,0.0010730935224978477,0.0013130886812546816,0.0015367593313054817,0.0019193071319340005,0.0020608312525860484,0.003056578684479838,0.0019770049670972956
0.41300000000000003,0.0023900552633659864,0.0035711351602668584,0.000954157535078326,0.004194702349227475,0.0012666884984523508,0.0020532290896307925,0.0034398009284549724,0.002173689248971322,0.001776052105467385,0.0012629216437668456,0.0028072845556982307,0.0035504527545863196,0.002713172269077302,0.005180771112838545,0.0010643531745589963,0.0013053376309802855,0.0015281648207616794,0.0019064618687949508,0.0020480813192716996,0.003041702868209928,0.001962946333225468
0.41400000000000003,0.0023767673267427515,0.003555946652566422,0.0009464910939054327,0.0041737372529031536,0.0012589183691840145,0.0020405571532173816,0.003423081213195789,0.0021595568795673703,0.0017643934495619185,0.0012540508032787834,0.002792147082933183,0.003534152839379079,0.002699159297312903,0.00515515874020589,0.001055689900740009,0.0012976357676389716,0.001519621069958954,0.0018937072132487742,0.0020354258325303576,0.003026918771442899,0.0019489971520837424
0.41500000000000004,0.0023635631613739883,0.0035408366677811554,0.000938892930881341,0.004152870960959287,0.0012512062059892859,0.0020279827035498688,0.0034064543753123955,0.0021455206722920117,0.0017528210651341913,0.0012452447762847374,0.0027770951968635327,0.0035179405789076412,0.0026852211741518195,0.005129673845716609,0.0010471029638100537,0.0012899826976462414,0.0015111277237763732,0.0018810423563899725,0.0020228640735352466,0.003012225726740203,0.001935156531757798
0.41600000000000004,0.0023504421304696823,0.0035258044570880553,0.0009313624431659395,0.0041321028808283256,0.0012435515196235203,0.002015504858357886,0.0033899198601187175,0.002131579969575359,0.0017413343720543706,0.0012365030488183937,0.002762128280139109,0.003501815327731417,0.002671357469656077,0.005104315537753257,0.001038591634314856,0.001282378032228415,0.001502684430403134,0.0018684664983806831,0.0020103953284312803,0.0029976230719226393,0.0019214235888022069
0.417,0.0023374036033229407,0.003510849280633943,0.0009238990332521846,0.004111432426215922,0.0012359538254810287,0.0020031227448870093,0.003373477117428747,0.002117734118269321,0.0017299327929540809,0.001227825111098979,0.002747245721643088,0.003485776447246791,0.0026575677582519885,0.005079082935150914,0.001030155190467008,0.0012748213873543524,0.0014942908412884925,0.001855978848376183,0.0019980188883015337,0.0029831101499840917,0.0019077974481731541
0.418,0.002324446955237219,0.0034959704073991293,0.0009165021089256875,0.00409085901699735,0.0012284126435432308,0.0019908354997774103,0.003357125601480493,0.002103982469627619,0.001718615753213637,0.0012192104575186047,0.0027324469164057286,0.003469823305610409,0.002643851618649773,0.005053975167024327,0.001021792918078468,0.0012673123836726141,0.001485946611106459,0.0018435786244015429,0.0019857340491181708,0.0029686863090763183,0.0018942772431174149
0.419,0.002311571567455517,0.003481167115121031,0.000909171083185667,0.004070382079170987,0.001220927498317148,0.001978642268938735,0.00334086477088813,0.0020903243792351756,0.0017073826809557158,0.00121065858658298,0.002717731265504897,0.003453955277651466,0.002630208633728426,0.005028991372671099,0.0010135041104581965,0.0012598506464486237,0.0014776513977079464,0.0018312650532736896,0.0019735401117164653,0.0029543509024414494,0.0018808621151125138
0.42,0.002298776827097887,0.0034664386902198974,0.0009019053742080896,0.0040500010447711565,0.0012134979187921058,0.001966542207397004,0.0033246940885678367,0.0020767592070023433,0.0016962330070527942,0.0012021690009005326,0.002703098176034757,0.003438171744803431,0.0026166383904958623,0.005004130701396381,0.0010052880683548704,0.0012524358055172602,0.0014694048620941258,0.0018190373705045948,0.0019614363817810343,0.002940103288340268,0.0018675512137233952
0.421,0.002286062127087063,0.003451784427679905,0.0008947044052627362,0.0040297153518006334,0.00120612343837867,0.0019545344792135655,0.0033086130216655185,0.0020632863170770843,0.0016851661651136052,0.0011937412071647557,0.002688547061002522,0.003422472095016671,0.0026031404799337077,0.00497939231238953,0.0009971440998606251,0.0012450674951809404,0.0014612066683787894,0.0018068948202203394,0.0019494221697914371,0.002925942830040329,0.0018543436965698934
0.422,0.0022734268660847766,0.0034372036309724407,0.0008875676046667946,0.004009524444165136,0.0011988035948612419,0.0019426182573180073,0.0032926210415150647,0.002049905077853742,0.0016741815914689262,0.0011853747161156836,0.002674077339272607,0.003406855722686064,0.0025897144969820873,0.004954775374592657,0.000989071520328233,0.0012377453541894123,0.0014530564837377247,0.0017948366550433192,0.001937496790990978,0.0029118688957385785,0.0018412387291968368
0.423,0.002260870448420077,0.0034226956119667307,0.0008804944057112518,0.003989427771576737,0.001191537930344655,0.0019307927234188949,0.003276717623549974,0.0020366148618976565,0.0016632787251770198,0.001177069042504586,0.0026596884354753714,0.003391322028569288,0.002576360040395298,0.004930279066552745,0.0009810696522917217,0.001230469025643166,0.001444953978384067,0.001782862136038288,0.0019256595653789343,0.0028978808585119475,0.0018282354850132077
0.424,0.0022483922840344506,0.003408259690854565,0.0008734842466333603,0.003969424789532994,0.0011843259911920034,0.0019190570678803143,0.003260902247271158,0.00202341504592618,0.001652457008021635,0.001168823705085642,0.002645379779972812,0.0033758704197166534,0.0025630767127118315,0.004905902576302634,0.0009731378254024259,0.0012232381569623474,0.0014368988255367698,0.0017709705325795744,0.0019139098176472746,0.0028839780962779393,0.0018153331451808974
0.425,0.0022359917884019254,0.0033938951960226227,0.0008665365705226025,0.003949514959199041,0.0011771673279914463,0.0019074104895761002,0.0032451743961599,0.002010305010752278,0.0016417158844979074,0.00116063822656165,0.0026311508087510926,0.0033605003093932773,0.00254986412014091,0.004881645101212806,0.0009652753763241817,0.0012160523997991612,0.0014288907013606522,0.0017591611223033432,0.001902246877171887,0.0028701599917593246,0.0018025308985383237
0.426,0.00222366838247644,0.0033796014639990712,0.0008596508252930457,0.003929697747351857,0.0011700614955034716,0.0018958521958065688,0.0032295335576459916,0.0019972841412745357,0.001631054801810583,0.0011525121335865807,0.002617000963371696,0.003345211116989155,0.0025367218725032004,0.004857505847867372,0.0009574816486784821,0.0012089114100105602,0.001420929284960848,0.0017474331909869134,0.0018906700779806052,0.002856425932392326,0.0017898279415159424
0.427,0.0022114214926225785,0.003365377839369299,0.0008528264636269434,0.003909972626332081,0.0011630080525869557,0.0018843814021728411,0.0032139792230190256,0.0019843518264172078,0.00162047320985792,0.001144444956721391,0.002602929690902256,0.003330002267968424,0.002523649583128229,0.004833484031936397,0.0009497559929630972,0.001201814847550664,0.001413014258326739,0.0017357860324831442,0.001879178758707467,0.0028427753103368314,0.0017772234780446539
0.428,0.002199250550554338,0.0033512236746643387,0.0008460629428983513,0.0038903390739583044,0.0011560065621769589,0.0018729973324491667,0.003198510887402528,0.0019715074591064585,0.0016099705612586668,0.0011364362304069342,0.002588936443849832,0.00331487319376933,0.0025106468688192995,0.004809578878042564,0.0009420977664704733,0.0011947623764534399,0.0014051453063091968,0.0017242189486177395,0.0018677722625887183,0.0028292075223768087,0.0017647167194676516
0.429,0.0021871549932704903,0.0033371383302983615,0.0008393597251435958,0.0038707965734546823,0.0011490565912314343,0.0018616992184956604,0.003183128049677908,0.0019587504362268415,0.0015995463113082087,0.0011284854929342059,0.002575020680085416,0.003299823331748941,0.0024977133497456894,0.004785789619625613,0.0009345063332073522,0.0011877536647499909,0.001397322116577171,0.001712731249106536,0.0018564499374056354,0.0028157219699184166,0.0017523068844681466
0.43,0.002175134262994405,0.003323121174472643,0.0008327162769992125,0.003851344613403973,0.0011421577106658365,0.0018504863001194138,0.0031678302124278357,0.0019460801585976517,0.0015891999179945548,0.0011205922864296891,0.0025611818627873095,0.003284852125105875,0.0024848486493798116,0.004762115498831432,0.0009269810638219411,0.001180788384422815,0.0013895443795968188,0.0017013222514747905,0.0018452111354791967,0.002802318058914066,0.00173999319896323
0.431,0.002163187807114564,0.0033091715830969592,0.0008261320696524299,0.0038319826876536123,0.0011353094953157061,0.0018393578249923381,0.003152616881905268,0.0019334960309349558,0.0015789308419944525,0.0011127561568166078,0.0025474194603736233,0.003269959022797808,0.0024720523944385953,0.004738555766376162,0.000919521335552842,0.001173866211339858,0.0013818117885828762,0.0016899912809718032,0.0018340552136203447,0.0027889951998351092,0.0017277748960399242
0.432,0.002151315078123417,0.003295288939700547,0.0008196065787950957,0.00381271029527408,0.001128511523903697,0.0018283130485329258,0.003137487567953956,0.0019209974618175085,0.0015687385466507386,0.0011049766537861716,0.0025337329464489855,0.0032551434794741985,0.00245932421480477,0.004715109681435514,0.0009121265321285765,0.0011669868252139892,0.0013741240394858911,0.001678737670467223,0.0018229815331189947,0.002775752807614773,0.001715651215860703
0.433,0.0021395155335525162,0.0032814726353620483,0.0008131392845561747,0.0037935269404957284,0.0011217633789555315,0.0018173512337926745,0.0031224417839612606,0.0019085838636456742,0.0015586224979916574,0.0010972533307894716,0.002520121799713504,0.003240404955417997,0.0024466637434505945,0.004691776511491552,0.0009047960436985303,0.0011601499094990864,0.0013664808309272747,0.0016675607603964249,0.0018119894597032893,0.0027625903016189612,0.001703621405582889
0.434,0.0021277886359261588,0.003267722068619361,0.0008067296714833194,0.003774432132616967,0.00111506464679767,0.001806471651358832,0.0031074790468292868,0.0018962546526350987,0.0015485821647108766,0.0010895857449906288,0.0025065855039340112,0.003225742916447727,0.0024340706163931136,0.00466855553225598,0.0008975292667777746,0.0011533551514022466,0.0013588818642180645,0.0016564598986508194,0.0018010783635230565,0.0027495071055949616,0.0016916847192833817
0.435,0.0021161338526868357,0.0032540366453841507,0.0008003772284612687,0.00375542538595397,0.0011084149174760416,0.0017956735792596934,0.0030925988768890633,0.001884009248761087,0.001538617018155386,0.00108197345723815,0.0024931235478588,0.0032111568338717422,0.0024215444726215507,0.0046454460275010545,0.0008903256041596919,0.0011466022417614408,0.0013513268432741032,0.0016454344405113508,0.0017902476191049566,0.0027365026476345866,0.0016798404178586246
0.436,0.002104550656153592,0.003240415778876571,0.0007940814486954162,0.0037365062198075893,0.0011018137847296217,0.0017849563028422555,0.0030778007978802258,0.0018718470757417283,0.0015287265323470356,0.0010744160320539375,0.002479735425158003,0.003196646184410401,0.0024090849540204795,0.00462244728899075,0.0008831844648538034,0.0011398908750476222,0.0013438154746182596,0.0016344837485633423,0.0017794966053465977,0.00272357636011733,0.0016680877689708717
0.437,0.0020930385234528503,0.003226858889528894,0.0007878418296335399,0.003717674158341344,0.001095260845944579,0.0017743191146967208,0.0030630843368825156,0.0018597675610012576,0.0015189101839411245,0.0010669130375919877,0.0024664206343869566,0.00318221045011835,0.0023966917053250825,0.00459955861632666,0.0008761052640183786,0.0011332207492621427,0.001336347467342236,0.0016236071926113427,0.001768824705465355,0.0027107276796958235,0.0016564260469427161
0.438,0.0020815969364713803,0.0032133654049318894,0.0007816578729595847,0.003698928730571649,0.0010887557020953231,0.0017637613145492503,0.0030484490242873585,0.0018477701356455212,0.0015091674522577092,0.0010594640456410565,0.0024531786788999366,0.0031678491183181334,0.002384364374054093,0.004576779316846302,0.0008690874228770573,0.0011265915659108838,0.001328922533076926,0.0016128041495856449,0.0017582313070013678,0.002697956047230443,0.0016448545326874786
0.439,0.0020702253817906635,0.003199934759726797,0.0007755290845091745,0.003680269470272335,0.001082297957721523,0.0017532822091423927,0.003033894393729586,0.0018358542344303341,0.0014994978192388597,0.0010520686315378391,0.0024400090667905383,0.0031535616815572265,0.00237210261045373,0.004554108705506543,0.0008621303686696669,0.001120003029932981,0.0013215403859475616,0.0016020740034943248,0.00174771580174915,0.0026852609077585576,0.001633372513644149
0.44,0.0020589233506472016,0.003186566395541046,0.0007694549742478518,0.003661695915930352,0.0010758872208730397,0.0017428811121811272,0.003019419982050353,0.0018240192957430512,0.0014899007694861854,0.0010447263742189294,0.002426911310869251,0.0031393476374985685,0.002359906067442852,0.004531546104782902,0.0008552335345801687,0.0011134548496778418,0.0013142007425738234,0.0015914161453165487,0.0017372775857823486,0.0026726417104785405,0.0016219792836692504
0.441,0.0020476903388603972,0.0031732597609333,0.0007634350562274461,0.003643207610675936,0.0010695231030631858,0.001732557344211516,0.00300502532926894,0.0018122647615624876,0.0014803757902230874,0.0010374368561196778,0.0024138849285564312,0.0031252064888824815,0.002347774400541902,0.004509090844524555,0.0008483963596526145,0.0011069467368116648,0.001306903322019659,0.0015808299729227482,0.0017269160593683663,0.0026600979086572885,0.0016106741429846583
0.442,0.0020365258467949453,0.003160014311277659,0.0007574688485321168,0.0036248041022437505,0.0010632052192419694,0.0017223102325263362,0.002990709978500039,0.0018005900774384909,0.0014709223712967567,0.0010301996632035015,0.0024009294418707583,0.0031111377434646093,0.002335707267844045,0.004486742261892163,0.0008416182887485135,0.001100478406287686,0.0012996478457679705,0.0015703148910204412,0.001716630627003668,0.0026476289596488733,0.0015994563980895604
0.443,0.002025429379296795,0.0031468295087220266,0.0007515558732427152,0.003606484942866861,0.0010569331877396948,0.0017121391110918038,0.002976473475954644,0.0017889946924699585,0.0014615400051714023,0.001023014384904597,0.0023880443773399707,0.003097140913918328,0.002323704329945775,0.004464499701203772,0.0008348987724816626,0.0010940495763011038,0.001292434037689305,0.0015598703110375478,0.0017064206973400609,0.0026352343248173815,0.0015883253616972848
0.444,0.002014400445648623,0.00313370482209796,0.0007456956564082518,0.0035882496892752913,0.0010507066302350987,0.0017020433204459895,0.0029623153708494554,0.001777478059266313,0.001452228186946014,0.0010158806141130627,0.0023752292659648955,0.0030832155178146525,0.002311765249884301,0.004442362513859877,0.0008282372671229998,0.001087659968221244,0.0012852616240305315,0.0015494956510907487,0.0016962856831784778,0.002622913469531696,0.0015772803526356016
0.445,0.002003438559514903,0.003120639726860497,0.0007398877279776173,0.00357009790259033,0.0010445251717120518,0.0016920222076155511,0.002948235215410655,0.0017660396339410633,0.0014429864143225002,0.0010087979471495867,0.0023624836431693774,0.0030693610775226476,0.002299889693113677,0.004420330058221511,0.0008216332345696298,0.00108130930654593,0.001278130333361882,0.0015391903358726866,0.0016862250014511027,0.0026106658630942192,0.0015663206957955422
0.446,0.0019925432388895547,0.0031076337049960046,0.0007341316217850391,0.0035520291482937782,0.001038388440420257,0.0016820751260151479,0.0029342325648089584,0.0017546788760691712,0.0014338141875942512,0.0010017659837389115,0.00234980704871135,0.0030555771201592474,0.002288077327431415,0.004398401699510113,0.0008150861422724365,0.0010749973188655115,0.0012710398965796177,0.0015289537965901268,0.001676238073172076,0.002598490978735657,0.001555445722042026
0.447,0.0019817140060498784,0.003094686244955902,0.0007284268755013423,0.0035340429961535635,0.0010322960678371684,0.0016722014353925951,0.0029203069771090995,0.0017433952486790583,0.001424711009675561,0.0009947843269668688,0.0023371990266870535,0.003041863177536186,0.0022763278229491757,0.004376576809702382,0.0008085954631666947,0.0010687237357924761,0.0012639900468478515,0.0015187854708813564,0.0016663243234446012,0.0025863882935655003,0.0015446547681531309
0.448,0.001970950387503956,0.0030817968416109176,0.0007227730305867652,0.0035161390201912113,0.0010262476886286898,0.00166240050170674,0.0029064580132603934,0.0017321882182056436,0.0014156763860678767,0.000987852583286597,0.002324659125428452,0.0030282187860672938,0.002264640852029043,0.004354854767431582,0.000802160675611896,0.0010624882909217037,0.0012569805195952188,0.0015086848027596744,0.0016564831814029901,0.0025743572885412735,0.001533947176745154
0.449,0.001960251913944666,0.0030689649961505028,0.0007171696322717525,0.0034983167985875863,0.001020242940608429,0.0016526716970768351,0.0028926852370295686,0.0017210572545103275,0.001406709824862018,0.0009809703624741317,0.002312186897471813,0.0030146434867563965,0.002253016089254878,0.004333234957890508,0.0007957812633275774,0.001056290720790054,0.001250011052486344,0.0014986512425139153,0.0016467140802133295,0.0025623974484279,0.0015233222961894555
0.45,0.0019496181201981266,0.0030561902160235466,0.0007116162295111028,0.0034805759136600223,0.0010142814647090548,0.0016430143996885027,0.002878988214978895,0.001710001830807606,0.001397810836737845,0.0009741372775929902,0.002299781899519071,0.003001136825084516,0.0022414532113718133,0.004311716772720686,0.0007894567153556853,0.001050130764817414,0.0012430813853713252,0.001488684246651939,0.0016370164570331802,0.0025505082617736097,0.0015127794805537276
0.451,0.0019390485451768803,0.0030434720148585503,0.0007061123749434461,0.003462915951797152,0.0010083629049343346,0.0016334279937054719,0.0028653665164162234,0.001699021423673841,0.0013889789349537107,0.0009673529449880647,0.0022874436923572272,0.0029876983509836696,0.0022299518972439536,0.004290299609924775,0.0007831865259713133,0.0010440081652701716,0.0012361912603023884,0.001478783277818696,0.0016273897529972547,0.0025386892208718592,0.0015023180895255006
0.452,0.001928542731835564,0.00303080991242366,0.0007006576248529406,0.00344533650339951,0.0010024869083323784,0.0016239118692042975,0.0028518197133752254,0.0016881155130183956,0.0013802136353373573,0.0009606169842550916,0.0022751718408347,0.0029743276187659262,0.002218511827830505,0.004268982873776417,0.0007769701946258589,0.001037922667200264,0.001229340421476044,0.0014689478047382742,0.0016178334131904393,0.0025269398217206973,0.001491937488353301
0.453,0.001918100227123415,0.0030182034345245246,0.0006952515391509539,0.0034278371628205795,0.0009966531249542276,0.001614465422097533,0.002838347380563766,0.0016772835820658694,0.0013715144562989057,0.0009539290182072335,0.002262965913812476,0.002961024187074335,0.0022071326861301532,0.0042477659747084395,0.0007708072259191567,0.001031874018405765,0.0012225286152177661,0.0014591773021132015,0.0016083468866232575,0.0025152595640156594,0.0014816370477644947
0.454,0.0019077205819353904,0.0030056521129760982,0.000689893681323217,0.003410417528333265,0.000990861207820326,0.0016050880540421364,0.0028249490953397016,0.0016665251173236806,0.0013628809187974378,0.000947288672852431,0.002250825484096386,0.0029477876188021,0.0021958141571434275,0.0042266483292295876,0.000764697129506553,0.001025861969397024,0.0012157555899549033,0.0014494712505840335,0.0015989296261991193,0.002503647951086707,0.0014714161438996731
0.455,0.0018974033510698652,0.0029931554854861764,0.0006845836184070642,0.0033930772020560607,0.000985110812891432,0.0015957791723868464,0.0028116244376622523,0.001655839608577181,0.0013543125463547634,0.0009406955773764158,0.002238750128397138,0.0029346174810606085,0.0021845559278252935,0.004205629359836371,0.0007586394200462809,0.0010198862733403757,0.001209021096201135,0.0014398291366353178,0.0015895810887119888,0.002492104489888347,0.0014612741582562538
0.456,0.0018871480931891282,0.002980713095640408,0.0006793209209527973,0.003375815789904868,0.0009794015990252092,0.0015865381900833642,0.002798372990074016,0.0016452265488590134,0.001345808865060083,0.0009341493641172871,0.002226739427304114,0.0029215133451221398,0.002173357687068278,0.0041847084949236946,0.0007526336171685966,0.0010139466860100699,0.0012023248865348224,0.0014302504525478543,0.0015803007348036413,0.002480628690965103,0.0014512104776172041
0.457,0.0018769543707628344,0.002968324492803265,0.0006741051629974848,0.0033586329015564687,0.0009737332279495803,0.0015773645256129676,0.00278519433765978,0.0016346854344299055,0.0013373694035336836,0.0009276496685185487,0.002214792965208323,0.0029084747863279414,0.0021622191256386314,0.00416388516868349,0.0007466792453934001,0.0010080429657579604,0.0011956667155490486,0.0014207346963056589,0.0015710880289468987,0.0024692200684108823,0.0014412244939727703
0.458,0.0018668217500374617,0.002955989232066303,0.000668935922027325,0.00334152815036437,0.0009681053642266457,0.001568257602925116,0.002772088068018097,0.0016242157647695654,0.0013289936929400392,0.0009211961291338833,0.0022029103302804165,0.002895501384088228,0.00215113993617444,0.00414315882102434,0.0007407758340826076,0.0010021748734670988,0.0011890463398595008,0.001411281371542672,0.0015619424394253123,0.0024578781398545413,0.0014313156044787334
0.459,0.0018567498009870397,0.0029437068741846595,0.0006638127789346804,0.003324501153351922,0.0009625176752227071,0.001559216851375722,0.002759053771224984,0.001613817042542709,0.0013206812669844803,0.0009147883875939566,0.002191091114411625,0.0028825927217881464,0.0021401198131191235,0.004122528897474664,0.000734922917387193,0.0009963421724874522,0.0011824635180723853,0.0014018899874695956,0.0015528634383162876,0.002446602426428579,0.0014214832113699227
0.46,0.0018467380972713998,0.0029314769855164347,0.000658735318019632,0.0033075515311186132,0.0009569698310792907,0.001550241705627231,0.002746091039798282,0.001603488773589734,0.0013124316619153031,0.0009084260885572348,0.002179334913170461,0.002869748386739923,0.0021291584527005636,0.004101994849139201,0.0007291200341892345,0.0009905446286341268,0.0011759180107487888,0.0013925600588038378,0.0015438505014430115,0.002435392452723617,0.0014117267219134755
0.461,0.0018367862161961178,0.002919299137953746,0.0006537031269183702,0.0032906789078152032,0.0009514615046748442,0.0015413316056136495,0.0027331994686818906,0.00159323046690929,0.0013042444164855782,0.0009021088797276366,0.002167641325766856,0.002856967970140678,0.0021182555529069003,0.004081556132553565,0.0007233667280546197,0.0009847820101119842,0.0011694095804019033,0.0013832911057014563,0.0015349031083802256,0.002424247746777075,0.0014020455483468863
0.462,0.0018268937386741347,0.0029071729088543385,0.0006487157966135193,0.0032738829110883216,0.0009459923716029772,0.0015324859964662707,0.002720378655206801,0.001583041634640736,0.0012961190719881222,0.000895836411796691,0.002156009955009308,0.0028442510670158017,0.0021074108134488956,0.004061212209645948,0.0007176625471733145,0.0009790540874995424,0.0011629379914598337,0.0013740826537090856,0.0015260207424218075,0.0024131678400434176,0.0013924391077979603
0.463,0.0018170602491781374,0.0028950978810077244,0.0006437729213734089,0.0032571631720368366,0.0009405621101260531,0.0015237043284280771,0.002707628199059897,0.0015729217920312788,0.0012880551722150857,0.0008896083384373199,0.0021444404072543666,0.0028315972761678854,0.002096623935711861,0.004040962547645077,0.0007120070443025206,0.0009733606336836953,0.001156503010250276,0.0013649342336554682,0.0015172028905611201,0.002402152267364177,0.001382906822250618
0.464,0.0018072853357084917,0.002883073642544365,0.0006388740987359753,0.0032405193251455744,0.0009351704011720807,0.0015149860568324236,0.0026949477022640833,0.0015628704574481844,0.001280052263484266,0.0008834243162649802,0.0021329322923657745,0.0028190062001166583,0.0020858946227552133,0.004020806618999395,0.0007063997767442487,0.0009677014238343995,0.0011501044049858633,0.0013558453816348015,0.0015084490434565945,0.0023912005669365355,0.001373448118448417
0.465,0.0017975685897482386,0.002871099786889486,0.0006340189294873344,0.0032239510082613387,0.0009298169282901947,0.0015063306419864642,0.002682336769132654,0.001552887152329041,0.001272109894607909,0.0008772840048287822,0.0021214852236816073,0.0028064774450606844,0.0020752225792675105,0.004000743901282022,0.0007008403062345181,0.0009620762353883539,0.0011437419457209774,0.0013468156389109254,0.001499758695422626,0.0023803122802923404,0.0013640624278900004
0.466,0.0017879096062279776,0.00285917591271323,0.0006292070176124875,0.0032074578625268524,0.0009245013775991406,0.0014977375491642686,0.0026697950062661846,0.0015429714011877538,0.0012642276169031463,0.0008711870665776278,0.0021100988179599822,0.002794010620818299,0.002064607511537364,0.003980773877151456,0.0006953281989545701,0.0009564848479607369,0.0011374154043617413,0.0013378445518684723,0.001491131344410035,0.0023694869522724593,0.001354749186713744
0.467,0.0017783079834859717,0.002847301623841947,0.0006244379703000957,0.0031910395323420104,0.0009192234378103681,0.0014892062485022395,0.0026573220225093452,0.0015331227315992235,0.0012564049841661262,0.0008651331668422246,0.0020987726953598518,0.002781605340783644,0.002054049127429569,0.003960896034237549,0.0006898630254540405,0.000950927043346872,0.0011311245546168358,0.0013289316719323763,0.0014825664919730919,0.0023587241309992457,0.0013455078356727768
0.468,0.001768763323234296,0.0028354765292397666,0.0006197113978828606,0.0031746956653263547,0.0009139828001741845,0.0014807362149794612,0.0026449174289279176,0.0015233406741599342,0.0012486415527033223,0.0008591219738011135,0.0020875064793750564,0.0027692612218853663,0.0020435471363654534,0.003941109865099879,0.0006844443605931172,0.0009454026054769304,0.001124869171997167,0.001320076555514027,0.0014740636432473142,0.002348023367855001,0.00133633782008169
0.46900000000000003,0.001759275230513263,0.0028237002429227775,0.0006150269138294195,0.003158425912239915,0.0009087791584275751,0.0014723269283166696,0.0026325808387891447,0.001513624762498722,0.0012409368812875687,0.0008531531584752283,0.002076299796816783,0.0027569778845237813,0.002033101249287461,0.003921414867118278,0.0006790717835019056,0.0009399113203697462,0.0011186490337837807,0.0013112787639573131,0.001465622306951353,0.0023373842174457815,0.0013272385897220573
0.47000000000000003,0.0017498433136653112,0.002811972383914396,0.000610384134713704,0.0031422299269917575,0.0009036122088139642,0.0014639778729506059,0.002620311867522096,0.001503974533245911,0.0012332905311718267,0.0008472263946875946,0.002065152277761273,0.0027447549525269066,0.0020227111786343954,0.003901810542458306,0.0006737448775396837,0.0009344529761028397,0.0011124639190206453,0.0013025378634671236,0.0014572419953384763,0.002326806237592516,0.0013182095988522047
0.47100000000000003,0.0017404671842920383,0.0028002925761690944,0.0006057826801992849,0.0031261073665458383,0.0008984816500317017,0.001455688537975175,0.0026081101327241063,0.0014943895260163265,0.0012257020660818574,0.0008413413590464547,0.0020540635555276188,0.0027325920531169334,0.0020123766383299824,0.003882296397976659,0.00066846323023384,0.0009290273627833301,0.0011063136084713543,0.0012938534250436229,0.0014489222241907962,0.0023162889892944794,0.0013092503060823102
0.47200000000000003,0.0017311464572189127,0.0027886604485518607,0.0006012221729826406,0.0031100578908942467,0.0008933871832015328,0.001447458417071501,0.0025959752540881675,0.0014848692834084076,0.0012181710522096711,0.0008354977309209533,0.00204303326661881,0.002720488816845279,0.0020020973437466782,0.003862871945160995,0.0006632264332372406,0.000923634272506968,0.0011001978846392202,0.001285225024425296,0.0014406625127888484,0.002305832036709754,0.0013003601743701854
0.47300000000000003,0.0017218807504655708,0.0027770756347620384,0.000596702238810698,0.003094081163026674,0.0008883285118639339,0.001439287008473289,0.0025839068534336818,0.0014754133509785605,0.0012106970581984289,0.0008296951924242624,0.0020320610507050807,0.0027084448775733794,0.001991873011689793,0.0038435367000387854,0.0006580340822857078,0.0009182734993073982,0.0010941165317008839,0.0012766522420422088,0.0014324623839012673,0.002295434947139352,0.001291538670955994
0.47400000000000003,0.001712669685208995,0.0027655377732735964,0.0005922225064347586,0.003078176848866465,0.0008833053419456949,0.0014311738148851116,0.002571904554645399,0.0014660212772324988,0.0012032796551717517,0.0008239334283814959,0.0020211465505702852,0.002696459872394752,0.001981703360373621,0.0038242901831627707,0.000652885777142731,0.000912944839175478,0.0010880693355260762,0.0012681346629338508,0.001424321363758474,0.0022850972909989054,0.0012827852673061857
0.47500000000000003,0.0017035128857404824,0.002754046507288388,0.0005877826075797454,0.0030623446172384217,0.0008783173817255019,0.001423118343471419,0.002559967983659983,0.001456692613583943,0.001195918416658559,0.0008182121263136111,0.002010289412098021,0.0026845334416114586,0.0019715881094013454,0.003805131919490057,0.0006477811215659379,0.0009076480899546935,0.0010820560836392046,0.0012596718766946235,0.0014162389820219223,0.0022748186417744787,0.0012740994390383342
0.47600000000000003,0.001694409979450917,0.0027426014846887448,0.0005833821769285485,0.003046584139833608,0.000873364341820726,0.0014151201057625018,0.0025480967684685663,0.0014474269143934793,0.001188612918666121,0.0008125309764066557,0.001999489284211453,0.0026726652287030195,0.001961526979749051,0.0037860614383508073,0.0006427197232450332,0.0009023830513608111,0.0010760765652145787,0.0012512634774325404,0.0014082147717991989,0.002264598576049437,0.0012654806659334605
0.47700000000000004,0.0016853605967809548,0.0027312023579770806,0.0005790208521112561,0.003030895091147512,0.0008684459351691043,0.0014071786176464984,0.0025362905390458046,0.0014382237369032769,0.0011813627396287663,0.0008068896714963358,0.001988745818851001,0.0026608548802538046,0.001951519693744963,0.003767078273357427,0.0006377011937719335,0.0008971495249363581,0.0010701305710431042,0.0012429090636942863,0.0014002482695814056,0.0022544366734349452,0.0012569284318242335
0.47800000000000004,0.0016763643711943388,0.0027198487842171604,0.0005746982736606343,0.0030152771484552865,0.0008635618769907705,0.0013992933992712508,0.002524548927380188,0.0014290826412526325,0.0011741674604004437,0.0008012879070454781,0.0019780586709441383,0.0026491020459386005,0.0019415659750354752,0.0037481819623819135,0.0006327251485831464,0.0008919473140118761,0.0010642178935178492,0.0012346082384099288,0.0013923390152410509,0.0022443325165720784,0.0012484422245768734
0.47900000000000004,0.0016674209391520645,0.0027085404250027922,0.0005704140850036898,0.002999729991775668,0.0008587118847778186,0.0013914639750590707,0.00251287156742952,0.0014200031904580968,0.001167026664283477,0.0007957253811297083,0.001967427498370977,0.0026374063784516677,0.0019316655485993595,0.0037293720474493863,0.0006277912069374558,0.0008867762236683951,0.0010583383266344892,0.0012263606088440682,0.0013844865520143967,0.002234285691117943,0.0012400215360333089
0.48,0.0016585299400695918,0.0026972769463904367,0.0005661679324378,0.002984253303805473,0.0008538956782707663,0.0013836898735885006,0.0025012580951006003,0.001410984950388161,0.001159939936980603,0.0007902017943862694,0.0019568519619130864,0.00262576753350352,0.0019218181407101298,0.003710648074714329,0.0006228989918428685,0.0008816360607484253,0.0010524916659465644,0.00121816578651468,0.001376690426491134,0.002224295785685171,0.001231665861973319
0.481,0.0016496910162917932,0.0026860580188388106,0.0005619594651026238,0.002968846769907718,0.0008491129794316876,0.0013759706276074146,0.002489708148230352,0.0014020274897568186,0.0011529068666155107,0.0007847168500232371,0.00194633172524461,0.0026141851697386587,0.0019120234789011814,0.003692009594380652,0.0006180481300406271,0.0008765266337693589,0.0010466777085798018,0.0012100233871847887,0.001368950188560647,0.002214362391873559,0.001223374702047808
0.482,0.0016409038130647258,0.002674883317192678,0.0005577883349697776,0.002953510078053778,0.0008443635124359972,0.0013683057739517501,0.0024782213665833774,0.0013931303801230088,0.0011459270437206293,0.0007792702537890994,0.0019358664548859705,0.0026026589487393448,0.0019022812919905485,0.0036734561606452942,0.0006132382519415946,0.0008714477529312425,0.00104089625317072,0.00120193303075522,0.0013612653914323314,0.002204485104216669,0.0012151475597654837
0.483,0.0016321679785027022,0.002663752520601581,0.0005536541968000908,0.0029382429188007375,0.0008396470036347026,0.0013606948535209717,0.0024667973918074404,0.0013842931958618632,0.0011390000612278017,0.0007738617139423365,0.001925455820175337,0.002591188534957878,0.0018925913100422687,0.0036549873316517045,0.0006084689916024955,0.0008663992300850243,0.0010351470999123702,0.0011938943412481695,0.001353635591598512,0.0021946635201701703,0.0012069839424125872
0.484,0.0016234831635546898,0.002652665312469882,0.0005495567081550412,0.002923044985236878,0.0008349631815415259,0.0013531374112227823,0.0024554358674294674,0.0013755155141543796,0.0011321255144681741,0.0007684909412265517,0.001915099493239536,0.002579773595673074,0.0018829532643457325,0.00363660266943322,0.0006037399866780646,0.0008613808786843702,0.0010294300504721798,0.001185906946720272,0.0013460603488076872,0.0021848972400938527,0.0011988833610411254
0.485,0.0016148490219820677,0.002641621380441994,0.0005454955293553443,0.0029079159729527015,0.000830311776829129,0.0013456329959165014,0.002444136438852551,0.0013667969149711023,0.00112530300116509,0.0007631576488831282,0.0019047971489580817,0.002568413800987601,0.0018733668874167941,0.0036183017398285777,0.0005990508783658699,0.0008563925137797801,0.0010237449080223726,0.0011779704792452828,0.0013385392260532036,0.002175185867226981,0.0011908453303892674
0.486,0.0016062652103296438,0.0026306204163204505,0.0005414703234604135,0.0028928555800011857,0.0008256925222791534,0.0013381811604226135,0.0024328987533157598,0.0013581369810815591,0.0011185321214246535,0.0007578615525805077,0.001894548464928869,0.0025571088237537065,0.0018638319129804515,0.0036000841124899097,0.0005944013113940994,0.0008514339519936076,0.0010180914772139893,0.0011700845748283673,0.0013310717895596014,0.0021655290076816325,0.0011828693688823444
0.487,0.0015977313878867473,0.0026196621160243794,0.0005374807562484873,0.0028778635068643643,0.000821105152787327,0.0013307814614120783,0.002421722459875708,0.0013495352980117392,0.0011118124777336202,0.0007526023704186313,0.0018843531214637332,0.0025458583395516765,0.0018543480759409814,0.003581949360757397,0.0005897909339560581,0.0008465050114667694,0.001012469564143581,0.0011622488733799008,0.0013236576087523044,0.002155926270406505,0.0011749549985397012
0.488,0.001589247216671774,0.0026087461795508693,0.0005335264962171848,0.0028629394564191335,0.0008165494053439248,0.0013234334594263153,0.0024106072094148834,0.0013409914540372103,0.0011051436749437427,0.00074737982292572,0.0018742108015129544,0.0025346620266579745,0.0018449151123973717,0.0035638970616556076,0.0005852193976760844,0.000841605511858079,0.0010068789763594266,0.0011544630186217653,0.0013162962562527358,0.0021463772671818093,0.0011671017449826904
0.489,0.0015808123614003522,0.0025978723109335577,0.000529607214538208,0.0028480831338881796,0.0008120250189880274,0.001316136718791383,0.0023995526546094492,0.0013325050401933325,0.0010985253202884238,0.0007421936329998768,0.001864121190696455,0.0025235195660076037,0.0018355327596211168,0.0035459267958430907,0.0005806863575908983,0.0008367352742996159,0.0010013195228328886,0.0011467266580988955,0.0013089873078341308,0.002136881612588293,0.0011593091373636177
0.49,0.0015724264894566519,0.002587040218172687,0.000525722585046573,0.0028332942468211053,0.0008075317348371636,0.001308890807615315,0.002388558449925249,0.0013240756502461704,0.0010919570233465237,0.0007370435259181907,0.0018540839771988837,0.0025124306411518083,0.0018262007560212457,0.0035280381475257805,0.0005761914720870953,0.0008318941214098263,0.0009957910139478665,0.0011390394430734752,0.0013017303424427418,0.002127438924012348,0.0011515767083329909
0.491,0.001564089270868274,0.002576249613213122,0.0005218722842353918,0.0028185725050533517,0.0008030692960196983,0.001301695297718397,0.002377624251569843,0.0013157028806765059,0.001085438396073557,0.0007319292292949919,0.0018440988518194645,0.002501394938241086,0.001816918841171744,0.003510230704448003,0.0005717344028655091,0.0008270818772153632,0.0009902932614942461,0.0011314010285030651,0.0012945249421369986,0.0021180488216070437,0.0011439039940080997
0.492,0.0015558003782722763,0.0025655002118812886,0.0005180559912125737,0.002803917620656793,0.0007986374476935953,0.0012945497646092985,0.0023667497175200447,0.0013073863306588551,0.0010789690527502893,0.0007268504730784109,0.0018341655078781827,0.002490412145958687,0.0018076867557644816,0.0034925040578192013,0.0005673148149181184,0.0008222983671563044,0.0009848260786337049,0.0011238110729691053,0.0012873706921030514,0.0021087109282732497,0.0011362905339102891
0.493,0.001547559486905542,0.0025547917338554216,0.0005142733877007144,0.0027893293079405135,0.0007942359370137764,0.0012874537874619785,0.0023559345074979365,0.0012991256020862263,0.001072548610015045,0.0007218069895089663,0.0018242836412432073,0.002479481955527718,0.0017985042416351904,0.0034748578022696375,0.0005629323764770877,0.0008175434180770491,0.0009793892799071502,0.0011162692386521567,0.0012802671806142474,0.0020994248696555307,0.001128735870971287
0.494,0.0015393662745674496,0.002544123902612827,0.0005105241580298792,0.002774807283383418,0.0007898645131286797,0.0012804069490510717,0.0023451782829359002,0.0012909202995261548,0.0010661766868453881,0.0007167985131385501,0.0018144529502650553,0.002468604060657187,0.0017893710417247188,0.003457291535829854,0.0005585867589893434,0.0008128168581691408,0.0009739826812081853,0.001108775191271838,0.0012732139990104807,0.002090190274120385,0.0011212395514509366
0.495,0.001531220421593965,0.002533496445391248,0.0005068079890835353,0.002760351265618577,0.0007855229271410691,0.0012734088357450046,0.002334480706981834,0.0012827700302159295,0.0010598529045368066,0.0007118247807568201,0.0018046731357597157,0.0024577781575035873,0.0017802869000816957,0.003439804859840856,0.0005542776370691671,0.0008081185169755978,0.0009686060997751156,0.001101328600032092,0.0012662107417119595,0.002081006772739702,0.0011138011249189894
0.496,0.0015231216108361977,0.002522909093118253,0.0005031245703155385,0.002745960975394701,0.0007812109321071459,0.0012664590374477092,0.0023238414444766153,0.0012746744040451619,0.0010535768867296902,0.0007068855314162903,0.0017949439009887769,0.0024470039446464753,0.0017712515618497626,0.0034223973789585527,0.0005500046884631127,0.0008034482253477249,0.0009632593541680778,0.001093929137582883,0.0012592570061649155,0.002071873999271223,0.001106420144231346
0.497,0.0015150695276410886,0.0025123615804306665,0.0004994735937088324,0.002731636135549609,0.0007769282830373259,0.001259557147577195,0.002313260161961983,0.0012666330335666665,0.0010473482593634786,0.0007019805063912532,0.0017852649516337804,0.00243628112308536,0.0017622647732733476,0.0034050687010649394,0.0005457675940272466,0.0007988058154526634,0.0009579422642697066,0.001086576479969903,0.0012523523928413827,0.0020627915901442195,0.0010990961654722131
0.498,0.0015070638598148945,0.0025018536455535534,0.0004958547537874392,0.002717376470968147,0.0007726747368367315,0.0012527027630285792,0.002302736527631466,0.001258645533957048,0.0010411666507098571,0.0006971094491633467,0.0017756359957497025,0.0024256093961465552,0.0017533262816601392,0.0033878184372594378,0.0005415660376874021,0.0007941911207293151,0.0009526546512552692,0.0010792703065797271,0.0012454965052159928,0.0020537591844352887,0.0010918287479428912
0.499,0.0014991042976091329,0.002491385030312099,0.000492267747564723,0.0027031817085740872,0.0007684500523424953,0.0012458954841296777,0.0022922702113541416,0.001250711523012371,0.0010350316913396718,0.0006922721053983505,0.0017660567437746133,0.002414988469510937,0.0017444358354176126,0.0033706462017890626,0.0005373997063783387,0.0007896039758614748,0.0009473963375957739,0.0010720103001038428,0.0012386889497508768,0.0020447764238741284,0.00108461745409838
0.5,0.0014911905336947085,0.002480955480077096,0.0004887122745427241,0.0026890515772629575,0.0007642539902563694,0.0012391349146443353,0.002281860884641995,0.0012428306211591522,0.0010289430141081635,0.0006874682229340845,0.001756526908477496,0.0024044180511666458,0.0017355931839795335,0.0033535516120460906,0.0005332682900659469,0.000785044216775832,0.0009421671470360993,0.0010647961464949063,0.0012319293358727945,0.0020358429528053446,0.0010774618495466015
0.501,0.0014833222631393194,0.0024705647437118783,0.0004851880367147121,0.002674985807904595,0.0007600863131973501,0.0012324206616869393,0.002271508220647034,0.001235002451404399,0.0010229002542052612,0.0006826975517461031,0.0017470462049336,0.0023938978513512454,0.0017267980778751246,0.0033365342884800198,0.0005291714816508808,0.0007805116806184342,0.0009369669045882212,0.0010576275349091224,0.001225217275974133,0.0020269584181827893,0.0010703615030045466
0.502,0.0014754991833845598,0.0024602125735443403,0.0004816947385115622,0.0026609841332994044,0.0007559467856045332,0.0012257523357404043,0.002261211894148518,0.001227226639359924,0.001016903049076312,0.0006779598439567991,0.0017376143505266617,0.002383427582589248,0.0017180502686775512,0.00331959385459879,0.0005251089769781059,0.0007760062057372563,0.0009317954365029024,0.0010505041576823748,0.0012185523853656122,0.002018122469548911,0.001063315986241986
0.503,0.001467720994220456,0.0024498987253183113,0.0004782320868180756,0.0026470462881487133,0.0007518351737937357,0.0012191295505954436,0.0022509715815369757,0.0012195028131967156,0.0010109510384591625,0.0006732548537865535,0.001728231064888619,0.0023730069595935266,0.0017093495090003685,0.00330272993690206,0.0005210804747882714,0.0007715276316472286,0.0009266525702789075,0.0010434257102514,0.0012119342822799473,0.0020093347590306454,0.0010563248740944609
0.504,0.0014599873977690359,0.0024396229581573614,0.00047479979093034697,0.0026331720090274624,0.0007477512459155289,0.0012125519233255888,0.0022407869608188635,0.0012118306036676962,0.0010050438643732784,0.0006685823375404132,0.0017188960698990563,0.002362635699274751,0.0017006955525051826,0.0032859421648596676,0.0005170856766906207,0.0007670757990316801,0.000921538134655564,0.0010363918911442394,0.0012053625878510887,0.002000594941316214,0.001049387744396113
0.505,0.0014522980984573886,0.0024293850345239454,0.0004713975625733058,0.002619361034356782,0.000743694771930814,0.0012060190742755328,0.0022306577115887016,0.0012042096440624261,0.0009991811710974297,0.0006639420536190821,0.001709609089662334,0.002352313520711413,0.001692088153873894,0.0032692301708634464,0.0005131242871233566,0.0007626505497083658,0.0009164519595515896,0.001029402401928392,0.0011988369260940157,0.001991902673633361,0.0010425041779695832
0.506,0.001444652802998264,0.002419184720160117,0.00046802511585075646,0.002605613104377791,0.0007396655236278082,0.0011995306270023987,0.0022205835150198583,0.0011966395702384114,0.0009933626051940037,0.0006593337624596352,0.001700369850461625,0.0023420401451199613,0.001683527068838453,0.0032525935901995817,0.0005091960133142281,0.0007582517266289113,0.0009113938761141638,0.001022456947147976,0.0011923569238838638,0.001983257615742806,0.0010356737585829334
0.507,0.0014370512203728536,0.0024090217841076234,0.00046468216724426803,0.002591927961113516,0.0007356632745701974,0.0011930862082687455,0.0022105640538769844,0.0011891200205562669,0.0009875878154619322,0.0006547572265389601,0.0016911780807762344,0.0023318152958269334,0.0016750120541444424,0.003236032061017524,0.0005053005652870812,0.0007538791738467276,0.0009063637166781824,0.001015555234312071,0.0011859222109518175,0.0019746594299376863,0.0010288960729398777
0.508,0.0014294930618014069,0.0023988959985911107,0.00046136843560551366,0.002578305348352461,0.0007316878001288885,0.00118668544801237,0.0022005990124764896,0.0011816506359118017,0.0009818564529670004,0.0006502122103535513,0.0016820335112118778,0.0023216386982494175,0.001666542867558518,0.0032195452242711475,0.0005014376557889166,0.000749532736500802,0.0009013613147568211,0.0010086969738254403,0.0011795324198441426,0.0019661077809964844,0.0010221707106253808
0.509,0.0014219780407309646,0.0023888071390306687,0.00045808364213639763,0.00256474501162407,0.000727738877441042,0.0011803279793061172,0.0021906880767021963,0.001174231059693942,0.0009761681710169778,0.0006456984803979715,0.001672935874517223,0.0023115100798586363,0.001658119267860192,0.003203132723708757,0.0004976070002710165,0.0007452122608142542,0.0008963865050292119,0.0010018818789754302,0.001173187185939284,0.0019576023361914663,0.0010154972641044369
0.51,0.0014145058728123661,0.0023787549839860977,0.00045482751036074465,0.0025512466981552073,0.000723816285396639,0.001174013438341004,0.0021808309339840237,0.0011668609378081563,0.0009705226251656152,0.0006412158051555261,0.0016638849055474747,0.0023014291701625167,0.0016497410148512692,0.0031867942058290133,0.0004938083168777307,0.0007409175940575885,0.0008914391233473262,0.0009951096658595837,0.0011668861474044556,0.0019491427652790216,0.001008875328678327
0.511,0.0014070762758775558,0.002368739315141588,0.0004515997661310722,0.002537810156868159,0.0007199198046374811,0.0011677414644004624,0.0021710272732833324,0.001159539918624386,0.0009649194731712329,0.0006367639550659554,0.001654880341232845,0.002291395700693144,0.0016414078693358647,0.0031705293198466267,0.0004900413263858594,0.0007366485845623494,0.0008865190066833506,0.0009883800533729836,0.0011606289451848717,0.001940728740468467,0.0010023045024610822
0.512,0.001399688969923113,0.0023587599172156803,0.00044840013759517294,0.00252443513833156,0.0007160492175443123,0.001161511699828699,0.00216127678511302,0.0011522676530016929,0.0009593583750591161,0.0006323427025110018,0.0016459219205622322,0.002281409404964019,0.0016331195931080789,0.003154337717666711,0.00048630575220931505,0.0007324050816631678,0.0008816259931636594,0.000981692763144637,0.0011544152229980842,0.0019323599364171606,0.0009957843863649396
0.513,0.0013923436770916509,0.00234881657798347,0.00044522835519988924,0.002511121394750515,0.0007122043082260499,0.0011553237900031599,0.002151579161491779,0.0011450437942434055,0.0009538389930553448,0.0006279518218130775,0.0016370093845902156,0.0022714700184456316,0.0016248759489875253,0.003138219053848368,0.0004826013203355073,0.0007281869357196324,0.0008767599220476097,0.0009750475195343666,0.0011482446272904623,0.0019240360302189563,0.000989314584048051
0.514,0.0013850401216477348,0.0023389090882067753,0.000442084151654365,0.00249786867993651,0.0007083848625062394,0.0011491773833182117,0.0021419340959502042,0.001137867998114328,0.0009483609915987845,0.0006235910891998486,0.0016281424763666674,0.0022615772785611332,0.0016166767007737004,0.0031221729855606117,0.0004789277593222341,0.0007239939980875354,0.0008719206336901264,0.0009684440495462132,0.001142116807260174,0.0019157567013802224,0.0009828947019208112
0.515,0.001377778029965876,0.0023290372416097105,0.00043896726194059266,0.002484676749278103,0.0007045906678978531,0.0011430721311471714,0.0021323412835396738,0.0011307399228130954,0.0009429240373388659,0.0006192602827966853,0.0016193209409566256,0.0022517309246548045,0.001608521613254088,0.0031061991725858107,0.0004752848002731458,0.0007198261211112111,0.0008671079695693473,0.0009618820828199981,0.0011360314147998984,0.0019075216318288346,0.0009765243491020037
0.516,0.001370557130506811,0.002319200834832502,0.0004358774232812168,0.0024715453597340398,0.0007008215136214968,0.0011370076878313151,0.0021228004208143636,0.0011236592289671776,0.0009375277991230391,0.0006149591825944656,0.0016105445254042117,0.0022419306979634124,0.0016004104522329143,0.0030902972772470783,0.00047167217676125084,0.0007156831580916734,0.0008623217722436571,0.0009553613516002368,0.0011299881045229165,0.001899330505868324,0.0009702031374009268
0.517,0.0013633771538025252,0.002309399667393297,0.0004328143751359814,0.0024584742697890682,0.0006970771905780992,0.0011309837106555642,0.0021133112058069337,0.0011166255796120073,0.0009321719480038793,0.0006106875704601222,0.0016018129787063184,0.0022321763416027762,0.0015923429844719728,0.0030744669644126033,0.0004680896248816513,0.0007115649632962739,0.0008575618853778888,0.00094888159067541,0.0011239865336988286,0.001891183010192976,0.0009639306812988524
0.518,0.0013562378324314729,0.002299633541678836,0.00042977785917097666,0.002445463239436063,0.0006933574913333684,0.001124999859785425,0.002103873338043294,0.0011096386402013048,0.0009268561572126632,0.0006064452300914569,0.0015931260518033952,0.002222467600533684,0.0015843189777381417,0.0030587079014503527,0.00046453688314507247,0.0007074713919363873,0.0008528281536853699,0.0009424425373449896,0.001118026362280533,0.0018830788338531912,0.0009577065979049504
0.519,0.0013491389010145294,0.002289902262882726,0.0004267676192674097,0.002432512030154599,0.0006896622101147942,0.0011190557983253857,0.0020944865185339445,0.0011026980785546758,0.0009215801021658088,0.0006022319470313509,0.0015844834975659028,0.002212804221568443,0.0015763382007836224,0.0030430197582032026,0.0004610136925033981,0.0007034023001449841,0.0008481204229631167,0.0009360439314213265,0.0011121072528559317,0.0018750176682726938,0.0009515305069772717
0.52,0.0013420800961813362,0.0022802056389671366,0.0004237834014968467,0.002419620404909506,0.0006859911428015453,0.0011131511922038984,0.002085150449748552,0.0010958035648912512,0.0009163434604607668,0.000598047508592936,0.001575885070759897,0.002203185953321918,0.0015684004233190718,0.003027402206956742,0.0004575197963023747,0.0006993575449885103,0.0008434385400711841,0.000929685515129397,0.0011062288706660262,0.00186699920719402,0.0009454020308451438
0.521,0.0013350611565664029,0.002270543480672127,0.00042082495410245,0.002406788128082371,0.0006823440869182518,0.0011072857102201183,0.0020758648356234977,0.001088954771802153,0.000911145911854927,0.0005938917039380875,0.0015673305280291538,0.0021936125462098666,0.0015605054160658938,0.003011854922424728,0.0004540549402709537,0.0006953369844162616,0.0008387823528986926,0.0009233670331183497,0.001100390883550073,0.0018590231466999452,0.000939320794430154
0.522,0.001328081822779764,0.0022609156014083975,0.00041789202750242005,0.002394014965486413,0.0006787208416046964,0.0011014590239766253,0.0020666293815749803,0.0010821513742169664,0.0009059871382834928,0.0005897643239530792,0.0015588196278860655,0.0021840837524077505,0.0015526529506988407,0.0029963775816971294,0.0004506188724537896,0.0006913404772945775,0.0008341517103842566,0.0009170882324164298,0.0010945929619528005,0.001851089185190058,0.0009332864252065143
0.523,0.001321141837402784,0.002251321817296703,0.0004149843742506931,0.0023813006843399487,0.0006751212076430146,0.0010956708078853072,0.002057443794443392,0.001075393049423723,0.0009008668238116302,0.0005856651613307395,0.0015503521306903245,0.0021745993258566187,0.0015448427998805414,0.0029809698642482285,0.0004472113432445468,0.000687367883357326,0.0008295464625012183,0.0009108488623883471,0.0010888347789165254,0.0018431970233508954,0.0009272985531959543
0.524,0.0013142409449588498,0.002241761947078369,0.000412101749043714,0.002368645053237639,0.0006715449874065138,0.0010899207391326104,0.0020483077825389495,0.0010686794770373709,0.0008957846546829851,0.0005815940104638706,0.0015419277986318258,0.002165159022228691,0.0015370747372275284,0.0029656314518763383,0.00044383210530773987,0.0006834190632105663,0.0008249664602300033,0.0009046486747071869,0.001083116010035079,0.0018353463641790357,0.0009213568109209813
0.525,0.0013073788919097107,0.002232235812130945,0.0004092439087148847,0.0023560478421206232,0.0006679919848824323,0.0010842084976584454,0.002039221055594398,0.0010620103389922253,0.0008907403192643937,0.0005775506675144149,0.001533546395699803,0.002155762598918143,0.0015293485373646387,0.0029503620287048005,0.0004404809136018262,0.0006794938783306614,0.0008204115555685565,0.0008984874233205487,0.0010774363334657977,0.0018275369129329144,0.0009154608334137615
0.526,0.001300555426627753,0.002222743236381608,0.0004064106121814959,0.002343508822277629,0.0006644620056468487,0.0010785337661318728,0.002030183324796875,0.0010553853195388596,0.0008857335080664219,0.0005735349303321868,0.0015252076876801635,0.00214640981501113,0.0015216639758486306,0.0029351612811431282,0.00043715752531148233,0.0006755921910356344,0.0008158816015206849,0.0008923648644189042,0.0010717954299090948,0.0018197683771515871,0.0009096102581708232
0.527,0.0012937702993900957,0.0022132840463287007,0.0004036016204875814,0.0023310277663176615,0.0006609548568500268,0.0010728962299602074,0.0020211943027453882,0.0010488041052231223,0.0008807639137334844,0.0005695465984769665,0.0015169114421461627,0.002137100431278127,0.0015140208292285795,0.0029200288978492583,0.0004338616998538214,0.0006717138644958265,0.0008113764520897293,0.0008862807563951858,0.001066192982576597,0.0018120404666046586,0.0009038047251608283
0.528,0.0012870232623512444,0.002203858070956355,0.00040081669673852627,0.0023186044481334767,0.0006574703472299603,0.0010672955772074166,0.0020122537034736876,0.0010422663848653757,0.0008758312310205296,0.00056558547318597,0.0015086574284017829,0.0021278342101405112,0.0015064188750203433,0.0029049645697508675,0.0004305931988347611,0.0006678587626710586,0.0008068959622548055,0.0008802348598260235,0.0010606286771996931,0.001804352893324479,0.0008980438767892673
0.529,0.001280314069537458,0.0021944651417489247,0.0003980556061246032,0.002306238642905578,0.0006540082870827302,0.0010617314986333115,0.0020033612424301683,0.0010357718495824786,0.0008709351568120249,0.000561651357353754,0.0015004454175088222,0.002118610915683883,0.0014988578916872441,0.0028899679899653252,0.0004273517860270415,0.0006640267503901232,0.0008024399879652533,0.0008742269374246714,0.0010551022019903433,0.00179670537155463,0.0008923273578782531
0.53,0.001273642476832254,0.002185105092639583,0.00039531811589155197,0.002293930127070354,0.0006505684882568419,0.0010562036876488046,0.0019945166364807587,0.0010293201927267237,0.000866075390094756,0.0005577440555479818,0.001492275182246261,0.002109430313611993,0.001491337658692693,0.0028750388538208993,0.0004241372273769972,0.0006602176932684056,0.0007980083861781617,0.0008682567540128083,0.001049613247650738,0.0017890976177613593,0.0008866548156674092
0.531,0.0012670082419490858,0.0021757777599559214,0.00039260399533280754,0.0022816786782977605,0.0006471507641567786,0.0010507118402902638,0.0019857196038972624,0.0010229111099191446,0.0008612516319529417,0.0005538633739565757,0.001484146497093053,0.0021002921712357514,0.0014838579564312449,0.002860176858809127,0.000420949290941941,0.0006564314577270913,0.0007936010147672201,0.0008623240765105455,0.0010441615073271127,0.0017815293506184826,0.0008810258997606901
0.532,0.001260411124428762,0.0021664829824464826,0.00038991301576762893,0.002269484075487771,0.0006437549297111378,0.0010452556552054126,0.001976969864354583,0.001016544299012212,0.0008564635855861091,0.0005500091203894941,0.0014760591382212418,0.0020911962574706733,0.001476418566283777,0.00284538170455928,0.0004177877468731772,0.0006526679109682965,0.0007892177325866667,0.0008564286738763638,0.0010387466766260678,0.0017740002909801822,0.0008754402621686808
0.533,0.0012538508856185682,0.0021572206011809536,0.0003872449505440967,0.0022573460987335148,0.0006403808013868417,0.0010398348336454477,0.001968267138917179,0.0010102194600865033,0.0008517109562609093,0.0005461811042645204,0.001468012883487635,0.002082142342801352,0.0014690192705821836,0.002830653092836255,0.00041465236742888045,0.0006489269209865034,0.0007848583994309877,0.0008505703171027834,0.0010333684535797083,0.0017665101618955514,0.0008698975572195566
0.534,0.001247327288661465,0.00214799045956815,0.00038459957501701947,0.002245264529325164,0.0006370281971773695,0.0010344490794257366,0.0019596111500698177,0.0010039362954299413,0.0008469934513368749,0.00054237913659827,0.0014600075123816225,0.002073130199297557,0.0014616598526311364,0.0028159907275040474,0.0004115429269027082,0.0006452083565522404,0.0007805228760375815,0.0008447487791486408,0.0010280265386469756,0.0017590586885719572,0.0008643974416064903
0.535,0.001240840098472018,0.00213879240329673,0.00038197666653649875,0.002233239149696087,0.0006336969365732248,0.001029098098925707,0.0019510016216640613,0.0009976945095380163,0.0008423107802401075,0.0005386030299713296,0.001452042806050713,0.0020641596005371854,0.0014543400966787745,0.002801394314504657,0.00040845920164356286,0.0006415120871965385,0.0007762110240612241,0.000838963834958073,0.0010227206346685724,0.0017516455983680457,0.0008589395743312522
0.536,0.0012343890817391513,0.0021296262803465194,0.00037937600443060937,0.0022212697434658146,0.0006303868405781454,0.0010237816010519873,0.0019424382789351435,0.0009914938090926917,0.0008376626544837062,0.0005348525985310326,0.0014441185472606755,0.002055230321677759,0.0014470597879546743,0.002786863561850761,0.0004054009700072969,0.0006378379832167047,0.0007719227061019351,0.0008332152614075605,0.001017450446881174,0.0017442706208004033,0.0008535236167084292
0.537,0.001227974006895105,0.0021204919408954748,0.0003767973700105065,0.00220935609534878,0.0006270977316999993,0.0010184992972464002,0.0019339208485150694,0.0009853339029556318,0.0008330487876162529,0.0005311276579879065,0.0014362345203815519,0.0020463421393548398,0.0014398187126363204,0.002772398179578972,0.00040236801234738717,0.0006341859156433483,0.0007676577856639,0.0008275028372697335,0.0010122156829056594,0.0017369334875023679,0.0008481492323419992
0.538,0.0012215946441106185,0.0021113892373383347,0.0003742405465295695,0.0021974979911962844,0.0006238294339133699,0.0010132509014229019,0.0019254490584015294,0.0009792145021607634,0.0008284688952694408,0.0005274280255636032,0.001428390511387101,0.002037494831733655,0.0014326166578718658,0.0027579978797583893,0.0003993601109877343,0.0006305557562737985,0.0007634161271572459,0.0008218263431960526,0.0010070160527004823,0.0017296339322361298,0.0008428160871141177
0.539,0.0012152507652772814,0.0021023180242542017,0.0003717053191963915,0.0021856952179568623,0.0006205817726896434,0.0010080361300104368,0.0019170226379638944,0.0009731353198686454,0.0008239226950911283,0.000523753520004222,0.001420586307816163,0.002028688178458915,0.0014254534117529305,0.002743662376448186,0.0003963770502162234,0.0006269473776104872,0.0007591975959001518,0.0008161855617007108,0.001001851268562448,0.0017223716908759679,0.0008375238491680204
0.54,0.0012089421439970827,0.0020932781583448135,0.0003691914751511316,0.0021739475636508576,0.0006173545749634801,0.0010028547018707812,0.0019086413179362216,0.0009670960714129873,0.0008194099067994065,0.0005201039615702063,0.0014128216987789877,0.002019921960646487,0.0014183287633383612,0.002729391385681179,0.00039341861623476415,0.0006233606529232327,0.0007550020581064132,0.0008105802771017911,0.0009967210451448105,0.0017151465013892642,0.0008322721888964768
0.541,0.0012026685555683759,0.002084269498437319,0.0003666988034695118,0.0021622548173783063,0.0006141476691400305,0.00099770633834384,0.0019003048304289116,0.0009610964742388095,0.0008149302521179846,0.0005164791720118078,0.0014050964749307004,0.0020111959608750674,0.0014112425026472364,0.002715184625454503,0.00039048459717772044,0.0006197954561575347,0.0007508293808828892,0.0008050102755237099,0.0009916250993871056,0.001707958103824181,0.0008270607789403472
0.542,0.0011964297769690602,0.002075291905450749,0.00036422709510419704,0.0021506167692904032,0.0006109608850667358,0.0009925907631731512,0.0018920129089085025,0.000955136247917876,0.0008104834548114948,0.0005128789745501017,0.0013974104284631972,0.0020025099631789667,0.0014041944206503176,0.002701041815708738,0.0003875747830617282,0.0006162516620089598,0.000746679432197972,0.0007994753448655745,0.000986563150536579,0.0017008062403052193,0.0008218892941307399
0.543,0.0011902255868473544,0.0020663452423421713,0.00036177614294108373,0.0021390332105638565,0.0006077940540445415,0.0009875077025258694,0.0018837652881817935,0.0009492151141059502,0.0008060692406680614,0.0005093031938746551,0.0013897633530781661,0.001993863753016911,0.0013971843092828173,0.002686962678299265,0.00038468896577714684,0.0006127291458722928,0.0007425520809193342,0.0007939752747666562,0.000981534920123539,0.0016936906550271136,0.0008167574115358622
0.544,0.0011840557655039663,0.0020574293741101313,0.0003593457417288004,0.00212750393341421,0.0006046470088211242,0.0009824568849680082,0.0018755617044221573,0.0009433327965612248,0.0008016873374716571,0.0005057516561239872,0.0013821550439845343,0.001985257117274597,0.0013902119614299657,0.0026729469369789483,0.00038182693906041454,0.0006092277838238846,0.0007384471967689654,0.000788509856567754,0.000976540131948922,0.001686611094216639,0.0008116648104034008
0.545,0.001177920094887125,0.0020485441677542404,0.0003569356880966934,0.002116028731033226,0.0006015195835592513,0.0009774380414253603,0.0018674018951472249,0.0009374890211367726,0.0007973374750220863,0.0005022241888700263,0.0013745852978890305,0.0019766898442392655,0.0013832771709355596,0.002658994317385255,0.00037898849850137584,0.0006057474526679485,0.0007343646503397139,0.0007830788833340652,0.0009715785120697484,0.0016795673061671401,0.0008066111721685143
0.546,0.001171818358570964,0.0020396894922454223,0.00035454578053384367,0.00210460739763918,0.0005984116138599838,0.0009724509052075891,0.0018592855992231039,0.0009316835157247016,0.0007930193851090062,0.0004987206211201078,0.0013670539129558845,0.001968161723610473,0.001376379732590527,0.0026451045470189394,0.0003761734414865492,0.0006022880298670596,0.0007303043130686415,0.0007776821497773589,0.0009666497887719228,0.0016725590411746927,0.0008015961804342941
0.547,0.001165750341749,0.0020308652184978238,0.0003521758193858471,0.002093239728398699,0.0005953229367371415,0.0009674952119537172,0.0018512125568476145,0.0009259160102957908,0.0007887328015192541,0.0004952407832827799,0.0013595606888245904,0.001959672546446245,0.0013695194421596835,0.002631277355229944,0.00037338156720845284,0.000598849393583567,0.0007262660572490143,0.0007723194522566423,0.0009617536925884407,0.0016655860515608634,0.0007966195209538895
0.548,0.001159715831217556,0.0020220712193368406,0.00034982560681751096,0.0020819255194637343,0.000592253390605535,0.0009625706996396755,0.0018431825095694965,0.0009201862368444225,0.0007844774600106463,0.000491784507153703,0.0013521054265773769,0.0019512221051996015,0.0013626960963522006,0.002617512473187089,0.00037061267663340836,0.0005954314226512825,0.0007222497560105401,0.0007669905887600637,0.0009568899562466537,0.001658648091643955,0.000791680881647383
0.549,0.0011537146153679846,0.0020133073694879045,0.0003474949468412758,0.0020706645679217095,0.0005892028152908457,0.0009576771085432201,0.0018351952002537697,0.0009144939294004617,0.0007802530983234135,0.0004883516259408527,0.0013446879287279945,0.001942810193667488,0.0013559094928184967,0.0026038096338866223,0.00036786657249765486,0.0005920339965794774,0.0007182552833272515,0.0007616953588631681,0.0009520583146802597,0.0016517449177577692,0.0007867799525500541
0.55,0.0011477464841677166,0.002004573545524524,0.00034518364527058587,0.002059456671800297,0.0005861710520036478,0.0009528141812482627,0.0018272503731049383,0.0009088388240114931,0.0007760594561567746,0.00048494197419857166,0.001337307999210502,0.0019344366070030983,0.0013491594301845433,0.0025901685720984835,0.00036514305926460544,0.0005886569955508847,0.0007142825139978548,0.0007564335637194608,0.000947258505011872,0.0016448762881853263,0.0007819164258086042
0.551,0.0011418112291578463,0.0019958696258856046,0.00034289150972843796,0.00204830163004599,0.0005831579433364098,0.0009479816626182247,0.001819347773659108,0.0009032206587420433,0.0007718962751935843,0.0004815553878506629,0.001329965443367609,0.0019261011416836782,0.0013424457080113417,0.0025765890243785172,0.00036244194313550526,0.0005853003003887247,0.0007103313236473952,0.0007512050060336506,0.0009424902665251533,0.0016380419632057164,0.0007770899957195709
0.552,0.0011359086434274024,0.0019871954907909606,0.00034061834961196524,0.0020371992425284313,0.0005801633332760403,0.0009431792997560695,0.001811487148765445,0.0008976391736202904,0.0007677632990322758,0.0004781917041551953,0.0013226600679364653,0.001917803595528067,0.0013357681268230115,0.002563070729033501,0.0003597630320085754,0.0005819637925926768,0.0007064015887178199,0.000746009490032784,0.0009377533406648153,0.0016312417050448058,0.0007723003586288524
0.553,0.0011300385216166109,0.0019785510222496416,0.00033836397612252433,0.0020261493099933414,0.0005771870671542612,0.0009384068420542624,0.001803668246598722,0.0008920941106748126,0.0007636602732460362,0.000474850761734813,0.0013153916810157984,0.001909543767664501,0.0013291264880957998,0.0025496134261174808,0.00035710613548212145,0.0005786473543012427,0.0007024931864646478,0.0007408468214599173,0.0009330474710224079,0.0016244752778779015,0.0007675472130019845
0.554,0.0011242006598917663,0.001969936104040948,0.0003361282022029677,0.0020151516340828346,0.0005742289916873533,0.0009336640410989583,0.0017958908166464393,0.0008865852138997266,0.0007595869453225212,0.000471532400486141,0.0013081600920992198,0.0019013214585203997,0.001322520594243981,0.002536216857410789,0.0003544710648113458,0.0005753508683072894,0.0006986059949437573,0.0007357168075221576,0.000928372403304345,0.001617742447820869,0.0007628302593832847
0.555,0.001118394855943733,0.0019613506216497045,0.00033391084257738957,0.0020042060173108833,0.0005712889549355227,0.0009289506507166312,0.001788154609712378,0.0008811122292284868,0.0007555430646929429,0.0004682364616526158,0.001300965112019048,0.001893136469801937,0.0013159502486477237,0.0025228807663932873,0.000351857632924224,0.0005720742180366223,0.0006947398930249316,0.0007306192569154213,0.0009237278853551079,0.001611042982909261,0.0007581492003705392
0.556,0.0011126209089700133,0.0019527944623061178,0.0003317117136850678,0.001993312263051439,0.0005683668063127811,0.0009242664269211165,0.0017804593779056077,0.0008756749045497614,0.0007515283827068675,0.0004649627877602036,0.0012938065529386478,0.0018849886045241293,0.0013094152556278882,0.002509604898242146,0.00034926565438098134,0.00056881728755942,0.0006908947603554427,0.0007255539797638155,0.0009191136670952949,0.001604376653082329,0.0007535037406312117
0.557,0.0011068786196661129,0.0019442675148761968,0.0003295306337220971,0.001982470175514006,0.0005654623965630767,0.0009196111279203834,0.0017728048746437075,0.0008702729896816752,0.0007475426526257767,0.00046171122261884356,0.0012866842283641988,0.0018768776669574327,0.0013029154204600157,0.00249638899981508,0.0003466949453676538,0.0005655799615833512,0.0006870704773920266,0.0007205207876128661,0.0009145295005514864,0.001597743230197901,0.0007488935868544822
0.558,0.0011011677902124316,0.001935769669905829,0.0003273674225887646,0.0019716795597587433,0.0005625755777748376,0.0009149845140894453,0.0017651908546562067,0.0008649062363478288,0.0007435856296102994,0.0004584816113120116,0.0012795979531188273,0.0018688034626440642,0.0012964505493635592,0.0024832328196218167,0.00034414532366811024,0.0005623621254251532,0.0006832669253481471,0.0007155194933994302,0.00090997513981661,0.001591142487996966,0.0007443184478019838
0.559,0.0010954882242660447,0.0019273008195732633,0.0003252219019015401,0.0019609402216641536,0.0005597062033527722,0.0009103863479577035,0.0017576170739574959,0.0008595743981855142,0.0007396570707361994,0.00045527380018506314,0.0012725475433115196,0.0018607657983562564,0.0012900204495044365,0.002470136107816101,0.0003416166086722683,0.0005591636650525977,0.0006794839862442892,0.000710549911463132,0.0009054503410405035,0.001584574202106781,0.0007397780342393023
0.56,0.0010898397269438142,0.0019188608576403698,0.00032309389497897634,0.0019502519679145403,0.0005568541280169814,0.00090581639420384,0.0017500832898752483,0.000854277230717182,0.0007357567349552951,0.00045208763682647035,0.0012655328163572177,0.001852764482137892,0.001283624929001581,0.0024570986161819297,0.0003391086213242467,0.0005559844670288694,0.0006757215428530028,0.0007056118574834125,0.0009009548624363539,0.0015780381499981289,0.000735272058944747
0.561,0.0010842221048155353,0.0019104496794709602,0.0003209832268133983,0.0019396146060066677,0.000554019207806622,0.0009012744196121858,0.0017425892610071214,0.0008490144913437803,0.0007318843830931288,0.00044892297006549065,0.001258553590943734,0.0018447993232301174,0.0012772637969113987,0.0024441200981171196,0.0003366211841505651,0.0005528244185444287,0.0006719794787296562,0.0007007051484830829,0.0008964884642392867,0.0015715341110265069,0.0007308002367154565
0.562,0.001078635165895414,0.0019020671819649504,0.0003188897240818944,0.0019290279442253366,0.0005512013000588123,0.000896760193092927,0.0017351347472602807,0.0008437859393268798,0.0007280397778786085,0.00044577964995951014,0.0012516096870256455,0.0018368701321306302,0.0012709368632425333,0.00243120030861943,0.0003341541212045218,0.0005496834074085744,0.0006682576781735783,0.0006958296028226618,0.000892050908693931,0.0015650618663862748,0.0007263622843513007
0.5630000000000001,0.0010730787196261305,0.0018937132635782339,0.00031681321512433414,0.0019184917916311717,0.000548400263405302,0.0008922734856544601,0.0017277195098315268,0.0008385913357944474,0.0007242226838732879,0.0004426575277728384,0.001244700925810971,0.001828976720523734,0.0012646439389425446,0.002418339004267467,0.00033170725808362445,0.0005465613220247967,0.000664556026252594,0.0006909850401521922,0.0008876419600807317,0.0015586211990864518,0.0007219579206318993
0.5640000000000001,0.0010675525768698902,0.001885387824243967,0.0003147535299292681,0.0019080059580594,0.0005456159577696962,0.0008878140703776349,0.001720343311196748,0.0008334304437057627,0.0007204328675285421,0.00043955645598270365,0.0012378271297472931,0.0018211189013205287,0.0012583848359052352,0.0024055359431959245,0.0003292804218886225,0.0005434580514219745,0.0006608744087875928,0.0006861712814090204,0.0008832613846492254,0.0015522118939774732,0.0007175868663011897
0.5650000000000001,0.0010620565498952906,0.0018770907653949953,0.00031271050012326995,0.001897570254098424,0.0005428482443482485,0.0008833817224096485,0.001713005915100041,0.0008283030278396497,0.0007166700971130702,0.00043647628824772244,0.0012309881225196495,0.0018132964886117264,0.001252159366960215,0.0023927908851095747,0.0003268734412225083,0.0005403734851985309,0.0006572127123429805,0.0006813881487972573,0.0008789089506474612,0.0015458337377128872,0.0007132488441079499
0.5660000000000001,0.0010565904523726244,0.001868821989931102,0.00031068395897571044,0.001887184491096927,0.0005400969856171889,0.0008789762189538308,0.0017057070865802437,0.0008232088548048022,0.0007129341427573044,0.0004334168794023485,0.0012241837290182245,0.0018055092976708709,0.0012459673458872222,0.0023801035912309754,0.00032448614617508476,0.0005373075135873817,0.000653570824221017,0.0006766354657783413,0.0008745844282662674,0.0015394865187580153,0.0007089435787396292
0.5670000000000001,0.0010511540993563939,0.0018605814021627198,0.00030867374135645775,0.0018768484811249042,0.0005373620453149597,0.0008745973392506601,0.001698446591942293,0.000818147692997595,0.0007092247764238779,0.0004303780854716388,0.0012174137753622194,0.0017977571449560026,0.0012398085873991382,0.0023674738243237847,0.0003221183683055351,0.0005342600273825493,0.0006499486324538228,0.0006719130570300713,0.0008702875896856588,0.0015331700273443216,0.0007046707968396682
0.5680000000000001,0.0010457473072815527,0.0018523689078403516,0.00030667968375042154,0.0018665620369957558,0.0005346432884345553,0.0008702448645636629,0.001691224198771657,0.0008131193126166281,0.0007055417719004087,0.00042735976361141237,0.0012106780888486712,0.001790039848103664,0.0012336829071376565,0.002354901348649352,0.00031976994062576924,0.0005312309180021124,0.0006463460258241405,0.0006672207484532677,0.0008660182090048929,0.0015268840554981677,0.0007004302269985052
0.5690000000000001,0.001040369893946791,0.0018441844140851815,0.0003047016242407885,0.0018563249722484132,0.0005319405812267419,0.0008659185781541012,0.0016840396759099097,0.0008081234856273101,0.0007018849047819575,0.00042436177214555393,0.0012039764979621115,0.0017823572258967024,0.001227590121697597,0.002342385929966939,0.0003174406976036437,0.0005282200774243684,0.000642762893830362,0.0006625583671454605,0.0008617760622460224,0.0015206283970051748,0.0006962215997374788
0.5700000000000001,0.0010350216785098454,0.0018360278293982901,0.000302739402492036,0.0018461371011109229,0.0005292537911782969,0.0008616182653055082,0.0016768927934767142,0.0008031599857658556,0.000698253952483241,0.00042138397052382537,0.001197308832363686,0.0017747090982667135,0.0012215300486106972,0.0023299273355054106,0.00031513047511677605,0.0005252273982335742,0.0006391991266819774,0.0006579257413891204,0.0008575609273752116,0.0015144028474023408,0.0006920446475167097
0.5710000000000001,0.0010297024814701072,0.0018278990636065862,0.0003007928597350551,0.001835998238530756,0.0005265827870218898,0.0008573437132480821,0.0016697833228411785,0.000798228588515193,0.0006946486942167596,0.00041842621931698076,0.0011906749228729474,0.0017670952862993694,0.0012155025063268488,0.002317525333973336,0.00031283911047674806,0.0005222527735768701,0.0006356546153177822,0.0006533227006219056,0.0008533725842235773,0.001508207203976819,0.0006878991047034599
0.5720000000000001,0.001024412124667745,0.0018197980278745751,0.0002988618387853581,0.0018259082001393923,0.0005239274387111026,0.0008530947112070919,0.0016627110366420617,0.0007933290710895324,0.000691068910977588,0.00041548838022709145,0.001184074601462748,0.0017595156122154343,0.0012095073142371904,0.002305179695515025,0.0003105664423854737,0.0005192960971863725,0.0006321292513873367,0.0006487490754332192,0.0008492108145549127,0.0015020412657457127,0.0006837847075776837
0.5730000000000001,0.0010191504312659528,0.00181172463466317,0.00029694618397757555,0.0018158668022517643,0.000521287617413102,0.0008488710503385954,0.001655675708768456,0.0007884612124476886,0.0006875143855664678,0.00041257031605246297,0.00117750770124736,0.001751969899359107,0.0012035442926680018,0.002292890191724295,0.00030831231093264577,0.0005163572633924973,0.0006286229272364219,0.0006442046975512206,0.0008450754019695417,0.0014959048334358682,0.0006797011943228126
0.5740000000000001,0.0010139172257415175,0.001803678797690944,0.0002950457412166374,0.001805873861864593,0.0005186631955209631,0.000844672523747092,0.0016486771143682244,0.0007836247932437868,0.0006839849025186417,0.0004096718906666519,0.0011709740564675997,0.0017444579721886955,0.0011976132628652714,0.0022806565956102753,0.0003060765575877422,0.0005134361670550147,0.0006251355359189192,0.0006396893998187325,0.0008409661319642714,0.0014897977095004178,0.0006756483050158746
0.5750000000000001,0.0010087123338858917,0.0017956604319677716,0.0002931603579167108,0.0017959291966289648,0.0005160540466395691,0.0008404989264670926,0.0016417150298322358,0.0007788195958505773,0.0006804802481937822,0.0004067929690720895,0.0011644735024781694,0.0017369796562954898,0.0011917140470147913,0.0022684786815858615,0.0003038590251862594,0.0005105327036450946,0.000621666971195145,0.0006352030161758115,0.0008368827918699973,0.0014837196980703737,0.0006716257816320459
0.5760000000000001,0.0010035355827710756,0.0017876694536957949,0.0002912898830094157,0.0017860326248605451,0.0005134600455437566,0.0008363500554255943,0.001634789232800582,0.0007740454042998168,0.0006770002106480932,0.00040393341729316745,0.0011580058757485467,0.0017295347783417014,0.0011858464682146241,0.0022563562254751535,0.00030165955790106835,0.0005076467691746966,0.0006182171275007642,0.0006307453816437603,0.0008328251708595857,0.001477670604987158,0.0006676333679976887
0.577,0.000998386800769896,0.0017797057803234928,0.0002894341669481548,0.0017761839655245915,0.000510881068228608,0.0008322257094670604,0.0016278995021563603,0.0007693020043239018,0.0006735445797321216,0.00040109310245650676,0.0011515710138410018,0.0017221231661185277,0.0011800103504943094,0.0022442890044631625,0.0002994780012517406,0.000504778260236427,0.0006147858999739908,0.0006263163323345644,0.000828793059946431,0.001471650237738098,0.0006636708098388677
0.578,0.0009932658175245968,0.0017717693304659665,0.0002875930616716982,0.0017663830382252943,0.0005083169918629338,0.0008281256893065692,0.001621045618036443,0.0007645891833164553,0.0006701131470060462,0.0003982718927174611,0.0011451687554073775,0.0017147446484927498,0.001174205518811755,0.00223227679711846,0.00029731420208201076,0.0005019270739849979,0.0006113731844131776,0.0006219157054130342,0.0008247862519276117,0.0014656584055033894,0.0006597378547285038
0.579,0.0009881724639451473,0.0017638600239094915,0.00028576642060040847,0.001756629663202891,0.0005057676947849421,0.0008240497975346983,0.0016142273617859582,0.0007599067303143414,0.0006667057057936354,0.00039546965729408967,0.0011387989401718812,0.0017073990554072882,0.001168431799044356,0.00222031938335987,0.0002951680085492292,0.0004990931081173544,0.0006079788773311057,0.0006175433390738228,0.0008208045414380694,0.0014596949191038044,0.0006558342520857074
0.58,0.0009831065721965459,0.0017559777815973066,0.00028395409864256926,0.00174692366131457,0.0005032330565051257,0.0008199978385892148,0.0016074445160118023,0.0007552544359848978,0.0006633220511061966,0.00039268626643251814,0.0011324614089200935,0.0017000862178921938,0.001162689017965901,0.0022084165444477,0.00029303927010237985,0.0004962762609068694,0.0006046028758825983,0.0006131990725523062,0.0008168477248919892,0.001453759590986814,0.0006519597531978727
0.581,0.0009780679756930533,0.0017481225256004151,0.00028215595214997613,0.001737264854052012,0.000500712957701599,0.0008159696187581833,0.0016006968645358999,0.0007506320926332632,0.000659961979692425,0.00038992159137762883,0.0011261560035139562,0.001692805968035116,0.0011569770033013071,0.0021965680629564277,0.00029092783748341233,0.0004934764311680384,0.0006012450779065981,0.0006088827461139257,0.0008129156004550442,0.0014478522352451284,0.0006481141111807087
0.582,0.0009730565090875943,0.001740294179081614,0.0002803718389488008,0.001727653063501755,0.0004982072801910098,0.0008119649461568734,0.0015939841924146325,0.0007460394941722903,0.0006566252900026548,0.0003871755044382308,0.0011198825668322643,0.0016855581389886298,0.0011512955836692207,0.002184773722798905,0.00028883356271680594,0.0004906935182831251,0.0005979053819020752,0.0006045942009972327,0.0008090079680949103,0.0014419726675858335,0.0006442970809750204
0.583,0.0009680720082598071,0.0017324926662990459,0.0002786016182768636,0.0017180881123550762,0.0004957159069554073,0.0008079836307162136,0.001587306285925516,0.0007414764361173276,0.0006533117821750922,0.0003844478788845862,0.0011136409428059713,0.0016783425649564698,0.0011456445886046662,0.002173033309163186,0.00028675629909113987,0.0004879274221695207,0.0005945836870389076,0.0006003332794543015,0.0008051246295089909,0.0014361207053423808,0.0006405084193554789
0.584,0.000963114310308788,0.0017247179125724488,0.000276845150836591,0.001708569823910877,0.0004932387221027179,0.0008040254841649164,0.0015806629325735289,0.0007369427155715647,0.0006500212580564657,0.0003817385889995917,0.0011074309763854373,0.0016711590811949728,0.001140023848551719,0.0021613466085417254,0.00028469590112856213,0.0004851780432902908,0.000591279893122465,0.000596099824712204,0.0008012653881480647,0.0014302961673997583,0.0006367478849118591
0.585,0.0009581832535458413,0.0017169698442767167,0.00027510229873506375,0.0016990980220450425,0.0004907756108698536,0.0008000903200247045,0.0015740539210681304,0.0007324381312120432,0.0006467535211467368,0.0003790475100605706,0.0011012525135413176,0.0016640075239938712,0.0011344331948726083,0.0021497134087012926,0.0002826522246188734,0.00048244528267149533,0.0005879939006316892,0.0005918936809534703,0.0007974300491799813,0.0014244988742707632,0.0006330152380426002
0.586,0.000953278677474495,0.001709248388798268,0.00027337292546991687,0.0016896725312174343,0.0004883264596247106,0.0007961779535805569,0.0015674790413452433,0.000727962483270006,0.0006435083766169747,0.0003763745182978617,0.0010951054012521277,0.001656887730675738,0.0011288724598165212,0.002138133498662542,0.0002806251265822235,0.0004797290418537825,0.0005847256106744636,0.0005877146933177535,0.0007936184194872187,0.0014187286480109584,0.0006293102409355988
0.587,0.0009484004228006937,0.0017015534745350447,0.0002716568959739707,0.0016802931764647866,0.0004858911558512924,0.0007922882019033572,0.0015609380845557075,0.0007235155735527687,0.0006402856313236782,0.00037371949093301104,0.0010889894874731576,0.0016497995395933218,0.0011233414765507987,0.002126606668698905,0.0002786144652249245,0.0004770292229535622,0.0005814749250178108,0.0005835627078855099,0.0007898303076737667,0.0014129853122558655,0.0006256326575926341
0.588,0.000943548331402444,0.0016938850308670927,0.0002699540765308539,0.0016709597833945988,0.000483469588130947,0.0007884208837891649,0.0015544308430355258,0.0007190972053687794,0.0006370850937542638,0.0003710823061255919,0.0010829046211726645,0.0016427427901182234,0.001117840079147614,0.0021151327103146045,0.00027662009999496195,0.0004743457285919517,0.0005782417460570288,0.0005794375716615674,0.0007860655240203851,0.0014072686921878796,0.0006219822537851805
0.589,0.000938722246338497,0.001686242988146791,0.0002682643348276281,0.0016616721781701482,0.0004810616461453643,0.0007845758197737585,0.001547957110359821,0.0007147071835921226,0.000633906574039389,0.000368462843012507,0.0010768506522782495,0.001635717322640673,0.0011123681025542176,0.0021037114162510973,0.00027464189152603957,0.00047167846195739216,0.0005750259768213528,0.0005753391325816759,0.0007823238804939292,0.001401578614522836,0.0006183587970749471
0.59,0.0009339220118253944,0.0016786272776696531,0.00026658753991049,0.0016524301875129321,0.000478667220695117,0.0007807528321253088,0.0015415166812702275,0.0007103453145792527,0.0006307498839489556,0.0003658609816307168,0.0010708274316879596,0.001628722978539221,0.0011069253826405667,0.0020923425804403317,0.00027267970164845945,0.00046902732672748915,0.0005718275209702917,0.0005712672394753149,0.0007786051907333613,0.0013959149075101207,0.0006147620567921175
0.591,0.0009291474732398663,0.0016710378316592278,0.0002649235621727808,0.0016432336386948965,0.00047628620363182606,0.0007769517448141805,0.0015351093517361747,0.000706011406215401,0.0006276148368722367,0.00036327660299206865,0.001064834811257298,0.0016217596002108259,0.001101511756160356,0.0020810259980342805,0.00027073339335581537,0.0004663922271695986,0.0005686462828081718,0.0005672217420551462,0.0007749092700197746,0.001390277400916795,0.0006111918040204722
0.592,0.0009243984770987368,0.0016634745832444509,0.0002632722733565407,0.0016340823595313303,0.0004739184879041236,0.0007731723835058268,0.0015287349188957133,0.000701705267848407,0.0006245012478228729,0.0003607095890012513,0.001058872643796338,0.0016148270310428758,0.001096127060748242,0.0020697614653573115,0.00026880283081021084,0.0004637730680325802,0.0005654821672271826,0.0005632024909407729,0.0007712359352901599,0.0013846659260040584,0.0006076478116144868
0.593,0.0009196748710590286,0.0016559374664567583,0.00026163354653818693,0.0016249761783690975,0.0004715639675284544,0.0007694145755416937,0.0015223931810948166,0.0006974267103228016,0.0006214089334074524,0.0003581598224832172,0.0010529407830466297,0.0016079251154041962,0.0010907711349404936,0.002058548779887981,0.00026688787932849234,0.00046116975461107934,0.0005623350797648863,0.000559209337612443,0.0007675850051193089,0.0013790803155441234,0.000604129854178459
0.594,0.0009149765039090818,0.001648426416187232,0.0002600072561298461,0.001615914924098072,0.00046922253757086807,0.0007656781499545406,0.001516083937861068,0.000693175545948943,0.0006183377118380573,0.00035562718718451514,0.0010470390836803123,0.001601053698666366,0.0010854438181445714,0.002047387740311324,0.0002649884053931295,0.00045858219273264833,0.0005592049265557009,0.0005552421344063863,0.0007639562996972771,0.0013735204037773618,0.0006006377080434167
0.595,0.0009103032255505849,0.0016409413681828244,0.0002583932778466025,0.0016068984261092822,0.00046689409418021466,0.0007619629374061576,0.0015098069899125433,0.0006889515884860309,0.000615287402912168,0.00035311156771922203,0.0010411674012945626,0.0015942126271326629,0.0010801449506728789,0.0020362781464167146,0.000263104276591819,0.0004560102887312123,0.0005560916143549921,0.0005513007345285814,0.0007603496408201682,0.001367986026419632,0.0005971711512934297
0.596,0.0009056548869959713,0.0016334822590314824,0.00025679148869595103,0.0015979265143390986,0.0004645785345130937,0.0007582687702226698,0.0015035621391330523,0.0006847546531150162,0.0006122578279920132,0.00035061284961135364,0.0010353255924026028,0.0015874017481147806,0.0010748743736973543,0.00202521979915371,0.00026123536164901484,0.0004534539494727152,0.0005529950505155368,0.0005473849920039076,0.0007567648518762571,0.0013624770206576153,0.0005937299637222004
0.597,0.0009010313403677306,0.0016260490261369442,0.0002552017669956719,0.0015889990192290426,0.00046227575680257704,0.0007545954823562351,0.0014973491885943435,0.0006805845564921142,0.0006092488100363225,0.00034813091927177187,0.0010295135144117173,0.0015806209098845336,0.001069631929266679,0.002014212500587198,0.0002593815304194891,0.00045091308233824456,0.0005499151429881888,0.0005434947617064534,0.0007532017578650851,0.001356993225113956,0.0005903139268580437
0.598,0.0008964324388720357,0.0016186416077001997,0.000253623992337082,0.0015801157717293401,0.00045998566029492594,0.000750942909370389,0.0014911679425446689,0.0006764411166575446,0.0006062601735375983,0.0003456656639591049,0.001023731025621255,0.001573869961652541,0.0010644174603129386,0.0020032560538891797,0.00025754265384891895,0.0004483875952292493,0.0005468518003333145,0.0005396298993131099,0.0007496601853307361,0.0013515344798513684,0.0005869228239272495
0.599,0.0008918580368025619,0.001611259942696952,0.00025205804558225964,0.00157127660327816,0.0004577081452619147,0.000747310888431052,0.0014850182063980144,0.0006723241530562918,0.0006032917445453201,0.00034321697181194377,0.0010179779852248494,0.0015671487535966477,0.001059230810639189,0.001992350263327003,0.00025571860397211044,0.00044587739656143377,0.0005438049316892624,0.0005357902613296606,0.0007461399624041354,0.0013461006263553177,0.0005835564398897208
0.6,0.0008873079895330094,0.001603903970876397,0.000250503808867264,0.001562481345831701,0.00045544311298706397,0.0007436992583235158,0.001478899786727883,0.0006682334865455442,0.0006003433506548417,0.0003407847318195323,0.0010122542532897683,0.0015604571368306175,0.0010540718249013592,0.0019814949342872312,0.0002539092539416421,0.0004433823952542104,0.0005407744467943454,0.0005319757050706864,0.0007426409187478722,0.0013406915075480086,0.0005802145613607035
0.601,0.0008827821534999169,0.0015965736327461233,0.00024896116555417347,0.0015537298318440973,0.0004531904657757435,0.0007401078593747279,0.0014728124912825047,0.0006641689393650507,0.0005974148209839658,0.00033836883383076,0.0010065596907549157,0.0015537949634074621,0.0010489403486358961,0.0019706898731840505,0.00025211447793893615,0.00044090250074935167,0.0005377602559637484,0.0005281860886252598,0.0007391628855860644,0.0013353069677227714,0.0005768969766727361
0.602,0.0008782803862012967,0.0015892688695171575,0.0002474300002776042,0.0015450218942185678,0.0004509501069196453,0.0007365365335069152,0.0014667561289614106,0.000660130335105813,0.0005945059861758306,0.0003359691685090871,0.0010008941594099596,0.001547162086322107,0.001043836228236672,0.0019599348875248834,0.00025033415126762826,0.0004384376229937814,0.0005347622701045163,0.0005244212708718221,0.0007357056956549535,0.0013299468526026814,0.0005736034758448971
0.603,0.0008738025461833499,0.0015819896231287212,0.000245910198865662,0.001536357366387131,0.0004487219407152132,0.0007329851241858476,0.0014607305098169876,0.0006561174987400609,0.0005916166783931365,0.00033358562736673925,0.00099525752189078,0.0015405583594927386,0.0010387593109477677,0.0019492297858613172,0.0002485681502530923,0.00043598767243613334,0.0005317804006844673,0.0005206811114658594,0.0007322691832145622,0.0013246110092602903,0.0005703338505604894
0.604,0.0008693484930375583,0.0015747358362205865,0.0002444016484013378,0.0015277360822321118,0.00044650587243499906,0.0007294534764112903,0.0014547354450670236,0.0006521302565747344,0.0005887467312886141,0.00033121810274139296,0.0009896496417021172,0.0015339836377633587,0.0010337094448715778,0.0019385743777708964,0.000246816352279855,0.000433552560037076,0.0005288145597548422,0.0005169654708406801,0.000728853184036482,0.0013192992861528197,0.0005670878941693713
0.605,0.0008649180873897211,0.0015675074521132037,0.00024290423716089027,0.0015191578761184488,0.0004443018083407635,0.0007259414367313255,0.001448770747062178,0.0006481684362696916,0.0005858959800035812,0.000328866487783519,0.0009840703831575093,0.0015274377768920155,0.0010286864789620376,0.0019279684738864322,0.0002450786357899304,0.0004311321972612081,0.0005258646599318739,0.0005132742101717769,0.0007254575353758952,0.0013140115330985136,0.0005638654016836275
0.606,0.000860511190886215,0.0015603044147672884,0.00024141785461384568,0.001510622582869936,0.00044210965564772664,0.0007224488531948348,0.0014428362293003039,0.0006442318667816416,0.0005830642611793779,0.00032653067644938805,0.0009785196114032724,0.0015209206335382586,0.001023690263026178,0.001917411885835385,0.00024335488022819707,0.0004287264960650683,0.0005229306144016732,0.000509607191400363,0.0007220820759830104,0.0013087476012626498,0.000560666169775903
0.607,0.0008561276661987916,0.0015531266688249001,0.00023994239143954044,0.0015021300377898728,0.0004399293225546552,0.0007189755753633786,0.0014369317064263365,0.0006403203784179912,0.0005802514129176206,0.00032421056349440924,0.0009729971924141712,0.0015144320652833443,0.0010187206477164645,0.0019069044262491897,0.0002416449660894715,0.00042633536891389934,0.0005200123369057952,0.0005059642771968464,0.0007187266460698671,0.0013035073431478805,0.0005574899967601965
0.608,0.0008517673770020717,0.001545974159528618,0.00023847773947660578,0.0014936800766309766,0.0004377607181903498,0.000715521454278667,0.001431056994218527,0.0006364338027580185,0.0005774572747984097,0.00032190604448267823,0.0009675029929517853,0.0015079719306010375,0.0010137774845156988,0.0018964459087622565,0.00023994877486843702,0.00042395872875855556,0.0005171097417504544,0.0005023453309761505,0.0007153910873241021,0.0012982906125826865,0.0005543366825874196
0.609,0.000847430187974435,0.0015388468327535154,0.00023702379175283284,0.001485272535593385,0.0004356037526540568,0.0007120863424761037,0.0014252119095828908,0.0006325719726927304,0.0005746816878339223,0.00031961701574489965,0.0009620368806053659,0.0015015400888581665,0.0010088606257457888,0.001886036147985548,0.00023826618907862862,0.0004215964890528223,0.0005142227437775482,0.0004987502168690705,0.0007120752428834143,0.0012930972647066108,0.0005512060288414
0.61,0.0008431159647840414,0.0015317446349705222,0.0002355804424332142,0.0014769072513468595,0.00043345833696406544,0.0007086700939478163,0.0014193962705545404,0.0006287347223832285,0.0005719244944956126,0.00031734337439548455,0.0009565987237429852,0.0014951364003154,0.0010039699245707467,0.0018756749594833755,0.0002365970922166838,0.00041924856374564445,0.0005113512583951874,0.0004951787997415913,0.000708778957295042,0.001287927155967039,0.0005480978387157887
0.611,0.0008388245740901801,0.0015246675132377652,0.00023414758685325054,0.0014685840609913736,0.00043132438308002286,0.0007052725641428781,0.0014136098963085653,0.0006249218872667051,0.0005691855386862343,0.00031508501833266145,0.0009511883915196417,0.00148876072610582,0.0009991052349800356,0.001865362159811923,0.00023494136877211247,0.0004169148672718004,0.0005084952015539379,0.0004916309451516998,0.0007055020765792674,0.001282780144119422,0.0005450119170384848
0.612,0.000834555883525423,0.0015176154151765875,0.00023272512147964886,0.0014603028020914177,0.00042920180389127705,0.00070189360995776,0.0014078526071191755,0.0006211333040267997,0.0005664646657391748,0.0003128418462049476,0.0009458057538698217,0.0014824129282496878,0.0009942664117940092,0.0018550975664508584,0.00023329890423640087,0.00041459531454757226,0.000505654489738494,0.00048810651937969407,0.000702244448146816,0.0012776560881696541,0.0005419480702386625
0.613,0.000830309761689374,0.0015105882889615563,0.00023131294390266177,0.001452063312612606,0.0004270905131862346,0.0006985330897113506,0.0014021242243968945,0.0006173688106193564,0.0005637617223936964,0.00031061375743013375,0.0009404506814933988,0.0014760928696333497,0.0009894533106447057,0.0018448809978093283,0.00023166958504450275,0.00041228982099661415,0.0005028290399873292,0.0004846053893892144,0.0006990059208158428,0.0012725548484188165,0.000538906106339887
0.614,0.0008260860781479584,0.0015035860833030323,0.00022991095284097263,0.0014438654309812948,0.0004249904256794501,0.0006951908631374071,0.0013964245706538092,0.0006136282462168019,0.0005610765568010434,0.00030840065215909096,0.0009351230458677362,0.0014698004140261123,0.0009846657880085985,0.0018347122732385035,0.0002300532986143633,0.0004099983025107612,0.0005000187698539493,0.0004811274228526674,0.0006957863448242563,0.00126747628642776,0.0005358858349615581
0.615,0.000821884703415332,0.0014966087474509449,0.00022851904812770663,0.001435708996066598,0.000422901456975211,0.0006918667913859977,0.0013907534695096757,0.0006099114512220227,0.0005584090185043467,0.0003062024313026379,0.0009298227192139352,0.0014635354260348343,0.0009799037011480882,0.0018245912129846165,0.00022844993331483376,0.00040772067546357427,0.0004972235974313177,0.0004776724881018213,0.0006925855717554441,0.0012624202649897942,0.00053288706732324
0.616,0.0008177055089517993,0.0014896562311459416,0.00022713713068200914,0.0014275938471324245,0.0004208235235603208,0.0006885607369969682,0.001385110745693252,0.0006062182672531558,0.0005557589584370692,0.00030401899651011366,0.0009245495744963916,0.0014572977711361235,0.0009751669081521364,0.0018145176382227124,0.0002268593784682249,0.00040545685672133125,0.0004944434413372001,0.00047424045415056515,0.0006894034546048866,0.0012573866481523366,0.0005299096161828221
0.617,0.0008135483671578181,0.0014827284846242739,0.00022576510253036197,0.0014195198238875495,0.00041875654283296537,0.0006852725638714086,0.0013794962250391896,0.0006025485371381478,0.0005531262289124594,0.0003018502501329623,0.000919303485415135,0.001451087315661681,0.000970455267919057,0.0018044913710008048,0.00022528152433765047,0.00040320676362393115,0.0004916782207120551,0.00047083119069868395,0.0006862398477097686,0.0012523753011969285,0.0005269532959113477
0.618,0.0008094131513636138,0.001475825458619462,0.00022440286676272958,0.0014114867664563047,0.0004167004330561941,0.0006820021373269425,0.001373909734475598,0.000598902104890886,0.0005505106835983486,0.0002996960952718064,0.0009140843264237031,0.0014449039267705466,0.0009657686401468579,0.0017945122342347686,0.00022371626212025486,0.0004009703139906673,0.0004889278552193677,0.00046744456811254054,0.0006830946067721833,0.001247386090603264,0.0005240179224198505
0.619,0.000805299735817061,0.0014689471043098923,0.0002230503275557627,0.0014034945153740264,0.0004146551133535903,0.000678749323977712,0.0013683511020194938,0.0005952788157232991,0.0005479121775299189,0.0002975564357432514,0.0009088919726918387,0.001438747472489732,0.0009611068853487836,0.0017845800517358734,0.00022216348392856133,0.00039874742609868896,0.0004861922650286621,0.00046408045738277615,0.0006799675888267132,0.0012424188840560735,0.000521103313166571
0.62,0.0008012079956859541,0.0014620933733378028,0.0002217073901380484,0.0013955429116003781,0.0004126205037244812,0.0006755139918281916,0.0013628201567824627,0.0005916785160078319,0.0005453305670874986,0.0002954311760641204,0.0009037263000996054,0.0014326178216496066,0.0009564698648140135,0.0017746946481488335,0.00022062308281634024,0.00039653801872385763,0.000483471370832822,0.00046073873018670497,0.000676858652246981,0.0012374735504594447,0.0005182092871700572
0.621,0.0007971378070389557,0.0014552642177814157,0.00022037396079666038,0.0013876317964884866,0.00041059652500596844,0.0006722960102023556,0.0013573167289596677,0.0005881010532818864,0.0005427657099799088,0.0002933202214445707,0.0008985871852221772,0.0014265148439340791,0.0009518574406328639,0.001764855848994995,0.0002190949527217656,0.00039434201110233325,0.00048076509381866916,0.00045741925883113765,0.0006737676567289963,0.0012325499598787593,0.0005153356649724161
0.622,0.0007930890468494211,0.0014484595901343988,0.00021904994685340018,0.0013797610118153614,0.0004085830988951322,0.0006690952497332425,0.0013518406498155278,0.0005845462762446019,0.0005402174652658909,0.0002912234778091882,0.0008934745053900128,0.0014204384098476242,0.0009472694756849087,0.0017550634806078325,0.0002175789885043855,0.0003921593229225806,0.0004780733556932759,0.00045412191625471277,0.0006706944632779432,0.0012276479835663379,0.0005124822686720654
0.623,0.0007890615929820654,0.0014416794433176339,0.00021773525667856397,0.0013719303997465904,0.0004065801479268272,0.0006659115823828277,0.0013463917517126944,0.0005810140347262127,0.0005376856932984841,0.0002891408517760041,0.0008883881385791659,0.0014143883906991839,0.000942705833642643,0.001745317370156263,0.0002160750859289129,0.00038998987437122157,0.00047539607865165756,0.00045084657604266276,0.0006676389341935263,0.0012227674939399025,0.0005096489218703315
0.624,0.0007850553241803393,0.0014349237306392482,0.00021642979964719977,0.0013641398028505503,0.00040458759546313505,0.0006627448813939507,0.0013409698680701965,0.0005775041796978186,0.0005351702557485627,0.0002870722506213008,0.0008833279634681279,0.001408364658631256,0.0009381663789586048,0.0017356173456287705,0.00021458314161926229,0.00038783358607064056,0.00047273318538187947,0.00044759311242303923,0.0006646009330775193,0.0012179083645481592,0.0005068354496675642
0.625,0.0007810701200689496,0.001428192405789619,0.00021513348615809225,0.0013563890641028475,0.0004026053656962514,0.0006595950213077462,0.0013355748333805373,0.0005740165632556193,0.0005326710155850733,0.0002850175823182477,0.0008782938594331657,0.00140236708658259,0.000933650976838174,0.0017259632358099797,0.00021310305309596433,0.000385690379121173,0.00047008459908393085,0.0004443614002099805,0.0006615803247937979,0.001213070470108213,0.0005040416787079893
0.626,0.0007771058611399206,0.0014214854228369322,0.0002138462276107811,0.001348678026864114,0.00040063338362572587,0.0006564618779311138,0.0013302064831927085,0.0005705510385998203,0.0005301878370674862,0.000282976755501374,0.0008732857065053556,0.0013963955482987345,0.0009291594932905323,0.0017163548702925358,0.00021163471876350926,0.0003835601750871165,0.0004674502434236505,0.00044115131485755743,0.0006585769754963167,0.0012082536864569393,0.000501267437096109
0.627,0.0007731624287499849,0.0014148027362003157,0.0002125679364117783,0.0013410065348858913,0.00039867157504924755,0.0006533453283363855,0.0013248646541208497,0.0005671074600334114,0.00052772058573336,0.00028094967949365834,0.0008683033854069988,0.001390449918324821,0.000924691795085919,0.0017067920794481273,0.00021017803788592193,0.0003814428959788563,0.000464830042573694,0.0004379627324371249,0.0006555907525821469,0.0012034578905464333,0.0004985125544647584
0.628,0.0007692397051080269,0.0014081443006601635,0.00021129852593304577,0.0013333744323148489,0.00039671986660860803,0.0006502452508420076,0.001319549183841806,0.0005636856829623893,0.0005252691283798017,0.00027893626423758366,0.0008633467774974424,0.001384530072004564,0.0009202477497446404,0.0016972746944229344,0.00020873291059209098,0.00037933846426985163,0.00046222392117234445,0.00043479552961400714,0.000652621524712127,0.0011986829604543336,0.0004957768618959468
0.629,0.0007653375732691759,0.0014015100713105078,0.0002100379105494099,0.0013257815636685821,0.0003947781856842303,0.0006471615250170926,0.001314259911064486,0.0005602855638656701,0.000522833333078121,0.0002769364203623059,0.000858415764805609,0.0013786358854581682,0.000915827225575705,0.0016878025471210867,0.00020729923785345328,0.0003772468028842013,0.00045963180435482087,0.0004316495836579337,0.0006496691617681183,0.0011939287753379713,0.0004930601919660438
0.63,0.0007614559171316871,0.001394900003586108,0.00020878600557983074,0.0013182277738696957,0.00039284646046877647,0.0006440940316411181,0.0013089966755626126,0.0005569069603077459,0.0005204130691365272,0.0002749500591282539,0.00085351023001079,0.001372767235590655,0.000911430091623755,0.0016783754702122122,0.0002058769215066425,0.00037516783520308294,0.00045705361771108954,0.00042852477244104126,0.0006467335348759873,0.0011891952154727825,0.0004903623787050337
0.631,0.0007575946214241236,0.0013883140532107152,0.00020754272731404733,0.0013107129082022828,0.00039092461994116867,0.0006410426527279078,0.001303759318143194,0.0005535497309093751,0.0005180082071116754,0.00027297709243934154,0.000848630056421773,0.00136692400009919,0.0009070562176889396,0.0016689932971071242,0.00020446586419886614,0.0003731014850590908,0.00045448928731828264,0.00042542097442110904,0.0006438145163727427,0.0011844821621870283,0.00048768325760861764
0.632,0.0007537535717019817,0.0013817521762219398,0.0002063079929924827,0.0013032368123317983,0.0003890125938390554,0.0006380072714771146,0.0012985476806417484,0.0005502137353476932,0.0005156186187849077,0.00027101743283219903,0.0008437751279989358,0.0013611060574368894,0.0009027054743306895,0.0016596558619509372,0.0002030659694522985,0.0003710476767295745,0.0004519387397042829,0.0004223380686529943,0.0006409119798026497,0.0011797894978874401,0.000485022665624002
0.633,0.0007499326543399798,0.0013752143289322838,0.0002050817207864819,0.0012957993323096106,0.00038711031266025486,0.0006349877723041963,0.0012933616059591646,0.0005468988343351189,0.0005132441771669161,0.0002690709934811686,0.0008389453293189408,0.0013553132868366902,0.0008983777328411824,0.0016503629996187374,0.00020167714157848238,0.00036900633493419654,0.00044940190188413887,0.00041927593476587255,0.0006380257999112349,0.0011751171060404575,0.00048238044113446676
0.634,0.0007461317565215176,0.0013687004679309167,0.00020386382981074647,0.0012884003145469114,0.000385217707657759,0.0006319840407805755,0.0012882009379842074,0.0005436048896353407,0.0005108847564615493,0.00026713768816999384,0.000834140545588502,0.0013495455682950297,0.0008940728652665486,0.0016411145456918241,0.00020029928573428446,0.00036697738483093545,0.00044687870131798757,0.00041623445297089834,0.0006351558526338508,0.0011704648711656773,0.00047975642395681195
0.635,0.0007423507662375817,0.0013622105500723514,0.00020265424009435762,0.0012810396058329232,0.00038333471084817106,0.0006289959636625042,0.0012830655216610198,0.0005403317640445549,0.0005085402320852417,0.00026521743132024156,0.0008293606626212924,0.0013438027825447563,0.0008897907443790043,0.0016319103364604848,0.00019893230787093596,0.00036496075204517364,0.00044436906592582037,0.00041321350405665314,0.0006323020150853509,0.0011658326788130946,0.00047715045532770173
0.636,0.0007385895722731739,0.0013557445324601236,0.00020145287257511413,0.0012737170533227982,0.0003814612549639662,0.0006260234288739674,0.001277955202935832,0.0005370793213519409,0.0005062104806469181,0.0002633101379443392,0.0008246055668474916,0.001338084811099205,0.000885531243684845,0.0016227502089186663,0.00019757611476178827,0.00036295636260397224,0.000441872924077491,0.00041021296937682195,0.0006294641655432143,0.001161220415562103,0.00047456237791287936
0.637,0.0007348480642113797,0.0013493023724296949,0.00020025964911107863,0.0012664325045420588,0.0003795972735008979,0.0006230663254683799,0.0012728698287817197,0.0005338474263774096,0.0005038953799421098,0.0002614157236831005,0.0008198751453106778,0.001332391536214672,0.000881294237424779,0.0016136340007426586,0.00019623061397455732,0.0003609641430158961,0.0004393902046140319,0.00040723273084908307,0.0006266421834456581,0.0011566279690078396,0.000471992035791291
0.638,0.0007311261324070894,0.0013428840275588882,0.0001990744924416088,0.0012591858073631723,0.0003777427006494971,0.0006201245436451286,0.0012678092471720692,0.0005306359449310794,0.0005015948089027722,0.0002595341047579858,0.0008151692856399606,0.0013267228408667675,0.000877079600564934,0.0016045615502711108,0.00019489571386965832,0.0003589840201908556,0.0004369208367945854,0.00040427267095433095,0.0006238359493807577,0.0011520552277696217,0.00046943927441700506
0.639,0.0007274236680018586,0.0013364894556382456,0.0001978973261985706,0.0012519768100449635,0.0003758974713350405,0.000617197974731698,0.0012627733070997849,0.0005274447438108343,0.0004993086476771103,0.0002576651979976363,0.0008104878760510914,0.0013210786087989312,0.0008728872087753192,0.0015955326965469974,0.00019357132360209306,0.0003570159214757451,0.00043446475033825926,0.0004013326727382305,0.0006210453450838926,0.001147502081443319,0.0004669039406494102
0.64,0.0007237405629032856,0.0013301186146599253,0.00019672807489234945,0.0012448053611852083,0.00037406152119945357,0.0006142865111697926,0.0012577618585418726,0.0005242736908009915,0.0004970367775170015,0.00025580892082510687,0.0008058308053574548,0.00131545872446448,0.0008687169384757887,0.0015865472792373492,0.00019225735310968162,0.00035505977466165906,0.0004320218754041427,0.00039841261979589593,0.0006182702534059947,0.001142968420623669,0.0004643858827378944
0.641,0.0007200767097823635,0.001323771462816703,0.00019556666389919375,0.0012376713097626002,0.0003722347865648956,0.0006113900465014588,0.0012527747524924138,0.0005211226546639747,0.0004947790808605967,0.00025396519124243344,0.0008011979629539701,0.0013098630730652427,0.000864568666757215,0.0015776051386686696,0.00019095371309285625,0.00035311550795769087,0.0004295921425774285,0.0003955123962631202,0.0006155105583254272,0.0011384541368852918,0.00046188495029608756
0.642,0.0007164320020674686,0.001317447958489426,0.00019441301946987455,0.0012305745050851247,0.00037041720447950066,0.0006085084753648662,0.0012478118409238181,0.0005179915051248818,0.0004925354412386174,0.0002521339278244161,0.0007965892387984397,0.001304291540502489,0.0008604422714593163,0.001568706115819496,0.000189660315022655,0.00035118305001313743,0.00042717548288973006,0.0003926318868345824,0.0006127661449309985,0.0011339591227667034,0.00045940099431129866
0.643,0.0007128063339353119,0.0013111480602313597,0.0001932670686795035,0.0012235147968281401,0.0003686087126552051,0.000605641693475989,0.0012428729768125812,0.0005148801128518343,0.0004903057433336411,0.0002503150497408235,0.0007920045234235396,0.0012987440134111239,0.0008563376310843918,0.0015598500522987502,0.00018837707115892943,0.0003492623298757547,0.0004247718278002077,0.0003897709767466395,0.0006100368994090832,0.0011294832717571035,0.00045693386713163697
0.644,0.0007091996003070311,0.0013048717267747367,0.00019212873947571651,0.0012164920350244968,0.00036680924950616145,0.0006027895976233877,0.001237958014102425,0.0005117883494802911,0.0004880898729183736,0.0002485084767104295,0.0007874437079187224,0.0012932203791410357,0.0008522546248660445,0.001551036790326421,0.0001871038944927239,0.00034735327703394603,0.00042238110918080274,0.0003869295517652249,0.0006073227090457323,0.001125026478321467,0.0004544834224324834
0.645,0.0007056116968390258,0.0012986189169834628,0.0001909979606213863,0.0012095060700393345,0.00036501875409977735,0.0005999520856567742,0.0012330668077208395,0.0005087160875639762,0.0004858877169051645,0.00024671412902566026,0.0007829066839452059,0.0012877205257366686,0.0008481931327317671,0.0015422661727396703,0.00018584069877558562,0.0003454558214059933,0.0004200032593530967,0.0003841074981976167,0.000604623462190812,0.0011205886378305996,0.00045204951525712467
0.646,0.0007020425199180502,0.0012923895898911963,0.00018987466171371814,0.0012025567526035008,0.00036323716618813506,0.0005971290564779075,0.0012281992135769748,0.0005056632006104067,0.0004836991632594101,0.0002449319275511508,0.00077839334369878,0.0012822443419473473,0.0008441530352828464,0.0015335380429817302,0.0001845873985090174,0.00034356989329997756,0.00041763821102402954,0.0003813047028821126,0.0006019390482914222,0.0011161696466024384,0.00044963200196890263
0.647,0.0006984919666574885,0.0012861837046564961,0.00018875877317980905,0.0011956439337917901,0.0003614644261753508,0.0005943204100311572,0.0012233550885382138,0.0005026295630312649,0.00048152410106039323,0.00024316179367889212,0.0007739035799316785,0.001276791717242598,0.000840134213812016,0.0015248522451185575,0.00018334390892527086,0.0003416954234648495,0.00041528589734429744,0.00037852105319080565,0.0005992693578387165,0.001111769401882512,0.0004472307402551001
0.648,0.0006949599348812563,0.0012800012205700373,0.0001876502262256885,0.001188767465022722,0.00035970047512245973,0.000591526047276969,0.0012185342904504903,0.0004996150501581642,0.0004793624204577629,0.00024140364937652592,0.0007694372859238241,0.0012713625417551944,0.0008361365503174456,0.0015162086237634487,0.00018211014598901176,0.0003398323430374717,0.0004129462518692728,0.000375756437014485,0.000596614282372121,0.0011073878018073025,0.0004448455891147285
0.649,0.0006914463231287194,0.0012738420970390685,0.00018654895289660356,0.0011819271980454404,0.00035794525472121475,0.0005887458702023007,0.0012137366781064252,0.0004966195382303251,0.0004772140126647617,0.0002396574171332766,0.0007649943555066985,0.0012659567063237898,0.0008321599274599967,0.0015076070241386574,0.00018088602641097573,0.00033798058359546523,0.0004106192085512328,0.0003730107427629692,0.0005939737144915469,0.0011030247454318909,0.0004424764088617472
0.65,0.0006879510306432469,0.0012677062935773087,0.00018545488599885918,0.0011751229849787936,0.00035619870733805126,0.000585979781803081,0.0012089621112695292,0.0004936429043875812,0.00047507876995067644,0.00023792302000014143,0.0007605746830324778,0.0012605741024628303,0.0008282042285627789,0.0014990472920326514,0.00017967146760244912,0.00033614007710103255,0.00040830470177899425,0.00037028385937887265,0.0005913475478296348,0.0010986801326834383,0.00044012306109575405
0.651,0.0006844739573660441,0.0012615937698148283,0.0001843679591446712,0.0011683546782579324,0.0003544607759238261,0.0005832276860709973,0.0012042104506405638,0.0004906850266500618,0.00047295658563872855,0.0002362003815563618,0.0007561781633724785,0.0012552146223699934,0.0008242693376440124,0.0014905292737940057,0.0001784663877135717,0.00033431075593814974,0.00040600266631396487,0.00036757567631351407,0.0005887356770438723,0.0010943538643892747,0.00043778540873007366
0.652,0.0006810150039261165,0.0012555044854561936,0.00018328810671297546,0.0011616221306771646,0.0003527314040903118,0.0005804894879800626,0.0011994815578749707,0.0004877457839336241,0.0004708473540739888,0.00023448942590009736,0.000751804691925928,0.0012498781589108665,0.0008203551393761721,0.001482052816326851,0.00017727070557727043,0.00033249255288181345,0.00040371303733921504,0.0003648860835192558,0.0005861379977987191,0.0010900458422402615,0.0004354633159265875
0.653,0.0006775740716426393,0.0012494384002949,0.00018221526385486797,0.0011549251953472117,0.00035101053605313126,0.000577765093485394,0.0011947752955763224,0.00048482505601255,0.00046875097065679494,0.00023279007767462723,0.0007474541646028676,0.0012445646056277182,0.0008164615191041946,0.001473617767093871,0.00017608434075377932,0.00033068540111369504,0.00040143575041895474,0.0003622149714784806,0.0005835544067671616,0.001085755968793678,0.00043315664814258525
0.654,0.0006741510625099589,0.0012433954741903896,0.00018114936648006008,0.0011482637257340667,0.00034929811663841903,0.0005750544095005639,0.0011900915272589074,0.000481922723546524,0.00046666733178590825,0.00023110226202560646,0.0007431264778161584,0.001239273856720069,0.0008125883628209429,0.001465223974080443,0.00017490721349799898,0.00032888923422214056,0.0003991707415205159,0.0003595622311733937,0.0005809848016400387,0.0010814841474605652,0.00043086527208646697
0.655,0.000670745879201523,0.0012373756670963632,0.00018009035125321482,0.001141637575626353,0.0003475940912811559,0.0005723573438994878,0.0011854301174052395,0.00047903866804277495,0.0004645963348779425,0.00022942590463725931,0.0007388215284975796,0.0012340058070569038,0.0008087355571904098,0.0014568712858245014,0.00017373924476915548,0.0003271039861970637,0.0003969179469995865,0.00035692775408413535,0.0005784290810680881,0.00107723028249751,0.0004285890557257366
0.656,0.0006673584250494413,0.0012313789389943874,0.00017903815557840375,0.0011350465991715186,0.000345898406004963,0.0005696738055179784,0.001180790931396225,0.000476172771861183,0.0004625378783591483,0.00022776093167986566,0.0007345392140556406,0.001228760352136704,0.000804902989504308,0.001448559551368911,0.00017258035618783474,0.0003253295913901999,0.00039467730359810105,0.0003543114322036578,0.0005758871447049119,0.0010729942789947655,0.0004263278682801186
0.657,0.0006639886040490483,0.00122540524992798,0.0001779927175988849,0.0011284906508037817,0.000344211007423878,0.0005670037041020093,0.0011761738355482443,0.00047332491820128997,0.0004604918616175624,0.00022610726984961804,0.0007302794324123285,0.0012235373881287481,0.0008010905477163766,0.0014402886202977694,0.00017143047008816303,0.00032356598459037933,0.00039244874843902267,0.00035171315801252323,0.000573358893163789,0.0010687760428715887,0.00042408158018703013
0.658,0.0006606363208580101,0.0012194545599832907,0.00017695397620309805,0.0011219695853441625,0.00034253184275434556,0.000564346950344019,0.0011715786971018272,0.00047049499111584403,0.00045845818507428415,0.00022446484634763841,0.000726042081969136,0.0012183368118483529,0.0007972981204273921,0.0014320583426751243,0.00017028950946129662,0.0003218131009532499,0.00039023221903067284,0.0003491328244937808,0.0005708442280306647,0.001064575480867802,0.00042185006313422146
0.659,0.0006573014807723154,0.0012135268292803314,0.0001759218709723731,0.001115483257908334,0.00034086085975670866,0.0005617034558320633,0.001167005384200115,0.00046768287546927745,0.00045643675008066875,0.00022283358886288074,0.0007218270616040634,0.0012131585207387774,0.0007935255968682942,0.0014238685691052577,0.0001691573979771821,0.0003200708760209281,0.00038802765326551025,0.0003465703251364083,0.0005683430518321764,0.0010603925005208126,0.0004196331900141459
0.66,0.0006539839897373778,0.001207622017979304,0.00017489634220990702,0.001109031523952253,0.0003391980067943834,0.000559073133072463,0.0011624537658945222,0.00046488845695569214,0.0004544274589758368,0.00022121342558700796,0.000717634270697598,0.0012080024128839906,0.000789772866911953,0.0014157191506496414,0.0001680340599817809,0.0003183392457307699,0.0003858349893912649,0.00034402555390367073,0.0005658552680463114,0.0010562270101873716,0.0004174308349418343
0.661,0.0006506837543312161,0.0012017400862316396,0.00017387733094786917,0.001102614239264721,0.00033754323276546927,0.0005564558954682663,0.001157923712153175,0.00046211162207976386,0.00045243021504326464,0.00021960428520173547,0.0007134636090783131,0.0012028683869906853,0.0007860398210588482,0.0014076099388756758,0.00016691942047986075,0.00031661814639982744,0.0003836541660489079,0.00034149840523989283,0.0005633807810803138,0.0010520789189982782,0.0004152428732178137
0.662,0.0006474006817682066,0.0011958809942331783,0.00017286477888123208,0.0010962312599583912,0.0003358964871478243,0.0005538516573132535,0.0011534150938234955,0.00045935225816251535,0.0004504449225164464,0.00021800609686972727,0.0007093149770567297,0.0011977563424112603,0.0007823263504301847,0.0013995407858430342,0.00016581340512145104,0.0003149075147267366,0.0003814851222379012,0.0003389887741017672,0.0005609194962860053,0.0010479481368826926,0.0004130691813603038
0.663,0.0006441346798840286,0.0011900447021591098,0.00017185862841517796,0.0010898824424752096,0.00033425771995121423,0.0005512603337696209,0.0011489277826673971,0.00045661025332699445,0.00044847148657012337,0.00021641879023759358,0.0007051882754103289,0.0011926661790877535,0.0007786323467923184,0.001391511544064583,0.00016471594022404723,0.00031320728779637985,0.0003793277973170861,0.00033649655591949656,0.0005584713199191516,0.0010438345745281685,0.00041090963704881744
0.664,0.0006408856571346155,0.0011842311702013886,0.00017085882263567775,0.001083567643582306,0.0003326268817402944,0.0005486818408576566,0.0011444616513196504,0.00045388549646552256,0.00044650981331528783,0.00021484229543589084,0.0007010834053804427,0.0011875977976073537,0.000774957702504464,0.0013835220665331383,0.00016362695273730576,0.0003115174030630108,0.000377182131019449,0.0003340216465962387,0.000556036159142459,0.0010397381434041897,0.0004087641191505842
0.665,0.0006376535225891711,0.001178440358543753,0.00016986530530471722,0.0010772867203735492,0.00033100392361040676,0.0005461160954752797,0.0011400165733129741,0.00045117787729476166,0.00044455980975721676,0.00021327654306146915,0.0006970002686538246,0.0011825510991478883,0.00077130231056044,0.0013755722066908227,0.0001625463702580321,0.00030983779834259373,0.0003750480634298059,0.00033156394252187305,0.0005536139220310154,0.0010356587557184271,0.00040663250769457093
0.666,0.0006344381859260783,0.001172672227330418,0.00016887802084708525,0.0010710395302697684,0.0003293887971843601,0.0005435630153579618,0.0011355924230409542,0.00044848728627622236,0.00044262138383921457,0.00021172146418324544,0.0006929387673717535,0.001177525985507133,0.0007676660645611344,0.001367661818450605,0.00016147412103051373,0.0003081684118533268,0.0003729255349951277,0.0003291233405705585,0.0005512045175457558,0.001031596324440387,0.00040451468386604184
0.667,0.0006312395574290808,0.0011669267367246938,0.00016789691435259435,0.0010648259310177544,0.00032778145462142305,0.0005410225190819462,0.001131189075801342,0.0004458136146699987,0.0004406944443915428,0.000210176990339761,0.0006888988041305888,0.0011725223590712819,0.0007640488587120631,0.0013597907561643252,0.00016041013391676628,0.0003065091821671251,0.0003708144864988938,0.0003266997380890757,0.0005488078555279108,0.0010275507632875325,0.00040241053001499605
0.668,0.0006280575479733097,0.0011612038468269414,0.00016692193155387614,0.0010586457806661675,0.0003261818485869039,0.0005384945260551444,0.0011268064077339934,0.000443156754494356,0.00043877890114818463,0.00020864305353129886,0.0006848802819654498,0.001167540122833599,0.0007604505878168188,0.0013519588746141453,0.0001593543384121876,0.00030486004821062007,0.000368714859109609,0.00032429303288439293,0.0005464238467129956,0.0010235219866918666,0.00040031992961764296
0.669,0.0006248920690294868,0.0011555035177177597,0.00016595301884425595,0.0010524989376294869,0.0003245899322621426,0.0005359789565024808,0.0011224442958618353,0.00044051659851851444,0.00043687466472497327,0.0002071195862020092,0.0006808831043521035,0.0011625791803844265,0.0007568711472999423,0.001344166029042082,0.0001583066646209108,0.0003032209493083471,0.00036662659430442,0.00032190312324753556,0.0005440524026774085,0.0010195099098099236,0.00039824276727917773
0.67,0.0006217430326526496,0.0011498257094421094,0.00016499012324977524,0.0010463852606058532,0.0003230056593214181,0.0005334757314447991,0.0011181026180530074,0.00043789304028529763,0.000434981646608934,0.00020560652127810108,0.0006769071751868694,0.0011576394358823183,0.0007533104331701734,0.0013364120750953834,0.00015726704328133945,0.00030159182512423666,0.00036454963393173223,0.00031952990793560065,0.0005416934358759562,0.0010155144485320955,0.0003961789287479922
0.671,0.0006186103514770891,0.0011441703819909943,0.00016403319242164205,0.0010403046086309153,0.0003214289839602591,0.0005309847727325012,0.0011137812530507274,0.0004352859740589521,0.00043309975916028254,0.00020410379209856444,0.0006729523988204811,0.0011527207940891238,0.0007497683420186751,0.0013286968688429601,0.0001562354057333959,0.0002999726156851512,0.0003624839201710195,0.00031717328617264506,0.0005393468596035511,0.0010115355194326714,0.00039412830086726913
0.672,0.0006154939387158443,0.001138537495313341,0.0001630821746427813,0.0010342568410608433,0.0003198598608435965,0.0005285060029955879,0.0011094800804327676,0.00043269529486300584,0.0004312289155983251,0.0002026113324929968,0.0006690186800127895,0.0011478231603303524,0.0007462447710469,0.0013210202667908177,0.0001552116839237394,0.00029836326138366065,0.00036042939554314923,0.00031483315765368225,0.0005370125880110876,0.0010075730397991478,0.00039209077157831285
0.673,0.0006123937081494002,0.0011329270092909072,0.00016213701881118148,0.0010282418175712182,0.0003182982451417349,0.0005260393456439916,0.0011051989806235563,0.0004301208984546223,0.00042936902999146653,0.00020112907668423663,0.0006651059239547452,0.0011429464405134926,0.000742739618030952,0.001313382125839313,0.00015419581040343466,0.0002967637029709369,0.00035838600290083455,0.00031250942252358804,0.0005346905360663623,0.001003626927615353,0.0003900662299560764
0.674,0.0006093095741231625,0.001127338883745499,0.00016119767443334432,0.00102225939815892,0.0003167440924876086,0.0005235847248707959,0.001100937834904503,0.00042756268131538544,0.00042752001725432365,0.0001996569593780695,0.0006612140362507457,0.0011380905411084719,0.0007392527813290251,0.0013057823033018057,0.00015318771831662747,0.00029517388153377233,0.0003563536854355176,0.0003102019814026358,0.0005323806195792757,0.000999697101534025,0.00038805456612289735
0.675,0.0006062414515392078,0.0011217730784242042,0.00016026409161362665,0.0010163094431405728,0.0003151973589951007,0.0005211420656121568,0.0010966965253716987,0.0004250205406384211,0.00042568179312474363,0.00019819491569961212,0.0006573429229224104,0.0011332553691605352,0.0007357841598788495,0.0012982206568808996,0.00015218734140620693,0.00029359373854509485,0.00035433238666437994,0.0003079107353582966,0.0005300827551558696,0.000995783480888024,0.00038605567130345353
0.676,0.0006031892558586271,0.001116229553020598,0.00015933622107056067,0.0010103918131553202,0.0003136580012501611,0.000518711293589269,0.001092474934963228,0.0004224943743547094,0.00042385427417768184,0.00019674288119841954,0.0006534924903947026,0.0011284408322657091,0.0007323336531865898,0.0012906970446779908,0.00015119461399004663,0.0002920232157885838,0.00035232205043811415,0.00030563558593366125,0.000527796860241847,0.0009918859856825613,0.0003840694377927889
0.677,0.0006001529030883301,0.0011107082671297785,0.00015841401408855926,0.0010045063691540568,0.000312125976298816,0.0005162923352652893,0.0010882729474531727,0.0004199840810816813,0.00042203737780455164,0.00019530079185092752,0.0006496626455138044,0.001123646838565362,0.000728901161347939,0.001283211325185163,0.0001502094709869839,0.000290462255428392,0.00035032262092626887,0.00030337643510214285,0.0005255228530643974,0.0009880045365819878,0.0003820957589373286
0.678,0.0005971323097773929,0.0011052091802730146,0.00015749742255344312,0.0009986529724060889,0.0003106012416289605,0.0005138851178256854,0.0010840904474181956,0.00041748956015474903,0.0004202310221972372,0.00019386858407111074,0.0006458532955186946,0.0011188732967846171,0.0007254865849957159,0.0012757633572743066,0.00014923184787996036,0.00028891079995463365,0.00034833404261269685,0.0003011331853207677,0.000523260652642854,0.0009841390548890327,0.00038013452914609225
0.679,0.0005941273930173518,0.0010997322518701003,0.00015658639891424908,0.0009928314845149,0.00030908375520510845,0.0005114895692031052,0.0010799273202599657,0.0004150107116046575,0.000418435126360972,0.00019244619468450352,0.0006420643480631316,0.0011141201161598557,0.0007220898253585961,0.0012683530001889043,0.00014826168072235024,0.0002873687922027024,0.0003463562603234216,0.00029890573948410104,0.0005210101787866961,0.0009802894625787761,0.0003781856438609399
0.68,0.0005911380704295644,0.0010942774412774359,0.00015568089619100167,0.00098704176737896,0.0003075734754091064,0.0005091056180428488,0.001075783452194834,0.00041254743614349554,0.00041664961007736867,0.00019103356094241075,0.0006382957111591425,0.0011093872064917853,0.000718710784207155,0.001260980113553245,0.00014729890615183816,0.00028583617536037664,0.0003443892191746789,0.0002966940009205832,0.0005187713520941051,0.000976455682247801,0.0003762489995731144
0.681,0.000588164260166174,0.0010888447077149754,0.00015478086797571233,0.000981283683237244,0.0003060703610777704,0.0005067331937130826,0.0010716587302467273,0.0004100996351874553,0.0004148743939281774,0.00018963062049603963,0.0006345472932514085,0.0011046744780970341,0.0007153493638697439,0.0012536445573543276,0.00014634346135400378,0.00028431289292973894,0.00034243286462321,0.0002944978734437109,0.0005165440939267629,0.0009726376371053114,0.00037432449379104504
0.682,0.0005852058809029448,0.0010834340103311746,0.00015388626840717734,0.0009755570946281544,0.0003045743714654714,0.0005043722262767503,0.001067553042236935,0.00040766721082352575,0.00041310939926608725,0.00018823731142703082,0.0006308190031494298,0.0010999818418458984,0.0007120054672283826,0.0012463461919398622,0.0001453952840856365,0.00028279888878635084,0.00034048714240519917,0.00029231726129708147,0.0005143283263955301,0.0009688352510092146,0.00037241202505400306
0.683,0.0005822628518320939,0.001078045308154807,0.00015299705216431647,0.0009698618644216062,0.0003030854662757765,0.0005020226464985678,0.0010634662767846637,0.0004052500658039415,0.0004113545482093972,0.00018685357220293852,0.0006271107500610551,0.0010953092091240402,0.0007086789977261976,0.001239084878010166,0.0001444543126507547,0.0002812941071018704,0.000338551998591452,0.0002901520691593884,0.0005121239723855364,0.0009650484484233779,0.0003705114928920228
0.684,0.0005793350926642848,0.0010726785600941868,0.00015211317449015382,0.0009641978558028175,0.00030160360561415356,0.0004996843858334765,0.0010593983233057047,0.00040284810357371637,0.0004096097636443474,0.00018547934171309066,0.0006234224435670566,0.001090656491843478,0.0007053698593423308,0.0012318604766259345,0.00014352048590537958,0.0002797984924132191,0.000336627379555976,0.00028800220216640415,0.0005099309555194331,0.0009612771544201815,0.00036862279785465635
0.685,0.0005764225236154829,0.0010673337249631487,0.00015123459115462534,0.0009585649322596534,0.00030012875001239614,0.0004973573764108785,0.0010553490719965586,0.00040046122821446595,0.00040787496919880706,0.00018411455923994513,0.0006197539936432239,0.0010860236024475833,0.0007020779566017099,0.0012246728492067982,0.00014259374325653607,0.0002783119895513053,0.00033471323194844693,0.00028586756591009177,0.0005077492001543948,0.000957521294665975,0.00036674584147311506
0.686,0.0005735250654058943,0.0010620107614421892,0.00015036125845113713,0.000952962957617709,0.0002986608603952057,0.0004950415510425188,0.0010513184138432052,0.0003980893444781586,0.00040615008925426466,0.00018275916446219842,0.0006161053106110703,0.0010814104538772185,0.0006988031945586171,0.0012175218574801416,0.00014167402464038137,0.0002768345437138553,0.0003328095027654854,0.0002837480663999692,0.0005055786313973298,0.000953780795423298,0.0003648805262639332
0.687,0.0005706426392535324,0.0010567096280947874,0.00014949313319911894,0.0009473917960077793,0.0002971998981099455,0.000492736843190289,0.00104730624060978,0.0003957323577753469,0.0004044350489197379,0.00018141309744634793,0.0006124763051813531,0.0010768169595803956,0.0006955454788208915,0.0012104073635463841,0.000140761270547185,0.0002753661003883634,0.0003309161392522908,0.0002816436100804287,0.0005034191750532546,0.0009500555835401103,0.0003630267557268585
0.6880000000000001,0.0005677751668805408,0.0010514302833694034,0.00014863017274491241,0.0009418513118818472,0.00029574582490043966,0.0004904431869735548,0.001043312444822364,0.00039339017415074284,0.00040272977405897414,0.00018007629866767516,0.0006088668884346449,0.0010722430335453614,0.000692304715522174,0.0012033292298275766,0.00013985542198413636,0.0002739066054138206,0.0003290330889902382,0.0002795541038741467,0.0005012707576722564,0.0009463455864614501,0.0003611844343150983
0.6890000000000001,0.0005649225704843774,0.001046172685550073,0.0001477723349274651,0.000936341370008531,0.0002942986028824368,0.00048816051717681663,0.0010393369197958524,0.00039106270029809487,0.00040103419121928496,0.00017874870897782724,0.0006052769718071227,0.0010676885902167754,0.0006890808113180213,0.0011962873190551893,0.00013895642049222,0.00027245600492742383,0.0003271602998156098,0.00027747945510259164,0.0004991333064872094,0.0009426507321727007,0.0003593534674563026
0.6900000000000001,0.0005620847727625777,0.0010409367928225777,0.00014691957810164524,0.0009308618354711973,0.0002928581946000097,0.0004858887692036351,0.0010353795595912096,0.000388749843546643,0.0003993482277001581,0.00017743026961269948,0.0006017064671142158,0.0010631535445705387,0.0006858736734011162,0.0011892814943262886,0.00013806420814854725,0.0002710142454011022,0.00032529771988765166,0.00027541957153742747,0.0004970067494500796,0.000938970949248441,0.00035753376151637095
0.6910000000000001,0.000559261696883584,0.0010357225632126044,0.00014607186113724246,0.0009254125736779528,0.000291424562939957,0.0004836278790979476,0.0010314402590219096,0.0003864515118559009,0.0003976718114736544,0.0001761209221881055,0.0005981552865101936,0.0010586378120523987,0.0006826832094861679,0.0011823116190274874,0.00013717872751861648,0.00026958127362142204,0.0003234452976509372,0.00027337436138274995,0.0004948910152053898,0.0009353061668124774,0.0003557252237985642
0.6920000000000001,0.0005564532664976363,0.0010305299546192748,0.00014522914335968196,0.0009199934503409946,0.00028999767119186615,0.00048137778353574134,0.001027518913672254,0.00038416761380555275,0.00039600487124713535,0.00017482060870888105,0.0005946233425134784,0.0010541413086172513,0.0006795093277975894,0.0011753775568845715,0.00013629992171981797,0.00026815703668081614,0.00032160298180339275,0.000271343733276197,0.0004927860330792289,0.0009316563145431722,0.0003539277625558279
0.6930000000000001,0.0005536594057268474,0.001025358924799713,0.0001443913846120859,0.0009146043315098051,0.00028857748300115116,0.0004791384197971871,0.0010236154198817182,0.00038189805861088555,0.00039434733637422337,0.00017352927154290487,0.0005911105480054246,0.0010496639506987204,0.0006763519370920346,0.0011684791719148713,0.0001354277343509347,0.00026674148199412606,0.00031977072136146756,0.0002693275962903918,0.000490691733086579,0.0009280213226620093,0.00035214128695071345
0.6940000000000001,0.0005508800391574198,0.0010202094313479515,0.0001435585452023158,0.000909245083531296,0.0002871639623858169,0.0004769097257766308,0.0010197296747025408,0.00037964275609136955,0.00039269913693962266,0.00017224685344074953,0.0005876168161891293,0.0010452056551994993,0.000673210946628644,0.0011616163284586811,0.00013456210953965986,0.0002653345572791732,0.0003179484656029574,0.00026732585993061164,0.0004886080459027831,0.0009244011219240456,0.00035036570707491776
0.6950000000000001,0.0005481150918412447,0.0010150814317282375,0.00014273058591529608,0.0009039155730808934,0.00028575707373723613,0.0004746916399714918,0.0010158615759551237,0.000377401616673545,0.0003910602036693023,0.00017097329751170065,0.0005841420606530479,0.0010407663395090028,0.0006700862661688234,0.001154788891168823,0.00013370299189319201,0.00026393621056708394,0.0003161361640833249,0.00026533843411147284,0.00048653490287420276,0.0009207956436370068,0.0003486009339160878
0.6960000000000001,0.0005453644892915277,0.0010099748832417266,0.00014190746801179266,0.000898615667152769,0.00028435678178073687,0.00047248410146827347,0.0010120110221761847,0.0003751745514035676,0.00038943046798867176,0.0001697085472444071,0.0005806861952990516,0.001036345921484605,0.0006669778060057752,0.0011479967249941048,0.00013285032653875817,0.00026254639019829273,0.00031433376664757873,0.0002633652292053368,0.00048447223602066103,0.0009172048196084415,0.00034684687935981895
0.6970000000000001,0.0005426281574686942,0.0010048897430317005,0.00014108915320587556,0.0008933452330522895,0.0002829630516183457,0.000470287049948781,0.001008177912652286,0.0003729614719126806,0.0003878098619600756,0.00016845254647623875,0.000577249134372515,0.0010319443194544142,0.0006638854769142055,0.0011412396951557824,0.00013200405908941892,0.00026116504479789526,0.00031254122339274826,0.00026140615598202466,0.00048241997798037506,0.0009136285821785828,0.0003451034561976485
0.6980000000000001,0.0005399060227920527,0.0009998259681026633,0.00014027560368112812,0.0008881041384148913,0.00028157584867216645,0.00046810042566391985,0.0010043621473713182,0.00037076229044663567,0.00038619831831299134,0.00016720523941593513,0.0005738307924770814,0.0010275614522067267,0.0006608091901778579,0.001134517667231827,0.00013116413563341034,0.00025979212331672663,0.0003107584847077405,0.00025946112565278234,0.0004803780620699083,0.0009100668641992549,0.0003433705780860885
0.6990000000000001,0.0005371980121215592,0.0009947835152644968,0.00013946678205212226,0.0008828922511739945,0.00028019513872756807,0.00046592416944224446,0.0010005636270421503,0.00036857691981728724,0.0003845957704335934,0.00016596657063516762,0.0005704310845304761,0.0010231972389980193,0.0006577488575763013,0.001127830507032468,0.00013033050277200253,0.00025842757500582625,0.00030898550124325297,0.00025753004985662464,0.0004783464222207767,0.0009065195990349828,0.0003416481595718279
0.7000000000000001,0.0005345040527640343,0.0009897623412120637,0.00013866265140816125,0.0008777094396020813,0.0002788208879023202,0.00046375822268385214,0.0009967822531207204,0.00036640527344988794,0.0003830021523210103,0.0001647364850423383,0.0005670499258021433,0.0010188515995249725,0.000654704391397587,0.001121178080692009,0.00012950310757442463,0.0002570713493913468,0.00030722222390211495,0.00025561284064068435,0.0004763249930145319,0.0009029867205324615,0.0003399361160659753
0.7010000000000001,0.0005318240724556944,0.0009847624024234003,0.00013786317523667435,0.0008725555722848277,0.0002774530626310501,0.0004616025273237456,0.0009930179277367612,0.0003642472653339057,0.00038141739865027446,0.0001635149279093362,0.0005636872318776076,0.0010145244539543352,0.000651675704397614,0.001114560254612873,0.0001286818975732018,0.0002557233963058625,0.0003054686038697074,0.0002537094104779758,0.0004743137096320238,0.0008994681630596357,0.0003382343638230756
0.7020000000000001,0.0005291579993765893,0.0009797836552593031,0.0001370683175119236,0.0008674305181253228,0.0002760916296991045,0.0004594570258765751,0.0009892705537424273,0.00036210281004267486,0.0003798414446869458,0.00016230184486931698,0.0005603429186784581,0.0010102157228739639,0.0006486627098353237,0.001107976895490581,0.0001278668207952416,0.00025438366588592665,0.00030372459258676265,0.0002518196722723909,0.00047231250789880885,0.0008959638614391974,0.00033654281996153834
0.7030000000000001,0.0005265057621304581,0.0009748260558766209,0.00013627804260196719,0.0008623341463394052,0.00027473655619658643,0.0004573216613793507,0.0009855400346903131,0.00035997182271485517,0.00037827422633684993,0.00016109718187673483,0.0005570169024383675,0.0010059253273473345,0.0006456653214598207,0.0011014278703043168,0.00012705782573940727,0.00025305210855530724,0.0003019901417452564,0.0002499435393324978,0.00047032132423285855,0.0008924737509952152,0.0003348614024460961
0.704,0.0005238672897485252,0.0009698895602822111,0.00013549231530096684,0.0008572663264805325,0.000273387809538006,0.000455196377418865,0.000981826274824238,0.0003578542190660894,0.000376715680115991,0.00015990088525796864,0.000553709099730737,0.001001653188849927,0.0006426834534887238,0.0010949130462938328,0.0001262548613457648,0.0002517286750186587,0.0003002652033052833,0.0002480809253988525,0.00046834009565843715,0.0008889977675392569,0.000333190030056163
0.705,0.0005212425116828013,0.0009649741242939713,0.00013471110083440596,0.0008522269284112483,0.0002720453574502901,0.0004530811181001626,0.000978129179080689,0.0003557499153753474,0.00037516574314166995,0.00015871290164926055,0.0005504194274331686,0.0009973992293073053,0.000639717020628483,0.0010884322909900934,0.00012545787703799327,0.0002504133162747335,0.00029854972948195613,0.0002462317446191298,0.00046636875979433334,0.0008855358473428554,0.00033152862240892755
0.706,0.0005186313578022461,0.0009600797035713704,0.0001339343648296687,0.0008472158223077342,0.0002707091679680085,0.0004509758280523135,0.000974448653084159,0.00035365882847004926,0.00037362435313548215,0.00015753317805289324,0.0005471478027558874,0.0009931633710699161,0.0006367659380687174,0.0010819854721857425,0.00012466682268752471,0.00024910598360794456,0.0002968436727178725,0.0002443959115421279,0.0004644072548631861,0.0008820879271248527,0.00032987709994947156
0.707,0.0005160337583924812,0.0009552062535900241,0.00013316207332358942,0.0008422328786799049,0.0002693792094279335,0.0004488804524329648,0.0009707846031443701,0.00035158087573072816,0.00037209144841454656,0.00015636166179500144,0.0005438941432183153,0.0009889455369177513,0.0006338301214607878,0.0010755724579444292,0.00012388164861409923,0.00024780662859114067,0.0002951469857509492,0.00024257334116373208,0.0004624555196547364,0.0008786539440842622,0.000328235383910358
0.708,0.0005134496441509262,0.0009503537296425835,0.0001323941927704464,0.0008372779683434306,0.000268055450472815,0.0004467949369038049,0.0009671369362437288,0.0003495159751185639,0.00037056696788384524,0.00015519830054044892,0.0005406583666424103,0.0009847456500621243,0.0006309094869425547,0.0010691931166003643,0.00012310230560919067,0.00024651520306639974,0.00029345962153404237,0.00024076394887118102,0.0004605134935449229,0.0008752338358729572,0.0003266033963527093
0.709,0.0005108789461741869,0.0009455220868586078,0.00013163068999244576,0.000832350962471029,0.00026673786003361677,0.0004447192276162415,0.000963505560029887,0.0003474640450943367,0.0003690508510268975,0.00015404304226773746,0.0005374403911746484,0.0009805636341174706,0.0006280039510934143,0.0010628473167518804,0.0001223287448745003,0.00024523165916445766,0.00029178153328168754,0.00023896765046216295,0.00045858111648933164,0.0008718275405835696,0.000324981060099816
0.71,0.0005083215959694742,0.0009407112801752548,0.00013087153224289327,0.0008274517325131958,0.00026542640733528966,0.00044265327123871323,0.0009598903828351713,0.00034542500469958437,0.0003675430379040945,0.00015289583531186146,0.0005342401352689263,0.0009763994131187781,0.0006251134309896988,0.001056534927255548,0.00012156091810400227,0.00024395594929205178,0.0002901126744236926,0.0002371843621595815,0.00045665832897734404,0.0008684349967525984,0.00032336829879120454
0.711,0.0005057775254359743,0.0009359212643506032,0.000130116687115156,0.0008225801502652619,0.0002641210618865575,0.0004405970149111704,0.0009562913136338391,0.0003433987734892119,0.00036604346913782226,0.00015175662831778958,0.0005310575176749044,0.0009722529115316902,0.0006222378441526066,0.001050255817223289,0.00012079877737114497,0.0002426880261440223,0.00028845299867441554,0.00023541400058380013,0.0004547450720939761,0.0008650561433376502,0.0003217650368245728
0.712,0.0005032466668737689,0.0009311519939635415,0.00012936612262526292,0.0008177360878479645,0.00026282179347469903,0.0004385504062687229,0.0009527082620921501,0.00034138527156091225,0.0003645520859139051,0.00015062537025334333,0.0005278924574525501,0.0009681240542007696,0.0006193771085776234,0.0010440098560284827,0.00012004227522166566,0.000241427842671893,0.00028680245996304254,0.00023365648276285622,0.0004528412874515997,0.000861690919760516,0.0003201711993838785
0.713,0.0005007289529734727,0.0009264034234016671,0.00012861980713807508,0.0008129194177027843,0.00026152857218508796,0.0004365133934168819,0.0009491411384878745,0.00033938441954384224,0.0003630688299890439,0.00014950201041308286,0.0005247448739660321,0.0009640127664000131,0.000616531142693777,0.001037796913320066,0.00011929136462651702,0.00024017535209752694,0.00028516101246345293,0.00023191172614311917,0.0004509469172285785,0.0008583392658522149,0.0003185867123998154
0.714,0.0004982243168077105,0.0009216755068802707,0.000127877709419022,0.0008081300125849511,0.0002602413683439053,0.0004344859249393318,0.0009455898537702456,0.0003373961385721991,0.00036159364363297364,0.00014838649839576945,0.0005216146868736171,0.0009599189737832248,0.0006136998654091563,0.0010316168589600272,0.00011854599897198614,0.00023893050793455384,0.0002835286105797863,0.00023017964856375528,0.00044906190411320157,0.0008550011218533271,0.0003170115025729059
0.715,0.0004957326918419713,0.0009169681984105837,0.00012713979856748825,0.0008033677455911992,0.00025896015257032,0.00043246794988016646,0.0009420543195401976,0.0003354203503342923,0.0003601264697020712,0.00014727878414111384,0.0005185018161282251,0.0009558426024187661,0.0006108831960727201,0.0010254695630959043,0.00011780613208145496,0.0002376932639456264,0.0002819052089572116,0.00022846016828093063,0.0004471861913484254,0.0008516764284314249,0.00031544549734130456
0.716,0.0004932540119202799,0.0009122814518508493,0.00012640604407110345,0.000798632490132567,0.0002576848957507316,0.0004304594177384491,0.0009385344480203894,0.00033345697700681853,0.00035866725156441515,0.00014617881787948317,0.0005154061819911959,0.0009517835787598017,0.000608081054486731,0.0010193548961119347,0.00011707171817787465,0.00023646357416562402,0.00028029076247171325,0.0002267532039520459,0.00044531972271011355,0.0008483651266695258,0.00031388862489423186
0.717,0.0004907882112578698,0.0009076152208260524,0.000125676415760001,0.0007939241199400593,0.00025641556901523366,0.0004284602784641045,0.0009350301520826276,0.0003315059412873911,0.0003572159331174385,0.00014508655016032268,0.0005123277050037567,0.0009477418296421902,0.000605293360898429,0.0010132727286242815,0.00011634271192806356,0.0002352413929010977,0.0002786852262223194,0.00022505867463118445,0.0004434624424748401,0.0008450671580413349,0.00031234081413666903
0.718,0.0004883352244537176,0.0009029694588175152,0.00012495088383102093,0.000789242509084076,0.00025515214376248263,0.00042647048247268504,0.0009315413452207766,0.00032956716638354866,0.0003557724588012512,0.0001440019318446062,0.0005092663060060065,0.000943717282308576,0.0006025200359999205,0.0010072229315415404,0.00011561906838930547,0.00023402667470928673,0.0002770885555444247,0.00022337649977410834,0.00044161429544331554,0.0008417824644277871,0.00031080199471211767
0.719,0.0003590530831368177,0.0008652393632369026,5.492685857388935e-05,0.00041263117970691265,0.00016587825230240938,0.00018612707370879722,0.0005958118988637073,0.00023193860004722122,0.0006247416237415981,4.716621229328144e-05,0.0002711101340426847,0.0004860445001442226,0.00030721682390910665,0.000689727453479061,0.00012242011937257935,0.0003461591976515743,0.00015691706513898396,0.00017432316451804208,0.0006523191832701336,0.000524341168373077,0.0002660217903621698
0.72,0.0003573514744904027,0.0008609058708703987,5.456907003664746e-05,0.0004099878824479486,0.00016502330411494182,0.00018504891499504517,0.0005938925428445874,0.00023051416788433254,0.0006229376931521369,4.682872453642961e-05,0.00026943928950284857,0.00048349259061608585,0.00030557451810375724,0.0006857421910964057,0.00012178349699820679,0.00034455720773152176,0.00015600206532928595,0.00017309062165682398,0.0006507984467243322,0.0005222937131654781,0.00026454717800084016
0.721,0.00035566137507075934,0.0008565993521844062,5.421549370043799e-05,0.00040736539300434416,0.000164175433991387,0.00018397905706213358,0.0005919820132856968,0.0002291000311838154,0.0006211407923515377,4.6494467377367066e-05,0.0002677828988562059,0.00048095827839955696,0.0003039458738335332,0.0006817872178712658,0.00012115200271756166,0.00034296652674292716,0.0001550935489011973,0.00017186693106729933,0.0006492803622726306,0.000520257047759598,0.000263084778852285
0.722,0.0003539815582040806,0.0008523193724645495,5.386386693384537e-05,0.00040476218169793743,0.0001633321552602096,0.00018291796863778575,0.0005900801517582099,0.00022769385714938029,0.0006193494281794276,4.616301762827568e-05,0.00026613769340877447,0.00047844067480784513,0.0003023286599285191,0.0006778604380719422,0.00012052470005330385,0.0003413849286417747,0.00015419241924308213,0.0001706522812647826,0.0006477646109347424,0.0005182303294909429,0.00026163242852628166
0.723,0.00035231230938820854,0.0008480657543052939,5.351494125183098e-05,0.0004021781984752115,0.00016249431055892494,0.00018186509869333456,0.0005881870694535163,0.00022629651157735076,0.0006175639939199895,4.583463350793515e-05,0.00026450487380969,0.00047593976569781926,0.0003007235598289082,0.0006739622662159661,0.00011990175293796757,0.0003398128651939114,0.00015329804694852456,0.00016944667338303354,0.0006462513336614739,0.0005162138142661421,0.0002601907240773471
0.724,0.00035065351557782564,0.000843838233267391,5.3168570862238695e-05,0.0003996133869245133,0.000161661776522104,0.00018082037338684742,0.0005863026772299218,0.00022490785368245447,0.0006157844266647672,4.550926756430318e-05,0.000262884190438184,0.0004734553913894324,0.00029913037887796534,0.0006700923559619376,0.00011928315510223442,0.0003382504284887844,0.00015241045796932084,0.00016824999853071176,0.0006447404856309014,0.000514207348346396,0.0002587595547161037
0.725,0.00034900508402044284,0.0008396366188548887,5.2824767201919975e-05,0.00039706755961677054,0.00016083452908821627,0.00017978373062310649,0.0005844268651979956,0.00022352780891432555,0.0006140107192814659,4.51868834594471e-05,0.0002612755387524368,0.000470987386983146,0.0002975490030323602,0.0006662504629838528,0.0001186688576961803,0.0003366975027578878,0.00015152958165554065,0.00016706215082662457,0.000643232056365739,0.0005122108443946782,0.0002573388127222742
0.726,0.00034736691498152836,0.0008354607095306665,5.2483484091259136e-05,0.0003945405449936601,0.00016001252115960263,0.00017875506915165928,0.0005825595543295092,0.00022215630930910724,0.0006122428163494176,4.486744596943204e-05,0.00025967878108967835,0.00046853555652071055,0.00029597933110103725,0.0006624362788091309,0.00011805882324156247,0.00033515404470763066,0.00015065534451241813,0.00016588307197917818,0.0006417260287256976,0.000510224160314543,0.00025592842374466684
0.727,0.00034573891391483926,0.0008313103070778372,5.214469824355028e-05,0.00039203216402516894,0.00015919570299616215,0.00017773432027534675,0.0005807006431940431,0.00022079326809132382,0.0006104806849046573,4.455092616661993e-05,0.0002580937849835374,0.0004660997436551906,0.0002944212387373524,0.0006586495558524863,0.00011745301800436536,0.000333619973489796,0.00014978767571416363,0.00016471269300477598,0.0006402224001422763,0.0005082472059607657,0.00025452827377736575
0.728,0.00034412098731945173,0.0008271852188274087,5.180838324447823e-05,0.00038954224651333025,0.0001583840309802298,0.00017672138420943284,0.0005788500436518795,0.00021943862775586354,0.0006087243001117182,4.423728937030802e-05,0.00025652043928037216,0.000463679774852066,0.00029287461591864794,0.0006548900395032531,0.00011685139683714763,0.000332095219861106,0.0001489265068003176,0.00016355093619591088,0.0006387211441094554,0.000506279859847969,0.0002531382885181399
0.729,0.00034251304464568143,0.0008230852566002422,5.147451398790359e-05,0.0003870706178794592,0.00015757746428346486,0.00017571619078338152,0.0005770076700790661,0.00021809231866054546,0.0006069736224186828,4.392650250639729e-05,0.0002549586300674145,0.0004612754903664529,0.0002913393509806905,0.000651157471768582,0.00011625392671854584,0.00033057971628080995,0.0001480717675380605,0.00016239772872606029,0.0006372222551475071,0.0005043220206575327,0.0002517583774628296
0.73,0.0003409149975247716,0.0008190102493746965,5.114306115083789e-05,0.0003846171185198921,0.0001567759556611037,0.000174718660728157,0.0005751734333288017,0.00021675427504652678,0.0006052286273755536,4.3618537238998556e-05,0.0002534082425326156,0.00045888672639915473,0.00028981533918626123,0.0006474516098773364,0.00011566056841949557,0.0003290733952472369,0.00014722338941286495,0.00016125300485370087,0.0006357257168478903,0.0005023735870889334,0.00025038845220537453
0.731,0.00033932675832804016,0.0008149600101220456,5.08139997639212e-05,0.0003821815838120912,0.00015597946765932846,0.00017372871671350598,0.000573347250047318,0.00021542443251176824,0.0006034892860045105,4.331336240692707e-05,0.0002518691595605471,0.00045651332726015514,0.0002883024703125292,0.0006437722121280798,0.0001150712885458205,0.0003275761917153064,0.00014638130662725235,0.0001601166945901511,0.0006342315226046669,0.0005004344556677198,0.00024902842850715867
0.732,0.0003377482428529921,0.0008109343713020856,5.04873047486587e-05,0.00037976385716342875,0.00015518795620017567,0.00017274628409225112,0.000571529038360663,0.0002141027274169538,0.0006017555709668665,4.3010949792532394e-05,0.00025034127629197656,0.00045415513790880713,0.0002868006444268767,0.0006401190467448803,0.0001144860486625987,0.0003260880430422386,0.0001455454542507173,0.00015898873194741814,0.0006327396625500636,0.0004985045281462597,0.0002476782230443897
0.733,0.00033617936747533107,0.0008069331638106414,5.0162951236720765e-05,0.00037736378080732713,0.00015440138367017742,0.00017177128755674342,0.0005697187198707709,0.00021278909900757093,0.0006000274567398156,4.2711269513828753e-05,0.00024882448484409014,0.0004518120067511511,0.00028530975610929765,0.0006364918819754539,0.00011390481566209143,0.00032460888688479184,0.00014471576862806756,0.0001578690514107972,0.0006312501263191495,0.0004965837056173372,0.0002463377530907973
0.734,0.00033462005086620783,0.0008029562215638997,4.9840915756549364e-05,0.0003749812002135089,0.000153619710709596,0.00017080365486932259,0.0005679162144605066,0.00021148348792665583,0.0005983049188088563,4.241429428264443e-05,0.0002473186797504745,0.0004494837848884048,0.0002838297040540505,0.0006328904940966495,0.000113327557586973,0.00032313866237532185,0.00014389218796617698,0.00015675758956668062,0.0006297629069278443,0.0004946718949193629,0.00024500693660067796
0.735,0.0003330702131482677,0.0007990033847729006,4.9521174955602376e-05,0.0003726159660717432,0.00015284289970285414,0.00016984331240066375,0.0005661214476428977,0.00021018583625942444,0.0005965879320650735,4.211999437719882e-05,0.0002458237572181554,0.0004471703268154048,0.0002823603904550387,0.000629314665946179,0.00011275423894807624,0.00032167730910248604,0.00014307465007867837,0.00015565428176678164,0.0006282779981310327,0.0004927690009013386,0.00024368569535382356
0.736,0.0003315297763678393,0.0007950744954737798,4.920370551375619e-05,0.000370267931435464,0.00015207091207702916,0.00016889019075916334,0.0005643343440752124,0.00020889608698548834,0.0005948764745751234,4.182834452570727e-05,0.0002443396163683831,0.000444871488283205,0.00028090171646710793,0.0006257641834688243,0.00011218482769426164,0.00032022477117221726,0.00014226309628107003,0.00015455906734385128,0.0006267953933754011,0.000490874933534613,0.00024237394794712763
0.737,0.0003299986640051378,0.0007911693998299274,4.8888485141618254e-05,0.00036793694988357384,0.0001513037126773531,0.00016794421899091194,0.0005625548311701811,0.00020761418411963106,0.0005931705252748554,4.153931689576673e-05,0.00024286615884006046,0.000442587129228067,0.00027945358683734156,0.0006222388367611575,0.00011161929264802417,0.00031878099053206377,0.0001414574675843161,0.0001534718850685346,0.0006253150872583824,0.0004889896024011797,0.00024107161895980944
0.738,0.0003284768010289263,0.0007872879473024286,4.857549151626728e-05,0.00036562287922237147,0.00015054126570490656,0.00016700532886793074,0.0005607828385864044,0.00020634007401787446,0.0005914700622818847,4.1252885619180724e-05,0.00024140328705335445,0.0004403171113919191,0.00027801590714426894,0.0006187384211565616,0.0001110576016993825,0.0003173459111036614,0.000140657706036329,0.00015239267539468582,0.0006238370753463007,0.0004871129204845337,0.00023977863064827964
0.739,0.0003269641140080548,0.0007834299905981057,4.826470377972125e-05,0.0003633255792787615,0.00014978353648509302,0.00016607345308805588,0.0005590182964423374,0.00020507370383104906,0.0005897750660015522,4.0969024814208055e-05,0.00023995090534356667,0.00043806129919332637,0.0002765885843776239,0.0006152627366270425,0.00011049972434662436,0.0003159194786297448,0.00013986375509400517,0.00015132137913353993,0.0006223613537857942,0.0004852448015877364,0.00023849490772320792
0.74,0.00032546053096401686,0.0007795953853882986,4.795610061458788e-05,0.00036104491254429494,0.00014903049063652585,0.00016514852420246307,0.0005572611377548942,0.00020381502156030518,0.000588085517613357,4.068770949938738e-05,0.00023850892099808174,0.00043581955948313045,0.0002751715271773758,0.0006118115865657581,0.00010994562987443057,0.00031450163959345634,0.0001390755594915527,0.00015025793895173667,0.0006208879194908867,0.0004833851621844909,0.0002372203756553226
0.741,0.0003239659811346274,0.000775783990150325,4.764966158199435e-05,0.0003587807431455481,0.00014828209472428355,0.0001642304775520964,0.0005555112957404962,0.00020256397662898884,0.0005864013984361316,4.040891441303707e-05,0.00023707724162813637,0.00043359176142043765,0.0002737646453696563,0.0006083847787077268,0.00010939528900111295,0.00031309234110477036,0.0001382930648864411,0.00014920229784687322,0.0006194167698749808,0.0004815339199852886,0.00023595496049422238
0.742,0.000322480395309066,0.0007719956668189587,4.734536695227831e-05,0.00035653293831150457,0.000147538316176421,0.00016331924780588203,0.0005537687060532814,0.00020132051950960683,0.0005847226910092873,4.0132615378829506e-05,0.00023565577741357924,0.00043137777668056376,0.0002723678508039784,0.0006049821249366483,0.00010884867186111702,0.000311691531338143,0.00013751621770130562,0.0001481544001258328,0.0006179479028882717,0.00047969099438149865,0.00023469859003433236
0.743,0.000321003705438766,0.0007682302792543227,4.704319661996692e-05,0.00035430136683323177,0.00014679912280102236,0.00016241477133716042,0.0005520333057101867,0.0002000846018851421,0.0005830493784736435,3.985878823820066e-05,0.000234244439743847,0.00042917747933501893,0.00027098105607392675,0.0006016034404514592,0.00010830574996434361,0.000310299160213412,0.00013674496536064673,0.00014711419047086505,0.0006164813170626005,0.0004778563067042718,0.00023345119224205124
0.744,0.00031953584487180443,0.0007644876947786594,4.674313180041967e-05,0.0003520859000756271,0.00014606448339782307,0.00016151698577848705,0.0005503050329342951,0.00019885617638115693,0.0005813814447440668,3.958740943732497e-05,0.0002328431419947874,0.00042699074502361434,0.00026960417546340043,0.0005982485443516428,0.00010776649490917833,0.0003089151771502596,0.0001359792564018525,0.0001460816150583577,0.0006150170117305009,0.0004760297798104274,0.00023221269621420682
0.745,0.00031807674803180364,0.0007607677827073944,4.644515340779254e-05,0.00034988641107902563,0.00014533436680708167,0.0001606258287008,0.0005485838278520561,0.00019763519638893445,0.000579718874003543,3.931845548632573e-05,0.0002314517989490117,0.00042481745224054457,0.00026823712445933623,0.0005949172587556006,0.00010723087861475022,0.00030753953376472243,0.00013521904029434317,0.0001450566202187975,0.0006135549864467738,0.00047421133813962957,0.00023098303231960937
0.746,0.0003166263506630462,0.0007570704147050744,4.614924311585611e-05,0.00034770277512774506,0.0001446087432235288,0.00015974123937656515,0.0005468696315629185,0.0001964216165081245,0.0005780616515105308,3.9051903768849705e-05,0.00023007032641397807,0.00042265748159697747,0.0002668798199488842,0.0005916094097276892,0.00010669887376035803,0.00030617218142681146,0.0001344642671174956,0.00014403915371707932,0.0006120952415052949,0.00047240090808020607,0.0002297621310669573
0.747,0.0003151845895523919,0.0007533954652331198,4.585538305479364e-05,0.0003455348694396676,0.0001438875825100494,0.00015886315737034806,0.00054516238627067,0.00019521539223632534,0.0005764097629982201,3.8787731617362375e-05,0.00022869864249641658,0.0004205107153717469,0.00026553218002345336,0.0005883248258624629,0.00010617045313476847,0.00030481307281804426,0.00013371488814251098,0.00014302916352648687,0.0006106377774757199,0.0004705984172745925,0.00022854992419107933
0.748,0.0003137514026090971,0.0007497428105484039,4.5563555209460205e-05,0.0003433825728936801,0.00014317085591830647,0.00015799152366258173,0.0005434620360961206,0.0001940164797981092,0.0005747631944819087,3.852591687669715e-05,0.00022733666590601942,0.00041837703807223736,0.00026419412388567487,0.0005850633392578963,0.00010564559003378715,0.0003034621612573174,0.00013297085518426677,0.00014202659860140798,0.0006091825953324914,0.0004688037950079105,0.00022734634415766397
0.749,0.0003123267289020182,0.0007461123292398231,4.5273742612428336e-05,0.0003412457665161739,0.0001424585346017082,0.0001571262795421191,0.0005417685260596938,0.00019282483625571167,0.0005731219326321479,3.826643751103642e-05,0.0002259843175016485,0.0004162563362228866,0.00026286557198407223,0.0005818247849370684,0.00010512425848840934,0.00030211940072411014,0.0001322321212066102,0.000141031408949166,0.0006077296967725854,0.00046701697208995085,0.00022615132419301354
0.75,0.0003109105084087349,0.0007425039018948976,4.498592805424195e-05,0.000339124333050167,0.00014175059053844752,0.00015626736704421607,0.000540081802435477,0.00019164041960317846,0.0005714859648313642,3.8009272366412716e-05,0.000224641518880353,0.00041414849827214884,0.00026154644593967546,0.0005786090007227074,0.00010460643222964805,0.0003007847458624813,0.00013149863963746178,0.00014004354448948764,0.0006062790833710752,0.000465237880861058,0.0002249647980901992
0.751,0.00030950268217990183,0.0007389174111507302,4.4700095122585104e-05,0.00033701815651876466,0.00014104699615258287,0.00015541472932634193,0.0005384018128407053,0.00019046318858539912,0.0005698552782952282,3.775439992093066e-05,0.00022330819301963345,0.0004120534145556354,0.0002602366687389779,0.0005754158269943854,0.00010409208585004937,0.0002994581520261441,0.00013077036462361136,0.0001390629565297674,0.0006048307574609835,0.0004634664551352863,0.00022378670075029472
0.752,0.0003081031922688382,0.0007353527414187822,4.4416227470533975e-05,0.00033492712333804686,0.00014034772420223884,0.00015456831028737295,0.0005367285058877069,0.00018929310274518052,0.0005682298614481107,3.750179930550601e-05,0.00022198426429564933,0.00040997097719597253,0.00025893616390693097,0.000572245107200553,0.0001035811941290099,0.0002981395749958038,0.00013004725152665486,0.00013808959666983256,0.0006033847218004373,0.0004617026302176086,0.00022261696733483216
0.753,0.0003067119815733599,0.000731809779038084,4.413430900362947e-05,0.00033285112086844926,0.00013965274806548855,0.00015372805407243284,0.0005350618314258204,0.0001881301221968723,0.0005666097025949224,3.725144986688189e-05,0.00022066965840084052,0.0004079010802487959,0.00025764485665225045,0.0005690966868164837,0.00010307373223550353,0.0002968289713506378,0.00012932925599851153,0.0001371234171256841,0.0006019409789135288,0.00045994634261614653,0.00022145553397623363
0.754,0.0003053289939711934,0.0007282884119006461,4.385432402020939e-05,0.0003307900384939,0.00013896204140440016,0.00015289390607375886,0.0005334017403552105,0.00018697420779489882,0.0005649947906370967,3.700333136702483e-05,0.00021936430176350274,0.000405843619466717,0.00025636267296458293,0.0005659704143222699,0.00010256967567667807,0.0002955262980435247,0.00012861633446237253,0.00013616437079777555,0.0006004995321033935,0.000458197530443627,0.00022030233733227877
0.755,0.0003039541742109964,0.0007247885296290946,4.3576257269362095e-05,0.0003287437669473592,0.00013827557848689054,0.00015206581203119907,0.0005317481846935923,0.00018582532117805695,0.0005633851146439328,3.675742367303947e-05,0.0002180681224834835,0.0004037984922754534,0.00025508953983099936,0.000562866140100815,0.00010206900023956855,0.00029423151276442017,0.0001279084442218359,0.00013521241106795312,0.0005990603847811915,0.00045645613317712996,0.00021915731472454958
0.756,0.0003025874678383611,0.0007213100233760539,4.330009357589315e-05,0.00032671219833502185,0.00013759333369434135,0.00015124371851904517,0.000530101117523385,0.00018468342437960583,0.0005617806642336243,3.651370688428912e-05,0.00021678104941857956,0.0004017655978689749,0.00025382538523499587,0.0005597837168944686,0.00010157168196467392,0.000292944573517695,0.00012720554312406485,0.00013426749202494204,0.0005976235406248698,0.0004547220914344896,0.00021802040413820833
0.757,0.00030122882129528515,0.0007178527859572625,4.302581817194895e-05,0.00032469522646483284,0.00013691528224646365,0.00015042757270533613,0.0005284604928827985,0.00018354848018875547,0.0005601814291704699,3.6272161593187136e-05,0.00021550301260608862,0.0003997448369634782,0.0002525701382483092,0.0005567229997479606,0.0001010776972880656,0.00029166543895542407,0.000126507589540914,0.00013332956815037544,0.000596189003500891,0.0004529953474001758,0.00021689154412296574
0.758,0.00029987818172486633,0.0007144167113701805,4.275341642934194e-05,0.0003226927462035567,0.00013624139925272338,0.0001496173224444508,0.0005268262657578404,0.0001824204519863537,0.000558587399535071,3.603276836106062e-05,0.00021423394295028153,0.0003977361121187961,0.00025132372877378906,0.0005536838456997595,0.00010058702289661436,0.0002903940678637973,0.0001258145426918933,0.00013239859439462265,0.0005947567774911011,0.00045127584438731105,0.00021577067388878213
0.759,0.00029853549711555407,0.0007110016953473242,4.2482874074822874e-05,0.0003207046540389946,0.00013557166041056057,0.0001488129161864027,0.0005251983921763514,0.0001812993036227617,0.0005569985657707388,3.579550823873401e-05,0.00021297377269280382,0.0003957393271696308,0.0002500860877525657,0.0005506661137177904,0.00010009963574875158,0.00028913041981670773,0.00012512636229122798,0.00013147452630102308,0.0005933268669191527,0.0004495635269528009,0.00021465773308193548
0.76,0.00029720071617029273,0.0007076076344949556,4.2214177086941085e-05,0.0003187308475363082,0.00013490604170873777,0.00014801430297406437,0.0005235768290421383,0.00018018499964600476,0.0005554149185125201,3.556036239249494e-05,0.00021172243481126785,0.0003937543878052008,0.0002488571468497458,0.0005476696647966905,9.9615513038942e-05,0.00028787445473177353,0.00012444300869940417,0.00013055731990319064,0.0005918992761763109,0.0004478583410947312,0.00021355266210443258
0.761,0.00029587378826793074,0.0007042344269387879,4.1947311684387145e-05,0.0003167712256572086,0.0001342445196684805,0.00014722143250400777,0.0005219615340993355,0.00017907750487100582,0.0005538364485574432,3.5327312170707614e-05,0.0002104798631974436,0.0003917812008996657,0.0002476368388156791,0.0005446943617130051,9.913463229727082e-05,0.00028662613271135395,0.0001237644427255491,0.0001296469315142934,0.0005904740098315875,0.00044616023370047664,0.00021245540180092615
0.762,0.0002945546635280905,0.0007008819719152015,4.1682264266484914e-05,0.00031482568846585846,0.00013358707075505905,0.00014643425505400653,0.0005203524661172576,0.0001779767847081004,0.0005522631469565553,3.509633923426403e-05,0.00020924599275007338,0.00038981967503359805,0.0002464250971290216,0.0005417400690981289,9.865697126043571e-05,0.00028538541455513933,0.00012309062584769936,0.0001287433180759967,0.000589051072636626,0.00044446915320550673,0.00021136589349679547
0.763,0.00029324329270580263,0.0006975501697590314,4.141902156873378e-05,0.0003128941373278238,0.0001329336720461427,0.00014565272150823816,0.0005187495845294654,0.00017688280507244247,0.000550695005040791,3.486742540637078e-05,0.0002080207592591865,0.0003878697200607739,0.00024522185606401514,0.0005388066530674918,9.818250793736105e-05,0.0002841522610623759,0.000122421520228011,0.00012784643677576923,0.0005876304694157897,0.00044278504887063086,0.00021028407911560798
0.764,0.00029193962718259694,0.0006942389219264378,4.115757027056688e-05,0.0003109764746230814,0.00013228430073131126,0.00014487678316854602,0.000517152849760838,0.00017579553232283107,0.0005491320141548517,3.464055267299315e-05,0.0002068040991918263,0.0003859312473070142,0.00024402705079884512,0.0005358939816171304,9.771122045476588e-05,0.00028292663364271053,0.00012175708820971742,0.00012695624530612015,0.000586212205080261,0.000441107871323565,0.0002092099010885251
0.765,0.00029064361903809454,0.0006909481308989829,4.0897897741642986e-05,0.0003090726038572633,0.00013163893443390862,0.00014410639205386655,0.000515562222891508,0.00017471493316090214,0.0005475741659624056,3.441570344775435e-05,0.00020559595003233344,0.0003840041695211127,0.00024284061729529238,0.0005330019239982997,9.724308738345844e-05,0.00028170849391417896,0.00012109729300846528,0.00012607270178199848,0.0005847962845867416,0.0004394375724321442,0.0002081433023596313
0.766,0.00028935522081386945,0.0006876776999645839,4.063999112535743e-05,0.00030718242952221253,0.00013099755083589848,0.0001433415006282246,0.0005139776657413497,0.00017364097467365003,0.0005460214521872953,3.4192859974191414e-05,0.00020439624995516326,0.0003820884006667802,0.00024166249216694968,0.0005301303512144084,9.677808724395387e-05,0.0002804978037934669,0.00012044209806805206,0.00012519576452862946,0.0005833827130374836,0.000437774104668609,0.000207084226281129
0.767,0.00028807438576738953,0.0006844275335373684,4.038383798565803e-05,0.000305305857333682,0.00013036012806866282,0.00014258206189798894,0.0005123991411428719,0.00017257362449885072,0.0005444738646664948,3.397200502741615e-05,0.00020320493794967476,0.00038018385607441196,0.0002404926128403151,0.0005272791355904749,9.631619902272792e-05,0.00027929452553832057,0.0001197914675099554,0.00012432539233298012,0.0005819714954100608,0.00043611742216931315,0.00020603261675056217
0.768,0.0002868010675970034,0.0006811975367214673,4.0129426011281666e-05,0.00030344279371952165,0.00012972664446542215,0.0001418280294416263,0.0005108266122409999,0.0001715128503971819,0.0005429313954163906,3.375312128250929e-05,0.00020202195361496145,0.00037829045229720304,0.00023933091748462587,0.0005244481507263865,9.585740179907098e-05,0.0002780986216796011,0.0001191453657687358,0.0001234615442753384,0.0005805626368869943,0.00043446747962905263,0.00020498841808169743
0.769,0.0002855352206028561,0.0006779876155470488,3.9876743066713516e-05,0.00030159314627664635,0.00012909707846031626,0.00014107935721618947,0.0005092600431486627,0.00017045862063636008,0.0005413940365927017,3.3536191887728606e-05,0.00020084723744118183,0.0003764081072460401,0.00023817734490061415,0.0005216372715846074,9.540167476407291e-05,0.00027691005485563913,0.00011850375797028967,0.00012260417978859905,0.0005791561425945169,0.0004328242330120524,0.00020395157506714057
0.77,0.0002842767995715367,0.0006747976767492725,3.962577731553285e-05,0.00029975682328231557,0.00012847140890581699,0.00014033599979390576,0.0005076993986394829,0.00016941090375555135,0.0005398617802268024,3.3321199867986095e-05,0.00019968073050014024,0.0003745367399348165,0.00023703183464318656,0.0005188463743797112,9.494899745721153e-05,0.00027572878822179625,0.00011786660938162274,0.0001217532585338077,0.0005777520176020179,0.0004311876393394698,0.00020292203290028787
0.771,0.00028302575978077503,0.0006716276277649591,3.9376516839606523e-05,0.0002979337341544319,0.00012784961471956624,0.00013959791225581775,0.0005061446440350892,0.00016836966854327784,0.0005383346186524918,3.310812864232293e-05,0.0001985223743802278,0.0003726762706000031,0.0002358943268073732,0.0005160753364505943,9.449934955063632e-05,0.0002745547848852503,0.00011723388599238493,0.00012090874050285638,0.0005763502670446119,0.000429557656463464,0.00020189973733053534
0.772,0.00028178205699430083,0.0006684773767490215,3.9128950253486394e-05,0.0002961237888270407,0.00012723167510997335,0.00013886505007998373,0.000504595745307479,0.0001673348842284872,0.0005368125441983507,3.289696165731382e-05,0.000197372111577776,0.0003708266206319255,0.00023476476227024534,0.0005133240363356384,9.405271086004863e-05,0.0002733880083943818,0.00011660555396408867,0.0001200705860342488,0.0005749508959351779,0.00042793424319897966,0.00020088463427236913
0.773,0.00028054564742568955,0.0006653468325462653,3.8883065989536725e-05,0.000294326898328201,0.00012661756943976865,0.0001381373691594634,0.0005030526691336412,0.0001663065201276126,0.0005352955492301525,3.26876826026723e-05,0.00019622988504097716,0.0003689877125460095,0.00023364308235385156,0.0005105923534665102,9.360906135480462e-05,0.0002722284223176663,0.0001159815800113595,0.0001192387556608887,0.0005735539093243425,0.00042631735949372196,0.00019987667038634527
0.774,0.0002793164877274712,0.000662235904385744,3.863885289601132e-05,0.0002925429742728358,0.00012600727730505135,0.00013741482599471944,0.0005015153826177787,0.00016528454597497522,0.000533783626204043,3.248027525837305e-05,0.00019509563829855914,0.00036715946994014814,0.0002325292291435188,0.0005078801685323153,9.3168381290476e-05,0.00027107599053743936,0.00011536193129935146,0.0001184132100598978,0.0005721593121432722,0.0004247069659277791,0.00019887579246713472
0.775,0.0002780945349619035,0.0006591445023094167,3.8396299757104124e-05,0.0002907719290302646,0.00012540077837652763,0.00013669737742738608,0.0004999838535925116,0.00016426893157850397,0.0005322767674575957,3.227472357747452e-05,0.00019396931544468643,0.00036534181756520123,0.00023142314516921836,0.0005051873630540493,9.273065097492594e-05,0.0002699306771319909,0.00011474657518117937,0.00011759391035526257,0.0005707671092953781,0.0004231030241621525,0.00019788194779724044
0.776,0.00027687974661762537,0.0006560725367729114,3.8155395727601515e-05,0.0002890136758061379,0.00012479805261633725,0.00013598498083833288,0.0004984580502056524,0.00016325964712538,0.0005307749655649729,3.2071011689560613e-05,0.0001928508611319657,0.0003635346810745288,0.0002303247736400449,0.0005025138193930356,9.229585090564374e-05,0.00026879244624966603,0.00011413547956262704,0.00011678081777199978,0.000569377305533525,0.00042150549664565773,0.00019689508409692635
0.777,0.0002756720805560109,0.0006530199186336461,3.791612988190973e-05,0.0002872681283252465,0.00012419908008265423,0.0001352775939275075,0.0004969379414011543,0.00016225666294600316,0.0005292782129525664,3.1869123808703215e-05,0.00019174022057233397,0.00036173798732208606,0.00022923405811181574,0.0004998594209647544,9.18639617804029e-05,0.0002676612623100372,0.00011352861263902447,0.00011597389371309497,0.0005679899056464377,0.00041991434673527284,0.00019591514936556642
0.778,0.00028977748221504785,0.00022680427361221334,1.1321170805489444e-05,0.0008636457125463792,0.00012223617657347585,9.820064263166284e-05,0.0004988045575062827,0.00022041854534760041,0.00034385107056067454,1.7486668032917763e-05,0.0005322734574806365,0.00028900350591343216,0.0004965967348868894,0.00021591582696511846,4.043057365898939e-05,0.00012746663841967099,8.062871561720364e-05,0.00032602675568393913,0.0008139745239466034,0.0003571217787042835,0.00011334231540749418
0.779,0.00028855541075811233,0.0002251712206482459,1.1237483802384318e-05,0.0008607260380120163,0.00012163593865133215,9.747988858643808e-05,0.0004967501374188998,0.0002195636588631089,0.0003423926746424222,1.7368908914794368e-05,0.0005305750555383293,0.0002874237961776327,0.0004947616064059357,0.0002143621557263442,4.017982192605629e-05,0.00012672120794998687,8.008090165079196e-05,0.00032494932055482373,0.0008115438728909519,0.0003556023269659647,0.00011258219983578677
0.78,0.0002873409137993721,0.00022354939471069812,1.1157934459382624e-05,0.0008578204546054735,0.00012103822604458969,9.676150823867413e-05,0.0004947078681367678,0.00021871873689705001,0.0003409468198591892,1.7255033606167203e-05,0.0005288848115760914,0.00028585156627636277,0.0004929381710544467,0.0002128199173694334,3.993275326985568e-05,0.00012597906238498435,7.953629222612335e-05,0.0003238797113888081,0.0008091248302414256,0.0003540892865097067,0.0001118258971322117
0.781,0.000286133303495123,0.0002219397697549308,1.1077724140440282e-05,0.0008549264689527991,0.00012044483660023086,9.60518076229544e-05,0.0004926774613661644,0.00021787592655109211,0.00033950998966481016,1.7140836675144655e-05,0.0005271997116524929,0.0002842908045785908,0.0004911246866303731,0.0002112905522987374,3.968654327624055e-05,0.000125243935493069,7.899716290538095e-05,0.0003228137921649221,0.0008067135941457471,0.00035258470176380285,0.00011107576366453653
0.782,0.0002849328186761979,0.0002203445121922165,1.0997930013356694e-05,0.0008520462638313964,0.00011985745365017397,9.534705500180429e-05,0.00049066048423696,0.00021703836413788924,0.000338082517302718,1.702841461015403e-05,0.0005255214892819771,0.00028273915362264646,0.0004893208576030039,0.0002097734999355616,3.9441512460269834e-05,0.00012451377637479055,7.846080372964082e-05,0.0003217518102660577,0.0008043116564220298,0.0003510874685351828,0.00011033135031612851
0.783,0.00028373942106596495,0.00021876250879437897,1.09186572889719e-05,0.0008491779674981714,0.00011927315614801426,9.464716565121822e-05,0.0004886560283753338,0.00021620490115714652,0.00033666424969613917,1.6917114375569753e-05,0.0005238507692275629,0.00028119625079303656,0.00048752705103205507,0.00020826906435655879,3.919921742345789e-05,0.0001237883727704947,7.792926049154936e-05,0.0003206959454060687,0.0008019193783407319,0.00034959856013883073,0.00010959280235400826
0.784,0.00028255275407439997,0.00021719387661922607,1.0840795126032532e-05,0.0008463219478590522,0.00011869223824034769,9.395386909205605e-05,0.00048666233560523686,0.0002153763803176556,0.0003352542846142281,1.6805400018249372e-05,0.0005221861029676145,0.00027966405112511694,0.00048574301452641855,0.00020677666303614561,3.895839655432276e-05,0.0001230695372076429,7.740088243446408e-05,0.00031964430420450274,0.000799535234518145,0.0003481163907315121,0.00010885937669002921
0.785,0.00028137335150941746,0.00021563810992630827,1.0763306045769028e-05,0.0008434794305961502,0.00011811499290592664,9.326541308096736e-05,0.00048468181595329174,0.00021455217425681017,0.0003338541154603858,1.669609726984156e-05,0.0005205290420211561,0.00027814073245846505,0.0004839699800439634,0.00020529649611034095,3.8719898455719104e-05,0.00012235606134214372,7.68771723980155e-05,0.00031859727839422813,0.000797161574981109,0.0003466422340236974,0.00010813110446405982
0.786,0.00028020075972546855,0.00021409523809479136,1.0686760286038322e-05,0.0008406498140798302,0.00011754189805313064,9.258285923108289e-05,0.00048271290807111455,0.0002137321376075585,0.0003324624988136904,1.658716558672335e-05,0.0005188784980698635,0.0002766272943832693,0.00048220623565486953,0.00020382819327036117,3.84829149395749e-05,0.00012164774963363545,7.6357307341679e-05,0.00031755548766732034,0.0007947966850727628,0.0003451750919706287,0.00010740845668144594
0.787,0.00027903516905879443,0.00021256522992141313,1.0610627270812856e-05,0.0008378327609657177,0.00011697257402598638,9.190580984885788e-05,0.00048075605259867427,0.00021291700473613506,0.00033107990635694584,1.6479089307241956e-05,0.000517234970575764,0.000275123130781596,0.0004804525783057567,0.000202371837951687,3.82482134450024e-05,0.00012094515152571983,7.584173892194457e-05,0.0003165184416891176,0.0007924413320643531,0.00034371572921032545,0.00010669120167283719
0.788,0.000277876411092659,0.00021104831605844865,1.0535148101897818e-05,0.0008350284427118826,0.00011640691854630791,9.12340087065866e-05,0.0004788111565232622,0.00021210617696021394,0.00032970625608796933,1.6372039899570368e-05,0.0005155984243058187,0.00027362825995425055,0.0004787087868164397,0.00020092751583866697,3.8015147692749274e-05,0.0001202476559496457,7.53297924287466e-05,0.0003154861545178189,0.0007900953492274709,0.00034226362500655583,0.00010597904651887813
0.789,0.0002767245691526643,0.0002095439343718919,1.0460357881214577e-05,0.0008322370885484043,0.00011584524871044444,9.056771050008905e-05,0.00047687802658347156,0.0002112998264776067,0.0003283414104466864,1.6265925919745072e-05,0.0005139691212533437,0.0002721428791290226,0.0004769749210260521,0.00019949487493997609,3.778388409203526e-05,0.00011955563768584199,7.482182803031368e-05,0.0003144587773503682,0.0007877589004674501,0.00034081883754710773,0.0001052721920922206
0.79,0.0002755795489751911,0.00020805212084540337,1.0386212591084742e-05,0.0008294586161345929,0.00011528710233299488,8.990671646358361e-05,0.0004749566533236438,0.00021049789189786505,0.0003269853461035366,1.6160687004718177e-05,0.0005123468791116137,0.0002706667203820068,0.0004752508085810181,0.00019807383764269826,3.755453397169539e-05,0.00011886881622413803,7.431779762190338e-05,0.00031343629686708674,0.0007854320464810716,0.0003393813680498958,0.00010457052787327115
0.791,0.0002744413880528207,0.00020657286863901003,1.0312682463431422e-05,0.0008266931654220544,0.0001147327378127061,8.925106157686713e-05,0.0004730470166249834,0.00020970043255486015,0.0003256381200523739,1.605631165801924e-05,0.0005107317374544174,0.000269199842537593,0.00047353669645633367,0.00019666441444621263,3.732695883174042e-05,0.00011818725319190371,7.381755773150367e-05,0.0003124187768219766,0.0007831148018652145,0.0003379512143384389,0.00010387411057677376
0.792,0.00027331005577815317,0.00020510612366220204,1.023980399639246e-05,0.0008239407097586637,0.00011418218871028785,8.860054648507365e-05,0.0004711490803717133,0.0002089074183654338,0.000324299628275182,1.5952856392442705e-05,0.0005091238723142766,0.0002677420772193573,0.00047183238307124675,0.00019526639352318576,3.7101255101479325e-05,0.00011751093405398816,7.332119216374444e-05,0.00031140627248427144,0.0007808073032353757,0.0003365282899322475,0.00010318278644649848
0.793,0.000272185510913775,0.00020365168433600367,1.0167549716499913e-05,0.0008212012948053404,0.0001136352440502808,8.795533073557849e-05,0.00046926273126268736,0.0002081187914783067,0.00032296983062829465,1.5850285164153988e-05,0.0005075231909398292,0.0002662934491832747,0.0004701379030392916,0.00019387984095076138,3.687728638002152e-05,0.00011683975817378123,7.282863461655076e-05,0.0003103987129035035,0.0007785095464957204,0.0003351125701143154,0.00010249658330130362
0.794,0.00027106774079928563,0.00020220948704152697,1.0095895242145936e-05,0.0008184749747743858,0.0001130920002896385,8.73152588534154e-05,0.0004673879477983256,0.00020733462013755588,0.00032164870198303497,1.5748563472306465e-05,0.0005059297904419502,0.00026485388975860946,0.0004684531898954125,0.0001925045177142426,3.665511122907805e-05,0.00011617375102590533,7.233981050380756e-05,0.00030939619759262627,0.0007762216025276603,0.0003337040369114641,0.00010181546879262093
0.795,0.0002699567262883673,0.00020077946304219996,1.0024836302968687e-05,0.0008157617642332582,0.00011255241253294024,8.668034135161928e-05,0.0004655246811265945,0.00020655482679310389,0.0003203362484794914,1.5647715557065567e-05,0.0005043436684970537,0.0002634233593101776,0.00046677826408614287,0.00019114046169077525,3.643468649983106e-05,0.00011551281835187055,7.185473444804025e-05,0.0003083986986275322,0.0007739434754472363,0.0003323026899262338,0.00010113937946321094
0.796,0.0002688524409817206,0.0001993615204738397,9.954383296317815e-06,0.0008130616825522408,0.00011201650130343577,8.605048074605826e-05,0.0004636728695782688,0.00020577942511290637,0.00031903238873753903,1.554772336753718e-05,0.0005027648683790797,0.00026200179248658806,0.0004651130863090325,0.00018978746700382132,3.6215990360632944e-05,0.00011485696519164534,7.137338402063431e-05,0.0003074062423266133,0.0007716752850477349,0.0003309084691839326,0.00010046829415655267
0.797,0.00026775486509349465,0.00019795554662005443,9.884504209356493e-06,0.0008103747663052996,0.00011148421273032838,8.542567499580933e-05,0.0004618324494789494,0.0002050083933533564,0.00031773710506732833,1.5448566288100984e-05,0.0005011934172071131,0.0002605891794527082,0.0004634576554354286,0.00018844551352348304,3.5999037286793545e-05,0.00011420614620694103,7.089570815910218e-05,0.00030641885371385236,0.0007694170441892023,0.00032952133644337245,9.980219120331313e-05
0.798,0.00026666397261873587,0.00019656145451030227,9.815217548614363e-06,0.0008077010402217644,0.00011095555533868762,8.480585153325393e-05,0.00046000340938923134,0.00020424173266042622,0.00031645036750749256,1.5350245637257842e-05,0.0004996293360939319,0.00025918540814717783,0.0004618119342258975,0.0001871144773201161,3.578379290336553e-05,0.00011356029676967694,7.042168485671407e-05,0.0003054365431753858,0.0007671688080024275,0.00032814128151414934,9.914101501884431e-05
0.799,0.0002655797471051269,0.00019517916050948436,9.746487029782536e-06,0.0008050405405417571,0.00011043048081249562,8.419099616641113e-05,0.0004581856746198598,0.0002034794324329292,0.00031517215118848085,1.5252753412076103e-05,0.0004980726609284947,0.00025779045550333723,0.00046017591239433386,0.00018579430401999275,3.557025715383855e-05,0.00011291941813085238,6.995128951614582e-05,0.00030445935030520843,0.0007649306168354686,0.0003267682683286699,9.848473227291876e-05
0.8,0.0002645021610385212,0.0001938085726514993,9.67834762410913e-06,0.0008023932567654546,0.0001099089991949409,8.358105692396478e-05,0.00045637919084362544,0.0002027214582902559,0.00031390240100126476,1.5156075344302522e-05,0.0004965234209874936,0.00025640427986972636,0.00045854956162294513,0.0001844848726461068,3.535839487678327e-05,0.00011228344144020852,6.94844934314709e-05,0.00030348726478868215,0.0007627025260088516,0.0003254022751119079,9.783333134683048e-05
0.801,0.00026343119099326293,0.00019244959861053346,9.610764807765904e-06,0.0007997592222876992,0.00010939109624630294,8.297599121209753e-05,0.0004545839186843592,0.00020196779986481062,0.00031264111090822944,1.506020997155133e-05,0.0004949816098833715,0.00025502682606015625,0.0004569328553704066,0.00018318611040457622,3.514820677885666e-05,0.00011165235687238262,6.902125280838778e-05,0.000302520296945441,0.0007604845671622673,0.0003240432557523043,9.718676923375913e-05
0.802,0.00026236681678952766,0.00019110215078699255,9.543742094830776e-06,0.0007971384619985811,0.00010887674291071292,8.237576255121226e-05,0.0004527998064033367,0.0002012184524191607,0.0003113882214345054,1.4965146655665507e-05,0.0004934472699458237,0.000253658037484894,0.00045532578584128736,0.00018189793166223378,3.493967366152706e-05,0.00011102611441693444,6.856157551515807e-05,0.0003015584739628485,0.000758276784760481,0.0003226912005215299,9.654500076283767e-05
0.803,0.0002613090133741447,0.00018976613914412077,9.47726377431568e-06,0.0007945309777288578,0.00010836593181162701,8.178032714400985e-05,0.0004510268118856908,0.0002004734065654823,0.00031014372486914965,1.4870881083539622e-05,0.0004919204118623011,0.0002522978725103542,0.00045372832378176575,0.00018062024500320462,3.473278262733359e-05,0.00011040467672474019,6.810539814461336e-05,0.0003006018024591661,0.0007560792204521771,0.00032134606676204047,9.590800314840386e-05
0.804,0.0002602577541121032,0.0001884414684437674,9.411336898690337e-06,0.0007919367724762427,0.00010785863162832143,8.118964314185462e-05,0.0004492648779284014,0.0001997326407264799,0.0003089075804068031,1.477739947242096e-05,0.0004904010470518916,0.0002509462667166229,0.00045214044807284637,0.00017935296235216391,3.45275175008819e-05,0.00010978801809358174,6.765270808706259e-05,0.0002996502869720974,0.0007538919019677293,0.0003200078371937698,9.527573711043402e-05
0.805,0.0002592130154958405,0.0001871280470733261,9.345948249306346e-06,0.000789355868055619,0.00010735483633494969,8.060367893492071e-05,0.0004475139646071824,0.0001989961346884339,0.0003076797467624903,1.4684691858724008e-05,0.0004888891901845271,0.00024960318721523045,0.00045056213440852755,0.00017809599932405717,3.432386481727612e-05,0.0001091760917977247,6.720347559630024e-05,0.0002987039318848028,0.0007517148689447639,0.0003186764775421347,9.464817163651329e-05
0.806,0.0002581747719796634,0.00018582579663972698,9.281089391466324e-06,0.0007867882556186201,0.00010685452534775486,8.002238562077046e-05,0.00044577402293910495,0.00019826387560595293,0.0003064602046317644,1.4592763498133543e-05,0.00048738486114341395,0.00024826857341275765,0.0004489933542438651,0.0001768492727176607,3.4121810036480404e-05,0.00010856886266386034,6.67576718802465e-05,0.0002977627442203312,0.0007495481440602525,0.0003173519542987169,9.402527162238883e-05
0.807,0.00025714300067015695,0.00018453461874168298,9.216764635611163e-06,0.0007842339488304262,0.00010635768250510935,7.944573080020945e-05,0.00044404500106043354,0.0001975358492266599,0.0003052489096549982,1.4501593007087976e-05,0.0004858880637894636,0.0002469423799288384,0.0004474340904666585,0.0001756126933062374,3.3921343410736604e-05,0.00010796630226272974,6.631527727518627e-05,0.00029682673898412393,0.0007473917677294217,0.00031603424832538085,9.340700946214309e-05
0.808,0.0002561176725868197,0.0001832544278155268,9.152957673563833e-06,0.0007816929404782513,0.00010586429103198736,7.887367113978971e-05,0.0004423268534647917,0.00019681203192156715,0.0003040458372013388,1.4411180057183337e-05,0.0004843988082393613,0.0002456245590081174,0.0004458843146497582,0.00017438617999954165,3.372244465171814e-05,0.00010736836518110415,6.58762515898248e-05,0.00029589590952949774,0.0007452457609858909,0.00031472332269832926,9.27933444192508e-05
0.809,0.0002550987628568868,0.0001819851356501534,9.089671616946404e-06,0.000779165226173606,0.00010537432817625536,7.830617038151466e-05,0.00044061953102925155,0.00019609241255102994,0.0003028509483867792,1.4321515000248475e-05,0.0004829171008716715,0.0002443150540003547,0.0004443440006660637,0.0001731696463416199,3.352510518372931e-05,0.00010677502084854851,6.54405763895749e-05,0.0002949702643766372,0.0007431101433860166,0.0003134191565289379,9.218424957879723e-05
0.81,0.0002540862445712333,0.00018072665141444233,9.026893133534664e-06,0.0007766508060592647,0.0001048877794893599,7.774318792941326e-05,0.00043892299146797153,0.0001953769718952003,0.00030166421598254445,1.423259062804938e-05,0.0004814429436541534,0.00024301382659430715,0.0004428131166015481,0.00017196300704025447,3.332931073740664e-05,0.00010618623220848278,6.500822287358599e-05,0.0002940497974278644,0.0007409849433017701,0.00031212171383998566,9.157968914552672e-05
0.811,0.00025308009063921275,0.00017947888999236827,8.964621224238911e-06,0.0007741496635815803,0.00010440462470628908,7.71846858513836e-05,0.00043723718252453025,0.00019466568723225386,0.0003004855984070076,1.4144400507287713e-05,0.00047997634462082495,0.00024172081978091065,0.00044129164242834307,0.00017076618269651345,3.3135043873366854e-05,0.0001056019639305017,6.457916470503644e-05,0.00029313451742196683,0.0007388701743231696,0.00031083097271766835,9.097963225901395e-05
0.812,0.00025208027349553076,0.00017824176194580765,8.902850823000463e-06,0.0007716617910321633,0.00010392484675825209,7.663062902252271e-05,0.00043556205805972414,0.0001939585422273682,0.0002993150702199632,1.405693400158281e-05,0.0004785173000489973,0.0002404359847860693,0.0004397795413383365,0.00016957908594483762,3.294229806172222e-05,0.00010502218163277455,6.41533734471178e-05,0.0002922244143054309,0.0007367658568989688,0.00030954690360218695,9.038404575378856e-05
0.8130000000000001,0.00025108676469222103,0.00017701517854473714,8.841573795548285e-06,0.0007691871782509185,0.0001034484227622201,7.608097859734819e-05,0.00043389756956790926,0.0001932555165462535,0.0002981525878460456,1.3970185052114559e-05,0.0004770658098713909,0.0002391592761781247,0.00043827679104335715,0.00016840163601306024,3.275105135924772e-05,0.0001044468488072825,6.373082427979515e-05,0.0002913194897096183,0.0007346720044125732,0.0003082694751699311,8.979289603694429e-05
0.8140000000000001,0.0002500995371460202,0.0001757990532698095,8.78079017041511e-06,0.0007667258019503631,0.00010297534001746378,7.553569629203949e-05,0.0004322436692585363,0.0001925565916826022,0.0002969981249199005,1.388415057779202e-05,0.0004756218717154592,0.00023789064424384332,0.00043678335779329114,0.00016723375307758914,3.256129639861438e-05,0.00010387593095984027,6.331148993332647e-05,0.00029041973994492487,0.0007325886283746641,0.0003069986599707475,8.920615236918117e-05
0.8150000000000001,0.00024911856078742024,0.00017459329928837253,8.720489623303962e-06,0.0007642776457024159,0.0001025055758963056,7.499474694117048e-05,0.000430600308355622,0.00019186174477869855,0.0002958516409878875,1.3798818085830611e-05,0.00047418548022692963,0.00023663004015339606,0.00043529921018747864,0.00016607535295720677,3.237301921710234e-05,0.00010330938934544065,6.289534479420045e-05,0.0002895251579400071,0.0007305157384733807,0.00030573443095038844,8.862378184326669e-05
0.8160000000000001,0.0002481438068670405,0.00017339783207814818,8.660668575855013e-06,0.0007618426881152995,0.00010203911027928392,7.445809266970471e-05,0.00042896743842502083,0.00019117095597065425,0.0002947131034971573,1.3714185807867096e-05,0.00047275662979162636,0.0002353774142438425,0.0004338243159122124,0.0001649263538299195,3.2186203767547994e-05,0.00010274719249414588,6.248236181893851e-05,0.0002886357385255556,0.0007284533402351911,0.0003044767581773522,8.804575312548746e-05
0.8170000000000001,0.00024717524568465543,0.0001722125617431569,8.60132408031511e-06,0.0007594209018009224,0.0001015759247445791,7.392569480468847e-05,0.00042734501069019437,0.00019048420458755988,0.0002935824774461526,1.3630241691764411e-05,0.0004713353131258202,0.00023413272047745348,0.0004323586406883573,0.0001637866774714114,3.200084124721503e-05,0.00010218930372540846,6.207251550360837e-05,0.00028775147092507947,0.0007264014392242002,0.0003032256154149593,8.747203430026218e-05
0.8180000000000001,0.0002462128472630165,0.00017103740518298327,8.542448734272234e-06,0.0007570122622995168,0.00010111600091677886,7.339752116952702e-05,0.000425732975512072,0.00018980146694802524,0.0002924597247349059,1.354698142264077e-05,0.0004699215170740345,0.00023289590933772697,0.0004309021539934399,0.00016265624163647185,3.181691571907397e-05,0.00010163568801258016,6.166578067512418e-05,0.00028687234966251474,0.0007243600368712633,0.0003019809715455457,8.690259381183285e-05
0.8190000000000001,0.0002452565809572704,0.00016987227624398749,8.484038102385405e-06,0.0007546167388954306,0.00010065931789826621,7.287353367235738e-05,0.00042413128355900387,0.00018912272183635448,0.00029134481019543745,1.3464397598972333e-05,0.000468515233217226,0.00023166693189335952,0.0004294548166363654,0.0001615349674818356,3.163441493048147e-05,0.00010108631140359758,6.126213015567039e-05,0.000285998362574591,0.0007223291336198034,0.00030074279941105786,8.633739981922517e-05
0.8200000000000001,0.00024430641610859725,0.0001687170879198785,8.426089181834406e-06,0.0007522342987882347,0.00010020585481662625,7.235369784419632e-05,0.00042253988643159435,0.00018844794643946283,0.00029023769694824786,1.3382483492474506e-05,0.00046711644701358246,0.0002304457412487526,0.00042801659563362904,0.0001604227742337816,3.1453326738595244e-05,0.00010054113803503739,6.0861540035705985e-05,0.00028512949882320004,0.0007203087264056052,0.0002995110708700066,8.577642127149954e-05
0.8210000000000001,0.00024336232120006907,0.0001675717574753932,8.368595411645252e-06,0.000749864906444464,9.975559310204662e-05,7.183797725129892e-05,0.00042095873258485295,0.00018777711794193408,0.000289138347732143,1.3301232940077234e-05,0.0004657251422753861,0.00022923229092064457,0.000426587452297289,0.00015931958401360635,3.1273636821538275e-05,0.00010000013409217079,6.046398492043359e-05,0.000284265746516299,0.0007182988086180675,0.00029828575631840604,8.521962632368485e-05
0.8220000000000001,0.00024242426462895984,0.00016643620027878558,8.3115534443845e-06,0.0007475085262738101,9.930851160244725e-05,7.132633661310894e-05,0.00041938777074013167,0.00018711021325579225,0.0002880467252797114,1.3220637617328279e-05,0.0004643413037631605,0.0002280265311522811,0.0004251673488758767,0.0001582253184084781,3.1095334211972414e-05,9.946326521170779e-05,6.006943869618642e-05,0.00028340709025242994,0.0007162993736320455,0.00029706682839869547,8.466698487086255e-05
0.8230000000000001,0.0002414922141448117,0.00016531033021682795,8.254957508335714e-06,0.0007451651164411821,9.886458986185787e-05,7.081874272418798e-05,0.0004178269529320211,0.0001864472071632095,0.00028696279186357643,1.3140693576940699e-05,0.00046296491125608075,0.00022682841566512568,0.00042375624575574644,0.00015713989904686532,3.091840617008845e-05,9.893049565135037e-05,5.96778770185491e-05,0.00028255351616746083,0.0007143104107790732,0.0002958542581322776,8.411846496547692e-05
0.8240000000000001,0.00024056613703651308,0.00016419406486356536,8.198804405945559e-06,0.0007428346359351634,9.842380726743372e-05,7.031515922362175e-05,0.0004162762251707086,0.00018578807628344407,0.00028588650705096974,1.306139133605555e-05,0.00046159594556782757,0.00022563789643803567,0.00042235410489799285,0.00015606324834216423,3.074283848625292e-05,9.840179191555887e-05,5.9289275102236694e-05,0.0002817050085220929,0.000712331908288899,0.0002946480154712994,8.357403616099379e-05
0.8250000000000001,0.0002396460006034773,0.00016308732052161545,8.143088173540036e-06,0.0007405170384401361,9.798614435896358e-05,6.98155524979649e-05,0.00041473553744009184,0.00018513279521803483,0.00028481783457234844,1.298272687444424e-05,0.00046023438489206647,0.000224454927394091,0.0004209608841448942,0.00015499528854079347,3.0568620809523495e-05,9.787711979736269e-05,5.890360734261968e-05,0.00028086154902107197,0.0007103638508861865,0.00029344807342535084,8.303366771844622e-05
0.8260000000000001,0.0002387317712152781,0.00016199001396999257,8.08780515582086e-06,0.0007382122783055056,9.755157838364781e-05,6.931988806424538e-05,0.00041320483722473433,0.00018448134059301236,0.00028375673316449745,1.2904692453519218e-05,0.0004588802057631236,0.00022327945855005193,0.0004195765411043606,0.00015393594386703402,3.0395739344490913e-05,9.735644498864993e-05,5.8520850314547346e-05,0.00028002312064423496,0.0007084062210314102,0.00029225440225189026,8.249732913079288e-05
0.8270000000000001,0.00023782341528264528,0.0001609020619813828,8.032951056557991e-06,0.0007359203054773111,9.712009016327183e-05,6.882813276887223e-05,0.0004116840714378789,0.00018383368499397257,0.0002827031643876099,1.2827282355964975e-05,0.00045753338215936967,0.0002221114456276707,0.00041820103397172126,0.0001528851375658391,3.0224182358429275e-05,9.683973282292868e-05,5.8140979114051916e-05,0.0002791897039833291,0.0007064589998886373,0.0002910669734715876,8.19649900665187e-05
0.8280000000000001,0.00023692089859046473,0.00015982338296893772,7.978522025609003e-06,0.0007336410679030791,9.669165696224447e-05,6.834025228952267e-05,0.0004101731875228998,0.0001831898043787028,0.00028165708638094866,1.2750490080426502e-05,0.00045619388938955563,0.00022095084086981576,0.0004168343185522172,0.0001518427930331523,3.0053938305685257e-05,9.632695069750064e-05,5.7763968984381187e-05,0.0002783612785191014,0.0007045221655790357,0.00028988575707722397,8.143662028925469e-05
0.8290000000000001,0.0002360241864336976,0.00015875389401553974,7.924512433810094e-06,0.000731374511543148,9.626625895986507e-05,6.785621328442293e-05,0.000408672132254706,0.00018254967239150766,0.0002806184599861705,1.2674309038729348e-05,0.0004548616984698661,0.0002197975967120902,0.00041547634980132475,0.00015080883553775237,2.9884993734241583e-05,9.581806367686685e-05,5.7389796438434004e-05,0.00027753782256834114,0.000702595693633068,0.00028871072523073416,8.091218896333352e-05
0.8300000000000001,0.0002351332440731102,0.00015769351344452343,7.870919956576294e-06,0.000729120580276188,9.584387359506952e-05,6.737598356787444e-05,0.0004071808515485609,0.00018191326198091495,0.00027958724334042895,1.2598733706181697e-05,0.00045353677994830477,0.0002186516674345107,0.0004141270819668641,0.00014978318953795533,2.9717337692414247e-05,9.531303821486148e-05,5.701843769456705e-05,0.00027671931444572806,0.0007006795581543379,0.0002875418483876402,8.039166656870211e-05
0.8310000000000001,0.00023424803617176914,0.0001566421603874657,7.817738861493062e-06,0.0007268792156698289,9.542448083954547e-05,6.68995290378227e-05,0.000405699291679662,0.00018128054727584164,0.00027856339515341944,1.2523757615845454e-05,0.0004522191027358513,0.00021751300543537688,0.0004127864689328353,0.00014876578138878216,2.9550957306501147e-05,9.481184129944698e-05,5.664986815601125e-05,0.0002759057306506163,0.0006987737306352049,0.0002863790973973712,7.98750229764611e-05
0.8320000000000001,0.00023336852699167853,0.00015559975296830508,7.764966203582802e-06,0.0007246503563578255,9.500805766660125e-05,6.642681835566933e-05,0.0004042273970922272,0.0001806515017721555,0.0002775468728661856,1.2449374481637854e-05,0.000450908635755809,0.000216381564813517,0.0004114544623687877,0.000147756535529453,2.9385841132323343e-05,9.431443866114719e-05,5.628406444602163e-05,0.0002750970470617453,0.0006968781804441715,0.00028522244321704804,7.936222863935694e-05
0.833,0.00023249468046686593,0.00015456621131648696,7.712596848952202e-06,0.0007224339410283331,9.459458297389478e-05,6.59578177772957e-05,0.0004027651131071064,0.00018002609768907885,0.00027653763403823195,1.2375578797407805e-05,0.0004496053436136016,0.00021525729878524302,0.0004101310139081882,0.00014675537869712763,2.9221977635440766e-05,9.382079747677352e-05,5.5921003250247736e-05,0.00027429323806538175,0.0006949928750263901,0.00028407185577783434,7.88532535243025e-05
0.834,0.00023162646035909673,0.00015354145475854342,7.660627849181978e-06,0.0007202299038110427,9.418403476235682e-05,6.549249608300833e-05,0.0004013123833689347,0.00017940430734797452,0.0002755356357704297,1.230236458993339e-05,0.0004483091921851923,0.00021414016149690074,0.0004088160737796276,0.00014576223826989754,2.9059354317961805e-05,9.333088446417115e-05,5.5560661108233766e-05,0.0002734942785851402,0.000693117780000807,0.00028292730615264716,7.83480684799498e-05
0.835,0.0002307638296918102,0.00015252540307164608,7.609054434309925e-06,0.0007180381788393086,9.37763915589418e-05,6.503082105979718e-05,0.00039986915201906115,0.0001787861034456828,0.0002745408346517264,1.222972553338586e-05,0.00044702014439435,0.00021303010607720552,0.0004075095921958205,0.00014477703968351907,2.8897959911233784e-05,9.284466590120388e-05,5.52030147744631e-05,0.00027270014043789814,0.0006912528575461208,0.0002817887647390549,7.784664356147442e-05
0.836,0.00022990675169746734,0.00015151797738932604,7.557873603070142e-06,0.0007158586964657321,9.3371631207817e-05,6.45727606867208e-05,0.00039843536317341055,0.00017817145821863445,0.00027355318627741987,1.2157655897460096e-05,0.00044573816369819497,0.00021192708733608345,0.00040621151685726886,0.00014379971181743834,2.8737782540200207e-05,9.23621092210336e-05,5.484804118593978e-05,0.0002719107967265044,0.0006893980694816504,0.00028065620214223763,7.734895002320386e-05
0.837,0.00022905518880097508,0.00015051909734464797,7.507080515223308e-06,0.0007136913868581729,9.29697311773392e-05,6.411828384345064e-05,0.00039701095904409733,0.00017756034338656246,0.0002725726467831535,1.2086150527390593e-05,0.00044446321028790425,0.00021083105814811987,0.00040492179662054983,0.0001428301818369171,2.857881089235459e-05,9.188318159236708e-05,5.449571719118307e-05,0.00027112621825287064,0.0006875533750400065,0.0002795295880537729,7.685495862341796e-05
0.838,0.000228209103278626,0.00014952868501061367,7.4566720988933355e-06,0.0007115361773770701,9.257066987700124e-05,6.366735922935796e-05,0.00039559588198734286,0.00017695273039974868,0.0002715991705849463,1.2015202675796921e-05,0.00044319524446756464,0.00020974197337841893,0.0004036403775606878,0.00014186837819929465,2.842103310052302e-05,9.140784982741845e-05,5.41460203533628e-05,0.00027034637599421263,0.0006857187310941315,0.00027840889292485294,7.636463943128113e-05
0.839,0.00022736845730349508,0.0001485466613209141,7.406644463192613e-06,0.000709392993777147,9.217442488396177e-05,6.321995531477498e-05,0.0003941900740611626,0.0001763485913667262,0.000270632713561092,1.1944807478680985e-05,0.00044193422478078226,0.00020865978719175615,0.0004023672062507533,0.00014091422934470188,2.8264438381775392e-05,9.09360813204918e-05,5.3798927745929426e-05,0.00026957123943605055,0.0006838940934801307,0.0002772940871099694,7.58779647999086e-05
0.84,0.00022653321238989555,0.00014757294873590787,7.3569936386297385e-06,0.0007072617600721864,9.1780973449751e-05,6.277604187610031e-05,0.0003927934770893149,0.00017574789635621535,0.00026967322855442344,1.1874959135349528e-05,0.00044068010905984334,0.0002075844537140492,0.00040110222741729373,0.0001399676650024606,2.810901446248515e-05,9.046784360777771e-05,5.3454416816478556e-05,0.0002688007776798784,0.0006820794155414367,0.0002761851402686144,7.539490531971449e-05
0.841,0.00022570333000344057,0.00014660746865891028,7.307716292426214e-06,0.0007051423991095707,9.139029327398518e-05,6.233558784507487e-05,0.0003914060321971169,0.00017515061720474456,0.00026872067039707126,1.1805651826790609e-05,0.00043943285353331696,0.00020651592715992262,0.00039984538601212094,0.0001390286144102859,2.7954750509984194e-05,9.000310377971221e-05,5.311246493278077e-05,0.0002680349591462905,0.0006802746491564315,0.000275082022711981,7.491543191029404e-05
0.842,0.00022487877134184098,0.00014565014437206703,7.258808480070655e-06,0.000703034831605831,9.100236220238589e-05,6.189856342064814e-05,0.00039002767952756034,0.00017455672506683229,0.0002677749915460659,1.1736880161983265e-05,0.0004381924136491744,0.0002054541624076922,0.0003985966250850126,0.00013809700700573302,2.7801635747781717e-05,8.954183009401984e-05,5.277305034523394e-05,0.0002672737511453249,0.0006784797441691248,0.0002739847040501564,7.44395167541212e-05
0.843,0.00022405949727157258,0.00014470089832785415,7.210267047308427e-06,0.0007009389763297236,9.061715714953067e-05,6.146493783776297e-05,0.0003886583601162563,0.00017396618992870927,0.0002668361460009816,1.1668639064432718e-05,0.0004369587438549649,0.00020439911373215658,0.00039735588850464687,0.00013717277344582612,2.7649658405959343e-05,8.908398972951037e-05,5.2436151020129884e-05,0.0002665171207403283,0.0006766946490776027,0.00027289315424361416,7.396713087415296e-05
0.844,0.00022324546833832337,0.00014375965369883836,7.162087982237608e-06,0.0006988547516868504,9.023465595336955e-05,6.103468133966672e-05,0.0003872980135626314,0.00017337898290215037,0.00026590408563542667,1.1600922489862775e-05,0.0004357317974326147,0.0002033507360148512,0.0003961231173187363,0.00013625584504939336,2.749880742769495e-05,8.862955067545641e-05,5.210174451797389e-05,0.0002657650340607276,0.000674919310232891,0.00027180734273057894,7.349824605451527e-05
0.845,0.0002224366450033932,0.00014282633473472472,7.114268386843037e-06,0.0006967820732960428,8.985483585344234e-05,6.060776432625925e-05,0.0003859465790414518,0.00017279507416012585,0.00026497876272091325,1.1533725122525595e-05,0.0004345115271064959,0.00020230898381223827,0.0003948982534518475,0.00013534615226129532,2.734907207102566e-05,8.81784811358477e-05,5.176980914400886e-05,0.0002650174566888319,0.0006731536730228971,0.0002707272395221505,7.303283420889706e-05
0.846,0.00022163298739291126,0.000141900865175848,7.066804264543869e-06,0.0006947208566943086,8.947767345635071e-05,6.018415694164503e-05,0.0003846039958782521,0.00017221443433657058,0.00026406012912039145,1.1467042148494144e-05,0.00043329788424573135,0.00020127381285917068,0.0003936812376655885,0.00013444362708359137,2.720044118265097e-05,8.773074895462862e-05,5.1440323079354755e-05,0.0002642743533225467,0.0006713976806702604,0.0002696528134911169,7.257086728718054e-05
0.847,0.00022083445549631598,0.00014098316942434685,7.019692544241174e-06,0.0006926710149086635,8.910314640564465e-05,5.976382994365981e-05,0.00038327020267958645,0.00017163703347189418,0.00026314813616401533,1.1400867862332298e-05,0.00043209081948647476,0.00020024517762995409,0.0003924720095918044,0.00013354820175504045,2.7052904182811588e-05,8.728632254095814e-05,5.111326511986203e-05,0.00026353568872394817,0.000669651275430172,0.00026858403501750505,7.21123170434046e-05
0.848,0.0002200410090584859,0.00014007317230135818,6.972929610715717e-06,0.0006906324607585113,8.87312322133127e-05,5.9346754295752646e-05,0.0003819451379254435,0.00017106284175072428,0.00026224273479547033,1.1335197294126687e-05,0.00043089028260701046,0.00019922303332453595,0.00039127050907539207,0.00013265980810894806,2.6906449596353355e-05,8.684516984913682e-05,5.078861390617195e-05,0.00026280142701451403,0.0006679143976293656,0.0002675208731623968,7.16571559504775e-05
0.849,0.00021925260755692455,0.00013917079879122163,6.926512558513842e-06,0.000688605104923079,8.836190726602133e-05,5.893290109293403e-05,0.00038062873945921005,0.00017049182913808636,0.00026134387574272555,1.1270025040976961e-05,0.00042969622286403997,0.00019820733528563839,0.0003900766746675055,0.0001317783794396732,2.676106714150084e-05,8.640725982489439e-05,5.046634737815303e-05,0.0002620715307590782,0.0006661869865762782,0.00026646329711099703,7.120535607796352e-05
0.85,0.00021846921045223233,0.00013827597486792964,6.880437544376505e-06,0.0006865888576124135,8.799514899737737e-05,5.852224144431428e-05,0.00037932094507697744,0.00016992396567006018,0.00026045150928610816,1.1205346172160624e-05,0.0004285085885419315,0.00019719803906526057,0.00038889044439638365,0.0001309038489604175,2.661674630177746e-05,8.597256064335479e-05,5.0146445289223074e-05,0.0002613459632774262,0.0006644689797938863,0.00026541127635115735,7.075688975211047e-05
0.851,0.00021769077685231952,0.00013738862588152934,6.834701748892336e-06,0.0006845836278012163,8.763093430941282e-05,5.81147467406673e-05,0.0003780216919347934,0.0001693592212014261,0.0002595655851835854,1.1141155460192564e-05,0.00042732732715056176,0.00019619509990564943,0.00038771175577512196,0.00013003615025053428,2.6473476004817975e-05,8.554104110258809e-05,4.98288860323326e-05,0.00026062468679410866,0.0006627603139400806,0.0002643647800745219,7.031172975435762e-05
0.852,0.0002169172660204832,0.00013650867841963343,6.789301904785994e-06,0.0006825893233424196,8.72692401086006e-05,5.771038919111238e-05,0.00037673091769985234,0.00016879756576004823,0.00025868605343615236,1.107744805028954e-05,0.00042615238557708324,0.00019519847349669384,0.00038654054636488855,0.0001291752177540184,2.6331246081090498e-05,8.511267006761081e-05,4.9513649292953765e-05,0.00025990766332084636,0.0006610609243888899,0.00026332377767235293,6.986984848034172e-05
0.853,0.00021614863662942075,0.0001356360593667283,6.744234343880606e-06,0.0006806058506785284,8.69100436846626e-05,5.7309140031325256e-05,0.00037544855838311797,0.00016823896897588675,0.00025781286319392915,1.1014218609273208e-05,0.00042498371009458413,0.0001942081159695963,0.000385376752116362,0.00012832098556803118,2.6190045639085113e-05,8.468741634803933e-05,4.920071370606571e-05,0.0002591948541057487,0.0006593707448016017,0.0002622882382953273,6.943121867664104e-05
0.854,0.00021538484765919462,0.0001347706951225769,6.699496712170294e-06,0.0006786331163448622,8.655332164042573e-05,5.691097156423908e-05,0.0003741745510145167,0.00016768340062112141,0.00025694596338210474,1.0951462669606116e-05,0.0004238212462621682,0.0001932239831978766,0.00038422030935247875,0.00012747338915541917,2.604986479670668e-05,8.426524920124301e-05,4.889005898367493e-05,0.0002584862203405258,0.0006576897082896105,0.00026125813121080643,6.899581332175941e-05
0.855,0.0002146258577656046,0.00013391251371897006,6.655085377782477e-06,0.0006766710252916752,8.619905122819738e-05,5.651585621357924e-05,0.0003729088317578899,0.00016713083053965239,0.00025608530304221944,1.0889174808181856e-05,0.000422664939831896,0.0001922460310782581,0.00038307115366209565,0.00012663236370358266,2.5910692604047547e-05,8.384613772427496e-05,4.858166465993019e-05,0.0002577817228327506,0.0006560177466217176,0.0002602334251814442,6.856360543394668e-05
0.856,0.00021387162550061677,0.00013306144276958864,6.610997576039779e-06,0.0006747194819973767,8.584720891091635e-05,5.612376629582361e-05,0.0003716513367453267,0.00016658122850488066,0.00025523083035150496,1.082735076685104e-05,0.00042151473462392897,0.00019127421565268143,0.00038192922012725283,0.00012579784507704694,2.5772519422595508e-05,8.343005136968173e-05,4.827551015440523e-05,0.00025708132175794596,0.0006543547905053515,0.0002592140897156314,6.813456768750559e-05
0.857,0.00021312210941087372,0.00013221741044910917,6.567229941967234e-06,0.0006727783898713424,8.549777186861451e-05,5.5734674474616774e-05,0.00037040200189886185,0.00016603456441899311,0.00025438249393938683,1.0765985280380974e-05,0.00042037057493060637,0.0001903084936178967,0.000380794443648913,0.00012496976954523564,2.5635334484630512e-05,8.30169593546426e-05,4.7971575673488864e-05,0.0002563849772533322,0.0006527007698187148,0.00025820009400578936,6.770867374095157e-05
0.858,0.00021237726786469402,0.00013138034516602115,6.523779780276406e-06,0.0006708476520136397,8.515071705683663e-05,5.53485538504761e-05,0.00036916076266813036,0.00016549080774386216,0.0002535402413983423,1.0705073600902892e-05,0.00041923240471186674,0.00018934882127630281,0.0003796667584697877,0.00012414807398530847,2.549912772209506e-05,8.260683117822243e-05,4.766984079707104e-05,0.00025569264913782863,0.0006510556131819056,0.0002571914066712422,6.728589688376196e-05
0.859,0.00021163705929491683,0.00013055017602692232,6.480643998885149e-06,0.0006689271708848477,8.480602122729053e-05,5.4965377117910386e-05,0.0003679275546651928,0.00016494992845339507,0.0002527040209281406,1.0644611336596554e-05,0.0004181001670446882,0.00018839515535429285,0.0003785460985488154,0.00012333269520314882,2.536388948526369e-05,8.219963706290745e-05,4.737028552026512e-05,0.0002550042968333388,0.000649419248543559,0.0002561879971836323,6.68662104792439e-05
0.86,0.00021090144204879424,0.00012972683281176067,6.437819786708765e-06,0.0006670168482009187,8.446366152292661e-05,5.458511755029871e-05,0.00036670231350877103,0.000164411896306893,0.0002518737797247983,1.0584593508222717e-05,0.00041697380470417933,0.00018744745251786377,0.00037743239792953354,0.00012252357133168967,2.5229609344368242e-05,8.179534645713638e-05,4.707289039940221e-05,0.00025431987954116497,0.0006477916031819575,0.0002551898345301007,6.644958811719004e-05
0.861,0.00021017037441246056,0.00012891024461259004,6.395304160911053e-06,0.0006651165855111607,8.412361461718199e-05,5.420774879028034e-05,0.0003654849740164501,0.0001638766813630843,0.00025104946541665285,1.0525015660123316e-05,0.000415853260646859,0.00018650566992295392,0.0003763255900219864,0.00012172063993654003,2.509627754165855e-05,8.139392969019887e-05,4.677763556204528e-05,0.0002536393561690664,0.0006461726032511717,0.0002541968880120926,6.603600334620374e-05
0.862,0.00020944381462461025,0.00012810034189447705,6.353094191946518e-06,0.0006632262835031266,8.378585772894631e-05,5.383324440599857e-05,0.00036427547174622266,0.00016334425331931968,0.000250231025394565,1.046587327080406e-05,0.000414738476688159,0.00018556976436046035,0.00037522560762903723,0.0001209238396535639,2.4963884164064254e-05,8.099535646799438e-05,4.6484501321830685e-05,0.00025296268565488944,0.0006445621745806429,0.00025320912642878834,6.562543008736821e-05
0.863,0.00020872172102955332,0.000127297055290021,6.311187249030681e-06,0.0006613458429496344,8.34503673724507e-05,5.3461578267466336e-05,0.00036307374157806827,0.00016281458219324918,0.00024941840637837664,1.0407161515346708e-05,0.0004136293951532144,0.0001846396935137884,0.00037413238428318785,0.0001201331096130076,2.483241910977707e-05,8.059959749717738e-05,4.619346869960683e-05,0.000252289826680685,0.0006429602416667679,0.0002522265192086426,6.521784237156769e-05
0.864,0.00020800405186119364,0.00012650031577776666,6.269580443474254e-06,0.0006594751638251406,8.311712088271417e-05,5.309272419817823e-05,0.000361879718628777,0.00016228763805647972,0.0002486115555556667,1.034887614381752e-05,0.0004125259576925888,0.0001837154144332942,0.00037304585254704925,0.00011934838893323807,2.470187316838679e-05,8.020662293573011e-05,4.590451788955008e-05,0.0002516207375932167,0.0006413667290385838,0.00025124903531970055,6.481321416051955e-05
0.865,0.000207290765453777,0.00012571005466754936,6.228271015484843e-06,0.0006576141463130458,8.278609520484537e-05,5.2726656564860974e-05,0.00036069333761701294,0.00016176339095241854,0.0002478104196489417,1.0291012659591203e-05,0.0004114281058390512,0.00018279688498523683,0.0003719659450179824,0.00011856961757183981,2.457223644913853e-05,7.981640354537411e-05,4.5617630073824245e-05,0.00025095537667441103,0.000639781560389352,0.0002502766443857052,6.4411519499874e-05
0.866,0.00020658182016118908,0.00012492620361781448,6.187256383682893e-06,0.0006557626899728053,8.245726746336501e-05,5.236334973324208e-05,0.00035951453386895427,0.00016124181118837289,0.00024701494530865453,1.0233566632544822e-05,0.00041033578126303816,0.00018188406279961988,0.00037089259418454645,0.00011779673574929816,2.4443499246240563e-05,7.942890984513618e-05,4.533278623530812e-05,0.0002502937024738694,0.0006382046589559209,0.0002493093153682624,6.401273293310528e-05
0.867,0.00020587717427104636,0.00012414869490928737,6.1465334182386755e-06,0.0006539206946380993,8.21306145581957e-05,5.2002778091919666e-05,0.0003583432418127197,0.0001607228689302076,0.0002462250792512055,1.0176533618011518e-05,0.0004092489249342135,0.00018097690605212158,0.0003698257326278931,0.00011702968421034576,2.4315651967143914e-05,7.904411288972568e-05,4.504996729881583e-05,0.00024963567299596257,0.0006366359471858818,0.000248347017462347,6.361682856859119e-05
0.868,0.00020517678635816882,0.00012337746108914693,6.1061001018769545e-06,0.0006520880594952372,8.180611379149383e-05,5.1644916650883665e-05,0.0003571793967457326,0.00016020653454029699,0.0002454407679625126,1.0119909400252425e-05,0.000408167478389454,0.00018007537277897612,0.00036876529253704327,0.00011626840437828356,2.418868535269958e-05,7.866198373163158e-05,4.4769154637025466e-05,0.00024898124638250696,0.0006350753474281268,0.00024738972056859154,6.322378120160455e-05
0.869,0.00020448061481450063,0.0001226124353180813,6.065953374267963e-06,0.0006502646842506676,8.148374217498144e-05,5.128974021673116e-05,0.0003560229335498599,0.00015969277863170372,0.00024466195798111823,1.006368964384663e-05,0.0004070913826512701,0.00017917942122813724,0.00036771120606526875,0.00011551283741295659,2.4062589867202e-05,7.82824934113524e-05,4.449032974640499e-05,0.00024833038053106993,0.0006335227813647482,0.0002464373935489039,6.283356532144069e-05
0.87,0.00020378861833278972,0.00012185355102212192,6.026090699995379e-06,0.0006484504682662262,8.116347704567595e-05,5.093722402993439e-05,0.00035487378713017215,0.00015918157170946579,0.0002438885957221082,1.0007870178130318e-05,0.0004060205787231874,0.0001782890100867629,0.000366663405896972,0.00011476292593948223,2.3937356256942266e-05,7.790561335152546e-05,4.421347410610288e-05,0.0002476830335333968,0.0006319781707856409,0.0002454900063547649,6.244615581718627e-05
0.871,0.0002031007555303277,0.00012110074183568909,5.986509618916003e-06,0.0006466453111068082,8.084529576091182e-05,5.058734325535941e-05,0.00035373189284215734,0.0001586728844954477,0.00024312062753617525,9.952446669680981e-06,0.00040495500775517,0.00017740409791844325,0.0003656218237444442,0.00011401861214521691,2.381297536813154e-05,7.753131525523038e-05,4.393856929407747e-05,0.0002470391634976643,0.0006304414365678745,0.00024454752838032334,6.20615275588321e-05
0.872,0.00020241698520078732,0.00012035394223519624,5.947207542211785e-06,0.000644849112182988,8.052917533851733e-05,5.024007347853576e-05,0.00035259718570135323,0.00015816668773682707,0.00024235799987193385,9.897415143012012e-06,0.000403894611081701,0.00017652464380801813,0.00036458639223324596,0.000113279839391911,2.3689437753549036e-05,7.715957044251986e-05,4.366559705648587e-05,0.00024639872844200994,0.000628912499744172,0.0002436099293557925,6.167965547576593e-05
0.873,0.0002017372662607153,0.00011961308677532756,5.908182030833764e-06,0.000643061771065212,8.02150934690049e-05,4.989539036770463e-05,0.0003514696009682128,0.00015766295260299934,0.00024160065918543694,9.842771427015506e-06,0.0004028393298018962,0.00017565060671553834,0.0003635570437048319,0.00011254655102599376,2.356673445524926e-05,7.679035094665387e-05,4.339453937218796e-05,0.00024576168655399133,0.0006273912808471005,0.00024267717905923636,6.13005148398793e-05
0.874,0.00020106155774595735,0.00011887811065769416,5.869430525495822e-06,0.0006412831881342784,7.990302769000923e-05,4.9553269811930534e-05,0.00035034907438469265,0.0001571616499247419,0.00024084855175987574,9.788511349473339e-06,0.0004017891052043865,0.0001747819460603539,0.00036253371058780903,0.00011181869098064734,2.3444856342536013e-05,7.642362863757857e-05,4.312537837358743e-05,0.00024512799572840027,0.0006258777005583305,0.00024174924739395198,6.092408081337375e-05
0.875,0.00020038981883550578,0.00011814894956452271,5.8309505691633845e-06,0.0006395132631706879,7.959295531478894e-05,4.921368798238568e-05,0.0003492355411370829,0.00015666275116421602,0.00024010162435805782,9.73463094922078e-06,0.0004007438787939632,0.0001739186213802757,0.0003615163251698972,0.0001110962037257357,2.332379445135757e-05,7.605937591548262e-05,4.285809624904324e-05,0.0002444976144879707,0.0006243716793502552,0.00024082610406006566,6.0550328915942586e-05
0.876,0.00019972200877488855,0.0001174255392856205,5.792739826815385e-06,0.0006377518964766349,7.92848539943325e-05,4.8876620946103344e-05,0.0003481289371642937,0.00015616622769953903,0.00023935982308209702,9.681126196037226e-06,0.0003997035917976399,0.00017306059235144833,0.0003605048203925154,0.00011037903427690843,2.320353992846247e-05,7.569756492620261e-05,4.2592675252195455e-05,0.00024387050077845362,0.0006228731372805996,0.0002399077193731003,6.017923446877127e-05
0.877,0.00019905808713774898,0.00011670781653982942,5.754795936341317e-06,0.0006359989890692974,7.897870144124575e-05,4.8542045082866636e-05,0.0003470291985256946,0.00015567205089106473,0.00023862309487876487,9.627993268201962e-06,0.0003986681861991581,0.00017220781892324233,0.0003594991291179239,0.00010966712799631573,2.3084083888846862e-05,7.533816835492146e-05,4.232909784096517e-05,0.000243246613381487,0.0006213819946127019,0.00023899406348670826,5.981077331940199e-05
0.878,0.00019839801350974852,0.00011599571800846586,5.717116430936642e-06,0.0006342544418078688,7.867447547127426e-05,4.82099372605127e-05,0.00034593626104240105,0.00015518019258808913,0.00023789138628127482,9.575228161917693e-06,0.0003976376040250029,0.00017136026137509752,0.0003584991842298102,0.000108960430680205,2.296541760482551e-05,7.49811585751825e-05,4.206734661194034e-05,0.0002426259105675621,0.0006198981716001306,0.00023808510659217852,5.944492128029388e-05
0.879,0.00019774174765557762,0.00011528918099201757,5.679699227267854e-06,0.0006325181559778681,7.837215394423946e-05,4.788027393365368e-05,0.00034485006113960104,0.0001546906245402102,0.00023716464399980985,9.52282708721608e-06,0.0003966117869119712,0.00017051787993582757,0.0003575049189692425,0.00010825888870491518,2.2847532218150945e-05,7.462650874390242e-05,4.180740426029672e-05,0.00024200835107746066,0.0006184215884050825,0.00023718081908452593,5.908165395829279e-05
0.88,0.0001970892496584109,0.0001145881433759488,5.642541634931497e-06,0.0006307900337959582,7.807171485763043e-05,4.755303231673835e-05,0.0003437705353879217,0.00015420331889859362,0.00023644281498202968,9.470786067500292e-06,0.00039559067761540945,0.0001696806352160518,0.00035651626682908777,0.00010756244898257883,2.2730419287131376e-05,7.427419191441409e-05,4.1549253918304885e-05,0.0002413938936624005,0.0006169521652248378,0.0002362811714778923,5.872094772285674e-05
0.881,0.00019644047970284183,0.00011389254333937782,5.605641696271313e-06,0.0006290699773848774,7.777313617474135e-05,4.722818955016361e-05,0.00034269762083660726,0.000153718247709822,0.00023572584626530002,9.419101421936915e-06,0.00039457421858457575,0.0001688484881449126,0.0003555331615462398,0.00010687105864171098,2.2614070042337175e-05,7.392418134255507e-05,4.129287823251282e-05,0.00024078249754344583,0.0006154898224519645,0.00023538613451468127,5.836277863280337e-05
0.882,0.0001957953981417404,0.00011320231976119643,5.568997048177593e-06,0.0006273578895177323,7.747639606037193e-05,4.6905722739687405e-05,0.0003416312541427713,0.00015323538352707278,0.00023501368497402808,9.367769456702923e-06,0.0003935623525637144,0.0001680213997508062,0.0003545555370265685,0.00010618466564704665,2.2498476163756997e-05,7.35764502630687e-05,4.103826043599934e-05,0.00024017412152899098,0.0006140344804844711,0.00023449567891331569,5.800712282932885e-05
0.883,0.00019515396559632303,0.00011251741144879812,5.532605438229865e-06,0.000625653673476001,7.718147275159737e-05,4.658560970849379e-05,0.00034057137291731987,0.00015275469864317603,0.00023430627836984463,9.316786330981763e-06,0.0003925550228445207,0.00016719933124786923,0.0003535833275127853,0.00010550321819446928,2.2383629133537752e-05,7.323097235623077e-05,4.078538389773456e-05,0.0002395687252121359,0.0006125860599741628,0.00023360977555220153,5.765395691637032e-05
0.884,0.00019451614291761122,0.00011183775831336007,5.496464783760757e-06,0.0006239572333478494,7.688834464458782e-05,4.626782787642281e-05,0.0003395179146198357,0.00015227616600155258,0.00023360357383928054,9.266148519593287e-06,0.00039155217282438315,0.00016638224424558867,0.0003526164676533883,0.00010482666503963678,2.2269520644768726e-05,7.28877214529744e-05,4.053423188132843e-05,0.00023896626810104848,0.0006111444815799505,0.00023272839552079816,5.730325746211573e-05
0.885,0.00019388189114979414,0.00011116330013183351,5.460572930826579e-06,0.000622268473458587,7.659699026096867e-05,4.595235527138364e-05,0.0003384708172539108,0.00015179975836909776,0.00023290551913224267,9.215852265542779e-06,0.0003905537462368658,0.00016557010052209442,0.00035165489214405987,0.00010415495545335052,2.2156142320373107e-05,7.254667168532514e-05,4.028478802242663e-05,0.00023836671007204657,0.0006097096662814883,0.0002318515100501184,5.6955001133340843e-05
0.886,0.0001932511715759644,0.00011049397772666669,5.424927664976487e-06,0.0006205872988315209,7.63073880633014e-05,4.563916995647954e-05,0.0003374300189655788,0.00015132544891516275,0.00023221206201595734,9.165894133800201e-06,0.0003895596872778295,0.00016476286197697476,0.0003506985364372106,0.0001034880391386217,2.2043486103906496e-05,7.220779711336611e-05,4.003703602228903e-05,0.0002377700109530423,0.0006082815352634885,0.00023097909033742425,5.660916462169041e-05
0.887,0.0001926239457423151,0.0001098297320135666,5.389526928856192e-06,0.0006189136153865737,7.601951667990381e-05,4.532825010805652e-05,0.0003363954582776829,0.00015085321089858272,0.00023152315064367546,9.116270553222172e-06,0.00038856994050195937,0.00016396049081635056,0.0003497473360066783,0.00010282586621013223,2.1931543746744886e-05,7.187107215100852e-05,3.979095965456203e-05,0.00023717613119011993,0.0006068600098967369,0.00023011110814652458,5.6265725035364866e-05
0.888,0.00019200017541227689,0.0001091705045034308,5.354368609822302e-06,0.0006172473293533098,7.573335519728275e-05,4.50195740478998e-05,0.000335367074168591,0.0001503830178000154,0.00023083873308082925,9.066977871174942e-06,0.0003875844508168802,0.00016316294962614997,0.0003488012268473284,0.00010216838743226653,2.182030716313399e-05,7.153647132973617e-05,3.9546542826229825e-05,0.00023658503106638307,0.0006054450120940302,0.00022924753481390336,5.592465959713966e-05
0.889,0.00019137982261233089,0.00010851623708552083,5.319450685603577e-06,0.0006155883478236035,7.544888221411306e-05,4.471312060017052e-05,0.00033434480578609094,0.0001499148432331232,0.00023015875792942175,9.018012733896796e-06,0.0003866031632073774,0.00016237020102360944,0.0003478601452762131,0.0001015155540766699,2.1709768457500722e-05,7.120396961424191e-05,3.930376960847859e-05,0.00023599667155438375,0.0006040364637527329,0.00022838834234240046,5.558594524146532e-05
0.89,0.00019076284965771073,0.0001078668723089038,5.2847711093928496e-06,0.0006139365786480555,7.516607714197487e-05,4.440886837808744e-05,0.00033332859263102144,0.00014944866114319222,0.0002294831738905989,8.969371752653998e-06,0.00038562602364855536,0.00016158220800699397,0.00034692402802793953,0.00010086731766922874,2.159991967209951e-05,7.087354184776018e-05,3.90626243174097e-05,0.00023541101365820438,0.0006026342872050838,0.0002275335025246905,5.524955957236788e-05
0.891,0.00019014921909235038,0.00010722235299032157,5.250327931416443e-06,0.0006122919302340435,7.488491889029447e-05,4.4106796443954543e-05,0.00033231837477365467,0.00014898444561806112,0.00022881192993118304,8.921051432464466e-06,0.00038465297806222765,0.0001607989336604998,0.0003459928124762701,0.00010022363053407979,2.149075286950186e-05,7.054516337445804e-05,3.882309129177308e-05,0.00023482801860752467,0.0006012384051538033,0.00022668298754391358,5.491548002756197e-05
0.892,0.00018953889372524957,0.00010658262266982632,5.216118994177954e-06,0.0006106543119829277,7.460538688874863e-05,4.3806883736063895e-05,0.0003313140922883706,0.0001485221709853768,0.00022814497527434696,8.873048505275705e-06,0.0003836839729495223,0.00016002034161011203,0.0003450664360464817,9.958444511370956e-05,2.1382260228630656e-05,7.021880953061999e-05,3.858515483956548e-05,0.00023424764805413112,0.0005998487407550268,0.00022583676972076638,5.458368433131078e-05
0.893,0.00018893183670408708,0.00010594762515836464,5.1821425758324935e-06,0.0006090236338142097,7.432746049240713e-05,4.350910978700995e-05,0.00033031568616015416,0.00014806181155502252,0.000227482259325118,8.825359596453808e-06,0.0003827189553189392,0.0001592463954687151,0.00034414483694089615,9.894971472768077e-05,2.127443425836706e-05,6.989445601457422e-05,3.8348799857756966e-05,0.0002336698640095225,0.0005984652172976723,0.0002249948213992603,5.425415032378478e-05
0.894,0.00018832801138851663,0.00010531730485008328,5.14839668341871e-06,0.0006073998065869723,7.405111949077003e-05,4.321345397173548e-05,0.00032932309719724273,0.0001476033422078693,0.00022682373189231164,8.77798155030085e-06,0.0003817578726917903,0.00015847705912963583,0.00034322795355801183,9.831939289950409e-05,2.116726715262196e-05,6.957207858371284e-05,3.8114010923795405e-05,0.00023309462847309614,0.000597087758807402,0.0002241571152712396,5.392685584881818e-05
0.895,0.00018772738146478063,0.00010469160686976675,5.114879268464101e-06,0.0006057827420047346,7.377634342420336e-05,4.291989595306411e-05,0.0003283362669455059,0.00014714673776738962,0.00022616934313568482,8.730910983856255e-06,0.00038080067261370143,0.00015771229695493716,0.0003423157249311526,9.769343384924412e-05,2.10607513873029e-05,6.925165340598838e-05,3.7880773116949484e-05,0.00023252190416478413,0.0005957162895739998,0.00022332362392896155,5.360177901592156e-05
0.896,0.0001871299108790081,0.0001040704764563305,5.081588664967995e-06,0.0006041723523048104,7.350311222664718e-05,4.262841566227138e-05,0.00032735513721238174,0.00014669197333772033,0.00022551904329648487,8.68414483279345e-06,0.00037984730372864206,0.0001569520730785312,0.00034140809063631927,9.707179211937422e-05,2.0954879453971564e-05,6.893315670519762e-05,3.764907120951122e-05,0.000231951653826723,0.000594350734230531,0.0002224943204351959,5.327889816175713e-05
0.897,0.00018653556392164705,0.00010345385954912967,5.04852287552815e-06,0.0006025685509222223,7.323140601211975e-05,4.233899310113198e-05,0.00032637965041826256,0.000146239024165995,0.0002248727831385411,8.637679820733268e-06,0.0003788977145932071,0.00015619635259422893,0.00034050499063076334,9.645442277106397e-05,2.0849643939113705e-05,6.861656508772018e-05,3.7418890721951925e-05,0.0002313838406012847,0.0005929910180704212,0.0002216691778280655,5.295819159145676e-05
0.898,0.0001859443050984677,0.00010284170246999125,5.01568007582609e-06,0.0006009712518857402,7.296120483779589e-05,4.205160837822408e-05,0.0003254097490866803,0.00014578786594166004,0.00022423051355346946,8.591512853151073e-06,0.00037795185466160675,0.0001554451001485324,0.00033960636529606347,9.584128144235482e-05,2.074503750859602e-05,6.830185518125198e-05,3.719021672332623e-05,0.00023081842798378105,0.0005916370666456672,0.00022084816942091745,5.263963787471848e-05
0.899,0.00018535609931495943,0.00010223395234287835,4.983058510821259e-06,0.0005993803702243339,7.269248909025361e-05,4.1766242058427494e-05,0.0003244453763363575,0.00014533847445585835,0.0002235921857571821,8.545640962864809e-06,0.00037700967353782033,0.00015469828116609907,0.00033871215563796575,9.52323242685571e-05,2.0641052853487274e-05,6.798900399085372e-05,3.696303472322526e-05,0.00023025537983878408,0.000590288806232353,0.00022003126853387123,5.2323215777194676e-05
0.9,0.0001847709116976959,0.00010163055642409269,4.950656376179197e-06,0.0005977958218115198,7.242523923700617e-05,4.148287463856537e-05,0.00032348647572932876,0.00014489082545854348,0.00022295775163283515,8.500060974192536e-06,0.0003760711215875512,0.0001539558609987557,0.00033782230309442607,9.462750763222783e-05,2.0537682803190016e-05,6.767798861884167e-05,3.673733030895576e-05,0.00022969466034816755,0.0005889461633695747,0.00021921844884253971,5.200890406742431e-05
0.901,0.0001841887077627058,0.00010103146272588681,4.918471972925609e-06,0.0005962175232587796,7.215943589533591e-05,4.120148675956781e-05,0.0003225329911722419,0.00014444489535292426,0.0002223271629735457,8.45476995814387e-06,0.0003751361496424632,0.00015321780541088792,0.00033693674988555244,9.402678880887638e-05,2.043492023595661e-05,6.736878667357171e-05,3.651308932872688e-05,0.00022913623397613492,0.0005876090652506827,0.00021840968411801498,5.169668185389664e-05
0.902,0.00018360945323563915,0.00010043661985270624,4.886503350065574e-06,0.0005946453921751305,7.189505989735334e-05,4.0922059616144146e-05,0.0003215848669689825,0.00014400066048214644,0.00022170037205149207,8.409764906347483e-06,0.0003742047087786915,0.0001524840804116856,0.0003360554383341485,9.343012519125171e-05,2.0332758051466726e-05,6.706137565171133e-05,3.6290297503294155e-05,0.0002285800655633663,0.0005862774395799519,0.00021760494822231635,5.1386528124530706e-05
0.903,0.00018303311423099045,9.984597661560901e-05,4.8547490433259455e-06,0.0005930793469997031,7.163209209082311e-05,4.064457404806543e-05,0.00032064204818260666,0.00014355809756716464,0.0002210773315822756,8.365042832969571e-06,0.0003732767508600743,0.00015175465219985362,0.0003351783117060414,9.283747487542904e-05,2.0231189290509377e-05,6.675573348990937e-05,3.6068940943101424e-05,0.00022802612033623326,0.0005849512144570079,0.00021680421526193427,5.107842223717185e-05
0.904,0.00018245965714958624,9.925948261968465e-05,4.82320722894336e-06,0.0005915193071373004,7.13705137652676e-05,4.036901145398897e-05,0.000319704479778693,0.0001431171832402267,0.0002204579946378793,8.320600924038857e-06,0.000372352228209194,0.00015102948731826604,0.00033430531339440073,9.224879624369908e-05,2.0130207091240138e-05,6.645183824649514e-05,3.5849005788124444e-05,0.0002274743638636112,0.0005836303186484981,0.00021600745961403156,5.077234378814133e-05
0.905,0.0001818890487265634,9.867708786548413e-05,4.7918761773013685e-06,0.00058996519281862,7.111030600848167e-05,4.009535337767822e-05,0.00031877210757047525,0.0001426778949233931,0.00021984231446703362,8.276436321952296e-06,0.0003714310935085674,0.000150308552594014,0.0003334363878260138,9.16640484550646e-05,2.002980458160053e-05,6.614966831719471e-05,3.563047822963128e-05,0.0002269247620032555,0.0005823146815115976,0.00021521465560803144,5.046827236587781e-05
0.906,0.00018132125600020532,9.809874294330889e-05,4.760754321431193e-06,0.0005884169253222993,7.085145042462493e-05,3.982358129772656e-05,0.0003178448776546272,0.00014224020971020934,0.000219230244955404,8.232546137687535e-06,0.0003705133001753458,0.00014959181495610707,0.0003325714795547885,9.108319100081808e-05,1.9929975016652612e-05,6.584920232044489e-05,3.541334479051361e-05,0.00022637728113894529,0.0005810042327438758,0.00021442577788710615,5.016618765218972e-05
0.907,0.00018075624634298905,9.75243989975727e-05,4.729840059614077e-06,0.0005868744265040693,7.059392863284497e-05,3.955367715802183e-05,0.00031692273674832627,0.00014180410519426534,0.00021862174013098645,8.188927616004094e-06,0.0003695988019688512,0.0001488792417940754,0.00033171053393976635,9.05061837180865e-05,1.9830711707524706e-05,6.555041907319037e-05,3.519759202996742e-05,0.0002258318877673693,0.0005796989028554744,0.0002136408012215485,4.986606974222152e-05
0.908,0.00018019398743368553,9.695400759912598e-05,4.699131731400463e-06,0.0005853376195997795,7.033772226627821e-05,3.928562296673377e-05,0.000316005631634253,0.00014136955930088568,0.00021801675444721447,8.145578073270876e-06,0.00036868755324459546,0.00014817080058715515,0.0003308534967947363,8.993298719439657e-05,1.973200799598729e-05,6.525329758011456e-05,3.498320664041543e-05,0.00022528854899583894,0.0005783986227730908,0.0002128597005243149,4.956789872412326e-05
0.909,0.00017963444726061816,9.63875209080145e-05,4.668627680559645e-06,0.0005838064282686073,7.008281353593215e-05,3.9019400914552804e-05,0.0003150935099193175,0.00014093654978619696,0.00021741524285689984,8.102494636341717e-06,0.00036777950887478816,0.00014746645912488976,0.000330000314534562,8.936356226330044e-05,1.9633857406997635e-05,6.495781721527205e-05,3.4770175459497565e-05,0.00022474723219645387,0.0005771033239059253,0.00021208245093451428,4.927165478973983e-05
0.91,0.00017907759418618884,9.582489170512076e-05,4.638326436490203e-06,0.0005822807775086591,6.982918435782803e-05,3.875499336625232e-05,0.00031418631944102327,0.00014050505502405386,0.00021681716054466893,8.05967470252078e-06,0.0003668746242726506,0.00014676618566000776,0.00032915093412999585,8.879787033078124e-05,1.9536253455187946e-05,6.466395760740262e-05,3.455848548783447e-05,0.00022420790496058274,0.0005758129384498822,0.0002113090277571228,4.897731852571141e-05
0.911,0.00017852339687713937,9.526607322829506e-05,4.6082264627544944e-06,0.0005807605928479509,6.957681721508902e-05,3.849238278408329e-05,0.00031328400872454587,0.0001400750535394124,0.00021622246331909345,8.017115650016393e-06,0.00036597285529482715,0.00014606994836408038,0.00032830530305760774,8.823587336614924e-05,1.9439189743453156e-05,6.437169840411983e-05,3.4348123872152136e-05,0.00022367053557759142,0.0005745273991647482,0.00021053940638660062,4.868487054021653e-05
0.912,0.00017797182426267932,9.471101917313263e-05,4.578326085025175e-06,0.0005792458011191215,6.932569449069614e-05,3.8231552092593546e-05,0.000312386526370112,0.0001396465238565625,0.00021563110702238486,7.974814832389931e-06,0.00036507415839537316,0.00014537771586076165,0.00032746336941769094,8.767753364924413e-05,1.9342660002585887e-05,6.408101976140834e-05,3.413907781801839e-05,0.00022313509240523555,0.0005732466390683255,0.00020977356235496458,4.839429147796004e-05
0.913,0.00017742284570474443,9.415968397152863e-05,4.548623949163222e-06,0.0005777363296405325,6.907579889547932e-05,3.797248405867926e-05,0.000311493821747888,0.00013921944509320827,0.00021504304814790043,7.932769723439925e-06,0.0003641784904722112,0.0001446894570947821,0.0003266250818771965,8.712281407596834e-05,1.924665794184044e-05,6.37919020525235e-05,3.3931334803338764e-05,0.00022260154432240942,0.0005719705921798379,0.0002090114715905811,4.810556245637976e-05
0.914,0.0001768764308231252,9.36120224152015e-05,4.519118527057664e-06,0.0005762321069060494,6.88271133679752e-05,3.771516178252554e-05,0.0003106058445270232,0.00013879379639958334,0.00021445824364774158,7.890977771873864e-06,0.0003632858090374391,0.00014400514117629548,0.0003257903896851655,8.65716779470116e-05,1.9151177497289673e-05,6.350432563206887e-05,3.37248823339964e-05,0.0002220698604871174,0.0005706991928045024,0.00020825310990268964,4.781866461389672e-05
0.915,0.00017633254957097889,9.30679899864284e-05,4.489808277385876e-06,0.0005747330623915303,6.857962093875791e-05,3.7459568589803816e-05,0.00030972254484673556,0.0001383695570968957,0.00021387665056138427,7.849436347129313e-06,0.00036239607203647495,0.00014332473747569185,0.0003249592426334269,8.602408907776304e-05,1.905621240194666e-05,6.321827147404147e-05,3.3519708113716185e-05,0.0002215400105431975,0.0005694323760996323,0.0002074984533114721,4.7533579216163524e-05
0.916,0.00017579117224593156,9.252754255872908e-05,4.460691821250862e-06,0.0005732391262137648,6.833330482647337e-05,3.720568787013434e-05,0.00030884387329588314,0.00013794670694999844,0.00021329822668425535,7.808143135945578e-06,0.0003615092379598561,0.00014264821563858554,0.00032413159103927836,8.548001171915232e-05,1.8961756857782675e-05,6.293372054066992e-05,3.3315799900734966e-05,0.00022101196436430381,0.000568170077543062,0.00020674747824045436,4.7250287758315856e-05
0.917,0.0001752522694656311,9.1990636735928e-05,4.431767624102356e-06,0.000571750229621637,6.808814832326426e-05,3.695350335131131e-05,0.00030796978088309945,0.00013752522572563208,0.00021272293012708499,7.767095640542898e-06,0.0003606252658082676,0.00014197554570616333,0.0003233073859236768,8.49394106032797e-05,1.8867804764455265e-05,6.265065421817706e-05,3.3113145744168015e-05,0.00022048569232302473,0.0005669122332951915,0.00020600016099581175,4.696877189780402e-05
0.918,0.00017471581216840781,9.145722957315527e-05,4.403034478905887e-06,0.0005702663045827894,6.784413521843113e-05,3.670299882707617e-05,0.0003071002191920025,0.0001371050936366247,0.0002121507191253924,7.72629141942982e-06,0.00035974411509198667,0.00014130669774370386,0.00032248657869549113,8.440225085970532e-05,1.877435035879671e-05,6.236905395151648e-05,3.291173366526401e-05,0.00021996116509537256,0.0005656587802541635,0.0002052564780938848,4.668901350446397e-05
0.919,0.0001741817716190863,9.092727855775085e-05,4.374490744085691e-06,0.0005687872840677288,6.760124921290078e-05,3.645415817554731e-05,0.00030623514001515417,0.00013668629110663577,0.00021158155269085377,7.685728146911153e-06,0.00035886574593790854,0.000140641642206063,0.00032166912143727355,8.386849818797781e-05,1.8681387868424437e-05,6.208890170933401e-05,3.271155204542797e-05,0.0002194383536733291,0.0005644096556510769,0.000204516406349331,4.641099459801179e-05
0.92,0.00017365011942896413,9.04007420767794e-05,4.346135216604097e-06,0.0005673131019234834,6.735947436742329e-05,3.62069656938413e-05,0.0003053744957772775,0.00013626879862571606,0.00021101539008516745,7.645403413358842e-06,0.000357990118650342,0.00013998034987094954,0.0003208549668514138,8.333811880967268e-05,1.85889115086324e-05,6.18101794490622e-05,3.25125891036393e-05,0.000218917229625748,0.0005631647975298248,0.00020377992254883015,4.613469745151644e-05
0.921,0.00017312082750454706,8.987757863843093e-05,4.317966365574577e-06,0.0005658436928714927,6.711879480414407e-05,3.596140575112816e-05,0.00030451823929134036,0.000135852597189845,0.00021045219106208268,7.605315071601559e-06,0.00035711719450082224,0.00013932279174144746,0.0003200440680077854,8.281107916374708e-05,1.849691569388856e-05,6.153286943832992e-05,3.23148335606982e-05,0.0002183977645968671,0.000561924144360737,0.00020304700370821216,4.586010427276577e-05
0.922,0.00017259386807759735,8.935774758578319e-05,4.289982958871619e-06,0.000564378992407355,6.687919493642003e-05,3.571746277863941e-05,0.0003036663237331316,0.00013543766783052913,0.00020989191562248433,7.565460682479319e-06,0.00035624693478497615,0.0001386689389157869,0.00031923637873843,8.228734639592616e-05,1.840539487951709e-05,6.125695445435841e-05,3.211827388061028e-05,0.00021787993083377533,0.0005606876352978185,0.00020231762704225886,4.558719779279574e-05
0.923,0.00017206921371269447,8.884120874896873e-05,4.262183639469619e-06,0.0005629189370742749,6.664065926065277e-05,3.5475121645589525e-05,0.00030281870276005485,0.00013502399179210478,0.00020933452432148059,7.525838030875143e-06,0.00035537930176388066,0.00013801876307084626,0.0003184318532952757,8.17668879129485e-05,1.831434350219041e-05,6.098241712704233e-05,3.192289895170841e-05,0.00021736370075364775,0.0005594552100275374,0.00020159176989131833,4.531596068402255e-05
0.924,0.00017154683734408316,8.832792253277155e-05,4.234567123950761e-06,0.0005614634641571969,6.640317261319417e-05,3.523436720720419e-05,0.0003019753305114614,0.00013461155086347265,0.00020877997813817384,7.486445009696752e-06,0.0003545142577674465,0.0001373722359403473,0.0003176304466787627,8.12496717235156e-05,1.8223756228841204e-05,6.070924063306116e-05,3.172869779277665e-05,0.00021684904734176058,0.0005582268088968334,0.00020086940967145583,4.5046376049739933e-05
0.925,0.00017102671213661269,8.781784976186202e-05,4.207132173861261e-06,0.0005600125118763177,6.616671990200551e-05,3.499518445715388e-05,0.0003011361614799757,0.00013420032672961657,0.00020822823832089554,7.447279285255348e-06,0.00035365176593193937,0.00013672932951136474,0.0003168321141546748,8.073566626209949e-05,1.813362771940774e-05,6.043740836503275e-05,3.1535659385184545e-05,0.00021633594381231802,0.0005570023727584639,0.00020015052400912392,4.477842683570099e-05
0.926,0.00017050881164929477,8.731095196334859e-05,4.179877321597303e-06,0.0005585660193067055,6.593128636711576e-05,3.475755869686292e-05,0.000300301150576221,0.00013379030165283634,0.0002076792667907723,7.408338915881885e-06,0.00035279178975633485,0.00013609001607473026,0.00031603681176095577,8.022484029146515e-05,1.8043952738189262e-05,6.016690386345669e-05,3.134377295477275e-05,0.00021582436374301128,0.0005557818430441674,0.0001994350906859843,4.451209648148602e-05
0.927,0.00016999310970655657,8.680719116960223e-05,4.152801468815248e-06,0.0005571239262339711,6.569685727564334e-05,3.452147546390005e-05,0.0002994702532140847,0.0001333814577607617,0.00020713302557040514,7.369621571440277e-06,0.0003519342930788927,0.00013545426818162287,0.0003152444959844125,7.971716326971023e-05,1.7954726127533682e-05,5.989771101788666e-05,3.115302788980756e-05,0.00021531428112020468,0.0005545651617722136,0.0001987230875239998,4.424736843622323e-05
0.928,0.00016947958050474998,8.630652997665411e-05,4.125903263374475e-06,0.000555686173415948,6.546341813218337e-05,3.428692022322544e-05,0.0002986434251952552,0.00013297377784282638,0.0002065894773801702,7.331125349785417e-06,0.00035107924045996164,0.000134822058743711,0.0003144551239272486,7.921260479093473e-05,1.786594265984487e-05,5.9629813950690114e-05,3.096341371733313e-05,0.00021480567034704023,0.000553352271628671,0.0001980144927014038,4.3984226388738e-05
0.929,0.0001689681985189706,8.580893154919167e-05,4.0991815627444694e-06,0.0005542527024758881,6.523095478827567e-05,3.4053878896989076e-05,0.00029782062270000687,0.00013256724460042335,0.0002060485852364291,7.29284807843289e-06,0.0003502265968211571,0.00013419336071385235,0.0003136686532067001,7.8711135108267e-05,1.777759740173579e-05,5.936319705968085e-05,3.0774919995923966e-05,0.0002142985059432334,0.0005521431156696455,0.00019730928429795291,4.372265427288191e-05
0.93,0.0001684589385676838,8.531435953396116e-05,4.072635052088103e-06,0.0005528234557269363,6.499945316673639e-05,3.3822337431987926e-05,0.00029700180228608986,0.00013216184115205643,0.00020551031250737317,7.254787854682476e-06,0.0003493763275659312,0.00013356814757425894,0.0003128850418856466,7.821272481123298e-05,1.768968541016047e-05,5.909784495083947e-05,3.058753660711844e-05,0.00021379276309274609,0.0005509376377994535,0.0001966074407263596,4.3462636218016826e-05
0.931,0.0001679517757437743,8.48227781101718e-05,4.0462626020865144e-06,0.0005513983763602015,6.47688993967721e-05,3.359228202037823e-05,0.0002961869210449386,0.00013175755098027153,0.00020497462305335556,7.216942562116024e-06,0.0003485283985593668,0.00013294639281691278,0.00031210424863958863,7.771734503836392e-05,1.7602201792699113e-05,5.883374250792439e-05,3.040125338371613e-05,0.0002132884170729099,0.0005497357821772075,0.00019590894035204087,4.3204156404463845e-05
0.932,0.00016744668547534757,8.433415211006601e-05,4.020063027687648e-06,0.00054997740845808,6.453927975402785e-05,3.336369891038249e-05,0.0002953759364028308,0.00013135435749678237,0.00020444148112541694,7.179310292926289e-06,0.00034768277611574305,0.0001323280703242613,0.0003113262327484323,7.722496722850636e-05,1.751514170655888e-05,5.857087484539836e-05,3.0216060387111554e-05,0.00021278544365965768,0.0005485374937516108,0.00019521376184794548,4.294719931352553e-05
0.933,0.00016694364355049896,8.384844694897531e-05,3.994035124632589e-06,0.0005485604967792046,6.431058087830177e-05,3.313657475989551e-05,0.00029456880617428904,0.00013095224465708988,0.00020391085141069354,7.141889189488104e-06,0.0003468394270975672,0.00013171315427551455,0.00031055095392140686,7.67355632677047e-05,1.7428500525884516e-05,5.830922748439882e-05,3.0031947827025007e-05,0.00021228381895055382,0.0005473427179841783,0.00019452188398649817,4.269174976667678e-05
0.934,0.00016644262596245406,8.33656283570905e-05,3.968177743729484e-06,0.0005471475869829323,6.408278945402301e-05,3.291089613888243e-05,0.00029376548859239016,0.0001305511965467021,0.0002033826989860099,7.104677262503856e-06,0.00034599831862580643,0.0001311016190251868,0.000309778372342584,7.62491056347514e-05,1.7342273505138728e-05,5.8048785900988165e-05,2.9848906055174318e-05,0.00021178351936890216,0.0005461514007621959,0.00019383328552846635,4.24377924356234e-05
0.935,0.00016594360910537898,8.288566285619137e-05,3.9424897463335995e-06,0.0005457386254745789,6.385589243829148e-05,3.2686649961699565e-05,0.00029296594229499817,0.0001301511975557723,0.0002028569893289811,7.067672664451408e-06,0.00034515941850010723,0.00013049343919169232,0.0003090084488155398,7.57655670043933e-05,1.7256456071645943e-05,5.778953626334182e-05,2.966692543426852e-05,0.0002112845216677428,0.0005449634887946253,0.00019314794557656612,4.218531246635848e-05
0.936,0.0001654465696319385,8.240851745311417e-05,3.916969976480722e-06,0.0005443335593838805,6.362987699470857e-05,3.2463823315120877e-05,0.00029217012633020456,0.00012975223224787058,0.00020233368836630738,7.030873577673624e-06,0.0003443226948346423,0.0001298885897260682,0.00030824114463900987,7.528492061814607e-05,1.7171043729447e-05,5.753146447118329e-05,2.948599661045659e-05,0.00021078680296859886,0.0005437789290991812,0.0001924658432241877,4.193429507248769e-05
0.937,0.00016495148453311015,8.193415960322525e-05,3.8916173722425285e-06,0.0005429323367230898,6.340473040999939e-05,3.224240345200968e-05,0.0002913780000671773,0.0001293542855633767,0.0002018127624099364,6.994278191063685e-06,0.00034348811619089314,0.00012928704574599603,0.00030747642163764244,7.480714003527122e-05,1.7086032135793516e-05,5.7274557137221294e-05,2.9306110368221283e-05,0.000210290340794006,0.0005425976693114176,0.00019178695774713095,4.168472576648874e-05
0.9380000000000001,0.00016445833105973028,8.146255732333074e-05,3.866430779542185e-06,0.0005415349061735908,6.318044028108538e-05,3.202237770505434e-05,0.00029058952336613597,0.00012895734259521507,0.00020129417813841144,6.957884683300719e-06,0.0003426556516832324,0.00012868878269400863,0.0003067142419774793,7.433219941976876e-05,1.700141683846912e-05,5.701880081743216e-05,2.9127257469396817e-05,0.000209795112851352,0.0005414196576358776,0.00019111126857396243,4.1436590187959865e-05
0.9390000000000001,0.00016396708680108119,8.099367928915413e-05,3.8414090929306255e-06,0.000540141217310719,6.295699429537116e-05,3.180373373046219e-05,0.0002898046563942769,0.00012856138877193057,0.00020077790268890894,6.921691410921582e-06,0.0003418252706419711,0.00012809377623190787,0.00030595456863258264,7.386007306164899e-05,1.6917193556342802e-05,5.676418251288062e-05,2.894942904796416e-05,0.00020930109728600765,0.0005402448427659357,0.00019043875515789566,4.118987414181152e-05
0.9400000000000001,0.00016347772961907147,8.052749460418784e-05,3.816551240820587e-06,0.0005387512202241762,6.27343804761038e-05,3.158645923617698e-05,0.00028902335972413873,0.00012816640970425563,0.00020026390353911072,6.885696493985627e-06,0.0003409969430839821,0.0001275020023264739,0.0003051973647064665,7.339073588941147e-05,1.6833358104872964e-05,5.651068932599479e-05,2.8772616130212647e-05,0.00020880827257896417,0.0005390731740598786,0.000189769397250239,4.0944563681977186e-05
0.9410000000000001,0.00016299023769824616,8.006397294557654e-05,3.791856235668689e-06,0.0005373648659583452,6.251258682354877e-05,3.137054213087076e-05,0.0002882455943369333,0.00012777239132888418,0.0001997521486822862,6.8498983160081295e-06,0.0003401706392451853,0.00012691343712079028,0.00030444259416362307,7.292416314441663e-05,1.6749906378121793e-05,5.6258308728018847e-05,2.8596810008885143e-05,0.0002083166175533835,0.0005379046012375932,0.00018910317454690073,4.0700645079883024e-05
0.9420000000000001,0.00016250458949851888,7.960308443777375e-05,3.767322936387707e-06,0.0005359821062379533,6.229160178083948e-05,3.1155970616758566e-05,0.00028747132146200727,0.0001273793197983375,0.00019924260638370939,6.8142952052152594e-06,0.00033934632989063296,0.00012632805703605143,0.0003036902211503989,7.246033055230416e-05,1.6666834283252108e-05,5.60070284003622e-05,2.8422002077421737e-05,0.00020782611126435313,0.0005367390746570111,0.00018844006705320826,4.0458104746399215e-05
0.9430000000000001,0.00016202076379321362,7.914479990667189e-05,3.7429503242369933e-06,0.0005346028934871683,6.207141389391602e-05,3.094273289250271e-05,0.0002867005029575376,0.00012698718153769661,0.0001987352453728386,6.77888556088746e-06,0.0003385239861650735,0.00012574583881053147,0.0003029402104302026,7.19992140678638e-05,1.658413785232682e-05,5.5756836207176974e-05,2.8248183940648985e-05,0.0002073367332073861,0.0005355765452237371,0.0001877800546818964,4.0216929343972474e-05
0.9440000000000001,0.00016153873962841957,7.868909057406892e-05,3.718737381808168e-06,0.0005332271808844435,6.185201183395161e-05,3.0730817498381136e-05,0.00028593310069646716,0.00012659596326469735,0.0001982300347455057,6.743667661179842e-06,0.0003377035796416905,0.00012516675940021926,0.0003021925273165582,7.154079017335224e-05,1.6501813208558147e-05,5.550772039897289e-05,2.8075347136558015e-05,0.00020684846312346572,0.0005344169642874652,0.00018712311763635636,3.9977105704691596e-05
0.9450000000000001,0.00016105849635411618,7.823592814859559e-05,3.694683120336606e-06,0.0005318549222157465,6.163338462372714e-05,3.0520212948026426e-05,0.0002851690772031068,0.00012620565191467925,0.00019772694402819813,6.708640086450224e-06,0.00033688508232943004,0.0001245907959429582,0.00030144713743496254,7.108503575181668e-05,1.6419856398552923e-05,5.52596693308427e-05,2.7903483567071063e-05,0.00020636128117035302,0.0005332602837280209,0.0001864692362580911,3.973862088135771e-05
0.9460000000000001,0.00016058001359179342,7.778528500379522e-05,3.670786478005006e-06,0.000530486072140457,6.14155212718126e-05,3.0310908136321757e-05,0.00028440839527532624,0.0001258162346722269,0.00019722594302429286,6.6738010512379375e-06,0.0003360684665922875,0.0001240179259373031,0.0003007040070219791,7.06319280062706e-05,1.6338263759907434e-05,5.50126716718502e-05,2.773258510302412e-05,0.0002058751677177506,0.0005321064560553923,0.00018581839081044382,3.950146210618399e-05
0.9470000000000001,0.0001601032712683248,7.733713394364461e-05,3.6470464598314933e-06,0.0005291205859019321,6.119841117691038e-05,3.0102891982020097e-05,0.0002836510180699303,0.00012542769906243034,0.00019672700208128724,6.639149169651581e-06,0.0003352537052268012,0.00012344812707543174,0.00029996310269653215,7.01814445783766e-05,1.6257031546396128e-05,5.476671625981311e-05,2.7562643784784235e-05,0.00020539010349085451,0.0005309554341125233,0.0001851705619518862,3.926561679545859e-05
0.9480000000000001,0.00015962824956303746,7.689144822020655e-05,3.623462094815011e-06,0.0005277584194179896,6.098204384674677e-05,2.9896153678321546e-05,0.00028289690902894016,0.00012504003268665187,0.00019623009178504347,6.6046829140242735e-06,0.00033444077146826956,0.00012288137726368387,0.0002992243914781145,6.973356340445047e-05,1.6176156099834138e-05,5.452179230158727e-05,2.7393651821139287e-05,0.0002049060695137328,0.0005298071714481267,0.00018452573023286511,3.903107255620597e-05
0.9490000000000001,0.0001591549289888361,7.644820173580147e-05,3.6000324344920287e-06,0.0005263995293791623,6.0766408976675734e-05,2.9690682461613882e-05,0.0002821460320195923,0.00012465322364285658,0.00019573518333404483,6.570400828853629e-06,0.0003336296388535276,0.00012231765475934075,0.00029848784104613557,6.928826285035328e-05,1.609563393323299e-05,5.4277889122711365e-05,2.7225601566538415e-05,0.0002044230472364461,0.0005286616219305484,0.00018388387638867965,3.8797817276114976e-05
0.9500000000000001,0.00015868329029231076,7.600736887369841e-05,3.5767565053079764e-06,0.0005250438730651785,6.055149653538816e-05,2.9486467823081064e-05,0.00028139835131479884,0.00012426726012981781,0.00019524224793643352,6.5363013554975424e-06,0.00033282028137715525,0.00012175693799987286,0.00029775341935378563,6.884552167740754e-05,1.601546150964417e-05,5.4034996346929987e-05,2.7058485362441154e-05,0.00020394101821896715,0.0005275187400952674,0.00018324498141164547,3.856583895389676e-05
0.9510000000000001,0.0001582133145209441,7.556892434745777e-05,3.553633390773747e-06,0.0005236914084910671,6.033729660348541e-05,2.928349944475439e-05,0.00028065383141751,0.00012388213068514897,0.00019475125751866607,6.502383170348125e-06,0.0003320126734006612,0.00012119920559960917,0.0002970210948398666,6.840531907759129e-05,1.5935635455877062e-05,5.379310375996926e-05,2.689229579078134e-05,0.00020345996454085302,0.0005263784809020899,0.00018260902616507035,3.8335125817301474e-05
0.9520000000000001,0.00015774498296833861,7.513284369153883e-05,3.5306620526087684e-06,0.0005223420942696011,6.012379944053681e-05,2.908176705873622e-05,0.0002799124371666295,0.0001234978240527429,0.00019426218420037777,6.46864473541342e-06,0.00033120678970377515,0.00012064443656401025,0.000296290836354407,6.796763435934494e-05,1.5856152365545384e-05,5.355220151925799e-05,2.672702553840889e-05,0.00020297986836259607,0.0005252407998217468,0.00018197599185554303,3.81056662539514e-05
0.9530000000000001,0.00015727827726139676,7.469910257751344e-05,3.5078416258382816e-06,0.0005209958897091083,5.991099559932156e-05,2.8881260691671073e-05,0.0002791741339002174,0.0001231143292192982,0.00019377500055772767,6.435084848988026e-06,0.00033040260543415467,0.00012009261006562522,0.00029556261333540945,6.75324475060135e-05,1.5777009024997568e-05,5.331227986049569e-05,2.6562667485463543e-05,0.00020250071244098944,0.0005241056527994781,0.00018134585959961314,3.787744894601097e-05
0.9540000000000001,0.0001568131792173577,7.426767734008966e-05,3.4851711878669533e-06,0.0005196527547455254,5.9698875694236264e-05,2.8681970492328013e-05,0.0002784388871303056,0.0001227316354809327,0.00019328967940079878,6.401701988734132e-06,0.0003296000960283374,0.00011954370545408377,0.0002948363955620481,6.709973858542995e-05,1.5698202139091677e-05,5.307332939508136e-05,2.6399214482109024e-05,0.00020202247953426955,0.0005229729962863416,0.0001807186108249148,3.765046259462945e-05
0.9550000000000001,0.00015634967099000807,7.383854492803987e-05,3.462649797669748e-06,0.0005183126500080126,5.9487430626115056e-05,2.8483886707730832e-05,0.0002777066627454028,0.0001223497323692424,0.00019280619408434951,6.368494902098121e-06,0.0003287992374876314,0.00011899770248446906,0.00029411215304020466,6.666948819666896e-05,1.561972861163774e-05,5.283534081756969e-05,2.623665957901533e-05,0.00020154515282033714,0.0005218427873289189,0.00018009422697895516,3.742469628609246e-05
0.9560000000000001,0.00015588773496905128,7.341168247687602e-05,3.440276583388524e-06,0.0005169755366548623,5.927665147509309e-05,2.8286999859794548e-05,0.0002769774269631986,0.00012196860970514756,0.00019232451823625318,6.335462214956955e-06,0.0003280000059007193,0.0001184545809590487,0.0002933898565657955,6.62416772930774e-05,1.5541585451694928e-05,5.259830505954799e-05,2.607499603590746e-05,0.00020106871586733632,0.0005207149832648916,0.0001794726896235943,3.720013918984133e-05
0.9570000000000001,0.00015542735381041673,7.29870678827238e-05,3.4180506665038024e-06,0.0005156413765048384,5.9066529499718357e-05,2.8091300421695387e-05,0.00027625114640350557,0.00012158825749231106,0.0001918446257841433,6.302602684082892e-06,0.0003272023780948041,0.00011791432110741518,0.00029266947714456926,6.581628693180797e-05,1.5463769487022994e-05,5.236221342630465e-05,2.5914217061440148e-05,0.00020059315237297426,0.0005195895421401531,0.00017885398038797184,3.69767807143484e-05
0.9580000000000001,0.0001549685104279608,7.256467930749633e-05,3.3959711043252128e-06,0.00051431013209291,5.885705603192459e-05,2.7896779334457555e-05,0.000275527787929164,0.00012120866600273672,0.0001913664911252777,6.2699150358280775e-06,0.0003264063308769938,0.0001173769032480898,0.0002919509861405434,6.539329886334766e-05,1.5386277865014897e-05,5.212705722845712e-05,2.5754316156145762e-05,0.00020011844644585164,0.000518466422262498,0.00017823808111760986,3.675461039054362e-05
0.9590000000000001,0.00015451118801703133,7.214449553893942e-05,3.374037047754186e-06,0.0005129817664396574,5.864822280887694e-05,2.7703427442737905e-05,0.00027480731877704834,0.00012082982589400881,0.0001908900889303622,6.237397997321814e-06,0.0003256118417526155,0.00011684230798092443,0.0002912343554487551,6.49726948727114e-05,1.530910769786953e-05,5.1892828171640204e-05,2.559528671530753e-05,0.00019964458242249794,0.0005173455826393836,0.0001776249737449609,3.6533618017253744e-05
0.96,0.0001540553700056846,7.1726495723623e-05,3.352247623600313e-06,0.0005116562432231353,5.8440021556416255e-05,2.751123576794079e-05,0.0002740897064246184,0.00012045172783370361,0.00019041539423048093,6.205050362750875e-06,0.00032481888834445805,0.0001163105161476885,0.0002905195574636199,6.45544572207557e-05,1.523225622945823e-05,5.1659518106816904e-05,2.543712249103436e-05,0.00019917154500226353,0.0005162269825765842,0.00017701464021091518,3.63137935738278e-05
0.961,0.00015360104009512487,7.131065946897053e-05,3.3306019885381843e-06,0.000510333526758,5.8232444263839334e-05,2.7320195668867342e-05,0.0002733749187768808,0.00012007436297634122,0.00018994238245539918,6.172870937626307e-06,0.0003240274487308348,0.00011578150885727112,0.00028980656471644384,6.413856852682809e-05,1.5155720630932734e-05,5.142711904859709e-05,2.527981721833772e-05,0.000198699319030049,0.0005151105819724,0.00017640706275190432,3.6095127124435855e-05
0.962,0.0001531481822238001,7.089696685613767e-05,3.309099289805495e-06,0.0005090135819129094,5.8025483140489165e-05,2.713029849632509e-05,0.000272662923966549,0.00011969772255182587,0.00018947102931876625,6.14085855499269e-06,0.000323237501343665,0.00011525526734990077,0.00028909535034704614,6.37250116164445e-05,1.5079498194792151e-05,5.119562329791716e-05,2.5123364788437463e-05,0.00019822788978463013,0.0005139963411779913,0.00017580222345570107,3.587760903167592e-05
0.963,0.00015269678060251258,7.048539846832291e-05,3.2877386609841963e-06,0.000507696374144162,5.781913050839638e-05,2.694153574012148e-05,0.00027195369047738893,0.00011932179820783873,0.00018900131086252436,6.109012018806759e-06,0.0003224490249815748,0.00011473177321352779,0.0002883858877242851,6.331376971124847e-05,1.500358644879185e-05,5.096502331514152e-05,2.496775914839766e-05,0.00019775724270110207,0.0005128842210068152,0.0001752001048478391,3.566122986298215e-05
0.964,0.0001522468196682891,7.007593523100653e-05,3.266519278621871e-06,0.0005063818694652777,5.7613378859677766e-05,2.6753899173503903e-05,0.0002712471870633948,0.00011894658168010164,0.00018853320358502845,6.077330210074727e-06,0.00032166199869343437,0.0001142110081610026,0.00028767815083685644,6.290482635484818e-05,1.4927982692314323e-05,5.07353118055498e-05,2.48129944370179e-05,0.00019728736360269394,0.000511774182706759,0.00017460068926955508,3.5445980259063425e-05
0.965,0.00015179828411813202,6.96685586114576e-05,3.2454403323667336e-06,0.0005050700345765602,5.740822096322873e-05,2.6567380535080787e-05,0.00027054338285570356,0.00011857206499610307,0.00018806668415971561,6.045812056210131e-06,0.0003208764019740906,0.00011369295416796543,0.00028697211384043353,6.249816526515684e-05,1.4852684492083768e-05,5.0506481645617995e-05,2.4659064877474712e-05,0.00019681823852479852,0.0005106661881005836,0.00017400395928790502,3.523185110010374e-05
0.966,0.00015135115889061134,6.926325034406489e-05,3.2245009800035973e-06,0.0005037608365872082,5.720364965888791e-05,2.6381971919064995e-05,0.0002698422473005335,0.00011819824047554217,0.0001876017296824628,6.014456397807066e-06,0.00032009221465156834,0.00011317759348727918,0.00028626775138040905,6.209377069776867e-05,1.4777689441913822e-05,5.027852590666626e-05,2.450596472924893e-05,0.00019634985368410796,0.00050956019938031,0.00017340989765679549,3.50188334505841e-05
0.967,0.00015090542915451865,6.885999284178546e-05,3.203700410514543e-06,0.0005024542432535695,5.699965797445472e-05,2.6197665332405862e-05,0.0002691437499618976,0.0001178251006794806,0.00018713831751815402,5.983262107545073e-06,0.0003193094168338906,0.00011266490847638977,0.00028556503847665393,6.16916269740031e-05,1.4702995073445635e-05,5.005143785030697e-05,2.435368851116948e-05,0.00019588219581057054,0.0005084561792801923,0.000172818487124915,3.4806918599028513e-05
0.968,0.00015046108034332816,6.845876871319767e-05,3.183037836196334e-06,0.0005011502229382847,5.6796239177536734e-05,2.601445312089279e-05,0.00026844786099622375,0.00011745263829510133,0.0001866764254371267,5.952228283589989e-06,0.0003185279889864612,0.00011215488181604005,0.00028486395048277213,6.129171889102114e-05,1.462859918033299e-05,4.98252109467634e-05,2.420223071508687e-05,0.00019541525172872554,0.000507354090881762,0.00017222971056018999,3.45960978792581e-05
0.969,0.00015001809808988243,6.805956105060407e-05,3.1625124382594905e-06,0.000499848744464626,5.659338657426627e-05,2.583232763908594e-05,0.00026775455060390474,0.0001170808464076023,0.00018621603149959753,5.921353759430481e-06,0.0003177479119341742,0.00011164749633907345,0.00028416446315526755,6.089403140840943e-05,1.4554499438546031e-05,4.959983883112695e-05,2.4051585931550434e-05,0.00019494900847571994,0.0005062538979112574,0.00017164355100574014,3.438636292940611e-05
0.97,0.00014957646830405236,6.766235338317994e-05,3.1421234274464638e-06,0.0004985497772727054,5.639109382127305e-05,2.565128151221785e-05,0.00026706378941498965,0.00011670971823463105,0.00018575711402080142,5.890637567840251e-06,0.00031696916681056564,0.00011114273513423978,0.0002834665525920377,6.0498549877663343e-05,1.448069367693261e-05,4.937531540327722e-05,2.390174892386021e-05,0.0001944834535509976,0.0005051555644248751,0.00017105999152045026,3.4177705511062584e-05
0.971,0.00014913617710605176,6.726712960436476e-05,3.121870050248887e-06,0.0004972532913307681,5.6189354615932e-05,2.5471307358748696e-05,0.0002663755482951169,0.00011633924726428546,0.00018529965171532048,5.860078673758373e-06,0.00031619173507535514,0.0001106405814975675,0.00028277019528299974,6.010525983668469e-05,1.4407179748099352e-05,4.9151634624378104e-05,2.3752714669367236e-05,0.0001940185745437084,0.0005040590549943991,0.00017047901538858046,3.397011755135182e-05
0.972,0.00014869721083751175,6.687387404746836e-05,3.101751479772652e-06,0.0004959592570661364,5.5988162832698585e-05,2.5292398018406104e-05,0.00026568979846119944,0.0001159694272485634,0.0001848436235378781,5.829676133495276e-06,0.00031541559853032197,0.00011014101890172157,0.000282075368071677,5.9714147129352746e-05,1.4333955593692771e-05,4.892879076956458e-05,2.360447793148257e-05,0.00019355435935630716,0.0005029643345734192,0.00016990060589172629,3.376359117535088e-05
0.973,0.00014825955609110153,6.648257141739222e-05,3.0817669838256734e-06,0.000494667645599689,5.5787512558858054e-05,2.511454645259814e-05,0.0002650065113670719,0.0001156002520341648,0.00018438900881678766,5.799428976938081e-06,0.0003146407392863315,0.00010964403109570142,0.0002813820481469831,5.9325197901305415e-05,1.4261019173344991e-05,4.87067782164452e-05,2.345703384087905e-05,0.00019309079617546576,0.0005018713687279241,0.00016932474644548723,3.355811860483726e-05
0.974,0.00014782319964805058,6.60932067370057e-05,3.061915746283006e-06,0.0004933784283537301,5.558739798139367e-05,2.4937745743081052e-05,0.00026432565875333935,0.0001152317159255345,0.0001839357871207259,5.769336199223929e-06,0.00031386713975045666,0.00010914960187824452,0.0002806902130141342,5.8938398563412875e-05,1.4188368559930886e-05,4.848559142744957e-05,2.3310377580965103e-05,0.00019262787336471465,0.0005007801233357645,0.0001687514205950258,3.3353692330595486e-05
0.975,0.0001473881285648071,6.570576557096697e-05,3.0421970519389774e-06,0.0004920915774733192,5.538781352343314e-05,2.4761989101951265e-05,0.0002636472126748002,0.00011486381322522998,0.00018348393839340282,5.73939697057213e-06,0.0003130947826748276,0.00010865771549273262,0.0002799998406007864,5.8553735744593105e-05,1.411600174672234e-05,4.8265225272459134e-05,2.3164504325823287e-05,0.0001921655796780497,0.0004996905648133598,0.00016818061202861223,3.315030493256099e-05
0.976,0.00014695433006399749,6.532023365257711e-05,3.0226100742325457e-06,0.0004908070655417207,5.5188753689039416e-05,2.4587269874865036e-05,0.00026297114546114386,0.00011449653860418074,0.00018303344275860667,5.709610263582299e-06,0.0003123236511691774,0.0001081683561641178,0.00027931090914123935,5.8171196364975586e-05,1.4043916965134073e-05,4.80456745345359e-05,2.301940943660874e-05,0.0001917039040113533,0.0004986026599675952,0.00016761230441053598,3.294794919472821e-05
0.977,0.00014652179163629486,6.493659722728307e-05,3.0031541981001553e-06,0.0004895248656257012,5.499021316823782e-05,2.4413581517612748e-05,0.0002622974297177283,0.00011412988687731218,0.00018258428079820366,5.67997528533315e-06,0.00031155372857227803,0.00010768150842865865,0.00027862339722473095,5.779076762291169e-05,1.39721123564307e-05,4.7826934380212904e-05,2.2875088360629903e-05,0.00019124283552529597,0.0004975163761783419,0.00016704648163190505,3.274661802898926e-05
0.978,0.0001460905009497082,6.45548428074294e-05,2.983828589098181e-06,0.0004882449513947673,5.4792186843344304e-05,2.4240917638529424e-05,0.00026162603834667397,0.00011376385315342574,0.0001821364332487141,5.650491062825225e-06,0.00031078499858594455,0.0001071971570044683,0.0002779372837289351,5.7412436877624096e-05,1.3900586157133965e-05,4.760899998812462e-05,2.2731536617692782e-05,0.0001907823636313477,0.000496431681134224,0.0001664831276393386,3.25463045445229e-05
0.979,0.00014566044588597006,6.417495738675338e-05,2.9646324529730705e-06,0.0004869672968199623,5.459466967461246e-05,2.4069271897353417e-05,0.00026095694442707096,0.00011339843270097294,0.00018168988117694962,5.62115680269315e-06,0.0003100174451926563,0.00010671528677475006,0.00027725254791055587,5.703619178587527e-05,1.3829336757309463e-05,4.739186670488227e-05,2.258874981453385e-05,0.00019032247795269797,0.000495348543067875,0.00016592222646560906,3.2347001953314525e-05
0.98,0.0001452316145875876,6.379692818936356e-05,2.945565184653276e-06,0.00048569187663305424,5.43976568587734e-05,2.3898638203956324e-05,0.00026029012151318476,0.00011303362102765835,0.00018124460597068737,5.5919716231978e-06,0.00030925105270385167,0.00010623588288583008,0.00027656916939911014,5.666202032617029e-05,1.3758362416016467e-05,4.7175530159204726e-05,2.2446723652813638e-05,0.0001898631684593699,0.0004942669306216008,0.0001653637623291182,3.214870359413702e-05
0.981,0.0001448039953373448,6.342074275877962e-05,2.9266259733429223e-06,0.00048441866581572235,5.420114368892559e-05,2.372901046177045e-05,0.0002596255432509853,0.00011266941378895723,0.00018080058921721154,5.56293470199698e-06,0.00030848580573061835,0.00010575893055975172,0.00027588712804771376,5.628991053530097e-05,1.3687661527317374e-05,4.695998599291151e-05,2.2305453946436238e-05,0.0001894044252629401,0.0004931868129283146,0.0001648077193956432,3.1951403162255865e-05
0.982,0.00014437757667528083,6.304638909193638e-05,2.907814123709329e-06,0.0004831476400342094,5.400512562392379e-05,2.3560382730547502e-05,0.00025896318361817716,0.00011230580693155634,0.00018035781289915676,5.534045168786861e-06,0.0003077216891889112,0.00010528441530255339,0.00027520640411315966,5.591985084563156e-05,1.3617232591189854e-05,4.6745230078748534e-05,2.2164936525737033e-05,0.00018894623874332606,0.0004921081595429255,0.0001642540821289451,3.175509422248535e-05
0.983,0.0001439523473277582,6.267385545011273e-05,2.8891289247656715e-06,0.00048187877527783307,5.380959820888709e-05,2.3392749252670875e-05,0.00025830301686946555,0.00011194279660131645,0.00017991625915370069,5.505302324904093e-06,0.00030695868824992534,0.00010481232273429342,0.00027452697819696503,5.5551829829081356e-05,1.3547074067421505e-05,4.653125839970684e-05,2.2025167400241408e-05,0.00018848859948683572,0.0004910309404929647,0.000163702834953261,3.155977068081128e-05
0.984,0.0001435282961898987,6.23031303497168e-05,2.8705696508701806e-06,0.00048061204804639157,5.361455718522201e-05,2.3226104221896193e-05,0.0002576450175537648,0.00011158037906955354,0.00017947591041678201,5.476705292273287e-06,0.00030619678843835096,0.00010434263869063543,0.000273848831054746,5.518583621288986e-05,1.3477184512833418e-05,4.6318067061013046e-05,2.188614259046595e-05,0.0001880314983623288,0.0004899551262179669,0.00016315396240018654,3.136542647008689e-05
0.985,0.0001431054124372333,6.193420273525874e-05,2.8521355448507535e-06,0.0004793474354453098,5.341999849284296e-05,2.3060442084332777e-05,0.0002569891604297103,0.00011121855096851707,0.00017903674955199733,5.448253306727935e-06,0.00030543597556176305,0.00010387534923883557,0.00027317194402287637,5.482185913896487e-05,1.340756251688724e-05,4.610565240703579e-05,2.1747858251819352e-05,0.0001875749264421689,0.0004888806876279794,0.00016260744922147463,3.117205575531301e-05
0.986,0.00014268368535741427,6.156706182414151e-05,2.8338259887572548e-06,0.000478084914880772,5.322591812639832e-05,2.2895757357366264e-05,0.00025633542056335834,0.00011085730890014744,0.00017859875943837533,5.419945645845914e-06,0.0003046762356895272,0.00010341044053419068,0.0002724962984749224,5.445988772523336e-05,1.333820671500785e-05,4.5894010808678054e-05,2.161031053360407e-05,0.00018711887499212043,0.0004878075960659256,0.00016206328010992532,3.0979652773988064e-05
0.987,0.0001422631044844691,6.120169711198997e-05,2.8156402304135852e-06,0.000476824464314185,5.3032312193002085e-05,2.2732044629880654e-05,0.000255683773269344,0.0001104966498419735,0.00017816192338926395,5.391781511265847e-06,0.0003039175552154161,0.00010294789892784095,0.0002718218763146929,5.40999115107299e-05,1.3269115785585761e-05,4.568313881070374e-05,2.1473495770973905e-05,0.00018666333557737502,0.0004867358233628938,0.00016152143996350787,3.078821195834358e-05
0.988,0.00014184365950991595,6.083809833357101e-05,2.797577571711507e-06,0.0004755660621406088,5.283917701426333e-05,2.2569298628094536e-05,0.0002550341941056633,0.00011013657090375162,0.00017772622487988166,5.363760167353959e-06,0.00030315992079432696,0.00010248771096699194,0.0002711486595897705,5.3741920053251846e-05,1.320028843232457e-05,4.547303310509232e-05,2.133741031795644e-05,0.0001862082998858039,0.0004856653416910328,0.0001609819137909918,3.059772782587622e-05
0.989,0.00014142534035877508,6.0476255666963574e-05,2.7796373565092125e-06,0.00047430968713446653,5.264650903591406e-05,2.240751418580711e-05,0.00025438665893773305,0.00010977706937365106,0.00017729164774749062,5.33588095208426e-06,0.00030240331939734855,0.00010202986335994257,0.0002704766307717321,5.3385903241220944e-05,1.3131723446191401e-05,4.526369052260115e-05,2.1202050596635935e-05,0.0001857537599746495,0.0004845961238384433,0.0001604446865974829,3.040819503863368e-05
0.99,0.00014100813710301585,6.011615945678006e-05,2.7618188482847472e-06,0.00047305531872554596,5.245430477962554e-05,2.2246686167459728e-05,0.00025374114382181734,0.00010941814273479622,0.00017685817599311093,5.308143084192807e-06,0.00030164773822360935,0.0001015743429744198,0.0002698057725774028,5.303185109728492e-05,1.306341965368052e-05,4.505510794428069e-05,2.1067413143782687e-05,0.00018529970792791062,0.0004835281428845484,0.00015990974359625376,3.0219608425530176e-05
0.991,0.00014059204001540815,5.9757800341952994e-05,2.744121413100764e-06,0.00047180293657833605,5.226256093371351e-05,2.2086809628119042e-05,0.00025309762511005474,0.00010905978864095278,0.0001764257938986491,5.280545888886046e-06,0.0003008931648246227,0.00010112113682347879,0.00026913606801937107,5.2679753847484356e-05,1.2995375865632042e-05,4.484728246190173e-05,2.0933494514596696e-05,0.00018484613620073365,0.0004824613723735105,0.00015937707008117918,3.003196286188725e-05
0.992,0.00014017703954727345,5.940116927150019e-05,2.7265442931190265e-06,0.00047055252085259625,5.207127430462144e-05,2.1927879633842906e-05,0.0002524560794479047,0.00010870200496315707,0.0001759944860072471,5.253088695811314e-06,0.0003001395870043666,0.00010067023209470172,0.0002684675004075432,5.232960182088853e-05,1.2927590993028204e-05,4.46402112307398e-05,2.0800291362088608e-05,0.000184393037427677,0.0004813957863286644,0.00015884665134136,2.9845253464610977e-05
0.993,0.00013976312634083053,5.9046257385397816e-05,2.709086906027558e-06,0.00046930405225009686,5.188044185755469e-05,2.1769891393241814e-05,0.00025181648362471165,0.00010834478969434791,0.00017556423707743019,5.225770808858776e-06,0.00029938699279341563,0.00010022161620681924,0.00026780005335824697,5.198138562434451e-05,1.2860063944963862e-05,4.4433891528417035e-05,2.0667800419649218e-05,0.00018394040442537563,0.00048033135924852033,0.00015831847293723555,2.9659475331955676e-05
0.994,0.0001393502911982425,5.869305613914744e-05,2.691748503202973e-06,0.0004680575117808061,5.16900605640469e-05,2.1612840180984527e-05,0.0002511788148195082,0.00010798814102086496,0.00017513503212118753,5.1985915563435015e-06,0.00029863537056895595,9.97752765332649e-05,0.0002671337107744698,5.163509605476957e-05,1.2792793757876453e-05,4.422832074191252e-05,2.0536018482508744e-05,0.00018348823016145488,0.00047926806602793803,0.00015779252036429714,2.947462381130972e-05
0.995,0.00013893852512451567,5.834155723771772e-05,2.674528468471493e-06,0.0004668128809477423,5.15001277137106e-05,2.1456721405188617e-05,0.00025054305036120716,0.0001076320573550893,0.0001747068564262877,5.171550323201934e-06,0.00029788470895553143,9.933120081873081e-05,0.00026646845680566855,5.129072399412404e-05,1.2725779356292932e-05,4.402349640408865e-05,2.0404942389418146e-05,0.00018303650796602788,0.0004782058819422508,0.00015726877931399041,2.929069430557263e-05
0.996,0.00013852781927118363,5.799175260956524e-05,2.657426121599471e-06,0.00046557014166725974,5.1310640516888384e-05,2.1301530513606615e-05,0.000249909167861162,0.00010727653718323182,0.00017427969545757982,5.144646409438458e-06,0.00029713499681727207,9.888937685875732e-05,0.00026580427598899004,5.094826053531065e-05,1.26590198481491e-05,4.3819416123414e-05,2.0274569058731373e-05,0.00018258523124536907,0.00047714478277627315,0.00015674723553416037,2.910768229691385e-05
0.997,0.00013811816497416585,5.7643634413739875e-05,2.640440743273409e-06,0.0004643292762378515,5.1121596401748626e-05,2.114726302282488e-05,0.00024927714518252486,0.00010692157919911516,0.00017385353497267886,5.1178792072059665e-06,0.0002963862233744674,9.844979256112829e-05,0.0002651411530336656,5.0607696920779155e-05,1.2592514313514158e-05,4.361607760117181e-05,2.0144895476192914e-05,0.00018213439362324557,0.0004760847448369576,0.0001562278748976631,2.8925583463568216e-05
0.998,0.00013770955372716665,5.7297195053096495e-05,2.6235717389688773e-06,0.00046309026745960935,5.093299288916331e-05,2.0993914586875384e-05,0.0002486469604210395,0.00010656718224333339,0.00017342836088585223,5.091248125310699e-06,0.00029563837801160897,9.801243602847176e-05,0.00026447907294013806,5.026902454141613e-05,1.252626180892058e-05,4.3413478641118886e-05,2.0015918678617517e-05,0.00018168398901940996,0.0004750257446255457,0.00015571068333197768,2.87443935128584e-05
0.999,0.0001373019772134887,5.6952427151424345e-05,2.6068184502126e-06,0.0004618530984968894,5.0744827656101776e-05,2.0841480885325225e-05,0.00024801859188183784,0.00010621334534610671,0.00017300415943488634,5.06475247541438e-06,0.00029489145040906273,9.757729554848993e-05,0.0002638180210743357,4.9932234964633615e-05,1.2460261552882379e-05,4.321161715148403e-05,1.9887635784199276e-05,0.00018123401143099738,0.00047396775931651813,0.00015519564692523247,2.856410833373957e-05
1.0,0.00013689542725421334,5.660932361117865e-05,2.5901801806726965e-06,0.0004606177528859723,5.055709841239597e-05,2.06899576853381e-05,0.0002473920182478606,0.00010586006764023992,0.00017258091698857392,5.038391738265702e-06,0.0002941454305636082,9.71443594118826e-05,0.00026315798299147986,4.959731987730365e-05,1.2394512676983105e-05,4.3010491177497556e-05,1.976004391379682e-05,0.00018078445508451502,0.00047291076637301366,0.00015468275178120994,2.8384723842478365e-05
