T,M,a,b,c,d,e,f,g,h,i,j,k,l,m,n,o,p,q,r,s,t
0.0,0.11966408056610903,0.12120024994289191,0.13058338448432694,0.1291045182524332,0.12340443018557434,0.1436918437925081,0.11913442517313855,0.10625411769686144,0.1226658918563962,0.09620036034657575,0.12674737395300695,0.1058952446875252,0.12011117526995674,0.11833358623444945,0.11980834419189079,0.1104997519002755,0.11973482334037211,0.13742304997929722,0.11584689974327878,0.10566522953464696,0.12097691075677486
0.001,0.11707797839007819,0.11648902955293172,0.1286401317484136,0.1271662239623308,0.12240509609384198,0.1420826025251387,0.11663338026290415,0.10430353776057244,0.11967336283362806,0.09366468722466181,0.12224607724876546,0.10452607478848319,0.11586983198307632,0.11834569490005697,0.11775418981645114,0.10919826694587242,0.11464000222454862,0.13337214775415973,0.1141341553331705,0.1027519028975844,0.11766317194497244
0.002,0.11409675852432435,0.112104167474806,0.12512986614079735,0.12335971943256274,0.11833704490695951,0.13882349601795219,0.11334786343225944,0.10362612471347177,0.11441093263084567,0.09108045176071122,0.11943537040135377,0.10152879184811026,0.11271175785954435,0.11437865965506622,0.11483401456171916,0.1070491934423039,0.11207039724175405,0.1314142373185152,0.11267422002719996,0.10044133779789699,0.11517752382265667
0.003,0.1106562476350618,0.10833788464326122,0.12361402886581019,0.11945423936828414,0.11577886246877478,0.13357222445569783,0.11071626195298512,0.09992196587203928,0.112229088375983,0.08842359875051742,0.11543962190236357,0.09851568647941078,0.11033381860913827,0.11246296183618998,0.11081895912167228,0.10315546156954136,0.10784849322667367,0.12641769876314102,0.10746654469330919,0.09666498628353115,0.11195256546291155
0.004,0.10962547816631518,0.10789309134900171,0.12016833426846318,0.11889694472242995,0.11309273460828073,0.1338874302813211,0.10825838502044538,0.10171866438345023,0.10761223393366226,0.0870924660827661,0.11596874617643338,0.0969030741282858,0.10725538232228082,0.10918528707449149,0.10898532752065204,0.10350193529059193,0.10906752855376944,0.1263810036587707,0.1080230876051892,0.09741122052170303,0.11120668582431525
0.005,0.10894385870499335,0.10635564001299558,0.11695055477257055,0.11839042110923526,0.11192492103635743,0.1343243314220265,0.10545822884759448,0.10055811559846639,0.10654732430430824,0.08717222269036562,0.11629844633534969,0.09538363998565491,0.10577128155041626,0.10669992175336263,0.10883767484927331,0.10327509024547021,0.10981916546863546,0.12736120439444698,0.11043373159276615,0.09625237798198139,0.11106288014858978
0.006,0.1077848787885044,0.10427095860438174,0.11626907278962884,0.11788075103711304,0.11253666307814736,0.13413645703392563,0.10451878176089857,0.09900981675140108,0.10579261045456045,0.08587922460009956,0.11331597811422145,0.09530832640603959,0.10349893576381619,0.10779203687776095,0.10862564333933755,0.10300155019731316,0.10654141541101403,0.12426914762543295,0.10900417130693874,0.09480477607393634,0.10924125854412059
0.007,0.1071950565399274,0.1049897248370455,0.11505952004522668,0.11807421810220398,0.11235970055752553,0.13325700932586182,0.10272237038666843,0.09659452034901728,0.10632165438370855,0.08572935259047942,0.11395163866227975,0.09395879804688301,0.10256855576586721,0.10700735051442833,0.10733322079596341,0.10222010200456721,0.10776860728941873,0.12233414653880326,0.10747815554444629,0.09416021778183148,0.11001226727632263
0.008,0.10481680692191139,0.10309890973700864,0.1111908593812806,0.11675001398200324,0.11063406149803656,0.13030793108000838,0.098361269683656,0.09226359637762105,0.10452940495421459,0.08442024702455209,0.11320065374661004,0.09017544516123777,0.09948623420158187,0.10447314255127049,0.10441516497579961,0.10023452540505262,0.10753525810375364,0.11809370173206746,0.10531679407722017,0.09196192633609401,0.10988699842915939
0.009000000000000001,0.10093968770736081,0.10098324538154635,0.10705571503968836,0.1118899008113381,0.10368883552142405,0.12444023759612877,0.09404011220451314,0.09122152201551226,0.09803184590026048,0.08205621760682236,0.11310704506061287,0.08438199464667961,0.09703152148443861,0.0966985648626506,0.09769853890943625,0.09529133698539516,0.10729711359836236,0.11750699552155386,0.10191279926179164,0.0893728127979403,0.10508739894112107
0.01,0.09790406369872248,0.09784503461371064,0.10395457328018765,0.10879250698680742,0.0992541465152107,0.1206809810521503,0.0911676802174558,0.09077086318829486,0.09313888762394473,0.07933972585359172,0.11081149797327106,0.08143658278693444,0.09378379504093093,0.09296639510915072,0.09375758797060774,0.09273581927992824,0.10491220739977214,0.11500190763743567,0.09888280581893483,0.08763517827313883,0.10121309735299111
0.011,0.09552734163050998,0.09351562090735677,0.09955487230851134,0.10564284660744327,0.09565020948549008,0.11732482269366107,0.08755230270322134,0.08972937831583594,0.09038420851544782,0.07832163682224924,0.10989733065891083,0.07884575489997403,0.0922036342719369,0.08868788316376108,0.09176164633103046,0.08906485396751329,0.1029997567812897,0.11625395816208228,0.10037486433392417,0.08452053166382101,0.09826072001673936
0.012,0.09247564184747789,0.09165485011331298,0.09498643700559406,0.10434220055927224,0.09334846167238653,0.11396428683461779,0.08242228978691901,0.08496683044955766,0.08745835289747816,0.07696121157264013,0.10967802629765822,0.07364982001627007,0.08862244605310832,0.0848720816858034,0.08734071051862902,0.08580810904972291,0.10142837994006626,0.11329915842981952,0.09863403039656105,0.08090342824385921,0.09517172542628194
0.013000000000000001,0.0891104747267519,0.08953187952080488,0.09303006141879977,0.10010463930006219,0.09002948199929384,0.10844923711747889,0.07908652311935949,0.08156929501169652,0.08393407388633756,0.07475563125354245,0.10789208639890224,0.07018964992590826,0.08620279551492749,0.08149762955612228,0.0826202965349867,0.0820893619196904,0.10047081197277197,0.10785667424767187,0.09212376295077618,0.07931814304669349,0.09145745983921194
0.014,0.08609859147719719,0.08766946020637445,0.09178244222080667,0.09586634172618658,0.08813328371100537,0.10444182744463482,0.07631329455985403,0.07745188839355843,0.08157724493248864,0.07314243788333807,0.10519220514829264,0.06738425829858985,0.08416539896528374,0.07946359913643797,0.07917732336302807,0.07936299927659451,0.09841989582906219,0.1009585259453104,0.08588217934531595,0.07752377264125165,0.08806345051652975
0.015,0.0838201990849459,0.08506679385318439,0.08896844367243728,0.09423253551919475,0.08489000891041498,0.10152849214364756,0.07395638310006536,0.07677175851521312,0.07794445221880619,0.07094085779978099,0.10354191697868165,0.06523803647602089,0.0813652057291464,0.07684372418085306,0.07645179866753082,0.07766736436732735,0.09622924977833525,0.09934431934173693,0.08429455156935395,0.0761744002482807,0.08495368862890607
0.016,0.08274384393431011,0.08403065399334253,0.08776660111358958,0.09384859137930435,0.08362730140389962,0.10060584968927466,0.07346181589622591,0.07634176912852364,0.07648376209048335,0.06956497641787474,0.1014420258996358,0.06450108061798288,0.07954163254666136,0.07663120249473665,0.07571769186704613,0.07784776430450335,0.0941164101592391,0.09690570935995768,0.08290859303940634,0.07559068441313399,0.08394276287138036
0.017,0.07944581052509211,0.08116658389660736,0.08569978116932853,0.09008748771640551,0.07934662223303957,0.09621156656942964,0.07139921756171574,0.07537206451273715,0.07280388260323112,0.06591600735829362,0.09682517568183635,0.06298746716403814,0.076466472804822,0.07489131099450508,0.07261889772135888,0.07668474917495649,0.08955215153695006,0.0899158519549802,0.07632639251979356,0.07481792255424002,0.0798266047735734
0.018000000000000002,0.08705136545779674,0.08724272313758274,0.09551230603063354,0.09619549288990104,0.08864065299083101,0.10608064917452431,0.08108596046196859,0.08125493142466056,0.0837906224360161,0.07033636793304077,0.09956809679191714,0.07300534345432486,0.08390894583058706,0.08458993233121859,0.08197717428127105,0.083412891713455,0.09383694434788625,0.09736218789129625,0.08265865511958581,0.08010738438936504,0.09046004652586936
0.019,0.08808458310142872,0.08756789063488113,0.09768945021930875,0.0960518299934825,0.09135643159205054,0.10711211637753293,0.0825557200557211,0.07901945118770493,0.0877668755909603,0.07175314718480241,0.09964090172212936,0.07450494066389468,0.08567772689916597,0.08681778909014992,0.0839288362072429,0.08362276903213917,0.09425680274026194,0.0973859673096269,0.08279225898609344,0.07964827036638766,0.0925424861750378
0.02,0.08761250309296396,0.08610673140106317,0.09843007915201141,0.09473105509846258,0.0922896169838302,0.1062999296427044,0.0827030738818545,0.07610520703424706,0.08981484347658109,0.07193117055406106,0.09799256844309512,0.07471051212210178,0.08561218795346492,0.08776150882820843,0.08432255506863917,0.08267192140830915,0.0928449434650005,0.09565175711859208,0.08122279891951434,0.07830528932273928,0.09274231198479854
0.021,0.08778847567937749,0.08563891793753142,0.09942384428902618,0.0950643747379103,0.09262109787984318,0.10596501317481222,0.0835444065069606,0.07758288565579619,0.0903498188511982,0.0716192285631867,0.09680321801433278,0.07565772893934808,0.0857690885927207,0.08914135962803671,0.08494693087079264,0.08247930879796939,0.0911001815953576,0.09636242247131921,0.08113647734141738,0.07815048449215178,0.0924127252478385
0.022,0.08379647460832611,0.0823416961157104,0.09462962725550561,0.09090847335741281,0.08780744939305551,0.10136371991090787,0.07925310563817745,0.07376769836412089,0.08586718633375134,0.06844973353604056,0.09459699535881427,0.07133023491257318,0.08113878307506417,0.08442822879938727,0.08003031575762332,0.08005849888570704,0.08878625839841314,0.09009381839988029,0.07647677568334754,0.07594884078358788,0.08865205220744155
0.023,0.08035532915650302,0.07731279716259032,0.09457225896599541,0.0851096678849016,0.08497362223079663,0.09569356984477251,0.07727508007773565,0.06899175863490448,0.08539721314169113,0.06716249545081465,0.09050534651866116,0.06856989651350931,0.07938696242977339,0.08150377858375213,0.07651569585859896,0.07600956866687836,0.08454356247508144,0.08626040486449116,0.07053342901148241,0.07213484039448081,0.08465463441914856
0.024,0.07531876182360005,0.07143575697723403,0.09139618568236896,0.07769557553415662,0.07974698011028702,0.08934671004346828,0.07213721599173317,0.0636664109864079,0.08079937792571568,0.06452991832377775,0.08635656061734975,0.06355938372002434,0.07580962534169311,0.07490983407381946,0.07080466818743503,0.07199770379879189,0.0807162259725196,0.08063477209602943,0.0643782605735258,0.06767901578480184,0.07877505473086155
0.025,0.07546766845382961,0.07147681197949707,0.09094542116562387,0.0786053339623769,0.07999031673186707,0.08970769638839049,0.07255165480250758,0.0638213491661015,0.08118459467338346,0.06422903451365936,0.08605483656496449,0.06378276584279552,0.07519774602033402,0.07579477646320598,0.07135089863441624,0.07201470207156135,0.0801813718602209,0.0805102903247833,0.06490152317539677,0.06781675832762879,0.07923548640787759
0.026000000000000002,0.07379488806298311,0.06824990107657436,0.0884766746283403,0.07784456495324099,0.07922235241129372,0.08924908684138366,0.0718077086728851,0.06017296221927859,0.08047628561968145,0.06220032429145683,0.08319740734942294,0.062459009348395655,0.07121799002042362,0.0760276172890545,0.07087034348476318,0.0705760814253229,0.07725859186140627,0.0771252977374115,0.06444240002807822,0.06611347327415673,0.0789096887270917
0.027,0.07051833536051882,0.06434855326609967,0.08577102309704498,0.07381232945224048,0.07565999873747997,0.08525389118821936,0.06912155880740067,0.057271162222061855,0.07763883123043458,0.05964925224717155,0.0799827020846069,0.05937386574179104,0.0679003302454626,0.07255475260887834,0.06739017579833462,0.0680025116576507,0.07377814427903828,0.0733988379548507,0.06082279526673995,0.06337083813266531,0.07526515319220484
0.028,0.071565457609678,0.06542825051785206,0.08654173647866525,0.07580860058590044,0.07690214255772143,0.08600561466925216,0.07010878364361617,0.05861005168344957,0.07927072622822706,0.060253649569258494,0.08044248176150892,0.06044561125268577,0.06850804888995876,0.07444435380503256,0.0687907842435147,0.06829628403115795,0.07396825561296894,0.07466549934773048,0.06201201489688901,0.06412165273800019,0.07668460968017032
0.029,0.07038970167284227,0.06427439825003334,0.08483043289821235,0.07375194233794302,0.07590724380279368,0.08594494591325752,0.06796872051002445,0.0564981452685559,0.07654046408135018,0.059827301804079025,0.07981152512771073,0.05915690159625786,0.06753545545795414,0.07213417813301759,0.06752088994199645,0.06822278569736206,0.07423364947702715,0.07292932868611701,0.061713926403166974,0.06326250751938445,0.07572929055060162
0.03,0.06834391342002472,0.06186400689248994,0.0811368012326068,0.0716609840782948,0.07367737565835142,0.0848339785273895,0.06526153085316366,0.05387435492708026,0.07309067862410179,0.0581905970043024,0.07796408852701386,0.057280261010799194,0.0644517340265981,0.06983553536443132,0.06569758284283578,0.06778733920385382,0.07290021681372039,0.06964619974306197,0.06110268349968162,0.06203756958605344,0.07458474998466413
0.031,0.07008335190476991,0.06350889104924506,0.08428270208685029,0.07389796759617573,0.07657944456461563,0.08623209256554853,0.06660489860840546,0.055093009841155616,0.07595761150370584,0.06018588035280925,0.07872932417349321,0.05871057408363045,0.06676571181694324,0.072153631675694,0.06789091375562972,0.06756308645374065,0.07374499180138483,0.07240736137562531,0.06254811333392885,0.06250856725764398,0.07630226419917252
0.032,0.07088755706840832,0.06413931744273027,0.08689760358654164,0.0750030233035126,0.07865542683886373,0.08623344651073905,0.06701545527492514,0.05518804180313297,0.07843404144525401,0.062023790418300084,0.07790691847570619,0.05898630472061406,0.06847885873664172,0.07388401681826517,0.0695836841080173,0.06632349538594773,0.07325499874484565,0.07416859499232176,0.06308101867956961,0.06162607290353794,0.07686703117869953
0.033,0.0717287111610675,0.06526416871707741,0.08711069438070074,0.07617341785457565,0.07952678225133392,0.08712004313846922,0.06739516322700279,0.05618774828290174,0.07925904893461766,0.06280310173213732,0.0786336815838633,0.05973519157197005,0.0694498344207799,0.07481216713506422,0.07067773885888706,0.06691665472720953,0.07402291601957733,0.07529703922053843,0.06424899619553726,0.06214781170406003,0.07779202326504642
0.034,0.06991227225890027,0.06360523267494522,0.083606555801777,0.07459507957668732,0.07831343072991093,0.08598786547749926,0.06351633702423065,0.05360505685789452,0.07583185429576544,0.06256766696520533,0.07673127413959457,0.05771730154917254,0.0675677487887495,0.07221763844653595,0.06956919163471997,0.06581387022385077,0.07350183496050589,0.07279241375741974,0.06363719869323414,0.0603617411961026,0.0767061523842043
0.035,0.06812401079042935,0.06117760630815716,0.08218733218149143,0.07326514522750838,0.07687742966170741,0.08415328029375235,0.06221146143218692,0.05139091291437403,0.07448039132391826,0.06086822529163338,0.07430071269413308,0.05628242551735674,0.06482214584079005,0.07114064476502557,0.0681524520535326,0.06434169326573169,0.07036078949942459,0.07022624146935919,0.061839526604949735,0.05914095871054181,0.07526084075301243
0.036000000000000004,0.06885821095751252,0.062035401788400724,0.08018780800304848,0.07600584983599845,0.07839252936184926,0.08582983736182126,0.06113123771531093,0.05124741326099136,0.07478234160365227,0.061908544816812405,0.07429031895168825,0.057108378174459684,0.06451756785812379,0.07230384388298172,0.07027585321704177,0.06514319510245548,0.0700916725520272,0.0705737282401504,0.06427314262289263,0.05966696278088168,0.0773985920196626
0.037,0.0678017034760791,0.06127228717597655,0.08151348386949775,0.07328205136828536,0.0767262858486778,0.083335104409901,0.06113294225544608,0.05122798503533654,0.0745334180648154,0.061420255397003576,0.07335585949149315,0.05567828508626382,0.06514821068512211,0.07103607392768496,0.06861198172625294,0.06329072250676171,0.06991265168456717,0.07010092309162552,0.061768402134656064,0.05801556252258999,0.07467158323962464
0.038,0.06692336575344801,0.06085483919196699,0.07941072890526013,0.0725008195497252,0.07590277628969777,0.08232609400365909,0.058948085260847494,0.05051887806739819,0.07299457583405156,0.06169091369826152,0.07236119160943322,0.054613068759649996,0.0646147298974189,0.06973940162540304,0.06829129919602783,0.06243915555305335,0.06996130612133289,0.06912864883164649,0.061434536285500996,0.056761691155812755,0.07397457523281281
0.039,0.06498923509339345,0.0585539932549346,0.07733306693674069,0.0712979293384225,0.07444808769073574,0.08054344623001963,0.05699643069348004,0.048120724372883505,0.0710225736313207,0.060137467915646114,0.06987914520164462,0.05305757085631946,0.061701274344041934,0.06820839641962273,0.06685944123383625,0.06092636291155451,0.06680276731796697,0.06636386311653686,0.05961233059698434,0.055453011273099206,0.07246681853207859
0.04,0.06452256747203418,0.057627105835502346,0.07932115898607339,0.06949586601922209,0.07348348100123969,0.07904789014913849,0.0584293614156739,0.04837154286264567,0.07190434401035017,0.058630670308096544,0.06953346387161907,0.05263454411993995,0.06176139874126818,0.06822311872418096,0.06531543361963899,0.06023225424764567,0.06588415720794183,0.06625241431570539,0.05805121266888302,0.05512245094685553,0.07112948038906264
0.041,0.06472790318123356,0.05764946691915629,0.07899568630424458,0.07036846102593985,0.07380531576130056,0.07971509663886955,0.05878170815684336,0.04836127783579769,0.07219948796394171,0.05831754109095777,0.06976189094751517,0.0530110260981993,0.06120399150618239,0.06872708474494382,0.06561009520374461,0.060600277688728665,0.06520801627355166,0.0662247649874742,0.0586146595040975,0.05571163954916447,0.07169057542401802
0.042,0.06598522791274682,0.05945366988449441,0.07871547649238397,0.0716412416027451,0.07488719283333312,0.08129989956639283,0.05889084480964457,0.04990120423036859,0.0727033448592469,0.05977561028308975,0.07137939845701391,0.054049619079509004,0.06301026612785443,0.06938349196381055,0.06705406121898683,0.06186964579026277,0.0675544376938898,0.06795479818434313,0.060585843694663466,0.05647224621228186,0.07312226527062127
0.043000000000000003,0.06477589809865025,0.05822675455037385,0.07750817573208924,0.07057412684066067,0.07393549014099354,0.07981547507403153,0.05748080129531774,0.04854213221885395,0.07168354986391745,0.05920835565210991,0.06966979574880783,0.052871953700244334,0.06176683708742736,0.06842721905842386,0.06632918612145433,0.06059449596354838,0.06596516878086423,0.06641629042697761,0.059386514643563815,0.05517576985670081,0.07193986921664453
0.044,0.0660804271709313,0.0596635871737794,0.0776942439590882,0.07275090165062092,0.07562847275065276,0.08166036028505241,0.058309731251878216,0.04944003348778503,0.07342032090796546,0.06028403080269451,0.07055201119978927,0.05410933466684087,0.06290849192037729,0.07023702621254313,0.0684876832655047,0.06151554371347079,0.0661915423835554,0.06778443280801827,0.06147457616634466,0.05601862223474208,0.07347759657792263
0.045,0.06620677172931053,0.060228949981436575,0.0767598987985767,0.07272683997779728,0.0756795848532863,0.08154426810549908,0.05754065415461285,0.04976397315525016,0.07352378997449716,0.061232750966497385,0.07041298799946172,0.05394438846917893,0.06391335661380704,0.0702998767148666,0.06943487737901921,0.06126208435732228,0.06682051281199652,0.0681938435020395,0.06223731378335806,0.05522776529537077,0.07338771769233654
0.046,0.06610022016662062,0.05973953207746319,0.07846908972868805,0.07207002512538652,0.07534839909198354,0.08076264533031663,0.05897305300611344,0.050184585477549004,0.0746641448766342,0.06005625645590018,0.07022487072386063,0.05396600053983813,0.06368966766114592,0.07111162049685982,0.06856041516479938,0.060862264510806896,0.06551561571939235,0.06838126543697132,0.061267774976440426,0.055484414004483895,0.0726727629277788
0.047,0.06520739132365422,0.05865581773480111,0.078550568859307,0.07069544846636777,0.07402890163550135,0.07929852692954331,0.058918887897611016,0.04999509658594381,0.07399192028626933,0.0586975075035735,0.06972066178553016,0.05321537057350889,0.06257976009565436,0.07018381894031989,0.06672766985512346,0.06013424881089646,0.06466356232112636,0.06753735741855094,0.05976198893009699,0.055212162098501216,0.07157854974485756
0.048,0.06561717031069676,0.05914867348550834,0.07750913561566275,0.07212690489224194,0.07510896326914407,0.08063360728280256,0.058516474997726386,0.049672205778680034,0.07436733406416074,0.059272635629652015,0.06960084144280387,0.053699324612038635,0.06252352759860202,0.07095737334345975,0.06830976625437046,0.06049935349943003,0.06401804916046427,0.06747583837461846,0.061156936840141896,0.0553768972125569,0.07236956285986984
0.049,0.06444341353912637,0.058245002629873976,0.07773602821633696,0.07056341614702932,0.0737097470492819,0.07785913596678029,0.05867968681601432,0.05007499174396923,0.07557400088249755,0.05771814043847412,0.06767687373721154,0.05252048082103755,0.06108532370470976,0.07208645263180247,0.06696410855395318,0.05778529436479418,0.060477675930673214,0.06700999763924154,0.05960563233106686,0.05382579329536874,0.06967048788241081
0.05,0.06302933171697889,0.05712167080036057,0.07555015033134005,0.0685635077040615,0.07238391095137242,0.07595699549760193,0.05687253543711046,0.04918731780702068,0.07441711897830028,0.0572147879605337,0.0654871071114892,0.051044588475205654,0.06030556643875917,0.07179909648639471,0.06670065635988598,0.055746272886307735,0.0581209678044009,0.06575050556775619,0.05932231007479705,0.05162861959090459,0.06741294807597509
0.051000000000000004,0.062485330831745144,0.05645021504327241,0.0731652984366834,0.06808733039737558,0.07281932715185535,0.07687637464058117,0.055513067673450545,0.04845385679285508,0.07313864788455116,0.05673518311256098,0.06468610766143101,0.05096910157866552,0.05964886061243613,0.07137864588589515,0.06787824840606216,0.05521795735026136,0.05618612632573816,0.0646715878880626,0.06040219906868871,0.05098073124120628,0.06644774948327015
0.052000000000000005,0.059651808142270425,0.05345927173866072,0.06975715373361102,0.06462055055671279,0.07059594714498907,0.07392081981883514,0.05227658418325931,0.044286350995637935,0.07082840980289584,0.05525611070598091,0.061036234464114325,0.04841441504812172,0.057403461550909474,0.06926695531857341,0.06654465359830364,0.05244104984229114,0.05271575334447032,0.060659887603856544,0.05835396186299591,0.04764826717169557,0.06355032435949359
0.053,0.055671068202018434,0.050133042803242045,0.06624430286844485,0.06021257153579174,0.06598771323021846,0.06786565111585552,0.04883117235074064,0.04054966976753249,0.06805522450581958,0.052403452541963436,0.05629753236312174,0.0446201165916027,0.053705294795894476,0.06670919155092336,0.06250913724267548,0.0478716776140935,0.04829708182985459,0.05605073119068793,0.05427619199219369,0.04368447082442728,0.05911713732528534
0.054,0.05455073625063628,0.048625574574694186,0.06373318104427361,0.05816177758407637,0.06485074153204462,0.06703043067801762,0.04736184652623954,0.04003557935052404,0.06611790719102995,0.051085213104728466,0.05525560833922638,0.043752405854522,0.05337879640470611,0.06562902072900634,0.062374187251454605,0.047080661154298986,0.04688004664560497,0.05494652361784769,0.054398195888923584,0.0426987598605727,0.05761826768093381
0.055,0.05290081319951091,0.04680183565085394,0.06158995791434119,0.056878114091316045,0.06497212497889215,0.0669510678363816,0.04509074464798035,0.036657761755287566,0.06456944010954047,0.05005820338534339,0.053474314862610006,0.04296352034982909,0.0510640361267336,0.06335767896691824,0.061796010745739816,0.04549125218314043,0.0441587092789294,0.051862384537735506,0.0526968731277484,0.04136015365403878,0.056222079786858226
0.056,0.05332471897034215,0.04672115498254503,0.061195880273565484,0.05657096399729156,0.06500547602408735,0.06759954351390485,0.04529474375418863,0.03771524234630841,0.06418765193973797,0.050077321612049586,0.05414376690424949,0.04324554101204703,0.05224923328825215,0.06356779230301357,0.06260024066861702,0.04641169096459108,0.04507689161304829,0.05267178049532861,0.05395140967350376,0.04163115885785862,0.056576895182654297
0.057,0.05534663329946685,0.04856870227057586,0.06314438314254223,0.058505504090529126,0.06622118556140733,0.06935383362690384,0.047298887514456434,0.04026416610235839,0.06573301053442027,0.051869449566774195,0.05639024953647109,0.04457930138993127,0.054626832046617224,0.0653029022550311,0.06414438817763457,0.048921499587211925,0.048354307984292966,0.05531935588415926,0.05602198113308021,0.043201272568031523,0.05911145301690801
0.058,0.05232192028209681,0.045995565310315345,0.06053070848524367,0.05590702139409487,0.06414080014099466,0.06648993247023283,0.04442178205663405,0.03711881169181663,0.06328787661783997,0.04899822574848367,0.05325388288306221,0.04251935641730176,0.05067846322653735,0.06241519254461236,0.061063649762407746,0.04518509430360351,0.043574275078971825,0.05167282564117259,0.05263811107339933,0.04114027173426238,0.05540655906094949
0.059000000000000004,0.053630688540421356,0.04645424281447541,0.06073816675373833,0.05634742034569751,0.0649279767909251,0.06832415321563168,0.04536104862272461,0.0392811804166775,0.063303098254895,0.04964451479920606,0.05497946788602015,0.04340427396001789,0.053054730201197,0.06331062640190777,0.0628571868283001,0.04728591512934188,0.04569396492670286,0.05358585158595708,0.05514068547538842,0.042154697279579656,0.05676456912004313
0.06,0.05289912101649573,0.046541704989488064,0.05996933085235323,0.05636954468082889,0.06358752468575934,0.06674986321067444,0.04478546240966885,0.0415609451920802,0.061509489774229986,0.04788428194243877,0.05497623469077817,0.04252041087282288,0.051891988761354146,0.06206323141441994,0.06077432658011628,0.045925184624616144,0.04437302788050612,0.05424331314897057,0.054467448700668,0.042738606645818744,0.05505049927232197
0.061,0.054032829413958386,0.046497362402903475,0.05997044697570186,0.05638053706794299,0.06379606944965299,0.06793003217409943,0.04570671446789909,0.044207224508762355,0.060909188768635714,0.04805436060902135,0.05644087432872413,0.04260755715934017,0.05469922756461265,0.06325946572848407,0.062326785349514746,0.048040773549970495,0.04643555134002708,0.056162310010496874,0.05715459036203774,0.04381922429046281,0.05625829217087763
0.062,0.05628723616112221,0.048862665880836875,0.06243083298478602,0.05893032715993485,0.06545911045610475,0.07007517790077078,0.048139477031108435,0.04742954428065782,0.06245046863292214,0.04991253230238046,0.059139235069682106,0.04415820431937989,0.056778438361846706,0.06488726480592555,0.06341719316585914,0.05053150773360382,0.04974460319927021,0.05926751744644965,0.05901002855560189,0.046192838514941714,0.05892775542038131
0.063,0.055338105006473313,0.048438988273090566,0.061410226222756936,0.058109446420175126,0.06379956306134615,0.06761593831663593,0.04738332725199279,0.048206269315761774,0.06076709114804024,0.04890695933215783,0.058211811443573236,0.04264435697740776,0.0562345565608221,0.06398818305331477,0.06181967472050687,0.04956935134495055,0.048950749422253303,0.05884924311884965,0.05773986592203706,0.046215170847860754,0.0579013273759329
0.064,0.05677478061944126,0.050069736010172505,0.06299968118688315,0.05903686934382868,0.0632332018009919,0.0669944612963127,0.04917087968249745,0.05234361957916933,0.060501637262472596,0.050082270616172764,0.06025574803546663,0.042597530457773036,0.058309592379904074,0.0646619777507017,0.06087512303968923,0.05180248123170106,0.05295364372984801,0.06196451502964073,0.05816051636594566,0.04915540432970544,0.060326723259948256
0.065,0.05506508638783118,0.048177080405652606,0.06085506949479169,0.055932113741161915,0.06027070092294773,0.06308212585720052,0.04755706726423281,0.05188651529121946,0.05798480118497418,0.04896048744249493,0.05854618184354177,0.04005121903419118,0.05768901326399034,0.0638147132000132,0.05855239391805245,0.05074009675071611,0.052357237434506154,0.060750020813482575,0.0563073940557145,0.048419110251505915,0.059368385586233585
0.066,0.05334847188466322,0.046747363215518534,0.05902220812456793,0.054714357964250504,0.05945273662967421,0.06151627348671562,0.04600222319786651,0.049574499718998855,0.057021888172361423,0.04738551459950502,0.056005311614956144,0.03872349210225101,0.05590602246277521,0.06292568020108025,0.05809827082859331,0.04861292537253348,0.04893497220865639,0.05801739683793372,0.054982806076385504,0.04626981108073713,0.05705568379790349
0.067,0.05407878702562301,0.047559913285746824,0.06039535697686005,0.055319513228061834,0.059559709898040825,0.061616147472055904,0.046787226591780806,0.05055477954666421,0.05770997473850026,0.04851248209659509,0.05728413908341734,0.039347450867571965,0.0563702159258368,0.06283939332669208,0.057424854741418785,0.04960571721648488,0.05109885232273004,0.05926584420297221,0.05459737603288739,0.04742775942512878,0.05829903353301402
0.068,0.052719437540989636,0.04662439653746908,0.05862880194050313,0.05447453372229538,0.05856796267099884,0.06017629561966287,0.04536472670780989,0.04970558913024192,0.055857002366145325,0.0470723395793029,0.055610241997670506,0.03811863052725373,0.05514352751380225,0.06137465802229192,0.05667170744695549,0.04805099930196499,0.04873963062846054,0.057551384410586603,0.05364220107833817,0.046589055145314195,0.05642506647272494
0.069,0.051662540427350766,0.04622033890269828,0.05825151061838074,0.05433740270976517,0.05794825194193298,0.05879755493436556,0.044482142724646456,0.04798665841428762,0.05601717482689916,0.046556932307815435,0.054249176264213106,0.037679868028923535,0.05349443046603952,0.0601516347929536,0.05573689423066841,0.04643614486907399,0.04689898464806941,0.05579593329246946,0.05179944591290253,0.04533787671169742,0.05507245194921295
0.07,0.0529500377542675,0.04715833895659949,0.060301452265987265,0.05565158292255157,0.059471909461922934,0.061083721702767435,0.04588540458624224,0.04794618863163136,0.05855058291209725,0.04782699921790878,0.05581938991639279,0.039497157439431496,0.05380386448638097,0.061402003959304285,0.05663639633147799,0.04764796085816192,0.048594915861348675,0.05697296160983045,0.052746213858360425,0.04549961297025085,0.05650409713670179
0.07100000000000001,0.05323420954881945,0.04753114216093435,0.06103375049223514,0.056858909115018896,0.06092118202442276,0.06336499056078204,0.046144504174396084,0.04623259543227831,0.060279367956616925,0.047912272438757175,0.05601151862933795,0.04106989901144342,0.052569998042276245,0.061465525320032466,0.05750513876160168,0.04739880470089308,0.04783235297710531,0.05625556583951641,0.053194705856249414,0.04460253393642177,0.05649943354606979
0.07200000000000001,0.05168506687160808,0.04612064976750174,0.059901739712123425,0.05479892480707693,0.05895790333631479,0.06037722606891194,0.04493672391936676,0.04447977246165902,0.059592467692558215,0.04712681144130482,0.05406212395456145,0.039390324599719806,0.05128331667463726,0.060936777886665516,0.055831435901764315,0.045754610324891476,0.0464145097020211,0.05447351676216028,0.051290206852799614,0.042908869032284525,0.055063426533838444
0.073,0.052511969524664436,0.04616991033620388,0.05963170095731163,0.055004211338716025,0.059887889395392024,0.062369396216256145,0.045284664288452126,0.045315979580674126,0.05945424243269082,0.04743412421582793,0.05513599610353004,0.039983737157505805,0.05272622680285599,0.06165351037635047,0.057293858654208774,0.047151294024477264,0.04755397529848926,0.055402597715701773,0.05336449186635783,0.043480126471398206,0.05594145726088873
0.074,0.05203559945551019,0.04538269799953787,0.05899660421698838,0.054059712073789234,0.05947701855468979,0.06205756272374541,0.044775989375626546,0.04400196202970552,0.05951828941956783,0.047234699709721495,0.0544545100031818,0.03967646663604152,0.05232030512442287,0.06178414655157194,0.05721453140607924,0.04682803101601185,0.047225454572858094,0.054502642030112125,0.05323898002187366,0.042355596886479496,0.05560678875819902
0.075,0.051614843832539295,0.04455059783289028,0.05792490670586259,0.05262523927150298,0.05832645145188675,0.060804233172802924,0.04433451180684944,0.044005067653253294,0.05899707041793956,0.04706515994568217,0.05395361777928842,0.03869102963162474,0.05258953810186928,0.06224466577032728,0.05677517275212063,0.04689314951423429,0.047736806710458324,0.05428119514969254,0.05326484960992128,0.04165670533736576,0.055576908035213424
0.076,0.0507460941564335,0.04401657497626155,0.057635209730830694,0.053282771577211285,0.059372610161863126,0.06260914233570858,0.043220426434565584,0.04079804400323073,0.05887866226952898,0.0460492877617088,0.05296106745150353,0.03969797935323627,0.05034394967969891,0.05995984442704039,0.0570164056292507,0.045369256004574754,0.04487878499332221,0.05178019241667209,0.05244624961861599,0.04058269113159463,0.054022733172251036
0.077,0.04965437593004242,0.04391542069215226,0.05798063762490191,0.0528483060951519,0.05796355595492109,0.059797122824781,0.04284712273070668,0.03993410257521002,0.05886032743683267,0.04550305020133205,0.05159201569221594,0.03878213874006897,0.048391188195749946,0.05911117555213896,0.05468053643463988,0.04374826470590021,0.043667337912476234,0.05075198100900069,0.04970298203561818,0.04001362233004957,0.052996629857000266
0.078,0.049096762142557086,0.043928902738515685,0.05717233058415383,0.05277899057865865,0.05693499787000589,0.05830896306136324,0.04230024069663951,0.04121480101461905,0.057664492069282924,0.04475176193639818,0.05140245977804914,0.037916834129891774,0.04789482871429729,0.05796243357660069,0.05351915536712981,0.04295566675316975,0.042858775054773646,0.05083778288300078,0.048901858440365986,0.04047438184855612,0.05215558575566981
0.079,0.04666230278654899,0.04183504478116029,0.05371213194003566,0.04982919162385513,0.0533467474223821,0.05331637656928645,0.03985980268045897,0.04071200664940111,0.05444531071684333,0.042823534491122084,0.0486518595510812,0.034476705374064553,0.04711221079933792,0.05652081294082201,0.05133605301615762,0.04053722841345064,0.040522169918830175,0.048787914529368814,0.04699965728637001,0.038928947959438354,0.04949234906751332
0.08,0.046294314633369374,0.041200161050390705,0.05205497352873856,0.049286768017490434,0.05298362172503124,0.05323206224770993,0.03897226765652906,0.04140173280177639,0.0525215604338638,0.041982199461347625,0.048431872180197066,0.033644916144536796,0.047748227288198275,0.05580694675108466,0.05165827679843438,0.04057624118784997,0.039932187497959015,0.04859171679754104,0.0476959210225647,0.03926583206169554,0.04889880801444835
0.081,0.046744014401062725,0.04235226832133554,0.0533314410929322,0.05057044904501529,0.05306355719818412,0.05296700953277589,0.03960103067454457,0.04274939386203058,0.052819876703913415,0.04284577849674798,0.049249166809195444,0.03414418386389617,0.047450138077474335,0.05470490263124128,0.05076785374976023,0.04094866150797971,0.041059324535870134,0.04956801515264864,0.04667873972679748,0.040464614552574774,0.04954388248633668
0.082,0.0462025986854567,0.042101500484951204,0.0520624833923824,0.05066098364917082,0.052915240095992244,0.05320917411605619,0.038659572420028265,0.04274874475546464,0.05148670011012202,0.04195148586697006,0.048858458548572625,0.03392422652870941,0.0469312876088529,0.05322150205619647,0.05064951014029773,0.040291013143337495,0.03992862918502971,0.048853370351197856,0.046682682526203445,0.04029503097756448,0.048620377752034094
0.083,0.04660164421090096,0.04243478061552153,0.05304235556060477,0.0511486904005809,0.05356317080759532,0.05428629542306895,0.03925097886638618,0.042285622751225826,0.05274939473813178,0.042372282085246904,0.04941811306636512,0.034925412243235754,0.046354948477128066,0.05358879554652851,0.05073280268237157,0.040575425238911444,0.04031564113984032,0.04903865922591688,0.04673913223985249,0.04006907847717833,0.049141304632328575
0.084,0.05122518966963616,0.04526449204883631,0.05757440473660069,0.054733009474667416,0.057798028034241944,0.06127241420572571,0.043656832093459275,0.047264993313786086,0.05547413040719584,0.045502537206253635,0.05526245310440492,0.038855980698398795,0.05064514670184095,0.056760523639874605,0.053852501671448616,0.04708747773081812,0.04767983952348831,0.054830803844555076,0.052157835176735,0.044510823776994,0.054319566003398045
0.085,0.05139707371010177,0.04560654684577925,0.057971260843027284,0.05571251444433989,0.0581270085828991,0.06217384109788937,0.043993050689199675,0.04724948251432948,0.055802062107801476,0.045320920439501755,0.05565587204988298,0.03966566803419358,0.04994757424120255,0.05602982751055985,0.05360154145763063,0.04747424245588372,0.047754842882668846,0.05460157893937656,0.05198266273407415,0.044742189988623116,0.05452878634317215
0.08600000000000001,0.050473731960012924,0.044852535230596624,0.057637919479097355,0.05457522246891666,0.05719789084543481,0.060238676095971444,0.043307115303709454,0.046009961484950956,0.05559766712384018,0.04496473865247985,0.0545131990333424,0.038848725812117735,0.04895120116852569,0.05559077876868335,0.05257909883695355,0.046389135252023594,0.04673677796816478,0.053558586764597904,0.05030923656340058,0.04383471799436511,0.053781454353086344
0.08700000000000001,0.051697400587116416,0.04568149511014574,0.058272450068839854,0.0559862370409987,0.0575952406990784,0.062214826385657784,0.04435743513324086,0.04813682532977881,0.05543551378192113,0.04550602080740196,0.05678179512671433,0.03998619851808127,0.049854966817286184,0.05497790915815626,0.052602842563671315,0.048944962522389224,0.04956179543935568,0.05508024036113246,0.0521122559655417,0.04573807053897405,0.055120930373962596
0.088,0.05175049982141746,0.04544331076219066,0.05697477495045744,0.056173590759512115,0.05803872939124588,0.06406184657810998,0.04400155841206732,0.04837245714472094,0.054681145606581105,0.04504672021359046,0.05663581643408033,0.03994793593236268,0.05030686118702743,0.05506110827000421,0.053686676754304496,0.04877941217702553,0.04885247783254065,0.05477618820856622,0.054264684060755464,0.04521297366222288,0.05469172809098355
0.089,0.050360109979134295,0.04435124828747594,0.05589964758763788,0.05422078718079748,0.056328611700555586,0.060736243533269674,0.04261449259463568,0.047689749218486566,0.05330701236132074,0.044470982843994755,0.055067190351322126,0.03810133863170262,0.049545283898909775,0.054306646607311104,0.052226944958861155,0.04705116419103028,0.04763454501649278,0.05397083975799799,0.05202737430697679,0.0445115590651306,0.05314053748877623
0.09,0.050094670468934656,0.04379180002220462,0.056003545386735354,0.05321536143205874,0.056674671931352005,0.060451668423809,0.04244889563718235,0.045787337119282956,0.05431403022421244,0.04469549380142401,0.05434525591491335,0.03799258723426713,0.04931147890736276,0.05549728997400727,0.052722180936141116,0.046478892179977804,0.046884428202751516,0.05309878395755663,0.05172020609595118,0.04311822031918111,0.05334128167832175
0.091,0.04977895830878382,0.04322134396818322,0.05535527537501328,0.052195627557690916,0.05614533448765602,0.05976378526468773,0.04198506508126665,0.04540667090195094,0.05404397780616754,0.04469388362793236,0.05400607304777094,0.037353538907632045,0.04941138860110317,0.055815841404878386,0.052635407375384746,0.04626682016248995,0.04690040567535925,0.05283625484412191,0.051846032385229446,0.0425740822137316,0.05312235748742633
0.092,0.049118827042506266,0.04306775492612469,0.055832529350895777,0.052103204853649276,0.05540419130360286,0.05803568356754463,0.041792414970278524,0.04479653389647131,0.05392030410224258,0.04432098003335816,0.0533665373679747,0.03720439577832524,0.0480784303154026,0.0545267880313991,0.05102624374279496,0.04569108171037317,0.04634027371431371,0.05216613022843397,0.04948170366153781,0.0425792678797462,0.05264209141565601
0.093,0.04857581389429386,0.04218723712678296,0.05536571761504527,0.0508322948899379,0.05560078853450057,0.0580333388829084,0.04132975352217483,0.04222938376634411,0.05471985006249602,0.044215493923329685,0.052111961567887666,0.03701915070913042,0.04745145562271913,0.05567132351871262,0.051542529153574046,0.04488091367370928,0.04533492480442125,0.05065862892111539,0.04942310787252957,0.04042183082168027,0.05248659289687774
0.094,0.04933346334217828,0.04261428972137593,0.05570011197663993,0.05081210771393796,0.05534723532680674,0.05792104717382973,0.04181173942022831,0.04400058710820964,0.054793256714196215,0.045192262726400756,0.05362309781790875,0.037125842364347905,0.048398231780483414,0.05567198334722412,0.051116918053161764,0.046572512774903374,0.04822307231130474,0.0521426968557922,0.05025469612962108,0.041625946057572305,0.05372163146962072
0.095,0.049408582476148745,0.04254814262036144,0.0547563623931695,0.050880275293380794,0.05500369332884414,0.05844308284007671,0.04149515439411777,0.04493172350771035,0.053966015029061065,0.045090893556090306,0.05410311023636727,0.03681234369278685,0.048844247281319975,0.05531539744832015,0.05135876150831542,0.04679679387757363,0.048401491615617465,0.05244234160678252,0.05146736363978377,0.04205191108708073,0.05346254456621502
0.096,0.04900365749599357,0.04208703214939813,0.05428652274625312,0.05008855612633922,0.054488446068198915,0.057607984507723975,0.04105889945702168,0.044418419886459226,0.053805616257797784,0.04502955597941927,0.05367246483102461,0.03637480698951456,0.048471289458679956,0.055240730461006304,0.05088951682981335,0.04650365343041063,0.04835759305022236,0.0519595832215618,0.05099541951700515,0.04148316938001895,0.05325388957200239
0.097,0.04798413618124783,0.0409471248481591,0.05318625513453856,0.04803804986328075,0.05314858393950983,0.05518714931083002,0.040011250674138465,0.043464650574618124,0.05330896958488951,0.04483751793733337,0.05248826101112747,0.03512459253402733,0.04765609930469028,0.05533143523731898,0.04966018585691945,0.0456594602979461,0.04814502277640287,0.0509614492844247,0.04956579104334358,0.04025995962750273,0.052700914783955444
0.098,0.04683544195972751,0.0399282696947465,0.05235816063820975,0.04687146581352786,0.051985386224392305,0.05312121142192483,0.039101163045700105,0.0429163847154328,0.051869503804528594,0.04378506659452619,0.051105646305133035,0.03377793130291573,0.04689833685458589,0.054754218167359814,0.048517221713563985,0.044374842723999164,0.046228397855147985,0.050097150262759405,0.04786126303799332,0.039895545605275085,0.051261673412827835
0.099,0.04492571829841021,0.03797818585113366,0.049442478228032494,0.04416658073350643,0.048942570723637724,0.04945062285006696,0.03684627823587694,0.04283058835845055,0.048416220963428014,0.04255597286354984,0.0495607599686706,0.030961365036486388,0.04596513819378978,0.0532993554664396,0.04632241080091526,0.0430641387880476,0.0445869991196044,0.04901475790247867,0.046186673956757796,0.03977415821263297,0.04914910971469855
0.1,0.04454311884800041,0.037537937506217145,0.04886097012978419,0.04374589886062186,0.04807313356700582,0.04888357838339363,0.03616039115551639,0.04300652567860752,0.04724946526873974,0.042369849539862,0.04985553415650246,0.03066671863534265,0.04549166446634012,0.05183409271060646,0.04543531470458906,0.04317486312070573,0.044869313175818215,0.048882624447973644,0.04593243547325865,0.04023359102020618,0.04859847495891678
0.101,0.043108196288113805,0.03672980698854078,0.04572583380037798,0.042936172200991884,0.0468243591604961,0.048611413893525524,0.03483741181866762,0.04319284521251543,0.04440162751773358,0.039793294382556965,0.0472051050265595,0.0285276411297668,0.04511772020145477,0.05117785746035752,0.04614100229607565,0.04093232201592101,0.04090767719297228,0.04734864779465775,0.04721600294594519,0.0391934758924779,0.04534370883068184
0.10200000000000001,0.043124143324610495,0.036611990695187946,0.0458659366837324,0.042959265175621764,0.04728841494492908,0.048878937755197915,0.0350227639242775,0.042501222191572596,0.04521612769256278,0.03975252878026514,0.046939051113190855,0.028668755510850463,0.04513896502252179,0.051961098738828704,0.04652072955414466,0.04069876684046003,0.04044545257750998,0.0468657524084265,0.04712523481943787,0.038422382917782105,0.04559948914570988
0.10300000000000001,0.04183198530434613,0.03522396707223008,0.044223109638910185,0.04125386841887302,0.046192255951134964,0.04729308319601566,0.0339090099738375,0.04109769975298494,0.04424389287101649,0.038432677065846854,0.04509515090950966,0.027236183081571053,0.044265669060367885,0.052217672992848074,0.04596639490720078,0.03932646312612098,0.03829279347096759,0.045153024057740465,0.04621683476854399,0.03680420432563547,0.044195751445566867
0.10400000000000001,0.04246626442695707,0.03561555685532547,0.045099665552266965,0.04159835815567536,0.046704679675746874,0.047810952652234895,0.03465778803563169,0.04086142627570044,0.04584685026820223,0.03956872199659367,0.04593094267090636,0.028053286986977843,0.044379731530911015,0.05318151520814707,0.04616030737497068,0.040039100096909586,0.039704704950941805,0.04562655224395784,0.04635325452678529,0.03658485476629347,0.045547038714962795
0.105,0.041441222184103205,0.03489298552728981,0.043469250345984256,0.04133641114706088,0.04583699342237246,0.0478875609909486,0.033204133571387184,0.04172503141247019,0.042816657093994515,0.037472461724127104,0.04512914984888661,0.026958441274550715,0.043937495993176756,0.050355059555611814,0.04577196734562361,0.03894314990266934,0.037636648135572326,0.04476055766518283,0.047152094142133616,0.03695333772768272,0.042585056855338754
0.106,0.04089151834166205,0.034501335963506796,0.04326873542064902,0.040716201136619556,0.04541793278482609,0.04631229079181032,0.0329534419348092,0.040317594165787285,0.04301273206775191,0.0375401591989416,0.04423610576032044,0.026518443336174813,0.043550469773985245,0.05066837476162389,0.04507127329077232,0.03835509953885452,0.037005197692296155,0.04398674387864132,0.04530732229316836,0.036317327560108414,0.04277358548259369
0.107,0.0409416140006126,0.03426667684127549,0.0431905194768305,0.04074729429391688,0.0457074998915904,0.04712965396688862,0.03294870579930165,0.04008820589844808,0.04338598537038285,0.03726801081206821,0.0443280076378455,0.02674221021588563,0.04349189160959677,0.05091846683242007,0.04551074670418043,0.03826683868234493,0.03676448777114705,0.043664871792636784,0.04601878004315163,0.03572090266445693,0.04267252370788366
0.108,0.03944780617809732,0.03313717704623431,0.04212936197564421,0.04007334750884095,0.0451799445842056,0.04555429717721471,0.03164063839530418,0.03755471579161662,0.042554720830104475,0.03559112077937432,0.042202343201114045,0.026126174860324758,0.04249654770101807,0.049719055462163264,0.04475485863419648,0.036011799462502436,0.033926315916591454,0.041265021786539235,0.043792655420426985,0.0339921919958206,0.04125383503270963
0.109,0.03815465034637904,0.032122543005879245,0.04084964785185541,0.03913585335944314,0.04404526864344005,0.04375532377698066,0.030454746302599145,0.035938479121292555,0.04153232804962681,0.03440640900987235,0.04059891912368918,0.025179267357782087,0.04155070721984255,0.04864793475207185,0.04376565563162371,0.03443085676351432,0.032105713519673396,0.039577029165239974,0.04220256255033372,0.03284706671574589,0.03994669500707482
0.11,0.03780532469215846,0.03180960146611511,0.04009834450464045,0.03841056517283481,0.043390518018506796,0.04304511007179179,0.030002489217216377,0.036688460689084934,0.04033288661369616,0.03403694875046548,0.040239027414405104,0.024267616564074834,0.041457940635575286,0.04824107680329537,0.04319831332879576,0.03456149973668743,0.03198351536437172,0.03965173143832834,0.04221740530509743,0.033214831487324736,0.039258611260861276
0.111,0.03791626434042146,0.03246557146628137,0.041041385489521076,0.038918482160698153,0.0432388707370448,0.041843184505466646,0.030689409837410087,0.035648996309860514,0.04157261369437126,0.035302746874125046,0.040222450165455115,0.02477295483209052,0.04107826696218231,0.04843740574108013,0.04260952810390317,0.03433114158470296,0.03264774809390314,0.03964265253631438,0.040483022631007115,0.03309706039361582,0.04028179468939552
0.112,0.038147566897846465,0.03264368633165926,0.04208627902721662,0.038923318390630124,0.043403476303571886,0.04174245222701811,0.0313917910860354,0.03475897401991146,0.04310091540171079,0.036064992020485964,0.040438487449086735,0.02553852508494081,0.04039977669435624,0.049344096842262264,0.04238580100640632,0.034368292293907476,0.03337905810306352,0.03965578406090109,0.03992797399939352,0.03235342620845982,0.041044231405911846
0.113,0.037294504403678305,0.03219537860987054,0.0412344602599668,0.03865675019694037,0.04264794271802552,0.04076666140933083,0.03053975418309407,0.03398078817852379,0.04216668077817021,0.03521091988937597,0.03950801653262581,0.02501158106105006,0.03973967255090871,0.04790591707079617,0.04173614225624034,0.03319920670979981,0.03204436716469827,0.038569381067938946,0.03896914864505385,0.031844068917879276,0.03996324987327671
0.114,0.036480994046392545,0.032026460229781284,0.04041252309569998,0.03847102382891421,0.041542198944186315,0.03889179590353686,0.029754793685892844,0.0339059014008235,0.04084932342879899,0.03490654189532594,0.03865442647980932,0.024065885750057303,0.0393111501723602,0.0461018728394369,0.04058495603205914,0.032347022276244086,0.03127108269863421,0.03794715994589071,0.03746997028427712,0.032017581268242945,0.03908821076787905
0.115,0.03539679428314088,0.03202598788027,0.03997352156521117,0.038721922735408754,0.04022449696259578,0.036976682763755875,0.02886249227523552,0.03325496835991648,0.039895199026883654,0.03451732356299009,0.03764621501490095,0.023764394544182554,0.037832678828101374,0.04292310640575725,0.03899106318563195,0.030733834369042312,0.03011444750028014,0.03680693899622034,0.035160240297485434,0.031549238213663955,0.037961133175284045
0.116,0.03454569409056922,0.031675786008049656,0.03905431401974835,0.03844916081575489,0.03933561016905773,0.03607071002616502,0.028025393304201174,0.03250283059936698,0.039168598534218946,0.0337934529802868,0.03674969710544751,0.023353466274704915,0.03689770046138929,0.04141977617352455,0.03824020820073404,0.0295572186353934,0.028908099580850388,0.03573563372523125,0.03420103520289808,0.030744060371831416,0.03703112962253008
0.117,0.03641561627156608,0.03262791196476622,0.04198794255077276,0.03997194836262763,0.0411036079035878,0.038373775062274906,0.029989556614404056,0.03526112829061645,0.040254365637241274,0.035640124436932985,0.039440076173875016,0.02521511202132487,0.03765476435786652,0.04142541640171693,0.03851791576702801,0.03266387293655948,0.032395001918084754,0.03860281394983711,0.03513303240243015,0.033110383858666714,0.03894357482070798
0.11800000000000001,0.03717341487713649,0.033033853031039895,0.042177672916189124,0.04026931571431114,0.04205199227650924,0.04002910991483255,0.03040552904671112,0.036092590471210606,0.04053099786535019,0.035847781768170495,0.04031916562705673,0.025633536398858237,0.03864896758422853,0.04246880965020372,0.03944983349246611,0.033740923878849194,0.03321483989504692,0.03946440708628707,0.036720538174762396,0.03380477152861361,0.03956366122203292
0.11900000000000001,0.03666274520481737,0.03238839439119823,0.04207262051864602,0.03988871792516968,0.04110687713619843,0.038708067170763916,0.03005954492198093,0.03595568955988282,0.03984700266817798,0.03584915150090051,0.04011013826848264,0.025290067663016003,0.03794367570184476,0.041034141782595346,0.038257098083053775,0.03373477839041028,0.03337594762858642,0.039227242595337275,0.035489930333870046,0.033924048772140836,0.03899176908409152
0.12,0.036737760380273835,0.032271910339724874,0.04211046636580007,0.03974662591334466,0.041129917148431394,0.038841052739837956,0.030089172465976866,0.03605877412349989,0.039807768181719605,0.035905962972869854,0.04033679023573655,0.025325443134937786,0.03795677346938131,0.0410628380690482,0.03818352847464912,0.03408267451706082,0.03367680444729404,0.03937442795295332,0.035661085681326754,0.03408579628078212,0.039047395091101444
0.121,0.03715662497933046,0.03195115881579913,0.044032707444261576,0.03988713297530344,0.04153041263073265,0.03929163925179702,0.031100325236588677,0.035793580934263325,0.041217956739647565,0.03630543393136454,0.041619709699539764,0.026799484572507803,0.03661231906914997,0.04051056038340006,0.037452721118658605,0.03544274879758569,0.034807298339496806,0.039657321499788734,0.03516471200817328,0.03413957956987279,0.03981569656867778
0.122,0.03711256000289308,0.031678576016467175,0.04366544138955197,0.038907233507418426,0.04149761784758976,0.03869145357277226,0.030756022538233063,0.03550501763012193,0.04103201265665546,0.03665613778703092,0.041484048375995286,0.026175087739648717,0.03705096633536309,0.041761712583906374,0.03755102283778544,0.035422333046512655,0.0351952643161777,0.03970863100333988,0.0354270967892617,0.034064816230409356,0.04002070785362033
0.123,0.037012304143534944,0.03159559147843671,0.043666932330959085,0.03868457742074971,0.04150731087203219,0.03862296913555752,0.030783080786295214,0.035206352674382435,0.04117947467429395,0.03651570330941123,0.041294466149746745,0.026191513664799437,0.036755953588242574,0.04189180096289813,0.03746089019213272,0.03527426589545746,0.03505402086250875,0.03947978740684466,0.03534306069334048,0.0337111657723268,0.04002716500028303
0.124,0.03601959491963849,0.03172601827688415,0.041681227717765945,0.039151778179171925,0.04045459487865477,0.038203104796625476,0.02971219022254401,0.0349634579375947,0.03974508250865405,0.03527773590416705,0.03956650032917097,0.025233228196646085,0.03660350815795976,0.040297936208943286,0.0374426411509311,0.033198605318050856,0.0326997799960238,0.038273235201793376,0.03485356857310995,0.03283248945733441,0.038475215380744165
0.125,0.035509105134815915,0.031049541884527243,0.04116921802656304,0.03810755480925054,0.039803461583798105,0.03681408255181606,0.029228792367875678,0.03428672636182939,0.039240428732291166,0.035256316217234906,0.039008117174078594,0.024443510253532308,0.03636023816840073,0.040556607177476445,0.03690439836859061,0.032823801360545635,0.032500582321418725,0.03779358568897606,0.0342331918762403,0.032510391529218086,0.0380915562426547
0.126,0.034689449136097304,0.02999301779074881,0.04090630073296364,0.03650725190279713,0.03896506135429545,0.03473936740239236,0.02880868651788382,0.03289439001560135,0.03903004944314792,0.03510371665731393,0.03805995423873221,0.023642573957570523,0.03529834408562016,0.04099424705989385,0.035853190936671275,0.03205572513827393,0.03205911381460935,0.03678967969426272,0.03294237500305963,0.03147647691891908,0.037669460057188964
0.127,0.03383808408175949,0.028687172933651972,0.04091265742690353,0.03555050912800972,0.038030292020869605,0.033144313406593184,0.02826299016605127,0.032150264073183665,0.038233274188285926,0.03469784250568808,0.03768233748479066,0.023373211333852617,0.03382518921213662,0.039124145879294026,0.03431006045770535,0.03179162659943202,0.03180296568140928,0.035970449272576754,0.03139251237482232,0.031049352886261983,0.0367705146036712
0.128,0.03305032991082472,0.02764487535255966,0.0405882726523078,0.03472393707141286,0.03726941079390511,0.03196699336229214,0.027713431552187417,0.031399711571302946,0.03752355249154693,0.03411841270144933,0.037110873405327593,0.02300960658970208,0.03265506166340282,0.037787495489831735,0.03324904300583309,0.031284811254033595,0.031197200584620277,0.03509723162555334,0.030307717952137825,0.030452047207597754,0.03590691188949002
0.129,0.03416461279301972,0.028946921006390958,0.041454856990690736,0.035737405116530896,0.0385968711802781,0.03413309435357281,0.028789405393617074,0.032232388317066096,0.038937654769479635,0.03452606910316902,0.038134517753723673,0.02410842492986287,0.03347133352617038,0.03915791923532841,0.03441857361501499,0.03236069482107051,0.032137135562761654,0.03616560748755904,0.031851954456115106,0.03095267277585112,0.037178755466141356
0.13,0.03385465674940606,0.028796998368420867,0.04177726101343271,0.03590212555033012,0.03852670439070316,0.034674068611058484,0.02920450512881967,0.0317236767234963,0.039183914817995436,0.0335567107208079,0.03800560730934732,0.02481253075513723,0.03200745309004993,0.03746990154568275,0.03379274585185876,0.03232838379556202,0.031374811988556295,0.035539911180419326,0.03137462083056919,0.030297449674492882,0.03674375364138083
0.131,0.03415950949246861,0.02864986928472335,0.041985126919897864,0.035597057573366064,0.03894770827137961,0.03491768225089387,0.029228527320824482,0.03190576387496402,0.03931241951756115,0.03385697905003637,0.03858707532893868,0.024967129316798564,0.03234932220274611,0.03803544987361085,0.033904258297620005,0.03311962039787597,0.03228014864314177,0.0358950028514774,0.031824083564044425,0.030695417700746908,0.037131547608724835
0.132,0.0346122898900308,0.028272670495566254,0.042170473878774595,0.03500736677014549,0.03957471111772559,0.035450590271613014,0.0290762032620151,0.03224304131474287,0.03940300571747801,0.03424096211966754,0.03985876967300361,0.025426336245169656,0.03265024618657364,0.03836190306062748,0.0338466489211241,0.03479203591226332,0.03388627325538818,0.0363413874654005,0.03246780442124175,0.03147110843822132,0.037704259273873886
0.133,0.033386844372237705,0.02662685107649676,0.04116702054261545,0.0322606406583259,0.039066497406562095,0.03322542755550262,0.02772613981586347,0.030698496811064735,0.03848534767122247,0.03334753671224089,0.038446723323154464,0.02457973862753593,0.030964993347701975,0.03828905827265905,0.03236720993044828,0.03384449793064426,0.03370917649995353,0.034804530998433725,0.031076055400570235,0.029943516985742602,0.037107427878015686
0.134,0.03299183639895487,0.026436170241880164,0.04108452349180247,0.03321610164850808,0.03841915099256887,0.033694874782775,0.028126357076551978,0.030366345516477322,0.03799973906844811,0.032454428673516,0.03851476248452401,0.02467059225224333,0.030348602354389076,0.03592298117423631,0.03207011272913152,0.03368323509608595,0.03219433473651756,0.03429406667475299,0.030564935027716178,0.030046913350736615,0.03572850060623589
0.135,0.031161108686711757,0.024358323755974243,0.03946604088976857,0.03155030222030164,0.03675271105989886,0.03164537834832315,0.026812338906713418,0.028650518646938017,0.03614108676658989,0.030641061296165173,0.03704854480177022,0.02357270047070814,0.028148516915730393,0.033101224476655644,0.030277660737143552,0.03232371308636328,0.029921126244079388,0.032201766570459145,0.028448130900203816,0.02877026997279719,0.03339075766765143
0.136,0.030985263072007014,0.02428060180102931,0.039356368321673885,0.031157583330435612,0.03670152195719878,0.031155134615975633,0.026598929884713685,0.028460812570401783,0.03604321228282592,0.030622307282770045,0.036479648056558234,0.023277348657432806,0.028030271785277616,0.03347567589438116,0.03015060268806924,0.031751481829918604,0.0298945586569882,0.032053901484281555,0.028336631328239936,0.028397724905021238,0.03348094410694702
0.137,0.03270269584418052,0.02604558853672667,0.04026684237877609,0.0330958132439374,0.03759014571351904,0.033088267043597464,0.02722499310700588,0.03043488060214561,0.03731075346467694,0.032712092469972864,0.038548492261463174,0.02414804950817595,0.030570966610454886,0.03552691908759886,0.031874814719071165,0.033630783070730086,0.03192789789778183,0.03415224664117056,0.03035159956166189,0.030314288710596493,0.03523848225454762
0.138,0.03245984300161241,0.026025722492181824,0.0395967555665202,0.03386832301830589,0.03661874384448871,0.032826943019566235,0.026811628922467134,0.030814598022858353,0.036576398401268806,0.03281281487509824,0.03839003430070154,0.023597490387908815,0.031042130045283334,0.03455481768923485,0.031885422841638755,0.03318424228209316,0.031141306645791622,0.03420537450279726,0.03015092530453134,0.030674714414129056,0.03441847345538296
0.139,0.03271326838422132,0.02635094199284571,0.039369614561086674,0.033735827255979345,0.036722417056190504,0.03285312974217203,0.026596586856021176,0.03110949405180019,0.03659879241170039,0.03336176199661711,0.03844939050556173,0.023307204556807126,0.03177019330629194,0.035669401964386394,0.03225811345374452,0.03322714448223496,0.03169126075589912,0.03464215004607418,0.030717957962463793,0.030931887037496386,0.03490209768905306
0.14,0.03245155891860558,0.02624229079552931,0.03903057312889979,0.0336245874061053,0.03640374200439134,0.03250828836516739,0.026427181780520614,0.030916662787632165,0.0363241213325205,0.0331698416853069,0.03799609560408568,0.023010096015994352,0.03163053983983766,0.03546959117581072,0.03211432736526976,0.032776154322962214,0.03127119939681933,0.034383758344190385,0.03047660584222389,0.030649521621681775,0.03460599955716248
0.14100000000000001,0.0331984921647903,0.027874744184346878,0.03894727561500444,0.03536284676074897,0.03687911458655624,0.03435459882634406,0.027333163603386,0.03208466778939778,0.036978843097545844,0.03338886419664355,0.03796699538494441,0.023304683163064777,0.032959710228087524,0.03596672937402767,0.03337530858936866,0.03271830772243345,0.03129033384293545,0.035151000259048604,0.03201601611210103,0.03089088305741683,0.035125756902403826
0.14200000000000002,0.03374768568127489,0.02874742790321172,0.03858139631513302,0.036098246489120855,0.03732461993634206,0.035802636606091065,0.027595574655560506,0.03295620475650318,0.037200780715131776,0.0335405011885197,0.03817340196352825,0.023368221460101424,0.03403797347471693,0.03660267896641711,0.03435311474202085,0.0329817513659475,0.03158096362760032,0.03570493338912861,0.03356151803107854,0.031226031723359804,0.03551573631598459
0.14300000000000002,0.032933501494137256,0.02812967597386884,0.038153884618641554,0.03610123649462049,0.036390968736006224,0.035108767609379976,0.027276892408011122,0.032449936677114155,0.0365445779636816,0.03259138058222932,0.037414917223132615,0.023315008886844235,0.03284070991255117,0.03444881656940746,0.03328655554039073,0.03234816736691659,0.030397840212156302,0.03472711933572914,0.032175182496980925,0.030497275347817987,0.034471115927264706
0.14400000000000002,0.033354036393440825,0.027481279299320205,0.03772802429443478,0.03522490778932186,0.03625704718487932,0.03548149950326873,0.026817708439570764,0.03331218563484917,0.035887985720884696,0.03327174689234447,0.03911693866301347,0.023161372166299987,0.033213365747849166,0.03447410990221589,0.03290739622908512,0.03443198061721542,0.0325584406289563,0.035703343705355106,0.03372710909286791,0.03201347716577785,0.034310809191306246
0.145,0.03183067458227094,0.025533427326206226,0.03630232725485971,0.03340632427265222,0.034356302752939216,0.032816203867386484,0.024987097211181197,0.031898279712273214,0.033955562725315525,0.032567972372740894,0.03836960467175199,0.021981675332098716,0.03178016201656586,0.03256228989283294,0.031033281806957858,0.03364026551247745,0.03147299735085474,0.034432305992052936,0.031592519044076006,0.031555166132987145,0.032369726397208476
0.146,0.03193523964254026,0.025676157206218075,0.036298444341012925,0.03329972673873405,0.03450703588359849,0.03295897756868571,0.025041891974758146,0.03191310933551994,0.03412631063875471,0.03266624527748674,0.03839266437242839,0.021975652898555853,0.03185706113158049,0.03300325553825889,0.031191904681041716,0.03368954127163404,0.03162908199329528,0.03448005945365318,0.0318693072604197,0.03150963357603209,0.03261873170913687
0.147,0.03203329327638445,0.025863753172878368,0.03594291052381382,0.03327139107009314,0.03442636913523878,0.03331988399069574,0.02502827550044695,0.032234306566130355,0.034058973853498986,0.03268725091185398,0.03843462221995231,0.021847949852304205,0.03201057095770776,0.03311018570433977,0.031339063186395344,0.033805110213681155,0.03189585787066518,0.034649427133985666,0.03259636621022155,0.03154856025835784,0.03259503719542811
0.148,0.03122608741575365,0.025327406066137814,0.03413376798689449,0.03224153571062882,0.03302449848589073,0.032390532440348174,0.02392227112795553,0.032113447314507826,0.03249769712290773,0.0321601673524845,0.03740236844404443,0.02056645231041121,0.03174015965093846,0.03226551096020469,0.030863171288627145,0.032943639415948245,0.03131155562665611,0.03437050304513867,0.03283871801707283,0.03122009793423619,0.03118824801403941
0.149,0.02989988409395065,0.02397198751738172,0.03358021958136248,0.03178808633322194,0.03181669539726861,0.030425810061562197,0.023065731834654546,0.030746515559304743,0.03123972116108531,0.031077375481708303,0.03615518517105687,0.020091530995669626,0.030574102655527957,0.02993159602896267,0.029288961754894816,0.031774496476672964,0.02951187532915145,0.033002603387189744,0.029956485865497373,0.030336022363247728,0.02966267892359198
0.15,0.030172788927716538,0.02447538127986837,0.034117987058007504,0.03188903052019021,0.032520774396798124,0.03041776157043108,0.02343602423870772,0.03045172231641058,0.031849947875002615,0.03146306881821803,0.035882175746588696,0.020126311028622057,0.03104467575176384,0.03142688434101615,0.029956053090888446,0.03143961917798521,0.029346730595112613,0.032960909184978515,0.02983595139895845,0.030207067246516228,0.03060770291826631
0.151,0.029139201873548227,0.023331664129941254,0.03331864222598335,0.03125268411189264,0.031360416967343374,0.02896118354140287,0.022564645974782027,0.029497008164994787,0.03070461631929655,0.030730766140086407,0.03503576206405823,0.019557939163705518,0.030076620120681352,0.0297429993414996,0.028829229289710323,0.030583150993690467,0.028210670940232885,0.031910042380152714,0.02828337935191305,0.02954619313730622,0.029286423112290905
0.152,0.029219167925123014,0.023538887936468966,0.033666508124952754,0.03158466493662282,0.03166169908889527,0.029117626875547198,0.022922022013389443,0.0294431578779053,0.031128997895951027,0.03065710467106375,0.0348502388758547,0.019792645467119563,0.030015058107870196,0.029928264982544417,0.02902685894042878,0.030351336339930257,0.027990473830292517,0.03173965925719302,0.028163264952334455,0.029240928369548835,0.029563959958546993
0.153,0.02879771115149961,0.022704214937398604,0.033260037111928376,0.0308689791805421,0.031088789369704273,0.028565267108760506,0.02231948750846835,0.028982529276443514,0.030573474592194838,0.030407186276981357,0.03506002559076504,0.019611099617224848,0.029326570145289388,0.02918729905280104,0.02831648661940578,0.0305992145258972,0.027865180660870292,0.031350256022218415,0.027710420393572077,0.02923312010233936,0.02892458493718686
0.154,0.028591007846410582,0.022824903566441845,0.03245322490659108,0.030507594737906762,0.03065448757563416,0.02831835652553205,0.02196762740772662,0.029036774370397755,0.02999764318314002,0.030315549610193226,0.034504766568926426,0.019012730767345887,0.029576739096019322,0.029237307195374762,0.028278118276764852,0.03022000266092495,0.027776416403081594,0.031408578220772254,0.02797504019693786,0.02912865381033114,0.02862564184816907
0.155,0.02791765644065831,0.022321644323334278,0.03170871265792119,0.030617107530105936,0.02983454200390867,0.02786231014000995,0.02162136419652072,0.028886268834313222,0.02928258551845997,0.029480919174533438,0.03357694405754508,0.01870140382821217,0.029041470329650654,0.027543245795426996,0.02762597494296004,0.029408682869271563,0.026896074099990064,0.030777075874122706,0.02728811109129936,0.02840177574555769,0.02747691580002254
0.156,0.026653363613109597,0.021419403624317712,0.030141830562226746,0.02988735772045059,0.028351554696375292,0.02622468484810858,0.020514289858440615,0.02799946243807172,0.027657979081441186,0.028516423315500306,0.03182463399278279,0.017619685629161497,0.028404808300434237,0.025861236199116844,0.026589161293913754,0.027789616320197164,0.025491236776432613,0.029669126995221284,0.02589360105516858,0.02733181473643842,0.025879364818392037
0.157,0.026391083663495164,0.02104785344914173,0.02962660572400666,0.029079955444098027,0.02794251634366729,0.025785868755089036,0.02003124679696988,0.027674301369795318,0.027107785921201,0.02844061133987774,0.03182597304581647,0.017216246074398867,0.028129401067478632,0.025796366169078433,0.02622245378742105,0.02790928153155403,0.025553001146730647,0.029593796119026572,0.02586051076584872,0.027446479348001596,0.025531419070701555
0.158,0.024652919592054384,0.01946801554553379,0.02751829211788004,0.028056592436522032,0.02581917649154908,0.023889438737757063,0.018597360237008087,0.026633990597010437,0.025066334683410574,0.026866268787458347,0.029769069278558824,0.01604566310286326,0.026794089148211242,0.02289208796915676,0.02445610168790635,0.026139906936665347,0.023893165454095255,0.028126934718822993,0.0241103410291732,0.02587023114905551,0.023045331732449492
0.159,0.022898625099902464,0.017563222967926895,0.025097954545251433,0.025674226954656376,0.023505476106633783,0.02173800464875031,0.01679332026644742,0.025240509870557593,0.022743190125680934,0.02549340335799566,0.02833775565405028,0.01456651152087074,0.024975979920381475,0.020597098791094948,0.02237572476482108,0.02512645364811794,0.02292096738281979,0.02703342432706113,0.022808000155675967,0.024799543265883406,0.02058173372337213
0.16,0.023148965445397907,0.017738844969539924,0.02566600708554445,0.026942727916032694,0.02395448818783752,0.022464312993347613,0.017435359892776003,0.025826707083281164,0.023662982313321534,0.025339407310702722,0.02823008923363768,0.015204250489939342,0.02512871005046724,0.020335334291319507,0.022706960268575327,0.02497305844101927,0.02265340513424441,0.026868994361477383,0.022782370805847774,0.02427118482536572,0.020794113253680857
0.161,0.02091531163432394,0.016329297802684994,0.022433459983528747,0.0247824791015665,0.02148735334182883,0.019779746020769817,0.01556663752220555,0.02429850104256237,0.020956853900596872,0.0232701380143725,0.02470122062098723,0.013279100205544347,0.023648645622605047,0.01776920032912388,0.02072739592311934,0.022116891680596495,0.020960359251816163,0.025259501220971203,0.02096271912715808,0.021872796505615022,0.018103935468825827
0.162,0.019953351947788855,0.01569118100980127,0.021248348954354124,0.0248622729383694,0.0206631387821683,0.01903033839406565,0.015125766154061582,0.024051312655134494,0.020549815875016142,0.02195996065426109,0.022668810672071382,0.012907045582207455,0.023008908010032303,0.016268157455001875,0.019952963052003225,0.020410539074908307,0.019746104645299467,0.02418711973699028,0.01981018075358265,0.019902665188619162,0.01702240936782895
0.163,0.02030454183148221,0.015356880012333818,0.022383343345504736,0.02609658893536304,0.02083993589728117,0.01945183052646826,0.015593153962613515,0.024156378556667635,0.021473924591096538,0.022411122098252245,0.023854999094710116,0.013740091896425,0.023141723823613458,0.01627278329410653,0.020148983244511198,0.021168287048998757,0.01928442801467667,0.02380335955300683,0.019481736992450704,0.020066392342423467,0.01736489339914049
0.164,0.02051132638686709,0.015404566217796511,0.022520838762224327,0.026042544520063604,0.0210764394320746,0.019795142571867985,0.015784714692978374,0.024460671885961016,0.021885418754440167,0.022474693883575814,0.024230468203346733,0.013869355179845999,0.02305797368023521,0.016456536502910457,0.02023012314426076,0.021703145549266334,0.019590124474344273,0.024011546400352968,0.019817381546639923,0.02025529060466602,0.01755955173049073
0.165,0.020505912474866956,0.015131959123617755,0.022852254964025875,0.02652665392720699,0.021027741222266028,0.019847081210935924,0.015925269194542402,0.024440528985970267,0.022336583855187553,0.022407617357421028,0.024482464493857825,0.014175967250880772,0.022909391248652322,0.01625998343494417,0.020180512474266,0.021947139794366466,0.019097959911651308,0.02354178779959304,0.01943035777457658,0.02003586002364699,0.017561135449729814
0.166,0.020013541254333505,0.014888912360659257,0.022151485345476396,0.026017130849336656,0.020520383178341484,0.019243718084569372,0.015464645031128321,0.02401268524926492,0.02160565090931743,0.02199642076426578,0.023633461397159827,0.013717867118231863,0.022664580031267922,0.01581377526225103,0.019799597302324612,0.021107700266156826,0.018765705108059416,0.02324387457449828,0.01906845608260066,0.019501817855359982,0.01705295831640008
0.167,0.01898779972441264,0.014276805751109567,0.021224365263205924,0.02607787041144327,0.01943739384875598,0.018059293729628,0.014775505378421205,0.02318129711089245,0.02069000548855715,0.021007620351222722,0.021857707544155947,0.013275528264886982,0.022268819801846917,0.014586076254399671,0.01909485132762101,0.019253326838863938,0.017222934188334427,0.02189847225180741,0.017615068071251683,0.01786523331083123,0.016087819301017325
0.168,0.018180394697649965,0.013430293650078529,0.02076241199110196,0.026337912411157016,0.01845423959987247,0.01712868813065138,0.014322413454037175,0.022442956704682215,0.02032418614677156,0.02023162687429836,0.020894442977993588,0.01318182252959954,0.02168884769486401,0.013455915831853682,0.018455799425320607,0.01819520838563471,0.01571857090348705,0.020531732569911254,0.016279379090189172,0.016540243062053372,0.015231202519441656
0.169,0.018302451196159482,0.01350626559267476,0.020788961351178248,0.026315928517133602,0.018704604628064336,0.017457226629644995,0.014449743672160564,0.02295955914398451,0.02104625576871222,0.019985402468294722,0.020891437889865028,0.013237868827279953,0.02165850038281336,0.013480912152988633,0.01842183509786577,0.018675325311686364,0.01579253392925073,0.02046904247430059,0.016347002620325513,0.016367897354095495,0.015492720110870217
0.17,0.01793965185699161,0.013704783869491144,0.019963858140244595,0.025814458852638333,0.0184921601291953,0.017113336926597222,0.014039585110646846,0.022909852661160635,0.020396810880584537,0.019518306000353203,0.01982779476748553,0.012755124944155982,0.021689121421347046,0.01321472072887575,0.01817512252085829,0.017671120045436473,0.01577214165447427,0.020476310841016754,0.01628509910243703,0.01571824587113957,0.015255082671693732
0.171,0.018440624405608334,0.013697448634457654,0.02005743046961872,0.02476649568942524,0.019079784588673432,0.01773626077854229,0.014310647627935325,0.023367827574945155,0.020713560537074627,0.019983723258685915,0.020869494093188723,0.012618555449447455,0.02137809324014195,0.0139172017904714,0.018284862918108047,0.01922373690737933,0.017188699437850175,0.021564060076272318,0.017484481766427917,0.016960198366499757,0.015609924907021289
0.17200000000000001,0.019171759562207975,0.014565508220607648,0.020935889654127293,0.025283128674139177,0.019878997887666006,0.018591303085707778,0.014880301328830892,0.023735123210580467,0.021095558409514492,0.02074092499451541,0.021827406030128116,0.013054898316530394,0.022016209596405822,0.014960716854259593,0.019099829461244555,0.019854911724559,0.017823332038372275,0.022224326484967194,0.018356329291366102,0.017977236543905595,0.016533259436731673
0.17300000000000001,0.018020960415153935,0.013375738333652465,0.019823604097011005,0.02461021096863969,0.01850170654525285,0.017086914982454515,0.013935483206216293,0.022509740395710076,0.01985457945680158,0.01991069559819736,0.020571267520228975,0.012420964445912785,0.021179971521555707,0.013634108329201311,0.0180270680343243,0.018473110204945353,0.016603413331943484,0.021091745451043642,0.016949418418719886,0.01676057000054587,0.015098897460721572
0.17400000000000002,0.016941620820231408,0.013000590028793613,0.017864088317266158,0.02283995698404495,0.01760350367703656,0.01590416200818001,0.012913412011019365,0.02185621051685671,0.018480206722781167,0.018710346199139583,0.01840958796059944,0.011205764916982774,0.0203540788037726,0.012731690505624615,0.01706505431514249,0.01684214436951459,0.01633197315710888,0.020799352016216188,0.01646502407510486,0.015441255375634122,0.014014014443809453
0.17500000000000002,0.017280294659178234,0.013011543903960532,0.01820622463658328,0.02258814922870689,0.017854749748104748,0.01623149111266242,0.013141703820251593,0.02195884264809822,0.018747795993690586,0.019165560789976,0.01930555189222516,0.011337745162011248,0.020240113376534863,0.01316342842208107,0.017257577260814783,0.0177355961732788,0.0169007648987316,0.021237223189315535,0.017021002319605016,0.01623031155345911,0.014270517053473264
0.176,0.017984082622598152,0.013249556893307313,0.01902595663262241,0.022427166576062918,0.018387078634861775,0.016850925177623766,0.013559885322691034,0.022098377875253483,0.019126352412666914,0.020151183349595758,0.02111615064945993,0.011689638219459564,0.020331064777847074,0.014119090074133145,0.017725529220331326,0.019256314260576834,0.017869825329695277,0.022004508312647886,0.018022306850873693,0.01780389033548635,0.01486685154676659
0.177,0.01763357374597064,0.012798026053838507,0.018595455443163655,0.021931829979815687,0.017970075867154822,0.016418714015694502,0.01325703956533364,0.02174429882607931,0.01882849294826283,0.019875301683055624,0.02085800406998939,0.01143759407340661,0.01986265514112706,0.013725817346821212,0.01731752991851132,0.019057727499746324,0.01764221400693544,0.021736504699908288,0.01770581076720401,0.017494323283858804,0.014414059729505713
0.178,0.01915457811828732,0.014060305830822295,0.020087501374928873,0.023064807394181597,0.019751465883896646,0.0184434716988654,0.014706562202410067,0.023626209613316407,0.020898295710191084,0.02079363280565283,0.022721080466032828,0.012456300522853736,0.020775797374270932,0.015189764431477792,0.018722146787828575,0.021285997250453104,0.01907868513777533,0.022803426708740693,0.019599580575462627,0.01881681057483031,0.016209720021755247
0.179,0.019511220012388707,0.01422423591515698,0.020454760711409836,0.02301896901349254,0.02006288117169308,0.01878562705022979,0.014956863087991268,0.023783698781625118,0.021185396650872157,0.021205484578315725,0.023589322545065072,0.012657389018285947,0.02081223083310335,0.015674431005135214,0.018961127719548387,0.022034407610110884,0.019573206188613135,0.023103926882543036,0.020156401385646117,0.019456408948202997,0.016527631150733524
0.18,0.017428114475539873,0.011884747069203505,0.01795681465970489,0.020755651065140546,0.01767687059751033,0.01602517354172328,0.013196258166913055,0.02182211837127812,0.019423420648045253,0.019641812387309887,0.021625053809269823,0.011206455598776532,0.018654397105373866,0.01322979765219745,0.016744577768052826,0.020248732767480848,0.017965427168814885,0.021485703376151077,0.017818367347442687,0.01737941817030786,0.013821492240100763
0.181,0.01838856415110345,0.013001940048780414,0.01907888068951047,0.021879452824804968,0.0188391775415927,0.017341217075647286,0.014089009226265214,0.02287985027427286,0.02034985838139014,0.020218143640602593,0.022375979896263054,0.011885631612351788,0.019677624865023557,0.014292083742696748,0.017790138090921115,0.021152210403737826,0.018612334279833442,0.022029720464132874,0.018909921133691943,0.01821801220470476,0.01515009662584521
0.182,0.01780692186118248,0.012234111135405512,0.01846027685398255,0.02100203063920858,0.01805563794633036,0.016466255956383735,0.013428440626195748,0.0219904635244208,0.019605909598362836,0.020026213259175307,0.022275491881950438,0.011451922947882442,0.018926816173803873,0.013792148031710028,0.01710354043266471,0.020710700726573883,0.018298752985615674,0.021747083520383903,0.018303925097544416,0.017994938245851855,0.014263777640202924
0.183,0.01790921990882128,0.012525150229872217,0.018151134803894298,0.020091748242242247,0.018072968765026065,0.01651090800488897,0.013341888437818583,0.021941205565024213,0.019247668765197234,0.020253913248860278,0.0225607619909175,0.01117412919809424,0.018630590364274946,0.014281598709906196,0.01728203983989962,0.02074945916594706,0.01903607745836622,0.022336458539426784,0.01915067953703331,0.01854866517120224,0.014297352138533337
0.184,0.015985301699515175,0.01126356279082208,0.01607464787316759,0.018542059277653844,0.016045615727759865,0.014341507260415498,0.011597067856995436,0.019891505089902894,0.01695347574251027,0.018610259229686732,0.019408226229049474,0.009758771316595971,0.017332585893657493,0.012458839568842195,0.01568274806115244,0.017830238320897807,0.01714532626401455,0.02105086348265428,0.016824895395746164,0.0164929769637302,0.012400861645048722
0.185,0.015977481692769573,0.011802197306825746,0.01601429407731847,0.01903117408424293,0.016334433877412735,0.01458534213381757,0.011766216391254192,0.02021876205932782,0.01698559154110768,0.018223126909759024,0.0182912726526282,0.009733221027239836,0.017769147723627476,0.012483467574554319,0.015996287809974308,0.017140492748397573,0.016884876842865104,0.02088164740957199,0.01676433394234922,0.015962143831566022,0.012681603911551265
0.186,0.015212724359288138,0.011119343058626385,0.014942922520339685,0.018011017527966633,0.015586227832303678,0.013778826480411621,0.011205686228797473,0.019612822190119172,0.016453525940535063,0.01744589326577506,0.01715090406132813,0.009137047356343131,0.01678708928004724,0.011665054509905293,0.01531780883113898,0.016299103432347417,0.01640474318570362,0.02042613948904637,0.01608249596946565,0.014986712665532864,0.011841123360029293
0.187,0.01610669517111125,0.011728994163413775,0.015892913009190046,0.01879787091904328,0.01654033267283117,0.014899718133033923,0.012048646847252265,0.02071727807492496,0.017528405018442328,0.018079256382230735,0.018495015456869934,0.009781573595847193,0.017441256998085297,0.01243657444647095,0.016148271783677615,0.017614496736621077,0.017151706523923615,0.020961969582033557,0.01722097725322491,0.015868491952578112,0.012780153872530287
0.188,0.015247506960810075,0.011330133627470595,0.014578788739076365,0.017257642692891317,0.015619046414720783,0.013908071873830141,0.011247021734638096,0.0197459567458238,0.016395990329973742,0.017353256558551466,0.017090185688850568,0.008894860799516291,0.016346827568934574,0.011907911721946718,0.015582417048796704,0.016383576341229555,0.016787276745931723,0.020716110989585812,0.016729442724317423,0.015232093991282225,0.01184352687883361
0.189,0.0143621596712457,0.010612388830149255,0.013441208886300182,0.015945545914319625,0.014629674247577551,0.012798692540632595,0.010441739452107357,0.018666377128990885,0.015470302260320201,0.0167129231590748,0.016016528809319808,0.008163957098917485,0.015235664850445363,0.011193869089585307,0.014802878864026203,0.01539141138873501,0.016260482761553896,0.02024443281525845,0.01586093030852931,0.014503263831690871,0.010850921187379847
0.19,0.0135600688952005,0.009957200715286718,0.012540041817194258,0.01517665655980971,0.013864918727357178,0.011956643394429811,0.00980732205668533,0.01783152847115188,0.014824612563107964,0.01595507656248607,0.014800644715695754,0.007623854249109496,0.014400492125851816,0.010402550672556243,0.01407823941759101,0.014382097003745153,0.015548401095285325,0.019626636024400734,0.014845361856432815,0.013498716031198232,0.0100803838446345
0.191,0.012805034330038535,0.00982583560231809,0.011909662782025765,0.014755125192158824,0.013197013494391063,0.011111879427947113,0.00904334345365343,0.016842611255598383,0.013725190811209265,0.015245765326612704,0.013256148352617458,0.007044322953674742,0.014106501109988678,0.009942563206650101,0.013367380633783732,0.013106255093347952,0.014688164828774664,0.01884892950701056,0.013758489345091496,0.012747891881636608,0.00957761234228005
0.192,0.012516139452145636,0.00964482857391391,0.01174762573249688,0.014605637430582963,0.012828007543746356,0.010625601761326986,0.00876152671374919,0.016313492458519763,0.013158728589748203,0.015114430954606406,0.013113473273826393,0.006902697507294331,0.014114937638385339,0.009725936665135437,0.012944221381511412,0.012840513691111943,0.014298508706178548,0.018315785129746076,0.013301171258757294,0.012626352447961953,0.009339311584313337
0.193,0.012153801964225214,0.009083869296570679,0.011533012274847376,0.014552429140205603,0.01236870074892571,0.010180689973661172,0.008504419812414232,0.01582317190934457,0.012843626717080059,0.014871966352925425,0.013004005327864276,0.006842588231374069,0.013925146557126289,0.00922979700572324,0.012429125719133571,0.012539260126244511,0.01379126601029701,0.01775922745717251,0.012704550023544758,0.012146676572360904,0.00894251002768831
0.194,0.01136160573095118,0.008427244397508415,0.010709236508000375,0.01421111863196689,0.011753388176596102,0.009512896817922334,0.007980909423239702,0.015195395060654149,0.012468521164020419,0.01394716533233753,0.011459225979863263,0.006425060032602015,0.013239356967791105,0.008353270507844734,0.011771959573434021,0.011269429742652881,0.012947180757261756,0.017045252051684723,0.01158281494092217,0.010704716277082138,0.008227972275638873
0.195,0.011254447621750896,0.008537671981732387,0.010509977753843769,0.013968042385544055,0.011733524748919866,0.009461938166344441,0.007876309070911747,0.015133268727448579,0.012359885417430161,0.013757385093401964,0.011037730511261667,0.006249572365159328,0.013049390275114758,0.00836006359604402,0.011768208932485202,0.01103155332796113,0.012916004550526772,0.01702483203293459,0.01152599831153478,0.010583867538615732,0.008203727647802972
0.196,0.01118541645602733,0.00886178058806586,0.01054529570670959,0.01448018195511025,0.011879202733992011,0.00949540088583023,0.007885713817070594,0.015316028178555374,0.012244087221544464,0.013413765707368186,0.010341206850916995,0.00623804068753564,0.013468605497785946,0.008306424841147186,0.011795336367218079,0.010489595471251723,0.012562227930039027,0.016629827786011186,0.011264701918161313,0.010144796752307284,0.008346108223925675
0.197,0.010604426860281863,0.008954523423641225,0.009674342505470945,0.013074497787804673,0.011346338489913954,0.008787093763160225,0.0072786164718227075,0.014393549150377938,0.011276032555728732,0.012916868219070232,0.009287593527982363,0.0054959095518345435,0.012545948679343444,0.008226362465987958,0.011378987059070811,0.009822906494270534,0.012419828972700664,0.01629521895616859,0.010864374870896865,0.010120300001885574,0.007929244258505275
0.198,0.010578507358948285,0.0089493163933555,0.009495807881067075,0.012488538417198547,0.011295858589457586,0.008818835254626012,0.007169110413204893,0.014311579710960642,0.011302289534963483,0.012922644654374649,0.009234388792719539,0.005301455753088158,0.012039822996501415,0.00835235932046774,0.011453885227204252,0.009949298854508792,0.012624364915361896,0.01657536707879248,0.011055018112761994,0.01035105358056132,0.007879151697789744
0.199,0.010181829823505384,0.008436537224844942,0.009075949918082138,0.012043081175003856,0.01084681767784812,0.008418030196120196,0.006849452710723791,0.013789489973154767,0.01106172340757483,0.012628951904037344,0.00887139282450955,0.0050853872703379155,0.011484193716885693,0.007946597155157775,0.01103740163449507,0.00957714858870673,0.012302158191620394,0.01628959399065677,0.010561653310759311,0.009872122720524401,0.0074589128790640835
0.2,0.009790394306440842,0.008010253612892648,0.008652341536628971,0.011743775127776135,0.01052834366290245,0.00820115968106827,0.006542111887010371,0.01345077705413733,0.01099456422584888,0.012167805035484758,0.00814755718266258,0.004830412746867796,0.010887608685798522,0.007542346888533502,0.010743628951315531,0.009016294955212056,0.01192989368392039,0.01608265972404488,0.01004218204202123,0.009168264211283028,0.0071259052334075035
0.201,0.009600488875156821,0.007706988535592041,0.00842925521941229,0.011488434986888674,0.010325199681985864,0.008109019368283565,0.006384850210268134,0.013255286530344579,0.011003067913572195,0.01197185994264549,0.007921761504264047,0.0047055602893675275,0.010477483614195315,0.007335658237279219,0.010606767335467393,0.008845462996576625,0.011775056410079698,0.01602986591729616,0.009833772678874753,0.008872309879158546,0.006932116251584297
0.202,0.009371854492290933,0.007397877369306749,0.008281735225641462,0.011512750212730571,0.010094514977293079,0.0078431343975911,0.0062285555197337805,0.012999559126914417,0.010850558686669398,0.01178163429118917,0.00773301924027936,0.004663640123802493,0.010414059707820833,0.00703714868773031,0.010298078285042256,0.008574129580853351,0.011455468506663902,0.01568456134769558,0.009431736816991054,0.00845261391767338,0.006702313824196393
0.203,0.009505576152411899,0.007750846961150359,0.00833970217896196,0.011272183242244105,0.010183193046208072,0.007861965679716088,0.006298561748812714,0.012994335253111777,0.010657712024844002,0.011964841362857359,0.00796045511967669,0.00463950628604326,0.010501442375918657,0.007348569859972787,0.01043784643349055,0.008806271725071202,0.011698019208740584,0.01575728645591523,0.009772613818262998,0.009017385471338457,0.0068487847959011194
0.20400000000000001,0.009919717231894642,0.008491964562459153,0.008659712320506885,0.011173251300761411,0.010582297718351619,0.008175438238020583,0.006552527371396777,0.013407188832205263,0.010642127672770396,0.012328505719095606,0.008429467319999162,0.004697682472719955,0.01084687081903113,0.007995999689401234,0.010916382754948106,0.009376915514385797,0.012199880859303125,0.01607068111293175,0.010545582589897906,0.010016097333531593,0.007285770436175398
0.20500000000000002,0.008866255694314384,0.007295670441600732,0.007489532317229708,0.00999403188657444,0.009499923899343732,0.007254425733692504,0.005687475325379054,0.01206467811782419,0.010110488632700476,0.011454459730080413,0.007076054284588462,0.004042557264159141,0.009251179959706923,0.007000382362966073,0.009975261349921438,0.008183602673776491,0.011367381282094469,0.0154725080053153,0.00919331307710769,0.00864620517649084,0.006265982365735612
0.20600000000000002,0.008419875180784103,0.006994121357797534,0.00706241080006631,0.009606608862347654,0.009095562984978711,0.0067991783898899705,0.0053147908300158475,0.011479391530371363,0.009694529591666723,0.011044512735436607,0.0064257109674682455,0.003756308320931878,0.008812577308094482,0.006645681229513811,0.009520268082184757,0.007622368290715054,0.010940907156123503,0.014985064545825821,0.00856161880535855,0.008119592204706039,0.005916299622189203
0.20700000000000002,0.008372285257345725,0.006609013305594047,0.007020113861549548,0.009660735480611526,0.008989471054230203,0.006866326752301921,0.005308965988745196,0.011455786524423583,0.00993948539470435,0.01100981262745826,0.006540364868788506,0.0038183603062421634,0.008618256653315393,0.006449256487292887,0.009497801561380692,0.007629426831809449,0.01085097620381481,0.015082236617486755,0.00847824064593028,0.007831696633770258,0.005789377347464653
0.20800000000000002,0.008055020244576116,0.006101336872483043,0.006725083498099194,0.009331362832611712,0.008562704480030381,0.006385623567191634,0.005065854493573885,0.010901954634558675,0.009610369031884614,0.010912970729830218,0.00662573687905188,0.0037401870654050207,0.008360658769367313,0.006095714950238196,0.009006091720418774,0.0074569780562991905,0.010557580681697987,0.014693238977942169,0.008059123763355047,0.007529041621139654,0.005378792266343746
0.209,0.008247013910187378,0.006784750821356544,0.006848605604589442,0.009192612421656698,0.008830725999397937,0.0065673820212839296,0.005159170842016225,0.011156354911821764,0.009464386448219453,0.010962268357645244,0.006478343198239478,0.003644707922491497,0.008509792244321912,0.006538881641826144,0.009314803796982019,0.007590818307255831,0.010820710984543958,0.014781986826112536,0.008463082487151108,0.008117622444886896,0.005713270921948954
0.21,0.008144194354535977,0.00658885986027824,0.006732864133504601,0.008897632076289241,0.008606481160268964,0.006313690950840334,0.005067474697132313,0.01089802953572594,0.009204458988977815,0.011005697098104616,0.006801721754808199,0.0036205983400383612,0.008414131970495564,0.006447785617721857,0.009059444726427945,0.007704842235487952,0.010755316657977354,0.014571176630050586,0.008428393336550322,0.008223412313732137,0.005541875006307206
0.211,0.008050246888695467,0.006402350788842326,0.006609642728805376,0.008811688530063644,0.008520225831563533,0.0063095604528567995,0.0049931382858403595,0.010802963356350226,0.009306213831730248,0.010909693599027714,0.006618892757461414,0.0035646023533209004,0.008165749989510473,0.006335445300558851,0.009051602811390502,0.007559255491970673,0.010680828093360573,0.014628318673564289,0.008299253849107457,0.007999431388928335,0.005436079659655646
0.212,0.007623666168751153,0.006408134743473903,0.006092007118901788,0.007944556893913268,0.008109370719180164,0.005811116071458344,0.004556845688162725,0.010177043675060227,0.008680107642479618,0.010532078903114472,0.00593821533357386,0.003118959821084788,0.0075170887463554825,0.006221170204577242,0.008690779648376279,0.007130114563934531,0.010411667661114898,0.014174222327240638,0.007881514519004984,0.007925519588092067,0.005152809505923783
0.213,0.007527475158662922,0.005941706356952348,0.005980580369533861,0.007769538817119059,0.007845144728895193,0.005637816346583668,0.004490820620293157,0.009956336785688413,0.008635145892778917,0.010613722067204567,0.006435033718219851,0.003168183528681201,0.007353192303197198,0.006011730345728328,0.008427655913557763,0.007266204742806037,0.010322037773602855,0.014107200905572492,0.007844234512666581,0.007830053507466461,0.004913163936710485
0.214,0.007539994951090967,0.006018802665783807,0.0060404383341807755,0.007900884089399374,0.00789978319143636,0.005674368995379542,0.004525316789576461,0.010003700275881378,0.008616187409122733,0.010554197385694297,0.006348652496398044,0.0031932669480198017,0.007476197653058958,0.0060191442819304,0.008437132700165995,0.007222675794490763,0.010273275434948825,0.014012457194318428,0.00782070377815225,0.007791991342118831,0.004970722261762317
0.215,0.007664279882138941,0.006050802214154438,0.006085719301184844,0.007867883267507647,0.007992403621492339,0.005834681812674991,0.004597272489807125,0.010175444015670387,0.008856170830005783,0.01069511445127136,0.0064968991558301825,0.003221411429894183,0.007395873322910029,0.006143662229842861,0.008670592827971224,0.007379257442884146,0.010463961206858552,0.014322132801306009,0.008050069170830954,0.007959851550193964,0.0050263945004878074
0.216,0.007553272453335214,0.006398975313694932,0.0059823255945233855,0.0077382244330920225,0.008040508016800896,0.005822150067733789,0.004481321475734323,0.010115458958800727,0.00868608628285783,0.01040158661484436,0.00572483722273931,0.0030112964360233807,0.0072562827428324095,0.006230681684560091,0.008755238377113783,0.0070380617428942305,0.010351161357378014,0.014144668365551727,0.00787203076260945,0.007899058204775211,0.0051154954121444
0.217,0.008165541007821232,0.007277168147012847,0.006666070191213014,0.008492203814810972,0.008775493083262753,0.0064900600340659365,0.0049981569433893425,0.0110766292182779,0.009072939252084189,0.01070136472221761,0.0060373870316372535,0.0033035536740616545,0.008127095299847453,0.006849623643527147,0.009470297616490875,0.007563778591399117,0.010800302390804983,0.014514201779594282,0.008677404849977699,0.00861803256131799,0.005799057311431599
0.218,0.007752063572893797,0.006518812828839038,0.006188460797499018,0.00815303943794643,0.008292446373343587,0.00641733482425233,0.0047206359546435595,0.010551799673283568,0.009197099460492075,0.010270979877193498,0.005467964812978954,0.003117786640288722,0.007259056007849041,0.00634090267417009,0.009292010681568597,0.007007668878723616,0.010382643199160935,0.014487438402020936,0.008156579428334143,0.007809644584904518,0.005408966920383285
0.219,0.007815664006412315,0.006895957890629911,0.006399160248976021,0.008432290388321495,0.00848768935370825,0.006265287766350824,0.004777372792793555,0.010690371696424283,0.008868331996336187,0.01029393563554526,0.005517212357777024,0.003171768210821546,0.007844136885940212,0.006468630336014636,0.009077291863170855,0.007052040086442446,0.010345353424297765,0.014090242559225308,0.008133575894440415,0.007947289630469756,0.005555341110560552
0.22,0.008324346259911875,0.0077019723016992225,0.006894945156062149,0.008762509198936841,0.009061100934455113,0.006826899904712858,0.005152534636492789,0.01147527256151748,0.009139275846413275,0.010548097934410472,0.005782768056065812,0.0033202727836550983,0.008356182280830127,0.007091423169199862,0.009748828005047838,0.0075574775679055906,0.010766307567965816,0.01446536952191213,0.008955914218790162,0.008757730586745449,0.006122042965419405
0.221,0.007998696789491439,0.006922014692984146,0.0065709393081608836,0.008600590602792169,0.008626413493723062,0.00659202964204908,0.0049462424737956034,0.010982642356373029,0.009160046755833262,0.010380825887068235,0.005748425218949582,0.003293135140729486,0.007903386906095822,0.00658237930667549,0.009359899023359541,0.007260766296304899,0.01045326146905734,0.014338099801310733,0.008461684383764934,0.008081819606770457,0.005709333424031016
0.222,0.008241956481964002,0.007167827689671502,0.006737360288284755,0.008589063241383199,0.008806412342342917,0.006976931324534252,0.005144265623334698,0.011333173967550736,0.009396745501579873,0.010486044763278524,0.005965411705299517,0.0033634200792638236,0.007900655611350671,0.006860331452474777,0.009795007772718467,0.007555428546541454,0.010670293273342901,0.014639344193820847,0.008988032279416247,0.008515612546865059,0.005947767436225826
0.223,0.007768897958278909,0.006541690632128838,0.006331983169637567,0.008343639941518322,0.008342212160197704,0.0063565168727764965,0.004761719090806249,0.010631460538607307,0.009056124771411933,0.010243132799315213,0.005676065744894321,0.0032044479267359094,0.007582981086481366,0.00631903451925564,0.00910558919719473,0.007090329120019612,0.010253198459824975,0.014165081330153817,0.00815191868621179,0.007780682973280939,0.005440150145125444
0.224,0.007452707618519988,0.006042266342654923,0.006140348620063407,0.008375401552310202,0.008030716931843984,0.005919044640075866,0.004554979591177566,0.01018605020345209,0.008779022187864638,0.01006240656553925,0.005633430757826519,0.003195085567253675,0.0075909816074472,0.005880194671939676,0.008525382665361292,0.006789574239465801,0.009861170710251388,0.013662468701269859,0.007550817192549353,0.007186294583140795,0.005088515038912278
0.225,0.007565472919873767,0.006021486109194507,0.006229843953754366,0.008377460448724783,0.008066752966952695,0.005977893470406337,0.004642636655782906,0.01027289304424639,0.008845034034705712,0.010231794564490526,0.006044315763138908,0.003291267944733667,0.007686586235889359,0.005952833880048192,0.008571254195098299,0.007039349947686069,0.009994931233030524,0.013761176084296056,0.00777137857343857,0.007414992923587271,0.005115576368270203
0.226,0.006942219646394498,0.005175000518055528,0.005591250674805925,0.007803548237763636,0.007400311154965422,0.005406916225976555,0.004141018579127742,0.009392175581715012,0.00856313430136646,0.009778814549598391,0.0054525417055938386,0.0029903764249368248,0.006847143111810783,0.005312475788485149,0.0079603840480017,0.006378759481024843,0.009423613005483,0.013347282771616675,0.006888927456301319,0.0065136910384222535,0.004477028272838912
0.227,0.00714949761916212,0.005530577278061055,0.005837690452103583,0.008059890951560789,0.007655566649138024,0.005620057775423626,0.004322717635524831,0.009735586235470328,0.008622134059351638,0.009859006521321434,0.005549389932034132,0.0030872358168562153,0.007190813574960098,0.005537664742107595,0.008170188263826539,0.00655919451534448,0.009558433742714034,0.013392511557428266,0.0071737324816925074,0.006790250269521514,0.004737309928801725
0.228,0.006641580083377713,0.005151537592770872,0.005322067095185901,0.00752280072141287,0.0071626650845098006,0.005123387411194891,0.003899577196619486,0.009013053229435575,0.008175458846043537,0.009414397293132315,0.004867298646914153,0.002765612302797149,0.006577788918930461,0.005160578442233832,0.007677117718142723,0.005962474173817789,0.009095495556839084,0.01289022339314172,0.0064940280254447424,0.006230327677737124,0.004325712341250232
0.229,0.007504126142602629,0.006078533708602674,0.006238202819075722,0.008438393046401371,0.008062065059520451,0.005950415481269289,0.004623409683169544,0.010291734852466816,0.008734927630741574,0.010037480768354867,0.005836111080855577,0.0032581533647525474,0.0077446535013410145,0.005912195502354001,0.008519013719189061,0.0069229544988247405,0.009808908439907116,0.013502617927802496,0.007681313796590872,0.007305705157303333,0.0051357328135295255
0.23,0.008308590056715127,0.006883214827217321,0.006944717715760218,0.00884545033087325,0.008794156927894758,0.006757199717344453,0.005226127927078439,0.011350662335541495,0.0093041683604832,0.010706482605546297,0.006911766282181264,0.003625712945663606,0.008414538957956186,0.0067218928650518706,0.009417729503531036,0.007956884910591544,0.010619000779769183,0.014290486975415462,0.008997352990758767,0.00858048790458843,0.005823766271055741
0.231,0.008040770830283789,0.006325992716535445,0.00673464158793291,0.008717411346192971,0.008430597099925996,0.006349214885885579,0.0050171360135742304,0.010870813408418223,0.00907690384956572,0.01065439664215384,0.007137916754923479,0.0036162686362376517,0.008295854717718099,0.006337222583246316,0.00887965114182765,0.007827047407515275,0.01037582171305107,0.013954745794292012,0.00855026219191557,0.008210037565396844,0.005453480549366896
0.232,0.007520595569025129,0.005391690109808889,0.006352360261896561,0.008460904269149805,0.007739946392571917,0.005675961436382604,0.004626787083707784,0.010007815154017496,0.008579386086932428,0.010399039235035046,0.007354344822595116,0.003550211309798934,0.00802156720509517,0.005654285572612827,0.00794682771010824,0.007501270016283534,0.009795511073034335,0.013228953611395866,0.0077690072286137335,0.0075342846716369705,0.0048217581298253265
0.233,0.007224912004132023,0.00527971123523896,0.00591183809375706,0.007900935578364465,0.00751370422670794,0.00546828910718089,0.004366485811562071,0.009674221757252077,0.008480922750710551,0.010107925137724516,0.006600689397196047,0.0032325146107394787,0.007358287676373587,0.005517109086168981,0.00791149939507707,0.007054350867928383,0.009643214835066027,0.013229799785310026,0.007455377282360676,0.007188444352610346,0.0046029190953112975
0.234,0.006890359747390135,0.004947703502531486,0.0054343863811640025,0.007277309405720578,0.007153801949459471,0.005186522830346374,0.004062070475014945,0.009198195011279386,0.008358409290734614,0.009870830123196117,0.006132579802214488,0.0029443395970476516,0.006624666097324705,0.005295085355906393,0.007750469935780546,0.006676034057830127,0.009463223082588401,0.01319849229868375,0.007108781722923063,0.0068557000029391135,0.004268594025117478
0.23500000000000001,0.006723860219894429,0.004879715693563713,0.005222870838538007,0.007058266975353944,0.007037587169748782,0.00511693273557956,0.003929172897518929,0.009010953005905598,0.008334999471520055,0.009656913983101978,0.005645951605937172,0.0027925894191781486,0.006279856644961224,0.00519763541657603,0.0077765237418450095,0.00639102378121148,0.00932185038644695,0.013159945587482458,0.006879534260925246,0.006613835995842865,0.004171044786651423
0.23600000000000002,0.007155649275847831,0.005425310346533707,0.005578004304261475,0.007333955660709601,0.007510689446690311,0.005770976406423656,0.00435625500815362,0.00975018800291616,0.00880147751049598,0.009747080264793095,0.00573907705525234,0.0029556056275695797,0.006511331272047838,0.0056005490658183055,0.008623565664478305,0.00677105161391256,0.00965606558483667,0.013614381410173126,0.007567526718823325,0.007140808395351361,0.004659086157715597
0.23700000000000002,0.006745133122523878,0.004765619015939304,0.005236513267734888,0.007121020034961401,0.007096841781097707,0.005285556301828143,0.004013708590957843,0.009149589805922287,0.008605091600124348,0.009539447941872892,0.005545978962208209,0.0028260996179200193,0.006167482962849968,0.005100479281207715,0.008046454682136384,0.006391553743569811,0.009269954956473092,0.013282508949229221,0.006844233009457246,0.006424846757248082,0.004189681187738992
0.23800000000000002,0.006672256844169183,0.004933651837384034,0.005155013794187369,0.006959650141759033,0.0070157872306395586,0.005148305011471566,0.003898393384894505,0.008984600253973851,0.008335202106836248,0.00949644482797507,0.005379920135820004,0.002718023602396036,0.006123975613606003,0.005193537395007386,0.007887665361497431,0.006283485308731129,0.00924595729089539,0.013106252215206227,0.0068313232884329445,0.006563069335706939,0.004184878746962939
0.23900000000000002,0.0063322099365813785,0.004508753245986985,0.004736273257388013,0.006519568768245554,0.006646829761715489,0.004931048314707698,0.0036548860381718784,0.008501769316655139,0.00825872298871122,0.009158548709137238,0.0049347909446693095,0.0025136733262063338,0.005494508231833062,0.004874689019703116,0.007765622088783175,0.005878509538912113,0.008944262150736848,0.012959717395517156,0.006393159769446877,0.00609956365560782,0.0038693022094925533
0.24,0.00625417937105493,0.004723362466217296,0.004813374732642761,0.006598542903957005,0.006630451368575319,0.00472229917552025,0.0035487004037536574,0.008405855377398797,0.007818730463901802,0.009096354694867803,0.0048214125537815455,0.00247012315060402,0.005768615157803358,0.004917041659119992,0.007339980073277852,0.005808791773680544,0.008787670863421915,0.012493944989715344,0.006276924512775173,0.006131100486054586,0.003910310614029577
0.241,0.006060994585535795,0.004382236339039669,0.004592299679459622,0.006377561753681316,0.00639324229772098,0.004543965746363732,0.003390647921531653,0.008097214913927897,0.0077644166977619555,0.008989266100252191,0.0047540296541105365,0.0023879470251438883,0.005465586493678787,0.004705291769829589,0.007149564524443486,0.005632604171818767,0.008627801223853315,0.012408230002693976,0.006024581861032496,0.005857152196204307,0.0036762513381677353
0.242,0.006235872307538387,0.004824603783704973,0.004781995398032701,0.00652772866355944,0.006638409971544745,0.004780015167762164,0.003532811528769386,0.00842065349033938,0.007828897062817086,0.008987088821848954,0.004575806183925835,0.0024042120193513705,0.005639675934283939,0.004958320040331365,0.007463183884189206,0.005737366083105044,0.008753591141286932,0.012486433624926851,0.006279651163942357,0.006136928757429216,0.003960073429616795
0.243,0.006494983627233231,0.005272953214396581,0.005010971862200564,0.00666355997502166,0.006921234602979109,0.0051588195044723895,0.0037503463868523434,0.008860261324175056,0.008037171287924472,0.009034452797835879,0.004529078606672399,0.0024534473528738943,0.005763371530626449,0.005271056957920406,0.00796660322638032,0.005957346659972718,0.00895810563345345,0.012733660244884426,0.006719062555766708,0.006542221326481412,0.004295947493774377
0.244,0.006734853015500064,0.005468979783915473,0.0051872843944904545,0.006752489840844422,0.007106775826145162,0.005433347021228108,0.003971192724783412,0.009194851039354135,0.00822875710730564,0.009186668657871766,0.004887339942156288,0.002576224394375992,0.005930323739826715,0.005485839929638692,0.008291704830837632,0.006258158297485772,0.009179340406986092,0.012957298238196913,0.007173413161151498,0.0069403489710258,0.004486722002381316
0.245,0.0070202092845384366,0.00569175342813566,0.005516218673627837,0.007098710426385324,0.007406245749194018,0.005717456545701105,0.00423303042991896,0.009651312962809078,0.00841578728079595,0.00938984373129581,0.005315832703134293,0.0027765906305812216,0.006360151402405645,0.005681567245697905,0.00851544163269835,0.006609769944529109,0.009372330552772534,0.013113870625837132,0.007570965866916302,0.007234124873025327,0.004733180985307173
0.246,0.0065086743373792165,0.005186115815417169,0.005074226529173664,0.0067410935331182475,0.006931831951307976,0.005259829717882636,0.00381363420340064,0.008958827602493669,0.00809066986429896,0.008948082352616349,0.004598837086009944,0.0025086967300028684,0.005792064921456785,0.005205735091558195,0.008014752109963608,0.006003196164892088,0.008850097476680308,0.012669421691365534,0.0067480911964600265,0.006453441746515409,0.0043248409629702556
0.247,0.006780495997969926,0.005788658873621788,0.005457852301985033,0.00711226108855445,0.007321661750515851,0.0055467869889938015,0.004028590043013591,0.009494007654624936,0.008094271554332955,0.009013865400762655,0.004553279845596392,0.0025903276515463203,0.006266895028663844,0.005559905171339419,0.008267956478522631,0.006225055936394108,0.008965900817236028,0.01265496538592703,0.0071184026609423245,0.006815559606363819,0.004733715720461551
0.248,0.006385618835513885,0.005561608648387617,0.004951892622540921,0.006479578678974751,0.0068700563343950805,0.005128927468079247,0.0036580184418872896,0.008800061162252404,0.007764469229155857,0.008713320814334402,0.004012958796379529,0.0022772027007806894,0.005593077569127192,0.0053591804928727615,0.007969126013830485,0.005781418388105974,0.008743847680888206,0.012380844372525068,0.0066721122607553696,0.006603293926087828,0.004391381108917014
0.249,0.006008125732228325,0.00503126734109316,0.004538389002305521,0.0060938154798251265,0.00643267898870914,0.004785778907469673,0.0033496969678761257,0.008185166021970613,0.007594497225484664,0.008462439693706969,0.00372084127193395,0.002104244758653784,0.005059949976650491,0.00498168151324585,0.007608626643057281,0.005386220972879996,0.008437317404425215,0.012150167343385254,0.006141996808825545,0.006097232331077729,0.004000505991990422
0.25,0.006055469322504991,0.00527532613388737,0.004566962611744829,0.006023328317284027,0.006495015651080682,0.004803788709930257,0.0033674252538454796,0.00825348579416052,0.007513973578987754,0.008456263602829917,0.0036553862456316644,0.0020622193035239045,0.005084409275139645,0.005132280536338185,0.007675287135728293,0.005433679498124455,0.008497812396991433,0.012108557058117975,0.006277436192165586,0.006331064923619789,0.004095684230968066
0.251,0.006106683893606057,0.005432429692462604,0.004618847718746655,0.006023014013967765,0.006543687260516684,0.004932990848798058,0.003419778638063198,0.00836113802165206,0.0075349730570761775,0.00838975704252265,0.003547881098030503,0.0020475266708583906,0.005057095348127372,0.005229404921032188,0.007840527796122543,0.005463548735360035,0.00849345115287048,0.012113841458038954,0.0064107798876616995,0.006458578149556193,0.004214426360656942
0.252,0.0060950541514021295,0.005364009597389252,0.004634146089333546,0.006067389749412344,0.006527326560130775,0.004966316273843141,0.003434652196483423,0.008372043104946658,0.007546907187735652,0.008345693091568407,0.003561430250690667,0.002070034741244786,0.00506414432358171,0.0051795711840607606,0.007832393366745904,0.005452380564098136,0.008429183272320007,0.01207726998990355,0.006389663718411542,0.006374208517173852,0.004212319248968477
0.253,0.005762851045398748,0.004870578927310465,0.004375691050220065,0.005933642076855206,0.006204171361447908,0.0046875713667539065,0.0031825885971843437,0.007928132951286027,0.007392157911137787,0.008090207326164056,0.0032581595664070706,0.0019590899283470353,0.004746077572871266,0.004784634593946402,0.007456747418569387,0.005087942530889511,0.008058296290858857,0.011790899099858976,0.005814161113387284,0.005730939743742947,0.0039053314807364625
0.254,0.0060298456760812195,0.005209124798290388,0.004618980691246888,0.00608699973477822,0.006458048608089073,0.004968382905733204,0.003419542102859663,0.00832962032475193,0.007519880980614069,0.008237286824134382,0.003544405440153331,0.002082087437394131,0.005028247013993514,0.005058926084345994,0.007761302627647959,0.005394998631550241,0.008275411894633766,0.011961766783953665,0.006288518697038503,0.006184285744792017,0.004169096195623445
0.255,0.005722806329420849,0.004771866217309184,0.004298681723716391,0.0057914478876239794,0.0060914559055313955,0.004740504445349347,0.0031926491823159875,0.00784323888180749,0.007380347095135464,0.007973366630789736,0.003295709000931124,0.0019528149341039303,0.004590695169984671,0.004736713033871132,0.007507073142865139,0.005078414960004829,0.007976415044912089,0.011731431105129086,0.005868348348369801,0.005754378712749975,0.0038805751659162224
0.256,0.005308854809474512,0.004225030629320337,0.0038268225230436714,0.005303071619265132,0.005560506903000473,0.004468686657323584,0.0029205461065885396,0.007146627374593151,0.007150838994672171,0.00754025634382216,0.0029883020247181147,0.001773467068565071,0.003958988126879115,0.004331641004772457,0.007224749861442836,0.0046615440428040555,0.007556306660629453,0.011352618756807709,0.005380857870937117,0.005286858942302297,0.0035193746780027846
0.257,0.005202094750869091,0.00402492027511836,0.0037073267767711027,0.005247457494871877,0.005477852953777895,0.004237161645338161,0.0027775646669364606,0.006938318620587691,0.007137934615055519,0.007612494065827091,0.0029951901009904747,0.0017333690928050816,0.003900024117177714,0.004213184493971012,0.007007491713598046,0.0045472986450335595,0.007564979272816963,0.011368816726375908,0.005142135150172478,0.005090102547718578,0.003318272042437842
0.258,0.005184455466664578,0.0040550521446369725,0.0036871083284616413,0.005158589055619611,0.00540792607755336,0.004353558442897754,0.0028468040554782137,0.006936451451442838,0.0070586061581479065,0.0074060736964810525,0.002959598847501743,0.0017326775635652103,0.003821358069507008,0.004202066730254139,0.007107037273431427,0.0045482651532300356,0.0074278841209772795,0.011193142497661346,0.005236096290924364,0.005157050091572635,0.0033937632839470266
0.259,0.005514453411191123,0.00452401875453301,0.004080070557598847,0.005502431486021142,0.005807924287106747,0.004664681379539237,0.003099918347270303,0.007540251251993313,0.0071957164503264615,0.0076528659177586,0.0031652858907540438,0.0018712566622163251,0.004265554397900662,0.004538494447177022,0.007378299325590976,0.004899312781244447,0.007674507092075844,0.01140468515590709,0.005707897029921027,0.00557178666828817,0.0037441103405991827
0.26,0.005217217696805332,0.004141076685270195,0.003847877957864454,0.0053245921687780084,0.005519861047366015,0.004375422729137934,0.0028453511681683086,0.007129637048141291,0.007025049269530292,0.007434577112152452,0.0028804848033975317,0.001744883584341772,0.003959944061075804,0.004224201241575076,0.007049158411257195,0.004602071486447201,0.007369384084886965,0.011136054078372815,0.005204532553409691,0.005064515874859232,0.003465678570074404
0.261,0.004978215598893126,0.0038063778230166267,0.003639056998879786,0.005169641873413844,0.005280683290918464,0.004117848637167132,0.0026343644661307453,0.006767769072977048,0.006908000211136689,0.007285630247233832,0.0027019960634522278,0.0016486773096316965,0.0037162595795849906,0.00396742739039202,0.006775245530837304,0.004362647921383411,0.0071552267833996375,0.010946196546478548,0.004801149480553768,0.0046697869051965935,0.003210325846078166
0.262,0.005002201996576578,0.00386420074611471,0.003653046780724978,0.005222993762728612,0.005344478949457665,0.004050076460715091,0.0026125075463913072,0.006780566962691581,0.0069203834026978495,0.007398179615268341,0.0027175097670772974,0.0016475013308689945,0.003808348059326949,0.004021564519428256,0.006703026798786982,0.00435331389267013,0.007251137981494238,0.011004331787410004,0.004793738525572633,0.00470263427859674,0.0031944987635091904
0.263,0.0051402997276272285,0.004090532441031192,0.0038017920313210274,0.005229677775460795,0.0054280673490975095,0.004346695155279412,0.00281720499273308,0.007051768405725634,0.006905523227340282,0.00727719646543501,0.002821194455330245,0.0017148855349319314,0.00387889569976263,0.004158216008871118,0.006985895867081204,0.004552558007741236,0.007216155812175495,0.010934870385641116,0.005150914060415901,0.005004281895956586,0.003439668981213173
0.264,0.004906781415229294,0.0037076539197051783,0.003586208667695545,0.005143624965651239,0.005231632596448543,0.003975457685731376,0.002554584400636606,0.006656844975194698,0.006855103155420927,0.0072785942891436806,0.0027014989779274856,0.0016265083050266416,0.003715580913261629,0.003892501132141568,0.006618505319741175,0.004295191814819521,0.0071149079485156586,0.010864234523524918,0.004661446779664957,0.004553932473996047,0.0031016154603384916
0.265,0.004545292732026468,0.0032730779099211516,0.0032129829143456856,0.004799337051664798,0.004823633647680237,0.0036538476188695546,0.002257703538387279,0.006050421053025334,0.006657970387663692,0.0069775317159364025,0.002378701272241601,0.0014543227265301217,0.0032332228009781527,0.003562453437578328,0.006305586846444777,0.003913786596214774,0.006789686756991986,0.010561678521321838,0.004150493146082401,0.00408713296960761,0.0027622837290436353
0.266,0.004482556066416882,0.0032261387531618,0.0031232855511851287,0.00475734883712986,0.00479144266659437,0.0035051831878989415,0.0021631050674905117,0.005902584469764882,0.006616108870322379,0.007041076327729767,0.0023313661751539483,0.0014117941293522174,0.0032069526284623784,0.0035475356051264395,0.006133961106472019,0.0038045738529162154,0.006818951956372943,0.010559436855480997,0.00402894735285475,0.004021163625419044,0.0026601643094490424
0.267,0.00428269560236128,0.0029823536708042386,0.0029355820467467098,0.004617647078939635,0.004607008484414976,0.0032699434571707986,0.0019807002308164234,0.005579920216196577,0.00648149958917843,0.006946538465220531,0.002187135860059697,0.0013269411694032396,0.0030259529357616888,0.0033700805098813014,0.005848373144180519,0.0035811090413586655,0.006651698116483029,0.010381996830676643,0.003708561762217122,0.0037248241897547274,0.00244604524796066
0.268,0.00450715637871188,0.0033568182153534964,0.0031683641568732712,0.004792428726849596,0.004874826544347455,0.0034434536523453296,0.0021769640064210893,0.005965727124136899,0.006501381655438565,0.007098775465358198,0.0023711483474475603,0.0014190287961207693,0.0033703124050206146,0.003624426009369297,0.005986762402490298,0.00381869084501707,0.006850767321188278,0.01045748610993813,0.00407032510818317,0.004106868630153193,0.002688572052185312
0.269,0.004149779385334312,0.002890963061716212,0.002838733431297924,0.004532593811210517,0.004522566186729082,0.003067157883856031,0.0018834681425141664,0.005399485572675333,0.006248596559415565,0.006876809295485176,0.0021524093191511717,0.0012869228451805048,0.003043062780147765,0.0032826551137795645,0.005503244265669172,0.0034378289896956904,0.006504856641171841,0.010097234481183492,0.0035276506066989066,0.0035782788893543582,0.0023210698297537746
0.27,0.004188737605947834,0.0029735487194423316,0.002852446737339198,0.004498649305715974,0.004545183100441719,0.0031125512225542717,0.001913627135863627,0.005438504594352023,0.006259656377959,0.006886231290484046,0.0021782262477687553,0.0012858572707078464,0.003034993848058831,0.0033441906955322676,0.005578703401080576,0.003487746481481535,0.0065566195908486335,0.010132611756078602,0.0036252833892537195,0.0037007334753494936,0.002369387478644236
0.271,0.004620617469873222,0.004078475240922419,0.003252205945884712,0.0045865101851695345,0.005064296015221181,0.0034447203619558664,0.002275994047185037,0.006166349390329007,0.006118975143538319,0.007039557526397733,0.0022716790829352407,0.0013325621603136328,0.003527954397403499,0.004020078830932694,0.005992212342247671,0.003966958253030728,0.006973969546910208,0.01013654131311037,0.004440551942420101,0.004754315172811885,0.0029684424987446167
0.272,0.004847702047597852,0.004387701876623629,0.0034300689907134085,0.004674455124829002,0.005261461742743334,0.003683119218944264,0.0024428545697923187,0.006494627710695755,0.006291716526175106,0.007176204817096021,0.0024216526374419844,0.001394658842862051,0.003667549915090218,0.004270431411271591,0.006336889298382387,0.004222711844554028,0.007201946713384588,0.010382242601545744,0.004844566755424884,0.005178751993158426,0.0031904283612282924
0.273,0.004780280605757808,0.004084150063144554,0.003310697612992075,0.004629512922469936,0.0050974720855363476,0.0037354751910475548,0.002403526145245749,0.00632382430336309,0.00644206290137983,0.007121742073946891,0.002443306093958042,0.0014027481157042887,0.0034552056415410037,0.004131935754376315,0.006393062060278343,0.00412368607921787,0.007132563700259387,0.010499191865900093,0.004784254752539185,0.005008992080438479,0.003082202671817136
0.274,0.004577342620366654,0.0038752947453410957,0.0031333730252498526,0.004466345254827364,0.00490904651381141,0.0035207139611859173,0.0022334630170484093,0.006020070537666511,0.006275671000785077,0.006982095106600972,0.002259303387204259,0.001309957198567746,0.0032531588317329385,0.003953948161958043,0.0061349238475922885,0.0039119035221513165,0.0069401692541182225,0.010279876825061596,0.004467949700886709,0.004720676729311313,0.002898911786232028
0.275,0.004820383611209339,0.004282833522685325,0.0033553330425003525,0.0045816300709631275,0.0051638288895816675,0.0037238164316744093,0.002430583971551159,0.006411476935509364,0.006338989545819018,0.007114627351666236,0.002451182651272532,0.001384629390620562,0.0035266477112607664,0.00424004458928906,0.00638922073684256,0.004197031995626266,0.007163066221062553,0.01040210981064904,0.004897460725816205,0.005199816551938685,0.0031533420778578902
0.276,0.004640050698225917,0.0040610785970787155,0.003209871100239514,0.004459945100683926,0.004998782883639419,0.003520974794310572,0.002287077385535685,0.006146346243174561,0.006177128604449855,0.007003605520504497,0.002355493439823886,0.0013229106130120405,0.0033976601978703558,0.004057204498516875,0.006112816295615664,0.0040195081343971095,0.006987260285952757,0.010188984169568482,0.004603915895681321,0.004915317997313595,0.002975132207149511
0.277,0.004327010220914429,0.003730470905513261,0.0029715223974501326,0.004231515810979025,0.004723266528232073,0.003145506022319111,0.0020567750344377966,0.005699326283262751,0.00579764363031543,0.006785855003813457,0.0022403930503388514,0.00122205282724408,0.003246119142117143,0.003754165474855742,0.0055651970564100095,0.003733209976029439,0.006658599253623554,0.00970272295319996,0.004119470939490499,0.004474800978138016,0.0026815911505182477
0.278,0.004552483711616012,0.003966257725797506,0.003165905519186718,0.004422019138934585,0.004930331633133722,0.0034066491795301523,0.0022279741394176655,0.00603727420152167,0.00605545941305885,0.006931089276923985,0.0023441145869803615,0.0013051359813778252,0.0033967674399121295,0.003958005937852227,0.005937736971603713,0.00395039940576114,0.0068799031882512685,0.010015926030417233,0.004453110359912138,0.004772223265442355,0.002893390837304999
0.279,0.004231073665302542,0.0035554502989357806,0.0029088723851133924,0.00422311514886442,0.004627956930848165,0.0030745988499163435,0.001993588340854613,0.005565432325749908,0.005766573441517431,0.006702450122361259,0.0021806278745452046,0.001209827809047992,0.003179228265423051,0.0036253653342337433,0.005451547115538413,0.00362194031434393,0.006536203013878694,0.009607121628242843,0.003946335979456261,0.004258867798743515,0.002586370328435894
0.28,0.004209434160317199,0.0034855192872036422,0.002895271024566437,0.00424972021237402,0.004602491893971217,0.003091966086577358,0.001978718008110558,0.0055414499123803695,0.005824047932587062,0.00667505959324155,0.00210893858970973,0.0012071250876660722,0.0031208640473795457,0.0035853246529073957,0.005486290018381412,0.003575218927805879,0.006499579343360651,0.009640352652124817,0.0038914803838265843,0.004161034029748656,0.0025682315224210273
0.281,0.0041618570580917,0.0035195629425145425,0.0028607883912550314,0.004200677669016661,0.004573907868021143,0.0030613876850517086,0.0019482876533724047,0.00549765757438303,0.005763953926226306,0.006591192028817194,0.0019553497355232485,0.0011630559716339084,0.003041601836387242,0.0035774150418728112,0.005476803302162825,0.003513727674491096,0.00643241275807549,0.009547545199522611,0.003826796713290448,0.004115993541919938,0.0025690236482963646
0.28200000000000003,0.004267245016783589,0.004091839633817318,0.002988510193965288,0.0041042811848119864,0.004767472378027882,0.003049534653356001,0.002062094263729386,0.005737780704576756,0.0054531085313656025,0.006523511350723488,0.0019297626768053355,0.001126036833708377,0.003264939621649754,0.0038464299912797095,0.0054900476864881975,0.0036985447335418087,0.006508810188723624,0.009242046943591098,0.004075467206195005,0.004583833132685511,0.002800848426629643
0.28300000000000003,0.004321961355956189,0.004109643609136349,0.0030339592823748207,0.004143445223201647,0.0048003741077858875,0.0031060595515680633,0.0021004969128710638,0.0058068599616106775,0.005509048367408953,0.0065737045105864755,0.002034020003410242,0.0011588608722586935,0.0033227081789796165,0.0038815599776825804,0.005543906045747393,0.003767039297854713,0.006562275325174505,0.0093131045419097,0.004174779569525056,0.004665761941359814,0.0028316198386775238
0.28400000000000003,0.004457520706841656,0.004237868944865886,0.0031536681514203746,0.004261668853879574,0.0049229321068037235,0.0032610453833368247,0.002198829806662417,0.006011450807737462,0.005668085038795123,0.006670989280842754,0.0021079219776458658,0.0012106910812375027,0.003414998329423824,0.0040036978105534304,0.005757253497926884,0.003898751277596535,0.006690711610070066,0.009508295342987028,0.0043797300293626495,0.004839425238695627,0.002952399566989561
0.28500000000000003,0.0049862492061186646,0.004903923627805673,0.003673901636598642,0.004714898285762992,0.005466732082269443,0.003789602720305818,0.002617159144991388,0.006866249314237294,0.006067867696495921,0.006997118458063167,0.0024349692094453035,0.0014164823933223714,0.003953515648051353,0.004518958053338795,0.00645425668015609,0.004454494660472097,0.00714653234351037,0.010016109906235915,0.0051683367306196715,0.005591372260052574,0.0034725032706384162
0.28600000000000003,0.005129211259402866,0.005265364043044007,0.0038319567250101327,0.004768427194493441,0.005662780736885975,0.0038573701990831655,0.0027302543231400023,0.0071278799446449215,0.006016376036619198,0.007037986218239478,0.0024963379758328186,0.0014381125950787554,0.004166975176345122,0.0047302176648365,0.006582768955356144,0.004647955905652923,0.007258567552084316,0.009981258355819755,0.0054057612906102115,0.005925042280328641,0.0036528320149518123
0.28700000000000003,0.005543790035030111,0.005948472351270273,0.004275611546628255,0.005081574819490342,0.006149881890415987,0.004236408256593882,0.0030653714389442532,0.007862932415073187,0.006211142336801867,0.00721859785905854,0.002656373283849489,0.001568015689498159,0.00461769400746348,0.005221224638067623,0.007133822904831777,0.00510506571602487,0.007540865914655748,0.010225882970242961,0.006051086438375042,0.006591595088642266,0.004114181134674211
0.28800000000000003,0.005314500269541539,0.005692642036675966,0.004048484084980375,0.004878624134086129,0.005917053289091423,0.003972899533504215,0.002882502428421585,0.007480887946114012,0.006003135806530224,0.007076785006586261,0.0025378449559962935,0.0014747923778511973,0.004424132644454071,0.004988229476209027,0.0068010321293260345,0.004883863167831626,0.007375066096946381,0.009971778240472573,0.005692973647510535,0.006299289673966424,0.0038879887142764247
0.289,0.005759831813754818,0.00624810792293673,0.00446303129523562,0.005162988995910056,0.006320282766460683,0.004563055157810747,0.0032522032425041925,0.00820504219674223,0.006413046370543296,0.0072407318843730195,0.0026910245912511455,0.001626997424865495,0.00464944623994179,0.005486647866812966,0.007583861795505853,0.005332423827661192,0.007629612054222412,0.010419647511787256,0.006523543280271271,0.007012146005146769,0.004372795845113631
0.29,0.005872824548955763,0.006510946712642296,0.004602480739333115,0.005226015728989508,0.00649019974393672,0.004604735400020821,0.003332982616064406,0.008425360614472188,0.00639266269340788,0.007276368288105295,0.002737504258896073,0.0016482878653465427,0.004827489907462512,0.005654321574201315,0.007693391501040758,0.005489040069466711,0.007697380556104361,0.010402547611498947,0.006695967999883923,0.007246281551520739,0.004502525546721148
0.291,0.005316889607745884,0.006151976239079038,0.004094917614056559,0.004734970958625739,0.006045292734713659,0.0037131458234215264,0.002875989569327997,0.007511184481386879,0.00557831860281921,0.0069730706608176485,0.002568238207301232,0.001398245950228083,0.004704566471639637,0.005107449521613239,0.006645850399629394,0.005061248461468715,0.007391171303884225,0.009513543598321683,0.0056471038943739504,0.006652840454058784,0.003968667208150478
0.292,0.0051562049007839224,0.0059651320297030574,0.0039545764473732925,0.004628445030741335,0.005891258805345911,0.003557844616956518,0.0027732458971387874,0.007278206934368203,0.0054319560284838975,0.00684510602511279,0.0024530777059408315,0.0013469875819046573,0.004579298238702401,0.00494430383765454,0.006425664573940781,0.004882140380396804,0.007239530051295295,0.009319294652843646,0.005385288477443573,0.006393107175773571,0.003829633524558562
0.293,0.0054658325803931315,0.006613729584506456,0.004297369507235471,0.0048259880514239795,0.006314423787599832,0.003716669227024405,0.003007727706217489,0.007827898863102423,0.005447733161334178,0.0069644031739900525,0.0025924145982264557,0.0014171330045217312,0.00503102457372262,0.005353338876334601,0.006785086313834343,0.0052942438987270135,0.007463235763642384,0.009373275062006248,0.005810303874364431,0.006998649084470676,0.004182003495577846
0.294,0.005753254256783996,0.00718309661521932,0.004611394491108034,0.00499119149737659,0.006705664381243648,0.0038842146744337835,0.0032111896403430595,0.008344420165717903,0.005521206301756343,0.007072532444843294,0.0026710251202864965,0.0014716745739727921,0.005369391055427997,0.005750121905930827,0.007189900513956404,0.005678016775370831,0.007640389090059707,0.009479703137535211,0.00623429784764451,0.0075565555275598495,0.004499099375893323
0.295,0.0055677907096656045,0.006967968983392914,0.004461927345300376,0.00496085240223243,0.006528147135852924,0.0036491661333160064,0.003119031099194647,0.008038307569073866,0.005242184447038278,0.006940294045308826,0.002744344279598354,0.00146305723191964,0.0054769760041352145,0.005511527447595865,0.006748956722193111,0.0054714721693889246,0.007514798271481049,0.00913596087119739,0.005821201527699382,0.007227367180884792,0.004332273326508096
0.296,0.005343740797711388,0.006432916927722632,0.004236840183083679,0.004879764298449607,0.006225334687565254,0.003582074865059237,0.002971990072313413,0.007688229033001037,0.005283866325196507,0.006833527623182012,0.0026087073269067673,0.0014363674287712902,0.005138952451490764,0.005201959911857235,0.0064952963668146735,0.005125381528477191,0.007315119176487861,0.009122786727463028,0.005530466244484389,0.006688070054984396,0.004077164720916793
0.297,0.005323237556730287,0.006354054554337685,0.004239932145123526,0.0049455343893708426,0.006207824371110782,0.0035658983054571713,0.002976611716563049,0.0076672258573873275,0.005270129587404027,0.006813341648853943,0.002658818892304682,0.001466138661509686,0.005216758479201,0.005154278900037501,0.006404768397944682,0.005076485584004642,0.007283838242230223,0.009076452467343676,0.005457243992785132,0.006579380774389798,0.0040500341672463636
0.298,0.005400071059216427,0.0066470383972737634,0.004331507276480462,0.004952915405403102,0.006339591360720376,0.0035372739086410032,0.0030389070583064504,0.007796119632324072,0.0051413729863820645,0.006796996389538457,0.002724165974041348,0.0014676111436734418,0.005422719931060249,0.005294875055093962,0.006449535401753637,0.005229437606824372,0.00733937482668523,0.008945272991932485,0.0055392282404331805,0.00684117783809135,0.004166299759669534
0.299,0.005169779972688198,0.006445158786516858,0.004126471284608635,0.004799270503415887,0.006099071812200818,0.0032676805143823096,0.0029078206102712834,0.007389802229341824,0.004805846802900193,0.006583146816282581,0.0027168374241625104,0.0014157975045968607,0.005413470650608265,0.0050408651563051965,0.006010354280570951,0.005005629157336489,0.007169164894813229,0.008518738780425972,0.00512725341425313,0.006572107292889262,0.003981111537881721
0.3,0.004719000313359939,0.0057496398370205926,0.0036880873924123314,0.0044779797700049695,0.005583844626109058,0.002947747059250161,0.0026128782662800942,0.006679097738406914,0.004547912557852363,0.006249237060619306,0.002426910746784139,0.001290594080836982,0.004899834961437088,0.004525295774353677,0.005456228918958916,0.004469063916509475,0.006755819236670346,0.00812270853174224,0.004524729808950023,0.005825642893379612,0.0035467530896204913
0.301,0.004819270131430497,0.005902752670093436,0.003813728790072135,0.004654745796573878,0.005745367768517973,0.0029935913602969766,0.002713297859430419,0.006875247802002216,0.004585037703834671,0.006282658801518681,0.0024884805029739,0.0013509372258151409,0.005141627990318476,0.004641971543232426,0.0055271827369755,0.00455294456214661,0.0068213372207088785,0.008150654066241936,0.004587110631650182,0.005907359322824712,0.0036493682733818034
0.302,0.0046789861200733805,0.005805405972789335,0.003684725528521171,0.00452857103863924,0.005616011767335727,0.0028460249843613727,0.0026360030645840027,0.006661871251689044,0.004394450276057449,0.006122082824780772,0.002391765961497594,0.0012993711595543633,0.005051890750147114,0.004518147175568754,0.005335070815880805,0.004419853848971478,0.006682556276596419,0.007900716490760629,0.004381109694801655,0.005756596244451351,0.0035474972744793387
0.303,0.00386749992048937,0.004821364149548035,0.0029361992065135567,0.003882438487726958,0.004718389502852416,0.002185407556642094,0.002147255393017744,0.005337021101724515,0.0036263065711292786,0.005329331362350143,0.0019842731038413053,0.0010765245883243013,0.004369742779877228,0.003651101547713309,0.00424010150890175,0.003558223312194908,0.005888103338395734,0.0067736399399765945,0.003290927766645968,0.004675482918199747,0.0028581642742118163
0.304,0.0032893493478105386,0.0035429685254645404,0.0024219622488417247,0.003608478426066819,0.004002492403455071,0.0019402374870648442,0.0017394432926524095,0.004430661024350857,0.00359235093470589,0.0048984532344439335,0.0016780181864619603,0.0009917213787660195,0.003629648412677988,0.0029309703432011114,0.0035709441120054253,0.002799789127398422,0.005182221428346012,0.0064296152328593426,0.0026583592192384042,0.003518543702832777,0.002220108235377216
0.305,0.0032737070216805443,0.0034128174637408915,0.002425007889094055,0.0036922014105197354,0.003987605223423785,0.0019455769060113814,0.001735157440133639,0.004398834481834313,0.0036493037100251424,0.004887710808230472,0.001704214560791284,0.001025916974699559,0.0036813983455366017,0.0028763987029920557,0.003512432377212882,0.002745054847358541,0.005149223096850619,0.006443592598131986,0.0026158177412044514,0.003408419290672593,0.002177456565146896
0.306,0.003560236500033509,0.00396487796656686,0.0026944202484338042,0.0038747010875794796,0.004319354874484094,0.0020933975814524386,0.0019405079169849682,0.004832748058092973,0.0037082595861503975,0.005102881022972072,0.0019168808555934946,0.001098936761803282,0.004085854484513152,0.0032030647896227338,0.003799221634496308,0.0030947745664452464,0.0054967843528214155,0.0066315307684903235,0.002937776424934313,0.003933376025795465,0.0024753809934373594
0.307,0.003850500224451869,0.004673722726391438,0.0029634813894781065,0.004021013623035641,0.004705785095376447,0.0021971845749723107,0.002166614262045896,0.0053083582365008875,0.0036661962255366554,0.005256140134034637,0.0020569504158697294,0.0011444011563007672,0.004512603205660715,0.0035953108598217876,0.004120438985187658,0.0034801192436132444,0.005824743195986248,0.006713037696835067,0.003243426487821277,0.0045360484907056575,0.002824428483863217
0.308,0.003984903841870974,0.004750492019287567,0.0031075821390045277,0.004255547744912325,0.004873570208586808,0.0023043364934463018,0.0022661320530297235,0.005523486821820467,0.003848638763822909,0.005383591743938543,0.0021596163403151403,0.0012280149575448762,0.004742220963754318,0.0037055152701434,0.00423621266771157,0.003569221538058498,0.0059511851561758755,0.006912385243022179,0.0033580143111890948,0.004605415064557583,0.002916897337097768
0.309,0.003886998942133907,0.004649152762242426,0.0030147102091951927,0.004111458020755299,0.00473674360964349,0.002238907854888561,0.0021917673750123656,0.005353916539892589,0.0037401533569840772,0.005289698293773792,0.0021230051249472304,0.0011840508879631395,0.00460491253682116,0.0036079998561431292,0.0041267357551149075,0.0034939061249605885,0.00585183244308729,0.006771828589214768,0.0032742797469942353,0.004535434483132428,0.0028394852719114683
0.31,0.003945138576403789,0.004719476893092711,0.003077692865464221,0.0041253036686274,0.004756517014454564,0.002289405575153114,0.0022140301727542333,0.005404815337924029,0.0037668566361022116,0.0053521396039817315,0.0022396773070029186,0.0012047310915476173,0.004684844609412764,0.00365555583758137,0.004161686365491191,0.003576091578399776,0.005928607740798508,0.006824665611378289,0.00336147297966094,0.004669851502159372,0.002889349137088826
0.311,0.003480968387575062,0.0038406345133434883,0.0026659451656354527,0.0038949581658545007,0.004240186216270092,0.0020273030282261795,0.0019183171618736283,0.004691677346796874,0.0036079254854476384,0.004946717594196959,0.0019518504038601447,0.0011238977836831587,0.0041837684101591055,0.0031029848659551718,0.0036028193639228157,0.002992730970983404,0.005378299973620937,0.006410149129907672,0.002813399875235545,0.0038140313005484705,0.0024117709959800004
0.312,0.0037008011199098022,0.0036473865660290317,0.0029306532878133895,0.004461231846981217,0.004481528045040539,0.002261367420333782,0.002053617017666265,0.005014727065992153,0.00416482922281558,0.005282831626392093,0.0021742105231723485,0.0013255312192907986,0.0045990205869654854,0.0031562075488934527,0.0037497309299502346,0.0030476562206739333,0.005595115887601643,0.006971109632656458,0.0029442525693155197,0.0036913544300944956,0.0024636607505176267
0.313,0.0035401395227946273,0.0035408027292775923,0.0028002992083119294,0.004362743897101229,0.004348175395409992,0.0020994406889984774,0.001993790251911376,0.004724378142230701,0.003916170594295054,0.005007161987698905,0.002110608241059575,0.0013029926536946013,0.004604658534553052,0.003018788928823568,0.003464306737767875,0.0028793969541633935,0.00541654274137815,0.006579131042406705,0.002722295349977366,0.003548263465033563,0.0023628429117994454
0.314,0.0035699128509846857,0.0035818158609320916,0.0028355841792980785,0.004406194734446034,0.004387400528489849,0.002115263950607904,0.002018182020907533,0.004773892935082014,0.0039382620457451,0.005025085927167328,0.0021330470947231728,0.001318399118292568,0.004667477990735747,0.003048480997910552,0.0034851473670343136,0.002905248015612316,0.0054437141711054515,0.006599864468200822,0.0027443753863117815,0.0035797554720869984,0.0023910647550040576
0.315,0.0037802570476033357,0.003859845931117878,0.0030431487459154916,0.004593812090426641,0.004612323271236951,0.00225977010640932,0.002150966844649105,0.0051136208842703645,0.004115810482183235,0.005244321604798263,0.002278104555595073,0.0013845113580497337,0.0049123437819826865,0.0032617343268714905,0.00372166945382002,0.003122404029148207,0.005676888717556783,0.006868701093576068,0.0029648197956639866,0.0038444999591292772,0.002575843919666143
0.316,0.0037102860426669105,0.004172672733445459,0.0029439051636247493,0.004207479667332814,0.004490696274635053,0.0021485660128052197,0.0021026019374573712,0.00495214453945747,0.003702318971087526,0.005051807045367229,0.00227540725756481,0.0012714010994914204,0.004755674366358709,0.0033287959332846118,0.003663815660581271,0.003207481119735456,0.005650664189704058,0.006498656037232542,0.002979756838578429,0.004164191121415528,0.0026376848841784817
0.317,0.003500825557377302,0.0037878926818801784,0.002743259877349691,0.004022230316631181,0.00423028587628449,0.002048676447908182,0.0019464658756019881,0.004640727708320136,0.0036190126461933536,0.00489751317046383,0.002133823397116541,0.0012030712522076437,0.004427578496886464,0.003082203008586415,0.00346732338896516,0.002982389042049949,0.005394523451700661,0.006337861201941242,0.002798076560470486,0.0038348817834156224,0.002418714963572821
0.318,0.00333215258908211,0.0034757505615146123,0.002567852784022606,0.0038041085972773114,0.003988053697236094,0.0019877775705019474,0.0017959497697564997,0.0044028044736521554,0.003565587722406449,0.004812135796910533,0.0020119202072187425,0.0011203710824286839,0.004055759181711749,0.002894155232296969,0.0033644260044927154,0.0028259756063894192,0.0051800589210105885,0.006261467581529456,0.0026955149589494853,0.0035967785522570406,0.0022366034800791468
0.319,0.0033633236253838962,0.003488301973679553,0.002553746237460741,0.0037029469723269814,0.003976877106050658,0.002058691931049461,0.0017648939041929879,0.004505325022867157,0.0036715946674619193,0.00494276185895659,0.0019468269301852192,0.001066017759808302,0.0038126969771933306,0.002941940272887633,0.0035637053059562884,0.0028948069080463323,0.005190875185207666,0.006470144654938337,0.0028247244735394306,0.0036445673361678033,0.0022450270297015296
0.32,0.003142011553049612,0.003005102795288206,0.0023397186629078304,0.0035880366272155184,0.003732330185494459,0.0019536766341444745,0.0015967742323128586,0.004205896394026687,0.003696286615240796,0.00481408775766623,0.0017312222524279441,0.0010075096040158549,0.0034502957288921055,0.002683772587180666,0.0033966204620073936,0.0026087987626541853,0.004895135829766084,0.00640493407487952,0.002567087890952391,0.0031704767613035534,0.0019924672026154777
0.321,0.0037394907750374516,0.004080202412893086,0.0028557897390245612,0.0038338926026680875,0.004358385947822008,0.002356647008767365,0.001968358949256621,0.005129857036995755,0.003963147533286637,0.0053442928418034885,0.00208561179438449,0.0011002666463739708,0.003955187138936944,0.003373824949659765,0.004174931338637111,0.0033648364115779206,0.005588710672488895,0.007009338572474877,0.0033764400264392203,0.004271363131794437,0.0025987307454637953
0.322,0.003409418514831736,0.003845995226031129,0.002559938064441991,0.0034874730605877202,0.004012199085095203,0.002050606522797316,0.0017873195829251065,0.004614260343398291,0.0034925676814441253,0.004926234510750582,0.001912751515055433,0.0009821961105895838,0.003711000670077569,0.0030907232658475836,0.0037255888281673144,0.003073210066892651,0.005227730679607245,0.006363310850239556,0.002981940082537937,0.003976448006709377,0.0023668761434390007
0.323,0.003361007485926726,0.003694888797146856,0.0025034488233471874,0.003443097831764441,0.003936881220822364,0.002055322694658024,0.0017335946823282544,0.0045481611438527025,0.003552247032002076,0.004931554627136903,0.0018549994966901018,0.0009611604940317209,0.00355401581693493,0.0030287799811804517,0.003727431500287537,0.0030075664636727284,0.005157541302693525,0.006421889498123945,0.002954957950644821,0.003856314711371378,0.002296295649844571
0.324,0.003119188001927525,0.003315167679576958,0.00228947291004733,0.003292766808979275,0.0036845223792802972,0.0018920371606511166,0.001585161608936736,0.004198287972228987,0.0034197344259780937,0.004701648404651371,0.0016755522688625124,0.0009039720461677669,0.0032929250277655697,0.002777502617241523,0.0034550503365178287,0.0027210325124571444,0.00485870618973705,0.006154976124824074,0.0026503893425915415,0.0034433264416235954,0.0020715277804317367
0.325,0.003193926659838342,0.0030513877715875326,0.002340289022103925,0.0034764325188810785,0.0037186605311447796,0.0020483167970034577,0.0015674605575901612,0.004313243465708827,0.003838858635101805,0.004961507786456432,0.0016823882778904675,0.0009546190249611897,0.0031900464316261257,0.002764513599757157,0.003653243456831934,0.0027052168611279015,0.004929465975029412,0.006667124314878592,0.0027204225857315745,0.0032745088797508926,0.0020208267036035954
0.326,0.0030778948515038595,0.0028871145091523553,0.0022439491937045197,0.003374790777602499,0.003572822233615658,0.0019677365192162233,0.0014884848383218685,0.004111620637726854,0.003729075669507642,0.004841526213722247,0.0016659943472419059,0.0009260673967139699,0.0030986721217718394,0.002643547571220095,0.003478867025803911,0.00258867416412889,0.004798618133985633,0.006497708633387833,0.002590215196876966,0.0031384977255417557,0.0019139141208345256
0.327,0.003180105336000777,0.0030268876846194503,0.0023283620418775852,0.0034439745803461763,0.00368683978933948,0.002048454860316129,0.0015501151828769544,0.004286072964461485,0.003831629752742205,0.0049502609520646335,0.0016884275178611352,0.0009454627420492079,0.003152780842620606,0.0027499468107797798,0.003645436925998169,0.0027005566737297038,0.004908113120658086,0.006658959313831758,0.002720989498113502,0.0032721622309777043,0.002006673234751788
0.328,0.0030839780186380007,0.0029134649824141823,0.0022303492610765696,0.0033351403332844143,0.003575633355979324,0.001984845644136146,0.0014828240454940467,0.004146318179430453,0.0037626364866030215,0.004858896370741439,0.0016012830510847564,0.0009024993375563728,0.0029956675174795944,0.0026689123354839417,0.003572233628704513,0.0026076869139206593,0.004785299560858602,0.006551120962890344,0.002625938397231131,0.003152667404044851,0.0019261426043456487
0.329,0.003161883438449126,0.002996105471246735,0.0022768465836151552,0.003383364513417031,0.0036646999917571144,0.0020617392733546236,0.001521807689200405,0.0043025004465570005,0.0039061176445081003,0.004968416801608755,0.0015433901704944297,0.0009044776491785589,0.0029406993889026234,0.002755039085153066,0.0037840305982650424,0.002685350651748908,0.004853062522433449,0.006753414648091205,0.0027318512033313036,0.003214152516210933,0.001990601919908075
0.33,0.003074585815862929,0.002754373981582514,0.0021886029638865656,0.0033488864024481257,0.003546426991700158,0.0020312273573143136,0.0014377227931453573,0.004167745825707669,0.003970605356448886,0.004953200353085108,0.0014688042817992963,0.0008840985194079609,0.0027710052935099316,0.0026391118515478595,0.0037416556738071316,0.0025639189337155477,0.004744978237865571,0.006802285419964416,0.002608787440499971,0.0029962063001895967,0.0018720723396326022
0.331,0.0030219372162318516,0.0024979471395227826,0.002145034142043256,0.0033853287736382853,0.0034634176336679756,0.002026327120707716,0.0013684717308245498,0.004083768632459073,0.0040959100442352625,0.004994796305394011,0.001445567626927713,0.000890077196581518,0.002676681133920389,0.0025282609683197066,0.0037192472279427014,0.002467195222218388,0.004682162562883008,0.006933639525570023,0.0024940036216561934,0.0027781378846654103,0.0017627698314590656
0.332,0.0028856478004287145,0.002392995568089251,0.0020307664249241686,0.0032379203874809415,0.0033143566613953457,0.0019101279364792667,0.0012925166422894652,0.0038491132619019597,0.0038905385291909678,0.004810210767776657,0.0014195363615405743,0.0008477274369068644,0.002601054289595006,0.002418791057821279,0.003484364206867374,0.002343781655788968,0.0045279708583250144,0.006639738300409759,0.0023562453264424077,0.0026783774249107273,0.0016668229104382926
0.333,0.0030796487018871057,0.002709330786408115,0.0022073758663304632,0.00333361226758655,0.003505056582789101,0.002060526411565511,0.001420671085973435,0.004119855854459287,0.003971903136071875,0.004960385575569437,0.0015871131368537794,0.0008951629841945641,0.002804414161071467,0.002621961146373808,0.003688173360688274,0.0025806031258874818,0.004764159446964955,0.006823187253667595,0.0026383601092376807,0.003042355681955544,0.001858766064093187
0.334,0.00311439569625927,0.002537944343485643,0.0022341293872698564,0.003450526875487747,0.0035241731563921963,0.002130964955662451,0.0014049308942802874,0.0041966835820640425,0.004226722484896528,0.005109831779074314,0.0015529573708824573,0.0009232644999586093,0.0027322501822246714,0.0025884607468728005,0.0038450634224230784,0.0025683560184098786,0.004790799147034952,0.00714056168667776,0.0026165421519120935,0.0028916105079720422,0.0018221407322039918
0.335,0.00300985870230302,0.002385513627601199,0.002159363958540106,0.003411452445905905,0.0034312895891576156,0.0020323641560670014,0.0013441635627429172,0.0040598983118375065,0.004138684732423847,0.005010703051190779,0.001494369065489276,0.0009064329193392284,0.0026950015063630373,0.002475016211748393,0.0036809956368590857,0.002445851545894384,0.004662186608596963,0.006979703405007087,0.002454499933532972,0.0027067197638176443,0.0017229640139454494
0.336,0.003042936992841738,0.002389785986259829,0.002190039444236791,0.003444606969101427,0.003458154705010763,0.0020689076403055395,0.0013563599833273932,0.004120028296072831,0.004207350535863852,0.0050635866192406676,0.0015026329658111015,0.000916599378447791,0.002694593995418826,0.0024931831203754973,0.003755939944042219,0.0024789267269962334,0.004692962822693714,0.0070775298175552726,0.0024873547695192233,0.0027193354329683173,0.0017408607035874768
0.337,0.0032078933867881686,0.002592707565606145,0.0023383821850317954,0.0035394155632463287,0.003609175089046679,0.0022221375187561065,0.0014551451132458482,0.004354742595755745,0.004348993071559892,0.005218013891205131,0.0016257836408573034,0.0009608723757956739,0.0028114905955011205,0.0026463081254337606,0.003980281674936248,0.002669679288855864,0.004881503788233044,0.0073217209569639286,0.002717704728674164,0.0029734903560055814,0.0018903196110530152
0.338,0.0034303857305351348,0.0029782466400456453,0.0025425397266038985,0.0036841296183478534,0.0038704953168573475,0.002398418780884426,0.0016380923273252579,0.004765458281798973,0.004467179757159823,0.005357778525827972,0.0016757348168956465,0.001016628442549239,0.0029939738612323463,0.002896466672935083,0.0043176447604145185,0.0029262534675378316,0.005078972194995757,0.007504075521342357,0.0030424467823793044,0.0033172235048062326,0.002135955610763185
0.339,0.0036459987850827047,0.003455644797022983,0.0027158864719990516,0.0037327855807105514,0.0041068276733280396,0.00258037703674896,0.0018168335531181246,0.0050830983107381655,0.004494253064309395,0.005419442485880666,0.0017714979177377854,0.0010476731415102192,0.0031535541213840723,0.0031888398285913055,0.004608575659765801,0.0032082735917060567,0.005284073174168902,0.007582626620586175,0.0034459323200349834,0.0038169494104031143,0.0024068309419097433
0.34,0.0036487236855529625,0.003529373210145903,0.002713019491087265,0.003716113316959979,0.004131249287746441,0.002568623731573516,0.0018404099784294914,0.0051361848250133235,0.004458829534685571,0.005384912760820981,0.0016981495203169938,0.0010363823479865308,0.003123908427966171,0.003226719117743637,0.004664671445335111,0.0032236507979104267,0.005253337402285618,0.0075183531615884425,0.003475599676383445,0.003843040551939403,0.0024319451251409996
0.341,0.0035514447893728817,0.0034860216061859406,0.0026278843899188997,0.0036173897377110853,0.0040452792037669605,0.00245531725450443,0.0017833208293868141,0.004973723527404883,0.004297026645594504,0.0052633826775565495,0.0016648427567753643,0.0009993112066692955,0.0030931881912507064,0.003154592995557426,0.004479401734151622,0.003137817684674582,0.005163418782770934,0.007296958327582814,0.0033528161213662866,0.0037732869675555225,0.0023639151470730146
0.342,0.0035508243412404384,0.00347985993961597,0.002633310075323747,0.0036245208271208362,0.004047564713991592,0.002454686470380052,0.0017864201454828033,0.00498836677504344,0.0042988575495757075,0.005259566366930812,0.0016574492876865188,0.0010020938528944034,0.003095744501649067,0.0031528015181202518,0.004484042258308896,0.0031356398515830497,0.005151803181922321,0.0072924626040234974,0.0033489336831614702,0.003758774792511299,0.0023635884294830323
0.343,0.0035606704335558125,0.0033435087868063373,0.0026388145196187818,0.0036628997828990206,0.004014608306805889,0.0025253914080440865,0.001771334516292411,0.005003924683172678,0.004448605587493049,0.0053251841592627525,0.0016502781595293392,0.0010174563044793583,0.0030066694556186713,0.0031148492073288514,0.004587330549919777,0.0031193972911517376,0.005143536742315935,0.007479420071104137,0.0033540379699874556,0.003670051531235563,0.002336109638050421
0.34400000000000003,0.0035559660544040193,0.0032757219707498786,0.0026362361357303854,0.003671352888514945,0.003991342528833042,0.0025483882342658415,0.0017617058377749073,0.00500743920094493,0.004502384321169117,0.005340841762506154,0.001635555648807241,0.0010215771083496028,0.0029568674225068925,0.0030894390888894785,0.0046314205717455925,0.003106408630958346,0.005122076927574271,0.007542948896644752,0.0033430743077332847,0.0036158771920656863,0.0023186624123160415
0.34500000000000003,0.00340180669132078,0.003188287829924197,0.002528931661807454,0.003576347424169568,0.003888626542851381,0.002330263301586033,0.0016778100357294212,0.004790106733310817,0.004233282414248807,0.005169919486007091,0.0016004133079384752,0.0009817983497225624,0.003013827250504475,0.002965521265863358,0.004259930421588121,0.002948260585263096,0.004986579344368303,0.007165286799286075,0.0030912843692607606,0.0034418225251979795,0.0021978341777876276
0.34600000000000003,0.0031716923684496747,0.002912378100589419,0.0022777031867712294,0.0033161730679088786,0.003594232417471699,0.0021839069486364604,0.0014999559647239646,0.0043353643649657325,0.004062276480947702,0.004949837907767152,0.0014838398376529893,0.0008843956591907398,0.0026880244153794086,0.002755778475312831,0.0040126526421562225,0.0027244357858629,0.004759612065199037,0.0069145620878625635,0.002861094596802838,0.0032222127466784434,0.00199541061711328
0.34700000000000003,0.0032449699319002157,0.003278697230703509,0.00234793639663633,0.0032726689353598237,0.0037258820327159548,0.002182682823008042,0.0016034668419765419,0.004484123258690409,0.003879199592939031,0.004872048617586167,0.00149755854050726,0.000877087691240841,0.002825094912530024,0.002914555952796438,0.004053919669273376,0.0028719631123073075,0.004813050541954911,0.00669277292839876,0.0030333920545660975,0.0035234479218664294,0.002149849582947061
0.34800000000000003,0.003253966466025582,0.0033498690108592077,0.0023791419205898556,0.0032803785851139855,0.003756376917476989,0.002159005468095998,0.0016241432382892995,0.0045065386993490275,0.003801797076900426,0.004840022662055854,0.0015432284123871876,0.0008858289122353202,0.0029335880278732462,0.0029315249647892117,0.0039867797472701305,0.0028942677968673003,0.00482776023100695,0.0065977727954327214,0.003029873777139147,0.0035735797891567334,0.002177851287623045
0.34900000000000003,0.002962743612314955,0.003371908714465688,0.0021419864858586157,0.0029109995798219934,0.003508964133707382,0.0018098579727253705,0.0015064890254246066,0.0040791851681566405,0.003159988719876994,0.004363007510176153,0.001418699970813453,0.0007663567785800574,0.0028533717988473706,0.0027409398768317716,0.0034860757737049664,0.0027007504609445343,0.004508481500320682,0.005738582682573767,0.0026856584459420407,0.0034579591782323282,0.0020456084692946908
0.35000000000000003,0.002932922304299007,0.003401338615354632,0.0021170052195524924,0.002845890325112066,0.0034764241028304443,0.0017763300697664075,0.0014949893824754978,0.004035927747148227,0.0030708253239706274,0.004301793180565117,0.001406058979266711,0.0007458459461491262,0.0028293450991954128,0.00272659787545948,0.003449257037163922,0.002698754592500796,0.004466733655829724,0.005626183272676832,0.002669096895358658,0.003478597755977364,0.0020414510096266048
0.35100000000000003,0.002986959088665858,0.003683276726614615,0.0021730490896529897,0.0028205067232116576,0.0035921425615659253,0.0017428262759798807,0.0015683829920859482,0.004157854674909034,0.00292741721842138,0.004260067607717799,0.0014068627519080446,0.0007384425860611499,0.0029464407592242337,0.0028312780824617523,0.003502288030417855,0.002827055720511673,0.004515328806480756,0.005473736246947802,0.00273465657471772,0.0036821543818148506,0.002155413962612096
0.352,0.0029388032860724277,0.0034470554697716427,0.0021223124794069737,0.002851771915197032,0.0035189996855752304,0.0017617515137235973,0.0015180953196812785,0.0040887812538185075,0.0030609409318789194,0.004283707598305542,0.0013498881331890367,0.0007452552521890476,0.0028190398784649906,0.002753853463490108,0.0034869466718587816,0.0027105062146676184,0.004448700456875954,0.005596737611982983,0.002675142117318008,0.003473512226799036,0.00206306752725427
0.353,0.003095614032568256,0.003730813501060859,0.0022685340600215875,0.0029486701730315756,0.0037060610757968515,0.0018539926458188694,0.0016272586720679216,0.004334861259265299,0.00311475486039281,0.0043946952015979646,0.0014438327740353696,0.0007812127854418538,0.003006099058372236,0.002927428992057335,0.0036689860619143477,0.002910667757333063,0.004618745537856017,0.00571416731220864,0.002878177542886884,0.0037597178472135173,0.0022236035329921133
0.354,0.0029560451886268936,0.003425741359818435,0.002147979249730092,0.0028853331523934767,0.0035206942803167607,0.0017916456928408486,0.001520873316240956,0.004100285118305846,0.0030999695775626446,0.004301546748628149,0.0013943673282137414,0.0007606249131079101,0.0028613564543507053,0.0027556942477334756,0.0034823183390607637,0.0027143088810275273,0.004470522594515858,0.005642830906274265,0.0026940598932251314,0.003483267952146485,0.0020674837670447976
0.355,0.002754957499644023,0.0031331178767324275,0.0019716735797631335,0.0027312966436605635,0.003289086376321859,0.0016551500899869565,0.0013912349803966162,0.0037878176967302,0.002955122970480506,0.004111109196504592,0.0012899079262139734,0.0007082748394684479,0.0026602412689243904,0.002548772663219512,0.0032307075114413886,0.002488935377561674,0.0042388279863612155,0.005395580631036179,0.0024448437728861183,0.003181619345825726,0.0018858292593649795
0.356,0.0026806009081911664,0.0029408169844625798,0.0018893815252670754,0.002671627714118774,0.003171392355209912,0.0016480883930506396,0.0013210904472977791,0.0036700043116023595,0.003001983974663114,0.004094726056145803,0.0012198333605103473,0.0006830800745865062,0.0024719749414631176,0.002461509943865847,0.003216276561758047,0.002392111180771983,0.004130011395105826,0.005425735969670331,0.002387005965619138,0.0030244048732422923,0.0017909621354118554
0.357,0.0026136792198367953,0.0029176370039921684,0.0018468125821090586,0.002597607501307664,0.0031003151202235735,0.001582083314519478,0.0012908486782031714,0.003560545366621426,0.002862292959003865,0.0039790582211225445,0.0012250498821421152,0.0006643204767005084,0.0024794586859069323,0.0024033949625527073,0.0030781451918246994,0.0023409533852358777,0.004058528525032634,0.005234546781255234,0.0023047342007862515,0.0029911890880709446,0.0017560624701250527
0.358,0.0027604737946269496,0.003291871921047851,0.0019922124229189153,0.0026642546231133712,0.0033038446314276326,0.0016276958372559713,0.0014167155071185267,0.003800941758742904,0.002802897042700314,0.004028059562770303,0.0013229854129372942,0.0006931965953612673,0.0027279582933966706,0.002582049351653848,0.0032020969353109274,0.002555576956908223,0.004234209184353022,0.005217646534316112,0.002480198518497123,0.003323187144128381,0.0019418776585803377
0.359,0.002833542082463114,0.0032430440705139008,0.002033479971918828,0.0027572809005168564,0.003366048587468806,0.0017346196112276724,0.0014397379069115424,0.0039295206847620445,0.003033708597881546,0.004182909595527251,0.0012926137785649328,0.0007167037685412714,0.002648316260936201,0.0026364433485485117,0.003401418769892861,0.002594534612562538,0.004285416978034751,0.0055078342206921205,0.002597974182976026,0.003309535588236212,0.00195970021354841
0.36,0.0027691869945743854,0.0034548671331023906,0.0020058533129168055,0.002585256058249885,0.003315105127039919,0.0016098155797085179,0.0014397110715594907,0.0038182609324745043,0.002661829030666807,0.00396145165880335,0.0013421134031078585,0.0006708051572918983,0.0027578096938093433,0.0026194446346349265,0.0032113866010728964,0.0026342269159013165,0.0042251672820665664,0.00506210683558217,0.0025346701703238272,0.00347508939610075,0.0019987698970744816
0.361,0.0025132130958590514,0.002840348924133984,0.001765074969909075,0.0024605764702989585,0.0029730298933182686,0.0015251584121999118,0.0012374418167870882,0.0034169752941981546,0.0027225846306101475,0.0038282264629272422,0.0011729324331339885,0.0006241801604994768,0.0023541405846505548,0.0023231640257844743,0.002972951123211831,0.002266093829883853,0.0039031563434680505,0.005021512427398012,0.0022438136212142856,0.0029180128946884043,0.001694887598865269
0.362,0.002860482855308688,0.0034147707976197594,0.002072452094259325,0.0026866772112992265,0.0033701366461434956,0.0017542543722357529,0.0014656272061986941,0.0039404799725342166,0.002898798199619579,0.004116921914050886,0.001374655117544421,0.0007022386372553813,0.0027240495323876956,0.0026825261191671945,0.0033950503220011585,0.0026913113997767413,0.004300799438787584,0.005369188045174833,0.0026997490343907415,0.003520655903275549,0.0020293151424515266
0.363,0.002671681708353657,0.0031292559272062537,0.0019131627317652278,0.0025537429854103344,0.0031487696778494945,0.001622842300037619,0.001343194814477755,0.0036492057440201675,0.0027669444489248907,0.003941889920899944,0.0012893335812820261,0.0006583904397392537,0.002555685696611465,0.0024882822591689724,0.003141268669966446,0.0024700818595841945,0.0040912864096595,0.0051424554976448045,0.0024494146721547594,0.0032233238111042395,0.0018551027195657932
0.364,0.0024944861905619674,0.0029775112083306743,0.001772462220874682,0.002374393760190441,0.0029446725924336947,0.0014773002712432648,0.001245563628456292,0.0033775813305386704,0.0025225384408881224,0.0037126570843200035,0.0012295453319020044,0.0006028602400930394,0.002439309869946449,0.002325409115990662,0.0028855475147432363,0.002311066038262921,0.003884989133549843,0.004788234864668617,0.0022402433062087557,0.0030490825826707812,0.0017287552759271962
0.365,0.0024025837530220638,0.002692073521027627,0.001675641573528508,0.002331131289687649,0.0027931982529777466,0.0014799641216800552,0.0011537377661507975,0.0032221744081695203,0.0026143417346164988,0.0037018311139311866,0.0011600726569687136,0.0005820803192002622,0.0022251295965345363,0.0022139304218290468,0.0028454791434496807,0.002167814624597253,0.003751871711901167,0.004861934608043739,0.00216007556399489,0.0028225637064506204,0.0015966289257017818
0.366,0.0026034525163093902,0.003020320848773572,0.0018369926309426132,0.002460033787133553,0.0030411296360171036,0.0016116725382887553,0.0012906057390802417,0.003545579935140042,0.0027491423551978533,0.0038855782642788217,0.0012207351020774304,0.0006229633687401259,0.0023765246501777915,0.002424203656842261,0.003143303194963143,0.002414232883479417,0.003969013352784989,0.0050922110247376695,0.0024317465709779995,0.003142319153312423,0.001790741633241999
0.367,0.002555668020396479,0.0029065706975859307,0.001796754464592265,0.0024403617043488035,0.00297346956145228,0.0015942656223016938,0.0012511627924879365,0.0034636927736546586,0.002752968294742586,0.003855132497278202,0.0012049422027016199,0.000615977294354586,0.002322520878605183,0.002367588418963007,0.0030825023090113035,0.0023442391051700096,0.003914646273943001,0.005079065881233746,0.0023687743115825555,0.003044309434003134,0.0017344158899170736
0.368,0.0026053536501031427,0.0027314903286038694,0.0017966202233881123,0.002555011128533291,0.0030002481905460066,0.0017089554805451712,0.0012461690745091403,0.003536337498094566,0.003083985841939363,0.004032650623345568,0.0011312341840934437,0.0006438281191751827,0.0021560533499733747,0.002384279517750554,0.0033045539432605686,0.002319800252690518,0.0039450425870778405,0.005472726407683592,0.0024340558858768624,0.0029175290787047947,0.0017065012862710338
0.369,0.0024582139489525536,0.00256641080059683,0.0016716627504264059,0.002426652471339774,0.0028450250430491764,0.0015841119208320764,0.0011603532029814678,0.003331420136020613,0.0029381896551701203,0.0038810269952697096,0.0010435360142754257,0.0006008477758354669,0.002019087266035946,0.0022506017989015747,0.003120893382885126,0.0021716633104837957,0.0037654254939539777,0.005236220113252199,0.0022475782325888094,0.002715996041125268,0.0015875765740273051
0.37,0.002633901334204036,0.00318870105479252,0.0018658477251900507,0.0024257669042810903,0.0031249821739770534,0.0016016872046908937,0.001351042006330072,0.003656426784118927,0.0026775648859878043,0.003840640321376765,0.0011682744248797672,0.0006192384308536525,0.002372494211520415,0.002494887106992527,0.003227928847427841,0.002501304621469025,0.003949466603713092,0.004978632628523827,0.002518936882263789,0.0032456440733751313,0.001868559792316482
0.371,0.0024461247612275415,0.0029988253101825846,0.001710851652488965,0.002244504612136655,0.0029100241992655596,0.0014519156315847548,0.001242469006910829,0.003376754837771334,0.0024594804937558834,0.003625984391982584,0.0010846586527203383,0.0005607626690374845,0.0022156702969465814,0.002318398453661663,0.002980198573320325,0.0023238254258216573,0.003727054102119154,0.00464981788829244,0.00229057108954156,0.003024887134119858,0.0017258408028906214
0.372,0.0022223216261945955,0.0025346041655162077,0.0015164880197167108,0.0021277567327823155,0.0026189080097289708,0.0013445030007229741,0.001073958664596364,0.0030183712443817567,0.002427794637382963,0.0034652977224620685,0.0009798810810576208,0.0005201800557642633,0.0019603790262404663,0.0020722776254943343,0.002708322196190105,0.0020163021004089288,0.003463423881439276,0.004519085565699021,0.002000635714430987,0.002593760818465629,0.001484502261410947
0.373,0.002364638966458604,0.0028392254659866945,0.0016466686285346865,0.002216601671751972,0.002828085241377898,0.0013968897551744908,0.0011909465790305163,0.00326187600634098,0.00243693727351757,0.0035534941488655214,0.0010411589360624918,0.0005535050926973595,0.0021531541736712345,0.0022300927841164553,0.002858422800309235,0.0022061794454711903,0.0036372886389590686,0.004579734052007067,0.002164943083789561,0.00285266308806964,0.0016449124634384527
0.374,0.002277294858225981,0.002851460031875863,0.001595693352983596,0.0021052955587272937,0.002738904144366172,0.0012983307343721329,0.0011580219649861556,0.0031259252240157798,0.002213868177965428,0.0033825243225805712,0.0010498008664751035,0.0005236696433561505,0.0021820459264348946,0.002156528970277738,0.002675947279051849,0.0021551403333053276,0.003548180598728523,0.004286247200695481,0.0020495918192202645,0.002835592508698692,0.0016131285064026057
0.375,0.0021750109584000254,0.002682737952637515,0.0015050755920291703,0.002023040083880878,0.002610681172802498,0.0012445294187090061,0.0010911575632867043,0.002977048843496477,0.0021659034543374256,0.003290730909076389,0.000983740217252893,0.0004967353420777254,0.002040969955513061,0.0020543071838599047,0.0025782805578601353,0.0020395083610358355,0.0034071759190523743,0.004178866196448583,0.0019430741626567105,0.002668864638625368,0.0015177916433618543
0.376,0.002012853281997623,0.0024021262364212204,0.0013739227817113342,0.0019196298908089604,0.0024129832135553198,0.0011522964357689736,0.0009827632846240997,0.0027235094216704336,0.0020832871019085264,0.003133194254018923,0.0009144573605821549,0.0004650354227055953,0.0018897249681573136,0.0018845007870249564,0.002363045015130849,0.0018375688190975792,0.003211078208278595,0.00400434909238212,0.0017406965863818735,0.0023991398764713345,0.0013637568832522984
0.377,0.0020430913271469787,0.002341643436400087,0.0013784388690796234,0.001970169602646621,0.0024367879866051823,0.0012039513495477605,0.0009831340381776243,0.002776541115783293,0.0022311632860146924,0.003233616232518055,0.0008813521920328915,0.0004752745534035707,0.0018128392696378226,0.0019057772136569229,0.0024748092299686775,0.0018418794728003451,0.003224487109809937,0.004186304638093108,0.001789100323328463,0.002358112547456992,0.0013564440759779028
0.378,0.0019116220880531886,0.0022339570296897593,0.001278284620970016,0.001840544939893607,0.0023053003298423302,0.001092213215802773,0.000921819971480442,0.0025963013745973207,0.0020529635770678567,0.0030483737200015515,0.0008168913852749649,0.0004385689720929342,0.0017196340677650968,0.0017882334356618124,0.0022935278339919485,0.0017256653681324563,0.0030554369744300036,0.003905335292394674,0.0016346624180469949,0.0022123721957387765,0.0012723550381884552
0.379,0.00184082882741341,0.002212918902181782,0.0012389928253213611,0.0017665651084046718,0.0022372763706146603,0.001022540913327541,0.0008957420393569393,0.002486574641391792,0.0019020344131193134,0.0029080650552490983,0.0008177056267872906,0.0004215609634372619,0.0017388233111046425,0.0017242864642958988,0.0021446542504157673,0.0016694854104983836,0.002982518764684916,0.003691431745889928,0.0015417308752911918,0.0021727933129787047,0.0012408755539170535
0.38,0.001642188382050136,0.002101139779947636,0.0010983958593965282,0.0015408480259895274,0.0020180519937301744,0.0008591575439448329,0.0008118026480055107,0.0022044285057326585,0.0015731180506455278,0.0025796512423520435,0.000748335016052315,0.00036127839906585635,0.0016218796087024145,0.0015490908036128737,0.0018655140506360635,0.0015187086753967183,0.0027212154051734494,0.003193161843342174,0.0013299486625840684,0.002014462396347838,0.0011335791303445086
0.381,0.0016438906462774628,0.002067448422807261,0.0011073190452215442,0.001572122503741169,0.0020213171130444296,0.0008659851901124949,0.0008059112249353406,0.0021818047840258536,0.001595049137087523,0.0025766841859168332,0.0007745208406340076,0.00037251122603765285,0.0016727993537055674,0.0015412713200779748,0.001821069772941164,0.001494333331709563,0.0027496454010909055,0.0032210625340340915,0.0013105681306305739,0.00200240456171219,0.0011239848460831148
0.382,0.0016875336173249656,0.0020211046850058256,0.0011269753544985717,0.0016434379295737767,0.002067035085032032,0.0009196273083575957,0.0008118601957058935,0.002251776066188871,0.0017468221389562721,0.002697227835215199,0.0007616680172077839,0.00038883304254622164,0.0016387219908899908,0.0015735005005569347,0.0019200718239991144,0.0015069041211082101,0.002790302783532539,0.003421131209000783,0.0013620627591864887,0.0019768052674536962,0.0011248042324835117
0.383,0.0017228527936417382,0.0020300790341937214,0.0011513616288949535,0.0016928015754084091,0.002114030696009128,0.0009470467170337171,0.0008265215522846869,0.0023029118738764343,0.001817350063077483,0.0027590270026577324,0.0007690259577826097,0.0004023410643043679,0.0016618975964657334,0.0016022374774224968,0.0019664457885417708,0.0015274881257307804,0.002839919953197101,0.0035214977583154505,0.001392252959046436,0.0019914038229458253,0.0011414152256459253
0.384,0.0015987872219411724,0.001786170694299205,0.001047139449930845,0.0016306815492315163,0.0019856874161707783,0.0008793588807397557,0.0007448140103815115,0.002113359381643476,0.0017884584617716692,0.002642379609427148,0.0006926061027571206,0.00038333966658399277,0.0015330176203768309,0.0014693938850974808,0.001810386974391065,0.0013629587830846779,0.0026808705305946257,0.003413279086651566,0.001237625115759533,0.0017551988848237832,0.0010190183351068693
0.385,0.0016628008922129288,0.0017823388980581223,0.0010860015869708084,0.0017167037952696695,0.0020495552558663643,0.0009395928327410319,0.0007632970124634708,0.00221145868969852,0.0019379426217320805,0.002780789384807636,0.0007005393909824686,0.00040384845381946644,0.0015382649428109518,0.0015196879716830036,0.0019276101850745908,0.0014013869342356378,0.0027565491728557268,0.0036278142217646137,0.0013026147562541501,0.0017713866013118196,0.0010386351358584456
0.386,0.0017353431008620245,0.0017745728374951586,0.0011308855941190021,0.0018215330970831056,0.0021280864928684418,0.001004659880947112,0.0007854554865197594,0.002322060428321726,0.002109334580472133,0.0029349366750257566,0.0007094519231342078,0.0004297314071949332,0.0015553423071382744,0.001573398052341024,0.002053868973110995,0.001440987383725001,0.0028491307517259923,0.0038723021650434175,0.001367276628287617,0.0017835796766690892,0.0010602676760177454
0.387,0.001791746403926392,0.0016928833573925939,0.0011606664143184453,0.001946551649045225,0.0021967748948164,0.0010603007319730517,0.0007905610125378271,0.002408867440121143,0.0023134303041154602,0.003096754627305076,0.0007036072392134773,0.0004597379556108283,0.001564256951335219,0.0015972595016795488,0.0021561821027273886,0.0014402416731712497,0.002932530137437994,0.0041497794375112695,0.00138833053742482,0.0017256081950791646,0.0010506039157116565
0.388,0.0016725164085118372,0.0015266960023360143,0.0010634223509456975,0.001840629383905279,0.0020464788307998916,0.0009931268651885983,0.0007146076570273552,0.002220900605238385,0.002219479536224922,0.002962620591615339,0.0006494033017485634,0.0004271864793770064,0.0014356074498005356,0.0014819236503157418,0.0020207428149571216,0.0013186719915531109,0.0027654250654481904,0.00397757700322976,0.0012647786945713113,0.0015697583236479185,0.0009512915723060011
0.389,0.002111535641949347,0.002080285582792607,0.001420952810816778,0.002215003893073497,0.0025297646332763657,0.0012860403548388133,0.0009712115118064579,0.0029020562877055678,0.0026313893381723075,0.00349165335539503,0.0008528899947958246,0.000541779097168904,0.0018152488521532284,0.0018982445473119114,0.0026126004348395737,0.0017765272438289292,0.003329501115710065,0.00468567384661478,0.001754824768201324,0.0021380494951670492,0.0012970156753179252
0.39,0.0022857325777839166,0.002379414135373681,0.001578405362035018,0.002343947311244987,0.002757396257135003,0.0013760752340203908,0.0010996104252157801,0.0031974995248289506,0.0027078274707237338,0.0036307740707391956,0.0009385252891332962,0.0005879523818831389,0.0020256289120818005,0.0020855288253470716,0.0028007349198733156,0.0019792952626068727,0.003543813962569753,0.004841410135490443,0.0019598764239220356,0.0024130136135911417,0.0014679220378627234
0.391,0.0024038312603032242,0.0025139105522952176,0.0016729850319789907,0.0024180693524861185,0.0028472133425311297,0.0014964243194443005,0.0011667554569614325,0.003372674282634658,0.002838815072928269,0.003760509733772621,0.0009894451555808592,0.0006145472572548494,0.0020556496122204893,0.002198521126474451,0.003026897617437241,0.002119271082051677,0.003646007267120832,0.0050383863608186585,0.0021484923350439944,0.002587639094168148,0.0015644111528605453
0.392,0.0021685914279801375,0.0021074491570889364,0.0014687887352825557,0.002274522630078435,0.002578551238472726,0.0013381735715778387,0.0009965930492091823,0.003000786356717411,0.0027272682235127688,0.003581271958871257,0.0008717885840692219,0.0005604608710798598,0.0018360768486566093,0.0019432188014057994,0.00272008797936496,0.0018277561956527855,0.003387612782178584,0.0048246367553799185,0.0018184995378671687,0.0021799191343294666,0.0013283661488072696
0.393,0.0020008468196329064,0.0019249747134880701,0.0013398514314129084,0.0021305782421866537,0.002408474612079603,0.0012067412699026114,0.0008990271614822687,0.002726737412735658,0.002536316930147442,0.003369994373164542,0.0008130588859032173,0.0005158346747893283,0.0017465181213172087,0.0017842693823876266,0.0024413730413480605,0.001653051649396886,0.0032037531447400847,0.0045261696280290975,0.0016060381993266981,0.0019811680775233542,0.0012030054412968116
0.394,0.0019110984259865737,0.001723737648052337,0.0012681147952476879,0.002100459669768906,0.0023137574671534544,0.0011508212192078426,0.0008268550863996804,0.0025780037786788945,0.0025283649231828687,0.0033176876721083826,0.0007724735459316845,0.0005033206393825207,0.0016842812698988352,0.0016742592872053264,0.002303068792496421,0.0015215194105783203,0.0031165640580967935,0.0044861851050095325,0.0014606856747457764,0.0017920573042009558,0.0010997511723852549
0.395,0.0018696511298724905,0.0017058716840526733,0.0012371419673898876,0.0020557466717819883,0.0022809059624707695,0.0011134809656219158,0.0008121709840267499,0.0025172484906259562,0.002456156459400227,0.003241094803905442,0.0007543471494250165,0.0004912054063896942,0.0016679339289997763,0.0016425059658304875,0.0022311265758494514,0.0014872768517879553,0.003064925999293866,0.00437351546695286,0.0014188173160973871,0.0017614902296629875,0.0010800597178847182
0.396,0.0019914024233735005,0.0017948576457383902,0.0013448593439074896,0.0021951613856671104,0.0024251207397057994,0.0011920419221960188,0.00087148735805187,0.0027056836675881657,0.002619908178481123,0.0034258288675597104,0.0008163091977971826,0.0005338642908787605,0.0018056923937829206,0.0017383787035714082,0.002361538249618933,0.0015826694326618318,0.00324803040153121,0.004638536418556494,0.0015125029568847648,0.0018604420563850255,0.0011551352569058038
0.397,0.001889934720219072,0.001690705717649288,0.001258419795431065,0.002101287580447475,0.0023189004595620677,0.0011216668763995852,0.0008175070800291451,0.0025466933757993804,0.0025063824280485703,0.0032859887249564457,0.0007647359746717486,0.0005044509684960508,0.0017155573157272563,0.0016480369776116222,0.0022298261567480493,0.0014862603407250763,0.003113468942345432,0.004448168058303059,0.0014097038789813165,0.001748667061615694,0.0010822666908331113
0.398,0.0017795236458232,0.0015561803491890291,0.0011611262476863837,0.001998050343381741,0.002184342567618791,0.0010573733825870457,0.0007527633878212647,0.0023789217449213806,0.0024053585147932877,0.0031514669640617665,0.0007036526721785341,0.00047137090753890387,0.0015820437084791417,0.001546945470481842,0.002121361620035289,0.0013826935445585553,0.0029490519279696814,0.004269075912575082,0.0013079551074175466,0.001615491582163564,0.0009952469610051695
0.399,0.0020902757048448517,0.0019052242673474051,0.0014286458012876535,0.0022884106684489813,0.0025375744733383554,0.0012538443235974306,0.0009285986282953074,0.0028767782293852573,0.0027223540285294945,0.00355286046369796,0.0008560722064820947,0.0005628071138676916,0.0018907043537965684,0.001827074813700258,0.0025032262861874877,0.0016838197475654848,0.0033691588161572916,0.004808506667154933,0.0016125887983802212,0.0019693292596034695,0.001227935150073689
0.4,0.001902795354258674,0.0017432269210063689,0.0012871037218021852,0.0021299056958477003,0.00240084279596553,0.0010881165588747521,0.000836485915644225,0.0025383803357996726,0.0024772662618923746,0.003261641776372004,0.0007920857257919245,0.0005158484620176873,0.0018629412860105,0.0016583880826910313,0.0021117013881628566,0.0014800585314570514,0.0032076933123575957,0.004417061085704499,0.001361470394714237,0.0017767892723431489,0.0011088995607181351
0.401,0.002038770543128554,0.0020097504327951654,0.001415682993959999,0.0021975361863736387,0.0025429510425911683,0.0011635296922664073,0.0009317879826034048,0.00274991752986109,0.002517814381756134,0.00336114921704167,0.000881535153448687,0.000543555710141308,0.0020184952240656084,0.001815464922504617,0.00226071151037055,0.0016516230349644667,0.0033777669195542703,0.0045213937348260735,0.0015274592257108477,0.0020322110002296556,0.00125507496750632
0.402,0.001827290229379891,0.0017410121740052409,0.0012325861953885742,0.0020138962931440796,0.002299963043429054,0.001040909353555275,0.0008073982809497782,0.0024087570510936684,0.0023224931619920675,0.0031022667967179895,0.000775438520775551,0.0004854859938608902,0.001799653778973176,0.0016086215212717248,0.002016111572319401,0.0014415549969780672,0.0030917877404279537,0.0041841108866584875,0.0013181377900720603,0.001771473664534784,0.0010841457714499958
0.403,0.0018601815415282608,0.0016606921469352054,0.0012629863832526178,0.0020714016857010797,0.002287639510554218,0.0010993354895599827,0.0007937526618370105,0.0024511680417752535,0.0024586910748156665,0.0032307080001632293,0.0007945994370490705,0.0005004483213421063,0.0017782707536271314,0.0016097559363702496,0.0021022140863261596,0.0014459676427222012,0.003126157491477044,0.004386082540230984,0.0013411026382648128,0.0017365147121449764,0.0010661422764162154
0.404,0.0018952586470760702,0.0017566712461755118,0.0012903368599426202,0.0021002652646462394,0.0023745556515336608,0.001090237347880163,0.0008332759930150813,0.0025229160508135617,0.0024475222662735385,0.0032338451154295678,0.0008000709388313876,0.0005104667041262445,0.0018542886635487532,0.0016559322215957684,0.002106634146208819,0.001486348196516607,0.003187604467547178,0.004374417286054921,0.0013682416207800863,0.0017978563188989494,0.0011136865817027441
0.405,0.0019660325479416763,0.0018379202811313888,0.0013595212860590955,0.0021702906729226257,0.002472378574905343,0.0011231938476863323,0.0008730011376286706,0.0026182865402073485,0.0025217276632576446,0.0033206976660117293,0.0008441742700276977,0.0005337030309745527,0.001969392352860533,0.0017200065897089445,0.002140758654961883,0.001541513132476191,0.003316896344528253,0.00449800924174637,0.0014112539987745087,0.0018769405621845703,0.001170985110779843
0.406,0.0020894399090347626,0.0019567472240527017,0.001459168005975342,0.0022949934406725214,0.0026133271483260723,0.001195678173102399,0.000941547213813787,0.002854703648229484,0.002665272713225808,0.003504611762157661,0.000885069532661098,0.0005703024463936668,0.00206131694847278,0.00183345214812769,0.002325245706642165,0.0016595885464865123,0.0034597253587408394,0.004734455934695125,0.0015333033128127616,0.0019864040125983085,0.0012538849035085287
0.40700000000000003,0.002031260302423421,0.0019443066172669665,0.0014013951550666537,0.002245317255293977,0.0025934497775895737,0.00113136974782857,0.0009250686791287821,0.0027706407125657195,0.002562165162634966,0.003383340800939383,0.0008456953451214666,0.0005522483644883058,0.0020420777078228314,0.0017976860978271558,0.002219586352538938,0.001607453562880612,0.0033947427159677357,0.004568496683148071,0.0014694555077817695,0.0019443656735962378,0.0012263441289807053
0.40800000000000003,0.002118456273273833,0.00206235804382926,0.0014741338138312132,0.0023231812104883565,0.0026961773845809445,0.0011762869434392975,0.0009803097478192635,0.002940262195729404,0.002632279003561666,0.0034848210528591883,0.0008796158682571331,0.0005755379532428329,0.002120110926578378,0.0018909470727626054,0.0023398009887452,0.0016995710855985946,0.003492064398346484,0.004692205519855608,0.001562989631392564,0.0020500290108124153,0.0012964436137462565
0.40900000000000003,0.0019652725003271366,0.0018858489097722808,0.0013332681862086027,0.0021947193015394717,0.0025445897662010886,0.0010775029871659125,0.0008963542274809111,0.002690121313448479,0.002477784155674234,0.0032850914921046526,0.0007935966575508546,0.0005327007975910458,0.001970904506013782,0.0017424884984844624,0.0021522290380524556,0.0015493783355143842,0.0032942494810981326,0.004432164845023956,0.0014087792861906534,0.001866239733441022,0.0011774384879863486
0.41000000000000003,0.0019845759012872667,0.0018536677464480178,0.0013526693023514502,0.0022112914967132857,0.0025170092206330263,0.0011183394433375016,0.0008932756126266428,0.0027381542967235273,0.0025388776414965175,0.0033556302601300825,0.0008014786756410652,0.000539210736309581,0.0019289973698818352,0.001744958090783455,0.002243931598922777,0.0015705684972093792,0.0032820042715875353,0.004523139482454974,0.0014475997075412694,0.0018585808076875265,0.0011721337672658816
0.41100000000000003,0.00200104201089949,0.001927140278329298,0.0013712805979104736,0.0022105973998512995,0.0025570974285066272,0.0011117922676688874,0.0009139897855484636,0.0027563253650123576,0.002510590581407457,0.0033330258623328612,0.0008169431446782838,0.0005409118794388323,0.0019834180636129073,0.0017768991256744693,0.002222881037081459,0.0015952313072914448,0.0033194785417359762,0.004487852777638746,0.0014613257659613632,0.0019174985470650219,0.0012065604612435665
0.41200000000000003,0.0017787876973556105,0.001470815420727356,0.0011740768434492788,0.002066922390802195,0.002248068210441323,0.0010302948349221186,0.0007438924971739924,0.002401628013305346,0.002454924911825862,0.0031932341453085877,0.0006902837058714306,0.0004905855120527214,0.0016709584899082808,0.0015078212707013705,0.0020498678696831973,0.0013367352630067053,0.0029961737792126852,0.004340491625171139,0.0012269896699586003,0.0015180475384892755,0.0009639419551007444
0.41300000000000003,0.0016760530318740807,0.0014048368460589655,0.001088896118763616,0.0019658313119400583,0.0021737394358432027,0.0009474902670023599,0.0007022917963955821,0.0022219859795566954,0.0023070243100922205,0.0030057155776727074,0.0006434586719200608,0.0004610031009626425,0.001624289444398963,0.0014251961836586613,0.0018643833709982571,0.0012395122476606124,0.0028836243914484028,0.004095450779492027,0.0011214258193112947,0.001434748707563327,0.000910156276741958
0.41400000000000003,0.0015500658409274503,0.0013424361528666662,0.0009953093217031084,0.001809803933187526,0.0020386026977667893,0.0008656611868981257,0.0006499444538878851,0.0019957552258237365,0.002108514445673837,0.002762951020198079,0.0006034355645310185,0.0004209270748568583,0.0015390644346621185,0.001329005060143218,0.001670296614614708,0.0011410371150415433,0.002719918627258844,0.00377002569940621,0.0010177858850640709,0.001366665900557451,0.0008541764044072142
0.41500000000000004,0.0017110031150428362,0.0014716207011096216,0.0011171630444303249,0.002001094024315919,0.002252019974784636,0.0009499349127854995,0.0007298876750164718,0.002263354461401801,0.0023235763044145985,0.0030268897696571484,0.0006584814754752033,0.00047142135488698056,0.0017010173128274575,0.0014619408356807417,0.0018577310758751686,0.0012686288682499658,0.0029637358315182105,0.004129288803443543,0.0011372226235276672,0.0014869631909546488,0.0009480900605011167
0.41600000000000004,0.0016984376084903218,0.0013710108839679602,0.0010956399145218843,0.0020469333742533236,0.002272323348823102,0.0009359217627126215,0.0007093405653699758,0.0022459182112767317,0.002384526844615986,0.003067480419794655,0.0006313561851656324,0.00047707123275808616,0.0017048943146733553,0.0014256686792709639,0.0018211398051931615,0.0012148642913164531,0.002977306254557943,0.004212743349794823,0.0010805657756218778,0.0013892715529547628,0.0009047754031631383
0.417,0.0017870136812868365,0.0015364955897707588,0.0011723267107731639,0.0021149313676086523,0.0024059829092180074,0.0009666164654552611,0.0007730296289135685,0.002380660607587348,0.0024245421660504807,0.0031337339604595726,0.000678988131297853,0.0004985426935182335,0.001836697695927647,0.001529040049737751,0.001875563732001706,0.0013062146767574,0.003121648279374334,0.004296842116035426,0.0011601378257711792,0.0015330089044925943,0.0009952701149857912
0.418,0.00179265858526248,0.0014672548137721897,0.0011724768792784612,0.00215226640068622,0.0023930639727585135,0.0009815260746454113,0.0007614770051816988,0.0024212942945360805,0.002484146829531242,0.0032040357576736955,0.0006677297382958747,0.0005051150446124808,0.0018076682319877468,0.001513109817649294,0.0019286075868477637,0.0012954622326726284,0.0031081209498821094,0.004391639158936478,0.0011571061876582966,0.0014745023569326943,0.0009665683717107187
0.419,0.00180749665351031,0.0015638549564539472,0.0011851027725571228,0.0021480027348729225,0.0024562815965838425,0.0009657663538599204,0.000787834879977245,0.0024215838467919193,0.0024417618235726968,0.0031523561411191947,0.0006805402796555837,0.0005049214492665044,0.0018769607737411098,0.0015531242047630567,0.0018765352843910232,0.0013166693384373263,0.0031610753382560475,0.004330317184534471,0.0011674629019108318,0.0015491000220207995,0.0010106811874406318
0.42,0.0017086197656956792,0.0013123443123496115,0.001096189200781028,0.002112331643915444,0.0023297041550128794,0.0009302711006825559,0.000705729751964701,0.0022667153002324802,0.002449712972589335,0.003121866077552493,0.0006165629242784743,0.00048777005189237777,0.0017516622123973091,0.0014150489509923148,0.0017916324003894868,0.0011832989372581038,0.003027161787870658,0.004316418260251198,0.001043995850415591,0.001328866359420422,0.0008851130636671201
0.421,0.001711941751150875,0.0013372434201662786,0.0011008230371010175,0.0021026192622244366,0.002325394593507224,0.0009322135084071093,0.000711604793561138,0.0022815697988061157,0.002433850108905622,0.003112422363808487,0.0006199376453354111,0.0004866383995999479,0.0017463350893078822,0.0014256976274041877,0.0018075974579168097,0.0011974942078675221,0.003018064553833577,0.004294671291181107,0.001059417557823683,0.0013499852341003482,0.0008952550721595953
0.422,0.001822322490613404,0.0014334878733880396,0.00120144537037703,0.0022136088352580074,0.0024441042643164046,0.0009970576628707262,0.0007637477582510543,0.0024632789937060195,0.002569195647886713,0.0032910749049226418,0.000677715685344138,0.0005199264436752671,0.0018664488967357062,0.0015211800504350004,0.0019273746774240985,0.0012898808244404814,0.003183881208745243,0.004527056148720399,0.001141602076903947,0.0014493470181549117,0.0009650354707122499
0.423,0.001812778480792121,0.0015341312056731393,0.0011894755402656054,0.0021838819764744555,0.002517651442259905,0.0009548784603528038,0.0007830730192170954,0.0023847957257935315,0.0024949980851033393,0.0031666385639737005,0.000679998568528517,0.0005110171044241385,0.0019486072309010671,0.0015518275347196075,0.0017877517073459082,0.0012798138411618254,0.0032423712772264857,0.004396553019245575,0.001117331625294482,0.0015228648304473902,0.001007908857433848
0.424,0.0017724982800453259,0.0015945591506127954,0.0011693978106882552,0.002066271338470038,0.002400642594310609,0.0009474636368900224,0.0007806214437524606,0.0023638407976929177,0.0023479362378552304,0.0030479499043082336,0.0006781517002664161,0.0004890715918847155,0.0018414135643211038,0.0015426510676828098,0.0018370345972362756,0.0013151071341179765,0.003093694936349145,0.004176337527656004,0.0011640958321554873,0.0015761111828248575,0.0010176135518311646
0.425,0.0017348011023695098,0.0016009853068049695,0.0011354013483695358,0.0020197315203640542,0.0023939239970333093,0.0009083477718887512,0.0007695205099397251,0.002279577151120482,0.0022786236970764318,0.0029536746555826054,0.0006621573771584677,0.00047556008959981355,0.0018391021320737222,0.0015216970796225748,0.0017436363317961945,0.0012826092802160627,0.0030715113259545124,0.00406119273264216,0.0011192833580243589,0.0015688412531962292,0.0010106451289262353
0.426,0.0016524587446088035,0.0015293412345837032,0.0010643435693457048,0.0019340434411151408,0.002312730926674278,0.000856900246724912,0.0007298468028644756,0.0021391987909451515,0.002176764941641429,0.002823172312155675,0.0006222762066493415,0.0004513830010623998,0.0017615529653010054,0.001447126410611288,0.0016379633844421093,0.0012118032419833336,0.0029616315289027195,0.0038896859554785612,0.0010463641965919868,0.00149326314783238,0.0009597825872704746
0.427,0.0015755148630132942,0.0014955966351118954,0.0010023550791451452,0.0018353052150777982,0.0022360994308103788,0.0008053429311469795,0.0006985965086682144,0.002005126782966049,0.0020553009156553115,0.0026773625254800093,0.0005913901295730994,0.00042626479020702046,0.0016947947024456012,0.0013864707331738835,0.0015332492475653714,0.0011577005420737585,0.0028581180514537508,0.0036903587010426175,0.0009842943240233604,0.001450186558625166,0.0009263834560204742
0.428,0.0014419896194364623,0.0012354732536611346,0.000884011402509266,0.0017614078003633793,0.002126035583570829,0.0007399003024529671,0.0006072051967749292,0.001735768471738286,0.002026348033102754,0.0025428333481910537,0.0005154147094473815,0.00040082238709782114,0.0015897088892177225,0.001229268287503138,0.001319751829600091,0.0009759705256884299,0.002733103134078041,0.003583606377640769,0.0008118977602097344,0.0012220217938749833,0.0007992433020065359
0.429,0.0014413615292888815,0.0013455143575843431,0.0008835260398056821,0.0017162241312377313,0.0021558635614514765,0.0007149733036490025,0.0006266689772083112,0.0017259805253447835,0.0019433073828827307,0.002465689849325936,0.0005227728723304903,0.0003923172996800339,0.0016121784844953524,0.0012593674301702995,0.0012851443711023869,0.0010061441023345719,0.002745291256746385,0.003464955233147382,0.0008189809410392712,0.0013012701448266162,0.0008410603214148438
0.43,0.0013116295246846544,0.0013036245611259822,0.0007849584004030463,0.0015341590594323273,0.0020253001037376928,0.0006286178076450044,0.0005767144177273309,0.0015012217991842158,0.0017281523778936991,0.0022060847199045774,0.0004761469423815168,0.0003503284822209407,0.001499302766896915,0.0011598169978663808,0.0011088414983450035,0.0009224236662034313,0.0025693552939884956,0.0031075504137552112,0.0007144321219738625,0.0012417068355216054,0.0007938522274858473
0.431,0.0013972913774549177,0.0013191187052860043,0.0008583731508610137,0.001651268998677069,0.002071732849416863,0.0006981111350856661,0.0006077131793386092,0.0016722362892119813,0.0018683376628845227,0.0023876837512600835,0.0005118117558321478,0.0003781460389271629,0.0015545830438358221,0.0012236311048623438,0.0012635743767824836,0.0009855440602887233,0.0026518165600638577,0.0033426396196882813,0.00080212777984634,0.001277892328668817,0.000819485158280564
0.432,0.001406652100771133,0.0014397909109036267,0.0008844140669574951,0.0015962167352895351,0.002024705062548038,0.0007000734044630974,0.00063281067242138,0.0017368692911303718,0.0017629271986095985,0.002342878365030776,0.0005379795060955761,0.00036972833621473633,0.0015416815874235157,0.001260233148969836,0.0013319746907598518,0.0010570868329279337,0.0025975623156770933,0.003213769022222479,0.0008638438391651571,0.0013763715697612255,0.0008621254588513372
0.433,0.0016258195763144746,0.001756045684019325,0.001064901656900541,0.001779129842767957,0.002248248697117039,0.000812021384353323,0.000760973777632179,0.0021353912477640735,0.001918943643511084,0.0026283550024935876,0.0006430442254916624,0.0004209821738925257,0.0017356030149694446,0.0014886130588046553,0.0016423861602627987,0.0013032383493775113,0.0028530803212030165,0.0035287255681322183,0.001095805163813357,0.0016672178607426424,0.0010336846930405486
0.434,0.0016485307283857164,0.0019110497381027436,0.001087459564491966,0.0017493549733833547,0.0023076056827444624,0.0007916206010468718,0.000791617959133184,0.0021533509312385846,0.00184588717186851,0.0025778714589427265,0.0006672187571808985,0.0004157914430530374,0.0018017084933218408,0.0015447186742988395,0.001620329368702933,0.0013613120905071607,0.0029098674284270265,0.00343889072916026,0.0011096641391358242,0.0017874782444093906,0.0010978171185647145
0.435,0.0017527689144601565,0.002116443758898745,0.0011777488590898333,0.001812832524734742,0.0024266596042943345,0.0008324079669125295,0.00086043305031136,0.00233406636124156,0.0018786839832761748,0.0026717489497728453,0.000724288974706111,0.00043551114348672204,0.0019146541872560041,0.001671092463078394,0.0017479427102616851,0.0014962269321455723,0.0030356352920944962,0.00352657847909732,0.00121946533255346,0.0019710920712537883,0.0012018656447374543
0.436,0.0017063869361427842,0.002015681080748899,0.0011475053925973366,0.001775135778913417,0.0023270839921741837,0.000835286867126861,0.00083293009115748,0.002280500553926923,0.0018516048693364429,0.002633642184127538,0.0007041050841979368,0.00042715569409923493,0.0018328397165792154,0.0016074695921414195,0.0017488277962308674,0.00145520553143752,0.0029259092729911895,0.0034708948915680438,0.0012096039260409697,0.001893097365627039,0.0011532590418331656
0.437,0.0015841373152208405,0.0018044679763723481,0.0010450368510348529,0.001687361815434496,0.0021848173245360147,0.000780372763265702,0.0007553121969485765,0.0020752997382530447,0.0017880519529535066,0.0025071546295081237,0.0006406266846519237,0.00040076445582792886,0.0017048023712855631,0.0014698395804796371,0.0015999328209941321,0.0013093577655181043,0.002771597489360622,0.0033340390823877186,0.0010822076877728959,0.0017004929035053795,0.001041210214326238
0.438,0.0016648881270994842,0.0019427360932020576,0.0011144000752462135,0.0017473596911489198,0.0022903092558290705,0.0008121498223543355,0.0008030588915234338,0.0021931719715986286,0.0018438596287135844,0.0025842668809094027,0.0006836067198058293,0.000418130246793047,0.0018083905011793133,0.0015643881196558684,0.0016703387560450533,0.001395173608831124,0.0028974994522448227,0.003436379797521538,0.0011467184808036102,0.001827222900253167,0.0011186016483306638
0.439,0.0018648289904610094,0.0021335303542476813,0.001273846550854274,0.001969821279796058,0.002570033122190396,0.0009027656382082361,0.0008921679884156264,0.00247076664126733,0.0021356462138754084,0.002861444666131252,0.0007661561626784996,0.0004742018686290095,0.002058929902509221,0.0017773213340586125,0.0018134904473937619,0.0015279188948467137,0.0032548939390011355,0.003878019446301062,0.0012576960826961026,0.002018371094872906,0.0012595581812469003
0.44,0.001781992999862958,0.0019568901013355955,0.0011905942122307778,0.0019376111447135802,0.0025302405355547286,0.0008511073254960921,0.0008265596283694165,0.0022793254541019214,0.002157218983523501,0.0027939385067893285,0.0007114459951442775,0.0004581943054531301,0.0020075163501492854,0.0016825474353451275,0.00163522179211395,0.0013859380232096319,0.0032316608103677424,0.003860886075040648,0.0011142267067529854,0.0018547773770549725,0.0011739592345124672
0.441,0.0018481483648680962,0.0020670062222358787,0.0012470979549671357,0.001988587488714777,0.0025845929181993466,0.0008839785372373177,0.0008714346670860573,0.00243952075649978,0.0021691924979283517,0.002875703485731629,0.0007441292224130702,0.00047339031389304065,0.0020511530746040174,0.001756102120734404,0.0017597898358725494,0.0014767641128868858,0.003269343803276814,0.003918848478432935,0.001208497149502441,0.0019519321673080459,0.0012259024898374493
0.442,0.0017429446050830522,0.001835917249987995,0.0011551405887219035,0.0019325633857617541,0.0024452605374316594,0.0008561839171192798,0.0008036141782818973,0.002285784938453661,0.0021258680078484193,0.0028087243239141024,0.0006832984540142695,0.0004562044998513981,0.001910587600164937,0.0016091685412680246,0.0016802993194947602,0.001352555248545051,0.00310226627607324,0.003835342895237792,0.0011244959920094777,0.0017498738763038757,0.0011057422711775455
0.443,0.0020171172772026126,0.0020746793219841297,0.0013951956104126806,0.0022170521464458526,0.0026825608739732276,0.0010290990894026297,0.0009439482778511588,0.002836924391862783,0.002433455649723637,0.003239700239245691,0.0008079538334441194,0.000538719360912876,0.0021272315874595327,0.0018697045074820284,0.0021080921413166864,0.0016082088469031586,0.003383621363688749,0.0043634646452916925,0.0014070207590939354,0.002001342845302845,0.0012743700522548362
0.444,0.002142138300913926,0.0021414500560343885,0.001509129090277339,0.0023510979883250016,0.002754957530593294,0.001128397249159363,0.0010072524520410298,0.003143104089036952,0.002581055351064565,0.0034670141587866965,0.0008634726816718619,0.0005837333850053916,0.0021778939836232247,0.001971604117196435,0.0023771885759124034,0.0017311233547913085,0.0034530057981407847,0.004617660396163847,0.0015621372780182385,0.0020860339537610573,0.0013354545286753394
0.445,0.00203455375599802,0.0020607574955829877,0.0014156328728369694,0.0022279435432169814,0.0026325460552446556,0.0010773114223344704,0.0009580343666264479,0.0029316931235450205,0.002437121014192356,0.0032908504304021147,0.0008150055683211477,0.0005504057880098001,0.0020604658721211644,0.0018623518121324567,0.0022659750717902716,0.0016597666895535879,0.003297225819819616,0.0043779101037847434,0.0014916035275748252,0.0020070207877728174,0.001271453755097962
0.446,0.002050854641164901,0.0021668235537994907,0.0014368660416691492,0.0022003902182600177,0.002653879415965621,0.0010794631589507997,0.0009827967157762796,0.0029429933573703604,0.0023874236919491088,0.0032422308368055264,0.0008331223000962451,0.0005467242426977492,0.0020881828376118072,0.0019039502507164352,0.0022760556945452537,0.0017114449966552092,0.003307580877507821,0.0043025527634799055,0.0015321112556049288,0.0021017223384470762,0.0013207782753892339
0.447,0.0021344917093515325,0.00239166669823887,0.0015189276357042703,0.0022161560075348863,0.0027405873306399764,0.0011200068962423648,0.0010551273541882233,0.003086349943312805,0.002360308675390388,0.003250070900973734,0.0008873687439978628,0.0005590899561307427,0.0021703967378065014,0.002023362196443723,0.0023980980019588927,0.0018562669580363123,0.0033674335899168684,0.004275825015078283,0.0016664028866397729,0.0023116428636663633,0.0014347457951298104
0.448,0.002111666145248536,0.0022250690568095255,0.0014888709378224618,0.002258486990930897,0.0026927031848242855,0.0011295720795652109,0.0010216568818817162,0.003097284418911217,0.002435398374660669,0.0033242506582740194,0.0008586452900510855,0.0005682752434985616,0.00210071294423797,0.001961960332296009,0.0024241387060643937,0.0017859450789573517,0.003320199074976493,0.00438030499230091,0.0016326917850993938,0.0021685540023886896,0.0013586028714198672
0.449,0.002015106554648677,0.0022073790664767223,0.0013999706780757348,0.002149152561808698,0.0026573011690956827,0.001026026978445005,0.0009719047449392448,0.0028748726538694314,0.0022954483299747475,0.003142883170884625,0.0008170046826235788,0.0005280364449444797,0.00208740917690009,0.0019009556125827443,0.002178246002039863,0.0016888076077304914,0.003291327989494053,0.004163524978175737,0.001487752189750613,0.0021162846984235095,0.0013178423567384856
0.45,0.0020548044879782736,0.002245598466405929,0.0014334713320363068,0.002195953640852122,0.002738037862731524,0.0010244452936484238,0.0009803752228555451,0.0029079190995139337,0.002380314151068097,0.0031960763161532624,0.0008330753731549123,0.000535263027421462,0.0021767433546158177,0.0019608295604105486,0.002135098157814763,0.0016871134787239672,0.0034212216992058897,0.004284498097196443,0.001461598194828273,0.002147040233897335,0.001351417197030913
0.451,0.001956734655543757,0.0019122599001737406,0.0013542875249951125,0.0021718058313844324,0.0025694526869737278,0.0010288434803906732,0.0008966274167153676,0.0027657184401684853,0.002433207084361788,0.003223483239616076,0.0007720065876893889,0.0005298370229287475,0.002019516468678373,0.0017817378819868779,0.002096066208507219,0.0015383935641521962,0.0032654771771525315,0.0043448159214135584,0.0013586990474472316,0.001868159886562526,0.001204297739577087
0.452,0.00187932520902922,0.001695139252422484,0.001286837054523371,0.0021437895540245,0.0024957143304695784,0.0009959846759809432,0.0008251282536584359,0.002595093120138392,0.0024752300913408742,0.0032223629195345938,0.0007231900316480022,0.0005159151048036437,0.001958173173078559,0.0016667318081783344,0.0019573756602239145,0.0014052447886503394,0.0032333892329359237,0.004392656474492829,0.0012181434073856856,0.0016751209618145468,0.0011052842852794509
0.453,0.0018104747872982774,0.0015703834049475285,0.0012291417915520908,0.002091135139332234,0.0023912088222552974,0.0009779720159955874,0.0007819325615857631,0.002496653884329847,0.002423411970624456,0.003169750916936054,0.0006883315099431853,0.0005026946245539898,0.0018579699492932145,0.0015743538499191079,0.001928757680279447,0.0013439339266549943,0.0031067174435998046,0.004307920199956516,0.0011676138999698882,0.0015653798656261042,0.0010342322886104371
0.454,0.0018604137303785129,0.0016413109585325936,0.0012661496803942907,0.002139256879542417,0.002544045450292187,0.000965343344793923,0.0007990935297407242,0.002477197878452131,0.002531217475973846,0.0032171771812008476,0.0007050314511768407,0.0005062657329129028,0.002003330504603995,0.0016508249054069113,0.0017999192057482905,0.0013353152132322688,0.003333837222741387,0.004456663461566923,0.001123051187974955,0.0016235049487243192,0.0010897383945585037
0.455,0.001875454633766155,0.0015914316957165164,0.0012545303406781283,0.0022103064086410606,0.002638287036380804,0.0009464016217588522,0.0007865034729269693,0.00245661252860907,0.0026329713868336047,0.00329303001762582,0.00069141339726142,0.0005098511548382589,0.002067640384138092,0.0016603119778030306,0.0017077876987597884,0.001281130384474416,0.003465724961075889,0.004611730958623106,0.0010584868022757155,0.0015745571762902921,0.001070383270612263
0.456,0.0018794924287704017,0.001624247144742852,0.001264177090037455,0.0021997722857164392,0.002607371276989068,0.0009537761501844377,0.0007975827981533401,0.0025165013279974113,0.0025865362414957405,0.003282581712536703,0.0007003500620994529,0.0005116550853677682,0.002045556493900591,0.0016692540984593052,0.0017730562695226215,0.0013132988672595047,0.0034066689831757646,0.0045574969656839714,0.0010991589911247823,0.001601409465113779,0.0010793972658470485
0.457,0.0017884046118547103,0.0014693695268137574,0.0011717016283361303,0.0021548206679593562,0.0025257121207348243,0.0009097328282048345,0.0007417396818126809,0.00236260652614817,0.0025176550528207553,0.003198364294900169,0.0006465404047492074,0.0004924759485777086,0.0019508337491388472,0.0015507863262766985,0.001673042553068882,0.0012123197566062949,0.0032876111346279435,0.004451250278306174,0.0010112608823631408,0.0014574315218113254,0.000982837353837307
0.458,0.001762324635306567,0.001324701139204354,0.0011382990753890931,0.0021869577544489927,0.00251063683335484,0.0009010232236978943,0.0007065321380925749,0.0023192643568427096,0.0025659722720123845,0.003268922370693983,0.0006189778694231096,0.0004923013886120042,0.0019289185228477113,0.0014828306992025198,0.0016307627079775733,0.0011444651463002886,0.0032846675347553145,0.004552385853457741,0.0009450916140246735,0.001330392577186701,0.0009133896286068754
0.459,0.00171379686445034,0.0013564708654142388,0.0011076568734265102,0.0020922291975924434,0.002433399623103072,0.0008822311578164932,0.0006992951860013141,0.0022374623958645312,0.0024552992112568672,0.0031135073168812033,0.0006079458416474726,0.0004764122432431295,0.0018606550849774584,0.0014609120630459937,0.0016119956426587922,0.0011444297205140952,0.0031708261192017195,0.0043380372014096835,0.0009522416375520315,0.0013567229007397374,0.0009182070066600101
0.46,0.0017384027382580103,0.0013898746075313717,0.00113624747423835,0.0021044109375720765,0.0024275621952973836,0.0009005997051096948,0.000715132354920045,0.0023181581786719807,0.002458512721502215,0.0031526337730122256,0.0006247218182928727,0.0004841353463803655,0.0018648480350966778,0.0014862990600779113,0.0016850387849035586,0.0011829968331580343,0.003162071569662306,0.004358034500676289,0.0009921983011879076,0.0013876152816587606,0.0009369632862101795
0.461,0.0017678604566785771,0.0014387938606827966,0.0011566333218180347,0.0021281535132885443,0.0025057970528615803,0.0009013478831361166,0.0007275849833429104,0.002311788394433356,0.002514391613540501,0.0031723470880649085,0.0006343341867784957,0.0004860928735802572,0.00193008975128528,0.0015323419030979224,0.0016367730023859606,0.0011889408473373386,0.00327456650405733,0.004429034289772593,0.0009842025590600656,0.0014323842025391054,0.0009716113025084461
0.462,0.001832086232692831,0.0014657454467121855,0.001200286418647778,0.0022240059059721595,0.002601350325080465,0.0009196427827072862,0.0007486508450131879,0.0024245345548089547,0.0026198321743016173,0.003311796937118139,0.0006548986710837035,0.0005023893239721744,0.0020149476041861902,0.0015930539653923326,0.001667351599120015,0.0012102196092348416,0.003407138911284635,0.004624647358122735,0.000998711666424179,0.001457137457800517,0.0009953830968735256
0.463,0.0019408590184441965,0.0016609699614389406,0.0013046866132893076,0.0022928351189116514,0.0026910127702161057,0.0009611808553565693,0.0008166603356147828,0.0026628380928893636,0.002675129901022366,0.0034097057021607036,0.0007182699922734237,0.0005252520547815998,0.0021204048503783435,0.0017461174391608658,0.001809738928359117,0.0013305536581205146,0.0035170682918627127,0.004726801804810332,0.0011124104462233442,0.0016312248870404833,0.0011043186649734027
0.464,0.0019092727067958504,0.0015200058294291274,0.001261835902382713,0.0023161588213130857,0.0027086665295423806,0.0009385392939657011,0.0007745572603451434,0.002545563535242934,0.002745855213043824,0.0034608520129029152,0.0006845391636529641,0.0005167282880566004,0.002125128938208043,0.0016850789566905666,0.0016812016367750982,0.0012368904666921754,0.003580800795077055,0.004846399440007643,0.0010084412029904843,0.0015076441598101953,0.001040566689788358
0.465,0.0019360181505474528,0.00155381451797576,0.0012944276008930444,0.0023084485767679297,0.002743998516465229,0.0009525644561344526,0.000784781213661101,0.002539989205759041,0.0028103392508369573,0.0034935857243755253,0.0006964784153961068,0.0005190933148256915,0.0021609912082788396,0.0017247992739435336,0.0016681060606908993,0.0012556785557787942,0.00366727353696239,0.004914179064932189,0.0010082071737008702,0.001544827761871037,0.0010787795816996626
0.466,0.0019004292874328366,0.0013955147548664337,0.001266865314067056,0.0023096337791596033,0.00266846798189313,0.0009494557198118647,0.0007527515455999501,0.00255557633623682,0.0027798727416490365,0.0036033482661778082,0.0006780219819544353,0.0005195756603206814,0.0020973778638140317,0.0016232388996985092,0.001688837329094195,0.001214881727901851,0.0035764276217788993,0.0049705500148069515,0.0009674951706084567,0.0013990608617959754,0.0009916321774210424
0.467,0.001967889312041221,0.0014891519152903099,0.0013461662705890332,0.002332016267463932,0.0026769751189253954,0.0009734101790873639,0.0007914239483666208,0.0027740458842248072,0.0027952528445220892,0.00373670359351419,0.0007266024426384465,0.0005344607814739,0.0021398844104429937,0.0017081750414624786,0.0018135709974050895,0.0012950830075839637,0.0036069204503007546,0.005061105440299918,0.0010319920395189808,0.0014757782890766347,0.00104906731863752
0.468,0.0020612305877796165,0.0016609726061189711,0.001447318787213825,0.002359389591024552,0.002736997435411448,0.0009961548315510216,0.0008469320972749328,0.0029871309134996693,0.0028529908252129532,0.00383620597155776,0.0007861518421066194,0.0005478409861111588,0.002235434247058299,0.001860535857585166,0.0019041303768163598,0.0013869549450885588,0.0037221750839868673,0.0051662972586346,0.001106230042991596,0.0016267845948922943,0.0011579834614556805
0.46900000000000003,0.002041397597942801,0.0016385028557013293,0.0014205402536233702,0.0023690467423078676,0.0027303210726946636,0.0009836255817773365,0.0008360259553007454,0.002952510784741458,0.0028313727820203916,0.0037918501176334996,0.000773346325458002,0.0005434558663444111,0.0022257881562932624,0.0018405447862808177,0.0018775154972475727,0.001360292075451519,0.0036936881768019347,0.005127599876510125,0.0010899884026038809,0.0016059211269215945,0.001136015523142242
0.47000000000000003,0.0020886333333430427,0.0017366586489538927,0.0014635081902987235,0.0023941596632935935,0.002785360120493685,0.000995938520049866,0.0008631882842556893,0.003014516387078836,0.0028858506228109926,0.0037988875775972764,0.0007957558809691401,0.0005491942060673605,0.0022876731710417264,0.001929030204461002,0.0018988008610107965,0.0013983584863781484,0.003781679392683257,0.005173127345003636,0.0011243968491773115,0.0016978175166079135,0.001198764738628011
0.47100000000000003,0.0020045282856646363,0.0015720718143629187,0.0013886105460263476,0.0023374300031190343,0.0026883282348120208,0.0009637156045796402,0.0008125903482015806,0.0028999164677991907,0.002793195211299837,0.0037861187524242945,0.0007554693479386865,0.000533345228046489,0.00218680857586262,0.0017890470841961381,0.0018322226620213211,0.001322201631468789,0.003646900171381029,0.005096808443901035,0.0010470197095946432,0.0015423975281434466,0.0010963683481136632
0.47200000000000003,0.0019572656891987616,0.0014991189860671383,0.0013583611663687822,0.0022734644396665837,0.0025967201944366858,0.0009493315061779306,0.0007898227320232154,0.002885258806972102,0.002707041838296842,0.0037823896736908225,0.0007423334642056023,0.0005263760833522646,0.0021007725065831373,0.0017119079584905217,0.0018469999900110334,0.0013057527080542197,0.0035180804530480225,0.005007591967269631,0.0010254754052673176,0.0014688252851802197,0.0010496886188131604
0.47300000000000003,0.002059415340063203,0.001757578288522521,0.0014952087321576935,0.002233436881623696,0.0025412811350121745,0.0009893269391204607,0.000875439443632775,0.0033176200176586734,0.002647580619756895,0.0038644716017556258,0.000841172413384883,0.000556825985385978,0.0020938225446800462,0.001871344016103449,0.002168803507819561,0.0014928585403432004,0.0034197761784964253,0.0049280576449177715,0.001205317237845449,0.001688781577919185,0.0011996034951275991
0.47400000000000003,0.0019701638320528568,0.001575985609226338,0.0013948972744676214,0.002217821187976199,0.0025176396424622105,0.000955021272152079,0.0008114030727799371,0.0030547464816017555,0.002627950150045577,0.003789583249438233,0.0007743641721413841,0.0005337901864135297,0.0020460331655847153,0.001742928888862072,0.0019883236366097234,0.0013733017059497366,0.0033966361624849783,0.00489941334049282,0.001088679004473292,0.0015272543010753648,0.0010875041368195726
0.47500000000000003,0.0019055132159552346,0.0014297794439179778,0.001327309204344651,0.0021814934608663794,0.0024970366885305184,0.0009383541739379497,0.0007638432439753817,0.0028496433390758913,0.00262380579494359,0.0037675650042154896,0.0007247179555637251,0.0005175129871026751,0.001995761059185197,0.0016366848690038127,0.0018621531497914345,0.001296692058643023,0.00338973963420075,0.00489827057914205,0.0010027605188321909,0.001399564832304745,0.0010075763215272593
0.47600000000000003,0.0018624204650433851,0.0013841852001746924,0.0013100925711901912,0.0020877355561368383,0.002366798625061839,0.0009349669003340111,0.0007487808184865052,0.0029064165229084615,0.0025099810720320415,0.0037693893592588568,0.0007240314077988641,0.0005185165540915193,0.0018635464595773144,0.0015610289781669007,0.0019681125275986533,0.0013196691194780064,0.0031908333736333505,0.004746913812858522,0.0010151279293794113,0.0013472918154060487,0.0009749906972956746
0.47700000000000004,0.0017651234805945103,0.0012384865010072188,0.0012148011172713469,0.0020407627806743323,0.0022846384384289653,0.0008831267796982623,0.0006898780119798387,0.002727968875379405,0.00242198219908607,0.00366247465079661,0.0006708276861432383,0.0004931145719422325,0.0017886000593801965,0.0014456671140927746,0.0018324346150845328,0.0012113588545148435,0.0030755948391837373,0.004621575035545722,0.0009135531741440994,0.0012092236937445433,0.0008764006137922387
0.47800000000000004,0.0017654339243299288,0.0013385419068269178,0.0012442499342931734,0.0019573427726211623,0.002193270516778867,0.0008624396401768486,0.0007098707717377861,0.0028848929082885277,0.0023135930898177115,0.0036309245682910607,0.0007064359990439639,0.0004913638135964904,0.0017342175054204656,0.0014843898835071867,0.0019226235866665053,0.0012612493882001585,0.002946774614844161,0.004463489578519497,0.0009557117291187911,0.0012816803594688508,0.0009256159193804514
0.47900000000000004,0.0017604199880507988,0.0012258406630424323,0.001227572048092207,0.001968718398742131,0.00222227871125269,0.0009018742627021625,0.0006896006800320986,0.0027874973403524406,0.0023863396263265058,0.003726709370856285,0.0006781367209410805,0.0005004833652348939,0.0017031811395297192,0.001414838172335564,0.0019364397492611651,0.0012616046054421126,0.002993925357248184,0.00457743479544459,0.0009369428973071692,0.001193807842821637,0.0008751740140509057
0.48,0.0018008423987724066,0.0013279960897970566,0.001274377031972307,0.0019636317296241046,0.0022409421184170775,0.0009088121701424923,0.0007216688280962114,0.0028943943185443244,0.0023895581416918388,0.003746551582614721,0.0007102946289345713,0.0005058770530739221,0.0017347999573794626,0.001486070897150582,0.0019848250657473754,0.0013116932262764447,0.0030247649635622986,0.004583905028921809,0.0009856776755619023,0.001283360009002088,0.0009376474589375405
0.481,0.0018480713629885903,0.0014222711742407634,0.0013273422471800078,0.0019628996286283895,0.0022499325966951478,0.0009322910661740957,0.0007564298301750982,0.0030329086599854005,0.0024027375927927475,0.003792163935180115,0.0007449644545495238,0.0005202012858872562,0.0017462909394840853,0.001547653299400653,0.002096961653973106,0.001382243810631345,0.0030296250582716455,0.004595403566472256,0.001052247076051227,0.001368205138193801,0.0009986542458051417
0.482,0.001830857763290239,0.0013840588823409439,0.0013199484437969033,0.001905143413092114,0.0022114470801615216,0.0009381169185128657,0.0007460378891191999,0.003018246524931767,0.0023784697793933773,0.003832341400036521,0.0007387148686867073,0.0005195342930993663,0.001684445557036618,0.0015048714020677867,0.002122859703549307,0.0013960714378400407,0.0029856938604359007,0.004573566164411846,0.0010449282926613401,0.0013310926630717423,0.0009815666915589105
0.483,0.001815841827560366,0.001357089272417511,0.0013063338206268371,0.0018846034981035986,0.002213012560470906,0.0009291471292954823,0.0007348207053788913,0.0029547689805751176,0.0023769338784461747,0.003830172608884297,0.0007268086708471788,0.0005110343836018938,0.0016805289431806036,0.0014881748337135514,0.002063841538305078,0.001376349810246369,0.0030090641019751008,0.0045819920597824915,0.001018060496106199,0.0013066586914094458,0.000967440567840594
0.484,0.0017744304893763329,0.0012670425869234503,0.0012702150625959474,0.001837497571361868,0.00216488404661741,0.000927291798397234,0.0007062337336074531,0.0028822197594265964,0.0023446319134831084,0.0038411594999542276,0.0007027393179964703,0.0005065976291718233,0.0016056356361819901,0.0014104532633483213,0.0020579208199008603,0.0013579602854942863,0.002941950636539792,0.004543177249289432,0.000982852815928692,0.0012237911028751824,0.0009143550584325144
0.485,0.001823666571236965,0.0013351531134291328,0.0013208837409574015,0.0018479108667789346,0.0021714009770428255,0.0009671857112382165,0.0007388886625743218,0.0030252806432625734,0.0023728568198938538,0.003912087249711593,0.0007331594222039772,0.0005285175905602735,0.0016004137113262429,0.001452405688915137,0.002217674130193026,0.0014380672868039568,0.0029276877934237833,0.004576054312984135,0.0010560272583149954,0.0012880918862723245,0.0009635845588525926
0.486,0.0017892341328366035,0.0012490187906395445,0.0012854632987411296,0.001836063787258757,0.0021358890197271663,0.000967921987936049,0.0007111912632251638,0.0029593164534735816,0.0023605306349530064,0.0039061475913046984,0.0007086924988153331,0.0005270695230747968,0.0015475969549143542,0.001387855988567166,0.002220106277990852,0.001412935318949926,0.0028695083822460887,0.004554823988561663,0.0010218543262123791,0.0012115103460306198,0.0009111862241097946
0.487,0.0017949393775380518,0.0012729896741220381,0.0013042051181457737,0.0017601463548873042,0.002092497322480069,0.0009781375030876172,0.000720640355584723,0.0030435734444768103,0.0023204403822834063,0.003974735220653169,0.0007246823028452809,0.0005327806224606491,0.0014813459685228958,0.0013807585742475759,0.002313551476659792,0.0014689545693820083,0.002808499246676366,0.0045166978814075165,0.0010484296670664195,0.001224974989269878,0.0009307468765017424
0.488,0.001814101785612876,0.0012895688029382901,0.0013236314148236117,0.0017540678727883119,0.0021007585189297684,0.000997388616103212,0.0007319004571706422,0.003082008440123074,0.0023376595989179627,0.004021235035386206,0.0007333815862238247,0.0005404957522759934,0.0014748442775576187,0.0013903382790473318,0.0023702240975843614,0.001503765662223766,0.002817665990544338,0.004551353388320467,0.001072411136515905,0.0012417444734922345,0.0009475923112906015
0.489,0.0018151017387186108,0.0012590624789929894,0.0013282676922483638,0.0017065298187273203,0.002081882763669052,0.0010179613558527478,0.0007275998132080241,0.0030968342903946455,0.002337046229957007,0.004105595251943761,0.0007315401830494395,0.0005466978678743128,0.001417803813451246,0.0013582861491709952,0.0024408293052671226,0.0015425197073862806,0.0027947084494545082,0.004582504410609589,0.001076084795704313,0.0012122666355047773,0.0009380137619057205
0.49,0.0017605586262414818,0.0011672246246634543,0.0012800944106954315,0.0016399082289570988,0.002013795672855645,0.00099676292978923,0.0006884064292381753,0.003029619050160859,0.0022792757860929935,0.004101847108682333,0.000704902445111788,0.000536428067622885,0.0013308045076665387,0.001280332679813756,0.0024186585029654095,0.0015118705734311622,0.002705756583506025,0.004510387514742975,0.0010175069509940071,0.0011205845050298313,0.0008770059528100393
0.491,0.0017858269086626522,0.0011304789586514818,0.0012941250484748146,0.0017069602963678543,0.002052574429119325,0.001035384974812259,0.0006863918844981498,0.0030097914657911673,0.0023661212161695255,0.00414465806738995,0.000696711845615483,0.0005499174429808296,0.0013559114202374989,0.0012782289942079306,0.0024836895607140974,0.00152841220481581,0.0027559256199151116,0.004649061738273508,0.0010238119368092269,0.0011007889815556338,0.000867592086853386
0.492,0.001866746593229046,0.0012366646755732624,0.0013701076599692552,0.0017648831241637852,0.002158436384439133,0.0010894198550950307,0.0007415711747008613,0.0030617889020631006,0.002466285406388713,0.004206023211806742,0.0007273512796570625,0.0005658112734033827,0.00145009613336744,0.00136647262599221,0.0025337349961367384,0.001603388512722348,0.0029056994792346913,0.004811449878442842,0.0011116533792043803,0.0012120443604465292,0.0009520495517734151
0.493,0.0018595865746884265,0.0012569666042920868,0.001365679443517176,0.001752697727388397,0.002165148927060545,0.0010699267209853813,0.0007441418227067675,0.00303610611344729,0.0024507250390062296,0.0041772494634096935,0.0007287302279637142,0.000556545931357455,0.001467825079866314,0.001379309314722632,0.0024584096779427522,0.0015831358159769104,0.002933036752059137,0.0047761035171052235,0.001103616177278166,0.0012275660126478405,0.0009588111250348197
0.494,0.0018929832226512234,0.0012955561081620104,0.0013954341886803778,0.001790648353239388,0.0021998940625623797,0.0010994277236117123,0.0007657012181643275,0.0030661414878128124,0.002497750102824492,0.004184083562096208,0.0007385040290496248,0.0005671087532951313,0.0015025303020940184,0.0014145098111192356,0.0025145532454571295,0.0016154316811273217,0.002966914873869797,0.004837903944442612,0.001144326201028445,0.001270977789936012,0.0009922670144514312
0.495,0.0018183951613755188,0.0012137453386978914,0.001326684922864474,0.0017385658091868539,0.0021510239010527066,0.0010328398244150439,0.0007182615691790906,0.002924475183598396,0.0024275236741203576,0.004107280209769804,0.0007072665091635288,0.000537553172504146,0.001467285098309734,0.0013527068653389485,0.0023234450074233193,0.001517249259072928,0.002943356410496034,0.0047228688054065104,0.0010463671056217816,0.0011862728391078825,0.0009231317221809476
0.496,0.0017472400074339644,0.0011731372246338578,0.0012554344399030581,0.0017422555431547693,0.0020252527392858877,0.0009788308328445572,0.0006848460493074082,0.0029657901415917065,0.0023008573610150407,0.003923095312501679,0.0006911597650131052,0.0005322523539084134,0.0014010339335015498,0.0013057320477554146,0.0023517649060089685,0.0014380079571988391,0.0026955533932665476,0.0044595931819051415,0.001009502250270744,0.0011391625425253293,0.0008715381730872718
0.497,0.0017126226344369778,0.0011094821395495336,0.0012135308593638205,0.0017855574649617845,0.0019971702522699752,0.0009633595584259691,0.00065770051318359,0.0028955036326457906,0.0022987544254144954,0.0038318849373761843,0.0006662078345668343,0.0005280755485062016,0.0013979246297530779,0.0012716240997048267,0.002321799084064491,0.001376846763773143,0.002641285142318983,0.0044150938186835464,0.0009694926649844726,0.001086193296087612,0.0008249660231052225
0.498,0.001645466623661923,0.0009848109152318374,0.0011413161371917058,0.0017927012212586302,0.001956349756699005,0.0009291131435432698,0.0006051084779709059,0.002726904845410383,0.002283295647301342,0.003742546308621586,0.000618819314346819,0.0005100860785056671,0.001372018157326682,0.0011949313621870683,0.0022041556612801827,0.0012798150273183317,0.002601442194361092,0.004369935100558164,0.0008797980631671809,0.0009752618951878178,0.0007409231657707904
0.499,0.0016713547507767657,0.0010161021969935513,0.0011711337236520736,0.001785620869406701,0.0019305295477902717,0.0009562205435617033,0.0006211232975490422,0.002837837029210033,0.002289077739753287,0.0037913713333256327,0.0006372085788166615,0.0005277590686261213,0.0013438424828358109,0.0012098421625537092,0.0023591773513866876,0.0013397281865972221,0.002543918250960231,0.0043751661376256745,0.0009213330928226071,0.0010033079622848717,0.0007667954597834203
0.5,0.001719010454046027,0.001099004152053329,0.0012232891690083791,0.0017678190397698579,0.0019458964781069454,0.0009887698478637796,0.0006587926564116664,0.002973871892278157,0.0022953924911874868,0.0038642630598332284,0.0006704917218806061,0.0005447975562393736,0.0013410216191451774,0.0012555259700046673,0.0024887368279770117,0.0014238028180435514,0.0025425720426381915,0.004401741274359439,0.000990093601855424,0.001077239901975724,0.0008270869602885478
0.501,0.001672776715861457,0.0010502376137780933,0.0011865569330906656,0.0016988687646505296,0.0018940014340897982,0.0009546514442385634,0.0006315613134572073,0.0029203677425931884,0.0022310566074387195,0.0038473741152874608,0.0006539595906654982,0.0005299257024804493,0.001286663613566441,0.0012080966429131035,0.0024178576128542906,0.0013883988474217013,0.002490113982846043,0.004315821997096347,0.0009395622324464004,0.001020774826327786,0.0007896832999868542
0.502,0.0017182195162741055,0.0010880734144677051,0.0012211368663964661,0.0017778315932083233,0.0018941988562304335,0.0010005629383962322,0.0006565262038509267,0.003034269955539348,0.0022932891665686794,0.003844269806384415,0.0006711688770546509,0.0005585190725061473,0.0013068784379971499,0.0012443585727316409,0.002627829464808107,0.0014403003335493603,0.002442813750046402,0.004369538579041432,0.0009983690504627996,0.0010696728510370956,0.0008247825352047933
0.503,0.0016829664459197702,0.001030921119039574,0.0011865189986604019,0.0017746781121540378,0.0018310655096811512,0.0009816082098031975,0.0006289964297232498,0.003004725721409973,0.002271977682182902,0.0037909043367208017,0.0006532913447847566,0.0005563374547929989,0.0012691895114915752,0.0012046821008441233,0.002651332163732034,0.0014027159508180898,0.002357150804055963,0.004306887060947506,0.0009561306412483317,0.0010155444587914841,0.0007846713075132516
0.504,0.001623584281864965,0.0009316012968219045,0.0011346301796977265,0.0017099700373705007,0.0017571229137007816,0.0009423815956970394,0.0005793453962910089,0.002924169065013915,0.0022242383224043705,0.003783806599378492,0.0006208226130496319,0.0005414038734066207,0.001201775682813211,0.0011331753708837544,0.002597241676087325,0.0013500259374443768,0.0022904460306325536,0.004248425194420258,0.0008709234290338319,0.0009120175994452584,0.0007181628237067361
0.505,0.0016038941351107284,0.0008907301488109143,0.0011214636060355998,0.0016456310037140653,0.001723921251162941,0.0009321275326867884,0.0005589291962737608,0.002912886957732397,0.002196398446938752,0.00382996220362275,0.0006087172937047081,0.0005369274860669293,0.0011528265306522956,0.0010988044427487909,0.002604499656776227,0.0013553954477572017,0.0022632672876113924,0.0042460022070559544,0.0008373089602929928,0.0008650882023424344,0.0006969948402276716
0.506,0.001642949457918519,0.0009261060812687516,0.0011580599643554734,0.0016541643476639667,0.0017768075530081306,0.0009654807075583083,0.0005815221333806964,0.002935059681688168,0.0022408946998683232,0.003888380335825503,0.0006182861514399951,0.0005444532758227538,0.0011789070823613468,0.0011291209054200557,0.0026460770882795748,0.0014071619871673935,0.002332513791775237,0.004355735542917238,0.0008789950572360983,0.0009063355928263794,0.0007349271785069833
0.507,0.0016432802034930972,0.0009233278536046052,0.0011583477426930777,0.0016535465341495081,0.0017482553373084908,0.0009670045529882598,0.0005788265073939369,0.0029647414403481953,0.0022417486927457375,0.003872195966325598,0.0006164937701018669,0.0005505518063205761,0.001167063402917723,0.0011276740780983285,0.002721859090878742,0.001415513977309546,0.0022867292915179638,0.004349434493395421,0.0008787572262719534,0.0009048951189483123,0.0007386371865440999
0.508,0.00158839602598575,0.0008593128093454805,0.001109094311293246,0.001625105928673487,0.0017024525672507673,0.0009243569757086956,0.0005433382419424149,0.0028749895949661264,0.002192430352927932,0.003820679658562476,0.0005952477134580914,0.0005324927282587266,0.001133159350818369,0.001079286208474084,0.0026012102847390306,0.001346222121936247,0.002248042268226058,0.004249330557433928,0.0008136015607375091,0.0008365470648344919,0.000681020220127837
0.509,0.0015815970798527534,0.0008640607852954396,0.0011001294122237049,0.0016608286662060934,0.0016942693320007862,0.0009183464109935313,0.0005445078672724479,0.0028574069014567494,0.0021961144453597203,0.003751747360103197,0.0005944657558150102,0.0005317007601157719,0.0011493473433926704,0.0010851700377925155,0.002588547954877063,0.001319895863374776,0.0022281526735413726,0.004208137366901177,0.0008150182065660427,0.0008458060479541452,0.0006782884058128547
0.51,0.0016044289430573121,0.0009124363437573724,0.0011200436983994644,0.0016976411165058325,0.0017040580348237633,0.0009347289930252689,0.0005678569363579689,0.0029074981589989335,0.002212298301093041,0.0037172421600489836,0.0006102973887653906,0.000541859030384173,0.0011728893660264417,0.0011164109373624775,0.002653735156945558,0.0013406757806748715,0.002215780077630125,0.004199705616327543,0.0008561357730995089,0.0008970898838607244,0.0007101961070588025
0.511,0.001646907149515159,0.000956830474313608,0.0011593122208042317,0.001717375741905558,0.0017404062443405754,0.0009736403500388846,0.0005948342221998582,0.002951706785926378,0.0022591050552199787,0.0037433488649818436,0.0006206565682426168,0.0005548062250397834,0.0011992087676800933,0.0011531737076697635,0.002754807429424022,0.00139930935805066,0.0022480345325155415,0.004294155667577071,0.0009081854686852076,0.000951167954084231,0.0007580773516032702
0.512,0.001599363430545475,0.000901570189278833,0.0011153633719424016,0.001705651278452347,0.0017001496093953516,0.0009338716742453013,0.0005630874853275181,0.002873225567408988,0.0022227721864682692,0.0036894683806434347,0.0006029693833087268,0.0005393957147559192,0.001175608243823456,0.0011135345376190875,0.002647565443498312,0.0013317505077630187,0.002216215772568697,0.004206557639282238,0.0008502298465812297,0.0008925112729206708,0.0007057705056257024
0.513,0.0015911888064306934,0.0008986070154162196,0.0011104419108803887,0.0016759022517151,0.0017003298558905255,0.0009268168752787354,0.000560513057699108,0.0028663426915478407,0.0021999765648120784,0.0037069248901386853,0.0006023056277679739,0.0005346565823126648,0.0011617865739064204,0.0011048088029568248,0.0026087077109478995,0.0013303471288181878,0.0022205576166056673,0.00418743029482882,0.0008428314001790449,0.0008833039495502737,0.0007011853273614088
0.514,0.0015948032870943929,0.0009072108968118942,0.001114524134627537,0.001676981165012581,0.0016903619448300766,0.000930509762774534,0.0005645005054066843,0.002885838510959471,0.0021994589443034007,0.0036959342556861507,0.0006050504644983246,0.0005386480968249119,0.0011590341613834099,0.0011084284668534394,0.0026490117668218627,0.0013397360086009336,0.0021994405662705274,0.004179098577690721,0.0008508391649784119,0.0008924452952947526,0.0007090130522582339
0.515,0.001640468766006059,0.0009878279715875848,0.0011542397511886682,0.0017347891230524715,0.0017408403754404222,0.0009676561008672424,0.0006067898273346417,0.0029410695978323576,0.0022395727313606617,0.0036688087386693713,0.0006292424977157873,0.0005519413634791359,0.0012083956858671696,0.0011646770753567237,0.00271501807838459,0.0013828850303339024,0.0022293137260519513,0.004213422427007396,0.0009253513415469206,0.0009812683342527162,0.0007662655427914666
0.516,0.0016153371399843352,0.0009425786867981456,0.0011356034579373953,0.0016683701815385366,0.001720821571965403,0.0009474187852172022,0.0005836331739582645,0.0029069761106922387,0.0022069066714996977,0.003720976138628207,0.0006141204564064084,0.0005416024271504005,0.0011702720966906277,0.0011294558754691986,0.002657590058669057,0.0013713735813766226,0.0022311944527126926,0.004210353871648476,0.0008822602605345065,0.0009267150614269415,0.0007385198793666836
0.517,0.0016294867545649182,0.000939721851382469,0.0011498437036072673,0.0016533286741070574,0.001736655464276482,0.0009640980579008751,0.0005866901025340931,0.002904149285652524,0.002228542105136788,0.0037614748193603997,0.0006082712287802661,0.0005443947496576174,0.0011716211528285392,0.0011335727509309557,0.002693729280397683,0.0014008940564635974,0.0022568176230780557,0.004284958020367324,0.000890888695664005,0.000928245104453107,0.0007518383647192595
0.518,0.0015661289057398776,0.0008327644570874648,0.0010918417200960207,0.001620217855434536,0.001698233236197888,0.0009181606281376542,0.0005315447425252584,0.0027532884454214424,0.00220284874108867,0.003732922677200934,0.0005699004781390959,0.0005188976238796883,0.001134758471773134,0.0010698121832255492,0.0025317498405665884,0.0013170901000680857,0.002256776846851438,0.004249681403489802,0.0007955210075728525,0.0008233043910662596,0.000673263264975188
0.519,0.0015163277029195065,0.0007912233822057191,0.0010420657903678077,0.0016490214519646607,0.001630922663214851,0.0008771115571652999,0.0005044330409073039,0.0026928158036622074,0.0021685454353191913,0.0035941849447669316,0.0005551013906684998,0.0005090863007697344,0.0011222251224608515,0.0010395877708960777,0.002481081819676878,0.0012335717610592045,0.002166552164515334,0.004107779691399749,0.0007490188058341118,0.0007850452545231645,0.0006271799070125539
0.52,0.0014792945527512368,0.000766106340441719,0.0010077701465253108,0.001652868196970858,0.0015700703190395515,0.0008453001565469354,0.0004865211363536126,0.0026704322269021086,0.0021283576522578285,0.003504250548425736,0.0005481420423225636,0.0005040646429894657,0.0011007362134780596,0.0010133290431839637,0.0024660134513818655,0.0011831686256612572,0.002082807018805921,0.003986313131509989,0.0007175214410489739,0.0007569062401380222,0.0005952124810409964
0.521,0.0014320206535823998,0.0006960960567800045,0.0009600802522331531,0.0016372471087368057,0.0015689561347028702,0.0008158807215994379,0.0004533304111660197,0.0025224490336867023,0.002110826009935396,0.003454920151062635,0.000515795912579553,0.00047967175607599444,0.0010883273845530006,0.0009729330707994865,0.00228973145310718,0.0011094192494831567,0.002108939164930157,0.003960249237746627,0.0006586642216226402,0.0006926889802697511,0.0005442067605774259
0.522,0.0014303806517483586,0.0006916633961756569,0.0009576767290047083,0.0016356047757065673,0.0015850827360900377,0.0008178090826697071,0.00045252063150602595,0.002490205471257001,0.002116547102553601,0.0034513139257110748,0.0005109760120309836,0.0004751109914619134,0.0010924041175963684,0.0009725694381280681,0.002251575556249108,0.001104217846275124,0.0021338871480613975,0.0039766906217783005,0.0006567762936693367,0.000691223852629097,0.0005437573064130952
0.523,0.001430381709957046,0.0007042949675952759,0.0009583264606918274,0.001641126469717591,0.0015777696571622757,0.0008159991401608391,0.00045670259919805556,0.0025013821050285934,0.002110198189943846,0.0034276563133321947,0.0005147400905068933,0.0004765247614165746,0.0010942211666562507,0.0009778561423329224,0.0022631157972933247,0.001103344752663049,0.002116748967773918,0.0039509994427031625,0.000664665960300237,0.0007030445806938124,0.0005489166339702756
0.524,0.0014279254922457962,0.0007033764800046249,0.0009560740880397711,0.0016457184191457364,0.0015718539256448505,0.0008147565834516479,0.00045593915520669714,0.002493871688939886,0.002111515473492309,0.003408983247856323,0.0005130296948365753,0.00047633317216655424,0.0010949303655169995,0.0009778435718846845,0.002267912672602068,0.0010991169335013984,0.0021074100868649914,0.00394277082216965,0.0006643434126356595,0.0007041663207729698,0.0005485637301825275
0.525,0.0014024913954802265,0.0006947573219990844,0.0009361418060622739,0.001637208680202229,0.0015051373788673716,0.0007900635934631195,0.00044596069275171235,0.0025168615483123213,0.0020669818424392528,0.00334767196657193,0.0005139039861219441,0.00047794042793392055,0.0010692173484512235,0.0009585816756919607,0.002307036694414455,0.0010757762828611517,0.0020104601099054653,0.003829056726246005,0.0006480064206265679,0.0006887338311405422,0.000530329575541999
0.526,0.001357220544985438,0.0006834775475458299,0.0008902727451226555,0.0016361671968961877,0.001502652639650992,0.0007534608721004865,0.00043277692593857164,0.002410089863709386,0.0020149309851832387,0.003222128542566871,0.0004994012455259433,0.0004542619900589351,0.0010671633651038182,0.0009421493517042245,0.002118887267488878,0.0009950729035026473,0.0020039922995392923,0.0037152671032270046,0.000624325234235501,0.000675479132376755,0.0005024536882315411
0.527,0.0013179128827813524,0.0006116596675055375,0.0008607622552085914,0.001535689543955776,0.0014879319681765368,0.0007391109559771181,0.00040345996992985356,0.002324759751443528,0.00196372804315903,0.0032778447656023335,0.00047136775215939064,0.0004361630537885741,0.0010109673608750258,0.0008878017251987558,0.002014790089235996,0.000981079506729543,0.0020124613070408026,0.0037050900761930183,0.0005683679796220087,0.0005987887937787262,0.0004664330900469027
0.528,0.0013297826778894406,0.0006193408520546173,0.0008613534339749762,0.001620297604846277,0.0014951524186921361,0.000742262333492949,0.0004069693956403331,0.002312031569933981,0.0020213742496755227,0.0032103157692755513,0.00047174747049505417,0.00044199986164417115,0.0010534809865018202,0.0009075762961503475,0.0020528698662356515,0.0009583369090575555,0.002017719833715126,0.0037355622454078308,0.0005781412722489776,0.0006199009424038282,0.0004692202463421058
0.529,0.0013341023232393613,0.0006352483298834866,0.0008717542295879621,0.0015977464525427365,0.0014753976422712256,0.0007442728657784947,0.0004129675454032089,0.00236411131842873,0.0020006341774572167,0.00323061299834837,0.0004813196735935499,0.0004481788758519123,0.0010392282543590925,0.0009099422255287593,0.0021034608652251707,0.0009818602734857906,0.00198382198310465,0.0037061000402536237,0.0005879013739295003,0.0006284654787253041,0.00047902186102843913
0.53,0.0013065640631606534,0.000623044560466024,0.0008472666341534651,0.0015896693116794758,0.0014415783703346507,0.0007213400243415435,0.0004022680633756215,0.002334241693864536,0.001964021337924504,0.003162217179372595,0.00047454552944559136,0.000440717018638237,0.0010254166765790718,0.0008938807988149167,0.002061888753627339,0.0009451733445926536,0.001936038689345665,0.003623238699786646,0.0005702236595491739,0.000613396666024224,0.00046111425129713446
0.531,0.0013241701751363743,0.0006213677664571593,0.000858485791867758,0.0016035049174562,0.0014958196510309607,0.0007404727902425856,0.0004069433967963665,0.0022941166092270704,0.0020097103974954234,0.0031968015927583693,0.00046901133757548674,0.00043800504290214537,0.0010456879000622088,0.0009054727253182682,0.002029781661441854,0.0009577486206950869,0.0020180134397147498,0.0037211662212742747,0.0005782190811748356,0.0006215347048041941,0.00047153985443249
0.532,0.0013152617450357784,0.0006217968246953198,0.0008510807839864354,0.0016226826505130187,0.0014594502597660153,0.0007304200834681307,0.00040450598460728404,0.0023025344359793865,0.0020023428439622792,0.0031419596561993446,0.00047039268893578345,0.0004414552162750329,0.001044556601284219,0.0009021934534608755,0.002071504330697138,0.000943886180904685,0.001961933506739122,0.003667153141233115,0.000576962203998832,0.0006233565467401725,0.00046506750726937884
0.533,0.0013194691138848857,0.0006439863317594385,0.0008566776213141392,0.0015882460461283943,0.001499439264060265,0.0007348122686342551,0.0004127537716007712,0.002291477343603132,0.0019842290800367035,0.00316541312213392,0.00047253306025574204,0.00043292445904963284,0.0010423417719347405,0.0009136311468763703,0.001989010771546118,0.0009535443943493593,0.002015020696323311,0.003682873586615676,0.0005886083485585614,0.0006397679293281833,0.0004820912635890018
0.534,0.001280620426789608,0.0006002991809184177,0.0008182259830021854,0.0015858830244549482,0.001459437644807715,0.0007067432437947163,0.0003893683583167107,0.0022192315393119166,0.0019569409356758882,0.003086465885631995,0.0004533424481947268,0.000421538808321853,0.0010259041154220272,0.0008817066042516863,0.001932033564898683,0.00089766968835292,0.0019686959424446426,0.003613341079986232,0.0005504997952577861,0.0005991996953729206,0.00044588099737419284
0.535,0.0012917464522629262,0.0006143727832087498,0.0008208102595528288,0.0016237786815734845,0.0015009426694528871,0.0007133625189745807,0.0003950130426626508,0.002180152776781741,0.0019952464484467303,0.003057134474577561,0.00045143958978610677,0.0004177053634774053,0.0010538874905350326,0.0009000774393702615,0.0018932527180939296,0.0008880238668964591,0.002025147485596457,0.0036641339496417125,0.0005626586333019601,0.0006220352204696633,0.0004557536328583245
0.536,0.0012757230573797074,0.0005831447726855066,0.0008038308308742081,0.0016282435872368994,0.0014866549825827136,0.0007063011458502411,0.00038269965557657937,0.0021294897761596765,0.001999281269493336,0.0030264909948173324,0.00043824634205102964,0.0004133785715773053,0.0010480511705373008,0.0008812412696538319,0.0018787256692649468,0.0008655819012307608,0.0020115333369371546,0.0036545823286356915,0.0005428999959864456,0.000597363220310676,0.00043672032613251144
0.537,0.0012582659474453639,0.0005737374456944444,0.0007881973334974424,0.001632968946346347,0.0014568744362490893,0.0006912750374099552,0.00037556763260271353,0.0021080883383726157,0.0019814790060240783,0.0029711980456790243,0.0004336542023600787,0.00041046356167695475,0.0010410630684152267,0.0008698076491843176,0.0018735986429975204,0.0008420187896284181,0.0019696870019260126,0.0035998842908020467,0.0005333983478963411,0.0005888879075123254,0.0004234692646323257
0.538,0.0012494110442333839,0.0005764770360838778,0.000781948524949283,0.0016464546502995558,0.0014289825718099003,0.0006827969403639944,0.0003748044253345517,0.002101622088441224,0.001972245346291479,0.002918229622193236,0.00043451037423081207,0.00041174456465220555,0.0010391116364348862,0.0008660423533779493,0.0018980338881632308,0.000831597131702333,0.0019257865575841304,0.00355013486834177,0.0005357126602159035,0.0005937289410479218,0.0004182567031494333
0.539,0.0012564515732394865,0.00059683330556215,0.0007888526840278409,0.0016507073579724585,0.001437444207723404,0.000685931259019168,0.00038211357153850045,0.0021159407261021057,0.0019719911732105633,0.0029119749636355996,0.0004406345981214921,0.00041305920375234173,0.00104441020090007,0.000877677015767464,0.0019014277913900202,0.0008396610019432149,0.001931011062568766,0.0035480256923878795,0.0005493453255210889,0.0006127246333240688,0.00042926569032153417
0.54,0.0012884081672627056,0.000632683271520218,0.0008162357348447946,0.001667768257707536,0.0014939313036815838,0.0007138841182592337,0.00040111901583128606,0.0021267216911172726,0.0020152944669132866,0.0029414785796384457,0.00044824395924436544,0.00041729245806942927,0.001070179872364796,0.0009106139204891894,0.0019130804152984737,0.0008755367220643073,0.0019973917742478475,0.0036265342281326385,0.0005831451843442137,0.000654473978731307,0.0004625543927538889
0.541,0.0012975993093991777,0.0006829419458969088,0.0008359842124511241,0.0016910949824012755,0.0014395193002532114,0.0007178086158626806,0.00042185552032913964,0.002202550087871402,0.001990202875995384,0.002879585361402537,0.0004730508533851152,0.00043402851073737203,0.0010689805231494098,0.0009259486668315997,0.00205386873984148,0.0009082161840301417,0.0018908960393408947,0.003524961575319674,0.0006252522235097313,0.0007037610338075373,0.0004814789355669369
0.542,0.0013297607143789802,0.0007221413683430322,0.0008720717776348197,0.0016908839612211901,0.0014440710161898185,0.0007453261307666104,0.000444956304282651,0.00229473447518036,0.0020018828589032367,0.0029311483209466527,0.0004935403653105741,0.0004508371511657838,0.0010762368220624818,0.0009504987972058787,0.002168469519819749,0.0009669406688306292,0.001876251104387383,0.003546651340048279,0.0006614583971547017,0.0007408265456011476,0.0005162873625246256
0.543,0.0013043085112350416,0.0006951311644528557,0.0008537812417206414,0.0016690140836205236,0.0013843957407686514,0.0007223290241067382,0.000430327087707405,0.0023059384280870177,0.0019625665189083596,0.00291347768670136,0.0004928262808006068,0.00045123568492433375,0.0010461669553731845,0.0009199215487654122,0.002190736010330041,0.0009469275173176195,0.0018047835420921254,0.003467606475114793,0.0006322811508892023,0.0007060187507319515,0.0004907053322880106
0.544,0.0013075998992345295,0.000691324503693691,0.0008518319569965627,0.0016675407773256712,0.0014295864564037863,0.00073007875087161,0.0004294603809235076,0.002249090403387055,0.001984848373164594,0.0029159099146426337,0.00047927765748090323,0.0004415930009658009,0.0010594890435213777,0.0009299110633511631,0.002114879052191987,0.0009404126946749303,0.0018699525770876635,0.003526040975454947,0.0006344088986113272,0.0007094572842240021,0.0004969042197173756
0.545,0.0012680157520314594,0.0006301318730260741,0.0008136563624412396,0.0016313666761242906,0.001402353913285359,0.0006998596118577005,0.0003987650885838301,0.0021792236336186654,0.0019559162955893328,0.002904931053138826,0.000455815657801506,0.00042602420915094363,0.0010307499470244563,0.0008897588855741878,0.002017778216590882,0.0008874541604368957,0.001862546517080843,0.0034948383638350178,0.0005789473478352569,0.0006447160996154722,0.000455481128018409
0.546,0.001270873943073797,0.0006417489459475956,0.0008138392891587909,0.0016440800712547166,0.0014255155035300948,0.0007043203606196258,0.00040271432808602903,0.0021436066975465407,0.0019695708179909843,0.002873570482525678,0.0004528494902730218,0.0004215074616451542,0.0010413447861999936,0.0009000947345610966,0.001985506390686398,0.0008837200171037951,0.0018888444105618074,0.003509618929782965,0.0005898000576280982,0.0006620767347091938,0.00046314935166436033
0.547,0.0012841150937488999,0.0006829025213420659,0.000836294672767135,0.0016595575754178027,0.001391625081647918,0.0007172627273868137,0.0004231733414767902,0.0021974121659573687,0.0019588944624596705,0.002830969825016849,0.0004719591678449264,0.00043612582070595707,0.0010435929699288415,0.0009148213289064122,0.0021125797866315965,0.0009228148657677293,0.0018127356134841621,0.003448360612430368,0.0006281487907948691,0.0007067080649822977,0.00048636248002842386
0.548,0.0012532155564412284,0.0006607739225696907,0.0008111968444957096,0.001653794756689031,0.0013513352177726423,0.000695871054735453,0.00040934113573176667,0.0021343275063422373,0.0019295298632909796,0.0027514848653182877,0.00046223859476457463,0.000427649728156565,0.0010238722479958273,0.0008896739537391785,0.002082847844128044,0.0008891894029100511,0.0017626333504936476,0.0033704120037185703,0.0006086936858670233,0.000687768811921674,0.0004616763381836142
0.549,0.001255977944537029,0.0006417716172248955,0.0008162746417141875,0.0016316389832251588,0.0013376195965207893,0.0006995053118291628,0.0004057268445472051,0.0021697950396272203,0.0019311599641552712,0.002803712221775778,0.00045985197003584055,0.00043285644341573004,0.0010163870965568256,0.0008826764047243918,0.0021253154594133017,0.0009018400055703646,0.0017516133651998,0.003388792775906868,0.0005949348310206881,0.0006661134190640849,0.00046197289921301454
0.55,0.0012315477675489516,0.0006187597751687868,0.0007970583195706649,0.001618816927457467,0.0012944015102418494,0.0006779638062964777,0.0003920257177594255,0.0021532774859374104,0.0019011107630889645,0.0027712089625115954,0.0004565528086669657,0.0004295389778302683,0.000994454494020247,0.0008568937248083497,0.002118614261164775,0.0008769043423776379,0.001704070897127985,0.003322573575481158,0.0005703084545242154,0.0006388176770906195,0.0004376028698541701
0.551,0.0012477220876433548,0.000649769359477026,0.0008123240718541647,0.0016253599264203222,0.0013072098474911087,0.0006882314784456556,0.0004055648267834444,0.0021986293573039717,0.0019025358995410357,0.002786239228565468,0.00047031169243250126,0.00043601993202357914,0.001001553080580142,0.0008731980034183406,0.002147817132219121,0.0008995171177953454,0.0017083797578965054,0.0033277967906981676,0.000592491123339256,0.000665641546718776,0.0004558515798631646
0.552,0.0012196040567602374,0.0006324459598269216,0.0007921970119953992,0.0016166177632811474,0.0012508808886377842,0.0006651313930098324,0.00039338093072671665,0.002178810729143832,0.0018651596344541055,0.0027255938349189934,0.0004707398563180698,0.0004335948619446084,0.0009760805352841961,0.0008452582831722788,0.0021563544962831527,0.0008741567595137445,0.0016372549996374053,0.0032324095455401602,0.0005708393590573291,0.000644133566752636,0.00043104072570643304
0.553,0.0012347271608966147,0.0006530871811645245,0.0007972945635165152,0.0016124741961713873,0.0013131500251722938,0.0006730905900124151,0.00039947152675401387,0.0021857678018606386,0.0018787392678555337,0.0027713146797614385,0.0004687418926654363,0.0004267580319073927,0.0009919713457627877,0.0008714641215354924,0.0020622107706607107,0.0008733407349735822,0.001719781390992381,0.003302930046627073,0.0005842615283334629,0.0006602820493376571,0.00044841147286756033
0.554,0.0012267486948054017,0.0006402450557019268,0.0007916495040762861,0.001591844590374536,0.0012995722451460967,0.0006673784813130412,0.00039396272101122065,0.002191926467959182,0.0018637557103285962,0.0027835340635467,0.0004654743115443116,0.0004257695898225444,0.0009809593572668307,0.0008616812641349947,0.0020568114308880947,0.000869110381017113,0.0017065681451504666,0.0032871193232715257,0.0005716454406913263,0.0006434487527645638,0.0004425170600986794
0.555,0.0012549889596157216,0.0006688930826502792,0.0008143203624143558,0.0015961017205283756,0.0013558992776167011,0.000691225008273566,0.00040991918296562346,0.002211030309779871,0.001895202762364212,0.002831223132059857,0.00046917177552596723,0.0004277245742911884,0.0010007976767651972,0.000891504803743115,0.00204788430393954,0.0009003543729243502,0.0017744622331016258,0.003367685296114531,0.000599480816020348,0.0006744690495787964,0.0004724294516569305
0.556,0.0012414494996838554,0.0006502019800033176,0.0008075264641261848,0.0015775121096168743,0.001312317020956355,0.0006834271678458625,0.0004040022256291964,0.0022223084957276873,0.0018701992867949935,0.002822655695778442,0.00046794763869428824,0.0004316336608680693,0.0009840031851370279,0.0008711190741034214,0.002094889636080177,0.0008998803596367289,0.0017151175199534574,0.0033142173607679792,0.0005853653945100401,0.0006538098617943078,0.0004608558556526976
0.557,0.001227451304418614,0.0006212000767852333,0.0007974944259916406,0.0015624702118549605,0.0012866847135593051,0.0006773257180161529,0.0003938253797871605,0.0021959294677275087,0.0018623311910389573,0.0028118380173450808,0.0004569046165193713,0.00043016852734212296,0.000972875617225033,0.0008521752978369879,0.0021104617575097295,0.0008921279902027734,0.0016881056040476405,0.003295163412533997,0.000566392752607503,0.00062866642228665,0.00044688488815447514
0.558,0.0012511016902923555,0.0006447053877091102,0.0008209719695089213,0.001575364664808232,0.0013112433880890784,0.0007026413743173032,0.00041124167092498887,0.0022041002371006035,0.0018923020391773404,0.0028139336812613713,0.0004585783977322233,0.00043692504149595024,0.0009929526003326083,0.0008754254663108085,0.0021712012703719585,0.0009292263890003927,0.0017023602339909516,0.0033422892932507553,0.0005968643502274329,0.0006632452672742373,0.0004764610829628424
0.559,0.0012286880556235946,0.000647447143985902,0.0008033454158885567,0.001581966498337306,0.0012742309718172251,0.0006807759358623544,0.0004042883086980975,0.0021855876886005543,0.001857966365802266,0.0027451539780709577,0.00046668403849692286,0.00043306536436682475,0.000975250224299895,0.0008577646683577411,0.0021492608493599574,0.0009011717938445241,0.0016534389187830012,0.0032514469394936407,0.0005877333546430163,0.0006604054922200175,0.0004567771615431315
0.56,0.0012216836997363313,0.0006149005167968014,0.0007908406800475332,0.00154319342434861,0.0013061579002127122,0.0006759120934267671,0.0003896137454942883,0.002162796682629642,0.0018598493451298381,0.0028166695698926825,0.000447647677522367,0.0004213544436826311,0.0009658584753859945,0.000851478878024059,0.0020428746449259183,0.0008835977779664272,0.0017211165237864812,0.0033116560531387673,0.0005604233960472271,0.0006214084769703421,0.0004463236892975342
0.561,0.001222930857534621,0.0006259909398894647,0.0007859215447251211,0.0015536903798214485,0.001353579698189944,0.0006784195833674511,0.00038910377490986026,0.0021043108142726474,0.0018800291474089237,0.0027923072459636877,0.00044108475759563337,0.00040852119704892775,0.0009724295493314106,0.0008655725531468983,0.0019427359057135885,0.0008669439790749411,0.0017883060821550778,0.0033549397169805317,0.0005668419645886713,0.000636253530961528,0.0004516347855466618
0.562,0.0012297209374593,0.0006341261026184819,0.0007945374328479637,0.0015544646496064018,0.0013510313374123228,0.0006861806369716783,0.0003960050723348374,0.002121401345585472,0.0018818539405208723,0.0027958289252365542,0.0004445313476004742,0.0004136541387783632,0.0009763339749679911,0.0008699543188197545,0.0019813482690319573,0.0008831464918993559,0.001774989626424972,0.003351768630966867,0.000576967711461096,0.0006458026121165528,0.00046049218398402925
0.5630000000000001,0.0012348577904487234,0.0006491030230117989,0.0008030397840330661,0.001573886030789673,0.001357024708646959,0.0007036824893775773,0.00040783551129686124,0.0020738282399839214,0.0018988700923087132,0.0027227063825576714,0.0004386361940802441,0.00041476853564115235,0.000993540581794794,0.0008824073103821384,0.0020240973325292844,0.0008989548274012105,0.0017522001868333081,0.003343536891306731,0.0006020723081728852,0.0006781677251821439,0.00047879765364433613
0.5640000000000001,0.0012234855203413775,0.0006448759077098964,0.0007930051320984566,0.0015691429231111664,0.0013257198891273303,0.0006813527707321132,0.00039933720433393827,0.0021073275391390034,0.0018712302773551404,0.0027336256347370025,0.00044951355447908625,0.0004160259213024098,0.0009760219431961259,0.0008657704358983054,0.0020181931294265265,0.0008820808274646597,0.0017306680831526977,0.0032994531838610452,0.0005854879721541861,0.0006614499839578958,0.0004594280935905637
0.5650000000000001,0.001203877457453284,0.0006102248952174483,0.0007786950281295502,0.0015434841448264125,0.0012872966402237562,0.0006682779284259421,0.00038610510986214486,0.002097730143288956,0.001847859351220782,0.0027336112757773146,0.000440253482206332,0.00041490586990711176,0.0009578645458585555,0.0008401539251789991,0.0020286109352025683,0.0008684681345891843,0.0016899387204871719,0.0032605993625620666,0.0005582608736820482,0.0006252660818057976,0.00043994270061353813
0.5660000000000001,0.001182970415045309,0.0005774423143233287,0.00075935647383929,0.001520277670070791,0.0012695741114020498,0.0006527131590219337,0.0003697185753817056,0.0020660710831179596,0.0018304695289510509,0.002732482787172752,0.00042814339992591766,0.0004072551142515479,0.0009399004422313562,0.0008185003085058318,0.0019824807177958315,0.0008429008827044449,0.0016836265302256903,0.00324129487784397,0.0005292223869063362,0.0005897946753748995,0.00041818326185949495
0.5670000000000001,0.0011755249305152205,0.0005906311600623049,0.0007576259414618924,0.0014787487210179417,0.001231665256182568,0.0006392676833962829,0.0003722742170203519,0.0021491446059257457,0.0017720450281309974,0.002763399887388829,0.0004436370221515551,0.0004135555359566778,0.0009170953303977436,0.0008097999776021103,0.0020002311568367848,0.0008507951536473879,0.0016317548022626305,0.0031619500542884316,0.0005254813222298482,0.0005824242564735904,0.00041897149787073484
0.5680000000000001,0.001182977803548263,0.0006233097783610031,0.0007711161463738181,0.0014904521123425551,0.0011958590432658012,0.0006406824066460537,0.0003869422138493839,0.0022137854311107263,0.0017545753596927005,0.0027318226002582824,0.0004651071777244109,0.00042749497028760075,0.000920684986700504,0.0008158261961012103,0.0021027457480735645,0.0008728633255916662,0.0015604874873501595,0.0030945723760716914,0.0005462389872025186,0.0006111231937561135,0.0004338665302054956
0.5690000000000001,0.0011396343722290148,0.0005616907558937401,0.0007308366046088199,0.0014341368365431428,0.0011790655399539496,0.0006130386926338494,0.00035486132577688956,0.0021231304745090718,0.0017160466435548472,0.002722158165880728,0.00043318276634618513,0.00040558465464057836,0.0008855654076191932,0.0007797666569753225,0.001963207976367287,0.0008201384128354583,0.001569177833014579,0.0030645299056473174,0.000495052774781457,0.0005466347732020482,0.00039488124379583045
0.5700000000000001,0.0011049528836223066,0.0005255920191102881,0.0007036977864226523,0.0013829974442957083,0.0011362367158934683,0.0005911161670922871,0.0003368971343890026,0.002091541679427822,0.0016619951070175887,0.0027001229107220803,0.00041888099386788724,0.0003969631126099493,0.0008540240934399312,0.0007474462368820545,0.001917005067790356,0.0007931782539790655,0.0015207527667662202,0.0029839658433741256,0.00046266195758903894,0.0005041779444853178,0.00036980443729128787
0.5710000000000001,0.0010863064149454539,0.0005020674446488682,0.0006890914621318078,0.0013752933993349536,0.0010993597527471088,0.0005769495477230269,0.00032560137674153555,0.002073592696053339,0.0016436193119147013,0.0026688317544530937,0.0004130912584794366,0.00039618377536454474,0.0008439379288263105,0.0007266865173580772,0.0019326470084343184,0.0007752575989263821,0.0014772316126511198,0.002932662385155771,0.0004423924909036092,0.00048103425619094864,0.00035059672087012217
0.5720000000000001,0.0011075739705472376,0.000526036395536944,0.000711347463602463,0.0013684186161401213,0.0011050060619540725,0.0005915146891352085,0.0003414620213427755,0.002140699836833626,0.0016467868131578856,0.0027157932383578,0.00042522568749958634,0.00040863693432469095,0.0008519733141497676,0.0007400834190738337,0.0020059652966091246,0.0008158327064645698,0.0014733406956105588,0.0029461781989994495,0.0004635147791868244,0.0005007664922843658,0.0003728967506810843
0.5730000000000001,0.0010968858555602035,0.0005149188394267812,0.0007035958177883384,0.0013434592107113286,0.0010936020269334268,0.0005859846694468152,0.00033672962209330137,0.002132692838272887,0.001625550625774741,0.0027166142438197483,0.0004195028437304904,0.00040581189936150786,0.0008398446290931449,0.0007298340941603865,0.001988521626350659,0.0008119487361154532,0.0014601532855126331,0.002920751415709688,0.0004545729248279784,0.00048672318303621953,0.00036690457903854057
0.5740000000000001,0.001114207945460538,0.0005293042715173168,0.0007174563792663458,0.0013692194975080119,0.0011160594120043221,0.0005978736200161761,0.00034504475837171533,0.0021397562511430435,0.001657122667698352,0.0027257249724875754,0.0004242959502446242,0.00040959871365142675,0.0008556900445334525,0.0007447172942552927,0.002014449024654863,0.0008261750504892085,0.0014876072014444741,0.002969105392022331,0.0004691216774500573,0.0005064248766250001,0.0003794118538271718
0.5750000000000001,0.0011265709460661244,0.000542087340669517,0.0007302693996860121,0.0013666612150301516,0.001117003194647137,0.0006057409180182383,0.00035423988081606517,0.0021771946854489688,0.001660429877172076,0.002748716958499542,0.0004305245277645975,0.00041739224247949736,0.0008620505494463249,0.0007519213451604445,0.0020655075458908545,0.0008497945085046421,0.0014829321964812126,0.002977620239935419,0.0004810601453971719,0.0005179146637054322,0.0003923574865691837
0.5760000000000001,0.0010933186876597501,0.0005136402912049309,0.000703484603200355,0.0013299103175803406,0.0010791169047141835,0.0005833190322929172,0.000337136885117606,0.002138827122325382,0.001613507110902801,0.0027103371659145115,0.0004192438288194156,0.00040778537315211416,0.000834924785104274,0.0007245454056082901,0.0020100280302006723,0.0008176047303768419,0.0014403701629913668,0.0028976034987571175,0.00045296537231520606,0.0004842563325984095,0.00036776680001826545
0.577,0.0011089390467802162,0.0005294889659506197,0.000715368993571941,0.0013638512586410245,0.001103391088816963,0.0005940473172458827,0.00034451970560911427,0.0021333471994940956,0.0016487891700838198,0.0027030989627336854,0.00042407565384883217,0.00040940115592347226,0.0008515734496988836,0.0007406168202189756,0.0020236923401228957,0.0008247188424245211,0.0014694292801097353,0.0029455594137870467,0.0004675156740517883,0.0005070531007091983,0.00037924254256183065
0.578,0.0011297430551073739,0.0005493169665700126,0.0007374761448283307,0.0013545546933360075,0.0010954705210867166,0.0006051817557273242,0.00036015297279934355,0.0022102970420568857,0.0016491888778357167,0.0027456909099978777,0.00043521417205549806,0.00042545517775272046,0.0008632776550089316,0.000750449376735407,0.002133418508550422,0.0008680062657976384,0.0014501187635201918,0.002950955693533208,0.00048581900281863266,0.0005237746383435216,0.00040104196379309176
0.579,0.0011358203965641188,0.0005447919761226716,0.0007413873642679869,0.0013355056047590352,0.0011241711230062235,0.0006158011620364112,0.0003624589716832993,0.002203456635056722,0.0016538330494256792,0.002793984256595494,0.00042724495852519695,0.00042237911748455037,0.0008597343205459795,0.0007543382221426587,0.0020968003333967644,0.0008815191674302891,0.0014891146684521406,0.002995468428745318,0.0004899187893674384,0.0005182951865323471,0.0004062045957061722
0.58,0.001150080811890164,0.0005568344404196512,0.0007539316467251034,0.0013271214177388302,0.0011497603744602403,0.0006300531197995785,0.0003728347935675336,0.002220527249270021,0.0016622320153949488,0.0028346777975611914,0.0004283282084492912,0.00042498539622815024,0.0008632802461304712,0.0007650130445868708,0.0020995604850495564,0.0009064670900447158,0.0015166199557410387,0.0030336857922352856,0.0005054666874378944,0.0005289090367874838,0.000421327440175423
0.581,0.0011568200288802788,0.0005857344677603349,0.0007607610780685503,0.0013915366669766671,0.0011299183485740105,0.000626496133409371,0.0003795734323841504,0.0022190877268648546,0.0016904653077242093,0.002728102806239363,0.00044285139613509106,0.0004307717467113559,0.0008906591096619065,0.000781058951875635,0.0021786093956772667,0.0008932718525128669,0.0014759031117952404,0.0030082759973824036,0.0005195180388695153,0.0005709559520725715,0.0004328490569102117
0.582,0.0011721541995541262,0.0005892060762318074,0.0007697689825238996,0.0013966718790854316,0.0011856451047936867,0.0006463135047140023,0.00038494298377766967,0.002195905060547565,0.001723730536524748,0.0027733143347317135,0.00043483161850887964,0.0004253455266396422,0.0008970393604452731,0.000798036734376284,0.0021220722864112584,0.0009053054493594059,0.0015470460905260275,0.0030938472404936634,0.0005321586618485252,0.0005780088565405794,0.00044389370300246256
0.583,0.001157767219069883,0.0005638195580430772,0.0007587354013524061,0.001381620819112639,0.001157294481308191,0.0006337844735504472,0.0003736303245263084,0.0021794545345463767,0.0017107678558964112,0.0027570990223790837,0.00042423042000150346,0.00042392537798252583,0.0008912169696021488,0.0007825631984188508,0.002138231502121002,0.0008925476635606167,0.0015198376614620202,0.0030687175302840375,0.0005121866196462488,0.0005556812660628685,0.0004299997015408952
0.584,0.0011217876593862808,0.0005346224003518474,0.0007328727828228576,0.0013715217357284093,0.001089436945635236,0.0006007686514765131,0.00035295911471622254,0.0021344078997627136,0.0016747489455554154,0.00266354105132649,0.0004166913969019248,0.00041800306994443925,0.0008745110957472102,0.0007526895540301837,0.0021462708887063364,0.0008505387718784618,0.0014450819584544972,0.002966345384618263,0.00047906472963643587,0.0005302775754468803,0.00040139923498527796
0.585,0.0010906337559097256,0.0005075086844950061,0.0007048094390439408,0.0013420391925782482,0.0010727157569202506,0.0005829016156805311,0.00033498962180011915,0.0020881646852514146,0.0016348234402787654,0.002651594180414829,0.00040994638737312794,0.00040510766653312213,0.0008409505769217951,0.0007243148975664138,0.00203973654217815,0.0008149745467456171,0.0014354631359285719,0.002907926145193307,0.00045138669809219323,0.0004924265209620415,0.0003708953842370688
0.586,0.0010627832129516735,0.0004848284147246362,0.0006789562087300416,0.001313663166722323,0.0010747060436665512,0.0005715720442782679,0.00031950365303179407,0.002017259892511447,0.0016064152055678127,0.002625554042818723,0.0003960841795562775,0.00038738527342763174,0.0008107994663805185,0.0007063018619085648,0.0019116826760050554,0.0007803361352999305,0.0014450033528128348,0.002878005588310084,0.0004314904280187104,0.0004659055673529311,0.00035021105790933316
0.587,0.0010761763915693335,0.0004916272372947894,0.0006892238301613451,0.0013109568235620817,0.0011078084677587086,0.0005864988578133667,0.00032622561372142034,0.0020183437112957225,0.0016243609864331487,0.002663269789566769,0.0003939931435450461,0.00038699102828054777,0.0008135469224370695,0.0007173756087892613,0.0018973592265465467,0.0007990455737267865,0.0014863475466609932,0.002931893086347337,0.00044272982922211046,0.00047360831909226686,0.00036232222913135104
0.588,0.001090576719450731,0.0004927192686012827,0.000701166356193994,0.0012875353664436595,0.001155222116800969,0.0006084397982214496,0.0003341055608756527,0.0020123568663218405,0.0016385591188149418,0.0027326755442541595,0.0003870583712564102,0.000384571913014109,0.0008068823013231974,0.0007254465442736446,0.001860593331064364,0.0008300854681895231,0.0015483735355495964,0.0030031890344428547,0.0004538727007834531,0.00047268207316553124,0.00037599911942398645
0.589,0.001062768866923447,0.0004799519655086515,0.0006803510803524704,0.0012629013162740454,0.0011090382229186346,0.0005858173375463682,0.0003233943699886277,0.0019963435959283737,0.0015903543914908003,0.0026784344552666095,0.00038388184149062976,0.0003797764646304991,0.00078903469847591,0.0007051333260155168,0.001839109600867861,0.0008026739442038577,0.0014880493926345828,0.0029088303914635016,0.0004368406839548866,0.00045598957847126087,0.00035947068098585166
0.59,0.0010298535586052704,0.0004548395216165124,0.000654182413737936,0.0012252829684745725,0.0010853652605542496,0.0005680002849899335,0.0003075117715060083,0.001933098943329492,0.0015476598611752213,0.002630260957854791,0.00037002922386386583,0.0003654465204500079,0.0007583647428135443,0.0006809231774008717,0.001755104729732615,0.0007712699253974442,0.0014642922573442352,0.0028440945189291966,0.0004136734534551101,0.00042875999775704443,0.0003389106417227561
0.591,0.001059158439329022,0.00047283422014920973,0.0006773926140837272,0.0012547451025852752,0.0011183474677037841,0.0005875742035400533,0.0003205745039109864,0.0019691597626041446,0.0015924981942073702,0.002677637975098568,0.00037781656616053816,0.0003748881439186169,0.00078145720161793,0.0007016527581146237,0.0018100939079672695,0.000801221208023839,0.0015041588076923906,0.0029209155629124073,0.0004329038052369727,0.0004501519777752039,0.0003571448032775315
0.592,0.0010268634404924648,0.0004526559673579955,0.0006522541000417714,0.0012285100655583525,0.00106984540925259,0.0005626616842379084,0.0003062158470241716,0.0019398004968292915,0.0015431115974734455,0.002616293674757686,0.00037104542949628616,0.0003679964293143989,0.0007620130849581574,0.0006774443239838668,0.0017796465103909753,0.00076735388974003,0.0014428988500239104,0.002823856970175065,0.00041050739527959124,0.0004273367390456029,0.0003358203449081998
0.593,0.0010566486000151865,0.00047416066425265413,0.000675609497031493,0.0012762840917052154,0.0010893741899109521,0.0005766571475271931,0.00031856194618518074,0.001984197942861199,0.0015939478844775312,0.002638898394498268,0.0003826929490104991,0.0003804187947205051,0.0007953590982254788,0.000700507143582052,0.0018664105404166964,0.0007892797229888115,0.0014641020488475043,0.002888938733489499,0.0004290689566440742,0.0004553654476983082,0.00035313680623061394
0.594,0.0010587310718039532,0.0004827728345392357,0.0006789315539478258,0.001287965358674481,0.0010742861393704395,0.0005729800902330995,0.000321650731192169,0.0020020272399792205,0.0015937402826351477,0.0026177876129770405,0.00038852425477131636,0.00038532994520878994,0.0008047249918610166,0.0007034221258229723,0.0019080350090119325,0.0007896276272083558,0.001439266431735975,0.0028684439139168294,0.0004330324958901066,0.0004654735727356307,0.00035659922436748204
0.595,0.001040904539580323,0.00046637284713679783,0.0006640213047761634,0.0012452591162196436,0.001086796145779334,0.0005722918949344624,0.000313725401321463,0.001949927675496288,0.0015672669736934708,0.002623322365576053,0.0003749972992949102,0.0003713965394862573,0.0007728790047321077,0.0006903293613792494,0.0018029088418407557,0.0007806162206975831,0.0014614356878356327,0.0028596206268072244,0.00042273059506336974,0.0004439907857957115,0.00034820210373998073
0.596,0.0010172243967199123,0.00044006721530376325,0.0006463233087057318,0.0012055815440756845,0.0010573614164717249,0.0005590326691035097,0.00030317082173625387,0.001927441621247139,0.0015244478690439323,0.0026120717344739752,0.00036398251744473864,0.00036667465910888986,0.0007530411406381221,0.000665942645727835,0.0017778728278753375,0.0007685044593260804,0.0014266160808205086,0.0027983789430053863,0.00040320168834928616,0.0004141152197507658,0.00033065955218958276
0.597,0.001006297720615401,0.0004288027644450132,0.0006344549297936375,0.0012186341355663322,0.0010590304815144558,0.0005519031969956067,0.0002921557145600939,0.0018749885292290713,0.0015362585974961762,0.0025694912489193644,0.00035721986922976345,0.00035703455130697836,0.0007473765155140422,0.0006618171006043116,0.001733009856762724,0.0007409054511005042,0.001438140080506023,0.0028058024822905647,0.00039071117093458785,0.0004085984474359039,0.0003196192881028681
0.598,0.0009908682216786201,0.0004251744738514862,0.0006228392882883238,0.00120366606636102,0.0010453350209829182,0.000542431793804643,0.0002866811580090056,0.001848119038764473,0.0015139619892212686,0.002532764016708766,0.00035374469678906006,0.00035023719796711816,0.0007331296521312369,0.000653928492534428,0.0016925473438201832,0.0007244521982221475,0.0014208153729474704,0.0027660818133573573,0.00038422276082616946,0.00040350564058189153,0.0003137264184034372
0.599,0.0009797273988213229,0.0004197854263107148,0.0006137420192291465,0.001222085981837151,0.0010082570448551875,0.0005251484238393278,0.00027988800901590505,0.0018476352567758925,0.0015065400526896866,0.0024795403385000636,0.0003568265480152766,0.0003525352298452411,0.0007423184461758936,0.0006459900217294923,0.0017294144597783667,0.0007002359401889757,0.0013730453784548402,0.002715005444833274,0.0003735411200761485,0.00040131096801288013,0.00030170186626299333
0.6,0.0009574174777396138,0.0004103661477445897,0.0005969376822281269,0.0011998567603629384,0.0009808229248662315,0.0005100282069384621,0.00027171876973808295,0.0018208549294409515,0.0014709179800930228,0.002434166673684457,0.0003522503867440241,0.00034580097802350274,0.0007254184727747415,0.0006315040386561943,0.0016910010180724022,0.0006781853517479064,0.0013375963971837823,0.0026496043939596703,0.0003617952811292291,0.0003891021801015748,0.00029042098130238614
0.601,0.0009454537441807187,0.000403793853168799,0.0005890365874597903,0.0011832925327232013,0.0009572989050683489,0.0005008663479573183,0.0002687666267305877,0.001821113979923794,0.0014447343960303227,0.0024153219771145817,0.0003507120049108803,0.0003457627528740126,0.0007192761488709065,0.0006210647764984811,0.001693501960793098,0.0006712194573896824,0.0013046755138613753,0.0025992277333100056,0.00035516504659094394,0.00038010353825645993,0.00028414074408178447
0.602,0.0009552809582984434,0.00041071356942967707,0.0005996046272169764,0.001172868874993016,0.0009524348730919341,0.0005063878599627092,0.00027791224279782867,0.001870126903440683,0.001436445670665476,0.002450854014938608,0.0003558102241041361,0.000355852889544761,0.0007278891696912426,0.0006236034301609905,0.0017484167402253004,0.0006959079404341706,0.0012906355461738128,0.0025897065649020945,0.0003638462877807447,0.0003834087082559279,0.000293193028158778
0.603,0.000975258675867452,0.0004210522875113254,0.000616747983302135,0.0011827956930891004,0.0009642821107483934,0.0005174483285987908,0.0002880170483423594,0.0019149359076775507,0.0014561665590898665,0.0024944183512722873,0.0003615501378934072,0.00036620150722532774,0.0007450143817042676,0.0006347874287383481,0.001811725274425302,0.0007232583995686603,0.0013036320954004088,0.0026268804570243054,0.0003758764084192956,0.0003944331858237726,0.00030594997149413494
0.604,0.0009531164084112364,0.00040563486093658785,0.0005991947969102851,0.00115129343518805,0.0009563453353709228,0.0005099394096721444,0.0002790861422539148,0.0018665349988141733,0.0014244961194199712,0.0024671168111473074,0.0003506383115966516,0.0003548062122162854,0.00072010481231366,0.0006194432434031283,0.0017363192277901618,0.0007057457708775638,0.0012935710943211554,0.0025868005860840704,0.0003642194186783687,0.00037655292084470826,0.0002944846603856188
0.605,0.0009497041127026651,0.0003975556090762833,0.0005973660725326901,0.0011260437268926227,0.0009673427901402132,0.0005156978893839925,0.00027919308603141513,0.0018506086515395204,0.001412967803629539,0.0024876876308732587,0.00034272786317590676,0.00035106187495126395,0.0007076084775999858,0.0006141535342579774,0.001704550530141291,0.0007154489794725105,0.0013063177621707167,0.002592724379321676,0.00036377861879755,0.000366634919609532,0.00029461205445535654
0.606,0.0009363370754425837,0.00039550437472746225,0.0005888928419597317,0.0011084515894975722,0.0009290460525157584,0.0005007446243677771,0.00027747792273147276,0.0018701573597408316,0.0013763416917005333,0.002459847058153386,0.0003449837264791755,0.0003544362966680925,0.0007061688816798473,0.0006035846891181418,0.0017280874558027737,0.0007065667219320337,0.0012523719825705548,0.002516136044190098,0.00035830862762420423,0.00036059837690782803,0.0002890351904843991
0.607,0.0009163765204760254,0.0003734037653377875,0.000572094444557969,0.0010865833177280404,0.000946889369490278,0.0005013679578937946,0.00026486743646714217,0.0017767728608615307,0.0013701372426575542,0.0024307279302304696,0.00032685106845331546,0.0003355364898747215,0.0006755565432789989,0.000590607433239021,0.0016172505399759673,0.0006871431317962973,0.0012814193904863158,0.002527213840579856,0.00034441024360654104,0.0003421871575550739,0.0002765102454498347
0.608,0.0008864635236203843,0.0003652559205338246,0.0005482424014205955,0.001079675701321281,0.0009006089338792211,0.000474426885791579,0.00025160024689319105,0.0017412155723607325,0.0013340719271519585,0.002338119924368387,0.0003246190799158777,0.00032723902712461506,0.0006641765186824466,0.0005760228416599178,0.0015829511359009008,0.0006419992274143693,0.0012232224176850215,0.002433896794672763,0.00032729682373744406,0.0003343904357077099,0.0002602386561858516
0.609,0.0008462075200666164,0.00033905061481265264,0.0005198429649611036,0.0010104079062323024,0.0008873126144478549,0.0004638095213823634,0.00023821166613069433,0.0016435235344604004,0.0012719416208069045,0.0022795008441288678,0.0003014515971597742,0.0003056726903343243,0.000615101914148708,0.0005487473243049878,0.001451906585855034,0.0006203646341846891,0.001204422984249609,0.002360097214309964,0.0003102073580408815,0.000306248771614559,0.0002463280397666523
0.61,0.0008518144392287818,0.0003420645316182247,0.0005245686628049251,0.0010139423347222953,0.0008967753756426999,0.0004687721001660483,0.00024058017161865397,0.001646001023799748,0.0012813562816177404,0.002291033844183721,0.0003021647609576794,0.00030652076130455175,0.0006165228670709233,0.0005523054231354463,0.0014559033190000292,0.0006276630960244667,0.0012169148440397404,0.002379675425912664,0.00031373349302765696,0.00030967953309568585,0.00025011093483273683
0.611,0.0007943971130236927,0.00032016420787606137,0.0004827018767339375,0.0009574381357767558,0.0008248793432207302,0.0004299379172527651,0.00022129390087421985,0.001571361706903085,0.0011903525331574683,0.0021549465464756334,0.00028802590501197933,0.0002890362169046812,0.000580392399727736,0.0005190421352023744,0.001364631414771611,0.000570014800742813,0.0011187736682779503,0.0022058956723945977,0.00028766084089837385,0.0002851817235092202,0.0002262113147618594
0.612,0.0008647507675479226,0.0003512002842639417,0.0005323555171790062,0.001047358648834762,0.0009083272804822906,0.0004711957632935748,0.0002411000085382753,0.0016558210212925806,0.0013168236816313295,0.002294497922270655,0.0003085561393764147,0.00030893766850059734,0.0006296168500727894,0.0005643539148364463,0.0014788142312163188,0.0006252262081938298,0.0012404319593539714,0.002427679410749173,0.00031655467911573254,0.00032219822231216444,0.00025396593944460033
0.613,0.0008464367744627332,0.00034237272189208134,0.00052015058174959,0.0010175301693227112,0.0008957810855002579,0.00046434890385838035,0.0002359741440240981,0.0016195735114248322,0.0012861541783755204,0.0022617567365545987,0.0003003840029455196,0.0003008259065052643,0.0006093073474723321,0.0005525431889324972,0.0014304789273450469,0.0006151022611083912,0.001222598725507451,0.002383406480605643,0.00030973828560754146,0.0003119726764782005,0.0002487356540447072
0.614,0.0008524984537929048,0.00034385591846786134,0.0005286521475886818,0.0009978269901460557,0.0009120857866373733,0.0004775167640997946,0.00024391014240821018,0.0016238913328495697,0.0012811960230739716,0.002297665621682099,0.00029807523874525454,0.00030277100948450375,0.0006019908801773166,0.0005511965560558441,0.0014289800920440632,0.0006429189095908949,0.001236593417945131,0.002395222420425891,0.00031833176997186907,0.0003105315630619332,0.00025675649140177725
0.615,0.0008368381309848405,0.0003344352935708006,0.0005152517844926319,0.0009912229045605514,0.0008945516408909171,0.00046518899272551817,0.00023492947466141612,0.001594749257939565,0.0012661776521684098,0.0022553566568355166,0.0002930335919857363,0.00029631645821093233,0.0005943162608955666,0.0005430777100152717,0.001401831053618241,0.0006193311461291096,0.001217840329821751,0.0023621934037419967,0.0003070833485855351,0.0003028876244114409,0.0002469880344359021
0.616,0.0008636029610722351,0.00034705216823605056,0.0005361417812211888,0.0010138340552690028,0.0009211825239722193,0.00048250966947183116,0.0002469282427604025,0.0016427440385373693,0.0013004380770829105,0.002318979311739855,0.00030137638366856123,0.0003076014393712523,0.0006144637831186905,0.0005572754905864841,0.0014602545340757223,0.0006508968974822116,0.00124890231623076,0.0024248579665970826,0.0003218045299921979,0.0003151658779941835,0.0002596501340367263
0.617,0.0008255258548249212,0.0003270861902445743,0.000504348984410874,0.0009946717222091284,0.0008994399786614871,0.00045901133935721816,0.00022280817086928195,0.0015338833707410071,0.0012787630426374097,0.002209286521112408,0.0002853577770279836,0.0002830198289858199,0.0005772476951848571,0.0005421977937571931,0.0013415547836892472,0.0005933031087266283,0.0012395953454830133,0.002382167908878463,0.0002955352687461499,0.00030061964261163254,0.00024061862316404614
0.618,0.0008297325272982492,0.00031746663592857605,0.0005082182580369299,0.0009841567991546452,0.0009238237318786036,0.00047170600181845046,0.0002233457518077131,0.001511104447826872,0.0012899353230840793,0.0022409854667305718,0.0002780564845926703,0.00028020241996640216,0.0005673550468254795,0.0005387016920077592,0.001324579061613873,0.0006102384312249853,0.0012749662860884747,0.0024221446139111036,0.000294651514436417,0.0002920774761236977,0.00024093510290768005
0.619,0.0008356169050396045,0.0003083511622883339,0.0005136247462511623,0.0009755282639937191,0.0009599290725854637,0.0004886314376075784,0.00022240483718427573,0.0014702172633289656,0.0013138002083147304,0.002272293846633411,0.0002692672223851833,0.00027366598842559764,0.0005490161284273931,0.0005375817323998167,0.0012885882014211925,0.0006285109545314249,0.00133231419568125,0.002487680531483738,0.00029299463063048314,0.0002848691094380351,0.0002430685677803357
0.62,0.0008302698405527776,0.0002854562913537917,0.0005112921530043835,0.0009507240785073812,0.0009805383682258695,0.000500843061045253,0.0002193106318393312,0.0014211674387801798,0.001311135309868594,0.002297949671489441,0.00025626799441824666,0.00026756264227822957,0.0005283899422369176,0.0005206612626282858,0.001255731213292366,0.0006458002789341277,0.0013623141210903356,0.0025090433403875956,0.0002838531822393353,0.0002626087954775702,0.00023474703395831575
0.621,0.0008201074954237552,0.0002703395281040688,0.0005044299840073485,0.0009325778046390676,0.000980085648137674,0.0005012681783687079,0.00021512103186405174,0.001388711524507813,0.0012969549748304,0.0022931454839683063,0.00024819247516194576,0.0002628915433218193,0.0005157709380636533,0.0005069867957754326,0.0012327871530107837,0.0006467201055109228,0.0013612835347663887,0.00249520083023691,0.00027549084360956044,0.00024784991436654913,0.00022634161622370197
0.622,0.0008052870311891669,0.0002780904246396654,0.0004955229140105599,0.0009168789598077431,0.0009361675158576777,0.00048267278827618387,0.00021754921477712408,0.0014167909203456341,0.001249427271154846,0.002248274291981156,0.0002526026080634791,0.000266861165381993,0.0005229441439785765,0.0005019623743387491,0.0012487591489026562,0.0006318027545035854,0.0012877102430135512,0.0023952012268642076,0.00027888779240026196,0.000251915279086079,0.00022571958639960865
0.623,0.000807043254995965,0.00028381331931870424,0.0004979442589964078,0.0009169084566585939,0.0009254414916134435,0.0004802635153429158,0.0002222686978741173,0.0014446123290208224,0.001238817995428132,0.0022513718112933123,0.0002569055254948438,0.000272521366835754,0.0005330052181183875,0.0005027702979593096,0.0012755500429775246,0.0006359281726264765,0.0012646491408990768,0.0023701137037400732,0.0002841782187840147,0.00025564235222041987,0.0002281591847169695
0.624,0.0008284353769845876,0.0002927742649638798,0.0005146685257293449,0.0009343331293137913,0.000943654282167472,0.0004936084907731786,0.00023285147625540237,0.001491465939151393,0.001261807729491804,0.0023076247648230463,0.00026416403390971954,0.0002835270852322713,0.0005526369469081027,0.000512359571165022,0.0013304213753801974,0.0006630121541051359,0.0012816887135599364,0.0024118789373831495,0.0002962030260644788,0.0002631768626092379,0.00023685023070518785
0.625,0.0008846578156929075,0.00032027906956122454,0.000554998344879154,0.000997921842122551,0.0010022554174687892,0.0005256339426260581,0.0002523453625077332,0.0015833612201753278,0.0013510667535918675,0.002424141546244485,0.0002817643746855225,0.00030347753432513613,0.0005972595243828316,0.0005493602949054877,0.001437881347117087,0.0007111421747354463,0.0013578248278300897,0.0025655789209593216,0.00032272317496484515,0.00029216998288017493,0.0002619706578950165
0.626,0.0009496500369887695,0.0003373269348466712,0.0006079307477304674,0.0010360155684654426,0.001082498792726816,0.0005787710117592937,0.0002827443695820886,0.0016788654646587853,0.0014343544759399807,0.002604376403858799,0.00029323054629815104,0.00032923797581463354,0.0006365933544878466,0.000576129578256479,0.0015660488207402956,0.0008072456779010251,0.0014486630598699035,0.0027396765573762805,0.0003569465155788265,0.00030589056697960526,0.0002904543169039986
0.627,0.000935953793285299,0.0003138645150057018,0.0006042632832750083,0.0010055646193465329,0.0011056041569252884,0.0005942643092939903,0.0002781639646725065,0.0015860276377602789,0.001431580746087513,0.002603953162604644,0.00027922490617104945,0.0003164946327638418,0.000591370455873208,0.000550517133761308,0.0014880808971043935,0.0008267266946330176,0.0014887688751964445,0.0027499646055646476,0.00034500151410743474,0.0002801620779037117,0.0002794776776554597
0.628,0.0009030480739864233,0.00030048715585417884,0.0005837077842063554,0.00096034665171707,0.001063885970941647,0.0005764262083305383,0.00027236896206650485,0.0015444518910230354,0.001365858546062304,0.002544728911345273,0.00027167209884249033,0.000308914865293608,0.0005641399127847002,0.0005238216793982398,0.0014399005224190464,0.0008114481361340964,0.0014309278970225936,0.0026352123524951976,0.0003339049584358822,0.00026293740493099627,0.00026581957042470794
0.629,0.0009282128496233777,0.0003122863649036578,0.0006027900550268361,0.0009868395672462116,0.0010964507207795737,0.000594152646374857,0.000281324812099748,0.0015713250525094535,0.0014123915882904292,0.0025939116040818444,0.00027764912846706125,0.0003157171441292572,0.0005778422407708428,0.0005406456366592316,0.0014754236592651182,0.0008351258136931605,0.0014761961118485711,0.002714267397498471,0.00034591075516521297,0.00027536644217651673,0.00027864025148149896
0.63,0.0008930802059598896,0.0003013291278469721,0.0005755343534239454,0.0009565797793348318,0.0010529253634605773,0.0005678163605667974,0.00026723521123139804,0.0015240173876067686,0.0013591700220676461,0.0025062416930496934,0.00026988014615314526,0.00030324562059391713,0.0005555274127280185,0.0005234458145972898,0.001412461583925273,0.0007922697091982123,0.001421720217884781,0.002613248018408565,0.00032922910449029175,0.00026533313233556566,0.00026439406029410417
0.631,0.0008420344394931667,0.00028870251600565666,0.0005346964998091952,0.0009217483115576686,0.0009972190538383163,0.0005291302231227313,0.00024189444800959414,0.0014338402929277017,0.0013020863299642027,0.002357538557933969,0.0002574054683651683,0.0002791659001315505,0.0005153057085882651,0.0005065836251425537,0.0012948028975140469,0.000716646484554162,0.0013643000544922845,0.00249375233168192,0.00030212023000442123,0.0002569797871541102,0.0002467700690658159
0.632,0.0008528536645754647,0.0003011167736113318,0.0005488438680756325,0.0009120968600883073,0.0009890541393979824,0.0005373947484584862,0.0002612538692023936,0.0014924666875508752,0.001281712960695236,0.002399869751508632,0.0002662086611036063,0.00029463579654143146,0.000530352089618602,0.0005047236789909038,0.001356526785555201,0.0007540713156564127,0.0013314902910390725,0.0024548488600213414,0.000321789976635678,0.0002617049118254222,0.0002569112659327466
0.633,0.0008389941239436649,0.00028376841935706665,0.0005383246175216794,0.0008966415277973372,0.0009844621953325472,0.0005333251954552365,0.00025293035385975937,0.0014537274753689822,0.0012651584714629127,0.0023816293025979984,0.00025747810544440863,0.0002878269363086883,0.0005184436344533028,0.000489813817815099,0.0013281583188491375,0.0007464178129055199,0.0013261154322627977,0.0024360456195827718,0.00030913541267574285,0.0002458157625082613,0.00024466406731404877
0.634,0.0008389770533429486,0.000294165604696639,0.0005329973227673479,0.000917509381097692,0.000981907244814506,0.0005226414370318455,0.00024465860721767374,0.001452147142439908,0.0012857858610474393,0.002343423870706851,0.0002599806353393852,0.00028231535920997253,0.0005233296937087184,0.0005068164581806256,0.0013106730677455714,0.0007128480738401999,0.0013339364566752332,0.0024583896845163933,0.0003060548876555602,0.00026118571154565284,0.0002487745666217567
0.635,0.0008635769029973928,0.00029797529881414597,0.0005523137396313826,0.0009372207497959639,0.0010176906180627832,0.0005440885991931932,0.0002541536169495817,0.0014762414973068516,0.001325790433191032,0.0024106929253138176,0.0002636183345567922,0.0002902039349643726,0.0005355084249000219,0.0005156690073334635,0.0013510366822299114,0.0007468354658803911,0.0013799730396814036,0.0025352817111510273,0.00031585161655789395,0.0002646195832284315,0.0002567727812053944
0.636,0.0008553975441294547,0.00029780410567825655,0.0005506906227157327,0.0009118211294179002,0.0009929742333222302,0.0005397126700311672,0.000262617473933191,0.0014962324606462296,0.0012824329638625453,0.002410346439804756,0.00026478014100395075,0.000296669992210119,0.0005370939404465425,0.0005028046535969777,0.0013720170146873656,0.0007608026981925642,0.001330789383211406,0.0024615266255303414,0.0003222485147603704,0.0002586870288372456,0.00025589879070020416
0.637,0.0008581713685710979,0.0003037787190042218,0.0005563584558438972,0.0008992182988987185,0.0009808340354255929,0.0005413895353688636,0.00027435804697106825,0.0015303124644183708,0.0012599859404107683,0.0024304304506055363,0.0002690786159534886,0.00030596128233384423,0.0005449392117363727,0.0004985674176800625,0.0014080768616584471,0.0007819707816835164,0.0013013076067419638,0.0024232140218672926,0.0003337816084466594,0.0002592891278653253,0.0002605748885079473
0.638,0.0008519220483421853,0.0002990125573962832,0.0005527456476539516,0.0008946176085887769,0.0009815410899134402,0.0005416236105022509,0.00027060491050401314,0.00150198067109919,0.001261519629540131,0.002413450829781505,0.0002654480787864788,0.0003008545588273348,0.0005313344198825121,0.0004942916812293863,0.0013817093174640638,0.0007771906804767692,0.001308300620113112,0.0024204699661882767,0.0003284843613468036,0.00025537119966634325,0.0002578895278830817
0.639,0.0008399700963896084,0.0003197325022751274,0.0005409024109463978,0.0008941286462103015,0.0009390195855882855,0.0005160472381757764,0.0002694229221174016,0.0015355455634669113,0.0012311604726806813,0.0023462447718413104,0.0002733798158556233,0.00030143446197306023,0.0005427087168791145,0.0005060677586877782,0.001381441967605812,0.0007378629342185139,0.001245508661444017,0.0023441517681681567,0.00033373498831956727,0.000275819527875365,0.0002650872134629667
0.64,0.0008425796808757713,0.0003129460363722192,0.0005452995606337607,0.0008881332624165461,0.0009505986875049111,0.0005257443255974881,0.0002721987313213381,0.0015219358451273868,0.0012368427027591444,0.0023681127526336,0.0002700516168536726,0.00030181892765579477,0.0005347079024816681,0.0004998786809035094,0.0013802409509071634,0.0007556000348714065,0.001262301200842142,0.002359469572291051,0.00033392068368487404,0.0002678931182473754,0.0002638990244103745
0.641,0.0008155288929303673,0.00030131320998272315,0.0005223448097325667,0.0008677041951722364,0.0009159109799903309,0.0005011371919679819,0.00025821389042712806,0.0014942578311857302,0.0011908733069978528,0.0023001169914180775,0.00026345917833991983,0.00029278205167337923,0.0005313074256105832,0.00048660609729256343,0.0013456747455262708,0.0007171319840938439,0.0012117175973028749,0.002283649885622019,0.000318249078206323,0.000258701676360773,0.00024942573170416704
0.642,0.0008186650169957954,0.00030656567945852586,0.0005271625110007117,0.0008602064808302945,0.0009091397867241335,0.0005033677502401801,0.0002671988131918157,0.0015188849390830317,0.0011780151651767934,0.0023157128337705224,0.0002667725383269648,0.0002996140600998176,0.0005367205797268682,0.00048457425944881116,0.0013708976260748962,0.0007328790662286533,0.0011939526688040658,0.0022604269182748826,0.000327215608808773,0.000260103409609469,0.00025388964503669786
0.643,0.0008442733062289709,0.00031242992818181214,0.0005458146848080769,0.0008747496200141036,0.0009345759658422326,0.0005191751975823777,0.0002799026299550311,0.0015709286188817506,0.0012010519119455276,0.002393285525739808,0.000272313443743899,0.000312323750523813,0.0005626066420031384,0.0004938774384116718,0.0014374834453771967,0.0007686888525946234,0.0012196644049363714,0.0023195290272735036,0.00034097188773940523,0.00026422302432549394,0.0002618701246995814
0.644,0.0008582407734864684,0.000334325959183035,0.0005528905721203792,0.0008978126303236245,0.0009341920152257099,0.0005160762298829225,0.00028596282171866605,0.0016219243626562907,0.0012178287370351315,0.0023974703064504332,0.00028293325210693165,0.00031917651272528325,0.0005857998291782796,0.0005153983666283946,0.0014742918810937145,0.0007614944572712501,0.00121556433198311,0.0023368147007489792,0.0003527089251852411,0.00028689131004377977,0.0002752582681682103
0.645,0.0009022202901479926,0.00034017081471493515,0.000591523399294025,0.0009077908561504477,0.0009909358950067615,0.0005599271274425721,0.0003154125975923794,0.0016749513568994345,0.0012660816243055262,0.002543869555667433,0.00028701639963391035,0.00033960914145692023,0.0006008475510757005,0.0005228641972869763,0.0015617503193203763,0.0008504778566739146,0.0012816542589642044,0.002449342807506527,0.0003818903494857695,0.0002849599592978924,0.0002933297351841446
0.646,0.0008621874960512366,0.0003351745976898357,0.0005594270906770227,0.0008794155443371254,0.0009284628981612864,0.0005210588938981964,0.0002985473789018922,0.001648979099160952,0.0011965320301937643,0.002431154611788111,0.0002835114469366129,0.0003283819609440908,0.0005913248185512865,0.0005082078509039967,0.0015077634475747503,0.0007902326100780455,0.0011973825306663688,0.002313144673941725,0.00036412476949299055,0.0002818194783409389,0.0002791041887857393
0.647,0.0008020195998141133,0.00032376469851158607,0.0005146446236538038,0.0008475349057500692,0.0008567559053281881,0.0004772012795407621,0.0002698691481114457,0.001552422958941202,0.0011291851489310112,0.0022463272523753908,0.00027458897413756844,0.00030318737524037687,0.0005479179861871408,0.00048554069698103497,0.0013820257164296468,0.0007034527996957474,0.0011107440224695786,0.0021496761465273906,0.00033267298167827253,0.00027433990535929986,0.0002585394704327504
0.648,0.0007709596384994965,0.0002940221492422346,0.0004933032844723906,0.000810225573218526,0.0008378584421595558,0.00046557522431001086,0.000254873087810914,0.001477635082131168,0.0010869824556447583,0.00219659885079293,0.00025818579667014063,0.00028942347828342374,0.000520834252901281,0.0004567171621638888,0.0013193203102641604,0.0006857930803094714,0.0010893380935727004,0.0020883309440778985,0.000310810370735104,0.00024643116974809587,0.0002369339614812782
0.649,0.0008077515134496949,0.00030474960532722584,0.0005205829694672204,0.0008385610331292925,0.0008822148354679094,0.0004921598938122385,0.00027050587560084605,0.0015309387390141094,0.0011382617662708538,0.0022963518571398334,0.0002658760740161803,0.0003031178921597544,0.0005435999444358686,0.0004739282104455622,0.001388290932774261,0.0007322328752356055,0.0011460435831263105,0.002192658120095059,0.00032857225441806914,0.0002556261355572964,0.0002507576715004012
0.65,0.0008058833359767481,0.00030370595433382164,0.0005205959154660489,0.0008323442077773358,0.0008788830443859919,0.0004929577329041424,0.00027268741631136795,0.0015288309351983997,0.001131597807649265,0.0022963625183968217,0.00026515424310091795,0.000304003869312508,0.0005404685961043487,0.00047011583155964765,0.0013885703486057333,0.0007374235433068588,0.0011398214706338505,0.0021802988941981294,0.0003299472538202952,0.00025317846882821904,0.0002507186676412587
0.651,0.0007942120159586785,0.00028483244283261655,0.0005153794449032079,0.0008178603868510548,0.0008860225773066333,0.0004997563007524963,0.0002660431962180354,0.001467548956813225,0.0011311545515159116,0.0022833102040242803,0.0002545569829907057,0.00029518659412042236,0.0005118078505882417,0.00045346610964047684,0.001344942561419038,0.0007428841047032453,0.001155997544413423,0.002179844621119975,0.00031813325136775816,0.00023491768115624367,0.00024059495643657947
0.652,0.0007484507324033995,0.00027817383866923784,0.0004817427602704649,0.0007889732652945902,0.0008296658529898249,0.00046624163269815,0.0002452477219003768,0.0013949857219717199,0.0010803843076911956,0.002140107921915435,0.0002461733991672155,0.0002758178956274726,0.0004750674709734781,0.00043933399269979745,0.0012457757666156644,0.0006763417685167195,0.0010904660992314685,0.002057788166236363,0.00029671697913391526,0.0002311340904552761,0.00022887599600962538
0.653,0.0007467616789160137,0.0002653108450701991,0.000483236565006151,0.0007771421189968208,0.0008388200141304925,0.0004754586683541895,0.00024700130945276566,0.0013717537710524752,0.0010769581057243904,0.0021592152950923316,0.00024019299190081167,0.0002752779819715778,0.0004647892917782892,0.00042644201952934946,0.0012416782022183215,0.0006957917142498271,0.0011019841863305624,0.0020599791097550835,0.00029390146659880045,0.00021714053614552142,0.00022315938496231258
0.654,0.0007187898466428699,0.0002660726909555766,0.00046283631376531353,0.000759232003325061,0.0007970983300368273,0.0004519903162536476,0.00023549686502377654,0.001338821141801727,0.0010431159020551917,0.002065271462992624,0.0002368748589631764,0.0002649243968653181,0.000444139338652616,0.0004212209604925743,0.0011856564491343757,0.0006520340208449049,0.0010522777732383526,0.0019767004028520274,0.0002836477243634006,0.00021900685733156067,0.00021937912390934677
0.655,0.0007196151766591275,0.0002594094259991131,0.0004652930775793651,0.0007504526824972935,0.0008015851448183176,0.0004583569554071909,0.00024026476554506182,0.0013353294148585881,0.0010357516352167417,0.0020862355106364694,0.0002345750113084133,0.0002676359257819394,0.00044363208284348143,0.00041208165959316645,0.00119622310805223,0.0006699796019190574,0.0010530056584340253,0.0019701016883482136,0.0002853005012568577,0.0002105778008415493,0.00021651188224547369
0.656,0.0007081506617924449,0.0002678199665865355,0.00045658839677087393,0.0007456378906376404,0.0007740734918054715,0.00044356638191400677,0.0002371425400823357,0.0013395647926768284,0.0010180089541753645,0.0020364591023911416,0.00023703706234767807,0.0002655634373774918,0.0004401580572577224,0.00041521437796465666,0.0011800191304722762,0.0006449814906087648,0.0010170547433743238,0.0019210716440357656,0.0002850434481020958,0.00021866484170851574,0.00021934348555940897
0.657,0.0006794527834404595,0.0002576149575801434,0.0004370913444782243,0.0007184868617776674,0.0007399631665847561,0.0004260214515547922,0.00022677630993894748,0.0012940350461844163,0.0009774059019935777,0.0019612785162710367,0.00022918160323004422,0.00025552834736530805,0.0004181082771755884,0.0003992695083443465,0.001128251925676338,0.0006167270907367906,0.0009731716683436531,0.0018390687437385145,0.00027239658840350067,0.00020898419987824823,0.0002096941595532975
0.658,0.0006346688337350692,0.000245828178029206,0.0004068276548687688,0.0006785019392283598,0.0006820338499310408,0.000396793958510111,0.00021054097048145426,0.0012290578306183297,0.0009156813595708746,0.001835264756495092,0.0002184981922489504,0.00024024077950413059,0.00038328341042015435,0.0003778925444879455,0.0010475396965315964,0.000568440653886837,0.000899932734584552,0.0017077117461443692,0.00025396435429447806,0.00019785997052712556,0.00019748209433800845
0.659,0.0006194971001500682,0.0002635120915222,0.0003950315069587429,0.0006850823396630235,0.0006393855488646683,0.0003718385700712812,0.0001988413014796242,0.001238601513547044,0.0009083237943839917,0.0017434846545154592,0.00022432444317654898,0.0002344808394312281,0.000373299264362581,0.00039307549599065794,0.0010147585999233932,0.0005185973815571288,0.0008552541724955454,0.0016608818173667883,0.00024965298068924113,0.00021645911722933953,0.00020505656977287678
0.66,0.0006195030158484438,0.00026497414434856204,0.0003936227321201802,0.0006875390866309949,0.0006399760089613737,0.00036794012519347774,0.00019750856740630152,0.0012400619704089344,0.000906187293709837,0.001738729857510668,0.00022523606706692512,0.00023377213748765335,0.00038130300486016733,0.0003948402545783658,0.0010177264089074045,0.0005128396898420595,0.000852399342230914,0.0016632616420602098,0.0002491207904686821,0.0002189094054760865,0.00020411178770007865
0.661,0.0005979492458462632,0.0002644536367366612,0.00038042714118369236,0.0006657888039931503,0.0006008594228622544,0.0003518291067995394,0.00019524625725697575,0.0012306476575436598,0.0008639203168063769,0.0016771248104247016,0.0002237697041935771,0.00023170134918726326,0.00037216821486574236,0.00038297254440267103,0.0009966910418992558,0.0004941658922368308,0.0007935325720993536,0.0015703024343001193,0.00024620412289677596,0.00021603750007470612,0.00020114238716195665
0.662,0.0006359065453217349,0.0002862653279691596,0.00040415057752618555,0.0007107081369128743,0.0006388714551439634,0.0003676808827406397,0.00020696300782163668,0.001302742161843784,0.0009198161358454637,0.0017611187984749588,0.00023894229156662394,0.0002447670047799333,0.00040694280104902614,0.0004117490773596355,0.0010655902323192246,0.0005171416572368193,0.0008422672973067424,0.0016751283547400408,0.000263157340229081,0.00023782750133327646,0.0002163008642356301
0.663,0.00064979345025587,0.00029379992976164004,0.0004137298200603823,0.000723989824297222,0.0006516034994394904,0.000375485365037731,0.00021380623437394775,0.0013311271903074795,0.0009373132154414376,0.001795801377365347,0.0002442325053809702,0.00025108823348074516,0.0004183747450077213,0.00042001344801267937,0.0010943196324642024,0.0005309362446037635,0.0008565930455149973,0.0017054443015864784,0.00027124101767705966,0.00024441601511737687,0.000222553360186728
0.664,0.0006461417670729386,0.00029409428750937217,0.0004117090495654452,0.0007220894781002629,0.0006445324950475895,0.0003731065302146064,0.0002123137241741846,0.0013277100419291088,0.0009347736700937581,0.0017821344723825128,0.00024383920786408275,0.00025011018083964665,0.00041300498981899914,0.0004195254469533394,0.0010870129391973293,0.000526255919128471,0.0008492193005544824,0.0016940772523278413,0.0002699919359895331,0.00024448757669714993,0.00022284684307105618
0.665,0.0006282330666118552,0.0002951621536271265,0.0003982801633023447,0.0007114312375037235,0.0006149282087326569,0.0003540413431651901,0.00020509350700637086,0.0013155061208326435,0.0009041675246261871,0.0017210063984186563,0.0002437214213236727,0.0002451175135653738,0.00041236709286252005,0.0004144122018365781,0.001065296539096594,0.000498047397224366,0.0008052572398109525,0.0016331535112743545,0.0002634150545069991,0.0002458975762749116,0.0002183591272458818
0.666,0.0006089265276148726,0.0002903666233067259,0.00038494547164957815,0.0006956957662229701,0.0005891962509454451,0.0003391861243684513,0.0001972435960467811,0.001289179648267802,0.0008759558276327795,0.0016642665027616355,0.0002398187979524291,0.00023856801959776242,0.00040250142719744364,0.00040533606832571234,0.0010345212596691855,0.0004751714790529604,0.0007708785954309016,0.0015771808894421424,0.00025481447529385193,0.00024158237686366935,0.00021212135226922335
0.667,0.0006408159747770204,0.00030825383625643354,0.0004041963616921995,0.0007385769804142406,0.0006251915776044337,0.0003524121170586092,0.0002023922417848656,0.001337976994804313,0.0009345201907280387,0.0017281405316817988,0.00025174517573456345,0.0002459326188688493,0.00042551830703618787,0.00043285929548186886,0.0010814547682811426,0.0004883496955705446,0.0008238057865284087,0.0016849595319815558,0.0002647687829298029,0.00026110443227989055,0.0002241602688226596
0.668,0.0006207922972061963,0.00028990477252277547,0.00038771838503259826,0.000710240398515305,0.0006178708041642,0.00033911346351112037,0.00019447334946487427,0.0012866773570192613,0.0008942478171947155,0.0016967593056709251,0.00024131581526554147,0.00023609736842689077,0.00042765594043780997,0.0004132566206128674,0.0010520063208053765,0.00047271129379100607,0.0008089640413846411,0.0016419175348018067,0.00025158351639864573,0.0002459849994070895,0.00020734683969647616
0.669,0.000636184706463111,0.0003000779175577062,0.00039795273029641365,0.0007228297081762758,0.000628894687276671,0.0003456480595476208,0.00020479295030995104,0.001328530161739061,0.0009036589628753644,0.001737759805555128,0.00024907681871366716,0.0002453939787150361,0.00044898563543338543,0.00042082380855013035,0.0010945539386779668,0.0004893225040122351,0.000814221993891584,0.001659950628597473,0.0002626154423227556,0.0002544565271165311,0.0002141478698972632
0.67,0.0006003686832613375,0.00029423496818992145,0.0003738596936967431,0.0006960384376721862,0.0005752568305229522,0.0003173910567899618,0.00019164815053041018,0.001286643086559125,0.000851559453609041,0.0016289871238692744,0.0002441312748077129,0.00023494840017668217,0.0004296937398344802,0.0004051257402400976,0.001039349384663546,0.0004461479942809987,0.0007435213003393892,0.0015475407612840497,0.00024853042464667574,0.00024827625180268154,0.00020448959171082137
0.671,0.0005905943872296593,0.0002831720368412505,0.00036713659569698187,0.0006802249134452154,0.0005733091580480965,0.0003149440841337947,0.00018777312119100387,0.0012567567597410179,0.0008370958304519949,0.001615469264281133,0.0002367995669827483,0.0002297570873260879,0.00042129281607716784,0.0003951190484414724,0.0010183320282358688,0.0004428718097339024,0.0007424293909592539,0.0015310728595311351,0.00024221868508034206,0.00023856625989404634,0.00019754642850067228
0.672,0.0006097280108355418,0.00030501281192663043,0.00037737972708173917,0.0007133090806832332,0.0005790808816890092,0.00031264166205124955,0.00019317246379402242,0.0013134750340696444,0.0008616079165932877,0.0016406967235562675,0.00025279112574005946,0.00023833661478889212,0.00045242405028111943,0.0004155091945636791,0.001067501348981481,0.00044009971096126144,0.0007465003903451839,0.0015673378280882666,0.000251008485024351,0.00025995081572560697,0.00020672435076585227
0.673,0.0006014139608245206,0.00030331745117317954,0.00037319044911987564,0.0007050791554720215,0.0005661630352049585,0.0003095439608933326,0.0001917582909402027,0.0013039842242942301,0.0008502929920450875,0.0016163982988086634,0.00025055146860963884,0.00023687162930807748,0.00044212718189307054,0.00041094055130608265,0.0010527169779311896,0.00043549807973375376,0.0007281852166012293,0.0015382018352866345,0.00024969697376808764,0.00025715406444881683,0.00020660737965227938
0.674,0.0005976246335800906,0.00029365147425064464,0.00037034802606850104,0.0006937461158097458,0.000572624087008089,0.0003111765058768645,0.00019008251758434458,0.0012825255923605283,0.0008439099801372807,0.001620657702473438,0.0002442955010391046,0.0002334997030003505,0.0004378496205279525,0.00040389218073255684,0.0010416536281483424,0.0004386566552095905,0.0007383594950566286,0.0015394763602348815,0.0002458182604043735,0.0002489695170541095,0.00020129974862448385
0.675,0.000612694116354151,0.00029737434919396843,0.00038026304408311784,0.0007121371136276089,0.0005964840313831266,0.00032218650481585787,0.00019052991732015911,0.0012909011284282235,0.0008792558925693195,0.0016555850687772766,0.00024626264648486274,0.0002345207003418004,0.0004388201795444413,0.0004153074231418863,0.001054229636634485,0.00044897529753162857,0.0007765830735426693,0.0016067551964766835,0.0002479622234986545,0.0002540217799155142,0.00020572711977173697
0.676,0.0005836112540075711,0.0002799650539433429,0.00035867769290143237,0.0006869209287672096,0.0005729788229797972,0.00030206611034666597,0.00017277058220688257,0.0012205211980029773,0.0008484342727346217,0.0015806526398698395,0.00023468361639811253,0.00021835709641337964,0.00041848625851725885,0.00039955343957398526,0.0009920961015558172,0.00041264125311679667,0.0007568034585930805,0.001559624515172442,0.00022722855641810202,0.00024049632546707667,0.00018926715717260123
0.677,0.0005947684924784314,0.0002918059373249182,0.00036667907781695597,0.000706813319535482,0.0005775783238460841,0.00030573776950881815,0.0001750257749724149,0.0012463904152186789,0.0008716589693953392,0.0015933250907848029,0.00024199310344419356,0.00022249116623940246,0.00042344170285024685,0.0004119447444079771,0.0010107260514263805,0.0004152794549151517,0.0007638489278283256,0.0015900061359344075,0.00023241307061883099,0.0002513122997970241,0.000196898513703192
0.678,0.0005725368523914198,0.0002733041239780798,0.000352297916813904,0.0006798191489090222,0.0005644721914183082,0.0002987344960213578,0.00016375768861343065,0.0011851640875538694,0.0008494549086884851,0.0015448749219102442,0.00022810049307508962,0.00021050717107129469,0.0003953576072921461,0.0003963320391495717,0.0009559605246358682,0.0004002766339826769,0.000755788161688753,0.0015565199432030496,0.00021872770619402182,0.0002350093233437489,0.00018627796028547472
0.679,0.0005409974485280688,0.0002447833917794684,0.0003317781668645825,0.0006372409843936611,0.0005487455120173346,0.0002902903102877108,0.0001495276569806192,0.00109605529436696,0.0008131339837573748,0.001482021073612061,0.00020716289941502541,0.0001939205127928778,0.00035758198409785447,0.00037142503894382894,0.0008812591304868667,0.00038358907516988783,0.0007456077358105606,0.0015057270213282292,0.00019988674595117217,0.00020980080829358094,0.00017041164421172095
0.68,0.0005330926039442463,0.00024052209378244704,0.00033001471054616704,0.0006248541135052132,0.0005373593586174286,0.00029360917503029604,0.00015074326847208663,0.0010862569986964665,0.0008013297378698381,0.001463687683048942,0.00020273400290737875,0.0001941875690737449,0.0003397230618783498,0.00036361003163309924,0.0008674593322912649,0.0003900426891769726,0.0007280131932411171,0.0014717527854797297,0.0002004600890505026,0.00020343547915613325,0.00017205670542774776
0.681,0.000498931457559193,0.0002364411320797677,0.0003073381057066005,0.0005970968011197453,0.00048411637492651316,0.0002657663873881777,0.0001400538379942029,0.0010500342268566776,0.0007474968540621685,0.0013577867675858002,0.00019845211762670179,0.0001854024877085969,0.0003249336246060608,0.0003485601121617776,0.0008196793755028686,0.0003500018921936965,0.0006552755573644431,0.00135778021860955,0.00018938951652258673,0.0001989378601191527,0.00016408590104877163
0.682,0.0005131743946615475,0.0002484296628252336,0.0003192404177487784,0.0006136948381916252,0.00048800893970502024,0.00027555866970219167,0.00014982906770644178,0.001097122198732925,0.0007631758166422031,0.0013892757747294704,0.00020678119117101268,0.00019600538046193883,0.0003332700762389562,0.0003569331167332379,0.0008551494664789105,0.00036779827883270944,0.0006530124715444785,0.0013673638200499827,0.00020110052967292624,0.0002073868573525539,0.00017435131871035292
0.683,0.0005665625673350772,0.0002871637206180999,0.0003563241711761478,0.0006891931174907162,0.0005223230092826769,0.0003011215632340303,0.00016483529064337255,0.0012217859272596332,0.000857880846984016,0.0014928688839799253,0.00023332437245593418,0.00021820130343563893,0.00035884186557821884,0.00040328729604044433,0.0009483401359879906,0.0003987995415432044,0.0007040035517091869,0.0015018763978497107,0.00022581575995073155,0.00024205139467037284,0.00020321319681149141
0.684,0.0005479338476491513,0.0002648833073422008,0.0003440806458228085,0.0006600022993707988,0.0005215731638658072,0.0002986759849362697,0.0001547992620556382,0.0011534775727005675,0.0008388759181572336,0.0014633713384665237,0.00021739535829945478,0.00020564355560848124,0.00033332070374803013,0.000385931622713942,0.000898602016994654,0.00039216792132035216,0.0007138215532455083,0.0014868816728537126,0.0002114816910756545,0.0002230704787684612,0.00019062088563692736
0.685,0.0005436393884156954,0.00025702584159637,0.00033986548675968287,0.0006453879586643119,0.000528958428367976,0.0002974851324447636,0.0001566898126281746,0.0011329554599789349,0.0008200405640266251,0.0014694415758734758,0.00021289185864137306,0.00020324646559344295,0.0003419926771993653,0.0003760165849894248,0.0008956048375493575,0.000396011426338605,0.0007143448024768961,0.0014741918926692854,0.0002100823018724718,0.00021634171271411873,0.00018421294792925202
0.686,0.0005416828775157978,0.0002516739119794442,0.0003391056794685987,0.0006420130594207984,0.0005322938784718678,0.00030005165781044063,0.00015379736148202205,0.001116917175253418,0.0008245065605133606,0.0014674668282603776,0.0002088004611821015,0.00020029067988169835,0.00033168717234788314,0.00037403178966743944,0.0008838157591108953,0.0003970866053967237,0.0007248851832630798,0.001484376433083634,0.00020650447122183557,0.00021188516768111398,0.0001824677148192233
0.687,0.0005451483367383437,0.00024386723856129056,0.00034188257758482887,0.0006299305942707445,0.0005484088055353054,0.00030924165152645955,0.0001629370184315082,0.0011138411307023421,0.0008115623321151011,0.0015036187494964492,0.00020498263424328922,0.00020376549516221143,0.00034213261511295556,0.0003633588840111779,0.0008990641851248649,0.00042005309439796523,0.0007325787169625286,0.001477573015653988,0.00021138537114218092,0.00020333649756065775,0.00017944612717102348
0.6880000000000001,0.0005334575739426528,0.0002463795742257968,0.0003349972186272865,0.0006252422301280536,0.0005224379489651154,0.0002990130929425572,0.00015899167746669107,0.0011114621723800067,0.0007970242494522717,0.0014587694948987595,0.0002057188703203927,0.00020233203959485468,0.0003328814843681638,0.0003612809133634043,0.0008836469106083822,0.00040357953946201786,0.0006996339632442394,0.001432474518322846,0.0002086847246147716,0.0002047925983820198,0.0001798082574854254
0.6890000000000001,0.0005269497939630497,0.00024076746521162207,0.00033103865010430944,0.0006175345746339822,0.0005185975740730209,0.00029734270049730505,0.00015554138823348218,0.001092318127756009,0.0007913333514539822,0.0014439915883032173,0.0002015312426015825,0.00019873017559624007,0.00032366540893724594,0.00035652204176916946,0.0008680822962751078,0.00039976561415466794,0.0006979797249355713,0.0014234404294135583,0.00020424412444275397,0.00019988998366649025,0.00017667941720167502
0.6900000000000001,0.0005244275040099278,0.00025039880123089997,0.00033056460443614544,0.0006253582450052031,0.0004964736729520247,0.00029135059234630667,0.00015542348039310205,0.0011169337085497055,0.0007901251464312864,0.0014179804727499912,0.00020743088710961644,0.00020244933130075804,0.0003208676514753206,0.00036173931734173603,0.0008723600597483339,0.0003895323266153161,0.0006691115560382155,0.0013939575056680642,0.00020694925666342456,0.00020727694223998672,0.00018226652190311832
0.6910000000000001,0.000514091256364102,0.00024140361409141775,0.00032453955875022533,0.0006106292769865185,0.0004894197022736746,0.0002894085382851852,0.0001526876159374524,0.0010911543795041334,0.000775180441304868,0.001398599904274933,0.0002010652631502241,0.0001985338745100762,0.00030943244569980877,0.0003518402008014787,0.0008527892439228468,0.00038731440943740036,0.0006612569230902698,0.0013685510969150272,0.00020197374784336475,0.00019866457658479497,0.00017738031391834053
0.6920000000000001,0.0005181931287619012,0.00025920917229793616,0.00032850684918528383,0.0006265599013651757,0.00046460586882901556,0.0002846141600608698,0.00015960387977154156,0.001149759743294232,0.000773454125813644,0.0013877158596988792,0.0002134662026277434,0.00020959200394754518,0.00032056096171872994,0.00036064374891009443,0.0008825883396500478,0.00038317117710473525,0.0006196459389347098,0.0013278040667062951,0.00021264041300395053,0.0002119499252738466,0.0001877702370437495
0.6930000000000001,0.0005147080516590241,0.0002701890948063612,0.00032738040715463157,0.0006395257302540536,0.0004354368362762262,0.0002766684321002799,0.00015597833373137693,0.0011806962820481992,0.0007779950145248016,0.0013515704760980185,0.0002204253235172926,0.00021310663551710185,0.0003125644764209179,0.0003691019683116359,0.0008836761089279221,0.00036616454362514705,0.0005872671055104917,0.0012984301934975129,0.00021313789996624255,0.00022066070693915751,0.00019418546395311154
0.6940000000000001,0.0005061023523761198,0.00027587596366440703,0.0003202611537497235,0.0006403300546417023,0.0004185722697179761,0.0002624566821134433,0.00014997450035614257,0.0011756535691519465,0.0007663289351874658,0.0013102826174556936,0.00022383705123674158,0.0002095307214302622,0.0003171495305310801,0.0003709565381304625,0.0008727173768785512,0.0003436313594569196,0.0005606893436789218,0.0012746776785866887,0.00020928520278562512,0.00022681859168627305,0.0001930179070823712
0.6950000000000001,0.0004917766089284736,0.00028286161643886754,0.00031183929769118546,0.0006447537479139509,0.00037768540541693874,0.0002465206272495024,0.00014089167768216448,0.0011856398485436959,0.0007560776272826919,0.001242571290922534,0.00022812588260712197,0.00020841687401274012,0.00030444617396907514,0.0003731848839063634,0.0008557926938423943,0.0003143997000381038,0.0005118336782542476,0.0012201060029570776,0.00020380160907707,0.00023195679727228136,0.00019462674349146614
0.6960000000000001,0.0004832457747488139,0.0002943135588902024,0.0003066206118930159,0.0006562285118673072,0.0003430956468417623,0.00023172398735149535,0.000134787984360063,0.0012064513891916206,0.0007504921717009783,0.0011890609446022493,0.00023619356313153705,0.00020972382710904292,0.00030290314053382783,0.0003785818373946981,0.0008529926805215249,0.00028861815512182254,0.00046530950888057365,0.0011771873662251853,0.00020169134386982535,0.00024103576137746163,0.00019790350411208468
0.6970000000000001,0.00046080883397329184,0.0002815713469528358,0.000292700575287963,0.0006308910736819717,0.0003205327893680554,0.0002212171877793434,0.00012609644139816023,0.0011624518534384398,0.0007199504703608861,0.0011326423439556033,0.0002264172911132789,0.00020109288512848433,0.00028293506149990044,0.00036309105261755903,0.0008121983349473894,0.0002722766074588767,0.000439945787269691,0.0011210803168156813,0.00019079483655970453,0.00022920549822036396,0.0001890849256116489
0.6980000000000001,0.00047593506435677504,0.0003036311485340448,0.0003023776282928825,0.0006685012565514903,0.0003135468855168799,0.00021906905569346602,0.0001274210412348653,0.0012204722348202468,0.0007509331726041069,0.0011409962586528266,0.00024290545179916911,0.0002098583310787827,0.00029836166221419713,0.00038406562187509596,0.0008481000257912763,0.00026468716158711825,0.0004286744764393502,0.0011483188061433003,0.0001980618495577291,0.0002485085937721232,0.00020021062497654896
0.6990000000000001,0.0004587293465111608,0.0002923259616368634,0.00029071302290129,0.000644135790214162,0.0003040253014406913,0.00021042290347828008,0.0001223091345081695,0.0011741235570079667,0.0007219740154199572,0.0011039458175489125,0.0002343251373637667,0.0002015287138107391,0.0002899400759401871,0.00036975429752994504,0.0008159273620065299,0.00025400540555431395,0.00041465305555776766,0.0011102910252012155,0.0001900746855669766,0.00023872021961457435,0.0001913914479209078
0.7000000000000001,0.0005189175934135759,0.00032892206919210576,0.00033157370346781345,0.0007317337793812939,0.0003434490269171864,0.0002401522650626875,0.00013341042796410907,0.0013157555272645949,0.000838549307195291,0.0012287475524179747,0.00026152663680467647,0.0002253261293716502,0.00030926293891664347,0.0004233416368796261,0.0009156859900815162,0.00028585607822173564,0.0004834545095431242,0.001276797318067513,0.00021197792128646586,0.000272684388062161,0.00022014466217334938
0.7010000000000001,0.0004970118808625024,0.0003080176926425482,0.0003164728815653328,0.0006902018137905364,0.0003421329733710454,0.00023385114428164933,0.00012954755273797414,0.0012436102444942643,0.0007954311232626354,0.0011968089583053176,0.00024574939056831724,0.0002134746710698021,0.00029809983222661707,0.00039976823049370225,0.0008710306186425765,0.0002818522300398474,0.00047871325957660193,0.0012322692014055114,0.00020215699863324055,0.00025449507774155666,0.00020655372240097059
0.7020000000000001,0.00048617979025907253,0.0002954290407307658,0.00030988461688541413,0.0006676036248712824,0.00033902792881412847,0.00023403352062967286,0.0001291169507000589,0.00121614103422929,0.0007734364756375456,0.0011848852019807898,0.0002364436931014957,0.00020973513806099575,0.00028758824590346954,0.0003864717514492355,0.0008510077556490581,0.0002850007802321919,0.0004754811379863444,0.001200518303720366,0.00019830524884123513,0.0002427637148638695,0.00020072164089424138
0.7030000000000001,0.00046030031577850016,0.0002762005413784463,0.0002928887864630525,0.0006323207409910658,0.0003256505483978378,0.00022278182403656643,0.0001180207622578644,0.001142090928852535,0.0007377907791696892,0.0011277327025356332,0.00022163932197183378,0.0001954985004991583,0.0002656744105646869,0.00036649856466963726,0.0007957342875409834,0.0002680685491224244,0.00046370984259613834,0.0011567149454101422,0.00018338036279141878,0.00022651678842822154,0.00018709312789266797
0.704,0.0004869053441083959,0.00028162492581707,0.00031020947933502185,0.0006554086587344798,0.00036312438278507386,0.00024177561163540862,0.00012490518722885202,0.0011742607831189966,0.0007838304967887622,0.0012053414093601278,0.00022562621985500186,0.00020174739325418134,0.00027323426666781003,0.00038290387620443234,0.0008300172961178687,0.00029402243765475067,0.0005217833614034051,0.0012488636872874936,0.0001915239532543911,0.00023315142124857857,0.00019475203441621236
0.705,0.0004621002482454728,0.0002546358544556204,0.0002932384966340962,0.0006047907614786796,0.00036715063299863626,0.00023714178311362577,0.00012159367978381574,0.0010833608084450663,0.0007336045396737489,0.001175481135465728,0.0002056577019715622,0.00018760093256386945,0.0002602286978196089,0.00035321557157641514,0.0007785161551994157,0.00029448715589797114,0.0005219977588589719,0.0012013986687982037,0.0001801547944420001,0.00020963105896143475,0.00017811877677098575
0.706,0.0004459152476083084,0.00026382523767176647,0.00028357016408431246,0.000610498418583183,0.0003188054274525509,0.00021798188872101942,0.00011282704461812454,0.0011007795767836726,0.0007175091521114396,0.0010986959988229517,0.00021211517934405233,0.00018806055909925679,0.000251887867843692,0.0003545085103010548,0.0007655225863494319,0.0002613983250192575,0.0004586620503953531,0.0011302808686750598,0.00017556825348730154,0.00021612000683657318,0.0001796878359661136
0.707,0.0004410441058805614,0.0002438042763606152,0.0002799134179399809,0.0005762983291486279,0.0003455099548024254,0.00022739708678509718,0.00011990071024592375,0.0010486770976058102,0.0006918962110269433,0.0011284593258882314,0.00019759457286860904,0.0001827776586268426,0.0002521580586568595,0.0003347013399076504,0.0007505672764985816,0.0002851596172278592,0.00048610775360513614,0.0011256033172726276,0.0001750347444605671,0.00019867678794727173,0.00017064458073556832
0.708,0.0004389307080378435,0.00024330912205017263,0.00027797969347787,0.0005770474901414246,0.0003448676308748233,0.00022410000478900738,0.00011510412327553343,0.0010372109232549276,0.0006958586526625288,0.001117335319260837,0.0001968668894893888,0.0001791773713074596,0.0002481285708489933,0.00033672918943472574,0.0007407986061560567,0.0002772019400929526,0.0004900576238006105,0.0011370417103045982,0.0001710989868316526,0.0001994607372498569,0.00016923957545345036
0.709,0.0004465514583988639,0.00025319634887865927,0.00028336413350738,0.0005962407501376443,0.0003394973505677079,0.00022449503713228847,0.00011466005853788541,0.001070199273057848,0.0007149970839235298,0.001121333443021455,0.0002041078209610303,0.00018389669872165282,0.00024986844640628725,0.0003480745143348285,0.0007568166737556004,0.0002737919411212042,0.00048703754650436526,0.0011520509189175687,0.00017402575445835122,0.00020811352570504482,0.00017526184832694636
0.71,0.00040463120482842063,0.00021541004524483487,0.0002548471518861728,0.0005225420459257224,0.0003338554521572501,0.00021084320798392397,0.0001055058128487385,0.0009325840208739278,0.0006378173494648864,0.001051644374202243,0.0001758585727197337,0.00016106977058227834,0.00022756516057942378,0.000305174506018302,0.0006727312556512599,0.00026257408842200736,0.0004734505943430056,0.001068718213694253,0.00015429631278085498,0.0001757712589125493,0.0001503649022770448
0.711,0.0004168628576596112,0.00020968986718628013,0.00026297198507274633,0.0005243507072280051,0.00036388699618328246,0.00022526287789592647,0.0001096038094152707,0.0009264956954381232,0.000657343711694458,0.0011028055775716972,0.00017199510397614137,0.00016139972526729718,0.0002273961597483165,0.00030690222429097247,0.0006825618685759594,0.0002845469781027621,0.0005180410203677877,0.00112383886517875,0.00015621814108612853,0.00017152220549898622,0.00015042363341333242
0.712,0.00041071824761580445,0.00020776908007003048,0.00025999599927595263,0.0005148113475150762,0.0003537698527393829,0.0002237507223908919,0.00011380210959610615,0.0009274535178516174,0.0006374301571615559,0.001091850726710919,0.00017090038323952506,0.0001637595007665249,0.0002294749038698196,0.0002981088105529217,0.0006835139417780134,0.00028757094168863073,0.0004952970597844608,0.0010791541976208352,0.0001585771371527267,0.0001679513346120043,0.0001494232279390939
0.713,0.0004197162709845603,0.0002225539960671874,0.0002654680530809195,0.0005415090306639669,0.0003446794015835586,0.00022057932156982485,0.00011019529847045018,0.000968523588246728,0.0006643536071297973,0.0010884243538304972,0.00018129413754808255,0.0001680247937603241,0.00023173460098591114,0.0003161359207914938,0.0006994431862169526,0.0002751998745882389,0.000491227700859298,0.00110513365166387,0.00016071733218414597,0.00018184259865627883,0.00015728497179368084
0.714,0.0004137043167574128,0.00021001401682629872,0.0002610065062139677,0.0005214155184569691,0.0003579610025854496,0.00022256374750084795,0.00010988220778007651,0.0009261844049271994,0.0006504186563790482,0.0010926607063022065,0.00017211506107062124,0.00016158739721461313,0.00022818305578709008,0.00030488883886103935,0.0006812656406540718,0.0002817042755002275,0.0005071191205698877,0.0011069501773568469,0.00015640128132721198,0.00017157960113622917,0.00015018511869835383
0.715,0.0004207859440735928,0.00023260261562441098,0.0002656622315895252,0.0005523559031671565,0.0003318990508891506,0.00021435615938558694,0.0001104202738828608,0.000993879553941479,0.0006656783164724622,0.0010751093388752242,0.00018866832216823948,0.00017162434026274376,0.00024002436776693337,0.0003225461030973431,0.0007104508572086665,0.0002651301133123063,0.0004693489151116337,0.001090396433601093,0.00016376732398715177,0.00019054449665234507,0.00016125416447554386
0.716,0.0004072537630384343,0.00023094164422043928,0.0002574660515629601,0.0005437695760580619,0.00030766739373577767,0.00020467136851054502,0.0001063461319844583,0.000985228921260628,0.00064552296247955,0.0010307909855228337,0.00018734948440135568,0.00016975212427394748,0.00023280820246629474,0.0003157475401323051,0.0006945014413024531,0.000250613540244804,0.0004358726657979206,0.001039384339715621,0.0001598095370742847,0.00018807458791680887,0.0001587567621076369
0.717,0.0004077557427097034,0.00022406174637557008,0.0002577981862290635,0.0005345142407034986,0.0003204701915355823,0.00020958698062156778,0.0001081747314635173,0.0009673289908567195,0.0006430393584154759,0.0010464759090930142,0.00018222856020955192,0.0001676483310169008,0.00023120793492670266,0.0003108725436253845,0.0006901340890596019,0.00026031342652310663,0.0004530466884231643,0.0010505145795762783,0.00015922044002347757,0.00018240986226014666,0.00015606806325574318
0.718,0.0003852151177583252,0.00020789773956142454,0.00024392872539336086,0.0005045875115121667,0.0003039240265539922,0.00020130748861524328,0.00010088586513967712,0.000912272387555868,0.000609815240062761,0.0009955310505724846,0.00016984491564964177,0.00015802182543034338,0.00021136582064518183,0.0002924306604595861,0.0006479355673532083,0.0002490930659921897,0.0004347063394366524,0.000998406750142511,0.000148367221190715,0.00016795837738969865,0.00014602177650979709
0.719,0.00037811593530298615,0.00018918949740986957,0.00023895911818194726,0.0004735872188669221,0.0003266615620829416,0.00020702824598073377,0.00010399406014949264,0.0008531987390221207,0.0005871212192276598,0.0010114944367131118,0.0001561843107636962,0.00015037517134497413,0.00020886382121221292,0.0002741556547614099,0.0006269228190458609,0.0002655573005203582,0.00045895568754728,0.0009970994442711767,0.00014464510701450717,0.00015206222650310242,0.00013626306544034517
0.72,0.0003991772889143042,0.0002064098582127416,0.0002528345874962534,0.0005070023498064957,0.0003331751897994728,0.0002145440416063682,0.00010958185297371692,0.0009178594075105462,0.0006230843557782917,0.0010518059192908824,0.00016918643824759272,0.00016138358173845013,0.00022194692928978466,0.0002940355009809492,0.0006686014434760246,0.0002732752879158751,0.000469340235153215,0.001040073764685845,0.00015483006944738698,0.00016684775703257326,0.0001477272078436176
0.721,0.00040676614569117866,0.00021173381760897225,0.00025692582822500754,0.0005113129772922331,0.0003429363628792981,0.00021736402482086525,0.00011630564184417214,0.0009351538422265326,0.0006241916240455891,0.0010762089344671377,0.00017350047630459997,0.000165593132172126,0.00023770499064856843,0.00029643831202474935,0.0006877535137795876,0.00028174729977692436,0.0004715784259758937,0.0010457782808189764,0.00016142004683916689,0.00017127498185909307,0.00015040040021407908
0.722,0.000382026370202232,0.0002108773449410739,0.00024063498908655223,0.0004974050316690626,0.0003000963820003477,0.00019583443318504923,0.00010609815365048014,0.0009146078237676214,0.0005900932386091462,0.0009899537757807053,0.00017239889083531246,0.00015977839559033757,0.00022719683891903042,0.0002875577308492083,0.000654338077203831,0.00024764699340895646,0.000413503877438437,0.0009641466260137399,0.00015263693797451516,0.00017020630540509618,0.000145515557716136
0.723,0.0003583969339005288,0.0001998126955744528,0.00022600526579530378,0.00047588371277951236,0.00027307933794429307,0.00018264956439739688,9.484400325610043e-05,0.0008686598119452826,0.0005625996635246766,0.000921121458460239,0.00016356161350850051,0.00015018974159319853,0.00020548299787359614,0.00027438432766713206,0.0006111766490815018,0.00022521600868308234,0.0003844406648475518,0.0009107115586846071,0.00014031524148205854,0.00016059107036192621,0.0001372132905501644
0.724,0.00037105236968102415,0.00019629490528771942,0.00023450631357391227,0.0004753659213403427,0.00030173936952748726,0.00019678170383929938,0.00010376591503602484,0.0008713572173223438,0.0005730611010426045,0.0009768941680095011,0.0001613353565912412,0.00015334313211878836,0.00021325094856627924,0.00027384585085643565,0.000629386134909371,0.00025138300608584796,0.00041915481332166493,0.0009476256649600945,0.00014633712744172023,0.00015733612940338482,0.0001382826143864202
0.725,0.0003455124689801248,0.00017203050669789555,0.0002167492582260122,0.00042873094368967024,0.00030450237158774485,0.00018764708957408338,9.599218548261845e-05,0.0007747070093198083,0.0005291426723413872,0.000934291914956753,0.00014287664655399102,0.0001362664708817185,0.00019883991296199,0.0002485991129832499,0.0005723904709533656,0.00024301420299999155,0.0004208115211389307,0.0009117844051862445,0.00013204366253960487,0.00013795450193854197,0.00012187451958889373
0.726,0.0003091207481128344,0.00014375625843410234,0.00019270170917351503,0.00037290359994135436,0.0002902914962557013,0.00017308628297585393,8.602392001533232e-05,0.0006680394339184659,0.0004684520575609641,0.0008601573932297546,0.00012149677261286129,0.00011789453108634884,0.00017696535741784647,0.0002158970144754413,0.0005024616989168784,0.0002271250877099451,0.000399004725069263,0.0008340460963742746,0.00011481636108590099,0.00011427750395409664,0.0001030176620487877
0.727,0.0003075313111132849,0.00014107036258148575,0.00019103980866841397,0.00036564028250241076,0.0002949940114311822,0.0001724399100403451,8.726101480660553e-05,0.0006581241411924843,0.000460522080097725,0.0008634916515384283,0.00011973040451052075,0.00011649373567335086,0.00018090480577204193,0.0002120946227309739,0.000499677061124304,0.00022904363558640117,0.0004010264305236433,0.0008293002852139963,0.00011474648570897195,0.00011226259270957772,0.00010076289985283537
0.728,0.0002823456869917418,0.00013313943668213923,0.00017431155338809567,0.00033684109191001177,0.0002665979777847216,0.00015510735926271835,8.204438438674799e-05,0.0006181374635594317,0.0004151986843177191,0.0007944931907194475,0.00011329207810906183,0.0001091733544349438,0.0001746821283690192,0.0001950131765968699,0.0004639301310362942,0.0002072938848093342,0.00035632696711529466,0.0007454325491980107,0.00010770972673401769,0.0001054965128668428,9.269208855411382e-05
0.729,0.0002606199632499195,0.00012699227689050296,0.00015927230883472365,0.00031638086437524304,0.00024058876366339632,0.00013803214355290194,7.208392832147581e-05,0.0005788005151168285,0.0003868118638740148,0.0007268407270060173,0.00010781566612116933,9.995890219549608e-05,0.00016261331309652682,0.00018587416790571964,0.00042535995008330385,0.00017999123300260766,0.00032568084333628455,0.0006939557377950711,9.787234175351323e-05,0.00010144423587199469,8.602948220159945e-05
0.73,0.00027847360934463714,0.00014161628761788503,0.00017060685689529453,0.00034013019135636924,0.00024948665106294676,0.00014433366182808882,8.038484248296118e-05,0.0006339633098682018,0.0004073842523315552,0.0007691938215710348,0.00011935559009601526,0.00011024843434948028,0.0001820070615097258,0.00019884540243519933,0.00046459071344506775,0.00019064783836597599,0.0003311946674678934,0.0007189475034325987,0.0001087267842151407,0.00011331114896506733,9.449716759624138e-05
0.731,0.00028846149645547217,0.0001501498144780289,0.00017568014129776266,0.00035332662148290783,0.00025650701003543386,0.00014518409826791423,8.218436961260345e-05,0.0006590372544795775,0.0004221442662085684,0.0007915470474046948,0.00012601131021749978,0.00011344879867081215,0.0001929526663052572,0.00020912675005335668,0.0004812596715906281,0.00019063479907965863,0.0003411674664837161,0.0007463717639515366,0.00011261792441652485,0.00012144848271389286,9.84296723590683e-05
0.732,0.0002762405291575398,0.00014502479516897981,0.00016816022652321738,0.00034016755168264634,0.00024271958567601004,0.0001384482484567684,7.914969818934026e-05,0.0006375685536833542,0.00040288033248248034,0.0007576129927993058,0.00012186357962817862,0.00010982191759145721,0.00018614741953371094,0.00020051415640365278,0.0004629151629848005,0.00018174521388525378,0.0003215368527723639,0.0007085775328725674,0.00010854038868801652,0.00011680748796172313,9.460888616696916e-05
0.733,0.00027411861812911555,0.0001402709961344506,0.00016823133140653201,0.00033918272292976503,0.00024194257198861813,0.00014173739293643628,7.679701466956068e-05,0.0006260746022653807,0.00040696566011633184,0.0007514030333942712,0.00011797335603469516,0.00010831711824044188,0.0001746858072348978,0.00019831779473311606,0.0004559837456019622,0.00018433097114922692,0.00032514329496335925,0.0007133569783562832,0.00010559714090963013,0.0001122450082784443,9.38158212389073e-05
0.734,0.00027977702210075784,0.00014190215266263184,0.00017138214008738384,0.0003410032245240169,0.00025167848014040484,0.00014495319315677158,8.061161057903998e-05,0.0006346328465569595,0.0004097558953695124,0.0007729505406031123,0.00011954240890754697,0.00011032731564242226,0.00018280368055678675,0.0001997872485997032,0.0004664794940105743,0.00019162381200621414,0.0003342570603134254,0.0007244100268294362,0.00010892063070622182,0.00011375153927850601,9.47671414844864e-05
0.735,0.00028200116285097553,0.00014029468191778527,0.000173158264706319,0.00034272019899161954,0.0002568521208829999,0.00014819357989259707,8.011486752845798e-05,0.000631763697290344,0.0004165306772595523,0.0007807174489685709,0.00011831145441665303,0.00010988447644411092,0.00017954677920084539,0.00020081759289891643,0.00046684488247794587,0.00019528481976027745,0.000344010868366329,0.0007395425005229939,0.00010817476786095792,0.00011243303897567891,9.48265386565561e-05
0.736,0.00029944694944382676,0.0001514715152457491,0.00018361327768623426,0.0003635426279127163,0.00027149923661651254,0.0001551318962863535,8.568580518897306e-05,0.0006729891859571513,0.0004409581216908709,0.000825049973069869,0.00012717024206931882,0.00011686711997727084,0.00019438937885407626,0.0002142300118077589,0.0004980547256221435,0.00020494625593736604,0.00036194464766758916,0.00078162441547458,0.00011594470821685299,0.00012225097374274352,0.00010157486985240549
0.737,0.00030269460956956485,0.00014798733487397797,0.00018565376093315766,0.000357832890764076,0.00028485148000390037,0.000160381187862213,9.03459047468802e-05,0.0006687556632368752,0.00043743152262332163,0.0008479208703054963,0.0001249370080104173,0.00011754170857092294,0.00019997479475686308,0.00021031098997026376,0.0005036000032181409,0.00021731536717262134,0.00037411110500340516,0.0007872560967900899,0.0001183729939225886,0.00011902349066883477,0.00010028801795725073
0.738,0.0003195178907267615,0.0001557236096650927,0.00019747034831951726,0.0003824611141167722,0.0002975194988594776,0.00017148622274565373,9.292035517893815e-05,0.0007029581277046004,0.00047191144445091204,0.000886108370273031,0.00013081368209011401,0.00012371471123473476,0.0002014874387720189,0.000223898782475751,0.0005300254392234249,0.00022915508180854083,0.0003964506628332254,0.0008403644592288595,0.00012320088892103787,0.00012525111048722337,0.00010743646614630453
0.739,0.00031064616640704145,0.00016240035731029945,0.00019212446975946929,0.0003898792316416877,0.0002666844532274171,0.0001599495079920299,8.647609349754504e-05,0.0007148056570241978,0.00046849429581929947,0.0008365015114873975,0.00013531227457852513,0.00012417242156226305,0.00019430418224108958,0.00022754835269223062,0.000521731733558406,0.00020627724638189182,0.0003601312515478794,0.0008052712113154614,0.0001203831531600974,0.00013081704638207015,0.0001096588769615714
0.74,0.0002986606230752753,0.00015949791905123245,0.0001851305739666298,0.00038277108955453443,0.00024690619987166595,0.00015244165837025037,8.17941096799002e-05,0.0007011518352771917,0.00045429545930320003,0.0007958500735015805,0.00013282959457627808,0.00012155654180812103,0.00018472420628601327,0.00022171735221432343,0.0005047803964461917,0.0001936704767639963,0.00033542492585536543,0.0007676970782091175,0.00011588583493826743,0.000127850500722948,0.00010723663510869841
0.741,0.00029688074931851773,0.00015460842519454676,0.00018369766220305284,0.000376628875886853,0.0002529840929814675,0.0001527712804856307,7.902550715965795e-05,0.0006815536542922329,0.0004550530701920019,0.0007963368486764155,0.00012895243302490922,0.00011740916634661591,0.00017944254592661135,0.0002201908264882757,0.000494183587821051,0.0001934091677862071,0.0003481384164989443,0.000781967441722764,0.0001122169348468649,0.00012450382090145595,0.0001045412279347957
0.742,0.00027529880212140423,0.00014745808465066457,0.0001690226717648846,0.0003528391256161223,0.0002297236495412136,0.00013736976442790816,7.231692279741075e-05,0.0006417528838079667,0.00042038872365190993,0.0007357057490533503,0.00012312124038904582,0.00010942678187719768,0.00017152909500661728,0.00020722966481434568,0.00045925651638478726,0.00017200354134561113,0.00031544112644721345,0.0007209982590691277,0.00010434190176578095,0.00011883495388687049,9.72153861300562e-05
0.743,0.0002739439618830497,0.0001445072443996276,0.0001688401933763739,0.0003485832678452594,0.00023088715105845647,0.00013941692189178845,7.403432225183693e-05,0.000637212087522876,0.00041534854798275234,0.0007367152610148198,0.0001209119371685663,0.00010974664537943823,0.0001703950091005435,0.0002030919116240426,0.0004588023166633981,0.0001770702164547444,0.0003143919569614795,0.0007120023704435541,0.00010478237566902138,0.00011575924258744319,9.638025826497199e-05
0.744,0.0002878979091225697,0.00016241421367557685,0.000178210392535183,0.0003841216053874774,0.00022060598451512092,0.00014108427588099826,7.495400601065239e-05,0.0007001715653345286,0.0004463271000831881,0.0007476127633885277,0.0001348328088557338,0.00011989081239627275,0.00017762229676954178,0.0002217392747454472,0.0004915377714332925,0.00017224132363791167,0.00030313393959047197,0.0007328908300301418,0.00011146274565654313,0.00013032666697121442,0.00010677780555357064
0.745,0.0002789000650414597,0.00015599804384058835,0.00017268326438224513,0.0003697570003968753,0.00021568140471706077,0.0001379647344776913,7.421635306692487e-05,0.0006780225601138445,0.0004287036337561334,0.0007292184250002887,0.0001298001612103361,0.0001166616630337014,0.00017347093016695236,0.00021262499739749252,0.000477133574340427,0.0001703926831244651,0.0002940430508502345,0.0007054334204220636,0.00010874885547984547,0.00012460798897029335,0.0001028385560817302
0.746,0.0002935251835222474,0.00016790286102530416,0.00018227069892251535,0.0003979553065406316,0.00021799001671318763,0.0001430170058933644,7.480749353550031e-05,0.0007221567843005428,0.00046049424326177757,0.0007533623448938709,0.0001392100076118563,0.0001235029899588902,0.00017802451594939317,0.00022868920369467638,0.000503521397046347,0.0001717892367950613,0.00030202929086231567,0.0007452752201287938,0.0001133036891864947,0.000134720960477841,0.00011048040364658451
0.747,0.0003109209793193346,0.00018827378389807414,0.00019305353479304177,0.0004379477748177596,0.00021191450952240398,0.0001447255538310488,7.600730741319506e-05,0.0007901782804948798,0.0004969684530886642,0.0007734292746442994,0.00015549929774227866,0.00013417343388877345,0.00019010163521138157,0.0002505280668847476,0.0005416016406146751,0.00016661006799922884,0.0002950984592055006,0.0007781322208098018,0.00012081383405948554,0.0001518677063732099,0.00012149475109424213
0.748,0.00028514524719006615,0.00016791652242753585,0.00017601973261560655,0.00039125120824390347,0.00020607036449349359,0.00013449154807887442,7.151384615255996e-05,0.0007102880091184316,0.0004477575490882124,0.0007257880123560101,0.00013911452915660316,0.00012052233628312425,0.00017751891802619824,0.0002256927673742748,0.0004909552580587562,0.00015896645061785897,0.00028477849060815075,0.0007205174289620642,0.00011041117821364299,0.0001351184249597237,0.00010821236896629838
0.749,0.00028751379428553213,0.0001741724899507746,0.00017862327566675607,0.00040879212137912013,0.0001927515894333265,0.00013403495653496744,6.858663031183987e-05,0.0007354283366269865,0.00046219854622020495,0.0007142770915471441,0.0001442039089492031,0.00012446301520763203,0.0001729114055176728,0.00023276145588901898,0.0004998686628195914,0.00015218161678265396,0.0002713358942735278,0.0007214141386810979,0.00011055557118189174,0.00013962326204797204,0.00011209191668926088
0.75,0.0002754634950585089,0.0001678706792261897,0.00017131116417601344,0.00039697976241270805,0.00018035309084485363,0.0001277848214645827,6.300673751291619e-05,0.0007087714730010797,0.0004481766932102893,0.0006796456646405158,0.00013913830975242902,0.00011925434412118907,0.00016187841023129756,0.00022542442888140446,0.0004775927400085811,0.00014170321828110843,0.000258105840801659,0.0006962091925623026,0.00010428881830759629,0.0001341975897876102,0.00010757692194585111
0.751,0.00030467124145336366,0.00017683170001858706,0.00019002348519203682,0.00042447133617840027,0.0002171674944452251,0.0001459030883178558,7.050244911577241e-05,0.000751819534207665,0.0004954641326460063,0.0007649607598074759,0.00014622182651213844,0.0001268653709759482,0.00017398496345999437,0.00024474128472162793,0.0005192029320199021,0.000167324830680049,0.00031278118459443505,0.0007927320396641235,0.0001132103190287781,0.00014296313363748592,0.00011625296384376593
0.752,0.00029816552866656075,0.00018070970734218594,0.0001851718682663872,0.0004245016172166327,0.00020095354969695833,0.00013765191721704095,6.877508203251281e-05,0.0007550193474991085,0.0004847185279149846,0.0007375878109900924,0.0001493929232891933,0.0001270630548607654,0.00017694811467616756,0.00024349858775751798,0.0005151489282957389,0.000154433684016686,0.00028634643793779,0.0007606913651996283,0.0001127384118720931,0.00014590825169036314,0.00011605138555936811
0.753,0.0003067236256725503,0.00019298096320363722,0.0001908682395089789,0.0004487168528590768,0.00019199149646731417,0.000138315452485549,7.052085726300117e-05,0.000800003954073647,0.0005018479605405357,0.000743171402667997,0.0001595425335779721,0.00013505424342885597,0.00018470004889192815,0.000254113722116589,0.0005398955484184897,0.00015143921528615323,0.00027159200549420337,0.0007634172842492237,0.00011808069040053493,0.00015547180710495656,0.00012274823541236213
0.754,0.00029948851593782354,0.00018568046934730464,0.00018634884815549313,0.00043420614180855743,0.000192266736412261,0.00013652439008204897,6.886837916653121e-05,0.000773957437801398,0.0004890423558799872,0.0007313633782135565,0.00015357957694395186,0.00013053976760191155,0.0001787927284798707,0.00024673178068745916,0.0005237946592048237,0.0001507925915182895,0.00027305867623461655,0.0007516246321194187,0.00011445337219495588,0.00014952659693034942,0.00011861779997368593
0.755,0.0003095825772476579,0.00019157515735734876,0.00019298786858013006,0.000448326701116164,0.00019871105862312444,0.00014180520507045546,7.196690391320093e-05,0.0008005983662808802,0.000505375527749985,0.0007553002723074131,0.00015841106765845936,0.00013548161687571003,0.0001845583681827634,0.00025439291190454405,0.0005431836965926751,0.00015750968125893827,0.00028128236865510026,0.0007738029096555632,0.00011885688785784332,0.00015445875294728406,0.0001230662223655754
0.756,0.0002908938555867824,0.0001788972901628494,0.00018156866089158452,0.0004235983265042931,0.0001860648883044158,0.00013376355961558506,6.50732661907627e-05,0.0007509724371344006,0.0004789811980954184,0.0007098048139002611,0.00014818518591663832,0.00012639154126847796,0.00016880800758933834,0.0002400805605740075,0.0005067110326086866,0.00014640564288592728,0.0002683046129112743,0.0007363336226541284,0.00010949342493915548,0.0001436863185833026,0.00011475272100514022
0.757,0.0002907674633965518,0.0001814096047829672,0.0001818247869477263,0.00042971257767665527,0.00017915375256394306,0.00013263379516392781,6.399682663182915e-05,0.0007606930393109224,0.0004820469580275599,0.000702276904586352,0.00015038979607595593,0.00012801684847341122,0.0001678893356095168,0.0002418851298791047,0.0005097970892812276,0.00014264135828601088,0.0002593988369277156,0.0007306979222692078,0.00010956132016870512,0.00014540433488963167,0.00011591905037866557
0.758,0.0002921454018211811,0.00018988317036117142,0.0001824671304897496,0.00044338876151361895,0.00016596843226468483,0.0001293000098228081,6.438944539410851e-05,0.0007876403535516108,0.00048557451073294455,0.0006919028459397847,0.0001575972007732407,0.00013285812297758604,0.0001739577829251715,0.00024641251138834974,0.0005221003818693948,0.0001351324055576253,0.00023696277163953727,0.0007138493644387456,0.00011245084342614842,0.00015169684945193218,0.00011937514190540899
0.759,0.00030943555710495895,0.00020315506651313875,0.00019450569708523435,0.00047896333286301385,0.0001675566372826287,0.00013625285102614182,6.483663751188917e-05,0.0008413478828275256,0.0005246966634459005,0.0007201447451806731,0.00016882017366148805,0.00014177992498665137,0.0001781319410595339,0.0002641496747110006,0.0005555478370746769,0.00013784722352405687,0.0002441613708831225,0.0007588869660393183,0.0001174249345955447,0.00016258209142872015,0.00012791949039892003
0.76,0.00032025167785312283,0.000216138757721418,0.0002021702067868114,0.0005102274884617453,0.00015881543688267552,0.0001383950200173345,6.458868211267621e-05,0.0008901516546891974,0.0005515195842429321,0.0007281309001908598,0.0001801308689115544,0.0001502048534715028,0.00018291894122413055,0.0002772549047295181,0.0005831110591454358,0.00013407592443936966,0.00023317943238188032,0.0007749100503888773,0.00012155418051451594,0.00017260129171858818,0.00013495431903143285
0.761,0.00028688336454264497,0.00018529263705802101,0.00017996226794625425,0.00043932235241450623,0.00016200290170298448,0.00012720262980581154,5.871067862961432e-05,0.0007676760753770884,0.0004866474625724315,0.0006752237544495054,0.00015384148800468012,0.0001284696451450129,0.00016251931994526458,0.0002445581558545573,0.0005073229632807097,0.0001290819964383516,0.0002391653005547889,0.0007191884486361655,0.00010675086689360125,0.00014818142309902527,0.00011654692304452485
0.762,0.0002569764687592735,0.00016284302773028614,0.00016047850332956415,0.0003867902130366696,0.00015156119549319946,0.00011575192835200365,5.433374005470171e-05,0.0006828021433195053,0.00042907300433037143,0.0006163089789748,0.00013533735855419948,0.00011418322714895623,0.00014730648013305814,0.0002163593567593436,0.00045101250202717047,0.0001206618639125745,0.00022203542115339925,0.0006446355884477395,9.593834854670913e-05,0.00012943442198654065,0.00010268207189467748
0.763,0.0002415548614263241,0.000147446103970994,0.000150489272276233,0.0003531344947946824,0.00015396437234960203,0.00011152075165288267,5.2296815150398857e-05,0.00062522407129606,0.00039850377753902766,0.0005931819158133678,0.00012254325397353938,0.00010445268869152535,0.00013760711830568262,0.0002000027598137999,0.0004172940320645857,0.00012059344332038258,0.00022546504719067606,0.0006168223867107914,8.927593801266731e-05,0.00011719942658061644,9.407955901896692e-05
0.764,0.00025455503069913844,0.00015503020046181426,0.00015848745409874354,0.00037134293516760675,0.00016426403602987083,0.00011668925717656098,5.363695116944456e-05,0.0006512100146758293,0.00042337556088711814,0.000623885188494655,0.00012868344920424768,0.00010832746277045224,0.00014351372006060625,0.00021193568817834407,0.0004369930348155915,0.00012522326782615778,0.00024264781258453993,0.0006601058302895257,9.276213568876202e-05,0.00012413385225606977,9.885276214682825e-05
0.765,0.00026770721741412593,0.00016457528860713833,0.00016710282735687976,0.000395536792815232,0.00016889650115914367,0.00012140036369900908,5.371104065232668e-05,0.0006850766022616916,0.00045244845541270173,0.0006484045172040487,0.00013653286308268342,0.00011351412323390431,0.0001475209507703079,0.0002256153575592723,0.00045918192492389043,0.00012691745411519406,0.0002533668201586403,0.0007013521429412028,9.602357231619507e-05,0.00013234035223419482,0.00010462639777886196
0.766,0.0002677234879510382,0.0001660899648808778,0.00016636814487958063,0.0003904461555144234,0.00017014291544958926,0.00012146695134196417,5.9826461600187564e-05,0.0006940814834663911,0.0004394330100502275,0.0006542960565584233,0.00013772555666768937,0.00011641574813903155,0.0001581411558311263,0.00022182837551731893,0.0004668677935319998,0.0001323271483574251,0.00024400477708008683,0.0006754888529509895,0.0001008892671583439,0.0001331803211210847,0.00010544961892400284
0.767,0.00023735692705493806,0.00014941163192372375,0.00014650503897184475,0.00034844143479995093,0.00014843846238898895,0.00010574089227066708,5.2662680535164874e-05,0.0006208409478725141,0.00038742528191548775,0.000580988014745043,0.00012416100726420076,0.00010358354895201316,0.0001436776932506323,0.00019775388141762829,0.00041361439168197123,0.0001136630762719193,0.0002121702315833751,0.0005962319348524758,8.966768703155825e-05,0.0001190720241770471,9.308867919255448e-05
0.768,0.00025013353839038467,0.00016139065536735497,0.00015345465608729292,0.00036824660106837825,0.0001539691457445036,0.00010815529191987583,5.663457258919813e-05,0.0006581399598909465,0.0004059008617256499,0.0006089235703967688,0.00013390447752992252,0.00010985026826104693,0.00015799902269275634,0.00020966696456647949,0.00043930431802752246,0.00011575154275389465,0.00021587553315549624,0.0006208073901092792,9.624646004247062e-05,0.00012935250138201848,9.90969744968373e-05
0.769,0.0002364495685511503,0.00015309613864034066,0.00014312296724805496,0.0003403930780853104,0.00015203270060248908,9.982836922428628e-05,5.5939484139400086e-05,0.0006160753877659797,0.00037440263098476034,0.0005856409370957882,0.00012692539799685765,0.00010233994190700368,0.00015834565029604342,0.00019696025113236093,0.0004128379241928881,0.00010951294837791004,0.00020858021050684794,0.0005851232229929781,9.24425211180635e-05,0.00012314682951519718,9.224477920044549e-05
0.77,0.00023070740278965384,0.00014768122456354504,0.00013906989964773686,0.00032602873613107874,0.00015401849028262582,9.773808090485225e-05,5.6208279217151436e-05,0.0005956197021028675,0.00036000924574219884,0.0005790126775776505,0.00012249039998268874,9.889495836679085e-05,0.00015744865389399898,0.0001901767122426401,0.00040107562486779713,0.00010994901886163255,0.00020938928723368555,0.0005707810192109308,9.071454526943246e-05,0.00011898125570430906,8.886024398946368e-05
0.771,0.00023757092112506318,0.00015343068326878484,0.00014332582651144232,0.00033787474946311846,0.00015603624965798701,0.00010007301679459957,5.7922164175105983e-05,0.0006164404012030111,0.00037170560480370707,0.0005927792127905507,0.00012717006251539154,0.00010255755044241699,0.00016259422951736546,0.00019650806318916025,0.0004150880064387463,0.00011198240515075675,0.00021140206517211713,0.0005846886316639432,9.384733352457708e-05,0.00012371338603467397,9.227878018380764e-05
0.772,0.0002456276912078781,0.00015936672747873804,0.00014616771510733706,0.00033904471521284396,0.00016962563475841907,0.00010044566679434652,6.29550934462264e-05,0.0006279386126116782,0.00037405084804797983,0.0006232208619020296,0.00013183584156151174,0.00010401072911203624,0.00017861341831715283,0.0002016581582423571,0.00042720443422294974,0.00011620240354193179,0.0002247339770586887,0.0006029140675716249,9.875968067996066e-05,0.0001297378221899459,9.406741629980342e-05
0.773,0.00024714773949776616,0.00016366810060475245,0.00014704649394992053,0.0003471145198130632,0.00016399333807737282,9.931536985208211e-05,6.288555067401891e-05,0.0006402818120578857,0.00037861387519300127,0.0006199568806898315,0.00013530037138531625,0.00010624414809512484,0.00018086461318400637,0.00020497717703216178,0.0004333195943672097,0.00011279813306386277,0.00021653393330045567,0.0006007897552541275,0.00010010275579130923,0.00013306603706320086,9.60823305066194e-05
0.774,0.00024149670773969677,0.000156948378986832,0.00014449950017103586,0.0003391868555074895,0.00016229050771643383,9.917653837809848e-05,5.930340870330397e-05,0.00061972832928614,0.0003748760805615259,0.000606622141457458,0.00012990382647659615,0.00010249008630369705,0.00017016789296198098,0.00020029806361276936,0.0004197302814226145,0.00011165215908071069,0.00021865577891289067,0.0005985491118258857,9.543516525900575e-05,0.00012738444598270338,9.303560218676399e-05
0.775,0.00025917821994106416,0.0001704431235750592,0.00015266526948398695,0.0003518644122373349,0.0001829667418830061,0.00010222461044351316,6.78223922917498e-05,0.0006553582556988458,0.0003893531959363594,0.0006621829716136896,0.0001406604771149178,0.00010793723867030813,0.00019656048589788977,0.00021328386346997075,0.00044970662600496425,0.00011988882742997031,0.00023967352667975117,0.0006374536964076638,0.00010494217454903865,0.0001399169850091475,9.865952442411619e-05
0.776,0.0002522167233938444,0.00016143583714944842,0.00014956785629705038,0.0003418480709018734,0.00018211474871687727,0.00010189534785032262,6.201237130909476e-05,0.0006251366915858148,0.00038735447099591536,0.0006465393679095932,0.00013341829341839695,0.000102036710859843,0.00018146996512469205,0.00020825714701699916,0.0004302060488835524,0.00011736093272207704,0.0002462178756013067,0.0006429841078777754,9.777664787979923e-05,0.00013238904233636717,9.431293344008829e-05
0.777,0.00023223328403733644,0.0001488191710135034,0.0001387308550355737,0.0003237571835499331,0.00016025732023183803,9.508930655666159e-05,5.459993052181478e-05,0.0005850076455982123,0.0003637639565893247,0.0005875346660999536,0.00012329505329844448,9.570558744620428e-05,0.00016061387938093308,0.0001935552709475541,0.0003972270776790854,0.00010594451816137163,0.0002206956169829022,0.0005923033055780236,8.899076258583882e-05,0.00012100205250564766,8.777252098390864e-05
0.778,0.0002594672236003348,0.00017167814185159447,0.00015474418027283665,0.00036531624032587473,0.00017296725594229123,0.00010318968739231327,6.260203103436446e-05,0.000660459101152977,0.00040564031705547787,0.0006482538210615951,0.00014168094531397113,0.00010873944829858928,0.000185302513168506,0.00021787671569784006,0.00045065210222083874,0.00011453570873254382,0.00023337084929664353,0.0006498540677440934,0.0001018387019336986,0.0001402400450800645,0.0001004025984305823
0.779,0.0002735982321943997,0.00018234503162573024,0.0001651559690544202,0.00039647941990572644,0.00017276603155158554,0.00011014914555429467,6.2775895057543e-05,0.0007027668104410134,0.0004402617546435117,0.0006686808692241142,0.00015037244737226008,0.00011632311670128903,0.0001862407453478987,0.00023268135121534694,0.0004788906586634667,0.00011788239979915183,0.0002368996938061363,0.000688566570902216,0.00010588844838799183,0.00014863195458936218,0.0001082063300449354
0.78,0.0002684763545371449,0.00017816790778824032,0.00016071274175111228,0.00038065469420678344,0.00017630466999729588,0.00010743596226103769,6.463005092338658e-05,0.0006858381008879588,0.00042241888015570606,0.0006660446561961297,0.00014689570831372123,0.00011337276393819096,0.0001897599057186783,0.00022593180314778305,0.0004688469384527272,0.00011870757087972805,0.0002374188274825162,0.0006702040261368225,0.00010556559307572932,0.00014561438455396036,0.0001050019048753903
0.781,0.0002748782870373334,0.00018138317806737358,0.000164634086588622,0.0003871449594357035,0.000183055046215852,0.00011070809745317156,6.660516153900176e-05,0.0006986522395299177,0.0004318163142899012,0.0006837168382588521,0.000149474774950642,0.00011552396148095667,0.0001939071433494366,0.000230562056937611,0.0004795913304039834,0.0001233893404649633,0.0002459671155585763,0.0006875921132734053,0.0001079854171621708,0.00014854272781150701,0.00010731383797502048
0.782,0.00025010031273530186,0.00016213476452153763,0.0001499144730430224,0.0003509614916420434,0.0001697293005681333,0.00010164812087265496,5.8673712485246554e-05,0.0006303869532130468,0.00039445876752342013,0.0006273188786273254,0.0001340254488824133,0.00010348943763538454,0.00017288185313490967,0.00020944947162759853,0.0004309115478426939,0.00011271155143388611,0.00023273964603887087,0.0006366631219947294,9.595914217008783e-05,0.00013223185019350936,9.571672125552322e-05
0.783,0.0002264556692326225,0.000140731252037396,0.00013521141594519115,0.00030767070100412575,0.00016565033587812028,9.39648848314878e-05,5.269335619240145e-05,0.0005553034974554727,0.00035354403698428793,0.0005829689437868435,0.00011682436656124118,9.012085614634735e-05,0.00015475223625627255,0.00018692678745468871,0.00038121085383324704,0.00010693170550035713,0.00023046581082497575,0.0005916579264088062,8.450379639213246e-05,0.00011479473692088682,8.31858842381683e-05
0.784,0.00023677093401699433,0.00015476713445294887,0.00014320877756657246,0.00034311354532490235,0.00015110368659587703,9.711592510985856e-05,5.295954743567144e-05,0.000608596393596339,0.00038162903609528787,0.0005830785088027923,0.0001281840076748919,0.00010028430131470145,0.00015732886529995493,0.0002005661200350506,0.0004108726386394812,0.00010362900499139016,0.0002108196953384267,0.0006008464246117784,8.998566411344555e-05,0.00012523494816751857,9.209445517299741e-05
0.785,0.00024416015971761017,0.00016247236730004833,0.0001476531056370245,0.0003579826633610672,0.00015078513540600635,9.894096083584714e-05,5.513028457271307e-05,0.0006350743842683526,0.00039398831378556487,0.0005956103784229283,0.00013449050326352907,0.00010511381905808914,0.00016438266606366714,0.00020781092076438412,0.0004280104841029031,0.00010450572851805617,0.00020818721364124215,0.0006111654390688059,9.408846040837027e-05,0.0001314672064800515,9.634315939355265e-05
0.786,0.00023757658004054384,0.0001578280139390431,0.0001422303392762947,0.0003404679431998625,0.0001527073318280392,9.546210426636392e-05,5.713472003820996e-05,0.0006163779275284442,0.00037296972421940744,0.0005889091286199744,0.00013062385205664384,0.00010202067359277311,0.00016790531900334749,0.00019970407915215205,0.0004164229685946763,0.00010468211694381058,0.00020551931220147424,0.0005859092064438576,9.378631445822183e-05,0.0001280422735945308,9.282825185374932e-05
0.787,0.00022439377609422272,0.00014901060110095177,0.00013450778161006038,0.00032450027750274835,0.00014238231906038568,8.98713619752467e-05,5.188586166327003e-05,0.0005820481969471825,0.00035609794809499107,0.0005548889948899793,0.0001234793620146224,9.587198489469095e-05,0.0001557543301939912,0.00019003687104945932,0.00039110543272724563,9.637575913068464e-05,0.00019505248079432214,0.0005601925767828586,8.707788414796802e-05,0.00012046560300471576,8.726989429908016e-05
0.788,0.0002646651004574452,0.00017515496119457907,0.00016022589258757325,0.0003838617585506521,0.00016755611707275353,0.00010706170439100937,5.951015461969078e-05,0.0006766641976334586,0.00042858485679508895,0.0006474450506089857,0.00014466373209010008,0.0001118697508247779,0.0001773893133875104,0.00022525945427875893,0.00046220261997609313,0.00011420648772630937,0.00023192220217982396,0.0006719465726056084,0.00010095866711912205,0.0001426690714622092,0.00010414944404479876
0.789,0.0002554599286875792,0.0001701280276313888,0.0001538340199805921,0.0003694902503000863,0.00016188071674361204,0.00010222379734203813,5.870656784234818e-05,0.0006562040356931087,0.0004094325791629272,0.0006272998567530275,0.0001405749498780695,0.00010847851006978715,0.00017550767508089926,0.00021705589578058238,0.0004468432794406674,0.00010969691342355148,0.0002218574693814146,0.0006425298960557324,9.863973014279104e-05,0.00013845223879727087,0.00010036216425168831
0.79,0.00024553955736860144,0.0001609464324884291,0.00014916646178730897,0.00035843739335050806,0.0001546690597090672,0.00010031787223052646,5.330774717038356e-05,0.000628066978816233,0.00040090304688078504,0.0006006698695347756,0.00013326261516488636,0.00010351451433410208,0.0001603613314717922,0.00020932290610253812,0.00042642548094229404,0.00010563571167943042,0.0002179964512534216,0.0006294730511345881,9.198374007624022e-05,0.00013044105071868817,9.588943252603066e-05
0.791,0.0002604158219298047,0.00017470768140537274,0.00015696572029566536,0.000378961361549468,0.00016226719969680836,0.0001041472575284974,6.0474295282997304e-05,0.0006742947589757353,0.0004173585269607871,0.0006360727548270217,0.00014440365414436496,0.0001119102703719399,0.0001797709212633114,0.0002213261678702949,0.00045892145913928317,0.0001115428051950973,0.00022031808509104245,0.0006480301834856927,0.00010147530089765766,0.00014215497989511494,0.00010321305471994169
0.792,0.00028114898834941116,0.00019175313242236758,0.0001694743750367822,0.00041266047849819465,0.0001705589904598126,0.00011084070874922691,6.555236585892299e-05,0.0007307764824887597,0.0004528555758352981,0.0006798130921119583,0.00015820336430116821,0.00012180408424522504,0.00019572796694811156,0.00024061070491654402,0.0004997369313016753,0.00011757605217821432,0.00022951316363595264,0.0006951873461087388,0.0001105753687049571,0.0001565692942900876,0.00011319028889622551
0.793,0.0002681259376619449,0.00018519011889939208,0.00016177026573782616,0.00040167691564163555,0.00015490072609858352,0.00010529210784204768,6.237092735750238e-05,0.0007113198368358109,0.00043310413633224076,0.0006414316433419609,0.000153213975390587,0.00011913394677243172,0.00018722931312553648,0.00023025729126091576,0.00048118774164829237,0.00010950410079613171,0.00020761881384967484,0.0006513025967977981,0.00010656843713463537,0.0001503479691200571,0.00010909788925583808
0.794,0.0002780955207141278,0.00019192781752064292,0.00016750223786565765,0.0004132015939689593,0.00016336062991106903,0.0001087929331031745,6.534518629164321e-05,0.00073232199775497,0.00044791606554461794,0.0006673904687608534,0.0001585420575049845,0.000122609962411091,0.00019555593933073823,0.00023863174787874808,0.0004984618212053871,0.00011430367998199742,0.00021807306925614167,0.0006777670668816071,0.00011069718156808683,0.00015641719443348912,0.00011309176310869695
0.795,0.0002665657566068791,0.00018027306857759662,0.0001616147897403053,0.0003947950115508192,0.00015978705682939687,0.00010670269427304202,6.0534413120039154e-05,0.0006963747384959307,0.0004330382244667197,0.0006425819507266395,0.000149186980515581,0.00011606467902158801,0.00018078991063685823,0.0002280141355934795,0.00047347931787788955,0.00011195168213284923,0.0002178980790981111,0.0006612476789532584,0.00010347659939291542,0.0001465097034299978,0.00010699441770456453
0.796,0.00024223878157505485,0.00016594896845878448,0.00014589275078658037,0.00036125331454495146,0.00014214711741677988,9.538848308388026e-05,5.6008888927872036e-05,0.0006422164407711151,0.0003892087580894543,0.0005845610524870537,0.0001375735912417797,0.00010705614156747423,0.00016926221833035715,0.0002072605171674624,0.00043182576549960494,9.951630227378327e-05,0.0001920241122125299,0.0005907567346289389,9.557164064000201e-05,0.00013413014778118626,9.717268559150671e-05
0.797,0.00025881130105560033,0.00017775954276455508,0.00015888966051913478,0.0004007364260473212,0.0001403660878140922,0.00010388309322306721,5.424086699490349e-05,0.0006911435136568445,0.00043414441060662945,0.0006066599724232624,0.00014769070515685545,0.00011574057274077454,0.0001669438524317668,0.0002250155880646476,0.00046447034168017876,0.00010219686133527972,0.00019687630101317133,0.0006420529202192382,9.857009068747757e-05,0.00014308176248367666,0.00010576345124913011
0.798,0.0002684224859768214,0.00018745061650660144,0.0001655098593809079,0.0004246938877368045,0.00013716440339572866,0.00010686750525978894,5.4882827210223084e-05,0.0007249141224805467,0.0004563637588348435,0.0006186102901770685,0.00015593027068105947,0.00012201607096706812,0.0001714847866792768,0.0002353783034397816,0.00048661486904555407,0.00010178539984873058,0.000192807232643033,0.000661665521587973,0.00010232090740824873,0.0001506308872234463,0.00011135819902974298
0.799,0.00023674240879184572,0.0001609153542534436,0.00014507127397100916,0.00036383012486995714,0.00013172045856568726,9.518464742652721e-05,4.866161323124896e-05,0.0006272290239642819,0.0003964229360681193,0.0005604668811161062,0.0001337225671688147,0.00010428949880236793,0.00015162520782352473,0.0002057198710669894,0.0004199776883239137,9.37123449686883e-05,0.00018741818115197706,0.0005956432606043505,8.88346717496935e-05,0.0001291359573942774,9.526661331593633e-05
0.8,0.00023751045432896523,0.00016306004693167342,0.00014529290973031017,0.0003671997102195901,0.00012935454358287135,9.505937232767714e-05,4.993871256375737e-05,0.0006365135740240557,0.0003959395809955968,0.000559749213103089,0.00013560760964326235,0.00010625517539553098,0.00015470425823382872,0.00020625504369919945,0.00042494133438186754,9.348332694958383e-05,0.0001814165823695868,0.0005877363594130047,9.056423931175228e-05,0.00013075854747113258,9.637894623193421e-05
0.801,0.00023469644937907375,0.00016183223373777977,0.00014382400919865646,0.0003660122131573518,0.00012509433436258544,9.384849690929897e-05,4.8590393216030314e-05,0.0006321106272333399,0.0003933764073464907,0.000550176799342883,0.00013469753476869073,0.00010558386199521763,0.00015174760346703398,0.00020448499454250868,0.0004207878044277802,9.096903181626814e-05,0.00017624794081694262,0.0005802770842365801,8.923702218166518e-05,0.0001294889230947227,9.554167172964867e-05
0.802,0.0002240129855092976,0.00015312736152928164,0.0001373206676177352,0.00034782639901898005,0.00012129287376760889,9.013571256288877e-05,4.59149231433198e-05,0.0006011364017606269,0.00037524627710006087,0.0005279033883988093,0.00012752569029850225,0.00010007612953955025,0.0001435818878909867,0.00019484450179307888,0.0003993300946485423,8.768864040964441e-05,0.0001723573759871977,0.000557780571441957,8.442119128226899e-05,0.00012230525454104413,9.044436745386797e-05
0.803,0.00022236373254622133,0.00015322830107178387,0.00013745814269772172,0.0003540089168236893,0.00011316857506360467,8.995981215620397e-05,4.308691291365907e-05,0.0006042744552664514,0.00037976714174992043,0.0005151983934492677,0.00012793117263654175,0.00010080038100734878,0.00013749270803620206,0.00019511018283291381,0.00039856379293301547,8.393794948269306e-05,0.00016400501430613446,0.0005544057376529743,8.261316024360532e-05,0.00012164031249095597,9.062358810973947e-05
0.804,0.00019912991346993092,0.00013420961493326722,0.00012365623592136554,0.00031612915353440574,0.00010352603963281748,8.220909991263348e-05,3.646972049520247e-05,0.0005374861726222813,0.00034257429842665665,0.0004647203332813765,0.00011228079919223255,8.890214600443258e-05,0.00011768635403186511,0.00017469304033090882,0.0003517673330851734,7.632343392183216e-05,0.00015514862913035277,0.0005075954858234644,7.163760509576456e-05,0.00010583514638562441,7.97476276369613e-05
0.805,0.0001958367044115672,0.0001305991101084869,0.00012043536064298976,0.00030248665173715494,0.00010907143100646888,8.018329813308522e-05,3.774566526870693e-05,0.000519360339055086,0.0003307798016783936,0.0004660770605723341,0.00010897918261565387,8.556300184148213e-05,0.00012005422680028133,0.00017053362559704688,0.0003428131709715121,7.747087044285283e-05,0.00016072858204729812,0.0005016690017983771,7.112184237267893e-05,0.00010368008531691508,7.738178022453912e-05
0.806,0.0001954179721369409,0.00012675500551073693,0.00011833554748386099,0.0002851846220556231,0.0001237876097491819,7.925643729989051e-05,4.061245496633781e-05,0.0004981938521052554,0.0003196056826760829,0.0004829567263897605,0.00010538230706258478,8.126753780923757e-05,0.00012627750809701688,0.0001674357958630912,0.0003350533365575892,8.243428988130574e-05,0.00017865863938670845,0.0005090869475611326,7.137051476380218e-05,0.00010193723883877848,7.476738868084087e-05
0.807,0.00020678435066531775,0.00013350345751805826,0.00012652329614903923,0.0003053730620551365,0.00012844000588696503,8.48957062924427e-05,4.09521928756984e-05,0.0005250360488591177,0.0003449889750244406,0.0005056502803267859,0.00011094151147050813,8.582180183736021e-05,0.00012781993684340964,0.00017819969365207022,0.00035475438853016517,8.685573227396048e-05,0.00018901380302471793,0.0005459711584316906,7.390223222891734e-05,0.0001073628052771225,7.968092474874844e-05
0.808,0.00020516427435167682,0.00013133504821938313,0.0001248300728843299,0.000297388238728713,0.0001324768836006296,8.394847889148238e-05,4.1659615503841785e-05,0.0005148224607138818,0.00033840598145862266,0.0005080308784554122,0.00010906581190672782,8.382626189407105e-05,0.0001292993617602045,0.00017580595695143586,0.0003496543702635746,8.779571642802964e-05,0.0001934367709199858,0.000543911718371759,7.347048633865594e-05,0.00010598325153154953,7.81381222112465e-05
0.809,0.00020841600569233566,0.00013757550672188756,0.00012701331633868662,0.00031051452224539755,0.00012562705201801805,8.452775721534689e-05,4.317797731989703e-05,0.0005394691145367281,0.00034441141880359183,0.0005061204497970317,0.00011431294266672776,8.876941885438416e-05,0.0001336756027742192,0.00017949942263051355,0.000362771927762906,8.634129906837096e-05,0.00018019030121430024,0.0005353377819469207,7.687771644149244e-05,0.0001105813450994475,8.152524039084508e-05
0.81,0.0002245991136305858,0.0001484366158671646,0.0001378259813838989,0.0003374418918797861,0.0001331262353372331,9.131744769397265e-05,4.496540570386731e-05,0.0005785365722386082,0.0003769298918939734,0.0005405014530051044,0.00012323229277677594,9.53908412116844e-05,0.00014017303259450387,0.00019459008301236924,0.0003916040776216212,9.192590512574483e-05,0.0001931777543842106,0.0005830493554693783,8.168299368271903e-05,0.00011957668287365664,8.849775885544364e-05
0.811,0.00023101132861176875,0.00015412259298575037,0.00014169793837770506,0.00034879310037327915,0.00013483243773049214,9.33095123497596e-05,4.658284266834123e-05,0.0005977160659629277,0.00038796069655944176,0.0005533009700477987,0.00012789904672050323,9.882158590679424e-05,0.0001454136656220406,0.00020058726026039864,0.0004049616370652709,9.340494070675387e-05,0.0001942800664689326,0.0005958843032010108,8.467848778359599e-05,0.0001242820357044705,9.169738574010822e-05
0.812,0.000228794817742084,0.00015373254859119,0.0001411807727035308,0.0003521541315966159,0.00012784658814390948,9.258420015334501e-05,4.446510072986243e-05,0.0005977766448544974,0.0003894119587848355,0.0005411961251083897,0.00012777669753727405,9.910942794100208e-05,0.00014076422866549088,0.00019994989880001146,0.0004030316553488289,9.01396253724096e-05,0.00018656978977993344,0.0005899873668029354,8.320625605895415e-05,0.00012345439638572486,9.155894148293875e-05
0.8130000000000001,0.0002292839788883838,0.00015818622014651673,0.000139507924409088,0.00035245696784413916,0.0001264156801996652,9.00319706632624e-05,4.7773760627145556e-05,0.0006067813306603886,0.0003826479676979355,0.0005430060821089988,0.00013121833111018333,0.00010096259217429182,0.00015102315183979087,0.00020050114591840806,0.00040803071618256137,8.799026386507869e-05,0.00017748131719752536,0.000574719495290088,8.692258248155227e-05,0.00012731842828195283,9.270364906910356e-05
0.8140000000000001,0.00023316828012847623,0.0001589140838061942,0.0001398543370119132,0.000342472299303509,0.00014167593621283725,9.006825514823458e-05,5.1729547176804225e-05,0.0005997391950064435,0.00037822117931574084,0.0005686997598092214,0.00013114153967386244,9.89096093690911e-05,0.00016127142635957714,0.0002019080798844053,0.000408835314515521,9.325649817359949e-05,0.00019540935782180746,0.0005904733901269665,8.92879745095776e-05,0.00012919501083374918,9.230280851046935e-05
0.8150000000000001,0.00023277076269222484,0.0001578491922091807,0.00014105838791822478,0.00034731886844885373,0.00013764819894801494,9.125489994699088e-05,4.910879052333339e-05,0.0005996049612863041,0.0003850570810837173,0.0005617728006862555,0.00013046126297489025,9.903570023617192e-05,0.00015427659669764449,0.00020264909706124712,0.00040836080460804336,9.232178246298961e-05,0.00019386188668180093,0.0005960282311663345,8.727764883043054e-05,0.00012790650126948133,9.256256080458769e-05
0.8160000000000001,0.0002389624668925283,0.00016352430235000437,0.00014376524411197078,0.00035353416910943736,0.00014274204048392303,9.241088438827205e-05,5.255844812079857e-05,0.0006161667901387613,0.00039019415153151993,0.0005790976614052923,0.00013492308923823693,0.0001018906873548886,0.00016388566832892248,0.00020757416616967728,0.00042077123058170685,9.488273640922973e-05,0.00019697838270826828,0.0006046476583843052,9.142182662813525e-05,0.00013297136233691997,9.5308838070296e-05
0.8170000000000001,0.00021619886694421164,0.0001426933560751964,0.0001287274167165453,0.0003044317481195602,0.00014418031336149717,8.402589455291931e-05,4.868918796396837e-05,0.0005403817225815288,0.0003438970008720066,0.0005437995530770401,0.00011785978416634091,8.786736654098348e-05,0.00015115641667062807,0.00018469782207786167,0.0003706559983223112,9.092373422625588e-05,0.00020005304554471248,0.0005598867000095042,8.126970570754288e-05,0.00011637337790249003,8.240719439533972e-05
0.8180000000000001,0.00024475656264638104,0.00016812483586226001,0.0001459541196613401,0.00035514745942610837,0.00015105549413729769,9.33728483861751e-05,5.6453215793283995e-05,0.0006274331826876534,0.000392346109559516,0.0005996495915782107,0.00013841589120400233,0.00010356595929694734,0.00017429644351985019,0.00021146673615557443,0.00043077319566620087,9.8534233733516e-05,0.00020408659136905705,0.0006145188390952461,9.53069586080435e-05,0.00013739380151867042,9.723574566866677e-05
0.8190000000000001,0.00028069161676264607,0.0001964825528553149,0.00016729519272384863,0.00040905595606355316,0.00016890331555685645,0.00010556860603350149,6.60609518896571e-05,0.0007202578228178158,0.00045159298495733857,0.0006802890253356786,0.00016116965278223372,0.00011972977563201592,0.0002023978427697637,0.0002441842985754228,0.000500276766876584,0.00011127737418548111,0.00022419201758383522,0.0006982312020317183,0.00011120595106028919,0.00016159511372593194,0.00011406593179608127
0.8200000000000001,0.0002887525622662035,0.0002010840743268405,0.000173262473612934,0.00042226395720446064,0.00017280693283283632,0.00010975533504031798,6.619329729429246e-05,0.0007374271234780183,0.00047030761692756773,0.0006967938357118619,0.00016496116031206043,0.00012257210113442163,0.00020276534096030918,0.00025194930938554627,0.0005145186503291432,0.0001147660061907585,0.00023166650381689635,0.0007260641384669864,0.0001127885592342448,0.00016544325483136557,0.00011766157423320767
0.8210000000000001,0.00031076065349509575,0.00022284806660610723,0.0001836361352961502,0.0004542280534055587,0.0001820088178225987,0.00011408724457351305,7.655468490630479e-05,0.0008041413320534208,0.0004962722490875482,0.0007466817041485996,0.00018229566250627105,0.00013473174317535364,0.0002323335305798313,0.0002718750262999947,0.0005620342700822789,0.00012075074269757291,0.00023422121878935442,0.0007553740150924027,0.00012737011394670095,0.0001844554677277177,0.00012931299110463534
0.8220000000000001,0.0003061479779394527,0.000220065593276364,0.00018550809258222056,0.0004760065881721509,0.0001582545770126842,0.00011610231138670102,6.800648355198557e-05,0.0008137314664635742,0.0005140533569237826,0.00070642830607337,0.0001817601831204385,0.00013815693738605805,0.00021017968506842344,0.0002712804721408668,0.000562960878705554,0.00011325186175192847,0.00020975243415710665,0.0007449726721849848,0.00012180472750722426,0.0001803172310950174,0.00013036570022861849
0.8230000000000001,0.0002882910469903244,0.00020741828346537705,0.00017515277942792284,0.00045284091447761465,0.0001460744170566075,0.00010953464888030506,6.306778053988271e-05,0.0007719004660786677,0.0004853080417646094,0.0006631655838740258,0.00017160733590138033,0.0001311239758481353,0.00019684892238791551,0.0002553407297650745,0.0005302555333769332,0.00010548820692934946,0.00019527901895932676,0.0006998628865755308,0.00011413746514199463,0.0001690559876850184,0.00012235796167081592
0.8240000000000001,0.0002995438931699901,0.00021577840403907977,0.0001825644962051287,0.0004710765830551189,0.00015081924239457312,0.00011368721469429133,6.488422303874142e-05,0.0007978703873741111,0.0005075079745272548,0.0006867507119776572,0.00017831482949315358,0.00013576566824891056,0.00020265410702280384,0.00026613930975827316,0.0005518115306378801,0.00010926433679026015,0.00020235551666991647,0.0007316753958052091,0.00011807313462441904,0.0001761943611281458,0.0001276904359148734
0.8250000000000001,0.0003095070463201288,0.00022397005156027383,0.00018888854227661067,0.0004913086273597989,0.00015185630076397505,0.00011759655812970671,6.694482026214921e-05,0.0008301330525370965,0.0005271291947552825,0.0007034892338052545,0.00018556536217495534,0.00014187811235477632,0.00020868598194867527,0.0002754045037565156,0.0005743119267676011,0.00011181740468413359,0.00020236458258349188,0.0007500746479882636,0.00012256684185041333,0.00018306182248084557,0.00013309335836275693
0.8260000000000001,0.00029843803739971754,0.00021409773854508263,0.0001809370833375512,0.0004621332904349851,0.00015579195434800575,0.00011291323738849002,6.605857122732317e-05,0.0007890542219807228,0.00050065550977485,0.0006913155242347369,0.00017657450456687318,0.0001337483905716752,0.00020481571833164125,0.0002644740445010285,0.0005470865240579936,0.0001107372157418407,0.00020768773831536524,0.0007306501058906845,0.00011815375458157362,0.00017534655387752007,0.00012652906628640714
0.8270000000000001,0.00027435648118188103,0.0001927785278196259,0.00016763593471369465,0.0004215142837545871,0.00014825762905834594,0.00010584617961018061,5.839273044871973e-05,0.000718249154559647,0.0004620395568627478,0.0006419361803474688,0.0001591794379610656,0.00012074985330201571,0.00018227649820601322,0.00024182706224307182,0.0004962761472199206,0.00010436208504760458,0.0002031109392777175,0.0006863958566636352,0.00010529435964945488,0.00015708851168483307,0.00011391869520727127
0.8280000000000001,0.000279113610422671,0.00019356020173832977,0.00017319444254548788,0.00043243761179978524,0.00014923503249586467,0.00010997977949012139,5.57709669570805e-05,0.0007255028882058312,0.00048018042662223426,0.0006482070967653852,0.00016014608511383255,0.00012196011481080404,0.0001750293960091076,0.00024645968209235924,0.0005036895285046583,0.00010702828637199069,0.00021023837916522847,0.0007129361030862036,0.00010360560326228008,0.00015741497582200115,0.00011569560759483455
0.8290000000000001,0.0002733718656306006,0.00019211033698252056,0.00017008546447705442,0.0004341747401288565,0.0001374381510257372,0.00010751172230150097,5.403024555006297e-05,0.00072529503417329,0.00047355317166142274,0.0006249102979450916,0.00015959171085011548,0.00012279642704693394,0.00017128020687373624,0.0002420653298043085,0.0004989359055138642,0.00010158845076491119,0.0001932967350534165,0.0006864351035360539,0.00010230211206974094,0.00015546955872158819,0.0001145666081318053
0.8300000000000001,0.00031970381210110756,0.00023188560272036085,0.0001992133104856686,0.0005230379291584208,0.00014537858197072318,0.00012336970242166068,6.42532683595709e-05,0.000862940430332193,0.0005615174489633779,0.000709085328250203,0.000193340118333718,0.00014879902806719247,0.00020350225879162132,0.00028561086327749674,0.0006004610281957756,0.00011267906324585741,0.00019786429592938415,0.0007804544331091456,0.0001231390898875917,0.0001887249904590771,0.0001388194700631118
0.8310000000000001,0.0003419107754604467,0.00024542162734420003,0.00021516577959723726,0.0005526385988322557,0.00016055708769557864,0.00013303256736219016,6.697900591701167e-05,0.0009032981462158141,0.0006067536176433963,0.0007604245844754498,0.00020405375269560988,0.0001555452182627759,0.00021054215199134418,0.00030577129688125204,0.0006394927957811269,0.00012362111648756002,0.00022137990147641506,0.0008554730215993844,0.00012891721382712884,0.00020082797834597432,0.00014832004677722832
0.8320000000000001,0.000311833819635865,0.00022190178367786917,0.00019266462970068954,0.0004883073220159906,0.00015884579588265613,0.00012019622886205727,6.443665219002526e-05,0.0008165441886729408,0.0005378539012100836,0.0007137045258300834,0.0001833490612979105,0.00013873689088872432,0.0002010810057797574,0.0002777249315926156,0.0005731398538576515,0.00011575588927836833,0.00021724235773890044,0.0007815192097752055,0.00011922443225131918,0.00018167574267613507,0.00013277198953831615
0.833,0.00031256296354736923,0.00022113712928406581,0.0001935421984909924,0.00048583013948155784,0.00016215210085268605,0.00012085071567646821,6.408600996554714e-05,0.0008114684115437809,0.000539690635273149,0.0007186024203283958,0.00018243809182993953,0.00013749896999981637,0.00019972156793068851,0.0002782966928719377,0.0005720416465025968,0.00011735573101656627,0.00022315224110747156,0.0007912032870890373,0.00011844179590059234,0.00018121262521109127,0.00013253686059100378
0.834,0.0003062115010789679,0.00021937015908957136,0.00018836397814891992,0.0004806051228606334,0.0001545721888351892,0.00011693588869343685,6.430128821188763e-05,0.0008052815010809455,0.0005255392009805293,0.0007006786561287726,0.00018112722918695034,0.00013705786531315045,0.000201114231691224,0.0002729767565945451,0.0005640302060756497,0.0001124910938664625,0.00020991323627006508,0.0007613331940761192,0.0001183487620538548,0.00017951172620178646,0.00013067773621966428
0.835,0.0003017982995802304,0.0002118747756785222,0.00018710217172157595,0.0004654155177156172,0.00016011239761026808,0.00011707098850499698,6.141615267518663e-05,0.000777966133008734,0.0005201300093723438,0.0006988814417443479,0.00017459049048729192,0.00013128620105784528,0.00019172950124912713,0.0002682164025210598,0.0005486311279027101,0.00011469817585607611,0.00022221543641565145,0.0007711286602610778,0.00011321251509466279,0.00017344209928038534,0.00012684579344712787
0.836,0.0003089599178716207,0.00022073341312189854,0.00019188932248881407,0.0004886001852797417,0.00015336956478861907,0.00011892720732997741,6.279074569259802e-05,0.0008104892315469181,0.0005368529039653236,0.0007022491741546233,0.0001824433788991664,0.0001382329806214333,0.00019727381219780682,0.0002758874673868261,0.0005700234747809674,0.00011334088767667172,0.00021089621493197708,0.0007751109154022773,0.0001175667060160368,0.00018041323073858528,0.0001321075404121519
0.837,0.0002951085249609797,0.0002120318648433095,0.00018367768114047056,0.000475548207654497,0.00014042383256684943,0.00011379938694267011,5.9162788740074745e-05,0.0007863014629376774,0.0005149300775982857,0.0006641340108000104,0.00017597581506434423,0.0001346673596326342,0.0001879286817382253,0.00026340883204878374,0.0005474500411444261,0.00010594099515071065,0.00019370261737838845,0.0007318455918363664,0.00011244748602268206,0.00017234441487545826,0.00012644935110373012
0.838,0.0002963091424062647,0.0002111117299141707,0.00018549785619847992,0.0004769842462186702,0.0001422382305726888,0.00011555770599702697,5.817380056805099e-05,0.0007871688207897742,0.0005199137049219926,0.0006666691071791631,0.00017557665528289412,0.00013461185388008445,0.0001845357420021676,0.0002639128406228819,0.0005486223941940649,0.00010770710366847513,0.00019794065914380266,0.0007404872403741214,0.00011136685789381318,0.00017159136886391035,0.0001265149298390611
0.839,0.0003280207906567023,0.0002342788129221507,0.00020365125679888685,0.0005161150043072604,0.00016406320865347546,0.0001263716017063654,6.71944797353552e-05,0.0008570051261584943,0.0005710466563899619,0.0007447203068849939,0.00019382474819640283,0.00014631350343208283,0.0002090052188244984,0.0002930608400995016,0.0006073849245250562,0.00012118681322914604,0.00022337305941966257,0.0008230420385979542,0.00012519494421525668,0.00019250690819638816,0.0001410763608411525
0.84,0.00032230195432279005,0.00023050548911707214,0.00020039755413714389,0.0005099860857423755,0.00015929764456112938,0.00012415089456885298,6.565100866240403e-05,0.0008448680808358366,0.0005619893341599624,0.000729764152329615,0.000190854352262404,0.000144473759959185,0.0002050650383702557,0.00028792694111789974,0.0005975192684282149,0.00011838682963527525,0.00021749927448755368,0.0008071436118765041,0.00012287393381416045,0.00018906247634475903,0.0001386233560451977
0.841,0.00031908032418230813,0.00022333461799184384,0.00019708689354147602,0.0004810763159613929,0.00017583000945686766,0.00012325795854684074,6.63746504189211e-05,0.0008095652520033747,0.0005470358553096855,0.0007460823281015827,0.00018332228514084115,0.0001359578987827348,0.00020414501632715076,0.00028394690129396327,0.000578644376371451,0.00012380969169967226,0.00024136908691319015,0.0008221731863797821,0.00012006297437350266,0.00018421554212744162,0.00013431564290444786
0.842,0.00032033583636256746,0.00022254717826608594,0.00019698795974210093,0.0004726187985527597,0.00018408489240007153,0.00012374046756835622,6.758922210514662e-05,0.0008026029005919755,0.0005444447662388274,0.0007592065474054666,0.00018213903384478591,0.0001336904489135371,0.0002064501194032342,0.00028448120703405966,0.0005764418313989328,0.00012690739925935723,0.0002520966978089012,0.0008327381644286369,0.00012021594446920414,0.00018404351151357634,0.00013368963630633335
0.843,0.0003145334130883304,0.00021549715751090215,0.0001942421505041203,0.0004600397202393358,0.0001853597311098909,0.0001230166101494623,6.501785833024076e-05,0.0007808378385827375,0.0005359368832125178,0.0007502049133996103,0.00017650073374453346,0.0001293523136706165,0.00019832923545592962,0.0002783348903662164,0.0005617630848814281,0.00012702231088679294,0.0002567699305596749,0.000828660176737217,0.00011582723898850844,0.00017809465598750407,0.00012986082744936844
0.844,0.0003005063664760499,0.0002019148064236198,0.00018773345662337348,0.00043964948620978106,0.00017962762103529428,0.00011949071145234136,5.918615526856463e-05,0.0007380340897299442,0.0005172408375353488,0.0007186528785736446,0.00016559730269971595,0.00012193838001750557,0.00018171787861720468,0.00026491489020541437,0.0005316476051394625,0.0001236102304114084,0.0002557322559638697,0.0008078137241297467,0.00010700245645833828,0.0001662670587978532,0.00012235550422856623
0.845,0.00029653606740661644,0.00019954391339571664,0.00018359361061104362,0.00042879525823980025,0.00018088352868350643,0.00011714323433198448,6.024313862573738e-05,0.0007279767930452596,0.0005041680232169554,0.0007152419415943356,0.00016350205569004572,0.00011980842173664463,0.00018427439986556937,0.0002608820347768104,0.0005233845159584583,0.00012246694885420517,0.00025447473758766215,0.0007926818247383505,0.0001069254672937392,0.0001645206463540827,0.00012021085353242089
0.846,0.00028525312616962115,0.00019209571610356857,0.00017438824098547911,0.00040519017696960535,0.00017966325628804292,0.00011128417676264934,6.056710137436472e-05,0.0006986830084864115,0.0004752569600857681,0.00069802439123412,0.00015711871010892775,0.00011437769473487958,0.00018505250145461893,0.00024986584750130714,0.0005006624266377102,0.00011859654428880706,0.00024948318220108234,0.0007573187910837609,0.00010452322531728786,0.0001585009168595386,0.00011440965491449351
0.847,0.0003074099152244714,0.00021208325524990634,0.00018881690021210762,0.0004497603485559276,0.00018037796872893974,0.00011902141945585587,6.489529514897008e-05,0.0007666955157346056,0.0005201563572961865,0.0007340873032564144,0.00017360275882927212,0.00012719238099034857,0.000198328617027399,0.0002722094043899892,0.0005502514268665992,0.0001230978132021887,0.00024768169374767,0.000802858452889077,0.00011467357031114123,0.00017526551423252545,0.00012714230836430307
0.848,0.00029326439341622603,0.0001964327455801218,0.00018132581063323716,0.00041870803559074243,0.00018259563205513807,0.00011565815646763511,5.990736194194657e-05,0.000713836794186018,0.0004962939330807048,0.0007132197234523963,0.00016067205283987196,0.00011691756704179657,0.00018302225747846013,0.00025775032056674085,0.000515298291648536,0.00012239635093147516,0.00025684374997714254,0.0007889012858093292,0.00010528751046168239,0.0001620733004060737,0.00011814698817547153
0.849,0.00028047345139407543,0.00018680408671478688,0.00017219611361274367,0.00039484880757700846,0.00017982446481490388,0.00011004484193677389,5.8573014027007986e-05,0.0006794237600065145,0.0004683634338199516,0.0006905378102748383,0.00015269527390082693,0.00011073582742515686,0.00017914076213276786,0.000245327163436837,0.000489233841992065,0.00011828124989243793,0.0002522764197849803,0.000754532329144908,0.0001010301896063881,0.00015407252389054715,0.0001115271138900642
0.85,0.0002616905466729047,0.00017414287836770015,0.00015867633614885523,0.0003640875790467124,0.00017247848836066115,0.00010154964858144488,5.696286324541333e-05,0.000635632488834692,0.00042783789097200486,0.0006523640526685526,0.00014247163714631306,0.00010331254025164327,0.0001745083114630397,0.00022718462805992878,0.0004539140674233444,0.00011090027683280379,0.00023941665561610925,0.0006964382710331618,9.582241824945825e-05,0.0001435314685458433,0.00010257843261041177
0.851,0.0002797891933282559,0.00018898786408605428,0.000169811117587515,0.0003924610726026012,0.00017939007458922518,0.00010793720639701299,6.120692972744202e-05,0.0006836492542751094,0.00046010957494502236,0.0006907227957591022,0.00015433610983173196,0.00011159643747560288,0.00018682910107870043,0.0002445572334024426,0.0004902894366161092,0.00011669376589906744,0.0002464560591843856,0.0007393057729477848,0.0001036413774940792,0.0001561420495116428,0.00011166063315448671
0.852,0.0002901482437559999,0.00019762525697064603,0.00017503206359648082,0.0004038969340730558,0.00018674954105502017,0.00011108158581096816,6.507291549084915e-05,0.0007097510122296979,0.00047380086081205697,0.0007177465282659501,0.000161153838934891,0.00011567455340266708,0.00019749199508400928,0.00025388503029044607,0.0005102371345765411,0.00012072882474223334,0.0002527469593497367,0.0007611592308495174,0.00010901428319198825,0.00016373105202227567,0.00011638527437096702
0.853,0.00032831011202821283,0.0002302107079067417,0.00019941477810725416,0.0004739205780605049,0.00019295034190103255,0.00012475393572330962,7.259810695514624e-05,0.0008182915270248392,0.0005496461238325701,0.0007864357910440933,0.00018772888822382594,0.00013553801628218842,0.00021964459188728025,0.00029230249620049165,0.00059222527236924,0.0001304635029686363,0.0002576396246550816,0.0008476420056143796,0.00012581265441635736,0.00019142448995690398,0.0001375588074343792
0.854,0.00034043571922540703,0.00024276722620253377,0.00020610040406765506,0.0004995793706170648,0.00019178159039401343,0.00012759404794160378,7.648583955255361e-05,0.0008587562177040375,0.000571352311928286,0.0008051520779982502,0.00019796343105626946,0.00014359988254086797,0.00023158551541369032,0.00030497860229294904,0.000621337137519995,0.0001316749860781341,0.0002527455731933248,0.000864596939033957,0.00013326596965834714,0.00020221704231737636,0.00014518021899723177
0.855,0.0003459504212127429,0.0002443861706815653,0.0002094192809655171,0.0004973857761311207,0.00020184398415235005,0.00013083109262368442,7.738392350709056e-05,0.00086235154827774,0.0005795843377853771,0.0008268640672925986,0.00019910334931561025,0.00014273238259521204,0.00023254866136324104,0.00030949596987628336,0.0006276118116533835,0.0001367876350627517,0.00026632108567115065,0.0008899632227625798,0.00013393751576740165,0.0002039502738757637,0.0001465063348944362
0.856,0.0003428928924614549,0.00024302577277779402,0.0002035581973063305,0.0004794729330046543,0.00020963055528167018,0.00012788973059485453,8.121118819670592e-05,0.0008532044723118526,0.0005590872719919426,0.0008344045344349516,0.0001975625394362579,0.0001398537232478736,0.00024231097233040622,0.00030523620961553366,0.0006183517167404062,0.00013699929840771397,0.00027065225572076024,0.0008721458414137073,0.0001359742765012495,0.0002034597044715536,0.0001438266554428802
0.857,0.00035048609368036333,0.00024896856643585874,0.00020772619975717443,0.0004873677638723706,0.0002145988131859733,0.00013044708773413127,8.341139627487948e-05,0.0008702759933265636,0.0005710807020196107,0.0008539265307443422,0.0002021541201111532,0.00014232165275818165,0.00024814013088059195,0.00031266530791551617,0.0006329172757724155,0.0001401554729228982,0.0002760355976990647,0.0008919695580142939,0.00013935992073432768,0.0002087251815915403,0.00014747460185637884
0.858,0.0003506527643592383,0.0002493899402592481,0.00020989237843649367,0.0005032960418075438,0.00020450818946327054,0.0001317140856514909,8.04886591782017e-05,0.0008805180795470324,0.0005833295361148405,0.0008379830841173108,0.00020354191466154248,0.0001457846085597403,0.0002407549318641511,0.000314174108812626,0.0006380976669660976,0.00013724054663688534,0.0002652763959654081,0.0008904028284412169,0.0001385229721195813,0.00020877927652596107,0.00014936004205612363
0.859,0.0003739665556739491,0.0002688468687020995,0.00022271958668562686,0.0005391696604858387,0.0002128428130466764,0.0001394180304338244,8.677127887424252e-05,0.0009436930959834111,0.0006245863884610792,0.0008867649178515569,0.00021949347100269634,0.0001567765424911327,0.000258232777541445,0.00033761917422781007,0.0006865914634568426,0.0001438938974219761,0.00027227027760057254,0.0009415561198417022,0.00015012769359346034,0.00022601283514134263,0.00016194422063564584
0.86,0.000416409309532606,0.0002988317344424507,0.00025066138163154505,0.0006040760450353178,0.00022812229754265445,0.0001582608335786162,9.179032616701832e-05,0.0010470692225639233,0.0007167852583319645,0.0009726852168633338,0.00024511405171190326,0.00017372260661563388,0.000270151093364035,0.00038059819430236175,0.0007740647728232686,0.0001593304224067893,0.0002923584023468706,0.0010632932803424922,0.00016463495016338925,0.0002523945054067056,0.000184241595011847
0.861,0.0004140120159529137,0.00029460837853056976,0.000252266220827968,0.0006002037722253606,0.0002272190053118628,0.00015976349433610704,8.801727725959996e-05,0.0010346114385794136,0.0007203803226969452,0.0009661876984594642,0.00024202451977428652,0.00017105275165141265,0.00025881352605017227,0.00037762923858297714,0.000769210626919814,0.00016066716061169384,0.00029507785436011513,0.001072019978373917,0.0001597912884423458,0.00024830330542779944,0.0001823924606364491
0.862,0.0004085549892758056,0.00029119747021100206,0.00024923721603042903,0.000601561640569348,0.0002204079439002138,0.0001573658429345759,8.675396568125215e-05,0.0010286661977958467,0.0007124457812296425,0.0009463324102668702,0.00023994797918136523,0.00017160885386791058,0.000256507908440895,0.0003719685318044341,0.0007606260441028745,0.0001566606682538163,0.00028610964109843096,0.0010498939481036196,0.00015827975426008223,0.0002453007697752474,0.00018022721800825536
0.863,0.0004070467725069249,0.0002921191765932196,0.0002482249170659978,0.0006080431879187387,0.00021410492050577545,0.00015531892538056535,8.720545867957341e-05,0.0010321763302170162,0.0007099957716337757,0.0009355678024968173,0.00024085559552100566,0.00017382626788153832,0.0002593605865816029,0.0003709104007529884,0.0007612791858579993,0.00015358792639064145,0.000276982262672254,0.001035534622907952,0.0001592755057818751,0.0002460162293888013,0.00018055037591035994
0.864,0.0004200426818301295,0.00030101087820399997,0.00025562431724390766,0.0006239414377970931,0.00022140411965199114,0.00016111577634836394,8.94721671430565e-05,0.0010635448491095323,0.0007357770936962105,0.0009654917519150708,0.00024868921235288166,0.0001784081593020348,0.00026437913747512365,0.00038394179992784494,0.0007870996411887266,0.00015863439712671124,0.0002849978777617057,0.0010716072086689454,0.00016437013080006224,0.0002542032393505478,0.00018714044153878007
0.865,0.0004320545836163425,0.00030970746536818083,0.00026467319204837025,0.0006432850592702488,0.00022428160145693266,0.00016624918152152723,9.043493766380806e-05,0.0010904315818386356,0.0007637794172283829,0.000988012344900313,0.00025594518256610854,0.00018309796300919334,0.00026659005301366,0.0003960826972965181,0.0008136204135663627,0.00016341743687586785,0.0002898009546147273,0.0011084262738346728,0.00016781918072361623,0.0002617809269918059,0.00019365580853791808
0.866,0.0004662618571282695,0.00033402025042816863,0.000288481068596802,0.0006945330822303308,0.00023532283856197989,0.0001813141566511245,9.399650573682639e-05,0.0011697836358054436,0.0008410935486170557,0.0010554921532509587,0.00027705480152162565,0.0001961847831954966,0.00027425997513175204,0.00043038464266398346,0.0008883367601868475,0.00017682314234246377,0.00030456367559961173,0.001209334323450273,0.00017876169257258212,0.0002834812668446318,0.00021201483917743236
0.867,0.0004595897636986479,0.00033075043024299866,0.00028071574722554615,0.0006864297463131663,0.00023235206518945617,0.0001767813161256404,9.562411324559594e-05,0.0011622741112786716,0.0008208153443587385,0.0010423739306330004,0.0002743106898501768,0.0001955048589897812,0.00027992781817687273,0.0004247935768286748,0.0008736802215350004,0.00017158360199776013,0.00029739175312570865,0.001176318938472698,0.00018002357369539812,0.0002809972660942073,0.00020914617059386575
0.868,0.0004977596187205835,0.00036255631005943645,0.0003045621723747338,0.0007568354817891754,0.00023584446416491378,0.0001887892640166644,0.00010347337798710665,0.0012619466208467767,0.0009018724381097964,0.001107821274551446,0.00030102589947178515,0.00021530976215966557,0.0003023521538861873,0.0004654245659582168,0.0009627780876745318,0.0001813114669281246,0.00029917890908115474,0.001264225140118591,0.00019789448225049355,0.00030976662940218613,0.00023222387358068364
0.869,0.0004946632504522375,0.0003645104628876572,0.0002993362147960532,0.0007676643879415135,0.00022616620339932503,0.0001833327616229674,0.00010670062622297749,0.0012701092655698076,0.0008897747348228791,0.001091418491283802,0.0003024076909040607,0.0002200792618146652,0.0003148270664242725,0.00046416323594089537,0.0009600776540429345,0.00017414912253721493,0.00028331159221550717,0.001228428717654273,0.00020247052320898629,0.00031168802723535727,0.00023264896851959982
0.87,0.000501166498935074,0.00037070950454975993,0.00030204908756714666,0.0007882448494099803,0.00022241154737112634,0.00018447834188917156,0.00010871242488907917,0.0012957751111563054,0.0009044602814121117,0.0010963208245305944,0.0003085481099045495,0.00022652096945119382,0.00032174588216427047,0.0004717969432145308,0.0009777184857807653,0.00017278547825672064,0.00027635842365048013,0.0012320807553100055,0.0002075317969857382,0.00031757572799373524,0.00023750543321421347
0.871,0.0005213133293484773,0.0003861776514509918,0.00031162773405146726,0.0008274098819984754,0.00022385361881205323,0.00019079888881168294,0.00011321791330320963,0.0013541172483161334,0.000948339842609891,0.0011305521204104663,0.0003228547428466566,0.00023839865188879372,0.00033430841868542505,0.0004954931529675966,0.0010235605039263795,0.00017544199201746657,0.0002748136206054408,0.0012729055991523852,0.00021921565463745019,0.0003326286731485384,0.00025055067732904224
0.872,0.0004920994653561161,0.00036501303759661763,0.0002885350610118964,0.0007644230000076746,0.00022472144711349618,0.00017797564110388908,0.00011196142351010963,0.001279711228095337,0.0008720555039688493,0.0010908330136726319,0.0003030481925577755,0.00022265542506849645,0.00033075556339023926,0.00046730988207155377,0.0009493886776066329,0.00016596411611602413,0.0002741717862529969,0.0011950337404761369,0.00021082956219353743,0.0003139189864435066,0.0002336840188649214
0.873,0.0005203183559569169,0.0003837490343747696,0.0003068254809809323,0.0008089437110907483,0.00023145751271758108,0.00019054915121918814,0.00011414182745883572,0.001346645837193572,0.0009407578697299135,0.001143688719249858,0.00032003432048777203,0.000234136031083354,0.00033432564165392087,0.0004986248457649056,0.0010126745135257131,0.0001756873161433692,0.0002830045392159253,0.00127839368167193,0.0002208877621698857,0.0003315481681271937,0.00025029115527896995
0.874,0.0005005282779214637,0.0003692660316054752,0.00029404995207804596,0.0007645923061631033,0.00023328616541506975,0.00018284250960665105,0.00011224195509584867,0.001290457603704609,0.0008903557883114255,0.0011166956492228985,0.0003061859986992488,0.00022207830690368358,0.00032870912606830505,0.00047671710940855316,0.0009645232206809684,0.00017212334287475262,0.00028626481204352405,0.0012320544970931824,0.00021235769484817535,0.0003180563402955805,0.00023770714831017337
0.875,0.000510053781875458,0.00037487256811408187,0.0002992230682725694,0.0007604437218469151,0.0002441461208703144,0.00018745635332717558,0.00011362218775567978,0.001300809974895567,0.0009073151873071339,0.0011498359496657784,0.0003094154104903435,0.00022041170952058486,0.00032916071295407967,0.0004882274395723307,0.0009802939087388829,0.0001793324192430612,0.0003018810727194454,0.0012737514520678728,0.00021505634409835217,0.0003234410179370206,0.00024237901811197116
0.876,0.000519147726989816,0.00038101272356316773,0.00030284366977917365,0.0007685878622383235,0.00024827060556764646,0.00019083766702254756,0.00011532019855209352,0.00132151441481132,0.0009263598210061952,0.0011723437567857653,0.000314418640085079,0.00022290283456771753,0.0003323233988564711,0.000500622054937061,0.0009979957330081834,0.00018201759754710167,0.0003066170586720762,0.0013009936210179873,0.0002200059084380701,0.00032969820257477966,0.0002482687707655584
0.877,0.0005398905965161849,0.0003950029655674925,0.00031700619892438553,0.0008057214400363222,0.00024916755716231087,0.00020020508839080353,0.00011597372418037377,0.001372812159692649,0.0009812990159133728,0.0012058508923014077,0.0003275519997819609,0.00023221255071359526,0.00033256843953910487,0.0005240268738599951,0.0010484580241645336,0.00018850711037010637,0.00030882240322815946,0.0013615156018189634,0.00022707351356665573,0.0003428175447498516,0.0002612188263616533
0.878,0.0005266213371689033,0.00038670205251178924,0.00030697115733080427,0.0007891512186640748,0.00024408610953430276,0.00019309860896565834,0.00011589047513949069,0.0013452892075260792,0.0009481970490802238,0.0011787744327599325,0.0003199118921929367,0.00022863678800555398,0.00033416031136479507,0.00051138549895835,0.0010175124237014055,0.00018164068431836267,0.00030047740180594307,0.001316238388987423,0.00022446477245630092,0.0003354351301723124,0.0002544031399023261
0.879,0.0005096123455195333,0.0003726438510511798,0.00030010061638208185,0.0007488818588015089,0.0002486335133926598,0.0001894925830346894,0.00011187236283616286,0.0012919882424903273,0.0009087976103181461,0.0011554965039496379,0.00030818099039231495,0.00021658963810800014,0.00032213259422197993,0.0004863429260015817,0.0009800603841442213,0.0001826386734997687,0.00030889406368372896,0.0012850167194857764,0.0002120306142838757,0.0003214119687927619,0.00024104119552026404
0.88,0.0005019770377763744,0.00036377279556365494,0.0002961411922032253,0.0007286260967599434,0.0002516707602712165,0.0001900962454284283,0.00010817017841546761,0.0012703739285577775,0.0008968345179920512,0.0011459494864169972,0.0003026157948305963,0.00021058175111954291,0.00030991741400443473,0.00047615224752195484,0.000962560258451095,0.0001826408107363786,0.0003131852204460994,0.0012759020539937493,0.00020577926073539476,0.0003134101972417369,0.0002351605448377425
0.881,0.0004721958830709139,0.00034392839011909704,0.00027545203095291626,0.000676889724630092,0.00024804947855039394,0.00017566366062760075,0.00010739777868795652,0.00119479776758169,0.0008200446451432919,0.0010952670060323522,0.0002837227952889876,0.00019764489811024966,0.000309829044719101,0.0004445084391118126,0.0008930884823326046,0.00017293644501226169,0.00030668329982896925,0.0011881862057675496,0.00019655830368026095,0.00029541873800531526,0.00021785052723577447
0.882,0.0004997740636741189,0.00036092182381608495,0.0002970837358502454,0.0007361431344730107,0.0002458507692538747,0.00019089308672137761,0.00010519455936996991,0.0012700877369591357,0.0009018917672545257,0.001131070897758324,0.0003021212421634445,0.00021205585752692713,0.0003022473454934449,0.00047296184998146806,0.000961879204199545,0.00018072572469174375,0.0003059281987444207,0.00127032222806156,0.0002030372407394454,0.00031074781206963387,0.00023431705835419425
0.883,0.0005027835885570264,0.0003663576880664765,0.0002984376030440439,0.0007444310111806018,0.00024314395774316377,0.00018861621877475088,0.00010818253952660228,0.0012764081905748403,0.000902911507068227,0.0011349158527457215,0.00030439613849064795,0.0002146137472717191,0.0003121351770966063,0.00047806234098524136,0.0009695945721862609,0.000180522907799463,0.0003025354703746208,0.0012707812701752141,0.0002067981702031929,0.0003155173490917429,0.00023731005874139122
0.884,0.0005414485637133982,0.0003924759470026462,0.0003219128003612015,0.0008126742942258236,0.0002475321213840642,0.00020514065823329375,0.00011146991641852733,0.0013771051399315004,0.0009999111805025773,0.001200611899703996,0.00032977192929162236,0.00023310805719933825,0.00031881960855684177,0.000521558239530262,0.0010602397751324766,0.00019061056374725105,0.0003070231737293261,0.0013744455519704157,0.00022265324405401632,0.00034073701756132113,0.0002611701557314605
0.885,0.0005477431502402986,0.00039593624141609496,0.00032371088590987807,0.0008169575971701537,0.00025025292441294145,0.0002079308939170188,0.00011214414348303947,0.001391991028637074,0.0010150020535889537,0.0012167287405966398,0.0003331416296560308,0.00023448427931360705,0.00031909912603955704,0.000530915960900491,0.00107298540409273,0.00019221148097536833,0.0003103889845049723,0.001394597236757833,0.00022621255664945217,0.0003446884234773462,0.0002654834133067885
0.886,0.0005681113784753722,0.0004089710399526325,0.00033816315004031594,0.0008484185123530663,0.0002529539103121037,0.00021772564827138297,0.00011235631134154378,0.0014383663025863136,0.001069859121840544,0.0012518027149124311,0.00034605972280876696,0.0002420607315830603,0.0003172990944306786,0.0005522506177350062,0.001124842479104382,0.00020040187349601446,0.00031618384074150185,0.0014578064066443908,0.00023200672262024824,0.0003571420246701873,0.00027755734406287313
0.887,0.0005579300504964413,0.00040185896226518913,0.00032947178400055677,0.0008297065859834696,0.0002517614619870212,0.00021287723621021826,0.0001121182755637884,0.0014153317514817854,0.0010432786467627908,0.0012364762101978455,0.00033918963060008966,0.00023761322590465372,0.000317103593588719,0.0005437699514048155,0.0010980332419149308,0.00019570770384724767,0.0003134295102131812,0.0014278722357496942,0.0002299817889417355,0.00035084570495325096,0.0002721735083578425
0.888,0.0005804547358011947,0.00041714144958671096,0.0003476289408678168,0.0008613483093610208,0.00025503067576992944,0.00022387505521348494,0.00011204880135196049,0.001460580081198981,0.0011037182339010965,0.0012756724888046689,0.00035360259022010343,0.0002443507684459778,0.0003140950369453499,0.0005648732393124245,0.0011591134278329251,0.00020741407133095802,0.0003226843857584427,0.0015020078648981805,0.00023437327807063202,0.00036476313601840893,0.00028477288113482047
0.889,0.0005589929539752403,0.0004018323197191309,0.00033236789990442883,0.0008296105327443293,0.0002520905335063883,0.00021485590370984298,0.00011059718828376752,0.0014149151225748557,0.0010497528595997396,0.001237459687969511,0.00033999876715218313,0.00023683520745709785,0.00031202651283290805,0.0005425933990191867,0.0011040164744154923,0.0001981719574091212,0.0003157316213471262,0.0014367688208064555,0.00022774690956472998,0.0003504857783691584,0.0002720015831193523
0.89,0.0005458814633480302,0.00039309789819097496,0.00032700588257128516,0.0008094746951926579,0.0002500270453135167,0.00021023568396527637,0.00010850878234458516,0.001380223201051689,0.0010190242636575197,0.0012118092989312768,0.0003320477959456447,0.0002309084319175314,0.0003073402309383688,0.0005249000470869403,0.0010757816361034456,0.00019596181950543023,0.0003136945058925811,0.0014029960793814356,0.00022015611430103998,0.00034137837952519234,0.00026305747514421274
0.891,0.00054953734704557,0.00039400496475139324,0.000329735814153298,0.0008232017350193743,0.00024874836072052986,0.00021297533675046498,0.00010758184302483986,0.0013957296546005526,0.0010336437569269386,0.0012118600859239992,0.0003354500183340159,0.00023492570640160082,0.00030485226385212894,0.0005276931542607111,0.0010859321961129709,0.0001954759387292615,0.0003104310139154798,0.0014093696809951428,0.00022116505294478284,0.0003427797888316819,0.00026519057466223295
0.892,0.0005529290374345463,0.00039425563444850376,0.0003293860090649581,0.0008262482122322057,0.0002502753472364283,0.00021543807248436408,0.00010725029152158783,0.001408174365363113,0.0010447257396555276,0.00122014931789316,0.00033758629953217767,0.00023625912122271497,0.00030266886836638474,0.0005331949667271019,0.0010924298292409595,0.0001949998367224426,0.00031146823778649413,0.001418951269940183,0.00022351968058709204,0.00034404456136616357,0.00026755508729936484
0.893,0.0005647622044169687,0.0004063830734281071,0.0003361425704869747,0.0008502397223882907,0.0002469622079217526,0.00021582195247016323,0.00011128733995169338,0.0014327785045217256,0.0010684051419808105,0.0012378476461384347,0.00034482244138867024,0.00024270698202666363,0.000314798381296888,0.0005505637161504762,0.0011221182499266957,0.00019742344596940242,0.00030747002356923403,0.0014451950765126398,0.0002314925537554302,0.00035553274955080205,0.0002772523089045187
0.894,0.0005633901111301188,0.0004065999280137289,0.0003340420081856532,0.0008498737570948878,0.0002442380143391487,0.00021355722963889434,0.0001121711616532961,0.0014296052078424104,0.0010638992206182252,0.0012341627389426124,0.00034368989277555606,0.000242813752574067,0.00031776211191480996,0.0005521525576673847,0.0011188181134274,0.00019559632662569104,0.00030364859505482844,0.0014383108484739004,0.00023296860432453492,0.00035601595500256433,0.00027787619843278044
0.895,0.0005619931758852559,0.0004073443414756017,0.00033668956385601856,0.0008397696135947763,0.00024671173481471964,0.00021319749505477326,0.00011202409292976334,0.0014151815038636606,0.0010569743908395157,0.0012357011590137246,0.00034249466429836506,0.00023889708727053982,0.0003170155006306796,0.0005465615587775252,0.0011184945909646915,0.00019999221835020897,0.00031020870174991444,0.0014427676714062754,0.0002290993669814556,0.0003552952182158675,0.00027544304361704075
0.896,0.0005557387957886905,0.00040085761675812126,0.00032922006635860424,0.0008251421931709801,0.0002473323271963146,0.0002115191486521395,0.0001109937149327278,0.0014048924995386791,0.0010432569782982126,0.001228960075015717,0.0003380342890647592,0.00023569163085734868,0.0003133320746528945,0.0005427674933919935,0.0011001694106886895,0.00019602846836519472,0.0003099943159836638,0.0014257200584204544,0.00022845703284612995,0.00035023074732964954,0.0002721757742515374
0.897,0.0005191717380289395,0.0003775742662820436,0.00030162011602197225,0.0007581994185018592,0.00024409971597416646,0.00019330814538831564,0.0001109823384566333,0.001315560970933105,0.0009434726260967308,0.0011728111736666325,0.0003136374946012266,0.00021904191005162055,0.0003158893951139552,0.0005077564940879631,0.0010063201352707996,0.00018233099581699275,0.0003034115089407541,0.0013185853660275804,0.00021895168016961009,0.0003285281419116437,0.0002513528672651866
0.898,0.0005468048647578716,0.0003950827155574377,0.0003233413571108734,0.000804473925882232,0.0002462158691322047,0.0002078213379557159,0.0001099416343851578,0.0013790683509234958,0.0010210548497174843,0.0012168671209085158,0.0003316564533263344,0.00022971102442947977,0.0003101820905970776,0.0005343790836384033,0.0010794833820616523,0.00019424204056261996,0.00031011679545378534,0.001406123242731927,0.0002247130765490324,0.0003445335595009258,0.00026708938473307686
0.899,0.0005688359067021476,0.0004084484276546396,0.000341230015719729,0.0008500158224284959,0.00024588619935017597,0.0002192015678312842,0.00010904622478991044,0.0014339892214573213,0.0010861972243519924,0.0012446875470129015,0.00034738600251615903,0.00024115212482278547,0.00030633554108849825,0.000554035514251594,0.0011402922960143114,0.00020223222908710703,0.00031066967745041474,0.0014690614583589001,0.00022969032298481018,0.00035738863730572223,0.00027977207956619843
0.9,0.0005832449478340662,0.0004174683037342364,0.00035014685301026915,0.0008906875681626847,0.00024177769547317762,0.0002241736147562401,0.00011019314776417044,0.0014774669649496586,0.0011287951185977585,0.0012564044783093253,0.000358007397532889,0.0002528905860743613,0.00031006177745629415,0.0005710473654043646,0.00117848293180578,0.00020288071343566028,0.0003018776796784861,0.0014975844566270657,0.000237228940276224,0.0003674334890455544,0.0002902898745871241
0.901,0.0005439464435822161,0.0003887221741184499,0.0003210760688849845,0.0008119140572827588,0.00024239641642798126,0.00020955230709662764,0.00010652726693094472,0.001385001316197454,0.0010273676191993042,0.001201519800849149,0.00033145186029359675,0.00023249960416749094,0.00030073558250520716,0.000530866481493919,0.0010747207823771365,0.0001895625070452711,0.00030178955822368625,0.001394245623723478,0.0002232681595334407,0.0003400044246478773,0.0002657072606455646
0.902,0.0005315769514392055,0.00038403203939085806,0.00031321241327941785,0.0008023951531002105,0.00023461859721873868,0.00020046722084909874,0.00010804091145810713,0.0013560983863347698,0.000992530117738366,0.001172417798368297,0.0003239517609600062,0.00023037229257050207,0.00030838627133644714,0.0005202379742522689,0.001046052520203955,0.00018309328819565707,0.0002898717563756259,0.0013487099304747563,0.00022156579264798193,0.00033516611153261433,0.0002603186924964307
0.903,0.0005315533136140305,0.0003807417758786569,0.0003130585630788385,0.0007976585816558135,0.00023827074438442786,0.00020355311801301124,0.0001058467159086307,0.0013574338227719807,0.0009976867478611595,0.0011753350187664324,0.00032417369970472176,0.00022915625392128103,0.0003006389955294564,0.0005181826627684849,0.0010454610347518933,0.0001837866437601754,0.00029390688025654477,0.0013548623010480876,0.00021962334341496526,0.00033263879640565985,0.00025905057240038776
0.904,0.0005236131395530308,0.0003763508346821265,0.0003100557594037934,0.0007845501396692711,0.00023742790153535864,0.00020018718625958165,0.0001052248208557316,0.0013350475722815336,0.000976605580802814,0.0011605635742151232,0.0003193597512167745,0.0002252686587546071,0.0002997898096457341,0.0005069525215848358,0.0010283659585460514,0.0001830351170122313,0.0002936591861176785,0.0013336117488618182,0.00021507027633127507,0.0003276474766967796,0.0002534889165874965
0.905,0.0005353474981385775,0.00038042991222531075,0.00031537700531936164,0.0008025002052918229,0.00023992404118822197,0.00020769735320846916,0.00010399649209325013,0.0013691624023790538,0.0010138748558494726,0.0011817130968776457,0.0003270844060004885,0.00023045879845695616,0.0002938953254288945,0.0005211429369454956,0.0010559990987710766,0.00018499642115465953,0.0002957209805263261,0.0013695051122710744,0.0002196145290609408,0.0003330922175927009,0.00026076477213032856
0.906,0.0005361777425661907,0.0003823017324361411,0.00031607004539535577,0.000794355509031619,0.00024164088921663218,0.0002073850931729737,0.00010465090459843562,0.0013636529095695238,0.001011980616013819,0.0011892882202350075,0.0003265027378350771,0.00022759040350273096,0.0002946424008497539,0.0005227021105087548,0.001058565307859638,0.00018793638257930123,0.00030143332999921224,0.0013779145996800635,0.00021944868413203977,0.0003343306148620995,0.00026116235984563474
0.907,0.0005049900156524845,0.00035769764892079614,0.0002895299407630336,0.0007311193604349064,0.00024275127436323984,0.00019527561515542136,0.00010224447112794355,0.001291466027402599,0.0009344038730390025,0.0011461241464717498,0.00030553469739080796,0.00021228339505374727,0.00028752943689547283,0.0004943929702089234,0.0009755054423109533,0.00017478185819486125,0.0002983849370453706,0.001293123813894903,0.00021134010289758365,0.00031306093038507843,0.0002432503710932954
0.908,0.000507544909297053,0.00036256105641629954,0.0002911924632852392,0.0007369603403020175,0.0002390068215272212,0.00019321772607039378,0.00010418793624900058,0.001293973733787479,0.0009369350110451924,0.0011488949465390252,0.0003064297975561292,0.00021350532639341502,0.00029384096099005497,0.0005007319182160908,0.0009827558981209128,0.0001753096124839093,0.00029540572062558557,0.0012978957099242239,0.00021418074596890602,0.00031732204789247653,0.00024659041254748715
0.909,0.0004940616008901222,0.00035364101677048954,0.0002818726926666626,0.0007096237935431127,0.00023991416701896195,0.00018724152755056345,0.00010390605456911395,0.0012585869396823934,0.0009001852896481921,0.0011294225457681994,0.0002977238030088536,0.00020652585505076537,0.00029348503893034117,0.0004856413792316827,0.0009491786557690451,0.00017167454657773806,0.00029563632048656974,0.0012604891710200627,0.00020945788866821857,0.0003089461080653111,0.00023807922377616642
0.91,0.0005079461316378709,0.00036448171850311795,0.000291849795286625,0.0007344363371833973,0.0002377367675612252,0.00019219944229942332,0.00010478261788882115,0.001290440924799019,0.0009359487229818608,0.0011507854745311796,0.0003060764644695624,0.00021227432846071537,0.000295341242116276,0.000502476113105943,0.000985479426615088,0.00017662190093470365,0.00029628755574195864,0.0013011047042263968,0.0002144178441318978,0.00031875098539368985,0.000247430266526516
0.911,0.0005211829320796834,0.0003721319762552966,0.0003052994940413445,0.0007650193994643839,0.00023822780118665232,0.00020084843098677752,0.00010311749562597061,0.0013251959278153258,0.0009762990873833921,0.0011650195203352087,0.0003165876476847185,0.0002196253168760265,0.00029054249372284513,0.0005089126694637347,0.001024477499031451,0.00018303169219135995,0.00029802188875138746,0.001338887232835706,0.0002143837039103591,0.0003249583211424323,0.0002530710428892968
0.912,0.0005267996369856754,0.0003762955915248556,0.00031218548474687413,0.0007750741744255718,0.00023802588007904024,0.0002042565719324596,0.00010232227533690796,0.0013356971712442656,0.0009929924828441239,0.0011716890701505278,0.0003208546144563007,0.0002214254275020311,0.00028794064863979507,0.0005112091894039494,0.001043317735376692,0.00018740178741472047,0.0003002526270666772,0.0013581278988780143,0.00021344993644156762,0.00032804430874955326,0.00025542986349957886
0.913,0.0005194395485792203,0.00037188074158656104,0.0003107433426325912,0.0007745937779963796,0.00023424215776746138,0.00020122702786662394,0.00010119990391599387,0.0013204745224458803,0.0009773715269257854,0.0011493997772240583,0.00031743053746302596,0.00022135683621471447,0.0002869934089034798,0.0004999237868108519,0.0010281362031635544,0.0001847539247192831,0.00029305461333561933,0.0013329606159564467,0.00020918539624037447,0.00032318316646873235,0.0002506797039469877
0.914,0.0005087377545518301,0.0003632076582017474,0.00029887283974450174,0.0007433109607346555,0.00023673834032778007,0.00019683763072964044,0.00010096751626442746,0.0012935933357975937,0.0009480627984082002,0.0011421952527675971,0.00030917852484457775,0.00021352483474001982,0.0002848217766658889,0.0004929738240465609,0.0009978282623288592,0.0001804947082674202,0.00029653087488612506,0.0013068930421146208,0.0002077468084331624,0.0003161458444278509,0.0002448302573053729
0.915,0.0004976448916364506,0.0003584403433715133,0.0002900081738792526,0.0007347779067471416,0.00023068704735373924,0.00018795430670359714,0.00010308575524431429,0.0012688977992199035,0.0009157885942076005,0.0011175047511019498,0.0003020662871991986,0.00021221992702369352,0.00029398042955042225,0.00048561561196580616,0.0009686914541858771,0.0001730675196538467,0.0002850877487091674,0.0012641820178923568,0.00020806492719338543,0.0003121070625882183,0.00024067016893802862
0.916,0.0004958080842685786,0.00035838259845522025,0.0002887872338510622,0.0007300678137368566,0.00022973261729952732,0.0001860954171710727,0.000103663575783286,0.0012618345960966337,0.0009090864043930225,0.001115173139298209,0.00030049544739751965,0.00021079053046180185,0.00029578167741117767,0.00048469299887510253,0.00096476376490362,0.00017292386565115336,0.0002849149353574276,0.0012591839207762856,0.00020788198501908717,0.00031187457655268425,0.0002400345868808218
0.917,0.00048599529472216906,0.00034957589175699244,0.00028248214559745133,0.0007100937441881783,0.0002319552236399458,0.00018411977749122066,0.00010162552778592016,0.0012385195979879304,0.0008871853552485653,0.0011005079201535928,0.0002947233017206452,0.00020571144035597122,0.0002896077099822092,0.0004714901141630312,0.0009409939181007632,0.000170568963624107,0.0002863341827946675,0.001234965743783789,0.00020273938832415794,0.0003038359784228728,0.00023286996932136983
0.918,0.00045335055821514315,0.0003277263313976597,0.0002592218943885394,0.0006584466676545775,0.00022779841361864062,0.0001684681803032495,0.00010087009179549078,0.0011606689066397946,0.0008037801041831383,0.0010421889133096496,0.0002747143050255696,0.0001933142038886837,0.00029038555781979447,0.0004372132225304304,0.0008614764702121747,0.00015758120601994108,0.00027612401374743634,0.0011351406043186296,0.00019350926094197085,0.00028426811644355343,0.00021411470006393873
0.919,0.0004527974895846054,0.00032667164281818817,0.0002575300845422124,0.0006589146444022642,0.00022616319991231038,0.0001680977196816258,0.00010058851711813865,0.001161407471627296,0.000805124397687873,0.0010400826460990054,0.0002743786300762885,0.00019372548324414485,0.0002894828773634117,0.00043911022049947235,0.0008596594918024447,0.000155574505744549,0.00027299565122240743,0.001133014291933132,0.00019458425731866402,0.00028403985450542457,0.00021480420409325518
0.92,0.00044736881517186134,0.0003187776199466974,0.0002534437033020476,0.0006534291770040612,0.00022670225014154166,0.00016917099406799085,9.744806158662467e-05,0.0011538729341292742,0.0008015495227424729,0.0010276797038882846,0.0002721877716670429,0.00019283092514688072,0.00028018421518327674,0.0004317971120781916,0.0008466695971633964,0.0001518680716081633,0.0002692189381887644,0.0011201256297777018,0.0001914518718761915,0.0002778692249920667,0.0002110989789465556
0.921,0.0004482459866173349,0.0003210685140400127,0.00025420184772206866,0.0006546204898399965,0.00022488182031521475,0.0001680133779942139,9.840604211286408e-05,0.001154044377727037,0.0008012330330740003,0.0010289206344601398,0.0002722697671453389,0.00019288840637887716,0.00028318099355917337,0.00043418725762367494,0.0008497166188585759,0.00015250031059010904,0.0002687644787189303,0.001121584911181417,0.0001924699290205556,0.0002796709521455387,0.00021229596983896037
0.922,0.0004388874119146846,0.0003138188453143398,0.0002475021626553442,0.0006403207711442871,0.00022340558823441548,0.0001642700663297969,9.737804970932906e-05,0.0011321976244341725,0.0007806198310740253,0.0010111561144017234,0.00026683873542354686,0.00018948813833952194,0.00028080788582240945,0.00042436989638727773,0.0008277607002353804,0.00014836956328179163,0.0002648138791305765,0.0010945253027957458,0.0001895127629004678,0.0002735498564609973,0.0002070424642185431
0.923,0.00044715620618971383,0.0003221499198661215,0.0002567438846891035,0.0006507904065488068,0.00022584519836521544,0.0001676390360692004,9.84657789583343e-05,0.0011466732460228002,0.000794856187099402,0.0010269113761922632,0.0002718030639701219,0.00019105896351967466,0.0002835765630836429,0.0004282239753017336,0.0008511329556941671,0.00015611392940051427,0.0002730154621792824,0.0011197702702907542,0.0001892106444376651,0.00027909040846663125,0.0002100528536388424
0.924,0.00045334832373041255,0.00032183574098509915,0.00025980619945664696,0.0006556417221526001,0.00023051329202539161,0.0001746320184252692,9.56989050563406e-05,0.0011646459969856249,0.0008188290544230981,0.0010412582782971525,0.00027580817129257973,0.00019233459876033532,0.0002727738371484101,0.0004341937823967301,0.0008645639861968313,0.00015817778134330496,0.0002777790383243772,0.0011464354738359717,0.00018947214127862377,0.00027974930764496087,0.00021281714857890321
0.925,0.00044648128574859556,0.0003204988676401843,0.0002538779898508814,0.0006364372962280873,0.00023057287524286263,0.00016798787370619905,9.851261441973236e-05,0.001140437198483335,0.0007912773965343955,0.0010357966231305804,0.00027018505207454524,0.00018736152408616036,0.0002813195200846996,0.0004295871993055256,0.0008468105158327965,0.00015710191387874328,0.0002796127175387353,0.0011248219799027126,0.0001895683741685028,0.00027832075864508976,0.00020953742421814248
0.926,0.00044482595045023385,0.0003142789628087783,0.0002531991794239019,0.0006296370828990927,0.0002341148100154511,0.0001729921075789287,9.40042549906206e-05,0.001139775871114579,0.0007988068243607316,0.0010337294492352989,0.0002699049018187738,0.00018531110315700428,0.0002658087949557464,0.000424351636361453,0.0008446313134006234,0.0001576422104377917,0.0002829401517154828,0.0011303293477668008,0.00018513495514860256,0.0002730545280559271,0.00020687152375908902
0.927,0.00044366630269040974,0.00031097012266378954,0.00025191048570183394,0.0006327933163008392,0.00023329552417150623,0.00017418236037758383,9.23400783264805e-05,0.0011418462978989297,0.0008028879133630262,0.0010279564865937063,0.00026997320379573697,0.00018655276659984565,0.00026114117992326324,0.0004231707871988899,0.0008413032884925231,0.0001550127176296323,0.0002789766496869017,0.0011271279533541234,0.0001845907126357682,0.00027089238716615505,0.00020640182192765977
0.928,0.00044094871690795735,0.0003087039658427049,0.00024863639668792903,0.0006224995625018215,0.00023497083832613175,0.00017298008313604285,9.252370677670374e-05,0.0011333919963337769,0.0007946966548311174,0.001027731827233036,0.00026777470953365246,0.00018402550557505837,0.00026082799802684686,0.0004214077812295658,0.0008336683298887371,0.00015437611640878313,0.0002811310155311775,0.001121229997630535,0.00018435583710463277,0.0002692140053677239,0.00020482801019316987
0.929,0.0004313652845559568,0.0002972253743539488,0.0002383370764122983,0.0006062816690646233,0.0002364752931592884,0.00017071674298252404,9.059562699043067e-05,0.001113917288330546,0.0007790252583741442,0.0010129003958987415,0.0002622144759979461,0.00018123023956506668,0.00025481494438306385,0.0004141411396326733,0.0008059318597725129,0.00014683933580694752,0.00027600215177425724,0.0010961849874384644,0.00018314053303403188,0.00026132338828255275,0.00020000790986507422
0.93,0.00041628695532039406,0.00028404686461636075,0.00022787168772930855,0.0005870723247887177,0.00023439362621124893,0.00016565355350772748,8.806142469475198e-05,0.0010794515707668317,0.00074995646650311,0.0009818820478111334,0.0002540012683631687,0.00017698744967453717,0.000248794196081481,0.00039779139990236967,0.0007698237981178524,0.00013905004704961588,0.0002669342310137601,0.0010537868426740982,0.00017793957506495595,0.0002506439424980744,0.0001915967893387771
0.931,0.00041716071672865394,0.0002866623460268114,0.00022924487016262596,0.0005851704706621996,0.00023503956808068605,0.0001651679727531219,8.908766692516945e-05,0.0010789747000214955,0.0007470355016576669,0.0009852293318222127,0.00025414688390579254,0.00017603806684629575,0.00025149784969780153,0.0003977094765779121,0.0007731587116110994,0.00014150589394601454,0.0002705140664711614,0.0010555175380841941,0.00017776087738108348,0.0002521011649968541,0.0001916513769428807
0.932,0.00041177505658232527,0.00028506228728975014,0.00022418665060264242,0.0005714341521492194,0.00023358623301561465,0.00015961597314195775,9.097662491575065e-05,0.0010603078426038026,0.0007279304674994158,0.0009795668546075387,0.00024969232851790313,0.00017274411022860647,0.0002573379138939291,0.00039590179045989604,0.0007590988948934507,0.00013951466703832072,0.0002695544243542791,0.0010392227207578486,0.00017871498534871577,0.000251132698876666,0.00018991951145119756
0.933,0.00041243048247191494,0.00028588347523772484,0.00022509290003769333,0.0005781880727530053,0.00022866722650105586,0.00015911741356100517,9.04862868199574e-05,0.0010636053567261161,0.0007333259351647303,0.0009755332742089617,0.00025005142289780125,0.0001742940434409368,0.00025677842644178384,0.00039902567756222584,0.0007625734963305764,0.0001382339793205567,0.00026409824440809526,0.0010404155475142174,0.00017953349504795657,0.00025203827707487303,0.00019166709838902563
0.934,0.0004084265763980244,0.0002878461785726927,0.00022345372517518225,0.0005610365057656663,0.00023400620535829475,0.00015476545635817462,9.405833067344105e-05,0.0010452943982841578,0.0007067020785637146,0.0009765469903004753,0.0002472155106659768,0.00016955328764134414,0.00026708865652058655,0.00039021596466704,0.0007534513266855836,0.00014207142943745144,0.0002738791403853469,0.0010242365892918492,0.00017770905851577368,0.0002520971703013908,0.00018730352479634504
0.935,0.00041505048691669043,0.00028733231980271334,0.00022778560085734423,0.0005749689464460417,0.00023491155395483077,0.00016256909098855132,9.025689259423153e-05,0.0010683560811417525,0.0007365854895671209,0.0009852930050651132,0.0002520254305189429,0.0001730102222805563,0.0002543429871476599,0.00039642726299693454,0.000769924916139586,0.00014289230474096026,0.00027344508557014535,0.001050453384616623,0.00017750073591504822,0.00025226907092390505,0.00019065935706574777
0.936,0.0004072240496079349,0.0002854990052151285,0.00022292790324118794,0.0005625722695099533,0.00023172549750383187,0.0001554448445361123,9.234222687815041e-05,0.0010444352786247446,0.0007102383932500178,0.0009708863493473885,0.0002467771980050326,0.00016985157992710498,0.0002622114455790303,0.00038965342462393693,0.0007519824676595066,0.0001405068426773015,0.00026999184630027706,0.0010232287428220133,0.0001767236087075741,0.00025035814043739,0.00018712392731301541
0.937,0.0004229296996826337,0.00029361777011094325,0.0002340537865905823,0.0005887417658652083,0.00023310908466500635,0.00016580561720336284,9.034250648864983e-05,0.0010876059659508108,0.0007568529042381034,0.0009974888692909634,0.00025667843967125403,0.00017593903690127366,0.0002542189655128091,0.0004053697059180905,0.0007913091306810394,0.00014630715687680151,0.00027460927507449995,0.0010740068829728777,0.00017956162949051002,0.00025741115279642734,0.00019556434735346073
0.9380000000000001,0.00042431944867621916,0.00029739920769655814,0.00023673676338553662,0.0005963595929223686,0.00022924835672288868,0.0001641798353971824,9.155012773331972e-05,0.001089959525158113,0.000757331031594477,0.0009954264748578412,0.00025757820709237933,0.00017754313680240497,0.000259336463656612,0.0004071427979088771,0.0007969178491100681,0.0001470198626282171,0.0002713965715538391,0.0010737964613418693,0.00018032399263689936,0.00026006095063046963,0.00019708176469446226
0.9390000000000001,0.00044041257147703903,0.0003036073159492503,0.00024897480369800995,0.000628093538781016,0.00022922505941225246,0.00017661971915838848,8.752999728045552e-05,0.0011376130033868836,0.0008128957286587246,0.0010175933686678018,0.00026886107595103237,0.0001851321724903876,0.0002455761596270589,0.00042164949823508824,0.0008394827209536881,0.00015191971976824536,0.00027315866969257474,0.0011269492449142993,0.00018194541746041626,0.0002658762313378915,0.00020554798411731579
0.9400000000000001,0.00043577500983962847,0.00029409438993421855,0.00024258503446727975,0.0006199466381807683,0.00023111059698222025,0.00017823336327016381,8.439935299175971e-05,0.0011317226361260424,0.0008135271017472023,0.001010764911938411,0.0002664216196596181,0.00018398601258484693,0.00023519670948335403,0.0004184580041759478,0.0008252286921482943,0.00014669111889964448,0.00027053306556179546,0.0011192096043025623,0.00018083140276170528,0.00025959407204712015,0.00020296586952961437
0.9410000000000001,0.00044799383788519665,0.00030264739259777684,0.00025083732101260914,0.0006427140989169189,0.0002289119080088886,0.00018273438798377395,8.498977983339984e-05,0.0011627888105030237,0.0008455964543365724,0.0010299152364228181,0.00027376124940758917,0.00018966640555939662,0.0002367061208792265,0.0004335003072006849,0.0008563166183681581,0.00015019332590482382,0.00027085308677621267,0.00115357811999528,0.00018563396947968158,0.00026754653484117874,0.00021098562967591938
0.9420000000000001,0.00044811398044855013,0.00030396922908160207,0.0002518048756551261,0.0006461433051963006,0.00022683591002614634,0.00018181419507246055,8.53695789237996e-05,0.0011626269735995898,0.0008452680460592221,0.0010273357385794935,0.0002739397229241103,0.00019041667925945305,0.00023864764583259035,0.0004339479943812341,0.0008578176261045956,0.00015013918002826365,0.00026825869560509474,0.001152089081971286,0.00018581506546000437,0.0002684785114220878,0.0002115615537885418
0.9430000000000001,0.0004303994776085507,0.0002870584534938603,0.0002386689833446809,0.000618710045209192,0.00022750494287626655,0.00017742772414874874,8.173877207406921e-05,0.0011226831848096808,0.0008114818625228892,0.000995290276046834,0.0002639208027775952,0.00018415203686195092,0.00022840687056768783,0.00041429618962296466,0.000813161382730021,0.00014152419181379106,0.0002616193102156217,0.0011058152954244171,0.00017904422067527292,0.0002546335134876454,0.00020085149346782405
0.9440000000000001,0.0004628777029329678,0.00031286633322524793,0.0002628115181404489,0.0006756138932001443,0.00022410751055113032,0.00018930998438981828,8.441849798968004e-05,0.0012033566087911174,0.0008890141910820049,0.0010474289973663176,0.0002837391567467318,0.00019762686821866993,0.00023525340838059794,0.00044935119713707117,0.0008981004433198381,0.00015476155584559503,0.00026868950128156044,0.0011943672629481927,0.00018968521193574173,0.0002766487727819955,0.00022040314532745242
0.9450000000000001,0.0004627482358489143,0.0003112620442590197,0.00026178219786499035,0.0006723644717990807,0.00022445549788729924,0.00019013600340278547,8.360405150020789e-05,0.001203394553749071,0.0008914720818098409,0.0010488725731165882,0.0002834326129377285,0.00019677095551651202,0.00023194928346081944,0.0004498601236129218,0.0008982969590322076,0.000154648464388063,0.00027031390609311146,0.0011968183077591954,0.00018958674222857574,0.00027567228185743087,0.00022027160470283746
0.9460000000000001,0.0004673401879138728,0.0003121608717810975,0.0002637834472380973,0.0006779137766137477,0.00022421589705123868,0.0001932550043568515,8.258969317909148e-05,0.0012161211171084485,0.0009080007428281522,0.0010574051573776222,0.00028614531662363163,0.00019817604635241626,0.0002277675013580005,0.00045567308281779795,0.0009110976924958658,0.0001558073382933456,0.00027240759047886254,0.0012128950111574,0.00019109121065896684,0.00027725258907973505,0.00022304467142708617
0.9470000000000001,0.0004822950622209332,0.0003212412206126114,0.00027430748285184325,0.0007036135346680794,0.00022286591834042024,0.00020036054560712557,8.231296604443994e-05,0.0012546031833301496,0.0009502130070974113,0.0010803063183516537,0.0002959476510897563,0.00020440699216661695,0.00022584361411592813,0.0004705657519139539,0.0009530773330248543,0.00016149580492974547,0.0002764600370729342,0.0012555836263978826,0.00019528664642998184,0.0002858088055788244,0.00023160080479445178
0.9480000000000001,0.0004795155000982987,0.0003183623252114298,0.000274648492444185,0.0007002753850684496,0.00022360018053002584,0.0002019321480327685,8.049465444959214e-05,0.0012523125275101243,0.0009466887347777675,0.001072627372562751,0.00029602140415607714,0.00020320424889341826,0.00022051633321673592,0.000461258757280425,0.0009502278333758385,0.0001620330244835877,0.00027861709431631354,0.001246733260058086,0.0001909277950623567,0.0002821951006143353,0.00022763332992170593
0.9490000000000001,0.0004968454637522268,0.00033242485465889704,0.00028678124886183376,0.0007287852181145915,0.0002210050148905296,0.00020658084522362508,8.28083773456445e-05,0.0012892318488502141,0.0009879583933877223,0.001100492022496402,0.00030636132972972074,0.00020995552075342427,0.0002267374819991952,0.0004815087227323378,0.000998419770322334,0.00016926736725042524,0.00028199645373916393,0.0012943342241871214,0.00019794925229033034,0.0002952543529972651,0.00023905697521375835
0.9500000000000001,0.0004909597502135765,0.0003264935357202292,0.0002829943284186065,0.0007203515741299737,0.00022096128954829375,0.00020597082118811727,8.101433299212424e-05,0.0012790682031850187,0.0009776024309929854,0.0010891271751213294,0.0003033636830569453,0.00020796271558898294,0.0002216197964336475,0.00047355005444571496,0.0009841746127334794,0.00016664966688773042,0.00028052311256454576,0.0012783150316111325,0.00019476626461201185,0.0002898731183129666,0.00023481325672769504
0.9510000000000001,0.00047835498476466175,0.0003149948611070874,0.00027347116422948847,0.0007006160156589614,0.00022156686561802807,0.0002027526336272345,7.869295146600841e-05,0.0012527371814171628,0.0009513763363578898,0.0010677369009779447,0.0002957177035565195,0.0002034613520189854,0.00021513264952111033,0.0004603807682169725,0.0009497697858484866,0.00016034263624953304,0.000276155884286422,0.0012449157639892183,0.00019014792873894848,0.00027995968208283095,0.00022717063032440254
0.9520000000000001,0.00044866939741954325,0.000292719163377142,0.0002486100676615255,0.0006462051578199901,0.00022112828735654233,0.00018854847173621625,7.753788003117545e-05,0.0011731012080612446,0.0008781862438714816,0.00102388538316589,0.0002744366716599389,0.00019059339907900874,0.00021238553158742235,0.00043915446398057334,0.0008670452391251748,0.00014620787036223604,0.0002646268078777547,0.0011691896134931046,0.000184771223309399,0.0002619689073045661,0.00021308635753047867
0.9530000000000001,0.0004211025460355289,0.0002692051398911488,0.00023003922745645777,0.0006063703141889754,0.00022258297487109946,0.00018025647279507062,7.338951975699448e-05,0.0011081263866891122,0.0008199663904274734,0.0009731619715157569,0.00025908148356468264,0.00018152632680690228,0.00020213592918261192,0.00040737345249619583,0.0007961209802659353,0.00013354583528812913,0.00025249520707815165,0.0010944159596615322,0.0001739982599580081,0.00024194329417770444,0.00019631579463863513
0.9540000000000001,0.00044087851824327063,0.0002889561927503781,0.00024593471319145355,0.0006372921337171045,0.00022142031836658305,0.0001859655893684531,7.710900670265808e-05,0.0011557613268772249,0.0008569953403618769,0.0010068327422783074,0.000271000351208861,0.0001880679336498936,0.00021242939070598155,0.000426178476470751,0.0008489642446898316,0.0001445438752899486,0.00026216835914194547,0.0011434939999347415,0.00017993989761344586,0.0002572662199868958,0.00020725025255907692
0.9550000000000001,0.0004276792940515639,0.00027767286187596607,0.00023735926733703394,0.0006207426624577073,0.00022114811368467713,0.0001819907392635045,7.48539105061008e-05,0.0011251668445371177,0.0008306908212072361,0.0009804060512892399,0.0002639007410193406,0.0001843540018434675,0.00020715349931832439,0.000411078680363719,0.0008154959421655672,0.00013796402953281106,0.00025433159484022916,0.001107251929623354,0.0001747037234400839,0.0002477872216460897,0.00019953324507970827
0.9560000000000001,0.0004243287203956836,0.0002786358358681795,0.00023560283301660156,0.0006109380530461284,0.00022085218851763955,0.0001786473051215154,7.63905872264159e-05,0.0011127180545627002,0.0008148433152916912,0.0009768312682851832,0.00026106651752055843,0.00018134547877257656,0.00021154320247596115,0.00040782189774646316,0.0008080691531179296,0.00013896031986448953,0.0002565192300940655,0.0010964384440924624,0.0001739771987974148,0.0002476456482172207,0.0001977278762784751
0.9570000000000001,0.0004004130483428403,0.0002599876429904002,0.00021943330285589813,0.0005770893560013146,0.00021941317157048168,0.00016920906680484293,7.383445388864374e-05,0.001052473988724545,0.0007624433386443918,0.0009312724013034179,0.00024722071957117286,0.000173408767925598,0.00020634196882485245,0.0003825726663970741,0.000748453816880601,0.00012798948303416324,0.00024400714607530904,0.0010304721204095202,0.00016600117482745702,0.00023213263338472956,0.00018450374674239267
0.9580000000000001,0.00040124932356122025,0.0002574956662639849,0.00021884317193898717,0.0005820807400276351,0.0002154228559315685,0.00016999525819028083,7.20519390543517e-05,0.0010564938710231342,0.0007738755269482978,0.0009299183505419029,0.000247277815661473,0.00017505955027541376,0.0002013449457731742,0.0003876243424857373,0.0007517517641973948,0.00012559478387030865,0.00023829634644112474,0.0010365872258610853,0.00016738217650513754,0.0002313592002105569,0.00018653094002285542
0.9590000000000001,0.0003831161949539419,0.00024774669190530396,0.00020852035327745266,0.000554221899363494,0.0002160132508240986,0.0001612396755438228,7.242563448095485e-05,0.0010075646787838233,0.0007238374316362872,0.0008959630583974532,0.0002373453238022627,0.00016780650860548363,0.00020456143411673455,0.00036426588859350684,0.0007082569273030304,0.00012044918990750109,0.0002336625539498538,0.0009810247954924467,0.00016032940463239775,0.00022182119139546597,0.00017526800706746393
0.96,0.0003852204298865236,0.00025191529278023594,0.00021123895929942016,0.0005565309673022378,0.00021670470099621753,0.0001614552681288295,7.360928965616242e-05,0.0010119542184616748,0.0007233678642377672,0.000899602818498324,0.0002388488669818889,0.00016789074070067134,0.0002079085284113491,0.00036436283857577134,0.0007144188658824158,0.00012319467183830035,0.00023687167244490492,0.0009840906661134907,0.0001601973073477314,0.00022434286120287528,0.00017590219887020364
0.961,0.00038762973523312483,0.0002516047139047295,0.00021176316746485124,0.0005582391737796177,0.00021718986978047639,0.0001634696142351899,7.284201262636181e-05,0.0010187570405115753,0.0007328090058451586,0.0009056090779847592,0.00023994968231244584,0.00016849096521964757,0.00020462813834876137,0.000368228668843229,0.0007198739336190529,0.00012349930730193304,0.0002381942592568631,0.0009941683813927682,0.0001612038738255661,0.00022467912711210403,0.0001773946912974056
0.962,0.00037990028762365793,0.0002417055327905704,0.00020551358271925224,0.0005455465581890584,0.00021846311857509626,0.00016314830315000695,6.988675364971719e-05,0.001000998763768135,0.0007237940803865861,0.0008918180693746613,0.00023593898319929085,0.00016569752742912058,0.0001954656172995506,0.00035938315431405243,0.0007007420472135983,0.00011911621081517332,0.00023526083216751648,0.0009780986762923938,0.00015765273378942624,0.0002172407032086099,0.00017253450414134175
0.963,0.000367399516488115,0.0002287357914526611,0.00019645297456716282,0.0005262168615430829,0.00021929889299776573,0.00016050618875951272,6.675850702864139e-05,0.0009698137459704936,0.0007033300217305083,0.0008684704581172209,0.00022928809050859478,0.000161228769146482,0.00018646304755653986,0.0003450272320848491,0.0006705088890280875,0.00011296790576587057,0.00022993652470704173,0.0009483873170141877,0.0001524076189858281,0.0002071680169650758,0.00016502347583269295
0.964,0.00036016882441981536,0.00022493140602941608,0.00019253359296589334,0.0005117044244667968,0.0002210121395754827,0.00015824813505072033,6.634141600203591e-05,0.000949989250801142,0.0006839061504667621,0.0008555219864010422,0.00022544209247898905,0.00015693340517319854,0.00018468025928131127,0.000334328269401607,0.0006542688567007238,0.00011234124920245225,0.00023147188779681915,0.0009283458117018695,0.00014825977344490315,0.00020306368821576548,0.00016005269323937643
0.965,0.00037621253195416204,0.00023604562695034303,0.00020415941765772327,0.0005416508590472269,0.0002191146330642324,0.00016592407934012954,6.631996654093975e-05,0.0009961841220635925,0.0007256941771206504,0.000880906571275708,0.00023549306091341649,0.00016420876629541503,0.00018405059733483942,0.0003513465159861173,0.0006946024107010729,0.0001176776315843231,0.00023433060420985363,0.0009721482743001442,0.00015283479452765647,0.00021235415474840647,0.00016920437542145006
0.966,0.00036759524475675763,0.00023029568169219417,0.000199172542964976,0.000527910986969804,0.00021849276321550537,0.00016293732345484813,6.512301787564567e-05,0.0009737301842061008,0.0007066304482885588,0.0008635167810138178,0.00023075977530528924,0.00016034596541181223,0.00018069230826156524,0.0003409163230675416,0.0006753078383407995,0.00011512194347973459,0.0002316659790209119,0.0009491626201254544,0.00014880511059300883,0.0002071236480449823,0.0001641936538026023
0.967,0.00036674143147886194,0.00024001773650417224,0.00020383450551964,0.0005257142207090171,0.00021060031129727097,0.00015962656800627695,6.629341917041565e-05,0.0009726712385860203,0.0006931759613590938,0.0008541343951776748,0.00023005251708696495,0.0001576044074234062,0.00018359315652383135,0.0003381516254492567,0.0006831200590515785,0.00012103303925237174,0.00023306128217193134,0.0009398160845767167,0.0001462373918639237,0.00021156479215145296,0.00016452591769622327
0.968,0.00035692502061506203,0.0002365426999813014,0.0001973592090490639,0.0005039801613290207,0.00021016676888696573,0.00015272257918286236,6.786338743325349e-05,0.0009415930719014476,0.0006603337218886729,0.0008400587020263028,0.0002226967757730236,0.00015174145466434474,0.00018831411120812103,0.0003286445283596784,0.0006606581954692325,0.00012030399788309776,0.00023400189486766365,0.000910928280357437,0.0001439085724896927,0.00020751071779356867,0.00015917158175648982
0.969,0.00033605784691925766,0.0002193892974523548,0.00018335558476589853,0.00047017042361607864,0.00020834180394369017,0.0001465286404038757,6.366084443731879e-05,0.0008884915976780094,0.0006205290246681372,0.0007988757200815266,0.00021062300700380732,0.00014267056534844613,0.00017565472228153745,0.000306181122512017,0.000612948312390782,0.00011227899140142661,0.00022621822080381992,0.0008591903862494865,0.00013509619412377383,0.0001932704223457371,0.00014768205687742952
0.97,0.00031753805563226043,0.00020396713538384237,0.00017002957956391285,0.00043971568186629284,0.00020949647602952481,0.0001389740641980497,6.215010822696598e-05,0.0008358488969227862,0.0005798639223387747,0.0007663055109545791,0.00019970737754482215,0.00013516346033581872,0.00017250620339748224,0.00028644017870238514,0.0005677747532553123,0.00010449725265226917,0.00021953236241789575,0.0008112650917428965,0.00012897968603253762,0.00018126388834960316,0.00013727948272945767
0.971,0.00030054033604719476,0.0001928262167359973,0.0001592572340080034,0.00041060274562398913,0.00020728846041428994,0.00013107776086662692,6.087276162014543e-05,0.0007879520567861675,0.0005398606652026183,0.0007340427787483339,0.00018930582014697883,0.00012731441785951425,0.00016942162196142974,0.0002684510841834964,0.0005304838640447507,9.9549003636068e-05,0.00021403501579897455,0.0007659168653938453,0.00012280473783976564,0.0001715718735286753,0.00012817173654422476
0.972,0.00028218968301138017,0.00017520196788134434,0.0001472605900780799,0.0003827400653901858,0.00020477638507454543,0.0001277503989016715,5.508440303969575e-05,0.0007403789754117929,0.0005140135054378936,0.0006946963738224676,0.00017900729579756192,0.00011925563230508196,0.00015157102185248128,0.0002488892752010585,0.0004903259715057784,9.159862479524161e-05,0.00020492314551556756,0.0007266484830106279,0.00011362903297051918,0.00015758552721067964,0.00011845698502532809
0.973,0.0002569215288156457,0.00016294472225930612,0.00013234687621344055,0.00033772264356046744,0.00019783279014906618,0.00011317663838139591,5.478569467509686e-05,0.0006675735843262309,0.00044724675042995266,0.000645690089141504,0.00016256745413412155,0.0001067598066885056,0.00015185520354132898,0.0002233119720337351,0.00043946903159752804,8.676932324136466e-05,0.00019717663777041317,0.0006548963289163545,0.00010520832230298538,0.00014542971394049253,0.00010566699300962323
0.974,0.00026273238472895866,0.00016550394042869065,0.00013529540738332901,0.00034695971410680926,0.000199816422147725,0.00011740420639749782,5.4474612286470325e-05,0.0006848570453930058,0.0004640044729105064,0.0006570541264422358,0.00016597226257486497,0.00010925127390792877,0.00014954511146725302,0.00022952136347664798,0.00045129481804728755,8.816588420823557e-05,0.0001998497173285596,0.0006722620182283423,0.00010703679642154462,0.00014770169823852264,0.00010867680318371598
0.975,0.0002535249406088624,0.00016235893591753925,0.00013083916119882577,0.0003312890722134698,0.00019403975765186487,0.00011223627722167784,5.346837348552125e-05,0.000660459365660393,0.0004412361388859143,0.0006361741277659538,0.00015982711324791232,0.0001043096223082296,0.00014641273205473482,0.00022095888661788354,0.0004353884956379561,8.718136324370462e-05,0.00019608046225860765,0.0006465772733424968,0.00010331699594534616,0.00014377175220015026,0.00010457290531906693
0.976,0.00026886968982780537,0.00017441436089582485,0.00014055428061088282,0.0003556727093833034,0.00019746329948722163,0.00011683424351416338,5.694023946456461e-05,0.0007016345505455046,0.0004683645701736294,0.0006689882085654242,0.00016918662223663894,0.00011144947629992963,0.0001572525922066692,0.0002365227251286406,0.0004674305699703396,9.245692063619693e-05,0.00020309696042541958,0.0006826739494875111,0.00011016043971479039,0.00015403301430794158,0.00011226406350151041
0.977,0.0002744920063278422,0.00017361352805977948,0.0001433767291738608,0.0003681585860738634,0.0001998551528058501,0.00012252639402876575,5.512125702533677e-05,0.0007192309520812623,0.0004916758699482493,0.0006785605655057481,0.00017344477501435307,0.00011487173955360142,0.0001515086997485593,0.00024198145859621878,0.00047734295179535646,9.1487495509468e-05,0.0002028563709068898,0.0007033619546117365,0.0001111159450779553,0.00015475432065936712,0.00011499538038062251
0.978,0.0002665201571372011,0.00017219917374478033,0.00013920670407507885,0.00035289262783300135,0.000196274926812956,0.00011620267054890387,5.613922312031061e-05,0.0006956287916803916,0.00046549527348838105,0.0006633171694657714,0.00016789457963617416,0.00011060125337924998,0.00015508249647444572,0.00023427856080560083,0.00046271663634489535,9.124563845053224e-05,0.00020107104884992122,0.0006776292765786618,0.00010903857791288996,0.00015231798981518718,0.00011117052372688896
0.979,0.0002769584475142528,0.00017800550553059846,0.0001452830710132469,0.00037120191514783407,0.00019963275313017448,0.00012075206101058722,5.75979391219672e-05,0.0007239304131398949,0.0004888975306863719,0.0006851655493171904,0.00017460659868562267,0.00011600558954227846,0.00015987829689301236,0.00024468778707742445,0.0004832895441092555,9.335247514596912e-05,0.00020453389624441876,0.0007047175619011581,0.00011333862566542674,0.0001579988032988089,0.00011629303362381549
0.98,0.00027856954711756864,0.0001789845220689923,0.0001465198930035161,0.0003750280161942676,0.0001994317912030752,0.00012116482995006006,5.7809908980743785e-05,0.0007283525818214676,0.0004926606578641302,0.0006879157276815651,0.0001758129251142604,0.00011709693800621146,0.0001610696757894381,0.0002463347026473439,0.00048668787216898934,9.343732775268787e-05,0.0002041555061562672,0.0007087021737975929,0.00011400111686721282,0.00015905295990759072,0.00011717181537596044
0.981,0.00026687598534074207,0.00017224157434436727,0.00013950568154108556,0.00035471378253792984,0.0001964615972961381,0.00011534905531429551,5.6923765586192054e-05,0.0006954540618322458,0.0004647177411025716,0.0006646513269190635,0.00016846387280422537,0.00011140504314077759,0.0001587094945885159,0.0002343047992061642,0.00046294616293307556,9.071474403210544e-05,0.00020024057769174597,0.0006770920727430241,0.00010966389347333294,0.00015278675616070547,0.00011117370356727996
0.982,0.00027086185870758286,0.00017694407812640645,0.0001417056844805753,0.00035946121131180675,0.00019811774964417772,0.00011483749564944468,5.962114791802087e-05,0.000704201764294643,0.00046580321112055234,0.0006751974712805309,0.00017050021990350217,0.000113131648042053,0.00016716690248919086,0.00023825124385412622,0.0004713209799235285,9.289988707494867e-05,0.0002035671111808579,0.000682558608269157,0.00011252306296316572,0.0001564143630296,0.00011301333359536869
0.983,0.00026184746912114585,0.0001685887274724962,0.00013590242977123967,0.0003452301197940377,0.00019559006215064123,0.00011393867599474028,5.6017330051671976e-05,0.0006819029458442483,0.00045510793067993216,0.0006545510008307831,0.00016497059475728548,0.00010869820298342603,0.00015506511587548566,0.00022943512751283368,0.00045305128737727074,8.956219394729015e-05,0.00019907028074428457,0.0006646883264342929,0.00010765443575011524,0.0001492896252255349,0.00010863496922530747
0.984,0.00025996658086045455,0.00017040456121053538,0.00013593770896669355,0.00034117308945336156,0.00019121771044816605,0.00011240748282603796,5.55470492733523e-05,0.0006785415891557012,0.0004491528717703863,0.000648140832165689,0.00016319251033924953,0.00010692067363149427,0.0001527141462075443,0.00022852346587243222,0.00045288841327095763,9.104505440526989e-05,0.00019861155645417572,0.0006585299687885682,0.00010659276414093366,0.00014943660990307528,0.00010835355892546694
0.985,0.00026997143562277893,0.00017510303722412246,0.000142029669527588,0.0003593976074784955,0.00019341787729998394,0.00011821847160875532,5.548656882758962e-05,0.0007075874057587139,0.0004761794011723941,0.0006672386594578361,0.0001697124278797757,0.00011190907657920857,0.00015231652878333612,0.00023871539525655017,0.0004731800054053048,9.281662983884331e-05,0.00020128319249990145,0.000687457565643923,0.00010977855549043625,0.00015414521933965197,0.00011345541738316811
0.986,0.00025908015586861843,0.00016542854802448215,0.00013532552774908613,0.0003436366795759316,0.00019080582272801294,0.00011544777372218817,5.2335405097081455e-05,0.0006789610804537327,0.0004597099981020758,0.0006431793562873267,0.00016362183145668396,0.00010728418488292757,0.00014310778469939223,0.00022746846154853007,0.00044978393602701505,8.812361840127014e-05,0.00019495060586116608,0.0006634170959312069,0.00010455254023078453,0.00014649674082456432,0.00010796612576891018
0.987,0.00026479168081769975,0.00017129622871536743,0.00013923153627903861,0.00035175810920828887,0.00018975397787435178,0.00011775051666362835,5.2973500277220253e-05,0.0006966392196655624,0.0004707691448417872,0.0006531925352831758,0.00016641076754686512,0.00010917752299055561,0.0001436150313230966,0.00023394603224835553,0.00046452444773670276,9.145856470516023e-05,0.00019837787431731257,0.0006766900138880372,0.0001067028088238553,0.0001503161528151331,0.00011124963115050068
0.988,0.0002599519472069045,0.00016171983523538547,0.0001355517190233524,0.00034793279151501544,0.0001892707880337685,0.0001213966832944724,4.791275245152882e-05,0.0006881830508967957,0.00047835382727434705,0.0006392481603398892,0.00016441066282824046,0.00010748626729362165,0.00012745612355447022,0.00022844275033417905,0.0004530131955676753,8.683380642471317e-05,0.0001937124637001464,0.0006739175584707935,0.00010219682688328291,0.00014341044221899413,0.00010858923879741855
0.989,0.0002517427166798092,0.00015784233653814983,0.00013124302846456715,0.00033458061562641195,0.00018442778638150248,0.00011797418105485846,4.618922313304186e-05,0.0006677624900272017,0.00046150420375468126,0.0006196533930253878,0.00015909017979176543,0.00010319557933291534,0.00012163090776107222,0.00022074164844088084,0.00043827275858854264,8.533163428414703e-05,0.00019006490234652063,0.0006526161888716908,9.859029639347483e-05,0.00013916211558373526,0.00010498086419563624
0.99,0.00026205922599782384,0.0001555088592575249,0.00013552278766826298,0.000355549610791428,0.00019392674761031792,0.00012654503578457543,4.565512850074338e-05,0.0006941863620057998,0.0004967930103386697,0.0006438087478488619,0.00016718072043098164,0.00010987190249200918,0.00012152762649220161,0.00022882710961524833,0.0004535127156833907,8.332577982705924e-05,0.00019207986674807387,0.0006869329518682799,0.00010131653527256645,0.00014052497222494242,0.00010858804949553935
0.991,0.000263844930636048,0.0001544716562124071,0.00013625152627483317,0.0003597772403021171,0.00019564669811822366,0.00012821265286899752,4.531891176118297e-05,0.0006985730048540972,0.0005042344953029021,0.0006478060377639316,0.0001688254154564861,0.00011128869591414681,0.00012100843843210196,0.00023010052491423405,0.0004560727889719729,8.258897421709044e-05,0.00019182958220487212,0.0006934880465364612,0.00010172503799754651,0.00014051847696816555,0.00010916040764918922
0.992,0.00025410880773237834,0.00014564411952011636,0.00012945087711735415,0.0003439517540962944,0.0001958141580958861,0.000125260051542897,4.386666880284995e-05,0.0006695568138612717,0.0004863527765519571,0.0006291706829536503,0.0001627904626910759,0.00010700046335132551,0.0001167157865555879,0.0002196419376563341,0.00043400027184969936,7.886704684201273e-05,0.00018835641681125281,0.0006708650220647039,9.774932398409764e-05,0.00013329535899297973,0.00010382616130621969
0.993,0.00026784026484735215,0.00015268195075135438,0.0001372826185567222,0.0003670059577218776,0.00019971137703966857,0.00013206373230922885,4.507760954208795e-05,0.0007085862514104591,0.0005190035678702687,0.000657934727873899,0.00017157715615290225,0.00011388577370063935,0.00012027801321035092,0.00023310882691607304,0.00046249254801744577,8.208800872144817e-05,0.00019391011653835388,0.0007069210937622472,0.00010294980954317356,0.00013998672440540538,0.00011025943290343676
0.994,0.00026605919425529145,0.00014632779401857476,0.00013519804426331827,0.0003662145426647223,0.00020205635528669497,0.00013421940728719495,4.312384665172697e-05,0.0007030650788087955,0.0005249442035577534,0.0006544864166544428,0.00017142870342312655,0.00011401511162134614,0.00011466039521568216,0.000229966375284274,0.0004569196468078296,7.922920267788847e-05,0.0001921175797190422,0.0007074672937412707,0.00010121601386103851,0.0001359516859209542,0.00010857618764015253
0.995,0.0002579053873536019,0.00014289624050356498,0.00013050731873132104,0.00035218997778652117,0.0002002223404575787,0.0001287399084756169,4.345744449207878e-05,0.0006778982828444802,0.0005019809165639488,0.0006387024206614411,0.00016618920793010084,0.00011026111363965363,0.0001163860859170196,0.00022214713687473964,0.000439458816199223,7.739270546680554e-05,0.00018852032249472295,0.0006844128167655672,9.910140229019149e-05,0.00013281289623734427,0.0001048303927401184
0.996,0.0002604283186192935,0.0001468112127965826,0.00013250854712654192,0.00035592138888751457,0.00019974301486835877,0.00012746642887118131,4.508635292765906e-05,0.0006839450728488572,0.0005015053690574645,0.0006446624607246987,0.00016761790764430184,0.00011157505089731679,0.00012212363833685735,0.00022538913205916167,0.00044506057176296743,7.871461138153624e-05,0.00018899015197548774,0.0006876869370960881,0.00010121798482742861,0.0001361174712563029,0.00010642306703956272
0.997,0.00026158454903173477,0.00013891920450914697,0.00013223606515189168,0.0003624404283717464,0.00020345619319162012,0.00013299311302317207,4.149033432321314e-05,0.0006871876367661178,0.0005223809050440842,0.0006456987380493162,0.00017040748142882478,0.00011379263780952886,0.00011191496773688137,0.00022427567251415148,0.0004453304239023792,7.50753983322916e-05,0.00018641173801026145,0.0007004009133674272,9.941960147841211e-05,0.00013205328773346903,0.00010580623989075999
0.998,0.00024746100004209847,0.00012538089905400618,0.0001239307683760238,0.0003426044646656079,0.00020170761603777176,0.00012990496436993126,3.730356143571978e-05,0.0006462878968415131,0.0005033857248240015,0.0006140221881322239,0.00016311523255219118,0.00010762537046438148,9.989102776353231e-05,0.0002082744435554229,0.00041506462101681407,6.898733008986468e-05,0.0001785438184532806,0.000671403342593746,9.17696753457431e-05,0.00012172985729985708,9.828719797033703e-05
0.999,0.00024397294306644502,0.00012147588505684315,0.00012207966092125933,0.00033847629090499876,0.00020081781773384488,0.0001297115039521346,3.56869547484262e-05,0.0006365672483549245,0.0005010923612818186,0.0006052009602506292,0.00016155708296516913,0.00010606762649112422,9.516510137141942e-05,0.00020418512101882946,0.00040802131293371513,6.721870838155564e-05,0.00017611682142570917,0.0006653913719214533,8.934141336558454e-05,0.00011887048155601043,9.64151366934507e-05
1.0,0.000256956322532359,0.00012885226494030455,0.00012903068461000977,0.00035935568776945814,0.0002042701784340517,0.00013531612711858987,3.758476652915288e-05,0.0006739536063133933,0.0005291461581031776,0.0006335149652174632,0.0001696233872446884,0.00011297745505500778,0.00010073999118698218,0.00021721256383233634,0.00043544276451445985,7.064346742546856e-05,0.00018176554654303345,0.0006964899231155508,9.526281969052253e-05,0.0001254805199301101,0.00010246357307341913
