t,a,b,c,d,e,f,g,h,i,l,m,n,o,p,q,r
0.0,0.06034111274730726,0.06714653971822092,0.030095879584169483,0.07205870893755188,0.050616673652202814,0.04659344273596076,0.06749001705730814,0.052022049198359406,0.07514782747667198,0.07787934816383393,0.04822600838313023,0.0436380149050366,0.08850948906411955,0.08230286491804911,0.06552114018135581,0.07241088327672218
0.001,0.05453289563713991,0.06223520469199844,0.03299367485807178,0.08101007894684596,0.042650641316262373,0.04027862140557553,0.06964221516513255,0.05500969359973025,0.07177128051693066,0.0761641323815464,0.05585659626076403,0.051649103779778875,0.07902195380629942,0.07522048020773592,0.07136366572297903,0.08059976170320898
0.002,0.049349379741734804,0.05882150467899883,0.030842403656401576,0.07923269544901734,0.04426581071146398,0.043522051426465536,0.07471443484294125,0.06147888384575527,0.0634593692589542,0.07031157865085687,0.05130380802081455,0.049497406262621356,0.08031491633792512,0.07950871422223689,0.07513512993529077,0.08824191295852166
0.003,0.04440041151428056,0.05357957035082107,0.028587194779897834,0.07453738209124405,0.037287076559861916,0.037118784033036395,0.0651224193092725,0.05431413805187338,0.06974115118982882,0.07808103620073663,0.05820692053823128,0.0567433023694917,0.08322387726630402,0.0832018311956405,0.08042979706451957,0.09542510748495962
0.004,0.0512323415075743,0.054349084486237084,0.032280491952454166,0.07408845964373664,0.04839604636353215,0.04266099428350377,0.0830569027143138,0.061348951306714715,0.06384764315461815,0.06175573343790247,0.052301357681717946,0.04399832080133646,0.0869775050898721,0.07578397236356484,0.08258326337722054,0.0853389318357008
0.005,0.05783156822291057,0.06425524540542847,0.033405209168500094,0.08065849993708715,0.05630772336694505,0.05193479106898711,0.0889853278049002,0.06897966633162604,0.05730991921263597,0.05832749127399695,0.04282322266311528,0.03800489619201361,0.08082233105770392,0.07396964004191692,0.07008889034215472,0.07629557791007807
0.006,0.056986394827375414,0.06291680041902883,0.03800823701300001,0.09143993930255809,0.04865795649496343,0.04456971887614333,0.08991197776136187,0.06932561934333095,0.057803451652825154,0.058421927507392404,0.050039471013559725,0.044124538466141165,0.07165001432025811,0.06502321867375155,0.07263341471850455,0.0784873196098053
0.007,0.0705935485614468,0.07063426649818158,0.04108180862215929,0.08914906268031823,0.054227876417869685,0.04477042468937707,0.08702656922118596,0.06007753295733519,0.06705215633184906,0.06117184681745665,0.050667223492030095,0.04003308569713859,0.07455554196252435,0.06064798453743618,0.06542931259981404,0.06288175891387722
0.008,0.09362705657482746,0.08406530343522181,0.0458662110002655,0.0886026600760482,0.06284633701658893,0.04619840511834812,0.08406185183828029,0.05114399123626801,0.07646648117714484,0.06201370197573832,0.04819571060032719,0.033465071048484625,0.07353309287839586,0.052619131122861075,0.05303513789485029,0.044259857006349566
0.009000000000000001,0.08793711204958701,0.07573520432800696,0.035188202284528604,0.06503021131387747,0.0799215017357764,0.05668683612882188,0.09014157635086059,0.052808392707226474,0.07287952731990678,0.05667260855793296,0.03777479194655655,0.025040704194016317,0.09474695877819389,0.06530573741796974,0.057795369898417485,0.04633526498832078
0.01,0.08086518462961023,0.06472911583941367,0.03392607061780025,0.05847523383438007,0.08564208678602954,0.05675342553550534,0.10117597327068437,0.05552621631818737,0.06820033189043088,0.04928222844700334,0.03723593765333942,0.022983368899351986,0.10323691262982648,0.06640787381658142,0.06603726342499777,0.049522776406857906
0.011,0.06586477937219251,0.06754735521741652,0.025874919695776866,0.05768077545633692,0.08906316198619599,0.07358324224803074,0.09956416475088016,0.06858723762877336,0.052176657553966395,0.04862204021238346,0.026781510658948206,0.021480975504305094,0.10163366974716133,0.0818666916647687,0.06151979006841485,0.05815302823444892
0.012,0.0812953074650299,0.07906938616642492,0.026421953697039327,0.05568045571021371,0.10468740062488993,0.08190484991677348,0.09667885288559698,0.06277420736976977,0.05432591142229847,0.047748245693736674,0.02280897509623196,0.017146984050234813,0.10038343859475578,0.07608065997666197,0.049361762225580426,0.04363160910476189
0.013000000000000001,0.08455076630533101,0.07096731829834943,0.022883288403284255,0.04108850960154104,0.11275011521323676,0.0763139743201271,0.08727960100631815,0.04839737889786678,0.06571986210140277,0.05037158456217505,0.02343344811880068,0.015176260226377795,0.12548533662464018,0.08304883374305691,0.05248087554208821,0.04005284703540403
0.014,0.09696893532637031,0.06900273812295507,0.022217593736042915,0.033370654740499904,0.11446629449199851,0.06494414073883777,0.07444151762797523,0.034063633252106484,0.08487564332774317,0.05565396664570261,0.02601817348856984,0.014236152306624967,0.14455276803399733,0.08099333264077467,0.05142563022012685,0.03276882529967447
0.015,0.09112715962996701,0.06082424856948439,0.022388958169821584,0.03164693408547476,0.1227836123145828,0.06557491185911614,0.08546568330094179,0.03693199835695677,0.07695300926017731,0.04722039825978416,0.02546453522230301,0.013079568373881918,0.14999727909700042,0.07892216637449058,0.05725304227318071,0.0343664948528368
0.016,0.09913213138253513,0.05798169298395321,0.026966218316609027,0.033661278282596956,0.12498245524158208,0.058182216310334135,0.09690232655463911,0.036815190195020255,0.07877411798940485,0.04212975307714605,0.029099816111615138,0.013134484449205786,0.1434311346048402,0.06539158714709406,0.06126141351835262,0.03215418383507145
0.017,0.09336822568438573,0.04096378460184376,0.03006461345941928,0.028884870188361944,0.11961638478350883,0.04184374867245236,0.1099005261756558,0.03220535595831612,0.08675206535720559,0.03557391981647536,0.037646518486464296,0.013323818252072676,0.16037207841151155,0.056126213500229075,0.0802777677173267,0.03308010893477095
0.018000000000000002,0.08226036951924968,0.04915351378146494,0.033981504019662837,0.04301165136675888,0.07582500778290134,0.03796507747040928,0.09342538785555761,0.03749678894346796,0.09481659247465428,0.05135279455601538,0.051763707530754516,0.023534811865452376,0.13083195227481137,0.06292599725516089,0.08512341562770606,0.04653142767597252
0.019,0.08899099566104542,0.058384349047585014,0.033071257244447615,0.0462410351519839,0.06580375493371018,0.036543167582144,0.07221495351391288,0.03238486525510574,0.11119951519299548,0.06581444390477968,0.055101962691875055,0.027513424219869423,0.12430121255729493,0.06590842482341128,0.07253361288566072,0.04399302533417871
0.02,0.09322175374471872,0.06475859161756428,0.032533177779614716,0.04830430866101418,0.05582586357495784,0.03302000846472052,0.05725551176607049,0.027447851813376185,0.12788539105882313,0.0798552444177903,0.059940353419194854,0.03164414095274474,0.1170246495294965,0.06576313479940946,0.06415624384016022,0.04136377456034383
0.021,0.07464967792369528,0.057245207932351314,0.03243145411711751,0.05268088750174813,0.04648506841144063,0.030287281681461532,0.05921224360761638,0.03101303897378753,0.11822533334552249,0.08086201277163262,0.06827149018296708,0.03915660408176845,0.11226958324636215,0.06891548232243376,0.07550625713512535,0.05278837676496979
0.022,0.09388676327729319,0.05601523930404761,0.034752386586209175,0.043010736116658614,0.05588329726970499,0.028151373019899388,0.06053068352745594,0.0239858625665454,0.1388594100811723,0.07312293875018014,0.06821797839184507,0.029443044403860343,0.12593082296640376,0.05906487433838208,0.07172793635978614,0.03741665304055573
0.023,0.0819748296918611,0.05167771139486412,0.027140844750954986,0.035635793359477294,0.041910926404689575,0.02239664062330244,0.040311982104404925,0.01703811543088958,0.16904121094959276,0.09317905166829399,0.07587836052334528,0.034379151302845835,0.13496676077448563,0.0663917537906909,0.06976703481569882,0.038309832414602896
0.024,0.07764012313878003,0.046425708209798945,0.020023346119423083,0.024787686299442127,0.04033027530754054,0.020442923664902066,0.030322613153439534,0.012099310252668872,0.19462504821957716,0.1021431216914213,0.07003014148811942,0.03006499277900741,0.15774686537374674,0.07383712581197656,0.06543675876632125,0.0340439597238351
0.025,0.08207435502120941,0.04859722397453345,0.02236051197483027,0.027440988067762722,0.039848147701581904,0.01998034661521944,0.03174517122465852,0.012563810544716017,0.1946453181903276,0.10097424886632313,0.07440575374842767,0.03162271145640604,0.1472701155696003,0.06804197859428106,0.06498573157722652,0.0334435868728959
0.026000000000000002,0.10653509974702609,0.06142756070974309,0.027391165728423244,0.03273262944653296,0.03718438278889231,0.018059069218082358,0.027691476140632967,0.010630732118518227,0.2185277755573435,0.110023087444922,0.07879317082077213,0.03250803971220686,0.11575580774068564,0.051540681000528686,0.04758344132494439,0.023615880500745586
0.027,0.10578401000545663,0.056223936802748765,0.02550120369037229,0.028029087133279316,0.034673635003689834,0.015478485488866793,0.024165471705043417,0.008527765906314152,0.24019017468064532,0.11180591115988993,0.0817466380227874,0.031140489920102123,0.11992916568928697,0.04918066979708307,0.04641682391789233,0.021206531076541524
0.028,0.10181995928477611,0.05735534772772194,0.02773439186283568,0.03220965390597439,0.03282497132103116,0.015533675805694978,0.025873052084134502,0.009673738094070706,0.2278366320556753,0.1123090345954923,0.08799784170116738,0.03541365069003269,0.11194130595603198,0.04856212101982659,0.04917694973408298,0.023737674161451214
0.029,0.11498930108923242,0.06540111811879881,0.02597045277614108,0.030497382823822774,0.03797958083599147,0.018143408678125757,0.024879833717556955,0.00942622681130502,0.2287463431113067,0.11378254306548295,0.07266541946202881,0.02957058976233143,0.11537596328893206,0.050428245073597604,0.0417683757835803,0.020375215601766007
0.03,0.14043850441140346,0.0760008946271047,0.027885175041891076,0.03106374718049051,0.043193339556035826,0.01959540700699213,0.02475673788808179,0.008901983940338058,0.23054807743318276,0.10844088592968908,0.06376606794146289,0.02446757122561135,0.10754508400843217,0.044278232085483094,0.03367563795182987,0.015442653771971196
0.031,0.1202776589122656,0.08161016654539278,0.026032026448747064,0.036034946728483064,0.036889394474376065,0.020989052783136224,0.02304658039730411,0.0103302760976172,0.21648667497198437,0.126325731922606,0.06524674117605754,0.03082547835850541,0.1007605282181325,0.051394388158581966,0.03435512804792588,0.019395226758884214
0.032,0.09559689987914402,0.08898373281540237,0.022249729817190193,0.04183032734232332,0.028331894199452947,0.02222909490991407,0.01905857399009138,0.011686808185773955,0.19935216922284815,0.156158417616705,0.06452147567123628,0.0405650620278927,0.0899213365371966,0.06174267319481133,0.032935186876863524,0.0248366177131542
0.033,0.09250528902462786,0.08996486243058222,0.02284381516000386,0.04485659572919859,0.02900642954374454,0.023756628306059582,0.020673101255216205,0.013254063058352038,0.18722127306264577,0.15320090104842432,0.064605172694805,0.04240674644302235,0.08946738573458408,0.06399142907350075,0.034850374057369536,0.027395933377863408
0.034,0.10516497447383877,0.11372695215917313,0.020798272721899835,0.046009814452261676,0.03223023372318266,0.029396449447453076,0.018353412185143192,0.013303294494188357,0.17728811356502616,0.1627899136444121,0.048116241867831304,0.03597881161030367,0.08266161516216211,0.06633551790689608,0.02522610101535276,0.022620281570875242
0.035,0.11047345194313858,0.11816905020804047,0.022213406278091256,0.04865547236740189,0.02881361601040739,0.025981438242545684,0.016713583528233735,0.01201420012349948,0.18507785363262647,0.16798318470956164,0.05127482070081407,0.03792837652897494,0.07343158607150539,0.05808957304214244,0.02289705579815043,0.020283330814866125
0.036000000000000004,0.12197944305072561,0.14419185646113283,0.026566165457646933,0.06411253915191578,0.029991363221381052,0.029988876008664195,0.018890220584856815,0.015039085320566097,0.1557235430051189,0.15832235115304888,0.04746220723593517,0.0391499148747052,0.05776253665165958,0.05127427969565472,0.019863753248503938,0.01968186487848426
0.037,0.09935742377836775,0.12420489823895789,0.019998910724141186,0.051206639869189385,0.027446049070843668,0.028955528341829788,0.01605466791178579,0.01355255000972947,0.16906421928888157,0.18035984597059582,0.048324214482522526,0.04190895149001418,0.06941909702757505,0.06438298160593282,0.022449936616656455,0.023314085572976713
0.038,0.09882215241811336,0.1374648621885549,0.017916363244516783,0.05138773194023723,0.0288347549011732,0.03377482642961394,0.015242938186310305,0.014403161339438173,0.156110271796843,0.1859512829287043,0.04021072746202793,0.03918170852994925,0.06787136370774921,0.06995165310518914,0.019827062744560482,0.023049139077018818
0.039,0.10684049979223192,0.14868868913932623,0.019157822571443377,0.05503523885540869,0.02677263147880615,0.03139485242682839,0.013995375399255805,0.013279565177179965,0.1587838661425136,0.18913893820269137,0.040612006126438664,0.0395906616987072,0.05901773316201367,0.06071408955529942,0.017098511561497946,0.01987951871035763
0.04,0.09435796719745021,0.11925750414177844,0.0183209536653057,0.04803787176118732,0.023878397637158964,0.025463252229558756,0.013517198275153785,0.011747545212314124,0.17988749595841824,0.19677484165249035,0.04955783885986538,0.044522175274691767,0.06746517997248949,0.06363550281602302,0.02103653394084631,0.02253974140526823
0.041,0.10053012582727279,0.12037049971292381,0.021254056064814647,0.052967852031409135,0.024104002866109763,0.024331853311440995,0.014894064272818863,0.012321912956874454,0.17938324558223503,0.18544843152595158,0.054176065398082444,0.04613969079419284,0.06364136598748042,0.056531933068604205,0.021799531837304,0.022105368762485058
0.042,0.10051204962578372,0.12553137843828746,0.021115110659443784,0.05494618737257919,0.02792165451778005,0.029335328000446817,0.017152139091044464,0.014813918480918514,0.16289864492237413,0.17592607099691318,0.04907488328849262,0.043686472636466224,0.06744367558056556,0.06226615519771524,0.02304085077017847,0.02433548042101065
0.043000000000000003,0.0979719914378119,0.13152392089949638,0.020085597194469902,0.056282913612919455,0.025883749550968057,0.029307188013602208,0.015514497779544476,0.014494764781979549,0.16007525328210498,0.18568368995835965,0.04725854685140217,0.04523953552592136,0.0630606550511292,0.06253060618115615,0.021093600552478033,0.023993489326656476
0.044,0.09441439161934118,0.13580835812326902,0.02259736892499245,0.06756776085695664,0.025141582470852745,0.03052033955399518,0.01758963670498669,0.017576861633116128,0.14306508279544286,0.17819543762898968,0.04979336067165319,0.05092023751347479,0.05683846315382029,0.060383856884191345,0.022392078005300214,0.027195183459617626
0.045,0.0842711983538752,0.14204662031096604,0.02011647070796775,0.07057422365668957,0.024940447318424888,0.03523654096026404,0.017414359151501673,0.02030396828761914,0.12624278143138057,0.18435541647516251,0.04401191108918093,0.05277772780204089,0.05579297070387865,0.06881817997987481,0.022010303608146695,0.031086880163026517
0.046,0.07742491152888481,0.11746583154294803,0.021416494198844845,0.06823528824119539,0.022242010261922417,0.028273733421387785,0.018049357466420494,0.01912983920333198,0.13876342043361414,0.18402947949823117,0.05559131720243055,0.06095332121076213,0.05970119854066179,0.06666325415794377,0.027107105273631964,0.0349534378177887
0.047,0.0788174051729689,0.10595628265516771,0.02179266259360998,0.06160088009714635,0.02244088786038388,0.025294585104054145,0.018213422750914195,0.01715743077710807,0.15292671908848582,0.1805116606458895,0.06147855756615622,0.06002561661406917,0.06525140643213015,0.06470334282948004,0.029725248426581873,0.03410389138585401
0.048,0.0803415077548793,0.11744935988802431,0.024347918692042364,0.07464057411722787,0.021892707254700234,0.02691321082577134,0.019520983081068508,0.020021806581981133,0.13600050020321208,0.17549642173013222,0.060547050966523554,0.06437172295087236,0.05537638705132331,0.06004767462765563,0.027997464535086624,0.03503470973949913
0.049,0.05596450142802502,0.08467602119422364,0.025330855337179176,0.07996236379499473,0.015106510456871431,0.01925567487058226,0.020161190481549535,0.021344271362053205,0.1313629636816853,0.17448229964655437,0.0829022914494664,0.09032779931437414,0.05307547723198698,0.059136395761486577,0.038082919822876635,0.04882846416609081
0.05,0.040772914323478085,0.07834102915242795,0.022834606954282587,0.0895867208951061,0.011831794431618328,0.0190332927545995,0.019402933078094212,0.02540616954707455,0.10684976235078197,0.17799746469964392,0.08285371181694728,0.11089144712876384,0.04624801560720667,0.06405561135015887,0.04050236066336393,0.06339216524645218
0.051000000000000004,0.036113607011497975,0.07880416059302789,0.02524802419891629,0.1112271435311439,0.010629972040800108,0.019444965395743287,0.02173915818266906,0.0319824612877437,0.08464987455509704,0.16125469656128147,0.08327907037647513,0.12563049684876013,0.03721115585673746,0.058779251923272074,0.041272942124023194,0.07273301951281128
0.052000000000000005,0.030983907327532922,0.08860326690160805,0.02133050027747125,0.12361820112639839,0.00811429117178977,0.01979969987746198,0.01633922833231697,0.03215163846183119,0.0728771110341683,0.18186663823643406,0.07092131358477792,0.1403595178034188,0.028528087824141384,0.059831521492692344,0.03127956094421007,0.07339551560374659
0.053,0.02404225309136982,0.08317933317928641,0.016806059039022242,0.11793613434976963,0.005598712865514403,0.016763149350477118,0.011467908724750198,0.027660322486343435,0.06949083826000255,0.20615926202081097,0.06886860897228772,0.16176581148690752,0.02449241362291488,0.061510503358894436,0.027376212527718255,0.07688247666393043
0.054,0.01909305007331226,0.07679892696571829,0.01558544590501121,0.12609428010729004,0.00496437702329641,0.017202956691077475,0.011785768716875897,0.03259315304652021,0.05600519719780638,0.19307265164009443,0.06506611082869365,0.17559418628667375,0.02203519726615405,0.06369941237937984,0.028639183610499316,0.09177010226159678
0.055,0.021144999983801673,0.09151674027337066,0.01751376714307814,0.1527828130418142,0.004447726109474021,0.01677925788146346,0.010742109472227337,0.03232876464767498,0.05197814131180872,0.1942421622372404,0.06167883418505704,0.18022678742587586,0.01621869149602232,0.05122670672859966,0.021587010339755186,0.0755854877227364
0.056,0.019348907275936682,0.08883756819277368,0.016345309748229855,0.15162221182978228,0.004706417847324701,0.018834703298846272,0.011585464320727844,0.03697251221546902,0.04709242834641607,0.18695016671864026,0.05730793712460449,0.17767058296068525,0.017017830787662894,0.05674691714704369,0.02319050967551315,0.08577053251034396
0.057,0.021769207169260195,0.09286543709343933,0.015958642141378383,0.13724341399900952,0.00602183876389685,0.022584936113949246,0.012995409699119978,0.038694419808598134,0.051472430216680985,0.1898699837604511,0.0545493170000925,0.15622049210298403,0.021209961376855005,0.06591354209216875,0.025401384343485024,0.08722958431863097
0.058,0.020134126437379,0.08389575329421864,0.01818979236035503,0.15356539641628827,0.004528889832262305,0.016617112490591925,0.012320303010802405,0.03598557343594569,0.04978465442791634,0.1796354204611018,0.06504032467415992,0.18253359959036713,0.016775921356186465,0.050783960960586016,0.02528923898505951,0.08491993226677935
0.059000000000000004,0.018803113039180336,0.08276227961255095,0.0167935305830438,0.1502763668165665,0.005245710614429982,0.020302620159718853,0.014133268184897338,0.04355276782447779,0.04442491830042817,0.1697366965498092,0.057682607933841806,0.17138223431578029,0.018667452873140294,0.059375235042263545,0.02798641808098858,0.09887478006888278
0.06,0.017062734264730147,0.05461999192129847,0.020411859920365368,0.13962186752345399,0.00541163780778094,0.015638819941480177,0.01922133264551524,0.04603304418659881,0.046614813006718256,0.13286156733004362,0.07990945042305547,0.18437007762292976,0.02209383076183369,0.053298023719191116,0.04306738886576734,0.11976356005923768
0.061,0.014832511237956219,0.052577087571062525,0.016762141759228282,0.1277686464543368,0.006318452379935961,0.020025781150695886,0.021390178233745404,0.0562768427626673,0.039993032400670606,0.1264353546406096,0.06511722968099352,0.16709330116527119,0.025526602647659845,0.06726267539312163,0.04759755484641331,0.14502260767563174
0.062,0.018076738274784784,0.05323769360130996,0.01833573724755992,0.11532238508343816,0.008574213064017174,0.02290154359506942,0.026248496910404578,0.05763331042921142,0.04627833283283494,0.12106663869107746,0.0678209220587673,0.1424747045760389,0.03301315769274706,0.07268172675472159,0.05571761268192184,0.14061678650609535
0.063,0.01620077382458047,0.04373102633556466,0.017415098698383917,0.10099354849886955,0.008638691280350896,0.021334213511052476,0.027980085834717165,0.056914121741120045,0.046593969442114594,0.11235588713006829,0.07249960289306182,0.14076188306467902,0.037157163999706894,0.07567683063269685,0.06635249579193914,0.15539460732109417
0.064,0.017841493626988034,0.03751367012306738,0.01564390169314328,0.06895153593584974,0.012697603334376447,0.02539037365751195,0.03457596018503538,0.055787533016423245,0.05430840930718852,0.10282077336503749,0.06973284322764174,0.10360905950024868,0.05741032959799517,0.09486771429936627,0.08683145531344506,0.1620173438166817
0.065,0.014516675856974642,0.0319685824493072,0.011516910530524232,0.05346881591381512,0.012821776855993991,0.026786636789717204,0.031985233422407854,0.054029702097702824,0.05149777231534458,0.10175157715471499,0.06061385901962545,0.09422754108621623,0.0665814560188619,0.11432051937852435,0.09306244353669538,0.18085049757357408
0.066,0.012637235529197195,0.031564747298346296,0.011847051350864083,0.06195727566983229,0.009481052140252971,0.022745078817735537,0.028399409133377063,0.05446004348613912,0.047279891983994286,0.10556868765471872,0.06582896215987813,0.11461889911781388,0.05218766896840592,0.10224056597936826,0.08739533876223327,0.191788091947843
0.067,0.01482376396573247,0.03181678450730197,0.01201133532989809,0.05354282386379097,0.01155313073993388,0.023945964527818366,0.03006135542971236,0.04926251220243114,0.05592800640008952,0.10736602643625437,0.06773032975297097,0.10031807091606343,0.0641572335969395,0.10836551082218253,0.09367189687255863,0.1754452546363217
0.068,0.013333065638212993,0.028913222147589384,0.01250501760119457,0.05644919284423998,0.010312337998992673,0.021640754920016773,0.031136139317335578,0.051630510911247984,0.05119475016817305,0.09924246864849076,0.07204694190918902,0.10775920060722989,0.05831184263016544,0.09944093571366633,0.09894783550599089,0.18713578343826467
0.069,0.013724311346520718,0.02863725277155433,0.01378125051321999,0.06013139811308827,0.008742338358055813,0.01762775589140115,0.028513823097042052,0.045508640313265084,0.056222008866023125,0.10496860307556974,0.08495145635886782,0.12262973104732698,0.05311436633234745,0.08689720813656326,0.09739328628386262,0.17715656949529157
0.07,0.01735803140143582,0.035701273211360574,0.015281674088367458,0.06587012934424155,0.009775002573712584,0.01945962990233907,0.027754634800509815,0.043700803850358086,0.06436776912263514,0.11834594617557398,0.08513217026098904,0.12098930976149709,0.053432470329176876,0.08596511245253524,0.08493812932350578,0.1519279134017619
0.07100000000000001,0.02187249305608626,0.04579137829239021,0.01942252586058066,0.08542871442047704,0.009539703155252335,0.01942823070923368,0.027383222824073288,0.044114398772105066,0.06804699540003366,0.12753763813933283,0.09128274366412648,0.13231585560682463,0.0426743638760199,0.07014702624574762,0.06892025623246062,0.1260944537452556
0.07200000000000001,0.019536125493021736,0.044572839635769,0.01637203716770068,0.07888271533299233,0.008183483478907615,0.018250081425818597,0.022156071988115384,0.03919475771039653,0.06988290564760546,0.1419533153544658,0.08922191509783717,0.14051094719726537,0.0422168350914956,0.07525528022335239,0.06480286868579296,0.1290078204694633
0.073,0.019529673571636215,0.04882134790765677,0.015925402556995226,0.08439857846868769,0.009169588389012301,0.022355964652321852,0.024202280444684754,0.046873550467423294,0.06108460863866391,0.13682154660405715,0.07612665341077275,0.1324157351955418,0.04168368483321005,0.08140019131879005,0.06251966457437695,0.1366715289661693
0.074,0.019443164527427795,0.05485050405576285,0.014684768667303342,0.0884654971468543,0.008694867632449216,0.024060541955394983,0.021232595161480402,0.046911652682626065,0.05903048422007128,0.1495136347494805,0.06839862901584773,0.13518570556476792,0.038350463481412925,0.08486984760932431,0.053354412247215904,0.13295323128258044
0.075,0.01740655717850784,0.055347622943413916,0.0117166201622647,0.08033973365906046,0.008757799368415078,0.027211293624868856,0.019204765843735313,0.047953786148474474,0.055318799065245436,0.1575752282409936,0.05757957185945538,0.1288301498815833,0.04034242184319352,0.09968370959794376,0.05070545757288077,0.14202648300996368
0.076,0.02189469782032498,0.06890052434502161,0.016540244528765916,0.1125890465488115,0.007867775291369592,0.024220421023979602,0.019783721987107396,0.048994458740447416,0.05600689618959885,0.15776707650965566,0.0665878670216665,0.14747241229877336,0.027971176391685212,0.06813012382016476,0.0412167133704367,0.11405684411219098
0.077,0.023861319356870567,0.06369564393116138,0.017457905256695532,0.10082435744913683,0.007637335817799011,0.019818834301294348,0.018572325814382448,0.03866179426838525,0.06891783285116451,0.16647624489521246,0.0798532605173993,0.1513574790193565,0.030883626141438063,0.06384996410777671,0.044262681403322984,0.1038693948686041
0.078,0.022158336615382187,0.04907963380210939,0.018872307942362974,0.09198147715840022,0.007822877226030128,0.01706665357879446,0.02198674615736944,0.03897969917762461,0.07087317140317875,0.1435277097557819,0.0952886093247434,0.15345800557851702,0.034863230580718066,0.06084925106806641,0.05757312274045739,0.11561916789046368
0.079,0.013681671816064058,0.03439502952268422,0.013445807979280746,0.07395469765802064,0.006195511114509862,0.015175724625199461,0.01976405442099053,0.0390749483553535,0.06085735081685822,0.13733938825691483,0.09282989089076216,0.16559049193534153,0.03704015823654367,0.07119887469528677,0.06850839416430068,0.1509480055118892
0.08,0.011649831955917343,0.030536197621052204,0.012914958403911315,0.07411895355055362,0.006331806898178828,0.016167312927593824,0.022556813793256986,0.04639232049004198,0.050272021125672715,0.11841850571165878,0.0870869842208358,0.16181720539721528,0.036821836843816194,0.07353698071237809,0.07646345034149354,0.17491482000642342
0.081,0.014294490456115845,0.02810803133627929,0.015245640837423581,0.06549219878676203,0.007734639593813097,0.014863282776742886,0.026525234565260073,0.04081605786339189,0.06259422503448736,0.1109207686978072,0.1048443548170572,0.145905136856859,0.04565970285552048,0.06850561347870004,0.09162295087637454,0.15686767116740558
0.082,0.01424242885863339,0.026962376814023865,0.017465709371004553,0.07263115477500472,0.007773345874072462,0.014431397766751479,0.030642603515857132,0.04566295878407692,0.05658485950156517,0.0963629605485686,0.11020486211139456,0.14794232886973502,0.04165364093287304,0.06002457952157349,0.09707008713982566,0.16034470561503983
0.083,0.017168700366603926,0.03155679482513753,0.019639046989566828,0.0794560311461443,0.00824789820841877,0.014892219389407628,0.030199460766496006,0.04371255589829216,0.06287323553909595,0.1038530910581358,0.11440477408276879,0.14895028649655428,0.040525181777393594,0.056479892638147774,0.08775831252604512,0.14028251829179136
0.084,0.02643751358447449,0.042358695748343285,0.021703458386292958,0.0748340961702429,0.015652202359130844,0.02506120135802774,0.04261716706992042,0.05361597643451737,0.07151501173490707,0.10062238708940312,0.08842985738102704,0.09472468971526761,0.058671031445466655,0.0709164611087141,0.09050831267248165,0.12233193774178262
0.085,0.03234189881042712,0.04538353583224367,0.026381015469711715,0.07980362988343044,0.01747146224397796,0.02441074375630919,0.04727365541245478,0.05187960100737217,0.07844119751592644,0.0959148910942656,0.0967192258773026,0.09009420721727192,0.058423260076349945,0.060884037402223375,0.08979657658877688,0.1047810618119563
0.08600000000000001,0.03121125601061714,0.04430813181821083,0.024721581712974266,0.07581883690329666,0.015857550025815806,0.022486765912730494,0.04163477612586999,0.04638480047375611,0.0839099185067723,0.10373187556319419,0.10098381277311402,0.0951900716373514,0.05897040432697424,0.062100751763900494,0.08834114456381698,0.10434832188160513
0.08700000000000001,0.03964192911079941,0.046646771284065615,0.02735605292551524,0.06871063489419142,0.02318286635842919,0.02768502640993713,0.053543465623004494,0.04964562329976385,0.08893367762086883,0.08942965482449901,0.09236070728055891,0.06971199077267418,0.07286686962372203,0.06336957509151982,0.09520009543489256,0.09171505944555837
0.088,0.0380641863436359,0.051101443824586805,0.029999698234401236,0.08537859014664018,0.022803731238682762,0.03108963774515686,0.06006850370245966,0.06307750898072573,0.07052477051258087,0.08192246308316331,0.08504780801416201,0.07347544613632907,0.05934171330952771,0.059461693700753944,0.08978878486793668,0.09885402015925734
0.089,0.03053879963464796,0.04230714945005215,0.024521011278349776,0.0721281859281262,0.020149336122692665,0.028384829670174017,0.05405081772215187,0.05862615136025989,0.0712407444797172,0.08510031070631142,0.08766218239526789,0.07792202966029121,0.06536868143612644,0.06723199221093362,0.10076428039140431,0.11400349755349337
0.09,0.029140562224786858,0.04897871522530984,0.02199094234753882,0.07907859136325049,0.016754245963497588,0.029085413897740126,0.04207327790015273,0.05661297319861419,0.07151509745285307,0.10315224549627534,0.08315671699174057,0.08979236048984689,0.057405642917687176,0.07214256244316643,0.08322027309834416,0.11590037898919586
0.091,0.026731703779383626,0.05009816044716483,0.018948755057716836,0.07638562252794281,0.016392119689803333,0.03170438571788353,0.03875463087240516,0.05829384555255674,0.06782953218684543,0.10890280645187991,0.07446141854992108,0.08984004493081123,0.058023263828486764,0.08084962397488789,0.07949717794860726,0.12328690848370347
0.092,0.030356864558419818,0.04678281878725386,0.020884338545833235,0.06916308825322397,0.016940788496823057,0.026752502668479134,0.03883114404164496,0.04754253182938836,0.08260968399860068,0.10984553916955173,0.08842704682015633,0.08820375908044766,0.06454204153054763,0.07375330269507407,0.08606064721083447,0.10930390231372115
0.093,0.029732003420985312,0.05964153558208029,0.018828765931952287,0.08214306951115928,0.013771013784016014,0.029061394960188187,0.02881611093371169,0.04775509568613877,0.07835708610698532,0.13614798488147664,0.0773989420999751,0.10199551861972567,0.05064951629675359,0.07747266089289065,0.061761685148076145,0.10646761614388517
0.094,0.03199678291774842,0.05855793107225399,0.01611441878631064,0.06354286513576253,0.01837823246720963,0.03581086495771562,0.03133739456293091,0.04755202787266716,0.08394883847045365,0.13307494535285833,0.06618046217569662,0.07872585564352381,0.06731957338521577,0.09476906706164527,0.06707134608357719,0.10561939405443062
0.095,0.030736563230139624,0.05631817430527346,0.016217931373711896,0.06411666957493867,0.020285063405607377,0.039645628026643696,0.03612668461330179,0.05501275442683861,0.07462205685023622,0.11842097500372173,0.06198311037100018,0.07385815709766938,0.06911831646811374,0.09734016278454083,0.0722429521576347,0.113954800310628
0.096,0.03021477189684157,0.057710599649452236,0.014925531505279813,0.06168785481945793,0.020165868148786757,0.04115579581407865,0.03364635252318636,0.053604233792977816,0.0750528353018408,0.12408470170086953,0.05863245318553608,0.07292790476533322,0.07030585661238059,0.10307812659955189,0.06908148813567835,0.11372562554874836
0.097,0.02675050886097105,0.05663961350987008,0.011582819457356498,0.05351115783647842,0.018888097949486166,0.04269170857233287,0.02773645414601155,0.04928865167664761,0.0751677089253009,0.13692144221720348,0.05209443573764205,0.07185249060834285,0.07425675858821268,0.11959851529729595,0.06488580309683806,0.11813383352000957
0.098,0.02275556581542031,0.04653480427214825,0.011187174505141418,0.05009417851146444,0.01647022243737797,0.036035456791491866,0.02742710268761859,0.047308128796534614,0.0747035607412476,0.13174653461626873,0.05845161500799131,0.07824979935952325,0.07551531694394117,0.11775027896859731,0.07434379923993317,0.1314264613053
0.099,0.016254866152653057,0.03202342786188688,0.008531776764182368,0.03691190999269283,0.01681776206074449,0.035727766168444704,0.029591104545225726,0.049630682921040406,0.06391780139928065,0.10892093105344366,0.05330418286433647,0.0690766459239003,0.08977314988407914,0.13592597798223713,0.09324320691287726,0.16034880751297476
0.1,0.01707342448623201,0.030089493162300304,0.008494948897688558,0.0328329843838766,0.019947440420674135,0.03821734775246054,0.03339925516144254,0.050416027534689614,0.06422353896591278,0.09759199375813116,0.05091737404780025,0.058725100036598116,0.10215288229917334,0.13890494997357808,0.10111499161260863,0.1558982475068333
0.101,0.012495006065786832,0.026837989063001607,0.009479637839181923,0.043120976481595234,0.016642863576079,0.03844468392184217,0.04150092021547176,0.07315089241847535,0.03971180236392248,0.07470543250457552,0.04981891140375093,0.0682800648519559,0.07284549850440096,0.12093635167609197,0.11083071214381279,0.20119825697005547
0.10200000000000001,0.01242885922530151,0.029359314026846186,0.009534529042766457,0.04777807332882904,0.014485127246401365,0.037114173124408775,0.0366042877651835,0.07153596815177714,0.040504726626094036,0.08367819340429014,0.05158648675459228,0.0776851247883401,0.06519478090175257,0.11963136172419447,0.10072501563697193,0.20215397825225048
0.10300000000000001,0.009847477186920181,0.02813431418989864,0.008239177144924384,0.04966293432943593,0.011376508216635405,0.03536338640283539,0.03140525181641332,0.0738884251634291,0.034758460293042075,0.08622505830194031,0.048323094436902664,0.08682298540210696,0.055535473499691956,0.12246572040663327,0.09362144459281894,0.2243302886163716
0.10400000000000001,0.011258270588045668,0.03290586238176448,0.008009385382707448,0.04962189671680536,0.011923006723962152,0.03804925871318895,0.027815401567554993,0.06736078504680511,0.03974560061882099,0.10088180159343232,0.04719680448972033,0.08703065051477618,0.05828381429033869,0.1316584487223318,0.08325569905380151,0.2050033135959441
0.105,0.010593802745260845,0.027788907881832723,0.0096625988037911,0.05454921056142635,0.013270401665313663,0.03843747367735242,0.038980486643448026,0.08664177769297955,0.030939580769798185,0.06971087037311426,0.048406010334270284,0.08057947176894648,0.054585119798507,0.11065027873177626,0.1003382110749172,0.22486579747726562
0.106,0.010022024444224753,0.02698659528871907,0.008866921226340429,0.05155045483539082,0.011334113422484068,0.03384593758039709,0.032292226503636584,0.07404867512345838,0.03427892182526324,0.0791427698267506,0.05235447670399662,0.08944670167236594,0.05511654593367157,0.11465145389063071,0.09871721640579123,0.22734496531687892
0.107,0.01024901651000462,0.030053450732180673,0.009158589008371921,0.058106544542366585,0.010857147701654248,0.03549818781007489,0.031288963110204425,0.07853977254482684,0.03266959658685952,0.08239870872668312,0.05062640111883538,0.0945523866053601,0.049154394155711136,0.11204832138440601,0.08930424386838046,0.22549427559408008
0.108,0.008982849821450315,0.028948710365939885,0.009803275857244536,0.0679250397910211,0.007000329423689028,0.02562616603442927,0.02545162311350134,0.0706920388753494,0.03274028521868916,0.09024552566793431,0.06142538625367764,0.12451637870193208,0.037080587702534806,0.09361390777628188,0.08378405591222605,0.23216383948409913
0.109,0.007840152743046383,0.02664490801274808,0.009428272467214912,0.06893565594041336,0.005577757296438478,0.021667111521633427,0.022461543874218035,0.06602653713372901,0.0316721289600565,0.09189744047878433,0.06542773867210047,0.13943787253057882,0.03294411371597094,0.08772675851540143,0.08223352763697446,0.2400784805006915
0.11,0.007324332639125186,0.023594887102029234,0.008825454559708039,0.061396726007081605,0.006338571179005028,0.023544924649104324,0.025584350119675695,0.07193763652844248,0.02901372581761696,0.07984354860852906,0.06032661948834533,0.12212499115014781,0.03682257298243775,0.09344729654269984,0.09238685041494707,0.25748751221110455
0.111,0.008517121865747485,0.02486691743916188,0.009019972281024266,0.05669746396667197,0.006098409470576039,0.020405945456578357,0.021368117165770334,0.05371804901621186,0.038888613228611035,0.09774008424605363,0.07200184029186184,0.13257341577583584,0.041451595772172486,0.09526091946155911,0.09153467078139836,0.2298568637807656
0.112,0.009962980168638728,0.030054516088209325,0.008955514034409005,0.05849215595885451,0.005899175591523309,0.020527285883583993,0.017245896345702335,0.04527606785480197,0.046925269017299646,0.12185897707350074,0.07421671645248408,0.14174879705052837,0.041523776087102476,0.09888713322750661,0.07701655252336562,0.20140918664248939
0.113,0.00956796624589652,0.02782086931876411,0.009547675158010284,0.06036984462097276,0.005342383723658698,0.01795575924678858,0.01737919672693218,0.04418184307525212,0.04652211283606489,0.1165859147450749,0.08182843187101235,0.15125430304564816,0.03887210203731935,0.0891973222598429,0.08035757842444646,0.20321669666431583
0.114,0.009030715785536804,0.021856391700139775,0.009682518261631743,0.05145065097197515,0.005349560194647316,0.01510217103487801,0.018644617168935625,0.040085983301215725,0.04953186708692341,0.10455386909355528,0.09353072734488359,0.14670151731468145,0.04377179849732504,0.08497402005953214,0.09687906267548481,0.2088545295086541
0.115,0.00991393229799959,0.0184975032805342,0.011619330752131434,0.04830162080726257,0.005111972636467404,0.010943799286658309,0.019577286132335614,0.03237903504854059,0.059310768765462235,0.09769667282360904,0.12232504818926172,0.15162877202809041,0.04590922666201303,0.06826242962187502,0.11155435725935561,0.18696824440840315
0.116,0.009800218493985631,0.01762435888926834,0.012560851484125005,0.05052290804645175,0.004666139870115864,0.009646219663738758,0.019577401500870062,0.03133148403663722,0.05905423583257954,0.09378640519498861,0.1335249177540953,0.16005935356347192,0.04220455202573971,0.060376490453565655,0.11274741206453089,0.1825170511258356
0.117,0.01493140701924132,0.019601673316321868,0.015441131667532543,0.0437251957667416,0.007905147854276828,0.012180961528730617,0.027025953807353887,0.031160557787672852,0.07743244215652512,0.08742413440591487,0.13920410529221788,0.11353925846621166,0.062004872503900514,0.06431725624558586,0.1333588173913047,0.15074708479046775
0.11800000000000001,0.015710202254863043,0.021947013644594376,0.01602152165397412,0.04837060827069363,0.009170921175089334,0.015029655086159915,0.030881384439664712,0.037903843100858564,0.06955385425308158,0.08396350282019419,0.12348211916316058,0.10789438248476037,0.061854361160965154,0.06833825805919402,0.13135458529057853,0.15852378714216778
0.11900000000000001,0.016616502971501947,0.019506280878840026,0.015664780368308186,0.03951973310872978,0.010095542484731351,0.01399096884713038,0.03142763589571411,0.032404970624679307,0.07924033007089969,0.08090089421890868,0.13072677924583737,0.09612193095453476,0.07322038011202488,0.06861638269219107,0.14458929864687786,0.14735758887909067
0.12,0.017249696848251617,0.019984217199811586,0.015541241982649157,0.03872771404498114,0.01086274313551459,0.014892929041443657,0.03228701909073229,0.03294148848644244,0.08008391751478879,0.08063777249467236,0.1264584698378784,0.09181693884543936,0.0767022053725595,0.07088602552588803,0.14498514093967704,0.14594247963927007
0.121,0.025110816506626384,0.024393272737225732,0.017453591445994763,0.03558347078653596,0.013622006335048552,0.015470486754286852,0.03051270343509175,0.02503433487328189,0.11113125302481539,0.09336531771562223,0.13474297750888795,0.07958645805693537,0.09130948632165747,0.06932895831423634,0.1294605899786685,0.10389427620508508
0.122,0.020790433683416015,0.0240032228151458,0.013362816815342172,0.03260163646740849,0.012702520429072363,0.017009951061839015,0.026368474045902097,0.025682342537709943,0.10343866818186741,0.1022542535278635,0.11670986786157031,0.08167588050424145,0.0950109220770072,0.08413252535605197,0.12575846626422904,0.11849801837133325
0.123,0.02145694700938726,0.025426340833052747,0.013432888420332526,0.033657592251558226,0.012550046703478677,0.01728546439319769,0.025302334017961396,0.025378588059352985,0.10565873951428637,0.1071552558157271,0.11629971192208613,0.0836245456499401,0.09280864576942138,0.0843317623117979,0.11968402585693326,0.11594711147148638
0.124,0.01910010966498236,0.02294884957584763,0.016842005374554103,0.04270282692064632,0.010710726699350321,0.014987065483965948,0.030553344658698887,0.03107936191450289,0.08576156742513003,0.0881916475383419,0.13515212395067883,0.09842048138407485,0.0720056132742615,0.06633519652938692,0.13384822945022642,0.13136085015535104
0.125,0.016508829889919776,0.021183369386008594,0.01348543921364,0.03663972590083459,0.009834854195961085,0.014701179222902571,0.02599041337785735,0.0283288445482996,0.08669902075387118,0.09472136187332986,0.1275435980899535,0.09901609887653871,0.07693967564655388,0.07515072664888753,0.13365783519429786,0.13959902718114373
0.126,0.01438656757321738,0.020197785548417516,0.00998532668809248,0.029927625076482885,0.008069790725062647,0.013260361155149376,0.01797686605421715,0.021733895032423418,0.09633932987942266,0.11396392499172868,0.12297304631833364,0.10409363263418277,0.08100690350290239,0.08582381025766453,0.12151895309347265,0.13874218146922973
0.127,0.015161209562391836,0.017797838209000744,0.009121685140871076,0.022554358230803696,0.008184822201129493,0.011223641173765774,0.015708907593956562,0.015637355960080184,0.11752330671948542,0.11772795821935936,0.1315850625596192,0.0933355547353914,0.09525698167429934,0.0851535949004948,0.12493455996648394,0.11909316315286718
0.128,0.015130833860724542,0.016193218859288313,0.008437247850563353,0.018946874970714008,0.007813461722159454,0.00975850000170371,0.01382019678588129,0.012498115222230953,0.13166771777463648,0.12079441386070562,0.13737886350984896,0.0890598171510982,0.10216546149672318,0.08344334918964154,0.12457916314822493,0.1083127645958555
0.129,0.019759811295505223,0.02229512727306772,0.010977804838693588,0.025982188817091315,0.009918526038360869,0.013080026236483307,0.017406194098939707,0.016647800901659515,0.12553262822723055,0.12237867630919436,0.13054275487635625,0.09004665813975063,0.09398413780964257,0.08162147968143625,0.11412167788880594,0.10570450756778237
0.13,0.028247440799858803,0.02735062887015784,0.015090423665983997,0.03054327798928868,0.011703987943810605,0.013050194851036302,0.019601778067657748,0.015806477301557063,0.14791135248946005,0.1216695029780157,0.14745930462469375,0.08559949117467155,0.08938211870254038,0.06415559747585187,0.10345565905922426,0.07897276400619141
0.131,0.02820160520698177,0.02811389376976951,0.013312497462741112,0.02777868135767944,0.012824918649376483,0.014723440039119882,0.019015732597956237,0.015834770373724792,0.14941304563306443,0.1264545491050153,0.13185422316951304,0.0789714253242458,0.09885535656375341,0.07286411823684358,0.10174837824952392,0.08003336426069135
0.132,0.030268255563011437,0.029402682382413354,0.01111791716473467,0.022509314531663004,0.016201398158524026,0.018180637465414505,0.019014135769266683,0.015451876323410406,0.1561032575383383,0.12862091303098758,0.10690880703125231,0.0621757772117122,0.12161188852463052,0.08740113587604711,0.09911800624002436,0.07591399718856952
0.133,0.025023756009926883,0.02788272120883955,0.006580865862263657,0.015630966384183684,0.013516210359057628,0.0174000255858586,0.011327466594579777,0.010834701092469088,0.17074787145302525,0.1584981505651853,0.08780939606912308,0.05861522372722663,0.1338708900794867,0.108310294724748,0.08194199024838705,0.07200947003563908
0.134,0.03371340505577764,0.029362498593303876,0.009928891510431727,0.0186679782686789,0.01595423824069991,0.015770631344436774,0.015028273055881551,0.011236387560732891,0.19061373159652847,0.1346240970577126,0.1110124237602537,0.05743130493609886,0.12887387875888828,0.07751797895226686,0.09009380880156759,0.060170472506740444
0.135,0.03414505074032187,0.024242024598409826,0.009320368925946067,0.014139337331344847,0.014660810720736488,0.011694112666952803,0.012695098436106483,0.007599381170060305,0.22371053853646045,0.13068222178635602,0.12146213713128186,0.05164792709495866,0.13791641651306433,0.06793333117030917,0.0895074966904618,0.04864374648722888
0.136,0.03043558563750847,0.023979287414840542,0.008340139725894063,0.014008025097729606,0.013073046293433036,0.011575495573443756,0.011306174141444593,0.00752754087528223,0.21799372997117483,0.14057750024410853,0.11881353589132418,0.05580602377331286,0.13404814312897617,0.07286042114466053,0.08725600926960526,0.052399341817261365
0.137,0.03056599705413921,0.0262878249998323,0.009543254477847679,0.017367271568907713,0.01681422158618213,0.016093996122579807,0.016251183037343766,0.011667969221317678,0.17322945377421803,0.12312916630702711,0.10927456058997521,0.0562427359514795,0.13993735097965904,0.08277796492254748,0.10345024767909684,0.06736680172784644
0.138,0.028511171463496958,0.02239652778319658,0.011076800282369273,0.018554123543469265,0.017048948553460258,0.01496990848250635,0.02025625930230452,0.01347546928563964,0.1567675677342131,0.10154246611326187,0.12344866489073912,0.05853729503110204,0.13755042924929176,0.07440010737083702,0.1257749547458825,0.07568930616822965
0.139,0.024302372138160423,0.02217975039621231,0.009676896257079053,0.018767196005133737,0.016575971766525727,0.01676630999089007,0.020075267924463847,0.01538143112520045,0.13832322175541306,0.10375161618006268,0.11158777278772755,0.061238124893864807,0.13789487627183813,0.0855897182933352,0.12889144596230373,0.08899802825178929
0.14,0.02354114648182035,0.021764246533710646,0.009815582440546512,0.019245936041834954,0.015851316141777424,0.01625507031696643,0.02003303306295947,0.015574129005452379,0.13603903612404905,0.10327063321965185,0.11486313775259209,0.06385411896199614,0.13370081973124276,0.08397414179123182,0.13075696659479505,0.09146068579937308
0.14100000000000001,0.02733590175511735,0.026518872249323523,0.014420286099985517,0.029470895179145567,0.01792213936930228,0.019312048957533322,0.028643797806749118,0.023294906415709794,0.11160272609007037,0.08962248569702375,0.12426567137367255,0.0726427290658311,0.1060690733122569,0.070518531127202,0.13730123833626637,0.10105869716481049
0.14200000000000002,0.0277246082962757,0.029342491434119232,0.016631804872683863,0.036850184714151094,0.019682271964734398,0.02309136444028239,0.035496381585166444,0.031296533311014486,0.09112061786240568,0.08056359829222001,0.11703961820841215,0.0749374119809754,0.09452093178309329,0.06888337850649447,0.14019833925921107,0.11262046348876037
0.14300000000000002,0.03296294342317385,0.028622608276269546,0.021005336333029808,0.03839239419923891,0.02046444025627009,0.019451471900067956,0.03926963834705856,0.02825484687138144,0.10156899905179341,0.07314361365335371,0.13888038092881544,0.07300940966792202,0.09168399783422465,0.05355892153641421,0.14529438635509395,0.09443661136589249
0.14400000000000002,0.03407118228321152,0.027519405805814537,0.016548441301245782,0.027809138618483633,0.030720062019193584,0.027546822356142007,0.04706523352678829,0.03173238134997058,0.09533772825904992,0.06360108636145002,0.09795910924477463,0.04721627457098843,0.12702937321355848,0.0696659322292652,0.15947009658451916,0.0967077322755441
0.145,0.029482912574814182,0.0205535315466378,0.012956639795734762,0.018612930785700324,0.030699659714147804,0.024045590978367844,0.04275422800674724,0.025017802677180075,0.10134193956396946,0.059186380040543204,0.0951438655925116,0.039953815306719334,0.15382181627104385,0.07449074017781954,0.17736708140446325,0.09457106556359977
0.146,0.02932733751081383,0.021656553148712235,0.012612130149930498,0.019163787498353787,0.030888673509031378,0.025642862036123835,0.041978506820179215,0.026066717920280556,0.0993834174073076,0.06144999605446794,0.09122671784286338,0.04064737710026638,0.15257760841733575,0.07820966346286422,0.17194826989493084,0.09722038122653852
0.147,0.03001857569626098,0.02286415099537474,0.01305924451335536,0.02042068780608519,0.0340533165406309,0.029153207351385206,0.046666224420840965,0.02989368489628673,0.09075025890645112,0.057927453938445395,0.08425780718417776,0.038812464039064604,0.15069511051501047,0.07965604778149794,0.1716121727776301,0.1001595926375025
0.148,0.025146175267785384,0.01997521236656552,0.012185932500009305,0.019786920036234834,0.036499440843293735,0.0324635990551212,0.054902658010536176,0.03649044559841049,0.07028405473751051,0.04682323819740459,0.07293519041016577,0.035042470624909665,0.15074938343553115,0.0827570051385315,0.1893006068763558,0.11465766690163424
0.149,0.025527031524161487,0.015936224259291892,0.013529293051842032,0.017420327672876205,0.03062692858198198,0.020893358236799463,0.05069489943909479,0.026196176096024457,0.08546951519477468,0.04570154796842977,0.09619216453738492,0.03750275042114525,0.15426049600952285,0.06658389443252272,0.211515296318392,0.1019500962557555
0.15,0.022268469539172612,0.016885731263274747,0.01185458226124025,0.018494156014071818,0.023729221849671567,0.01991018475327301,0.03932773792887642,0.02499938726998388,0.08863075292997408,0.05663376809654051,0.10003828827870957,0.046671615180084,0.14355039736901476,0.07476990068225087,0.19735191146878045,0.11488389511508151
0.151,0.02123745285026375,0.014131273496223541,0.011585291909522176,0.01585140527537584,0.021919975693025714,0.016124939471228596,0.03711451213125939,0.0207234823300415,0.09523589660605646,0.05377106844319939,0.10986084779093926,0.04542701846291563,0.1496809592897685,0.06877038347108914,0.21029835973331384,0.10826713304577736
0.152,0.02256018052326997,0.015258054611150967,0.012487834102856426,0.017327186207324125,0.02057093101814001,0.01541513426519544,0.03523709597491206,0.020049470049031626,0.10153393106333647,0.058212528806677634,0.11866057170962233,0.049901585774710516,0.14097935803271577,0.06585307967232906,0.20075630740619643,0.10519675078253114
0.153,0.023038694363470114,0.014361527009342304,0.011552083475642355,0.014677231173491479,0.022589868418568523,0.01566749742341461,0.03504353818995154,0.01838933507438961,0.10569538742668741,0.05584882835951843,0.11182623666484325,0.043232722633021387,0.1576441384289828,0.0680728640252149,0.20386767406616163,0.09849237326729957
0.154,0.020784500375027826,0.013890031918924323,0.011336501647459835,0.015359054107864433,0.022948616275640703,0.01701289641330038,0.038390632697220754,0.021491659883027557,0.0909174571177863,0.05153597344763239,0.10464196919475403,0.04334779981366983,0.1530647954316292,0.07063130654291615,0.21421233491433128,0.1104344702188149
0.155,0.0227548108859119,0.013139509750217751,0.013992305519077555,0.01648494436158698,0.023817386424093888,0.01521257655068023,0.04489656573122735,0.021857729419435003,0.0906922159882357,0.04405464228053302,0.11811401894256522,0.04240973346999715,0.14436793166149553,0.05684842276655636,0.22932465518960563,0.10203255105878076
0.156,0.018931483935014422,0.010278252423818628,0.013744783379057126,0.015266258185787729,0.020454884680170995,0.012314380775938496,0.04524558448634893,0.020863636559376855,0.08370082439875862,0.038313003491892955,0.12744774693756347,0.04339221835913279,0.13731308628708774,0.05101334952130619,0.25435913607591815,0.10736137050282683
0.157,0.01765828273489371,0.009769594241519903,0.01214342791012556,0.01372021260935148,0.02159958998318093,0.013255755678825405,0.045225482057194545,0.02127376402782394,0.07957456132755479,0.03707528911030699,0.11457198207848912,0.03980593769217519,0.1476178115413057,0.055785374318411185,0.25937517482651323,0.1115477598623283
0.158,0.016574592953579898,0.007295381460779903,0.013567199010875356,0.012411450592211081,0.021404695020514303,0.010534867237640563,0.05291184460371431,0.02033732524212344,0.07267516122766875,0.026817762706228744,0.12455238999123129,0.035055699218180664,0.14247125450969783,0.04295450425936637,0.2965742149642726,0.10386165700191476
0.159,0.014590124163100562,0.005322824071957943,0.012221487961441306,0.009263364599389966,0.024751212173149705,0.010368559930593841,0.062204037422267384,0.020378255999693822,0.06072797240130391,0.018453410966505667,0.10627982029525047,0.02474739411962857,0.15748637265338614,0.040176821758749065,0.3338363600296244,0.09919198145395726
0.16,0.018711064536628047,0.006210039237836774,0.016730447960681804,0.011542279904496265,0.025561133440756147,0.00964978092979819,0.06879355395918675,0.020382066437302046,0.06841369541331778,0.018762499965682883,0.1279689227676907,0.027053601158554173,0.14081157846783693,0.03204683154359277,0.32164565151542235,0.08571685276121639
0.161,0.013829164269083835,0.004130364714337333,0.01708499019440307,0.01075411954847556,0.02340821924723612,0.00805594825696677,0.08415020995667731,0.02301533457953123,0.047102967650076495,0.011563132070880854,0.12273212811632003,0.023687216519717596,0.12106765257488887,0.024984703439140648,0.37295991822014396,0.09147393064212025
0.162,0.014903018337727727,0.003856968839950403,0.023414052952973826,0.01296342030033687,0.022236452763775866,0.006584644400903174,0.10283663036005734,0.024638498554012445,0.04189576419852041,0.008765531949907618,0.14162250385923647,0.02383767169134772,0.09377909350324891,0.016327833804742464,0.38148314624611795,0.08085476823714084
0.163,0.018624586183628847,0.0042858915099386165,0.025653882341570716,0.012508976004376005,0.022291317481334363,0.005806439714785183,0.08866767845890675,0.018474614141795298,0.056356933397598695,0.010517770609422735,0.1674423304589116,0.0250167527035328,0.10212638476161918,0.015679237290007864,0.3598547422335966,0.06669246270897472
0.164,0.02139122511295166,0.004751864478720832,0.028173064176481452,0.013228718698604971,0.025665830471024654,0.006472130972803875,0.09731401403468215,0.019596565832952044,0.05727523397575115,0.010283255181902103,0.16183009370184412,0.023300165669127564,0.10410370662001993,0.015396227032747211,0.3489164842822667,0.06230141975811967
0.165,0.024827358370269004,0.004995859697134515,0.03148981907227829,0.013345438812361433,0.02603620279407841,0.005923556261667818,0.09452550507553958,0.017116678627902653,0.06545616583728019,0.010626163485087213,0.177654251224601,0.02313597432654413,0.10392019276355216,0.013814359927660823,0.33365761582682957,0.053474857897213186
0.166,0.02170882412756855,0.004539306817557562,0.030060743205266287,0.013193389430787008,0.024137859321728076,0.005717328966709888,0.0951509434030395,0.017891168463662732,0.059366648072832866,0.009998312524358587,0.17524793890673704,0.02369262589438353,0.09984998230808825,0.013770727263307804,0.3478719776394735,0.057802223654498844
0.167,0.018452599278100487,0.0037172048193116884,0.031775451284017146,0.013465725714260518,0.017837037952663486,0.004073658707291593,0.08848354166539923,0.01608711840427492,0.05619110975832603,0.009126857946934757,0.20361617763645956,0.026697488081554515,0.0828151509198768,0.011002340367669122,0.35894207995577004,0.05771645750809024
0.168,0.018719267999342905,0.003253837244440488,0.03517550405532846,0.012928754313459596,0.01494850805260778,0.002913004374272688,0.0813564739659168,0.012693874729337721,0.06055348436702711,0.008518547179722297,0.23831888660286518,0.02728561209019645,0.07417438570170498,0.008424239459299768,0.3519691507516761,0.04876646911280165
0.169,0.023408324752210358,0.0037638612258376345,0.04484155508484198,0.015237713342172141,0.017616913180765918,0.0031807846909027823,0.097497230747739,0.014076658717922021,0.05968870038924686,0.007683745849094559,0.23948620070575424,0.025167869534353772,0.06836445992855125,0.007092962093504652,0.33094182443596676,0.04195119532113595
0.17,0.019314269321455267,0.0035597617579691105,0.04577982914390056,0.01757454333539291,0.015896255425337846,0.003285015777310274,0.10760414536701159,0.01752358786507748,0.04607647988442833,0.006825360800328462,0.22984550768491172,0.02745651246120313,0.05787300634984918,0.006876157029547362,0.34505333602137683,0.049456231774899995
0.171,0.023467857316473908,0.0041916097787635465,0.044056281978013215,0.016310645487224655,0.0235503798547583,0.004750757380984385,0.12892162542956054,0.020385532246998232,0.047130612011064596,0.006743632823746177,0.1816560531968706,0.02090781499496312,0.07341546848968887,0.008467913885086142,0.3478167467401236,0.0482270683856801
0.17200000000000001,0.02304560478985409,0.004890599489031527,0.03934689254744191,0.017424064877037557,0.022900676363500797,0.005516297673231249,0.11366745136435892,0.021593609019227182,0.051184511673140615,0.008628048902469342,0.179869377965669,0.024612049463417142,0.07901533992919302,0.010761666588255461,0.34126072814575753,0.056283081208414666
0.17300000000000001,0.01957348026116037,0.003633990752744415,0.0364351984411352,0.014176624625975801,0.01975827105993198,0.0041867860684910085,0.10658288644723621,0.01786850901604617,0.04998711611294979,0.007438673566958286,0.190019527028656,0.0231033548990395,0.07832787225569032,0.00944156134718453,0.36582217966775893,0.05364396844904158
0.17400000000000002,0.014992488200533583,0.0029672688467609594,0.03753678373189633,0.015411702348968086,0.019069404346799993,0.004295744456351525,0.13390517608413008,0.023639883029463144,0.031316347550214514,0.004999654518891156,0.16436304296900597,0.021251901503147225,0.06328031102609159,0.008131252060315052,0.39382478558575523,0.06101425374167547
0.17500000000000002,0.01703015162758172,0.0033294188938837077,0.03504815866818725,0.01417904637588233,0.02302658513077139,0.005150331576679072,0.1334474723662843,0.02330397833719871,0.03524314542037112,0.005556607150199843,0.15144046297200883,0.019348817248379304,0.07576835808232839,0.009641073235058159,0.38893313638737037,0.05955325652781563
0.176,0.0190886082424231,0.0038853306630111124,0.028171218425902606,0.011930133979645713,0.028296048715392295,0.006605119993758727,0.11921696898413828,0.021824414207632602,0.04305128759420944,0.007054024756745979,0.13424521253913696,0.017973300000768324,0.10114319958975855,0.013380782151846208,0.38286329130770586,0.06127105884792433
0.177,0.019314167443655824,0.0036830814420242977,0.028183902195582592,0.011151347018102418,0.029685437992355648,0.006524186587204636,0.12334885030929416,0.021207077827813108,0.042463368937685375,0.006511766366579545,0.1304567751812387,0.016362372310879853,0.10355191504912295,0.01286528186849618,0.3866670433039894,0.05802342616597539
0.178,0.029464401497523416,0.005833002367874054,0.037609267986165276,0.015452770750525358,0.041228505445550546,0.009455932452789686,0.1484382742135028,0.026660426022098036,0.04711408539342615,0.007547747745693633,0.12311642178104534,0.01621368892572964,0.10294582137343627,0.013426444195229457,0.32427083687503766,0.05122237297437271
0.179,0.031764827635699974,0.006417298329350626,0.03553318893521355,0.014884924495529528,0.04601034068859041,0.010802413992655413,0.14518312531597422,0.026679167390009504,0.05029344062091817,0.008223469151208715,0.1147749939452546,0.015465704801135575,0.11385654324155838,0.015177939620031815,0.314191142188198,0.050741479648671664
0.18,0.02971724543235563,0.003923994285983935,0.03535386363691617,0.009791771912803282,0.050185257855430654,0.0080015597929,0.1673278314580991,0.021083467544272403,0.04428946978908202,0.004665033554902914,0.10741172184346555,0.009471979047693577,0.1175092028010819,0.010493779633468871,0.3432267913042551,0.03754703010728884
0.181,0.033062112457879406,0.005197483180215524,0.03880505133244916,0.012775063275994699,0.04965350966892155,0.009554140915378963,0.16279983713039325,0.02473583520262872,0.04727856589946903,0.005949911966847164,0.11273108099149139,0.011903316776116377,0.11137235074507192,0.012035610760050938,0.31982699608138065,0.04231913361571125
0.182,0.030101988180848825,0.004350398956634827,0.03296597641864676,0.009917701631406085,0.05056378163006778,0.009017988720330997,0.15494842434226624,0.021713636230386697,0.04776355801769688,0.005551206099515307,0.1063460979343816,0.010347966392742925,0.12523759854668004,0.012576326866777718,0.3372975619203545,0.041299788111262864
0.183,0.026717043054899393,0.004620512426063299,0.026757430180688508,0.009677447392060582,0.05603614087877789,0.011779894100996162,0.1581558885851026,0.026244157703222762,0.041462458974786974,0.005778627352622854,0.08402433905003215,0.009893006270355513,0.13617137294814965,0.01612758083445913,0.33756914708183733,0.04898495316594517
0.184,0.015605831189862258,0.0026268500664022028,0.022711601809401304,0.00800487290098048,0.037515129111758826,0.007717865244697607,0.15005567930612856,0.024407806116724197,0.032274450951820514,0.004394560364319536,0.09046050178764972,0.01045020365996743,0.11948495615331017,0.013875141541580528,0.4030032581412816,0.05741129165411519
0.185,0.015113192529529034,0.0028200225536424727,0.026985031555028252,0.010410706017187191,0.03224171672657878,0.007428434127534239,0.15970035689270756,0.028701192366009404,0.02900231876812765,0.0043954977979533795,0.10003634118954881,0.01274151224339361,0.0949693310251593,0.012393639099202523,0.3999346849776363,0.06312602213076146
0.186,0.014897415052901281,0.002497532836630161,0.02907561442571731,0.010100189366908817,0.034486442905236045,0.007201408032951605,0.18570742523794687,0.03029280553311576,0.02431919709547656,0.0032826511251066635,0.09197096752014527,0.010497030376399617,0.08708855835898928,0.010206484965118364,0.4013507632803143,0.057025513887042106
0.187,0.019685981635454274,0.0033856408092594182,0.033583496821323056,0.011958614580655348,0.04210076458715036,0.009068394642322801,0.19670355041651913,0.033064471113957446,0.02780917583430993,0.0038604190072916646,0.09056070863509816,0.010658423856303167,0.09154425281697698,0.011083232294464661,0.36185616275464555,0.05307671019426813
0.188,0.014936291202658204,0.0027417525844158817,0.028496252002533497,0.010764316514444847,0.04096182952489777,0.009385862528753924,0.21102064866482897,0.03752153268153408,0.02052143103943803,0.0030456122423053044,0.07456006057607646,0.009351504274501595,0.0870022684652923,0.011203809810488576,0.3795894041462924,0.058897423741538064
0.189,0.012354805528285698,0.002141052917077318,0.024773277849714004,0.008823050090402887,0.04068522341900206,0.008887065653557517,0.21908634800654334,0.03706342573075403,0.017113794679762605,0.002400276550163013,0.06505477469452643,0.007724220701134048,0.08716488972839051,0.010695244278130749,0.39738988169399736,0.058642668478558375
0.19,0.011175795787954535,0.0017580402698004777,0.02545979125784327,0.008258042618854915,0.0383150808978089,0.007651006000474274,0.23358942529116122,0.036207462418850436,0.01482175550453803,0.00188448127837931,0.06388566590650539,0.006921352498167876,0.07876715987554574,0.008813835272665485,0.4075183848362991,0.05497272028515101
0.191,0.007360350504091815,0.001275696804547068,0.022202027115664158,0.00781448557643173,0.025398516419015516,0.005619969175998619,0.2047075006585287,0.03457320636004367,0.012843306936610226,0.001779143409645799,0.07053459426566802,0.008247111908174674,0.06872524041656844,0.008409433299953221,0.45439013711140025,0.06611928003765807
0.192,0.00643455401400803,0.0011228463162256095,0.019318972659840384,0.006826264679731711,0.022007996519972626,0.004934946907155088,0.17646947995201104,0.030063485816959612,0.013753864170007466,0.0019193019299714783,0.07479603058506744,0.00881061113248084,0.07309006632427105,0.009048146480614822,0.4809102354362923,0.0704931970753906
0.193,0.006508121565106086,0.0010211954144942045,0.019330821239115965,0.006117578575185138,0.02091936122102854,0.004230767268875283,0.16574486169614522,0.025328802272583037,0.015158458369546456,0.0019133240552186564,0.08108647153707874,0.008631434459464194,0.07598908450273424,0.008521357568811684,0.49422778311803556,0.06527057713657702
0.194,0.006059710530660709,0.0008216556363836997,0.023404224915912396,0.006498362163515137,0.01819103442176303,0.003183809175272334,0.18884106416807675,0.02533306288781309,0.01232756871548116,0.0013327269329975408,0.08669117732196631,0.008063064321344609,0.05750040496193837,0.005519300628577383,0.4989090008463616,0.05732383237193598
0.195,0.005680228296365806,0.0008076700956807561,0.02390926631672897,0.0069247266361510355,0.017509879253868082,0.0032352056860211233,0.19789458509012162,0.027797032302060286,0.010910995276655304,0.0012415333094480993,0.08326271830340559,0.008121919500994477,0.052333810246178364,0.005311934936992585,0.49541398420417426,0.05964451054515362
0.196,0.004900488637607755,0.0007577245632822499,0.02740631933719637,0.00851223844194092,0.012789129668339082,0.0026100042403689057,0.19662685632442808,0.029896079589562134,0.009443333942405378,0.0011712653322089536,0.09510648883610863,0.009985983099795715,0.038378903089854845,0.00430319812242583,0.4937991258772981,0.0643128608971771
0.197,0.0031632728761625682,0.0005610519251962666,0.020590576805796446,0.00724206491206342,0.010944716203753943,0.002539150878691478,0.19243260879182314,0.032759548008351645,0.006674092156913805,0.000946985167933508,0.07717861740715681,0.00916735309402109,0.03554841619874176,0.004510047830733159,0.5202135308523397,0.07552796689032122
0.198,0.003269241569393775,0.0005922925564685056,0.019548489684815793,0.007006952088549772,0.012759405845730236,0.003046849827853608,0.20773309917575117,0.03615803356966558,0.006259804066408526,0.0009111800057426004,0.06561020881264988,0.007986603140809512,0.037831227279394496,0.004949095955262497,0.5105062313592119,0.07583128506229227
0.199,0.003213596654359522,0.0005327015216399378,0.019410128561014227,0.00634675288370097,0.012975283915050602,0.0028660798178631246,0.21406629218610923,0.03421307277151408,0.006040232720222232,0.0008063434943162725,0.06340507987669192,0.007063446089542793,0.0377756308878314,0.004571138137038156,0.5163716388828076,0.07034258160029794
0.2,0.0030431391379317613,0.00046424098467764084,0.022326201212239803,0.006747353196423874,0.0120381730624261,0.0024693301290525825,0.24257575399773484,0.035975563565903486,0.00485729524167598,0.0005946746345077348,0.0623627047257567,0.006407691644513249,0.029702063838278562,0.003320000743853539,0.5038308583382844,0.0632849555467395
0.201,0.0031817484709281306,0.00045832299970326645,0.023882965784794805,0.006793724894193636,0.01266516041865255,0.0024798169489735128,0.2625579314524506,0.03682715380444944,0.00457501861797203,0.0005295433129456114,0.059604112162290626,0.005767915250022982,0.028132072208021962,0.0029991035542158858,0.4913732685993278,0.05817214152105722
0.202,0.003157043448609138,0.00042424817706561305,0.02494457627093915,0.006603439461649939,0.011669969273784294,0.002151052311039678,0.25687683480715834,0.0336015803020956,0.004731244911694321,0.0005139207493885286,0.06424204274445072,0.005813967299136606,0.027023433218240613,0.002721322041548065,0.5002407574592428,0.05528456752395667
0.203,0.003082845205908601,0.0004625861083101406,0.02061028103688878,0.0061178180731289835,0.012511317631931182,0.0025904258843332476,0.23670187495953116,0.034666512992386565,0.005143530275349494,0.0006232006301583612,0.05902948802114296,0.005979005865291949,0.032056774088485646,0.0036137725886444382,0.5136459910132078,0.06316457562530065
0.20400000000000001,0.0030484504304841404,0.0005500767503323753,0.01686809247042993,0.006094390553609379,0.013747700726959173,0.003424864490829718,0.219056741414701,0.0388029279296707,0.0055024758454072726,0.0007994923302091923,0.05207434780451732,0.006404420381658231,0.03791189983929063,0.005120128340060804,0.514621121050395,0.07597286964144508
0.20500000000000002,0.002466082347801925,0.0003476438541720244,0.017077316227062787,0.00492974026485153,0.012962662232438126,0.0025971316396899776,0.2557486102688217,0.036975970241190155,0.0037323938271230043,0.00041541848456456103,0.044600215799600246,0.004316135423305414,0.030352741651573565,0.003240043687155846,0.5187669376727465,0.061470956377902494
0.20600000000000002,0.0019756713658239254,0.0002657511292204087,0.01646995523061349,0.004527562318629195,0.010575459593722207,0.0020460656342323035,0.25297512959441426,0.035036602086121804,0.0031398317814453867,0.00033559678352562813,0.044448044876576824,0.004119030885000206,0.025927848424481675,0.0026844389414148267,0.5347421043527323,0.06073090700204549
0.20700000000000002,0.00246759739787744,0.0003023434612212093,0.01916947153541363,0.004750049673687493,0.01233971645348401,0.0021932380123507516,0.27746067739366154,0.034724999878547415,0.0034714193673544827,0.00033787879273397716,0.04496033260816917,0.0037467346783274674,0.026579086562629268,0.0025245096019537194,0.5127498389065035,0.05222210567608499
0.20800000000000002,0.002609883501753646,0.0002854308167153907,0.01678740865668161,0.00363905848197796,0.013468737654649605,0.0021662901971348323,0.25454856896415934,0.02812129385538594,0.0041946873976825136,0.00036918009769751906,0.044989045958151855,0.003325645099606713,0.03298941847815125,0.002865650005486783,0.5406331954679359,0.04900650536682908
0.209,0.0021271012219471015,0.0002936326578611104,0.014658523217342,0.00394882315732088,0.012067983997507055,0.0024510218218644036,0.2460926909403703,0.03362099524349604,0.003569413655920818,0.00039672861599406684,0.040386209743100865,0.0037184651794219667,0.030714816792409783,0.0033699289650677656,0.5420622984545462,0.06052136633582946
0.21,0.0022623265438406737,0.0003051074258083343,0.012191440538577855,0.003169899854575491,0.013747501911517421,0.0027596987060879486,0.22393715982228346,0.02977382473609257,0.004291998506774147,0.0004687896155549457,0.03799170897882515,0.0034041489489922564,0.03929439680590264,0.004280921190766291,0.5610750423453565,0.06104603406904423
0.211,0.002388911526289119,0.00030902382523350524,0.013267148157332414,0.00328271866829431,0.01429846552372879,0.002780215458506144,0.24231451461343928,0.030864725103155733,0.004099090039812779,0.00043035811522881584,0.03688032788686895,0.0031570977531476395,0.036842651112076415,0.003898599925923585,0.548197193122568,0.05698895916839465
0.212,0.001507366507003397,0.00021193292311671676,0.009303294952974075,0.00246805918806728,0.0123093595757978,0.002596924394642486,0.23075878844093228,0.03140204494192496,0.002906980902709295,0.0003316501196321078,0.02844441333886773,0.002619306111727653,0.03497625804062147,0.00401725388875678,0.572743941601066,0.06340242507215986
0.213,0.001822947809752157,0.00023254445179170184,0.008603453906750977,0.0020191948771874023,0.015251374167647337,0.00295499880878718,0.22263317726124668,0.0271146333788339,0.003675653823151803,0.0003826974408783284,0.02714842302492668,0.00223520849546518,0.045149986013065586,0.004792697049787293,0.5785377376541639,0.057445271836563956
0.214,0.0019209502186016078,0.00025002098378906876,0.009436883256774707,0.0022364997254984142,0.01435535951727094,0.0028719023191263976,0.22116634590256307,0.02745385221882249,0.003906094201705947,0.00041624888924133316,0.029492464727192847,0.0024723255246600494,0.04276818929100616,0.004709803082414412,0.5780666256498767,0.05847643449145593
0.215,0.0021086538671961,0.0002786240751042167,0.009573770240826823,0.002281126827122568,0.01648688718007066,0.003380582356393325,0.23785236598608206,0.029922521543436418,0.0038685601973310617,0.0004202229805992593,0.02636796481872694,0.002242582430228214,0.04430875053167232,0.005031204182541602,0.5585896558428503,0.05728652693981833
0.216,0.0016346601266769743,0.00024400154440856845,0.009779707643722624,0.0025685912307871184,0.012871575062806907,0.003011710768214444,0.24726069912144708,0.034518231027849025,0.0028633600267201284,0.0003533895008293823,0.025425662899858585,0.0024085907108136947,0.0329394441738154,0.00430220401457708,0.5563821258672517,0.06343604628022116
0.217,0.00196817732794218,0.0003484653474178769,0.01242419939767199,0.0038208196996394606,0.011961834048237018,0.0034360538943798203,0.24859322788275606,0.041736252509135256,0.0033035206732030396,0.00048649231724651583,0.030407579571603133,0.0034128595887976173,0.029026680991814505,0.004702936595722666,0.5312194565793091,0.07315144357512378
0.218,0.0021480716291329806,0.0003247013062349016,0.015541141330385986,0.004091308787156132,0.012892631826357108,0.003193409176372092,0.3115713651380261,0.045077568257163386,0.0026020728609077474,0.0003186416180558473,0.027621107167250233,0.0025992176770614846,0.02244006119581915,0.0030646498146382007,0.48988048638321896,0.056633565832219686
0.219,0.001949680611506131,0.00032372734523451307,0.01502053399329658,0.004292486273683672,0.00967997250882787,0.0026944931548675707,0.256226286328917,0.04078507411808194,0.0031103449433064283,0.00041463022513663127,0.034354873000546335,0.0034940148050836783,0.022642574545503176,0.003440822945863492,0.5344466471499056,0.06712383805023937
0.22,0.0020390433127999747,0.0004068340045384434,0.0156475066393065,0.005327666037863493,0.009688561072232395,0.0032914787921267683,0.2603097980615706,0.04977720867366853,0.0030757463279687336,0.0004965559418162219,0.03322941813972995,0.004076683177967784,0.021292632923886976,0.003995151079555711,0.5099919026609184,0.07735381315404943
0.221,0.0025417306002001095,0.00043351399450240177,0.017557138642762066,0.005019682549838144,0.0113756664304291,0.0033261461520399213,0.2792542856212082,0.04495153471652529,0.003567388374902735,0.0004905764427783218,0.03399144806852298,0.0034943287832822933,0.02310679634456995,0.00372771687416432,0.503399799224182,0.06376224718009231
0.222,0.0029297077244074994,0.0005355030710890738,0.017996167085849873,0.005487742712741944,0.013631441222532783,0.004311841392552652,0.30349374941075175,0.05231136510343501,0.003567979134008949,0.0005297070363047549,0.029459381263868118,0.003268321693852768,0.02399141841280159,0.0042335216527413285,0.4701677235896094,0.0640844294934525
0.223,0.0028379164871998965,0.00044714651238273665,0.017694258790774877,0.00461519002082773,0.012406419343318141,0.0034073088860990725,0.28543859830427587,0.042194324077489374,0.003939166153262113,0.000509967659162781,0.03254269398931713,0.0031341817778536576,0.024892110373275572,0.0038682614443955573,0.5027399559567808,0.059332500223584564
0.224,0.0030749980013565895,0.000426105229532861,0.018673129237861685,0.004234221780001768,0.01143474629326625,0.0027669664481129687,0.2602260248792566,0.033299582352150116,0.004920263078588439,0.0005662808886832451,0.039127491615761095,0.003325243220925685,0.026654724018630574,0.0037042101656881285,0.5325841327804189,0.0549818800097651
0.225,0.003688589658756116,0.0005126123050282468,0.017751934913392744,0.003994869132397299,0.013793945356831492,0.0033863209463449815,0.25291682438028135,0.0323279210552577,0.006067363321001173,0.000701493228279531,0.03777814048473911,0.00320698264787993,0.03294404506613618,0.004668243784784631,0.531474482374109,0.05478623134478054
0.226,0.0034190775716924425,0.0003765969088964415,0.017758454893737893,0.003163616791110099,0.013543962108382905,0.002684206249469349,0.27042896808095435,0.02776026361007661,0.00532918564868489,0.00048582262597268423,0.03539746474152571,0.0023755351582196668,0.03061460772356553,0.003499146085266852,0.5388488642904905,0.04431422751195401
0.227,0.003572363120011452,0.00043858999925697586,0.018934170131872166,0.003715420026196297,0.012772639346988175,0.0028721226739777663,0.264380883326452,0.030207784100583168,0.005666265515949952,0.0005761199515293628,0.03783487769567025,0.002813758691585328,0.029301592414766313,0.0038201201142187696,0.534244480538998,0.04884881235194413
0.228,0.0026339211482644077,0.00029744209429024903,0.01701118840804969,0.003061146809462617,0.010365440792335395,0.002179604312129407,0.2624531090384579,0.02777938234431714,0.004431803005945575,0.0004161040990276719,0.035378928629106576,0.0024320393061661155,0.025076396175276457,0.0030810157133655688,0.5562192202585752,0.04718325786522997
0.229,0.003921148343125329,0.0005384081542772885,0.020387599918602818,0.004503762587673158,0.012521619918035102,0.0033090214930920196,0.2538592167445605,0.033942131084852945,0.006493331851995529,0.000743160330539327,0.04095360327101224,0.0034898363753631213,0.029639832754257214,0.00461669527401071,0.5247183143431559,0.05636231755544668
0.23,0.005396050768955339,0.0008860389710204438,0.019549177698491783,0.005281093091523571,0.017708648349323133,0.00563350125977268,0.2551606726426618,0.041775487344077836,0.008389889161588789,0.0011555725412817322,0.0358320292670001,0.0037918258498004795,0.03929229129462434,0.007443272983702964,0.48804582737846475,0.06465862139771031
0.231,0.006002522779867138,0.000869876146807669,0.01863752607691246,0.0043508254728163364,0.018824002372122492,0.005313116222163062,0.23401404415463373,0.03322609071305726,0.010539024180755668,0.0012914360443347947,0.038487418572172215,0.003573245135762588,0.04722057624822803,0.008022728010126892,0.5104505927490582,0.05917697512118137
0.232,0.006586949931281089,0.0007525317346609282,0.017379924561171062,0.003093852244329497,0.019129357085707246,0.004250442867322648,0.20237671517053854,0.02182720665646961,0.01400956719887636,0.0013852284055779149,0.04365406485501007,0.0031966644717952336,0.05847641156354677,0.008037913242236175,0.5463096372046143,0.04953353280686255
0.233,0.0054569664555519076,0.0006224974921410543,0.016739333825419537,0.0029441735732739626,0.01885907120341789,0.004216197978426057,0.2301746223357774,0.024694295783227158,0.00988552135734725,0.0009761200808607827,0.035757901178611,0.0026041656572602977,0.04973493088667168,0.006909098182029983,0.541615432404382,0.04880967160560207
0.234,0.0046257727717765595,0.0004923722031533077,0.014697404982222623,0.002386956481755669,0.020084278436778926,0.004255722660418437,0.2546662902951872,0.02560552785411128,0.007407708129549355,0.0006794800742182589,0.02740221964904148,0.0018470650294895692,0.04737821402338096,0.006245024325918416,0.5370540180044554,0.04517194507854247
0.23500000000000001,0.004235947247388242,0.0004499527496083107,0.015194720844785754,0.00243512222445882,0.019394880631936822,0.00413809361393702,0.27927563275291434,0.02789607341528409,0.005990539495596247,0.0005481252801240046,0.02481586330190567,0.0016622209554435735,0.040426788117274966,0.005393939260112459,0.524360827907468,0.04378127220176182
0.23600000000000002,0.0052685070281520505,0.0006526999906329348,0.01916965697815591,0.0035420958733233397,0.022953397886796616,0.005783886065337708,0.3392805820366786,0.03940796085710276,0.005312119527241645,0.0005821959048518053,0.0219870416563454,0.0017570148742485931,0.033659517753062945,0.0054967785126466395,0.4502387978850501,0.04490774717037299
0.23700000000000002,0.005622415237582438,0.0005660892584317653,0.020317286783360918,0.0030162289891331627,0.022555555222183304,0.004624095788862673,0.3354645096351244,0.031236661428833485,0.005963183050226089,0.0005337385485470917,0.02421436224629423,0.0015717547305444833,0.03474222269365688,0.004661104372165291,0.4673453862092531,0.03756540580580066
0.23800000000000002,0.004388324355708504,0.0004926084556542623,0.016353800844621614,0.0026716074181233154,0.019436752709419195,0.004466029012817197,0.3016900976786418,0.030922026727857852,0.005661891021851077,0.0005591363561229884,0.02333351966731935,0.0016634761818988427,0.03596767199004784,0.00537915993887957,0.5028904984522452,0.04412339918879125
0.23900000000000002,0.004116816970958524,0.00041232722211442753,0.016302398077195857,0.0023579569269282746,0.020907854252356136,0.004362421099967618,0.34750351881998987,0.03199185918500672,0.004274803408935846,0.0003711929752290848,0.018557636583515225,0.0011632632772541824,0.03150331801817997,0.004253293610387077,0.4749355283252551,0.036985811246725966
0.24,0.003513670079200582,0.0003863901181414381,0.015148410162019581,0.002368500529145922,0.014806043242926375,0.003466716095352034,0.275179680079886,0.027740148121045614,0.005223848129883781,0.0004901503272834503,0.024025761081565133,0.0016191146799811027,0.032828706367395294,0.004900538811181868,0.5427226248240714,0.04557969735092035
0.241,0.003603839743927049,0.0003595883236125736,0.014654130226491433,0.0020462337290022437,0.01597633453937524,0.0034403062949504093,0.2843565658188423,0.02586475382411257,0.005188792988423564,0.0004404408171112988,0.02211155673477863,0.0013378970885829205,0.0341981069257253,0.004711678880948014,0.5408205897113292,0.04088918435278729
0.242,0.00345585811508555,0.0004060864240500693,0.015963582373426075,0.002570022675616336,0.014177702825981953,0.0036590988897498306,0.29224981474355416,0.03096116852684027,0.0047320832741921445,0.00047423001883588887,0.022597904069124007,0.0015953713106858698,0.028672225465822414,0.004783615694268015,0.5271163161167408,0.046584919476026554
0.243,0.003554084797334797,0.0004854695322572111,0.01758945661834681,0.0032407828534337726,0.014287579887389986,0.004340425435180587,0.32071574619886095,0.039110689161322945,0.004120134820025062,0.0004852021011030533,0.020841763240095686,0.001717006231257232,0.024298455862465044,0.004864127413877029,0.4899351388321841,0.05041393701486572
0.244,0.00426459695547448,0.0006225251557739687,0.017350040202095973,0.003402361471266962,0.017638356645994314,0.005782703710657732,0.3324619149709073,0.0433251053053566,0.0045781056314152324,0.0005765936028744358,0.01856460352996266,0.001645155377900983,0.02767531188425921,0.006023007740799856,0.46483969538993974,0.05124992242532054
0.245,0.005629464367377052,0.0008614391012987913,0.02025114235752497,0.00413578111205528,0.01946322115333642,0.0067891713794268685,0.32619086036976436,0.04468916703411839,0.006024810154012117,0.0007941301086557859,0.021290713727607578,0.0019793278243518952,0.03030335160987057,0.007045470419693573,0.45214810930627053,0.05240383997463583
0.246,0.00474430936008882,0.0006281539919009971,0.02192695021869475,0.0039088772539773615,0.015559776397749206,0.004726535140828181,0.34122897571711114,0.040907309581940526,0.004961015100085939,0.0005637951422914497,0.022331205938032568,0.0018199485457734614,0.02356942967328446,0.004780969990449313,0.461619938473925,0.04672280947386683
0.247,0.00451652071185264,0.0007138998177830018,0.025337543130825726,0.005260191943014804,0.011588588846999289,0.004349235887207206,0.3214497069641548,0.045802072633749025,0.005082268502342628,0.0006842322506659407,0.027255857707361168,0.0025908552879064903,0.018976646151479162,0.00474035627852844,0.46593043843061466,0.05572158545551512
0.248,0.0028732931034130705,0.0004452383442046182,0.018092535067647218,0.0036475503922051744,0.010391494213752092,0.003878567410177642,0.322621021831842,0.0450258904286009,0.003424619726670138,0.0004513915867177876,0.02028582439782237,0.0018851588774389794,0.017794481147445213,0.004437882528978859,0.4876150033345535,0.05713004760853027
0.249,0.0026308584759639317,0.0003560838734790462,0.016470548651560054,0.0028668660686640367,0.010706884625187317,0.003563537033156766,0.3372947992395552,0.04126594141975306,0.0030267969179450355,0.0003466833797887241,0.017554872335962392,0.0014132986256783636,0.01765007394792214,0.00393348632366098,0.4906683584706668,0.05025091061105618
0.25,0.0022539312007275377,0.00033717517364976844,0.01434568562563005,0.002726371461873969,0.009928316544115202,0.0036871131133073432,0.3253946237684206,0.04350326168115152,0.002764109024589724,0.0003479103434313965,0.016027554197382384,0.001416022087652375,0.017309071826296357,0.0043110031742886286,0.49985026533063065,0.0557975854468527
0.251,0.0021624777543390395,0.0003448507532049035,0.015036497220491557,0.0030069471000204887,0.009256368620775139,0.0037184082946841936,0.3400174796501586,0.04809559563246193,0.0024579598239323763,0.00032958477152152864,0.01536013809680799,0.001442077426668717,0.014852472224037776,0.004033253181801237,0.482755289871387,0.057130599577707636
0.252,0.002489360278827984,0.0003927778983948066,0.017057332113246504,0.0033411297175097747,0.009377810450249036,0.003780297443687466,0.34863070156883685,0.04851858503947402,0.0027227784967043794,0.0003600651963732917,0.016494263570561135,0.0015271194546589383,0.01435470850672394,0.00393041457487208,0.4720888945250818,0.054933761164798096
0.253,0.002491445293305476,0.0003412544965330623,0.020426928812698676,0.003484072977087958,0.007855538624443714,0.0027566983909911155,0.3638407644770799,0.04386547710733976,0.0026140054759103636,0.0002982523606936813,0.018763416499162782,0.0015173371681148704,0.01142314736424887,0.0027267278078368655,0.47035613522457853,0.04723879791997455
0.254,0.003109863683927518,0.00047214123262166177,0.02049860124324587,0.00387652994339789,0.0094792905895717,0.003753301469016771,0.3622907992023415,0.048675451731701576,0.0032061735873301156,0.0004047804351118367,0.018183722025470254,0.0016442090978651624,0.01346541934738588,0.0036501387158938275,0.45617380629304805,0.05111577140207026
0.255,0.003009605577880459,0.00040923164666882366,0.020392003225611223,0.0034243523110123264,0.009680202001051588,0.003494420634947678,0.3885254765516292,0.04676689676729124,0.002814884683673448,0.00031562098652351556,0.016223135853126718,0.0013028933396040312,0.012449937352650185,0.0030764205448382737,0.4438203800467455,0.0442945384767458
0.256,0.002783047113912019,0.00032880289797844285,0.01839120538106409,0.00264933744129807,0.010922180700946351,0.003525245989802659,0.43840804114269655,0.04622807018342888,0.0021101980636964203,0.00020167252445260246,0.011667248862110017,0.0007948967829397426,0.01157078473998149,0.0025394099333048625,0.4123396253211255,0.03554023292126245
0.257,0.002812033526871098,0.00030990068467385835,0.016300178716880415,0.0021540799806538365,0.011356069941697168,0.003482675073935857,0.4131760862186808,0.04026669423819085,0.0024352938597616623,0.00021754086838483258,0.011764041422902088,0.0007450479752453623,0.013636648287489759,0.0028675651513690374,0.44301302002519294,0.03546312402807047
0.258,0.0030647142431720403,0.0003515438573375623,0.017566030584778992,0.0023914209005704103,0.012132022387331033,0.003937130982275946,0.4482964458828365,0.04521119375562111,0.002249980339147609,0.0002093086747575967,0.010585131092474052,0.0006984500378705129,0.012252641173475805,0.002755599718307416,0.4046811835456524,0.03361720282439097
0.259,0.0037281096953834113,0.0004904680576398604,0.02139206931836948,0.003308700424461942,0.011023885389969026,0.004265040951382363,0.42127892729968797,0.04932697487337842,0.0029560559735637626,0.0003130988807086457,0.013767191666682142,0.0010353344645526814,0.01209040665033091,0.0032364756559828327,0.41226144042745505,0.03952582027045155
0.26,0.0034543158775010535,0.00040040492544859036,0.023381281683293113,0.003189137252538565,0.009302330973769778,0.003205134794653546,0.4324244766063499,0.044643188607614265,0.002691791245462969,0.00025029530303893264,0.014664576137987708,0.0009778664270167143,0.009965415836081608,0.0023846344554255125,0.4141149204965787,0.03495022937723894
0.261,0.00332446554325064,0.0003431058681006624,0.02371646874351403,0.0028574970575456836,0.008690755586157388,0.0027122548424490475,0.43724777981062524,0.04002097352862802,0.0026117440320905564,0.0002157769508313452,0.014843881776032514,0.0008805006981425519,0.009337228272446908,0.0020356596532490985,0.4197559260269968,0.031405981609939404
0.262,0.003206381173413498,0.00033995233066819045,0.021873317435193256,0.0026761909260673046,0.008164980238126802,0.002672250106070501,0.4043135252288677,0.03772509274605007,0.0029408586010995076,0.00024847892157213696,0.015875542232214632,0.0009618104850038584,0.010207778759938457,0.002338919845071643,0.45203288002647846,0.03442204094416394
0.263,0.0039067423079675815,0.0004599331632419442,0.024982486951298316,0.0033686701242845287,0.009333492473418418,0.003464359873983991,0.443912076804243,0.04590901673978542,0.002936673676553515,0.00027768903935752404,0.01458063765540144,0.000991761361999903,0.009445499340369935,0.0025024997998802406,0.3998041842672185,0.03412427642099582
0.264,0.003801452274198612,0.0003834663819606489,0.023548790013534313,0.002683647351759018,0.008871178928841837,0.002871285796379061,0.41928449795856915,0.0367922620272874,0.0033119215934289746,0.0002707682985504924,0.015837967344445043,0.0009280242320976361,0.01037837395417211,0.0024330574591632428,0.43661007954555187,0.0319932268400606
0.265,0.0030143386081782735,0.00025645699582174165,0.021159324381708915,0.002031857518527773,0.00813710468609338,0.0022932569760022456,0.4415800531126623,0.033211924561977184,0.0024674187501188037,0.0001686393502012972,0.013298554437270493,0.0006577135982715192,0.008945590257253088,0.0018273065925604342,0.43383716811061235,0.02711329206274028
0.266,0.0026525265144522778,0.00022307391996048942,0.017825146506211375,0.001668124854245767,0.007551302709350342,0.0021521177663166263,0.404957409183191,0.02982954859229458,0.0026161963522140846,0.00017640491932807318,0.013419503618758058,0.0006532965204388068,0.009907108825538058,0.0020557746727146212,0.47518145444531035,0.029131010599675447
0.267,0.002345437906763535,0.00017682412475398865,0.016378996333555062,0.0013581067700646884,0.006765256920152882,0.0017705059404728378,0.3878533677885174,0.025488008724742856,0.0025728147317390527,0.00015587896058161422,0.013539074065723302,0.0005923249269896025,0.009817766321323277,0.0018895333612754888,0.5017084763192154,0.027587626804128802
0.268,0.002719266795365548,0.0002423254502689143,0.01683673892788929,0.001643426508385822,0.006874223840187009,0.0022007062234746023,0.35855712187221395,0.02810199212489202,0.0032979129409618927,0.00023351760060074826,0.015287255667094378,0.0007881369254855551,0.01104736431753828,0.002590471418853994,0.5160401284906686,0.033539410896119434
0.269,0.002337287516803411,0.0001669338806963562,0.015124826086625395,0.0011722691850724087,0.0061059498098276705,0.0016076847464004114,0.3407979469337234,0.021451845561780064,0.0032078720209073874,0.00018391269785480272,0.01532616878246312,0.0006413313035729428,0.01103841277364882,0.0021652298423890225,0.5496197440549674,0.029052584803267462
0.27,0.0023656746091963114,0.00018047111110602076,0.014091439368213074,0.00115168524791404,0.006521516884236186,0.001870672210155931,0.3448944928806505,0.022946034060759252,0.0031880887435679,0.00019449957428316494,0.013810516170349625,0.0006156917827480171,0.011532454623959205,0.002479839576191899,0.5437643682123566,0.030392554944312065
0.271,0.0013885880387716743,0.00019383037718676718,0.00943230401377162,0.0013459200442503291,0.004807811904817944,0.002431125099543336,0.29446568905961257,0.032454828429892696,0.0024180995829944777,0.0002522868425085204,0.011589237474902384,0.0008628628300370633,0.010656138253342193,0.003845233733628624,0.5731364980720698,0.05071954624266997
0.272,0.0015146026768213627,0.00023775247542635042,0.00846826239538662,0.0013606036448118176,0.005828283476043915,0.0033580652706186732,0.3065149293247829,0.037963298882846705,0.002444659721460043,0.00028704910751090724,0.009387754846356552,0.0008013688511588675,0.011981073340895352,0.004970159960965731,0.5499447938027953,0.054937342222118886
0.273,0.0018379098810541704,0.0002676778127502769,0.0086587759427247,0.001270141574115554,0.007528560404763666,0.004106158423121246,0.3450567751323854,0.03944783442163711,0.0024945630673983655,0.0002689296452748278,0.007803074584408866,0.0006103617399264839,0.013048347263197365,0.005117033858501347,0.5153460828812652,0.047137773367475634
0.274,0.0015456414763936005,0.00020902834228416582,0.008105301659715368,0.0010991329860417206,0.006436843858305136,0.0033275729782915884,0.33726992188552063,0.035928934196736505,0.0022379863583283804,0.00022387968108081286,0.007667315735057117,0.0005624817540565842,0.011863330651655426,0.004432059900645621,0.5335322072378912,0.045558361297996224
0.275,0.001649631691724528,0.00025879155137506753,0.007128006690043892,0.0011273563822829249,0.007248409812038991,0.004413317445982205,0.32544071884909836,0.04042404459345726,0.0024610797008529552,0.0002841242304334968,0.006858335456737637,0.0005938637030776928,0.01371714125452202,0.00604281519585511,0.5297296413179002,0.05262272212461765
0.276,0.0016812924175802226,0.0002452200879113833,0.0073633437766274495,0.0010740423274013986,0.006705276421429118,0.003854544829505755,0.31406472038181377,0.03613679185814591,0.002689492826767053,0.00028854051654137884,0.007487157742582138,0.0006074778170204366,0.013620800284475928,0.005694338813953011,0.5479407975951398,0.05054616230310525
0.277,0.0016818480977317987,0.00021754208539209654,0.0073302664336307504,0.0009390300874474336,0.0058236551502398645,0.0030034757011435224,0.27898660281964316,0.02818562022645183,0.003244820611995337,0.00031118681503916715,0.008870808643952012,0.0006476201940558726,0.014424669796440522,0.005484666314136371,0.5922800796167373,0.04856810740596292
0.278,0.002070065445414252,0.0002918352647797505,0.00862635816744983,0.0011951237832435043,0.006481947169176514,0.0037256178314725233,0.30310697400361003,0.033450016200873345,0.0034978895147423387,0.0003663205670298923,0.00895134752786927,0.0007208707128782205,0.013929238236307538,0.005967856610021737,0.5573802203900357,0.05023831857509553
0.279,0.002125844821991197,0.0002572668537010245,0.009373164023691498,0.0011094532746116293,0.0055898842169008105,0.0027732657820378004,0.28424152244207235,0.026642803733203987,0.004026252066605949,0.00036395236591285185,0.010732460786551927,0.0007533667672231073,0.013575251258717003,0.005081071953188521,0.587916501824464,0.045437937829126404
0.28,0.002298550982324081,0.00027234931380653644,0.010976079827644751,0.0012610635946032388,0.005283505238316429,0.0026141121000441783,0.2984089770741101,0.027265291887654097,0.004067528687464159,0.00035833367836572043,0.011609336285614164,0.0007994784671802018,0.011906568820908526,0.004458145788399894,0.5751396148871873,0.043281063366376556
0.281,0.0018624950769801812,0.00022671535190227522,0.011202025017146741,0.0013064440530452877,0.004132338554353087,0.002146890641161564,0.30105670793361927,0.02806625512751842,0.003279753000824701,0.00029572712802051755,0.011652293254106081,0.0008233522631688314,0.009245891005581127,0.0036479584994377635,0.5767738648218674,0.04428128827126669
0.28200000000000003,0.0010680720252766135,0.00017417968476659632,0.007705099010557771,0.0011644281787997395,0.0029200530509721745,0.0020233938177312773,0.25747079522322924,0.030476009678199138,0.002447741078844836,0.0002848203501919775,0.010073289255072799,0.0009071001746431534,0.008276414125144323,0.004238763267915633,0.6124472629827976,0.05832257809585713
0.28300000000000003,0.0013740330075871867,0.00022697398819889928,0.007822524726134759,0.0011893394344664509,0.0036238127259693637,0.0026039515953678676,0.25944137194550965,0.031128562073715494,0.0030948203392787664,0.00036361166373719613,0.009852783530019834,0.0009045709314826506,0.01007888943658135,0.005371564261994207,0.6045659076065341,0.05835728273342227
0.28400000000000003,0.0016455069235371386,0.00028470506800122336,0.00877485235535733,0.0013885546920962132,0.003967795181085532,0.003055121876064528,0.27219476033824014,0.03427164769242334,0.0034339300271191814,0.00042194148068999904,0.010048720073034626,0.0009744660986642624,0.010178213673441934,0.0058461165462722646,0.5842258773912471,0.05928779058272528
0.28500000000000003,0.002657989405567449,0.0005450161140089416,0.012648153783055796,0.002378760102676408,0.004693289268793291,0.004486510490584863,0.2892320112944224,0.044753802245334644,0.0049106476831608575,0.000720474678176202,0.012548016813562938,0.001481006874912727,0.010424329717957847,0.007568740076151369,0.5334085219659538,0.06754272948568035
0.28600000000000003,0.002485219408824271,0.0005724796992358609,0.011843955475417086,0.0024859030768813284,0.004321709989907042,0.004716425778429448,0.2719428402207529,0.047163378277817324,0.00493778488962319,0.0008088624669429554,0.012518523632230548,0.0016595636390825523,0.010326711623736511,0.008537214087320498,0.5394333112688556,0.07624611646494289
0.28700000000000003,0.002690171790787882,0.0007460719506730705,0.014597582186588878,0.0036272839327692076,0.0036658127997261066,0.005001480562212786,0.271976315101256,0.05710576196650078,0.005086112601890622,0.0010054367221954564,0.014585167277545101,0.0023209651313124044,0.008279322783059932,0.008626959656044425,0.5125707021442615,0.08811485339317594
0.28800000000000003,0.002444273433579466,0.0006340912347038394,0.012645291618303448,0.002917060434357545,0.0036228255766742913,0.004699647684953609,0.2612775302753412,0.05133753720509237,0.0050286271210007215,0.0009307918754501702,0.013661694284372113,0.0020428947233199443,0.008870572193667867,0.008822633215845874,0.5348044050397484,0.0862601240835891
0.289,0.002665979688435214,0.0008152727454893741,0.014190751530017282,0.0038295748467117767,0.003933548951408141,0.006092313629973849,0.29681863983186774,0.06843330724206075,0.00426810830419682,0.0009490011513466674,0.011848235890867599,0.0021364490965232272,0.007488194315472637,0.009114298627140183,0.475603745999102,0.09181257814938674
0.29,0.002582580342557566,0.0008494986509327808,0.014236469009049879,0.004110586914464157,0.00355313032807584,0.006015042928500536,0.2836613420202565,0.0703477381538807,0.004351198441475439,0.0010374368828203304,0.012414462714499171,0.002411760856386042,0.007128174432610482,0.009477311916190417,0.4786268814730255,0.09919638493527468
0.291,0.002027257734142621,0.0005892655402644743,0.008896365407133192,0.002223142737849931,0.0032491948780818264,0.004972532980451581,0.21458979794806168,0.04689357995968465,0.005309166392938745,0.0011456273680076872,0.012556805410382222,0.002198352374378852,0.009835848962619307,0.012068033580444101,0.5671441505241815,0.10630087820137749
0.292,0.0019278326741716091,0.0005344423005063281,0.00957924597840452,0.0022757618264461587,0.0027717141027762244,0.004083830037343142,0.21133019514379328,0.044015296770061337,0.0052303399284244064,0.0010743268225313343,0.013798076687146261,0.002320035680323617,0.00870651211214789,0.010312285534958521,0.5785997630219063,0.10344034137905912
0.293,0.001845228534605686,0.0006100290510405388,0.010214196275599732,0.0028513916247365923,0.002261946850997502,0.004080806042398516,0.19662463264926103,0.048871080952691145,0.005280735928272528,0.0012844012359768287,0.015271146363904208,0.003034646962602986,0.007523461824658849,0.010874762204321901,0.5686220432604101,0.1207494902385217
0.294,0.0014900093722715036,0.0005820364463225531,0.010338805734728725,0.003334199455451971,0.0017169829432905697,0.0037203135342681456,0.19078808382397683,0.05517093457745115,0.004293394015116257,0.0012299976607670683,0.01534949555909509,0.0035539698677435477,0.005746656317364744,0.009993125759545553,0.5555219204484523,0.1371700744841539
0.295,0.002274635542197968,0.0008504359129702606,0.012918410275723704,0.00394927507282212,0.001903415794945248,0.003966097593002898,0.16996549168508113,0.04637287967305211,0.007302238646448418,0.002003091130524142,0.021338946816609493,0.004734526537936636,0.007221242147087219,0.0121329284913738,0.5697971131449893,0.13326927153523574
0.296,0.002559290240905021,0.0008451820436261691,0.015344483127003823,0.004134360832812317,0.001944326259180686,0.0035876635487030973,0.18511212103017843,0.044432415523648204,0.0075723345600322055,0.0018197671952556373,0.023123577770768972,0.004529573856941309,0.0067583655597119145,0.010028732681130898,0.571316754723406,0.11689105104669544
0.297,0.00315839628177309,0.0010295566119780356,0.017921246509984636,0.004737772446111445,0.0020088102466822846,0.0036906136132167163,0.18161881573270355,0.04286267603807302,0.009445646137298255,0.0022352492544146286,0.02700149965854399,0.005226785753233698,0.0070498901158573,0.010449161166675977,0.5674168794308782,0.11414700100257524
0.298,0.003042060919059533,0.0010814330836454496,0.016654805605270624,0.00478091713853135,0.0018987495083210716,0.0038390073498354798,0.1665555236312005,0.042845068228419936,0.009945431620616244,0.0025507815310399015,0.02718168697785848,0.0057332223979638065,0.007273363874090376,0.011853787923137902,0.5702137614844693,0.12455039872653999
0.299,0.003588195874616936,0.0012239273809493839,0.016063194496091067,0.00437683130209387,0.0020452743704602702,0.003988248868169517,0.1458820766388394,0.0356643831252697,0.013509318092774903,0.0033258165322992373,0.030286340152075274,0.006128747558837343,0.009058296649044346,0.014321255874766117,0.5879965677574087,0.12254152532630407
0.3,0.0031060407017915958,0.0008702227105571333,0.0158664518563499,0.003574169121096628,0.0018198861239614962,0.0029393628681279507,0.14780513348397198,0.030052617939744675,0.012140874440159412,0.0024561210892380795,0.030626510937481692,0.005173647530461953,0.008340382902764351,0.011002220042900225,0.6169456990397829,0.10728065921160997
0.301,0.0032454574329425145,0.0009535700752566007,0.01917804613029223,0.00448561186225979,0.0015050760990223885,0.002582822264990589,0.14397606680708921,0.03063070999903892,0.012811918953820868,0.0027081806013564804,0.03690905054911802,0.0065169276532408725,0.0069498154225674106,0.009782459980180899,0.6073039273496025,0.1104603588192209
0.302,0.0027455458335186042,0.0007924229946382795,0.01838562080692468,0.0041989227718195795,0.0012644127274793256,0.002145058488882135,0.13711146066252147,0.028568169439300573,0.011682444607394118,0.0024190337957097617,0.03754232367128952,0.00651719327768889,0.0062695315634041975,0.008770650534242709,0.6209128917185953,0.11067431710659094
0.303,0.002106521419708595,0.00044253671705307576,0.014260152827314016,0.002353543622267568,0.0010283354700985768,0.0012918853889716778,0.1126914531105307,0.017203053119883724,0.01210857351338652,0.0019067446955130796,0.038846428580876724,0.00513978889710676,0.00680712306034657,0.007400799669752604,0.6830950698512979,0.09331799005589195
0.304,0.0026984184030092936,0.0003893505793926635,0.01662262361441012,0.0018267683318875406,0.0012542701986847904,0.0010799046574070166,0.12452530810301049,0.012551794134282923,0.014496760246325112,0.0015368324341963836,0.041560379924388324,0.003617769388948561,0.0077135643917260995,0.005693032171637425,0.7021728946455874,0.06226032877510592
0.305,0.003358008586406455,0.00046731499874275867,0.018973421572903548,0.001985855277298727,0.0013808384832196176,0.001156122823962422,0.1247125808308477,0.011972736040290975,0.017806827548640762,0.0018098857917671146,0.04612708533605109,0.003849259979459218,0.008333684766968706,0.0060172218348095476,0.6935093354010385,0.0585398207275926
0.306,0.00391538814589722,0.0006668673417702215,0.019170905959143576,0.002464576723972283,0.001518419922195005,0.001578095832224362,0.1177406282071077,0.01401776086506115,0.021316761227506028,0.0026309301404696703,0.047255602332964504,0.004870077995491853,0.009364196830151593,0.008424850834867985,0.6746631800917472,0.07040175754942966
0.307,0.00321080337870709,0.0007161342148114387,0.018364770819800563,0.003006331801016907,0.00119454918815845,0.0016427164638927597,0.10777285141179158,0.016466370715801773,0.018906047718724627,0.0030106302200094987,0.04803634134281182,0.006300748841866311,0.007931399260978944,0.009411724131086692,0.6656635098395318,0.08836507065100963
0.308,0.003983790798724222,0.0009152795888500575,0.022400038663402805,0.003745511975429285,0.0012553521557218052,0.0017883854561341912,0.11031608007450781,0.017301084331216632,0.022288372036643408,0.003640774520925627,0.05490602986907118,0.007408628507278395,0.00783174446347053,0.009710445946093906,0.6446190616986495,0.0878894199138806
0.309,0.004152467729151048,0.000937714641954921,0.020568973678643812,0.0033454235401384215,0.0013964426854007536,0.0019593902637595082,0.10760019162890819,0.01647031464681504,0.023999211943488735,0.003835913427906078,0.0515526994745598,0.006811601704797151,0.008931138601527859,0.010989415776877893,0.6508177206773678,0.08663137957870302
0.31,0.005380857116123934,0.00125339200912191,0.020157918870416743,0.00336590831966681,0.001812188938488069,0.002624889271054789,0.10452661121579716,0.016472684267249058,0.031284842526897685,0.005133616737301815,0.050183297924342424,0.006855134572093114,0.011583970819786443,0.014819170965220972,0.6372367333439526,0.08730878310248642
0.311,0.005305929027026647,0.0009221690086636332,0.02185851411358271,0.0027395933644168507,0.0016951957079004824,0.0018146025882335884,0.10664681628827809,0.01252723664373939,0.03137986092022529,0.003831895210405714,0.05469421431920342,0.00565260855924198,0.010956597011610676,0.01046364036970279,0.6617517898038907,0.0677593370638779
0.312,0.010051639741075013,0.0016502876311033808,0.03506382075702418,0.0040940306310839015,0.0023266744089381498,0.0023304879927394466,0.11872056440008702,0.012837691527655374,0.05068394442572025,0.00578899617392202,0.07283941253593294,0.007013533830745537,0.012352872727650309,0.011062907495285598,0.5974058156506677,0.05577732007036907
0.313,0.00929158325523459,0.001491964067729627,0.03231995385964088,0.003658300448980973,0.0020372982395371465,0.0019919443944947314,0.10226098688237747,0.010726161190025969,0.05515207806578764,0.006143297924675791,0.07842599627355683,0.007383113882616107,0.0126869842309228,0.011208202521154701,0.6098606500296105,0.05536148473365421
0.314,0.009675291141985457,0.0015967682286839391,0.033547053047797926,0.003868426404258425,0.0020574797019542314,0.002062908847537164,0.10137427722904147,0.010855383051416109,0.05721196038914514,0.006516685389518243,0.08034538918505336,0.007757004243299691,0.01264445861349322,0.011570985191207335,0.6030378698452552,0.055878059490353044
0.315,0.011152827818285747,0.0020450015087613133,0.03704698611406079,0.004716861441256878,0.002240368329867584,0.0024944550365471425,0.10390658923631416,0.012349585239792769,0.06180767808859271,0.007809374689579447,0.0822607203274235,0.008858339630255126,0.012748370885215405,0.013140918455719032,0.5778004889053375,0.05962143429299083
0.316,0.008557062694019082,0.001836696759695689,0.024631571332974434,0.003678940946648811,0.002219373218108116,0.0028271844494264318,0.08924845545798404,0.012231771766788618,0.058581970686322794,0.008494695715848374,0.06796634477543936,0.008504068225854318,0.01508928106124504,0.017756346794873226,0.6070983175104765,0.0712779186042951
0.317,0.008390274664761754,0.0015839521395431386,0.024175991835949786,0.003148654169237594,0.002367794444101794,0.002652058087910074,0.09377361100364544,0.011282851901910803,0.05592332395109871,0.007081985963560085,0.06425559401571443,0.007045947818088847,0.015552858246615425,0.016219860803034974,0.622499778423624,0.0640454625312032
0.318,0.008063045103493665,0.0013619582018323192,0.022852431405785262,0.0026360474258250366,0.002674730363254036,0.002691468706140895,0.10273867890464282,0.011067395940664788,0.05002875257587098,0.00561272335257496,0.05586654269480884,0.005442221129025821,0.016307728398953825,0.015366625161497515,0.6386916846516228,0.05859796598400635
0.319,0.007234733365913246,0.0012429616835781404,0.022190336730826318,0.002578646732714413,0.0029763146135145238,0.003030650307880752,0.12107729017605814,0.013153496784668558,0.03753489006712979,0.004263312046261683,0.04513031984530304,0.004471318028321657,0.015335722892180426,0.014774296974555578,0.6452730286988301,0.059732681052263766
0.32,0.0066836352273230495,0.0009315851930116811,0.024489797898629373,0.002332146274267197,0.002826604568616619,0.0023373523971976845,0.1355656696919954,0.012109967091402407,0.0312216262864727,0.0028252001387020337,0.04478076513949819,0.0036254619576658546,0.013035234221531678,0.010165185222599307,0.6575248990327645,0.04954486965832245
0.321,0.007014882724312724,0.0014993558532531565,0.021405323870436314,0.003212517701885519,0.0035084938934740314,0.004313158677791275,0.14067780889622722,0.01917969695560199,0.029810152155018442,0.0041920683888562295,0.03480214104497082,0.004587320399714381,0.01471579345333471,0.017489432355748697,0.620880646199688,0.07271120742968654
0.322,0.005082749598768638,0.0010061679326178533,0.01650659119723675,0.0022808434525436448,0.002866160110593338,0.0032731849964990367,0.12067695262756244,0.015245690262831312,0.02726991709228286,0.0035655038508377785,0.03331820260301182,0.00411119310320691,0.014895823232956561,0.01668286178294418,0.6609335766898128,0.07228458146629384
0.323,0.0050540668620906925,0.0009554143675844619,0.01675462087417607,0.0021919575635763002,0.003059722550501678,0.003336622994787098,0.1300133120263011,0.015613374527653308,0.02508050715424181,0.0031068893361836233,0.030884001964281236,0.0036321689821348026,0.014654043489012529,0.015758340162893014,0.6612977242163419,0.06860723292824042
0.324,0.004497158979107461,0.0007321966490343761,0.01748922811375392,0.001976618156619396,0.0026269720323452094,0.0024578602027350745,0.13007077148551432,0.013481755884699876,0.022937524146104015,0.0024376056891648595,0.03267618550887458,0.0033524504985126186,0.01285655700751546,0.011973998717919343,0.6794762823101059,0.06095683461799366
0.325,0.0062165766431116504,0.0009169638782109682,0.02342537377020128,0.0023724192135350527,0.0034051865880486225,0.0028772582459736765,0.1617293036556714,0.014991788822580615,0.024598232509811933,0.0023206629975506747,0.03335798834311565,0.0030454342263859847,0.012722955385528706,0.010631009787885528,0.6463861598566043,0.05100268607578397
0.326,0.006619693890251567,0.0009179214723373499,0.022245315162648313,0.0020900391388276904,0.0037009842667399605,0.0029457585642469913,0.15572617428385963,0.013424336467480962,0.027398441069072573,0.0024203950238746294,0.03289398674058717,0.002814516193093717,0.014368923436075263,0.011406035792736342,0.6530329014540518,0.04799457704411614
0.327,0.006652721339637254,0.0009960781216272262,0.023373937971412417,0.0023466228637784737,0.0037424123220079065,0.0032182645829811588,0.16320930706198633,0.015060032133625188,0.025783208047268098,0.0024513594793349972,0.032069258208602666,0.0029656482126327044,0.013516034192156868,0.011712185081109154,0.6422749351875688,0.05062799519427072
0.328,0.005789360078243608,0.0008328951040435219,0.021919204307071477,0.002099147211340458,0.003570569877793703,0.002958034797036377,0.16598563158830473,0.014661194228122608,0.022397568177684037,0.0020343887320607604,0.029732853072659028,0.0026453468962876043,0.012791690796378085,0.01075665998993869,0.6525929324351248,0.04923252270791055
0.329,0.004927705787869066,0.0007501229902809924,0.023228165631685376,0.0023209370852828996,0.003216022389189459,0.002819229021052768,0.1838679369088319,0.01695531315127255,0.016671340238289284,0.0015985230002432413,0.027668988143586478,0.00259792693575086,0.010044569629135762,0.009043274528759894,0.6434867314659597,0.0508032130928097
0.33,0.005075143402989532,0.0006943583224349284,0.024898677918803125,0.002221997557360526,0.0033373557603088647,0.00263912851039598,0.19775931546181674,0.016318459177821085,0.01580118479701944,0.0013477476793039452,0.027086117466213564,0.002278156583769611,0.009533391015988298,0.007765919842834006,0.6383633494492749,0.04487969705366546
0.331,0.006323512198387262,0.0007666337158120268,0.0294067831017391,0.0022975132191659863,0.0038249349998572308,0.0026778966477671025,0.21367177383097524,0.015364662671957657,0.017853027016400888,0.0013335946651461556,0.02868165540123707,0.002113454063049991,0.009801384787055958,0.00707612480801565,0.6210552002833891,0.03775184859004356
0.332,0.006242951281138626,0.0007256195829238611,0.02561844252421766,0.001895201463618491,0.003990790711498032,0.002694337975647739,0.19671567548591706,0.013432103197549118,0.01968695663593612,0.0014057507098536595,0.0278972812059406,0.001968501621886578,0.011319953969455468,0.007952741513128386,0.6413328666166012,0.037120825504687364
0.333,0.007444381135710634,0.0010239297956621493,0.024151900783444223,0.0021370529300796734,0.004982397345629349,0.003979997380368336,0.19425401801971937,0.01582329801752717,0.023170775009267546,0.0019495762331350956,0.025667687343315197,0.0021906937667493056,0.013865681899363843,0.011622876435160126,0.6245669898585972,0.04316874404627098
0.334,0.008973576389998609,0.0011335749506924454,0.031266245790497936,0.0025299040143701695,0.005363204064378334,0.003921837335064442,0.2242313721238461,0.016632035766868364,0.023071058265632213,0.001757642990809391,0.027413723680799015,0.002140337248445173,0.012108843182856191,0.009270888961508884,0.5932224691218259,0.03696328611240674
0.335,0.009252973110035003,0.001081302358675312,0.03405755465812231,0.002535510150636535,0.004922280349093334,0.003324084218673957,0.21707053334610527,0.01475082183303617,0.0247832437433758,0.0017412582378834166,0.030894928796653474,0.0022413753528539846,0.011535364109138494,0.008230529029261125,0.5993088247078473,0.03426941599860832
0.336,0.009855146819152037,0.0011644904578184123,0.03619098087508276,0.00270222312033836,0.005159496585860274,0.0035327899331590367,0.22572706045638638,0.015396683253476234,0.024884364524805785,0.0017593434718410482,0.030753967953136372,0.002257174992099674,0.011315549408761718,0.008255255307149935,0.5873372351309714,0.033708237709960884
0.337,0.011700349932616445,0.001549531943824827,0.036551333580216096,0.0030626922771252725,0.006324488234865044,0.0048565918927325055,0.23466019236149976,0.01794537922644139,0.027385575980687013,0.00216910293266698,0.028427389808289988,0.002373894160828303,0.012787278228958279,0.010588123507058126,0.563218464234457,0.036399611697732946
0.338,0.010709588695134761,0.0017778513850162086,0.039795718790432394,0.00408085510028378,0.005494305365538147,0.005326454047692661,0.24219122958327483,0.022794070009481183,0.023409276235836326,0.002331452396344176,0.028927856083014177,0.00299942814013096,0.010283349276523248,0.010919994117185139,0.5453154171290963,0.043643153645015746
0.339,0.00895429820072614,0.0019223811498023911,0.03249209069600594,0.0042957986632206156,0.005539395276631106,0.006802257407136768,0.23773715673625612,0.028258796076085887,0.01993903866738767,0.002553083803428158,0.023951982905973522,0.0032200386199233723,0.010476110192941158,0.014165604485460715,0.5447433135608473,0.05494865355817319
0.34,0.006941600285601654,0.0015706236454611983,0.032950129848822715,0.00454109322358652,0.004303149772520284,0.005574200271053695,0.24061820663281958,0.029837626583677494,0.015436447609230389,0.0020762069204287906,0.02415207970265401,0.003408741215681361,0.008077412490076409,0.011601819553268864,0.5509414263362339,0.057969235908883095
0.341,0.006531974237888545,0.0014657468502146075,0.029966622753529282,0.00407505244870445,0.004165386072470705,0.005361760015789979,0.22461915456947132,0.027517444468758884,0.016089809939931966,0.0021407299243395646,0.024257607670188416,0.003402951632637853,0.008597832120994497,0.012356477348346474,0.570155957362833,0.05929549258390067
0.342,0.00667394572784365,0.0015068231417193166,0.031605944187787546,0.004302786950559076,0.004066876707962708,0.00527539432155648,0.22578360936103734,0.027722991836328665,0.016247590986573825,0.0021678339224283716,0.025148879798566566,0.003556484085106638,0.008241646437729717,0.012021802709978883,0.566622532263466,0.05905485756135531
0.343,0.007833723493259233,0.0016880567190430819,0.03570490633201102,0.004612248714658697,0.004693354268149122,0.005814729161533907,0.24982192352636687,0.02912081159167115,0.016534656677618966,0.002091039445744749,0.02442445555207292,0.003287363655217571,0.0081818854090321,0.0114426284211251,0.5414020448576742,0.053346172174821314
0.34400000000000003,0.008334532224203916,0.0017599837000579646,0.038460244224355365,0.004847043265522647,0.0048792905189885705,0.005931871653994876,0.26223158635614574,0.029836564841685724,0.016354806182286286,0.0020190967836104137,0.024371522296141184,0.003219001496223303,0.007851266776065964,0.010843548455033903,0.5283019869132685,0.05075765431241586
0.34500000000000003,0.008394241332039932,0.0017100601801769606,0.038787856309801534,0.004694216558014833,0.004172139811296276,0.004887679316251792,0.22390490972124993,0.024396179851638024,0.02015531015680763,0.00240250765515805,0.029980400965512986,0.0038403204294724363,0.00829919565764431,0.011163595516065987,0.5613380848008515,0.05187330173801803
0.34600000000000003,0.0069811700055758315,0.001260001737603629,0.026995371024473813,0.0028417011108779074,0.004904232389850106,0.005191119198270932,0.22560064122019574,0.021922838265310836,0.017539125914713363,0.0018501437495263492,0.021808057266450808,0.002456455597099175,0.010070476944840357,0.012347386344727752,0.5895330621700202,0.048698217060463185
0.34700000000000003,0.004828703985038181,0.001091318475965443,0.022031787934358622,0.002840069294781,0.0037714575447869185,0.0049530090614275145,0.20223711085788437,0.023871815612399913,0.014309689280082935,0.0018513817234642994,0.020603883314753577,0.002824242418121206,0.009005521223965848,0.013580801214616628,0.6116348326606567,0.06056437539769688
0.34800000000000003,0.005595291995872076,0.0013082047075427177,0.023339128950018485,0.003101300505187404,0.0038740501748476945,0.005283063631967912,0.18813378637485298,0.022972666252458012,0.017690705207757985,0.0023568821774670053,0.02317746444247382,0.0032975548139321086,0.009850040212244721,0.015510730635322677,0.6119130277344395,0.06259610218361492
0.34900000000000003,0.003022968583215451,0.0007399109142717997,0.015179857281345674,0.002090732490029026,0.0024713884996080014,0.003514302758504294,0.14159652757644162,0.017900436065470468,0.014888173015455468,0.002049812766343042,0.022499410626054824,0.003320549296722174,0.009424398218207484,0.015458089986766496,0.6748125072360088,0.07103093468555552
0.35000000000000003,0.002721720813773718,0.0006841314621613081,0.013532584511312817,0.001900134042761987,0.002436761993829387,0.0035509274964830887,0.13728536691921883,0.01772148512066099,0.013964266828668607,0.001962624575422385,0.02064151592459207,0.003133142533507131,0.009601997067264136,0.016255155844461102,0.6814117346732763,0.07319645019260623
0.35100000000000003,0.0019547981654662754,0.000571067975865434,0.012533912063826742,0.0019964425224530775,0.001736972269991103,0.002940588137183087,0.12538703206974774,0.018421913684294598,0.011254266226794237,0.0018132405305765233,0.020904157607790113,0.003610461698142589,0.007632412242675125,0.015009774037037637,0.6903732897056234,0.08385967106253231
0.352,0.0021933328916071844,0.000589363645493948,0.015323797015466252,0.0022380030813449435,0.0017660273039410749,0.0027355727333086867,0.13859311343091035,0.018642397186935864,0.011307762350501026,0.0016579121630084534,0.0226842281043535,0.00360500327179903,0.00685990401648881,0.012385455596514137,0.6837735711859214,0.07564455602240543
0.353,0.0024312114164082963,0.000733089840859187,0.015517102143997138,0.0025394526561760868,0.0019155319602468955,0.003333816821495067,0.13635877232651739,0.020643290002345074,0.012462039042175896,0.0020411825921189293,0.02254143822459772,0.004051291452359891,0.0073433319455571714,0.015033873204885423,0.6696660371012879,0.08338853926897177
0.354,0.0030212603821638652,0.0008202874040541837,0.016839499343074868,0.002446528228352881,0.002255612761094226,0.003519162942682271,0.13870552159440186,0.01861959011207388,0.015249296451946913,0.0022364791683356826,0.023776741585256007,0.003820052020373306,0.008453009128328443,0.01562872254918928,0.6706434593695928,0.07396477695907967
0.355,0.0027820361337018425,0.0006700560809331701,0.01615745059046021,0.0020731116842005563,0.00213007495797512,0.002946246128880155,0.13534024881513573,0.016100996919773954,0.014773198718934616,0.0019176982903236,0.023718204859834974,0.0034029805713954022,0.008334372690743387,0.013818860365799886,0.6883551070149014,0.06747935617700614
0.356,0.002502921253133569,0.0005557269570223977,0.015193676686098721,0.0017866068967995463,0.002255622582361754,0.0028904178584941748,0.14817036931527058,0.016297992329420724,0.012064993953872376,0.001428750964121285,0.020038398460551037,0.0026469029927221168,0.008015232651027299,0.012375917593310793,0.6913463511630422,0.06243011834275133
0.357,0.0027214580786311454,0.0006038897519791964,0.014403604621435978,0.001679857046646527,0.0023961802300256725,0.0030706552755585532,0.13623041109603884,0.014898980788071108,0.014291300969185097,0.001682528348231952,0.020566314661484675,0.0027199208703607963,0.009225752965632118,0.014357858047146637,0.6984360608099908,0.06271522643958105
0.358,0.002785302456858404,0.0007379527094533808,0.014335592354553277,0.001985978741648263,0.002250179152841783,0.003464894137282503,0.12318458553381251,0.016172273008201236,0.015894909327900653,0.002206472199555733,0.021976841116865015,0.003463375880157738,0.009380489463258482,0.017560918721095314,0.6907281329382788,0.073872102258237
0.359,0.00267433191034274,0.0006998419958550548,0.016364427178430813,0.002225457760803144,0.00226494376061226,0.0034337181113887963,0.14551277090767897,0.018801772829820675,0.012385196588004414,0.0016843167902741182,0.020449843129704354,0.0031879449008263656,0.007638819546467787,0.014190554299800023,0.6773177572706128,0.07116830301937771
0.36,0.0024086467510284044,0.0007038607830318984,0.010801910916317319,0.0016576483977159037,0.002395902308951542,0.004018624224742713,0.11494148357095244,0.016631443725312337,0.014300792366861187,0.002134928183658272,0.017764343030254696,0.0031050889989979727,0.010107951638397417,0.02070632676984014,0.697392706128689,0.08092834220524867
0.361,0.0024808057385775064,0.0005544649082646455,0.011919090378961274,0.001401102976664139,0.0026094327287982857,0.003361986146150361,0.13259650051948724,0.014834879338525236,0.012884852920670983,0.0014319061087884747,0.016954733928845354,0.0022483325786979394,0.009602945291057097,0.014945431965090067,0.709640376216823,0.0625331582545983
0.362,0.0029217919984490135,0.0008323862749248275,0.011347418855842655,0.001730322268637542,0.003269748829665842,0.005328474464897052,0.1340490796483072,0.019368078659757735,0.014351873581911928,0.002034956099612693,0.014899148736453614,0.0026172929464717124,0.011322557052734664,0.022608472641605933,0.6758623155789688,0.07745608236175874
0.363,0.0029906515167902148,0.0007599635945959244,0.011741764371028883,0.0015865375132856636,0.0031549646618529896,0.004557788415159436,0.1296451157464988,0.01657430209925497,0.015489766660589774,0.0019545585786881316,0.016026049593486556,0.002528763376113749,0.01147247433505953,0.020518366233102988,0.6907313408601797,0.07026759244431274
0.364,0.0025578115086010503,0.0006124251772646847,0.009562265766006184,0.00120529803694267,0.0030018322450823197,0.004087547445431395,0.11660169798149153,0.013991789824771044,0.015235154895329544,0.0018081929816902021,0.014836442621772724,0.002218882140518836,0.0123931790835081,0.021119896911223273,0.7124628157440821,0.06830476763628433
0.365,0.002400322973212112,0.0005009507273952014,0.008725362880911372,0.0009474629800742227,0.0035377720249304967,0.004250193723507474,0.13265915606238,0.013975490810775485,0.012430547180942992,0.0012626550522704825,0.011523686945083064,0.0014868502860094677,0.012823253703768625,0.019257015788678063,0.714610508407121,0.0596087704529397
0.366,0.002068360114075444,0.0005200023775086475,0.008364471867169992,0.0010751351734777442,0.003413115771757867,0.004885715829991353,0.14036585068703977,0.01741142031099228,0.009803792450233405,0.001200731905141543,0.009964115767477879,0.0015555080178688565,0.011314978637275772,0.020534712459314194,0.6984976400408635,0.06902444858981173
0.367,0.0023252770183581255,0.0005591990366175122,0.008940563419665502,0.0010900311304291145,0.003668537861627604,0.0050181838371752925,0.14238197632853095,0.016779348934300154,0.010850737971300903,0.0012632245725060912,0.010297565612772603,0.0015437923314994195,0.011910375193668384,0.02077368841463072,0.6971856324568129,0.06541186588010489
0.368,0.0022773852787699883,0.0005061557138958616,0.011213012999395955,0.0012669750404945615,0.003646471875042036,0.004610802584689369,0.17987551940112315,0.019697588866475827,0.007845454608140871,0.0008269690198878429,0.00973637555182273,0.0013551075272016946,0.008711291653078693,0.013960637193920973,0.6761555676831668,0.05831468500289373
0.369,0.001837050911768788,0.0003766489044187511,0.010810126125927329,0.0011292104326650744,0.002948321552253344,0.0034540514685717856,0.17371241331379533,0.017627946632872368,0.0067779728217775975,0.0006582347856780429,0.009870542418714816,0.0012861375075204449,0.007502636991611003,0.011243157125242877,0.695091301291844,0.05567424771533839
0.37,0.0014223729714399934,0.0004154706795405865,0.00846076514350305,0.0012503744690279775,0.0023065840509576413,0.0038632228698042195,0.13752477665114457,0.019758936651292816,0.006750789379866163,0.0008952641645492288,0.009776939849771226,0.0017554562438579792,0.007496587583571263,0.015556437439211894,0.7057091818117887,0.07705684004067287
0.371,0.0010362717476800156,0.00027764478489143436,0.006472214394979894,0.0008735767516615432,0.002057583357542919,0.0031954705997324713,0.12789924663692626,0.016992818546420183,0.00554279335516457,0.0006746292501821655,0.008251408589664482,0.0013755748607745138,0.007411132272806591,0.014413783617066344,0.7295713614024584,0.07395448983204822
0.372,0.0013287973902122664,0.0002910316695983039,0.007773567687407233,0.0008456375139904399,0.002296422897061534,0.002881489467297626,0.13282155232228096,0.014049665011899786,0.006953159387041603,0.0006866260345110913,0.009486405862773438,0.0012853744513184318,0.008034769863141186,0.012679512437483723,0.7391282184073295,0.05945776959665303
0.373,0.0014614639086899513,0.0003750883265887462,0.009853241903026012,0.0012345163150512524,0.0018547910299672593,0.002806642304725566,0.1260270634371913,0.01574561371898506,0.00792967087623159,0.0009101763478555119,0.01220461583494595,0.0019239792433313686,0.006722405988498128,0.012856811670582143,0.7290517184642258,0.06904220063010422
0.374,0.0015963647600177686,0.00041630316703784637,0.008755404648010093,0.0011079401030289493,0.0019638392527297904,0.003022973884573255,0.10758922095282816,0.01363289242732874,0.010108905508282036,0.0011719893675585927,0.012628559184052146,0.0020312548123905877,0.008269713896659389,0.016199699171903847,0.7404840392472862,0.07102089961631242
0.375,0.0013201094507109428,0.00031856606477499006,0.007986108387359372,0.0009301444596574233,0.0018474899863457149,0.0026383549844958463,0.10995173206763208,0.01292971297424906,0.008296906211842845,0.0008834229170091772,0.011204909046945533,0.0016777253994323161,0.007667299764812707,0.014051950220147047,0.7514441543349782,0.0668514137296068
0.376,0.0015213083833203979,0.00032222480830211027,0.008850470412273301,0.0008940196166835343,0.0018895758736754262,0.0023471454439181897,0.10701537540195621,0.010853286134826218,0.009926343337526067,0.0009237991071471888,0.012638261719284298,0.0016639461994710104,0.008100123216863176,0.013061187665175342,0.7614096177313542,0.05858331494822343
0.377,0.001319285106809399,0.0002727793762558185,0.009422497573066704,0.0009225930752232982,0.0018014285187281712,0.0021834541171390346,0.1230514180501453,0.01215127299367555,0.007254626032357942,0.0006519989286729586,0.011294851373583013,0.001455656135263134,0.006505192811276715,0.010317445610637077,0.7549672678800882,0.056428232417077694
0.378,0.0010487570936273981,0.00020670047273918724,0.009088539319319076,0.0008451185092844535,0.0013512530375338532,0.0015625140159097918,0.11211601728688127,0.01053637697285104,0.006544351705872267,0.00055875128310704,0.012002917551951403,0.0014883524218181423,0.0055107136645507196,0.008444293281079752,0.773528868686799,0.0551664746966756
0.379,0.0012937929928386381,0.00025475948409141617,0.009545272514791477,0.000878213869367347,0.0014146468410216005,0.0016384317062214718,0.09801799301696797,0.009145449404666266,0.009120965569595914,0.0007732514533618731,0.014086703743793888,0.0017478626461526303,0.006525385420568199,0.010116231953913736,0.7801848524346731,0.055256186947974635
0.38,0.0008503324181352432,0.00015923807705966412,0.006700124531035237,0.0005800819171839617,0.0010731503668365526,0.001183935388950735,0.07826037913260295,0.006924451852169324,0.00800488354333411,0.0006445244730262677,0.012821793748508822,0.0015251132259112093,0.006428208654971894,0.009649218398301145,0.8104164755911114,0.054778088680861516
0.381,0.0013402833264601545,0.0002480088562099647,0.008576453676984808,0.0007226036704209241,0.001325627354529136,0.0014385897385373657,0.0751861174684845,0.0064818539887197164,0.012893899323215257,0.0010163244923825842,0.01636004276208949,0.00191802853860059,0.0080550618653863,0.012032751671701224,0.7997322018278544,0.052672151438423756
0.382,0.0014323441311071142,0.00026061277160034977,0.010329513499352785,0.0008452744868735394,0.0013934660565460145,0.0014761951941879702,0.08775034110802511,0.007370693343782188,0.011584310691070887,0.0008858721271242855,0.016337438265028707,0.0018790120334513352,0.007024199456231296,0.010355279291452319,0.7904811314707443,0.050594316073421845
0.383,0.0016402730106705188,0.0003033357501253702,0.012172866672539808,0.001000069959979257,0.0014295953699468183,0.0015331385832889756,0.09153876445372469,0.007747799099015325,0.012613995736381986,0.0009714486878797171,0.017936700127549776,0.0020950048927827207,0.006754122174284158,0.010213885498273177,0.7816422574090884,0.050406742574469164
0.384,0.0017008022858890507,0.00027172797329664107,0.014499612953805821,0.001027620769282008,0.0012310227089316968,0.0011169437266524405,0.09054006869913882,0.006533247800572699,0.013338692753405244,0.0008804264976468387,0.02138757319575065,0.002177541149366548,0.005872313743754666,0.007628827397060061,0.7883922895651899,0.043401288780257015
0.385,0.0018848508878132023,0.0003027226259311854,0.017106185464971183,0.0012035127799237134,0.0013319733992998319,0.0012086356288623465,0.10294533707183783,0.00739370226041869,0.012752761458807337,0.0008378768673271518,0.021473575644613125,0.002191391443466669,0.0053954500472950286,0.007121172961291941,0.7744452336963533,0.04240561776178731
0.386,0.0021487024577547045,0.0003454816964328976,0.021317137940093926,0.0014846257356647791,0.0013902322478532097,0.0012576765608371446,0.11653307585476906,0.00830122980278455,0.012558981537771465,0.0008184303017979161,0.02290444993234907,0.0023334871678152985,0.0047632730338765744,0.0063678502574091396,0.756433140126954,0.04104222534583621
0.387,0.002590965949546886,0.0003950349370904561,0.02979043489591292,0.001955019528257728,0.001351944783399941,0.0011483095692458847,0.1320640090551742,0.008824635316416942,0.013008243941392843,0.0007935461405602854,0.027453210124673118,0.002644096026309346,0.003848414956954291,0.004887703021225481,0.732189550463957,0.037054881289882775
0.388,0.00242588804894924,0.0003271683252820918,0.02676787461782755,0.001530649866320191,0.0014004485194481161,0.0010549023657677535,0.1301252452512981,0.007639196613708912,0.012612919467205993,0.0006764241810298166,0.025292107592653,0.0021425669193535775,0.004064174012059726,0.004662475902716911,0.7460431980698999,0.03323476024647905
0.389,0.0037795933041778152,0.0007064955983437614,0.03563025250005058,0.002862461744878256,0.0019843935901862563,0.0020978349006827656,0.1544669730019729,0.012997807950780644,0.015680822788899117,0.001198237633128984,0.025980885706788533,0.0032520735906605264,0.004467402372311923,0.00762189582280549,0.6817297143504938,0.0455431551438387
0.39,0.004072149216794164,0.0009183145952148594,0.0409645533929968,0.003916515155771011,0.0018228083682462742,0.002346533487824108,0.15049640157709507,0.015302671573389812,0.01683840713317027,0.0015439581830415878,0.029543061049920983,0.004430806856146003,0.004030882025209656,0.008509254862070029,0.6618321171328367,0.0534315653902727
0.391,0.004378914339447641,0.0010713642896698818,0.03780838408987454,0.003914321881214913,0.0023495183480387555,0.003234639665647937,0.16666741411932243,0.018242416927892847,0.015927485220215448,0.0015840647751134208,0.02353928796139306,0.0038700419692266836,0.004560503242195431,0.010488424308424312,0.6459748360711369,0.056388382791185854
0.392,0.004493982210878229,0.0008711697982819647,0.04082623932922412,0.003347749047439514,0.0022234786779568995,0.0023842859438858157,0.16472301468488146,0.014132588024944845,0.016920099690110834,0.0013328359302495554,0.026132545650467385,0.003435380515019596,0.004423479641338703,0.00805937865425264,0.6612552134488134,0.04543855875225497
0.393,0.004810137154292535,0.0008386612340207668,0.03875644412881072,0.0028140838453850933,0.002271086571199222,0.0021708882123726205,0.1470699658408437,0.011138650705388248,0.020646107082630063,0.0014648688522441717,0.02832404150310262,0.0033443664093407,0.005105216223837238,0.008463250018409042,0.6811100301442441,0.04167220207387926
0.394,0.005936083820202877,0.0009083128964318265,0.04464159230995292,0.002804552157711631,0.002440077567088187,0.0020111698859084344,0.14474821180930472,0.00937622067850505,0.025646971371339457,0.0015870104552429876,0.032612081044226,0.0033550381240396426,0.005451463838127183,0.007908015041968414,0.6752296919484565,0.03534350705149406
0.395,0.005563049523491129,0.0008573029981711433,0.04377404850314377,0.002740895959912771,0.0022613984702225622,0.0018603042610638415,0.1382268745889223,0.008928251379795067,0.025472742660273922,0.0015750928493971725,0.033617465628442436,0.0034715784169113166,0.005279374234632704,0.0077626934849813105,0.6829702046769651,0.03563872236367342
0.396,0.007889472621038045,0.0012858315821532012,0.05527338096407209,0.003635192081267024,0.0026928456027397896,0.0023327746268800285,0.14244085696813855,0.00971999999530571,0.03356251210970816,0.002183093581117473,0.03896799423978408,0.004265921931122697,0.0057100714539451035,0.009009464199733488,0.645378692505451,0.03565189553754354
0.397,0.006755314061133518,0.001034444476227658,0.051280094391465664,0.0031442539967843045,0.0024412547661043092,0.001965869087192738,0.13716671165402636,0.00874065670214767,0.0308383508647198,0.0018743689894464722,0.03847434053982941,0.003962866772076019,0.005461119740284068,0.008157759186940927,0.6643638681973096,0.03433872657431175
0.398,0.005409878324154784,0.0007511107608766249,0.04601538796673019,0.0025435217375580728,0.0022387436152062033,0.0016256153828963032,0.1375881411063781,0.007952599241017174,0.025507183613407695,0.0013956506471108552,0.035373872920538695,0.003312670796943348,0.0050838679556312084,0.006969440804470064,0.6860337665948983,0.03219854853218231
0.399,0.008583883471392184,0.0014777169588366694,0.0634933247341627,0.004368908734009285,0.0028924070579465044,0.002637083297285664,0.14936726784108062,0.011038409807155458,0.034800413560255934,0.002379851657475784,0.041178732277819804,0.004922803501187933,0.00545680038143051,0.009748079372717763,0.6196510410229215,0.03800327632432177
0.4,0.009058238903287804,0.001415525474624429,0.06072447686160913,0.0037342465768391733,0.0025550441148006493,0.002063411650330236,0.11603808282755525,0.007567574927705665,0.0469367995023042,0.0029282564607495407,0.05071259962655614,0.005525667952434905,0.006204461171503421,0.010119411329866311,0.6392382365908768,0.03517796602895627
0.401,0.010431288077253173,0.0019724738253370975,0.058994376468280166,0.0044112776741327105,0.003005574579804709,0.0028848256092268796,0.11244725782000847,0.00891980039158359,0.054106903016857326,0.004052204922597368,0.048997209492762435,0.0065404664375285845,0.00717380453653502,0.014162681316813803,0.6203953298167826,0.04150452601449613
0.402,0.008330783196780066,0.0012943042235918963,0.050048253074532124,0.0030610737993315737,0.0028074059975681316,0.002206506882949427,0.10868584098081312,0.0071467237785389935,0.047885495637460855,0.0029533156748388686,0.045668479894837084,0.005072806403417678,0.007255360944265085,0.012030176563985966,0.6587080300415783,0.036845442905510895
0.403,0.011146029114691725,0.0016249004410730267,0.05572498087383758,0.003141350282279451,0.0038597822223957415,0.002804765924984367,0.12195661755164755,0.007393692685182523,0.05551551544281154,0.003169045899848312,0.043108830299880246,0.004419846130588995,0.008522790471944836,0.013201670009923104,0.6320489240799954,0.03236125856891587
0.404,0.010199105193073868,0.0016655920063035914,0.06021282690585341,0.0037329799047367157,0.0031041989289999085,0.0025043434177625494,0.11460022380376075,0.0076897810210384615,0.05385009274308417,0.003405052514185818,0.04888474274984404,0.0055423198337217,0.007174631011022072,0.01250648279364143,0.629377388604253,0.03555023856871847
0.405,0.01268271605062056,0.0022053381660364886,0.06728479537838984,0.00441068662395931,0.003388418274899545,0.002871710908801854,0.10882716172998215,0.007756667031534491,0.06714487508590729,0.004485792602646294,0.054467272295244715,0.006578333884947305,0.007717914309850628,0.014381674915477118,0.5998291591056825,0.03596748363601988
0.406,0.013173636494105726,0.002531524098872331,0.07965038768962816,0.005683159802736995,0.003298267801987707,0.0030386193676624792,0.11831257181302833,0.009210624029500184,0.06146267222449615,0.004530226201084396,0.05699255935748044,0.007586977241392689,0.006461085789937952,0.013424634994526945,0.5766860019369957,0.0379570511565637
0.40700000000000003,0.010123088392921344,0.0019945868877000064,0.07724029051667093,0.00558409843182471,0.002495532813862866,0.002305968224085721,0.11040865357266744,0.008710356610117861,0.0530229948835235,0.003971936167394094,0.06104042878726243,0.008277855765696897,0.005389045039162063,0.011441772091793603,0.5981424170464293,0.03985097476888736
0.40800000000000003,0.009786124133188119,0.0021300620536097953,0.0842869725544168,0.0066276358030506735,0.0023468471013132894,0.002345745440371593,0.11427314716846458,0.009828505000668043,0.04836622442281625,0.003981842814995843,0.06277015446021995,0.009334351806093539,0.004674195976887682,0.01099446421866112,0.5856355596541858,0.04261816739105678
0.40900000000000003,0.007101755488953386,0.0013819625917144542,0.07664963839970654,0.005398053866301003,0.0018763675239724872,0.0016435929911430027,0.1104445440533956,0.008538576630657485,0.0390110932657743,0.002864852160203054,0.06250050936599318,0.008409052814592359,0.004049723552548154,0.008573041393471792,0.6207684194613093,0.04078881644026393
0.41000000000000003,0.00821934250549906,0.0015760655314171349,0.07949746460839988,0.005443519456880751,0.002371347621824435,0.002003998946613495,0.12229900619005664,0.009204745949220277,0.04010928000223146,0.00287365043410824,0.05688582025686447,0.007468431846757662,0.004474784585565195,0.009310740668264934,0.6093670567733526,0.03889474462294374
0.41100000000000003,0.00836649405210056,0.001722887804584513,0.0785640324760891,0.005717851959073313,0.0023449328243247513,0.002086377855448129,0.11428958671561629,0.009160244463717663,0.043390805439277404,0.0033052776403410923,0.059538420829181996,0.008336998560447352,0.0046158399337222905,0.010290865443385535,0.6071037232754224,0.041165660727267676
0.41200000000000003,0.008413782392303192,0.001198410705943729,0.07737420969310561,0.0038300455567452578,0.0027893323794971176,0.001733609330442098,0.13034780079314584,0.007322902172621853,0.03921922446321246,0.0020013683695500805,0.05240285436122688,0.0049004373414148475,0.004890324840744058,0.00759717684361922,0.6267927921685028,0.029185728587924894
0.41300000000000003,0.006966730551578307,0.0009640662647697977,0.07091679554722453,0.003369452180585444,0.0022785383153156656,0.00134855474137818,0.11526322580926082,0.006210852725751197,0.03830720558733437,0.0018856958045897448,0.05597921472258555,0.005070102314874806,0.00463475494218072,0.007006688932889585,0.6506595648046231,0.029138556755058297
0.41400000000000003,0.0063977227464785385,0.0008569254130629053,0.056146601734157774,0.002533073137972381,0.0023348781039184514,0.0013134114791835568,0.10003144215384585,0.005131131080249303,0.04214646755962492,0.001993495199458511,0.0535214877501318,0.0046544538435324126,0.005539443867458434,0.008134685756004689,0.6801565840419942,0.02910819613292619
0.41500000000000004,0.00741967926921931,0.0011310378222302712,0.07512744791438392,0.003775577067202404,0.0022152737512023297,0.001408223737680767,0.108345350905889,0.006264498365130576,0.04251578693498087,0.002284385260947463,0.06250147473107405,0.0061399283837960976,0.004402685954645993,0.007543808030884827,0.637905091506285,0.031019750364447107
0.41600000000000004,0.0071369051032668844,0.0010081999336631806,0.08821031699977558,0.004084661416325081,0.0018591744704026612,0.0010624071610151606,0.10959758623253178,0.005802158713333873,0.03959288481881985,0.0019480800620609692,0.07093452492858013,0.006447338374788651,0.0034904314978650816,0.005486200061701817,0.6255441729557186,0.02779495727015065
0.417,0.007506384435250261,0.0012618920330929727,0.09228008431268724,0.005010386854615407,0.0018068301736793892,0.0012069394346974434,0.10250102848312764,0.006420777208731244,0.04326070144826792,0.002498939196843307,0.07673622352512556,0.008197737199189554,0.0034438893947100592,0.006464751870438211,0.6094844512952845,0.031918983134259234
0.418,0.0073139330426083525,0.0011706946430982976,0.10345213546464314,0.005291279438232753,0.001780427072060213,0.0011010825448968195,0.11265205768071332,0.0066459588334141255,0.03741483004670524,0.0020289131495625215,0.07665474009106009,0.0077251815052746435,0.002938290930714586,0.00521143607553185,0.5991889196387279,0.029430119842756185
0.419,0.006797494656261038,0.0012291350161217362,0.09931058781088788,0.005638990154653057,0.0015869491286640445,0.0010808463904505297,0.10026025349665763,0.006594909277455033,0.03919320034628619,0.0023608070566034233,0.0824609330624935,0.009213060887868609,0.0028869628033428574,0.005746477920413972,0.6028535083886625,0.032785883603178
0.42,0.007083713818574327,0.001025534858681545,0.10817036002447349,0.004865206934117487,0.00168453332579599,0.0008918547462240634,0.10766752952499423,0.005603276456859204,0.037817941358698495,0.0017866900465077866,0.08295835657198056,0.0073033526798257755,0.0027695067284534743,0.004346027982366849,0.6004553219391197,0.02557079300332704
0.421,0.0068645934724978,0.0010453920394461259,0.10679264323625985,0.004961363842979598,0.0017223534488146639,0.0009309772606454999,0.10832124120582767,0.005823981847978734,0.036543588238839055,0.0017949078689957839,0.08133298479869826,0.007431622848197048,0.0027523899549412247,0.0045242479695874055,0.6026616250030942,0.02649608696319696
0.422,0.009878662971436318,0.0016352713562526287,0.12253342916586563,0.006141315246527942,0.002303080868507763,0.0013218758602872977,0.1103380177001836,0.00643279258471939,0.04858788061937413,0.0025752937796060457,0.0850111670580251,0.0084501886404238,0.0033068566771142917,0.005931854372893695,0.5588313351754084,0.026720977923374006
0.423,0.008833735543731592,0.001683207333987516,0.11070524480940395,0.006286163872833657,0.0019032658268636692,0.0012266253929506434,0.0887818177454746,0.005909165204586899,0.05439590968258534,0.0032414656005746055,0.09575192954042525,0.010694702467050258,0.0033708591699790906,0.006861743423508181,0.5697208235005125,0.030633340885532448
0.424,0.007624779331128133,0.0015738247196109788,0.09114350459613296,0.00552893514487728,0.0021857987003100344,0.0014650316860458413,0.09436824810706541,0.006662304267442735,0.046895033910835694,0.0029965290270473,0.07838273969079639,0.009403381150277857,0.003773456973751514,0.008182948736280189,0.6053206855963706,0.03449279836202718
0.425,0.006781362081708887,0.0014507527066334467,0.08504215714062996,0.005270003610530242,0.001937922173971922,0.0013082525830936658,0.08494499039127483,0.006132853459502975,0.04721344686386973,0.0030928057322431343,0.08218642822742407,0.010108979870576741,0.003706685032076537,0.008267375115485802,0.6166979193943717,0.035858065616606226
0.426,0.0056035567565993,0.0011559124599136786,0.07743095269940574,0.004569043341786808,0.001726367924455808,0.0010914087641388905,0.08040055649929416,0.005537216871977969,0.042946170491752034,0.0026913115981754437,0.08160602878413986,0.009625661209365489,0.003542156629973664,0.0075861782203533335,0.639002694464442,0.03548478328422606
0.427,0.0046917554197139655,0.000968413796102362,0.06703056901302426,0.0038959488890686423,0.0015790617767231304,0.0009691966625975203,0.0733796523652964,0.0049844751244563605,0.04101586856974269,0.002546022775396638,0.0799665663028785,0.009345250215271439,0.003594478522399542,0.007653727657531567,0.662117378641155,0.036261634268642
0.428,0.005098730284911504,0.0008437296126441374,0.06716839311815173,0.0030471513302589336,0.0016024231839978909,0.0007573604975469067,0.06614757780914213,0.003461232410829215,0.04915100548777426,0.002447503050227813,0.08817909514765769,0.008186542646690508,0.003950301064139793,0.006706720593983152,0.664824902830053,0.028427330931991335
0.429,0.003948607638514717,0.0007741680734126614,0.058242075084255863,0.0030489733192881844,0.001289332362209806,0.0006972110722275581,0.05723673496919309,0.003460119905131523,0.04536456136396073,0.0026091641311101854,0.08969061876334841,0.009557879135944806,0.003681959930832426,0.007254655018535802,0.6799634074488697,0.03318053178316444
0.43,0.0027745950812628284,0.0005447080781067247,0.040381488630970915,0.0020752720463909123,0.001040376370508699,0.0005437897337104863,0.04377923327514443,0.002604328555279336,0.04450130156173888,0.002532913169717272,0.08636478109983388,0.009108697590245081,0.003968784952073845,0.007774165245383672,0.717508621561795,0.03449694304783805
0.431,0.0040315818976767144,0.0008023630357330402,0.05376695787333453,0.0027529600845183195,0.0015428318250743644,0.0007919260936226892,0.05727872779243333,0.0034004207830771902,0.04808128291267903,0.0027409747670802376,0.08335786581900059,0.008813163834268747,0.004267299634293035,0.008420050353272444,0.6870495910322286,0.032902002261707045
0.432,0.0037209245374319336,0.0008524578894551886,0.04666859348293642,0.002714773164123271,0.001736565883713826,0.0009848589219595726,0.05884711948142544,0.003934621258129474,0.044011741043752516,0.0028552804372574143,0.07111978391806252,0.00860550047107186,0.004658984532945331,0.010394778911873211,0.7011117214879813,0.03778229457788086
0.433,0.004165153901807765,0.0012331488961687595,0.05722484324946828,0.004199311796104482,0.001973017815756406,0.001408137241533433,0.07092209822553146,0.00600076009644511,0.038594411602651986,0.003300181000870841,0.06845866801352167,0.010811895650397634,0.004055769584631967,0.011990465644182496,0.6688432583931277,0.04681887888779995
0.434,0.003722888986952275,0.0012716468634466642,0.049636868700909824,0.004158057340485893,0.001766655749050103,0.0014180050345481018,0.059696125769638404,0.005783852886638528,0.04099945266751588,0.003965288399604544,0.07026057229176885,0.012596767828513367,0.004237387407716414,0.014204775313256512,0.6729935061060698,0.053288148653884815
0.435,0.0037746949222467563,0.0015000887257752256,0.05044965061556214,0.004858752687817828,0.0018227465195851211,0.0016561450425928595,0.059777442077456285,0.006674535558627519,0.0406752539928961,0.004544242024424908,0.06929873949463675,0.014386435919508311,0.00419302229472776,0.016245847493212225,0.6599099935557857,0.06023240907514434
0.436,0.004144214088062522,0.0015640915437903737,0.050455242777306404,0.004550138737678784,0.002262375428773741,0.0019090367799105468,0.06598824780393554,0.006931374051755496,0.04067279306595468,0.004267556150224348,0.06232074155177371,0.012137394816630382,0.004682505961471044,0.017080588596818366,0.6642380821671504,0.05679561647876371
0.437,0.004052006870190961,0.0013362210489406652,0.04903647890716463,0.0038189559907391775,0.0022838725994805023,0.0016461424342597132,0.06447038348315588,0.005858395591642339,0.041530708115859606,0.0037872139633815596,0.06280334676474843,0.010650859777855716,0.004855935367980823,0.015412681447614932,0.6781879831068504,0.05026881453013473
0.438,0.004633823545453389,0.0016963916577130513,0.051179927308824216,0.004395028492674974,0.002477531949379878,0.001942440426104219,0.0618180687890362,0.006227802762735361,0.04793784934895347,0.0048103745093390935,0.06565445736173826,0.01234499062755103,0.005228148102193474,0.018342227520302845,0.6573867217468178,0.05392421585118275
0.439,0.007028863107958054,0.0028681138421481995,0.06937223116533357,0.0066142889659338636,0.002785707750550778,0.002415316117967205,0.0590112153200066,0.006739833256882654,0.0687187415774584,0.00765193083180571,0.0831946881526541,0.017522735199847848,0.005402502108229659,0.02140733695630645,0.5847322455841734,0.05453425006274369
0.44,0.007259692024035816,0.002679726667210034,0.07131244672976886,0.006086862201349562,0.002528922775917414,0.0019083327580100653,0.051528098703556874,0.005225630770576014,0.07946987760125113,0.007992427869147892,0.09527585313409143,0.0181649257343815,0.005430806621200541,0.019215111134131203,0.577798269862229,0.048123015413142636
0.441,0.006727605288341746,0.002728588512915373,0.07706352138751782,0.007105220190422503,0.002524867636427805,0.0020221040652663004,0.05765822169843305,0.0063171511150495515,0.06522457007155018,0.007185965972626428,0.09147629737910201,0.01902749342737166,0.004714003988414512,0.018153781600689197,0.5797709586665356,0.05229964899933632
0.442,0.006614924789671794,0.0023073529408419967,0.08165280780012545,0.0064426508496509246,0.002696450313577524,0.0018118359594291044,0.06412334350243264,0.006044772649245557,0.05876578653729762,0.005482192743002602,0.08862317343623075,0.01573945680583871,0.0045403579466031,0.014819091390539038,0.5945643732489556,0.04577142908655767
0.443,0.009527042647163577,0.003821150855329335,0.12134429065610959,0.010879716190897459,0.0036145694611045636,0.002734836666854353,0.08611270446617843,0.00929586479566875,0.05591524427476145,0.006133153833529824,0.08711051214701022,0.01817469231197589,0.00386570057165688,0.01491535820040925,0.5193994302615568,0.04715573265979371
0.444,0.01078932670313001,0.004545263407315982,0.15078273753160995,0.0140484535716081,0.004150242829508307,0.003214962966849667,0.1055036261294052,0.011850296080984158,0.047242059726502285,0.0054464312331135144,0.0816432597174371,0.017876431010882203,0.003260188424599961,0.013134902258476779,0.48088335857585496,0.04562845983272201
0.445,0.009269632565426783,0.003754835193717422,0.12585867262613099,0.011161676554989428,0.004334676517960286,0.0031621279492707317,0.10451151584068501,0.011230458166320756,0.04468435650786101,0.00493456063002105,0.07497406222071397,0.015717447885472077,0.0036688937148278413,0.014113821090674671,0.5212689493756766,0.047354313160251314
0.446,0.009213164291937229,0.00406883008061366,0.1129566221307686,0.010871497356843623,0.004652951506102944,0.0036108351057697182,0.09911035413654587,0.011543584729012197,0.04745841018466888,0.005667237133582166,0.07195326478366132,0.016387033885612984,0.0041475036182082575,0.01712616082701654,0.5293155517767477,0.05191699845290819
0.447,0.008740178391412032,0.004530051431092099,0.10114358293013825,0.011385190915697112,0.004929282490638538,0.004364719066031518,0.09701246563745042,0.013140730166547905,0.046246823883663565,0.006434758808341244,0.06602364714349672,0.017621810305473926,0.004454425973731144,0.021176877497519234,0.5322743026271256,0.060521152731640646
0.448,0.008674926233401993,0.004090553159309739,0.1216075216990927,0.012485700754733152,0.004705086137101559,0.0037054760295985242,0.11035223333366703,0.013610539815025462,0.038973288514722024,0.004867408034427666,0.06824904882844725,0.016556798022231266,0.0035569218732554083,0.015034545179825954,0.5201564169186951,0.053373535466465255
0.449,0.0073958597582137,0.003516224856275378,0.1055761205389454,0.010844339444676552,0.003800048681169125,0.0029538345770156135,0.08866015935577892,0.010951532816918139,0.04315058399237543,0.005405243164622714,0.07660368130283185,0.018647759240457387,0.0037188077954686456,0.01567863023969931,0.5469661483295758,0.05613102590597614
0.45,0.009143937329501323,0.004481411951003441,0.11445488761640232,0.012044385171804131,0.003981188037014749,0.003126134559140826,0.07827398968404269,0.009944880424777586,0.056345505463836626,0.0072344438661419985,0.08772778400780842,0.021940004494247302,0.004083384867062247,0.017578922077453554,0.5153712928192737,0.054267847630488995
0.451,0.012405150479905574,0.004998251441736438,0.13500611855658898,0.01140748148590159,0.005541739059164944,0.0035015689322484174,0.0924551738895947,0.00944767655934378,0.06296224119711474,0.006469138374692932,0.08368647810068199,0.016443469627633118,0.004633216751566123,0.015860846139849522,0.49443682888287166,0.04074462052110541
0.452,0.015976537849078418,0.005549648732565417,0.1480765357077136,0.010554118897284297,0.006454949013685726,0.00340863151923083,0.08857774921217579,0.0075518478913055775,0.08025926006502979,0.007065285086960947,0.0905459863381328,0.015058361907093228,0.005276731129171655,0.01523855449551026,0.4683066334053707,0.03209916874969121
0.453,0.015872775024514302,0.004992930118389952,0.14655598498252526,0.009370532544078646,0.007174735816877911,0.0033721523442425795,0.09571135802748598,0.007365668338383412,0.07561633481369336,0.005972908909065586,0.08477656176515168,0.012675570561713319,0.005510116065080719,0.014275844897083816,0.48112931198646947,0.029627213805244017
0.454,0.019366999203619555,0.00655196214799669,0.15527059180228314,0.010636533792471332,0.006419510248285173,0.0032098457763681896,0.07045197602613051,0.005896935691457067,0.10778623730269522,0.00905973478226653,0.10585676719265327,0.016947137056650564,0.0058351885103098446,0.016174179589420943,0.4318952206706909,0.028641180206701103
0.455,0.019409661623875255,0.006439274937500027,0.1773446524450337,0.011828950544006074,0.0050323709021602185,0.0023887829245442496,0.0620366231417364,0.005047287250928888,0.11305344325078613,0.009266616996006337,0.12589610642597107,0.019732338256928585,0.00473886182978844,0.012666094693933106,0.3994217869566769,0.025697147820124604
0.456,0.018201848711665677,0.006305136884513657,0.17764711626995033,0.012234158918362633,0.0053737095458572075,0.0025769944457933705,0.06812848356656293,0.005727506015351751,0.09939268154057067,0.008459314809237924,0.11820149886038604,0.019245327214781293,0.00467920587881268,0.01283949482530467,0.4135443172746574,0.027443205238191735
0.457,0.015400342334815569,0.004676744418347715,0.17897313758251873,0.010821328461739069,0.004884874143502567,0.0019998352723437853,0.07111402241631946,0.005272876376420195,0.08532597914088404,0.0063279345578147565,0.12042858257533459,0.017309689381574202,0.004245728524091176,0.010094372374948835,0.4375596375224111,0.025564914916934335
0.458,0.01658718953002335,0.004423340877606076,0.2088667009638108,0.011026078577293952,0.004794130805751536,0.001659586977961731,0.0735604692165753,0.004731321890021393,0.08339944485585728,0.005353527776030766,0.12775410060755046,0.015995768571050957,0.003701443765408645,0.007481086861808285,0.4100946082944326,0.020571200428816928
0.459,0.015010203239208493,0.004247413524179294,0.17217084698058496,0.009536865594891183,0.005395172354226125,0.0019130266313287455,0.07353388478097725,0.004952467477608334,0.08384367811164269,0.00564947975419344,0.11732228123639109,0.01544626163644637,0.004510490025894883,0.009452120407526916,0.4533196050745216,0.023696203170378526
0.46,0.015696938009770588,0.004641943819917475,0.1789499029668524,0.01024100764900643,0.005962776319516913,0.002149843388006516,0.0783741146014188,0.005463382177281368,0.08085205999023984,0.0056606844859899115,0.11212917570418565,0.01534785601584325,0.004539745175316843,0.009809063550332321,0.44608032537421205,0.024101180772109723
0.461,0.017094119041853297,0.005395661334645169,0.17839384799911123,0.010806078976811883,0.005835759716304862,0.0021951881686932267,0.06765455902488278,0.005024830019327248,0.09603644394821603,0.0071111004010379715,0.12212133436156614,0.017728976632396747,0.004804364081202632,0.010939140123706132,0.42455901534712803,0.024299580823116576
0.462,0.018113345627363175,0.005954539784889219,0.2098335152545761,0.013082126101022606,0.005232757170073257,0.0019982134497006842,0.06581236280914751,0.0050584305418345755,0.09468397294553542,0.00726353841459745,0.13385502019614717,0.020111409142290614,0.0039198756876006,0.009193340678978345,0.3832313698621411,0.022656182334101972
0.463,0.018850543336276355,0.007458164677327874,0.2199647184806459,0.016324780084252814,0.005387747603499938,0.002407042688913728,0.06583856583032699,0.0060641760733216145,0.0928001457528193,0.008558691149575335,0.13192003571311034,0.023815959182017916,0.0037386350055535625,0.01045088251665034,0.36080310505631363,0.02561680684939435
0.464,0.02136776598686803,0.007628345624815531,0.24563808524025127,0.01627862107419878,0.00501772339229161,0.0019351745531133208,0.05819288331139679,0.004732600851980189,0.10574643308914992,0.008752458295589566,0.14788371009827836,0.02393612561760646,0.0034514921338739263,0.00843036753903283,0.32095086228573205,0.020057350905821444
0.465,0.026491138562738964,0.00984410398330741,0.2389862464625414,0.016386971323971107,0.005781492862780869,0.002249063175494193,0.049909892844788695,0.00422487532783249,0.1365496334075839,0.011687455862936782,0.1504234569982002,0.02527579727669772,0.004085262591679064,0.010187726877575236,0.28919816224446776,0.018718720197404056
0.466,0.03037833786463397,0.009795101548054956,0.2982557333130328,0.017697803753706186,0.0062687292046792785,0.002036290046000718,0.05701264053617141,0.0041642278074011975,0.1205242611644886,0.008711405051607606,0.14598214223339703,0.020902582898700544,0.0033248251635424847,0.006825754507011893,0.25428791068743195,0.013832254220139329
0.467,0.03548878926649599,0.012568766555319985,0.34656465225305844,0.022382424287397455,0.006551080230455247,0.0022753441885056914,0.05699549206315495,0.004577736499242632,0.11563584921663622,0.009213289669192092,0.1391249221951253,0.02196464269959357,0.002775719052897654,0.006211948284582612,0.2053162868598627,0.012353056678479529
0.468,0.041235920052668344,0.017155131372059453,0.36883730218427646,0.02792651154195733,0.006357953887606421,0.0025460536290512286,0.04810501823142205,0.004634432477573711,0.12598882394254304,0.011793325790384168,0.13840100328126548,0.02584897673265442,0.002475869289992323,0.006481753628666912,0.16059701237683027,0.011614911581048428
0.46900000000000003,0.037245201197654045,0.01541546725715281,0.3677456708830137,0.02747355032439536,0.006304657699385683,0.0024212105952631847,0.050355260461284225,0.004810457057914467,0.11674031618356186,0.010819767038821631,0.14139639866645387,0.02615950246512027,0.0024843251392482673,0.0062853393860381,0.17205898192190128,0.012283893722791246
0.47000000000000003,0.03787634446910961,0.017315128827843786,0.34966105476194875,0.0286888253556883,0.006385906991289162,0.0026150515868506702,0.045630852280869466,0.004821182467738434,0.12781135233568294,0.012978737658765317,0.14510044810715306,0.02948438937845145,0.0026772919601624986,0.007256622691728806,0.1685028397460736,0.013193971380644215
0.47100000000000003,0.03907982488842444,0.015679425171675893,0.39072897667975115,0.028060151732983818,0.00645592858619399,0.0022331269455114254,0.04812859782956819,0.0044556240214967575,0.11486538560359988,0.010089463410074785,0.1420125402868305,0.025114492046469133,0.0023250393990707917,0.005289680981365432,0.15500677894728895,0.010474963469694681
0.47200000000000003,0.04128943030255863,0.015649159137213438,0.4236348458743951,0.02850354235966717,0.0070774039379559025,0.0022346257004022462,0.05205088140957273,0.004536972808337619,0.10370893865488504,0.008520570548407361,0.1318725494563314,0.02181566531050277,0.0021605589008409022,0.004476243312698504,0.14343628421760876,0.009032328068622355
0.47300000000000003,0.046008885325534384,0.02178101153089631,0.46040469240143156,0.03846160163810894,0.008730843294744873,0.0033067220871005184,0.06032519718614,0.0065150383858349,0.08337838155957364,0.008834027507292315,0.10298834707742649,0.022021962827170113,0.0019375801858955385,0.004977822429644877,0.12062956721261031,0.009698319350595
0.47400000000000003,0.043090447053835614,0.017558347621800235,0.45162907529032986,0.03231611978391272,0.008440824144565123,0.002667737712916301,0.05895051349815356,0.005478514807983241,0.08822025537195874,0.0080878247966016,0.11392386222239337,0.021124888206885826,0.0021018908932596268,0.0045505357803636804,0.13264130761145726,0.009217855203583031
0.47500000000000003,0.04554394099950707,0.016379906864928934,0.4430887060167609,0.027579374953901413,0.008903478949408116,0.0024035152330915926,0.05564430539252427,0.004509434651947114,0.09963072841467462,0.008059459770999946,0.11980582921653894,0.019483856128768372,0.0023557303767655843,0.00437880000178782,0.13410704229565848,0.008125890732736762
0.47600000000000003,0.04813317644753894,0.016630101492810297,0.4761982430782974,0.028220798215372385,0.010995659351707664,0.002779140874136847,0.06757726258061086,0.005255071535166671,0.08131344126589468,0.006249150037715175,0.09972630641864626,0.01539895846977513,0.0022787851547779224,0.003934363660607794,0.12794968814592528,0.007359853271016746
0.47700000000000004,0.04347107589370479,0.012959760794218424,0.5020370854176716,0.025724674432426667,0.009732739023675005,0.0020562587039046495,0.06788646316112087,0.0045696963865631815,0.07215413967127154,0.004754327418572483,0.1035311008441821,0.01385412895839724,0.0019740742507460968,0.0028388840794491524,0.1262100841545798,0.006245506809516257
0.47800000000000004,0.045742155912263126,0.01567122491859199,0.554784333133046,0.0322389066008637,0.009332670795041532,0.0022175090998027614,0.06628340777060479,0.005122313045077337,0.05851705459297258,0.0044888298676065,0.08886532055226203,0.013753925765982514,0.0014336111166394086,0.0023544485339515118,0.09378847586351081,0.005405812431783268
0.47900000000000004,0.05097122474904623,0.015274429932693064,0.5127690847042267,0.025387978866171418,0.012886038773590168,0.002637587518587535,0.07484827634323364,0.005032570135219578,0.07013527450559336,0.004705285984572086,0.08909969220152492,0.011865310067792094,0.002111526035179125,0.0029873364717994703,0.11358941706787631,0.0056989666428944995
0.48,0.05392965996772886,0.018541051377378912,0.5217878491517562,0.0294294125461039,0.012715051390017862,0.0029262324923799514,0.06876577214340972,0.0053273940055778395,0.07097064501456868,0.00545374861125642,0.08676211529993874,0.013242925289135735,0.0019879977214901203,0.003158208943448406,0.09927060209883319,0.005731333946975488
0.481,0.05678563608393625,0.021770759475002996,0.5198791016177337,0.032497931315352425,0.014244648328634382,0.0035558986977232607,0.07083863546963926,0.006102766849052619,0.0690708969304735,0.005918993361849406,0.07984718388743088,0.01360756580138581,0.0020634828812479663,0.00354828786975836,0.09422204816735595,0.006046163263423387
0.482,0.063058700818097,0.02344573624481781,0.5256545177378462,0.03155322098067286,0.016391422230775634,0.003878707050768368,0.07230804069213634,0.0060143814396108495,0.06950881669973366,0.0057461459273953535,0.07293836938554746,0.011950410024460891,0.002157742564987368,0.0034854935256148777,0.08658152310213374,0.005326771575401585
0.483,0.06628092267673741,0.024331550712343754,0.5257623359420736,0.030903095703590355,0.016141878420389343,0.0036826057332734006,0.06580502097381971,0.005384454612162193,0.075601592751884,0.006151415246961871,0.07569409406988832,0.01218834044277869,0.002205592719366384,0.003412630817692026,0.0815430951568668,0.004911374020172357
0.484,0.06935484590098309,0.0230967851838523,0.5280259870193331,0.027868604801753717,0.018624743627977225,0.003785435826410648,0.0711453672781663,0.0052792422471657574,0.07385387356231744,0.00541242922497325,0.0709963541652209,0.010264209639004663,0.0023880427139656587,0.003254918685208421,0.08220031294540364,0.0044488471782639285
0.485,0.07160210916499507,0.025692874451129832,0.5144456647147493,0.02908131952002696,0.023227359879739125,0.004954256280002097,0.08214721429140757,0.006528510449643567,0.06837399842749887,0.0054014087290588965,0.061956544287014664,0.009668909737731981,0.0027044631752779326,0.0038502655463343886,0.08542200489416453,0.004943096451225288
0.486,0.07075073382292071,0.022817757785016518,0.5061735064450014,0.02551884864652539,0.026728796439435386,0.005070544106523655,0.09224369381294326,0.0066231551945724705,0.06599629713071094,0.00466517454249503,0.059684128030740434,0.008328391917942206,0.003055386496138581,0.0038352228181198367,0.0936441275233536,0.004864235287560605
0.487,0.07923516504026863,0.026538705176784826,0.5267408886884359,0.02742381541628723,0.030048229565100344,0.005825936843653453,0.0945268664368221,0.007046060751767981,0.05813203404431972,0.004274710743306062,0.04851522955729894,0.007048862041983045,0.002713410040880308,0.0034654517017983933,0.07445187597628856,0.004012757975004449
0.488,0.08297344463821232,0.028434313353087774,0.5189292051604099,0.027474558965762456,0.033476289371026355,0.006533969452938031,0.09742940308110935,0.00742162286026174,0.057733089818586374,0.004335471993637227,0.045397458365338546,0.006735673226125499,0.00288750469683872,0.003680184351863388,0.07257825526645086,0.003979555398351448
0.489,0.09144294880803715,0.03001047358416679,0.5155896288247822,0.02591633375187482,0.04012076792718179,0.007407266030134537,0.10396653705971516,0.007572676048146048,0.05441186887802398,0.0038903769063695867,0.038373709982497464,0.00540326226043754,0.0029969354015265495,0.003564531175494553,0.0659089816552035,0.003423701706408152
0.49,0.09454983680458175,0.027539867607599584,0.530575432599469,0.023526629742410828,0.043137669153505885,0.006990640020767544,0.10964491269849845,0.007094124882074971,0.0481140270179415,0.003016805219614958,0.03388679924769459,0.004183412629216368,0.002784109540874074,0.0028466287305434212,0.05941013768119133,0.0026989664240155593
0.491,0.09363744861724874,0.024885417829402737,0.48161859503078447,0.019266522478441208,0.0541936868101673,0.007993825367555354,0.1256650433411046,0.0074621201894772594,0.05456953874882866,0.003135423934695135,0.03558557727543715,0.004009606362337991,0.003975751975783828,0.003685608336533125,0.07710040895547264,0.003215424746729815
0.492,0.09918900406253159,0.030748359830687605,0.44060838528361806,0.02066520111065358,0.058627263972177046,0.009961347178450644,0.11593407939486947,0.008110159178596693,0.06819623713739402,0.00451016136786749,0.03904490468842584,0.005111477747999822,0.005100915744571093,0.005345925260124768,0.08475862866211592,0.004087949379916546
0.493,0.10034421482084514,0.03313961186529655,0.45383218691442306,0.022564835330274275,0.051139655690413,0.009197002310757875,0.10174662651345869,0.007625914315302943,0.07321536456296382,0.005143140652719078,0.042814292792800884,0.0059574307423786175,0.0047743009220890765,0.005246191800903679,0.07919953917403212,0.0040596915913409595
0.494,0.09925888452979223,0.034362737007239005,0.4259057667258791,0.022118850899459346,0.05706340079551131,0.010604831905482575,0.10653431604613207,0.008371568240554572,0.0767567272483325,0.0056367540725747066,0.04280013636831198,0.00624113794523774,0.005659511511350238,0.006373613387123105,0.08763603286902735,0.004675730447992098
0.495,0.09989315839182755,0.03243207245346941,0.4605656392914031,0.022396360778019597,0.04471822095793524,0.007630470600402419,0.08934564842632026,0.006557360681514994,0.08230661852272854,0.005673859120220974,0.049358079565141884,0.006782506498122014,0.004793178098621382,0.004935252914490307,0.07870611178672708,0.0039054619130551704
0.496,0.07845098988952526,0.024526871627589358,0.49914458387921345,0.023397957937382967,0.04316612670965876,0.007026605291290827,0.11406546769945539,0.008141210886256524,0.05191074402680099,0.003423457515696481,0.044582230301118665,0.005912729514428769,0.003822141564116887,0.0037059506684363128,0.0846730516264244,0.004049880862604985
0.497,0.06796886941208218,0.019245115288110768,0.48213383908286445,0.020441714440746283,0.044114956984356114,0.0064692071192906046,0.12715242255442688,0.008312872387001397,0.05033686259121853,0.0030180612373774574,0.04808478454447493,0.005819341943339925,0.004360196284096781,0.0038016838532368208,0.10417967379781494,0.004560398479561778
0.498,0.06192094772169053,0.01410232505587449,0.46743929248894744,0.015927861292122893,0.04368097232488111,0.0051304417381254136,0.13195575786998903,0.007025831843571598,0.05328513542728626,0.002607276276921721,0.05410659861806359,0.0053678841589288664,0.005012388346130249,0.003538270002377801,0.12442136993499431,0.004477646900094778
0.499,0.06343107897243008,0.01499707157954049,0.4576164612285428,0.01606121671313924,0.052723949280473276,0.0063365800471723655,0.15088511864307924,0.008297107404992975,0.045525899541426766,0.0023136053762702886,0.04414527124722391,0.004541903774076987,0.005145092628354875,0.0037075779437959317,0.11983012378141701,0.0044419418380636545
0.5,0.06880660211157531,0.018804497247063096,0.46372417931956933,0.01876616596127229,0.058560861783756336,0.008042442666169259,0.15495113487126128,0.00986067706690027,0.04074926514258353,0.0024225545576735236,0.03681970094448841,0.004444857188582432,0.004754530728420725,0.003945257270670325,0.10097546834299598,0.0043718047970180175
0.501,0.0723482511355005,0.01878653909557941,0.49463417081488886,0.018908864643846172,0.05538720777954154,0.0071339012390277245,0.14728882173759805,0.008866968005535223,0.03851017026784007,0.0021665246256520722,0.035490392383045404,0.004046619689547799,0.004046252438639872,0.0031169890952228245,0.08578495921124164,0.003483367837292738
0.502,0.06354829914628081,0.017033959421341855,0.444495758169544,0.01740546223508894,0.06939163936787733,0.00909058404749808,0.18622086438254076,0.011492810292892707,0.031423115132634835,0.0018244179859556726,0.029813138102026047,0.0034954449322765185,0.004801073692418038,0.0037382749201297235,0.10199613182460132,0.004229026346893375
0.503,0.058050942550111416,0.013925633297179742,0.437512789422437,0.015299634441309514,0.07219713359975793,0.00845578842790837,0.2062871426757682,0.011492890860710134,0.026783943341962463,0.0013856352599473875,0.02761603356277557,0.002887726686015117,0.00471719404086825,0.0032528345757945874,0.10619148143016695,0.003943195827287464
0.504,0.06049144513496577,0.011721084697806044,0.4504140710933116,0.012615874704028139,0.07545131935875136,0.00708411635364473,0.2116034623650644,0.009477876433622759,0.025006649708272412,0.0010315073800411603,0.025619098397716013,0.002123123575386202,0.00445242317331852,0.0024171591419060905,0.09762820306192209,0.0028625854202427524
0.505,0.0672134612505896,0.011640031974818936,0.4587362860293575,0.011333432981675724,0.0840773583592142,0.00700370268288778,0.21476269723518637,0.008519013385550878,0.023030754887126147,0.000839081467121369,0.021596050230610304,0.0015620231733092535,0.004149271323718971,0.0019643338162801025,0.0814946917837135,0.0020778094188391907
0.506,0.07354610957416584,0.01365850653624871,0.4329833562256455,0.011435593936082011,0.09631061959132348,0.008528695360154225,0.21151603360973184,0.008997826529084875,0.026062321716319017,0.0010170659114559614,0.021312433362066376,0.0016492360220151036,0.004958979454591638,0.0024782371314195487,0.08328241333393481,0.002262571705760989
0.507,0.07076685908500469,0.012770082850275399,0.4165427412234712,0.010618656374806034,0.10615754914388309,0.009092938435809024,0.23184097338376647,0.009582649918796588,0.022009335385455457,0.0008334778346214533,0.01814681789767782,0.001356031659146467,0.004886681440145431,0.0023432873305493694,0.08093121188627504,0.0021207061503165287
0.508,0.06979984270968852,0.01113843935059139,0.44380992614313813,0.00998959517305043,0.0933757695689072,0.006973818674617285,0.2202368819339157,0.008013756517730203,0.02312669086382708,0.0007786402142039975,0.020721138650556692,0.0013757115240046382,0.00464462431758804,0.0019400847319719272,0.08218159059529305,0.0018934890309157272
0.509,0.06305326088833818,0.010633191884953411,0.43641893272477317,0.01027592169228705,0.08795743273501781,0.006884851825921837,0.22414261670567076,0.008564800416309852,0.02352567220455856,0.0008347604188603744,0.023020396334615563,0.0015980251587479981,0.00496405669083193,0.002154940829351992,0.09372136910498159,0.0022497703847799227
0.51,0.058228096739194345,0.01152209102060193,0.42295515219361507,0.011552706143590172,0.08830044867071932,0.008005707641485518,0.23433022644205145,0.010375468688632265,0.021631549728347927,0.0009011889735596481,0.02239974201861003,0.0018068550434549428,0.005009769179658483,0.002506287795510148,0.09776848404060606,0.002706225680362579
0.511,0.06030765725771491,0.01288158287773979,0.38169895836140233,0.01123087160110172,0.10650603995583306,0.010306525272856115,0.24756040166768947,0.011789878255788956,0.021876866898191752,0.000985695641867721,0.01988454108617452,0.0017312151351244122,0.005962833282677998,0.0031712079914473466,0.10110784277552139,0.0029978819388685523
0.512,0.057899297617052925,0.011254741513513434,0.40356051083802075,0.010797572949822618,0.09291374231168643,0.008099454313082283,0.23800953839368905,0.010301465610001143,0.023016134527228425,0.0009498061120198779,0.023130019887411892,0.0018415063360085009,0.005779433913844,0.0027706691591246274,0.10679988988534292,0.0028762166321511344
0.513,0.06167444008193596,0.012271126603248085,0.42301060824721576,0.011511924741228833,0.0902335441231837,0.00801326601298712,0.22616960801553515,0.010007582478407403,0.02340077601752229,0.0009900602173682938,0.02331883902215517,0.0018915876168019178,0.005393370463516373,0.002623706268061431,0.0968362907758086,0.0026532693150237477
0.514,0.06056532101260234,0.012379688445941856,0.4150512283234341,0.01152716649872559,0.09446376805980233,0.008559049117727627,0.23534561777777777,0.01066644694767161,0.02155026891735529,0.0009385842587441235,0.021633383224107895,0.0017944197326406203,0.005353658571163185,0.0026459143851969465,0.09487473041104993,0.0026507543160588826
0.515,0.05673521253749424,0.014534191680394009,0.39070773428460864,0.013508646809728471,0.09582200095289302,0.010731673295358657,0.23863465527165265,0.0134169315525656,0.022021576008573452,0.001193039764155466,0.022409540706572494,0.002293706190122772,0.0059605348434143245,0.003591908430105373,0.10485255817970729,0.00358608949265361
0.516,0.0649603892990534,0.01509587472046686,0.41205529919449924,0.01280751757503879,0.09952596363083338,0.010009842778463245,0.2263594063825449,0.01142052393836746,0.022774546308317333,0.0011160172183618286,0.021431877474942414,0.0019623044584089634,0.005612316658808687,0.003005894001441839,0.08915747927964608,0.0027047470808055996
0.517,0.07006152411702762,0.0156538138977452,0.3860102942613147,0.011439637965288076,0.11674351203538866,0.011248167544002801,0.2309057976872244,0.011180358955375237,0.023798752127906015,0.0011230852216969098,0.019582679345737257,0.0017100682333338931,0.006444046551686353,0.003288111746611348,0.08825611754253744,0.002554032767124155
0.518,0.07284699730765598,0.012222324397426649,0.39669433312691393,0.00877056594021991,0.1107159781608168,0.007850611653561513,0.21545501653741145,0.007702622007630361,0.029425050882015257,0.001072498615234613,0.024144777350827817,0.0016182626742524537,0.007388754032207482,0.002843296387106466,0.09908300099633438,0.0021659099303851883
0.519,0.059391317760413585,0.00918812496002423,0.402792211197447,0.008232237817375717,0.09512671559548982,0.0061936363959389645,0.22826707438734417,0.007596213296030282,0.0265714324443934,0.0008977996310562858,0.02706378766045638,0.0016872841681617192,0.00707219612683602,0.0024994569923194147,0.11508563861611014,0.002334872950602844
0.52,0.0508946094544965,0.007625184651448899,0.4159281123383965,0.00819335037552389,0.08375004434412982,0.00524939134539818,0.24046859496879686,0.007752470352421832,0.022038367667825565,0.0007210923118397177,0.02731951293914559,0.0016442104636288691,0.006077149051182431,0.002059645870489174,0.11797422197710375,0.002304041888172482
0.521,0.05117389546269408,0.00622746353846387,0.4254820371445366,0.00675132664251903,0.074330759995232,0.0037033667896772533,0.21624588350321544,0.0055606004537142,0.027671189536913936,0.0007526271414314676,0.0350658612016309,0.0017439794177719296,0.006876089898198525,0.0018986728833947104,0.13437905226803507,0.0021371941225709523
0.522,0.05279407221570546,0.00650876710000919,0.4217100687740185,0.006699983250040052,0.07490468327794854,0.0037520268983381173,0.20788882003587786,0.005382656835074075,0.03042306787800282,0.0008366404380536162,0.0373076814480152,0.001862246907609677,0.007435320229703843,0.002059800531696631,0.13823520651682455,0.002198957663082098
0.523,0.05072151669764968,0.006847435179915775,0.42150568706816227,0.007239390132960388,0.07352141869223083,0.00399792918303263,0.21080703629936598,0.00592954935112419,0.028880354603808146,0.0008687088270977533,0.03706742661544089,0.002005953995475898,0.007255643272467998,0.002178655048852703,0.13878951246126423,0.002383782571150764
0.524,0.049622305446720104,0.006766510030080587,0.4131689679093952,0.007088479028917555,0.07502764347840624,0.004088866079428223,0.21415826262292154,0.006050180410782104,0.02864835784411646,0.0008692224967810328,0.03705486724215974,0.0020076940039342756,0.007549384596079778,0.0022675398699175072,0.14317751418919294,0.00245420475116674
0.525,0.043126909478595356,0.00588949900821982,0.42643335384978337,0.007251836615896373,0.06940615050275446,0.0037601742210236436,0.2327656963494059,0.00655219664088289,0.021521136867879046,0.0006532085088897773,0.03366557003912403,0.001810996226697997,0.006102378357975512,0.0018179597911275776,0.1369196723084607,0.0023232612332836394
0.526,0.03549843487791827,0.005752895819988467,0.46749733107299624,0.00913012703194596,0.04407216966115559,0.0028742436294647454,0.20293781640551142,0.0067003939426351035,0.021783862818880197,0.0007714796074809659,0.04445912934720609,0.0027166423276861773,0.00493200240121759,0.0017301285626903971,0.14628989648773508,0.002853446005487758
0.527,0.04734980865625565,0.0059192815093691885,0.502142218828064,0.007219597675086072,0.05053591542100082,0.00246226929023581,0.18242067720411537,0.004323197685868118,0.026439613109541016,0.0007111865667770895,0.04318392550020374,0.0019117670782313266,0.005130787360385507,0.00132191404346472,0.11733000462807966,0.001597835443321959
0.528,0.03703811336431425,0.004799267490826527,0.45137230958369284,0.006605913787578807,0.04961438123878103,0.00246894712770224,0.2010001015067211,0.004869373516434708,0.025734400162726444,0.0007129728876234457,0.04786448433946442,0.00215793240422825,0.00616136179853154,0.0016152883506215787,0.15583239710511854,0.0021527553356342237
0.529,0.0393583080163647,0.005501724767294444,0.4623455081796274,0.00720253740717037,0.0533143389192993,0.0028348045126063877,0.20654662591418507,0.005354318613670257,0.02374117654525556,0.0007114578119906402,0.042667384996368005,0.0020610079549612977,0.00577960678818103,0.0016258756862091853,0.1389047639042331,0.0020505599825833506
0.53,0.0343401128154313,0.004941034193389804,0.47826516340748004,0.0075492145382580625,0.04518685138983602,0.0024504000833831655,0.20647142628287748,0.005453404049125833,0.020709345520751977,0.0006375167498309896,0.044353964329672146,0.002174183593983981,0.004924656865424094,0.0014110896126863868,0.13905209671804708,0.0020795398498216736
0.531,0.038862842140171674,0.005552020427573887,0.45326398281106367,0.006978962748397027,0.05150214094701408,0.002745785572397604,0.1954026237152412,0.005063329762568603,0.026665793903560036,0.0008136707318495115,0.04864084821079165,0.002332659457537305,0.0064137941016207504,0.001807141539618298,0.15173751721364867,0.0022168867169461257
0.532,0.033035276951267296,0.0047944911209489485,0.4383345013674167,0.006754099799038874,0.05000555153922709,0.0026801088046561417,0.21245856744973807,0.005539342096927845,0.022448494329544273,0.0006944087450488285,0.04683594705871288,0.0022520778042819404,0.006199519248538353,0.0017548614923939884,0.1638186017243793,0.0023941504678795314
0.533,0.038539730724052014,0.0067464969984138146,0.4735889608067107,0.008742448831193834,0.04743070210244039,0.003099098958980537,0.18348945919088536,0.005881532380712806,0.026114618683373978,0.0009729575423131081,0.050714718894686095,0.0029246524492296208,0.005891043950254,0.002032142632088732,0.14130716631760326,0.002524269537061907
0.534,0.03226030289330909,0.004827447055067966,0.4751707646853582,0.007505187579479404,0.0410053526555881,0.002270375604458627,0.1880293269776788,0.005195590034421505,0.023279185530304308,0.0007439746674670116,0.054124888070626674,0.0026876345704145137,0.005442966573153232,0.0015979207999850453,0.1534982342131463,0.0023608480895413566
0.535,0.029526126876300254,0.005016929689006,0.45102574718233945,0.007939135975058695,0.038511730961602195,0.002390085665394467,0.1812421942345086,0.005608227909862184,0.025471230914411648,0.0009124641500145309,0.06149575131820638,0.0033765691446230347,0.00612285962767906,0.0019948897870254085,0.17637204339002108,0.0029940131739469036
0.536,0.027740331454523003,0.004053852183337604,0.4299377283570427,0.006408646348192698,0.03966189884105748,0.0021074528934006136,0.1875284934860278,0.0049767369952423085,0.025509750755179406,0.0007878583421681822,0.06269557711895561,0.0029361463214700166,0.006723260884809805,0.0018854731732656045,0.19422105885771423,0.0028257339876129692
0.537,0.023311137867092,0.003400817641456918,0.4244175288192569,0.0062114505385431834,0.03556333989308759,0.001865571549244955,0.19488701316927828,0.005107989539957307,0.02186033963696977,0.0006719711523764839,0.06325261299273566,0.0029137230666258476,0.006162449779789346,0.0017079552155717522,0.20572599784094237,0.002940101297071685
0.538,0.019217690314430103,0.0029542609205689464,0.40664587859045526,0.006133087466107126,0.033055517996401745,0.0018017953678702468,0.20700479027445173,0.005610851943185112,0.018393065259644355,0.0005934899331166317,0.06200111746881214,0.0029460083775846514,0.005855780758370423,0.0016879474620883179,0.22282322120342996,0.003275496663483287
0.539,0.018934049201698153,0.003373813015327073,0.4083599856377633,0.006997125000110477,0.032329324003056215,0.002023274412956204,0.2046468410671579,0.006338033540027136,0.01813778588941782,0.0006763437861927128,0.06257595543369147,0.00337965600252402,0.005748695773102365,0.0019052816374532662,0.22088232032091581,0.003691515278606217
0.54,0.02274344634850483,0.004692412197693804,0.3803662050260713,0.00754815307711772,0.04021246778650581,0.0028798062160861767,0.19649447990706387,0.007068164696563313,0.02346501097574208,0.0010056990621951413,0.06367475871130922,0.0039609953029524,0.007711609476571346,0.002914186195478894,0.23082997467980668,0.004432630340337464
0.541,0.017847892698835292,0.004628470348075724,0.35335106841342906,0.008548545181184591,0.04070293291448153,0.003541439294317664,0.22930737269450194,0.009895149607704004,0.01615849908481277,0.0008819457345416125,0.05269301473960911,0.004045118730897503,0.0069797909050084905,0.003241986398185126,0.2425626957080231,0.005614077546392677
0.542,0.02188219521394047,0.006227472316019778,0.3465147936484024,0.00918782505621582,0.053642507108132224,0.005077479731780942,0.2424336750454503,0.011475050058335618,0.017137802561919668,0.0010334361366415123,0.0441455275115837,0.003741021584258765,0.008025406540937882,0.004082035427916713,0.21979886980230282,0.005594902256161446
0.543,0.020246111495849366,0.005345588496526479,0.37015123580915643,0.009076970314282213,0.049311674213973956,0.004308103115610583,0.2564524067765455,0.011266065215164931,0.013556046159971148,0.0007545241866810055,0.040989207452701994,0.0031929716982862276,0.006330446264671568,0.0029524580770110306,0.20135744176399384,0.004708748959573789
0.544,0.022558285846446327,0.005980776989064299,0.3530263335832543,0.00859886094395085,0.0533719786603393,0.00465968871362772,0.23599892921249405,0.010341111948897268,0.017618164775437,0.0009855508145214607,0.04642358683768777,0.0035907227960821136,0.00804392902363471,0.0037490443077692953,0.21994290182349843,0.005110133723295144
0.545,0.022835292286031993,0.004916052021849436,0.38128597567957234,0.007521102788698724,0.04758732752572685,0.0033060575881057974,0.2244948135331227,0.007887651996314044,0.01810297690069784,0.0008244534881151292,0.05110721209996077,0.003207481011016575,0.0073150866978204205,0.002720015070176153,0.21293326923553466,0.003955232077256433
0.546,0.02172407679671961,0.005151142629063182,0.36124801749701846,0.007750809652826387,0.04668183089263275,0.0035438159348563842,0.21807033841538,0.008365475152843601,0.019358970024429347,0.0009658213224265876,0.05470071305123403,0.0037164745136102372,0.008080783509899247,0.003268527809639527,0.23269926443520214,0.004673938362218543
0.547,0.0197515601889897,0.005505993523249132,0.32584367345826365,0.008129789747843178,0.05376942639625776,0.0046897429265786335,0.24810647996942553,0.010938782329014083,0.015775509419726715,0.0009334001229846455,0.04441991497885388,0.003538055420342964,0.008473387244222051,0.0039659642958364974,0.24059362039650958,0.005564699581901861
0.548,0.015717500322546214,0.004242049285840519,0.3152141303622778,0.007569977497358128,0.04627867359275903,0.0038979449158085154,0.25695563160906915,0.01096186699748332,0.013139028557353383,0.0007542468066168505,0.04501074332109518,0.003452222471145296,0.007647838839104091,0.0034613350133036102,0.2599007959281916,0.005796014480047388
0.549,0.01979694150820976,0.00475286916619267,0.3224005833061887,0.006722799676972273,0.05856232159298021,0.004375921360040036,0.2634636407490271,0.009800949974795173,0.01473109835889775,0.0007475770375764495,0.04066463628249846,0.0026803667362369286,0.00864443119789267,0.003449303711054547,0.23470590291586474,0.004500656425572507
0.55,0.017485563572663437,0.003921905967074022,0.3372440879171806,0.00654545890950511,0.051208872085178554,0.00356211911963286,0.27245799125802994,0.009467600941836124,0.012175596862620007,0.0005768058122586358,0.04024316307095608,0.0024625420750954753,0.007100118322085491,0.002632891752926052,0.22884358653680398,0.004071695796153647
0.551,0.01801791183734868,0.00477122180934725,0.3466336578333587,0.007857638007666692,0.051273176165353325,0.004208027918368043,0.2714342804561662,0.011084215303088436,0.01185657389419454,0.0006670270153372603,0.039331746638969954,0.002818991769836994,0.0067417728378723445,0.0029646002616849536,0.21582626289581308,0.0045128953555935445
0.552,0.014020606662967117,0.0036398680330182154,0.35623908443782937,0.007863875573940379,0.04160029450816817,0.0033379967267386152,0.2886509827631458,0.011524035788039831,0.008410331333964571,0.0004644060315359081,0.03752064357866099,0.0026127644151894463,0.005019326895946611,0.002156466565903533,0.21261358117796836,0.004325735506983211
0.553,0.01666226879693444,0.004903460725372002,0.3866299541345788,0.009617575162716894,0.0396616351872428,0.0036492762048688943,0.24804837915332198,0.011362374884323984,0.011043363446128402,0.0006884045801163838,0.04548502381647422,0.0035400855279650203,0.005372786373472938,0.0026289656040645996,0.20595290747263587,0.004753538929782713
0.554,0.01823521066896613,0.005149652439531443,0.40164973154530026,0.009469988519401304,0.04173769514354871,0.0036639625318298243,0.24647647076112877,0.010730832482160618,0.011310643782419848,0.0006766453837509327,0.044378821799774336,0.0032635130533239074,0.005304630377397047,0.0024736455232176936,0.19130599782578686,0.004172558162462378
0.555,0.022884663970814213,0.007178291403022297,0.3937206977693794,0.01032674397701551,0.05021259600036855,0.004882248645470624,0.2291627328535949,0.011177508418294119,0.014958343198320418,0.0009927341360109038,0.04642474467060987,0.0037800385938094785,0.006759310117456228,0.0034818251097750354,0.18946238816979608,0.004595132966262473
0.556,0.023191816253280633,0.006669592101031256,0.391480229087917,0.009320445374367228,0.05529281355697915,0.0049212178693456236,0.24670474336572942,0.011012178180059578,0.013298982152511258,0.0008059788205552493,0.04065740209873169,0.002982636143272576,0.006591473634401322,0.00308978714161936,0.18002616078338884,0.003954543436809754
0.557,0.023932299164665674,0.005907335442852197,0.37335057838440344,0.007506165075653994,0.06284578440663492,0.004815096252590069,0.2592073045400262,0.009895445747483043,0.013354147412035106,0.0006949237987584825,0.037910173714112386,0.0023406930271543023,0.007330146202595733,0.002952121137821559,0.18451392821151485,0.00344385748169783
0.558,0.026200453595502767,0.006901036573959398,0.3214825743468475,0.006881561858010794,0.08163432198788952,0.006616183187305119,0.26960601444944254,0.010944911229069043,0.015133790042834971,0.0008415988711778575,0.03417230846363507,0.0022405596627314444,0.00987027958513587,0.004200691637212227,0.19933978862115068,0.003933925888095437
0.559,0.02051348863124424,0.006144952076955516,0.34519441683646573,0.00820475297369051,0.06049041034692138,0.005582785531974095,0.2758590803487415,0.01251340071772913,0.011523012808320814,0.000732715275849714,0.03605156559097937,0.0026246922613138144,0.0071449204855694335,0.003467560925396201,0.19956632190523887,0.004385923283609748
0.56,0.02687518027661406,0.007132898494291465,0.3836276987687454,0.007931124669623016,0.0631335943816304,0.005073574397992609,0.23876728560406732,0.009281364684071992,0.01572908694634308,0.0008911629449806969,0.04214114331839639,0.002673430700302281,0.00784221937421617,0.0033259148682950467,0.1821455956792027,0.0034287248912273447
0.561,0.02584048611433021,0.007931197868446462,0.3857419166645263,0.009117330490984232,0.05372580722098704,0.0050137797435659175,0.21222366156983452,0.009556230756826632,0.018435547233353583,0.001194590056830743,0.05170319384619481,0.003701690535217622,0.008267768997361098,0.00401175874125888,0.19927036275412505,0.004264677406156895
0.562,0.02699219264234412,0.008480719493899246,0.370639952225106,0.008899985251185329,0.060492251402217104,0.005743362227554531,0.21940245290258023,0.010080588668843095,0.01864466027545154,0.001239297691440174,0.04824804588193449,0.003509175843434339,0.009051774928599451,0.004470513876686136,0.19976310945227138,0.0043419172364529855
0.5630000000000001,0.02473812718447641,0.008150028354548332,0.28972196349833407,0.007262011551027725,0.07541326106294745,0.0074252715057600924,0.2378279698552119,0.011387812339879807,0.019532940209531804,0.0013600885789811586,0.04379153312397466,0.0033133570241506713,0.012699897092478325,0.0064916144852340055,0.2453655659061167,0.005518558227346892
0.5640000000000001,0.02323560354601102,0.007962711685379735,0.34319038255116635,0.008872767380129674,0.058757339954479085,0.006026977010856889,0.23829708612159659,0.01184993869615148,0.016053882138638786,0.0011691621060360272,0.04628422157215393,0.0036177552192283857,0.00857238603709077,0.004580936698571623,0.21648580935646672,0.005043039926042938
0.5650000000000001,0.024518927858008927,0.007096702958048887,0.3476982907121128,0.007515088683965916,0.06392033875339304,0.005535161758368496,0.24833636516896232,0.010396750246758898,0.01547992144015095,0.0009471493517763907,0.042972563760786175,0.002781817325492009,0.008562471181856069,0.00383388173920845,0.20640904285154021,0.003995526209570547
0.5660000000000001,0.02530043722106168,0.006337663467474942,0.3659401071735532,0.006806253958255647,0.06130945642194172,0.0045552184707532304,0.24249921963548574,0.008724756872951598,0.01580812797713985,0.0008389569472636472,0.044983625320638064,0.0025024175893229137,0.008155637212478379,0.0031324089561674397,0.19980093409481753,0.0033047786806944504
0.5670000000000001,0.02797491483299511,0.007860581740799916,0.4373062151409483,0.00901813243386834,0.05543428969339326,0.004658710701640121,0.23813240016126971,0.009640367594802869,0.012950596435888195,0.0007869798661407618,0.04052932877329057,0.002536334224460222,0.005302572512604799,0.0023544410233474655,0.14281807154082155,0.0026960633237286817
0.5680000000000001,0.025136005689714205,0.008322022540453436,0.42444676634315204,0.010167438832009785,0.057836252320466595,0.005637611708453251,0.265803492165621,0.012428700222404894,0.00959940256914407,0.0007006875536707416,0.03291050490300356,0.002420820295141325,0.0046576429673851165,0.002426945953697359,0.13454833907056768,0.0029573668651149327
0.5690000000000001,0.027508445789673843,0.007109402011464576,0.46314369965177,0.008592317925087653,0.05230885413892442,0.0038616685105738037,0.23889493283085722,0.008451656714629236,0.011141648946414215,0.0006424799020007498,0.03832318140359461,0.002196318752431476,0.004520609360621639,0.0017994664975309774,0.12934216889468506,0.002163148669740546
0.5700000000000001,0.02879506307411371,0.006191422896736184,0.492481395524027,0.007535629891313109,0.05101208121580506,0.003095119212611546,0.23574000508954554,0.0068598929452690135,0.010322611535924425,0.000490834408689477,0.03631089252757051,0.0016924656363112448,0.00390696972261054,0.0012599424379919522,0.11278199356956965,0.0015236803119108085
0.5710000000000001,0.026136182355513092,0.004564976356037507,0.48423312284103376,0.00599259888534986,0.05099599868990445,0.0025245126624910625,0.2531460702743542,0.006046181686226387,0.008894346177630965,0.0003427573393764619,0.0341666602972898,0.0012790314177961168,0.0037397811245822323,0.0009779055616572325,0.11568916673162277,0.0012707075991341746
0.5720000000000001,0.031304744744417905,0.006137464211571287,0.47461042367584755,0.006572477685625125,0.06402280041018381,0.003531887836818161,0.2601360039439786,0.006968529589077622,0.009141591965826147,0.0004002444900619436,0.028470999259849826,0.0012009679153826994,0.0040701156572673725,0.00119447388893506,0.10098744187664578,0.0012498328485110153
0.5730000000000001,0.033480644934450396,0.006160798132479091,0.4850180543339541,0.006222520571885205,0.06627825493088899,0.003413823019434513,0.25620393031856276,0.006381812488743401,0.00912830202459135,0.0003758887747944031,0.02732812915466498,0.0010625012855188045,0.003958064576580813,0.0010800731798235512,0.09284675865838823,0.0010604436152394326
0.5740000000000001,0.03339219939555431,0.006840615680615746,0.46117905585929786,0.006524437888670034,0.0706033458769184,0.004017719377037475,0.2595746568560096,0.007146106634462623,0.009955262351607198,0.00045622977627656164,0.02870247111277179,0.0012218530319674061,0.004631919658088055,0.0013874536566084485,0.10307716583944405,0.001289507004670273
0.5750000000000001,0.03598560991093857,0.007758612531052426,0.44802330390435025,0.006621348133716391,0.08077529005828459,0.00481387829527567,0.2676690425358557,0.007726953991120436,0.009718876487390822,0.00047211940490797256,0.02532934268499933,0.0011258910654825625,0.004849178869344244,0.0015216492213000678,0.096348335910234,0.0012605669957470652
0.5760000000000001,0.035276144310195864,0.006517890955772483,0.4756720581264868,0.006012617449639155,0.07346417220148965,0.0037172772932735965,0.26380215878328284,0.006506823587552987,0.00877754441614277,0.00036502681607314196,0.025051282726809787,0.0009440620967037682,0.00408184597391248,0.0010775302297321057,0.08776395412377158,0.0009696109091608724
0.577,0.033344716657717016,0.0071998276459779124,0.4511273482666324,0.006590005450808422,0.07407822759880693,0.004344160332831357,0.26596888779022443,0.0075892549547520805,0.009669629966681638,0.00046704488038518485,0.027915185349785324,0.0011993438269402184,0.004812198392975084,0.0014535488555028945,0.10294418991039316,0.0012964301195859055
0.578,0.0377180336521317,0.008358955125202561,0.42453289983922465,0.006321906413552095,0.09551715595056534,0.005724688487831819,0.2880234973579178,0.008407361034461023,0.00860397995219637,0.00043023595732922973,0.020342370475330093,0.0008904509419617283,0.0049948433725918945,0.0015431719671230436,0.08746605226844129,0.0011243972041391748
0.579,0.04450384663022121,0.009740390167897591,0.4328117720038571,0.0063157638452794864,0.10267683468529423,0.00606430781427432,0.26518472711699714,0.00761707931928378,0.0104306969928071,0.0005184288306418886,0.02155865533168578,0.0009216013138420976,0.0055683853223419556,0.0016916947738643238,0.08334652997640786,0.0010492858753039561
0.58,0.0501184372193248,0.012102224382455135,0.431061590812737,0.00694081175943086,0.11111372279869872,0.007238616730173568,0.2525987380238381,0.008068026885199581,0.011460855685798405,0.0006329326681643421,0.021114818242206002,0.0009937942127604443,0.005924685067182356,0.0019817865456806505,0.07756767304937706,0.0010812859169728986
0.581,0.035706447082863566,0.010767355874558739,0.3742788676618412,0.007343619706144845,0.10982337124821497,0.008632783780388079,0.29505374888643426,0.011244584649006961,0.009587755085796582,0.0006548362373994486,0.021413843155602786,0.0012075977220369252,0.006771527479186576,0.002691237847039244,0.10313290690178391,0.001689516681701853
0.582,0.04071241765306899,0.012980218744318006,0.37314158268281505,0.007743406422431643,0.11302349473696578,0.009416697489184531,0.263478953131685,0.01070544687688486,0.013087242503556895,0.0009465428637764827,0.02610250203834605,0.001543004288975967,0.008477727685219913,0.003545435272852767,0.1131403165137181,0.001955011096200113
0.583,0.04009119718222471,0.010164869790643514,0.3548428513188422,0.005813586315563193,0.12419947431163822,0.0083247177199157,0.27982428524740105,0.009144256059621008,0.012366818033935304,0.0007123209773393103,0.023987470715826374,0.0011113785931867151,0.009011521229763378,0.003014779465474799,0.11579661472296442,0.0015938583156600045
0.584,0.032884708313348256,0.006302443188216758,0.3405829695709905,0.004299430627578969,0.11999352075085813,0.0062189278206995924,0.3124976735450989,0.008068164522366354,0.009652297657337838,0.000420282152707079,0.022167447979907287,0.0007848572350980201,0.008367437230260821,0.002149338946065882,0.1242731535617666,0.0013373468976990552
0.585,0.03413037040184496,0.00617246101828847,0.40483014764700825,0.004816840615906311,0.09390186293627473,0.004551735182822903,0.28587535062355324,0.006931926214757589,0.00987019983611867,0.000408220368048754,0.026199626994142546,0.0008714976712891233,0.006482152474740907,0.0015555445086460904,0.11227419710271017,0.0011278664038472704
0.586,0.035016116359753574,0.0064346723889187486,0.45361641816998854,0.005437792617950245,0.07504423980733754,0.0036976049674773592,0.25208587408465366,0.006197765994541185,0.011076190715466614,0.00046772771384492656,0.03222083581732524,0.001076686971379065,0.005771222410323954,0.0014052142432372176,0.1093444001595502,0.0011072375782517736
0.587,0.0400967184494236,0.008081265493682406,0.45162634679150926,0.005916429086032877,0.08139301153101818,0.004394794510486221,0.2359826333967601,0.006394237122720523,0.013247689962770794,0.0006149223904506569,0.03383834939549159,0.0012303303357023478,0.006583399006750585,0.0017510933682398624,0.10765624548449024,0.0011925336744706971
0.588,0.051194162090833516,0.011018412383638992,0.46172696353327014,0.006454846874690603,0.09061931132925179,0.005230101138993934,0.2061000231194241,0.0060292081110870106,0.017179210303828445,0.0008545009850495938,0.03542461010235214,0.0013711423539020718,0.007494574301036002,0.0021268073759721645,0.09603505856765258,0.0011410674290169888
0.589,0.047927492325765625,0.009739872673871221,0.4813688196212341,0.006334594472049071,0.08407843649766124,0.004559056354473543,0.21221397924953864,0.005880190907732559,0.014405455324359011,0.0006773608253805273,0.03346076080064817,0.0012141653049846872,0.006262931726933457,0.0016609926367403794,0.0892207638737499,0.00099512740487795
0.59,0.047994294026686056,0.008988602161543933,0.51303654851523,0.0061917704134204134,0.07394294874834804,0.003655543305101448,0.1986056113664154,0.005051697554804273,0.014327900702704247,0.0006235153345596555,0.03562556334986033,0.0011838768322889486,0.005503386741104377,0.0013280704230423455,0.08309499574415467,0.0008456747807360761
0.591,0.05037335452079382,0.01032119074006069,0.4813176010166537,0.006326395393990489,0.08476934457755224,0.004542344312251068,0.20340937825536032,0.005654011883476092,0.015901673934516265,0.0007581786204736635,0.03566286909343018,0.0012856858554939582,0.006696335516059187,0.0017444391128059158,0.09024148970665692,0.0009957074604255024
0.592,0.04630210038915414,0.008142554284911691,0.4996852530847021,0.0056496446504620814,0.07805128511097092,0.0035717186749470273,0.21063560739002665,0.005069915552522681,0.013355459298106808,0.0005450865744264302,0.0341948284101383,0.0010524554330291495,0.005668621324927259,0.0012498881179993965,0.08601376659080022,0.0008118151128751788
0.593,0.043561617702026295,0.00822347277060992,0.4494245382156958,0.00540860083967796,0.09000727397304681,0.004370552364654812,0.23216581230887828,0.005951786194218718,0.013608117878404914,0.0005972736617636838,0.03357281564297297,0.0010953249587682483,0.007067990701427557,0.0016477394263893833,0.10227657407715751,0.0010205092843070735
0.594,0.040409731141749713,0.00796456271505299,0.4299322312179617,0.00535663205758358,0.09401972686611226,0.00473880982049654,0.2488837933627489,0.006632423165573045,0.012241695307341536,0.0005641831057351467,0.031355982432605435,0.0010577078914657974,0.007213393396869669,0.0017445766449002485,0.10678224794411273,0.0011023029296905998
0.595,0.04706540811790655,0.009769756523661646,0.4760390413478085,0.006212468099446791,0.08510911892083904,0.004536510373560974,0.2121538271044576,0.005996960855114525,0.014385161575024941,0.000701471959648375,0.035253931030134175,0.0012426100175742115,0.006635483303437319,0.0016948780435273119,0.09219972241869023,0.0010036503091677028
0.596,0.04999483511958168,0.007913330457923971,0.4928663105605939,0.004849341838953563,0.08758252139186748,0.003526742541908568,0.2119041488012141,0.0045227722209234735,0.013556178486706053,0.0004975779490676957,0.03250380629916086,0.0008467262108730009,0.006080030154194076,0.0011504089846839074,0.08155154214243031,0.0006537268399173649
0.597,0.044437696635164566,0.006720151168374376,0.48958643592545364,0.004570814622643632,0.07818711827203041,0.002993039396324314,0.21047766880096463,0.0042947011250159504,0.014388284582167302,0.0005090767895076676,0.03841171484451858,0.000952478294723333,0.006519585895972146,0.0011764505403123314,0.0960400733123745,0.0007347097944525419
0.598,0.0431148650232518,0.00725414379550855,0.5063280730169014,0.005189443606946315,0.07109338555295318,0.003022991504036072,0.20348469006999537,0.0046043883181858414,0.0139063018637646,0.0005497682529881732,0.039781655390065854,0.001081858343235873,0.005938817290523635,0.00118952603625665,0.09267816810548489,0.0007819238299017524
0.599,0.03429206663463809,0.004641350386857922,0.4833592806612672,0.0040198960802294535,0.06917809396436402,0.002404711106037401,0.2326652083325372,0.0043827827425999225,0.011137973999317497,0.0003561784938037425,0.038400743097262,0.0008474089095742556,0.005845635507820399,0.0009575493708317207,0.10676447460535922,0.0007466461074998934
0.6,0.032265859952862436,0.004406922174206139,0.5037201055506949,0.004169062511152934,0.06186905868867822,0.002159882590353132,0.23018557377173207,0.004341277217778465,0.009974433714076058,0.0003233856894060167,0.038379525390641114,0.0008415099559684311,0.0049956870809651195,0.0008220313443742264,0.10084312566453178,0.0007025587025790495
0.601,0.032076153432358735,0.003943526956730749,0.5087127279186958,0.0037344476392551407,0.06278873784603611,0.001964619383364995,0.2363096367495927,0.003981373908617937,0.009061389363918634,0.0002643480583255652,0.03562973258609481,0.000687943840184964,0.004661309326306359,0.0006842028849403561,0.09491501176693018,0.0005848383386468045
0.602,0.037066285955313125,0.004353470352025912,0.4985735126468793,0.0034226410256811344,0.07666893103454729,0.0022834697791358624,0.2448840236362258,0.003889693407138064,0.008948121209655872,0.0002496514491640305,0.02960099735725939,0.0005301783529466392,0.004911438829046209,0.0006837279224165256,0.08345399309458183,0.0004798639479828231
0.603,0.04065647438626278,0.004613550364865586,0.4717280689542183,0.003071667921339285,0.09235507000247377,0.0026507468135256443,0.25540397244570073,0.0038831877027071518,0.009272740994995692,0.00025108879589168633,0.026524122981877788,0.00044890188350801954,0.005636714171865895,0.0007551791659519279,0.08229842682031165,0.0004500865945041267
0.604,0.042583552767242905,0.004902031375799418,0.5028906975145293,0.0032809803682899838,0.08378242273269546,0.002433363653440091,0.23553920458543517,0.0036134066777802456,0.009688889523844066,0.0002677072677503363,0.02839878069169537,0.00048055417013636654,0.005133644676264329,0.0006955042940259617,0.07589277586977604,0.0004164838312950366
0.605,0.04925180348707882,0.005554680518179515,0.515232711579531,0.0032450536930234246,0.08850561155697215,0.0025049106671482437,0.21834526712489538,0.0032517265520275148,0.010836785829737598,0.00029481685649979583,0.028259742731586455,0.00046051696362312764,0.0052694099076908574,0.0006947758357365259,0.06793250731572364,0.00035967938054592773
0.606,0.04751193099181753,0.004592917871565409,0.5170886473856777,0.002766102925071891,0.09150000387526891,0.0022208931732935495,0.23370664166199218,0.002994440425832432,0.008511261111853139,0.0001962516652787006,0.023337070827679714,0.00031691684119759497,0.004498281833613052,0.000499774637348186,0.059991492850746765,0.0002673719217633164
0.607,0.04985709343545647,0.0049243901835208,0.5425752333915165,0.002923957955679723,0.07960583754988505,0.00196825791244969,0.20255077647857087,0.0026387609680083132,0.010965887717371656,0.00025937545447859446,0.030264770367841337,0.0004129787037028636,0.004934097636581451,0.0005566161923908656,0.06526831253711528,0.000293653515430613
0.608,0.039460783865042655,0.0037568192903934686,0.55422236974005,0.0028516192159103297,0.06592873592888941,0.0015622806271987557,0.21437228527808427,0.0026897938114513686,0.008740682369406446,0.00020044406406696344,0.031271464674050356,0.0004072055537423063,0.00414277495603234,0.00044762105671760727,0.06964491178913473,0.0003002077798290315
0.609,0.045459895150080254,0.004716337190088387,0.6026697469096517,0.003329249922444457,0.058589966148485856,0.001520506121351468,0.17738791288344413,0.0024334251324741696,0.009792274727079876,0.000246160202228171,0.03322044390516027,0.00046421314198947725,0.0035901766622191454,0.00042520801306735677,0.05589210845936808,0.0002623754308670049
0.61,0.047207735254582404,0.005432370100938785,0.5975927354197904,0.0036065888995678117,0.06088230849579611,0.001737785853249746,0.17474681251441432,0.002641590585896778,0.010396029484122661,0.0002908398363100572,0.033864994964609936,0.0005159416292417885,0.0038406017816881876,0.0004990492866891844,0.056454294749992175,0.0002903211431097498
0.611,0.03980612249855685,0.0041621246998636285,0.6366811043925321,0.0034787523425327815,0.0473963664979895,0.0012132846450283502,0.17236404729436802,0.002368317607014936,0.0076285167753515305,0.00019354065673612584,0.0320414450740591,0.00043882715391732645,0.0026060313797362862,0.0003008255004550167,0.049093758193034326,0.00022693528882413756
0.612,0.04277966082712743,0.005621505632331297,0.5770836222730114,0.0039491120480449875,0.059666354254916044,0.0018708891023310728,0.18382437252054562,0.00313606897318394,0.010504694137029863,0.0003280480926644085,0.03818559040038661,0.0006364112757908096,0.004158408276203833,0.0005748660648234737,0.06730469221260173,0.00037570390900755474
0.613,0.04490145608142933,0.006388041140340502,0.5960729465209765,0.0043561612432308425,0.056886612224768054,0.001924449721475707,0.171183377288218,0.003153929888799123,0.010636629057797957,0.0003619607433184285,0.03820979333582802,0.0006800277268531083,0.003842865237674198,0.0005737199071312042,0.06046461507205168,0.0003634148101071419
0.614,0.05536688312457429,0.0090516815208702,0.5994248295780391,0.005036346760032063,0.06458837624555266,0.002506275845717044,0.15584457837844037,0.0033509782756370892,0.01219400683380739,0.00048146117287286113,0.03560716396819218,0.0007315578359596795,0.004071311872094753,0.0007000052295359166,0.05068830301848807,0.000356240340186377
0.615,0.05037967367635199,0.007281664865729336,0.6044741687271972,0.004469677161975748,0.060087577834522364,0.002046395160225159,0.15939631272305807,0.003045784287356434,0.01153296794372009,0.0004056641357965097,0.037405768495035574,0.0006775087144382383,0.003963571782774829,0.0005988053837745293,0.053898426857708306,0.0003360322503356377
0.616,0.05519274037742924,0.008456587654903262,0.580354080751067,0.004505996821780699,0.07079375093183846,0.0025303656397410606,0.1641271547384249,0.003315855795533609,0.012569315621023328,0.0004709474885040892,0.035876612983085136,0.0006817054785185293,0.004677640216633222,0.0007407544867520149,0.05534315460366618,0.0003633364110993028
0.617,0.045119386973973497,0.007456531713260127,0.6090799485979682,0.005006039099462586,0.04992573063434924,0.0019193605361134613,0.1502532896456335,0.0032544798298639196,0.012790827828341967,0.0005153669378075768,0.045914800962471386,0.0009179606374303903,0.004202065786433006,0.0007089195758082841,0.06250010255346101,0.0004351886876218348
0.618,0.052456028998564525,0.008135126861208378,0.6088623523796985,0.004607186797890141,0.05390775231788977,0.0019218383907643496,0.1374371748881899,0.002754950587951477,0.015374768709651194,0.0005840519596454928,0.04773861850809893,0.0008796304103469579,0.004722459290322234,0.0007395274540866819,0.059496080680379676,0.0003824517653117388
0.619,0.06107501796062636,0.010240177772547068,0.6118745530846749,0.004973213350319303,0.05403776080589637,0.0020750809482400346,0.11634699502895976,0.0025466753315375496,0.01955625850329143,0.0008030805558357415,0.05292593371243762,0.0010439975741989252,0.005236567849300543,0.0008795598121529122,0.055995601264227333,0.00038952644575435114
0.62,0.0718571287002016,0.009326720689274749,0.618651053913981,0.003767027207247068,0.05602106672217389,0.0016175342650453005,0.10159572329768733,0.0016474346381830252,0.023307740481964438,0.000744622882174735,0.05440196436095725,0.0008064858363571504,0.0055336475715353104,0.0007003654871483853,0.0497657919933298,0.0002556919527389778
0.621,0.07599365318318418,0.007505308909305529,0.6246746070354948,0.0028423504338741905,0.05643600759459706,0.0012165667351483772,0.09665888816836685,0.0011771585478701746,0.024431764108057266,0.0005950346530143748,0.054564466421266875,0.0006048289403465393,0.005556202668096916,0.0005243406209935664,0.047038776086616683,0.00018004589376668232
0.622,0.07188242121740757,0.007894742984964368,0.628039282450146,0.0031322532627310906,0.059830475207982514,0.0014111896156557841,0.10748341369124349,0.0014475906869895522,0.019666102050904282,0.0005390130608481197,0.047044673620384794,0.0005770480726125213,0.0050933102928266685,0.000529186106910745,0.04523775716379015,0.00019154051460232082
0.623,0.07215395665356515,0.007935646904483262,0.621227400437395,0.0030666364506423383,0.06520413893787094,0.0015246116795052933,0.11443093266836497,0.0015459791740772154,0.018222931973350606,0.0005019482535005986,0.04306032464804653,0.0005233813239524377,0.0051750709370276165,0.0005324654719914063,0.04470586974850077,0.00018870473772595562
0.624,0.07689724264520034,0.008027919030411348,0.6001921011717738,0.0027722103612071833,0.07611717256776811,0.00167762896458069,0.1205855367138654,0.0015491048798685564,0.018751206002691093,0.0004916420970422611,0.04022738131595514,0.0004575981157438171,0.005879595090771299,0.0005693232034970703,0.04562250614646626,0.00018183169315770737
0.625,0.080133424234457,0.009955980877887415,0.5469921126460219,0.0030104251759561795,0.0948814629209857,0.0024337203830609574,0.13190991017208537,0.002015842551553271,0.0216720986231042,0.0006730094485094598,0.04109676619239327,0.0005526624041918749,0.008109317003237837,0.0009066454871808872,0.05539773593164723,0.00025888594772736505
0.626,0.10167131555560689,0.011534204693302451,0.48760005841462367,0.0023893048407267474,0.1319020348895326,0.003082612589667622,0.13018943714688438,0.0018069710159655016,0.02689290295044149,0.0007646956163658718,0.03580967774882531,0.0004288313432553497,0.011093259788883468,0.0011287047117719536,0.05348086973625867,0.00022511895788797815
0.627,0.11916338654869513,0.01773427403407021,0.5174726677556457,0.0033652514116083985,0.11002056215987505,0.003514391868407427,0.09585339943603383,0.0018891120057339462,0.033647028754511296,0.001249202902422288,0.04085246955967982,0.0006445606672945155,0.010060894165253974,0.0013816815497138281,0.04290024162410097,0.00025087555695360564
0.628,0.12386601361645126,0.02007547181941239,0.5487295882758718,0.0038826954129876955,0.0988329615385841,0.0034348347466869595,0.08732733319485078,0.0019142901987665426,0.030093515738478856,0.0012288861372380926,0.037443037724796395,0.0006484546107522716,0.007739515084009774,0.0011627085183561904,0.03340339157258111,0.0002173018101756591
0.629,0.12685106247719172,0.024636569724343846,0.52430997980904,0.004471578807789968,0.10477723050609758,0.004317008383460559,0.08573335438173785,0.0022963290775191306,0.033727546932123646,0.0016432022587507251,0.03939958902916942,0.0008172240353153759,0.009034402094724213,0.0015939269770747567,0.03610845474415723,0.0002825407615039617
0.63,0.11939255851200739,0.023230339125989444,0.5521498026811856,0.004721505604917713,0.09292538196806129,0.0038053966714816185,0.08470962848674923,0.0023109631996966044,0.030510004015783788,0.0014943372609979911,0.040075869502358655,0.0008351343057886507,0.007749258649101121,0.001356458977011728,0.03446052924035408,0.0002728317985151637
0.631,0.10337099897256609,0.024707055407506857,0.593574690621235,0.006109224318286427,0.0680226584376682,0.0034499013603283427,0.07769411619387667,0.002627328069459682,0.028695592212645518,0.001718259419192971,0.046534718917697344,0.001161076470307281,0.006258216865508454,0.001341398463999783,0.03440192893138429,0.0003328353383371451
0.632,0.11569267354761882,0.032051536126339035,0.5808727161027992,0.0069841849616416925,0.07915885034022506,0.004599509682052707,0.07846867809100239,0.003134820212251766,0.025506700537182004,0.0018064062373544566,0.03565426841968782,0.001060989505456364,0.005856181805145921,0.001458159680486072,0.027376745117804826,0.00031757963295194646
0.633,0.11739519912192774,0.02519428792708999,0.5898372869143695,0.00549247112035834,0.07877356299734672,0.0035016221599373327,0.07746535625182974,0.0024252084026344933,0.026162945178448575,0.0014421758317590104,0.036694576227338974,0.0008479535415824194,0.005938164604669145,0.0011315545528187327,0.027448817453797732,0.0002488177140914059
0.634,0.1016480786738111,0.025214216589615986,0.5836267756653335,0.0062191769429689615,0.07593445745347663,0.0038364056465817965,0.08395621726403522,0.0030344553787280226,0.027036586428829616,0.0017073445967274422,0.042977662495449834,0.001125900866696304,0.006827902133926818,0.0014608045234767286,0.03503297708322806,0.00036103825711414843
0.635,0.1096736437906975,0.02687380579301095,0.5612777136432135,0.005893639503806845,0.08408487113899493,0.004159018659136245,0.08221439642353157,0.002970459268396339,0.030447955056139373,0.0019050500748698156,0.04336035359047868,0.001120920265162616,0.007939449449551238,0.00166232044056315,0.036046719802620905,0.00036968309982616105
0.636,0.11785552315176526,0.02927166715686358,0.5641686917314633,0.006004560315169576,0.0912675066830297,0.004538382877201064,0.08280112065711319,0.0030740705981085205,0.026152080845806152,0.0016659452199656094,0.034647933365994844,0.0009106647259739701,0.006944047454866963,0.0014613651278349046,0.02893217204626022,0.0003042680425830975
0.637,0.12587953040466093,0.03392044355711509,0.5572549543194705,0.006457257928538899,0.1003707986462412,0.005368140349791212,0.08362731718703192,0.003423192633486978,0.022499477697330496,0.0015742131401369787,0.02740377391040942,0.0007927727920192142,0.006222046992155897,0.0014172446872063311,0.023514455321951067,0.0002743804324536639
0.638,0.12760073920822418,0.037703363429637544,0.5627851480291634,0.007161427346968254,0.09184539459709241,0.005369439563724439,0.07559801806428192,0.003466220676947883,0.024561286218211003,0.0018842568502257548,0.029906549506091236,0.0009473590569378792,0.0062108716482391245,0.0015375950160490884,0.023122627293527116,0.00029970349467872665
0.639,0.11084839599828977,0.042179986502135586,0.561790237255545,0.009071285149223706,0.09419383810124955,0.006904966514932757,0.08742512269441212,0.005070457178890046,0.019331226791401798,0.0019390773789771556,0.027320823499806062,0.0011102420324996284,0.005872509866385591,0.0018360407784073548,0.024698641341950253,0.00040714891589340856
0.64,0.11966959158974039,0.045629993632920945,0.5598818021406595,0.009068559959745922,0.09332268699099276,0.006802969534797148,0.07904043682554265,0.004659838714284796,0.020867448532332692,0.0021043046830457103,0.027316255454740087,0.0011131684169873512,0.005866758266176509,0.0018210848692479626,0.02245992497203357,0.00037517541675200774
0.641,0.10913368086016868,0.031086392760486626,0.5753361661110392,0.007099837450608185,0.0972945337393646,0.005361384077229169,0.09152135484986004,0.00423702894583927,0.017906190259080086,0.0013409505003197746,0.026586970316457816,0.0008188335670457055,0.005826156520873475,0.0013545778535328792,0.024774073620681285,0.00032186856741331463
0.642,0.11510038638319911,0.03601338445337904,0.5684772142156055,0.007730318216809478,0.10378491046877354,0.006234017977415446,0.09082455532631849,0.004687047373563087,0.015773348600827273,0.0013135142526708636,0.021886369778693276,0.0007494179961708444,0.00524227504579286,0.0013368851657278118,0.020546772281611447,0.00029958246344174847
0.643,0.12171873702955988,0.03212230420754955,0.539110618963522,0.006128711932693133,0.12710822754914933,0.006475468944345024,0.09989121121393657,0.004421648050359087,0.014987848076221034,0.0010469318562702976,0.01861012527243489,0.000526805316517207,0.005864191466829505,0.0012561253066296115,0.020477707280699156,0.0002533375332836958
0.644,0.11169435493276385,0.0363273899242895,0.515118605178148,0.007203640416419278,0.1373781747661139,0.008441542886505615,0.11139727665393998,0.006043803925735591,0.014109306544716555,0.001216985761503008,0.01831842374335058,0.0006357316709407725,0.006550474965388681,0.0016848621156914042,0.023524661867014175,0.00035476464747915876
0.645,0.13840785193900842,0.04993029377082189,0.4732951615704007,0.007479963542691701,0.16225317267850559,0.01103233992256998,0.09625976686687504,0.00598770215581942,0.014597009088919992,0.0014160210860299748,0.013699650570684792,0.0005435783044207799,0.006484567022139084,0.0018602099708014547,0.01646464891235074,0.0002880625979605183
0.646,0.12346984214370633,0.040380625952112476,0.5025392524215184,0.007295776398251373,0.15538132616886666,0.009563513024492721,0.1086284640909622,0.006292207614646162,0.010613125043758121,0.0009286159016474254,0.012129593134629935,0.0004380486356566444,0.005152190044158342,0.0013215617838902348,0.015613791295315866,0.0002520663463870835
0.647,0.10552613438920816,0.0424290114573289,0.5583354023306946,0.009758883137892293,0.11181403304063062,0.00856265393261907,0.1033646599851039,0.0073876258119389355,0.010894683391399878,0.0011581145463708505,0.0159216023875198,0.0006813437902657541,0.004576491660727561,0.001427648634556216,0.017813561693938915,0.00034814980980460604
0.648,0.10907060637500168,0.03131137590329764,0.5863817992637087,0.00735062021116188,0.10546879655765909,0.00562712002714385,0.09858528999495984,0.0050182955026681275,0.011073452566987978,0.0008420291769447777,0.016512975230752572,0.0005047690915481659,0.00428044465976267,0.0009274109716361976,0.016811755929357512,0.0002332585374093277
0.649,0.1183161191772944,0.034579054296263984,0.5518258885809201,0.0070552363049655184,0.12285935726492676,0.0066244362719081835,0.09946670591657986,0.005218343903557187,0.012353217102451835,0.0009601536176093642,0.016086449174695334,0.0005008306276547342,0.005171479588966825,0.0011310810844397774,0.017600433193219182,0.00025121389454695894
0.65,0.12194490585609048,0.03760139693465772,0.5511415418841289,0.007454930383262644,0.12328779761726268,0.0069760378900470274,0.09611092221121575,0.005398006119518874,0.01175904984580604,0.0009705879723410593,0.014885982204874887,0.0004909922769273447,0.004834941164307944,0.0011107022526853875,0.015790753616493427,0.00024145177037970022
0.651,0.13177497052000595,0.03987803276450217,0.5670753163262569,0.007542042234916919,0.10816179820324191,0.0059533103661409395,0.07932784304337417,0.0044273362135351085,0.014606436286522846,0.0011895719389685988,0.017736791096043977,0.0005754192858305381,0.0049980118167048315,0.0011182723171580546,0.015401123287797022,0.0002337242990000631
0.652,0.11748289810470997,0.04621785025460362,0.6037325908228102,0.010242290668005286,0.08047915378833954,0.005848193727000064,0.0710701323188778,0.0052292345084752785,0.014665280420459307,0.0015358136662758973,0.021129162988074216,0.0008634390893004245,0.004282085198598939,0.001242014106524583,0.015671945053119286,0.00030791528482567414
0.653,0.1292254959715078,0.04675465755788806,0.6056182670469085,0.009419316194081909,0.07952190977729227,0.005242045952927804,0.06315499682824305,0.004293058675040938,0.015440053015823125,0.0014887052991555214,0.02030292962616386,0.0007590968363112687,0.0040793219605701845,0.001071441485636793,0.01338661768716987,0.00024208608527900022
0.654,0.11885933286086701,0.053410073285924856,0.6242488864341813,0.011936147412880148,0.06594023463376253,0.005407477622553056,0.05847274341564698,0.005005156202810963,0.014602125349602552,0.0017484849361747669,0.02154483292781442,0.0009877735314212665,0.00352445961413486,0.0011468957034893072,0.012874011731151686,0.000291364337584356
0.655,0.1279812502051817,0.05398261362435552,0.6213180417736914,0.01112951976945158,0.06909071708586736,0.0052608389015809335,0.05601753869064614,0.004547876534398076,0.013909130377321124,0.001561277538031145,0.018923475362592364,0.0008093470602021655,0.0032966094316506152,0.0009922070417225128,0.010945878386185623,0.00023367821712159077
0.656,0.11988556553360594,0.060529925065847916,0.6245168005973397,0.013324723949272928,0.06552830578442184,0.0059087304086560405,0.05641631248688725,0.005527000188932668,0.012444473013097439,0.001683420971440543,0.01824736602448328,0.0009329818557654443,0.003025437277385522,0.0010817190542719223,0.01067203381067685,0.00027520397791475705
0.657,0.11734935096070534,0.06073367417186553,0.6451549317176921,0.01411186379814855,0.05658764491720064,0.005184000657211866,0.051076845546907834,0.005207482781731234,0.011456800909862742,0.001594294888867129,0.01780580003860493,0.0009337725664214445,0.002478958251541209,0.0009015340322720809,0.009176984755084635,0.00024606000588277597
0.658,0.11136690242564808,0.0636972041389621,0.6765046166078666,0.016280219960199058,0.042056385959718515,0.004261701325882839,0.04199469386330965,0.00483253783209816,0.009890937920720993,0.0015322631498384629,0.01710803140227649,0.0009909095999574141,0.0016803118139250154,0.0006798266259248437,0.006913534244714667,0.00020992312895705962
0.659,0.09353875558889291,0.07115338816415721,0.6830135083760682,0.021341854112955663,0.03483906882572789,0.004639446366861683,0.041284626453748585,0.006273462687231629,0.009705796760758778,0.001964695399360962,0.019962382634506084,0.0014751745464645217,0.0016558080527719998,0.0008628001014919428,0.00797628038255067,0.0003129515464511821
0.66,0.08881760121703365,0.06437646527565946,0.6808891183069771,0.020270176057773145,0.03949561596907456,0.004958984007619307,0.04828613591564545,0.00710800917776482,0.009384304886960966,0.0018150032927667398,0.020297875416245163,0.001429009681069596,0.0019338488416620276,0.0009533619217508955,0.00961932314086473,0.0003651668911323442
0.661,0.08791120406074983,0.06888548444208123,0.6910475290973709,0.022191569315056392,0.0370192736682911,0.0049709043744046175,0.04586121366466763,0.007382171501748748,0.007015977698002718,0.0014873727989254497,0.015655332411565696,0.0012011337034848245,0.0013766346507251873,0.00073521395295079,0.006966729531261204,0.00029225512871362537
0.662,0.08467433800077521,0.06945790944598808,0.6588744392843994,0.022119608098757113,0.0479012727267232,0.006601051343983067,0.058055415528825594,0.009825495273673247,0.007901353026107281,0.0017520920762527762,0.017511876296146138,0.001398273074032515,0.002068337552216292,0.0011344012392682423,0.010273391283516273,0.0004507457493357465
0.663,0.08662197945596396,0.07412546558661808,0.6437379228861438,0.022547312653383212,0.052268967684513945,0.007418999950740671,0.059915515649642086,0.010675702377654242,0.007957258638485997,0.0018460602735224905,0.016882048499085353,0.0014050034025663183,0.0022490576611721973,0.0012742804395256086,0.010586404331573368,0.0004880205094085742
0.664,0.08656194275775658,0.07767541816497243,0.6441996864860902,0.023649893307992085,0.050135107126954494,0.007386494200899969,0.056934527569080434,0.010754933280249339,0.007994027138648658,0.0019494713938312935,0.01702825185698887,0.0014833114219207823,0.002194589346735273,0.001294286976634282,0.010258143925295974,0.0004999150459495204
0.665,0.07791490727978305,0.06950150160871588,0.6551276585936283,0.023906894814347355,0.05058312368594961,0.007327868355925352,0.06383300288621475,0.01210484833577731,0.006515618415361941,0.001583283567672656,0.01581530437208061,0.0013673779219465917,0.002040393082978112,0.0011866385978008417,0.010670746606673264,0.0005208318751442786
0.666,0.0733347775791552,0.0650194953660862,0.668426494437821,0.024227742593187402,0.047678698733939956,0.006787786148951764,0.06456067100458023,0.012269097692510621,0.00581055559336465,0.0014070370068509789,0.015362481299298075,0.0013170166387458993,0.0018435995589123585,0.0010574114053671193,0.010390097173980171,0.0005070377672482387
0.667,0.0683658801862645,0.06387840786411834,0.641929381937431,0.024462797040203998,0.05329036785193266,0.00786458774455137,0.07331636628179289,0.014722612012887729,0.007377441054887613,0.0018735119944352392,0.020060415061495435,0.0017925685201042334,0.0027657047364346527,0.0016425403650737235,0.01584801704611783,0.0008094003022689436
0.668,0.06357235707663782,0.044147970231858624,0.6535331272395065,0.018748399538609718,0.05913646442642877,0.006590269532132793,0.08765352193384043,0.013673400545958567,0.006667336271593698,0.0012559515397544095,0.01991734513607193,0.0013326922572370523,0.0030128656843903434,0.00135353481946379,0.018667499552218365,0.0007372642142970684
0.669,0.06559575696904585,0.04644137960253983,0.6337990213229546,0.018507333852502843,0.06883381125666876,0.007740817216428171,0.09541954281536416,0.015238136257253312,0.0060094941343317885,0.0011586098184422516,0.016842371806917243,0.0011467692658013032,0.0031107387393255613,0.001416937231572949,0.018011829378724923,0.0007274503321265699
0.67,0.05788526270713305,0.04309974998837542,0.6611562579494457,0.020195707004649375,0.058213875805284386,0.006832126571262671,0.09500577555992167,0.01598635097640999,0.004552789455548002,0.0009294279584888727,0.015317005917918281,0.0010926031774369002,0.0022693102582475944,0.0010870255771275278,0.015707582875026903,0.0006691482177237463
0.671,0.058858722535932675,0.0400336810921252,0.6671435627269823,0.01856293925335599,0.058407181855226864,0.006196230035026376,0.09377187082891894,0.014451322131138637,0.004738664950975676,0.0008871254195980414,0.015864343362649923,0.001029900694552938,0.0023493144286167666,0.0010235530952413,0.01605570771273163,0.0006258798769268942
0.672,0.050457024504963366,0.03657646516493595,0.6435780981710819,0.018963895627257876,0.0642033397968878,0.007138593477724153,0.11349465447970379,0.018519684847356836,0.004216776108376096,0.0008426803685010333,0.015894500888979743,0.0010895483532199243,0.0026894922514649334,0.0012324503423450713,0.02026912704302439,0.0008336685741770407
0.673,0.05211856000027106,0.040866313661659354,0.6498222409034722,0.02067677417835981,0.06177573099388004,0.00738918018100674,0.10581845126554826,0.018801312474091537,0.004018314130528546,0.0008735130961065016,0.014831071597087091,0.0010987845948191883,0.0023953369887410275,0.0011896940337367764,0.017538632247983896,0.0007860896527080249
0.674,0.05389007275967517,0.03826008595678687,0.6504372537308248,0.01865963200800552,0.06418742473580953,0.006890356958865117,0.10559172478396867,0.017010348595345236,0.004364260910656915,0.0008632763004564851,0.01564372248401151,0.001045515463294295,0.002630611996378381,0.0011817277159657117,0.018588237723800742,0.0007557478761550724
0.675,0.053962728093452046,0.039689692189757216,0.637774611262031,0.018908909484095564,0.0645944441478125,0.007116904851716522,0.10316537193030573,0.017281161527285406,0.005611226833080061,0.0011475127639630522,0.01978731212586734,0.0013590363751120778,0.003417117108926836,0.0015776579594907806,0.023615182489181003,0.0009911308579229334
0.676,0.045081181664354125,0.0273282968669616,0.6608624979986616,0.016443873827503588,0.054843848229244756,0.004938041008314205,0.10764797743790304,0.015234440702739294,0.0056489611755585305,0.0009711367329669336,0.024296864000103027,0.0014197757870000251,0.0035073267746513963,0.001355799712141113,0.029366086018927925,0.0010538920629688945
0.677,0.0438386020713817,0.030988717035483112,0.6506339675466384,0.01877742207859731,0.05418556719665079,0.005628624106173071,0.10667981067219527,0.01759530025071164,0.0058148045218329334,0.0011618383791872399,0.02534282525337877,0.0017090790420325349,0.0036786047981794377,0.0016420491430869009,0.03103420671516781,0.0012885811893031407
0.678,0.044030461093434684,0.029121586231848993,0.6711711824422651,0.018067568367252648,0.04776811906100455,0.004573645127619763,0.09589141492255175,0.014761313817170692,0.00634548082648691,0.0011903479619695234,0.028399201509107855,0.001789997614225622,0.0035526228028918217,0.0014751860050210292,0.030672716332925235,0.0011891558842237427
0.679,0.04582524818328601,0.02606531916051936,0.6991507100327752,0.016108771590738282,0.041150286112627596,0.003295529110801373,0.08184971628405871,0.01067100578343707,0.00710653907358966,0.0011533585997384888,0.03185178305879177,0.0017274589340714706,0.003325626075925534,0.0011711077586125788,0.02860431970686532,0.0009432205341616336
0.68,0.05389405835996419,0.03558406448398292,0.7077721382867159,0.019037847564730006,0.03926196411781583,0.0036636555794563007,0.06523177068011968,0.010186555063609402,0.007597631595816761,0.0014415193456949577,0.029102218230943326,0.0018567073593397005,0.0028624431918189133,0.0011913924771306348,0.020501657525454894,0.0008143761374063881
0.681,0.04599329455195106,0.03228617452542408,0.7311028622087206,0.020705243549895464,0.03315691230130244,0.003245878538542303,0.06597843135246724,0.01093070080505479,0.005559795828923889,0.0011271805219632025,0.02616671236051634,0.0017640236245592454,0.0020817014040038764,0.0009189034997221525,0.018214613885617605,0.0007675710413358098
0.682,0.05239214393765096,0.04341989287489753,0.7176124239132884,0.024157948191080268,0.0360154116759863,0.004122257775652471,0.060651615527620176,0.012093551068978206,0.0055637885223314325,0.001346122976048306,0.022341897837064487,0.0018111086112933125,0.001990289698943486,0.0010447349122681777,0.014686108328783967,0.0007507041481124916
0.683,0.05476240886044923,0.06276590263938772,0.6754036214301864,0.03182035108549269,0.03823297641589036,0.005958273514124005,0.057165322150303746,0.016066784259042455,0.0067219398495977235,0.0022028308794628973,0.024504113160184707,0.0027159054781169746,0.002454869689187651,0.0017291424803223758,0.016351537330334055,0.0011440207779167962
0.684,0.05667489102778806,0.057988288231615184,0.6924554161742548,0.029024575493173124,0.034025417180239,0.0046213869867946025,0.04971503336632611,0.012409553319954582,0.007877422015967027,0.0023211496349686373,0.028474326530506362,0.0028275751526856837,0.0025104819462954107,0.0015673169717361096,0.01647898646183536,0.0010281795058601055
0.685,0.05689349808213145,0.050406621000075084,0.6895877364215584,0.024925399488831736,0.040339385835073106,0.00473202701768935,0.05778026775547868,0.012686913680697381,0.007524548653039628,0.0019125559937145415,0.026981840922279086,0.002301673931217426,0.0028574578003389053,0.001547921279781278,0.018513357408200076,0.001008794729893871
0.686,0.058533233596229424,0.05207010587961651,0.6915409514670794,0.025013682391160526,0.03809257286403591,0.004425868017482469,0.05244454376715314,0.011620723387004652,0.00836298899977339,0.0021338345118042585,0.029264385611153514,0.0024982121861072603,0.0029380498490453556,0.0015885345048110733,0.018462377790354086,0.0010099351771891243
0.687,0.06700033685608085,0.053378817200094596,0.6809662439360208,0.021786094400751143,0.046597962942415125,0.00480312200239044,0.05479167945114651,0.010871845093825418,0.008405779292333434,0.0019058372187673652,0.02504020406307074,0.0018738297993159422,0.00318340098633936,0.0015269360687183682,0.017043682759020535,0.0008242279297092794
0.6880000000000001,0.06464425709939194,0.05811791947374676,0.6889306397708378,0.024742678550098554,0.041491387241036716,0.004790092716156248,0.05065405297190651,0.011437650176239307,0.007597323647867027,0.0019513033250151053,0.023771859083531997,0.0020050053173392268,0.0026626883296151133,0.0014462571380960887,0.014936418690711563,0.0008204664684101419
0.6890000000000001,0.06518036414708188,0.05817977432213224,0.6937022669102373,0.02466739699800792,0.039299189672720586,0.004442136196678103,0.04730875660803797,0.010669019030595497,0.007964286819928225,0.0020309458178947148,0.02488981080689451,0.002079536062384186,0.0026401754794385707,0.001415851623599026,0.014727004250350069,0.0008034852540191848
0.6900000000000001,0.06381197609170691,0.06771521539752495,0.6929118977903844,0.029166927592453772,0.03557155491310508,0.004748169802742064,0.043144104486004,0.011706419900054983,0.007136424523941866,0.002179323576685564,0.022775803577743864,0.0022698459823164187,0.0021928202074065705,0.0014099757063695325,0.012441934257294403,0.0008176061942654947
0.6910000000000001,0.06659015996535216,0.06940245134781846,0.6997301762354179,0.02884383565501928,0.03320312698003057,0.0042841807636929685,0.038357932720316616,0.010276943200584985,0.00731314140639766,0.0021925336755208584,0.0225794352536015,0.0022039043509293477,0.0020210948908027685,0.001267174169925454,0.011023310914665985,0.0007105984699235438
0.6920000000000001,0.06664800575747688,0.08480585574146943,0.6876413042861038,0.03458317698533639,0.0336588774485255,0.0052244895072553876,0.037648880257219165,0.012418729461759854,0.005416302015460642,0.0020436066309386276,0.0163700617260423,0.0020113978807093005,0.001531586297319501,0.001198484764021556,0.008138283587416056,0.0006609576529456886
0.6930000000000001,0.06370098443229416,0.09655375190716353,0.6883293338122426,0.04099962167972328,0.027191632622389075,0.0050268914115508285,0.031510213815798147,0.01261666823637557,0.004851084512519449,0.0021918056610344162,0.01538027259195634,0.0022500909453980833,0.0011646224978523177,0.0011015208933785228,0.006493279088432835,0.000638225891890819
0.6940000000000001,0.05388072071589195,0.08179642325936509,0.6973799049433049,0.041503328744372986,0.029373889210256063,0.005349088179069284,0.03939965947180374,0.01591110459230523,0.004104998065766196,0.0018569282261123995,0.015589504113347894,0.0022789087305057896,0.0012717651948172069,0.0011971534545843873,0.008291020163199903,0.0008156029352969263
0.6950000000000001,0.047704616433373835,0.08244372515228397,0.7116312345639016,0.04767837659030495,0.02281253751392468,0.004693293423503297,0.035068677739364236,0.016202548356726514,0.003336173661007551,0.0017264432550641905,0.014688234258320627,0.0024283718505559927,0.0009096154027345773,0.0009825068137174835,0.006917518480486773,0.000776126504729693
0.6960000000000001,0.040385489664814665,0.0779191940594413,0.7211875217212819,0.053281678659205335,0.02001953878142583,0.004508387312967412,0.03614540742112645,0.018539790072034063,0.002441422620411689,0.0014208370082194543,0.013032268274588314,0.0023910817214304807,0.000698922696934873,0.0008412625162788841,0.006392614470547368,0.0007945829992921095
0.6970000000000001,0.039514460417057286,0.07475827525851131,0.7395381174809488,0.05340019036986759,0.01655377659432516,0.0035753652249395566,0.030881650709216144,0.015568242665776277,0.0023157953106987205,0.0013199492737149853,0.012960666302574768,0.0023223714855096084,0.0005642332174638288,0.0006595873388883594,0.005411938611773206,0.0006553797387343652
0.6980000000000001,0.03346751379684725,0.07168215212003738,0.7305229113317822,0.058926316340141636,0.017230707515056485,0.004076986158880584,0.03624328796475088,0.020378594455785055,0.0019726523571408643,0.0012711148214778938,0.012864836698216487,0.0025736755477062147,0.0005966370278012132,0.0007737666893870594,0.00654367738148135,0.000875169793507546
0.6990000000000001,0.03162438213110853,0.063760669831464,0.7429506677381463,0.05627341759193226,0.016945135442129368,0.0036989833355706068,0.03760113863152208,0.02000153012655097,0.0018291826096335864,0.0011072478779634036,0.01283884200264339,0.0024092983794713743,0.0005805507738043792,0.0007040903521306221,0.0068190198862257195,0.000855843289703431
0.7000000000000001,0.034723961282800336,0.08676310576246953,0.6975937344134117,0.06620560887625689,0.01708101452763178,0.004560679876868588,0.03139109532650757,0.02135166312727886,0.0029795627853762864,0.0021516166399507424,0.018392209533546366,0.004149253417870525,0.0008877362719605312,0.001285185252410405,0.00910299700656734,0.0013805758990926818
0.7010000000000001,0.03581270574609118,0.08005146138678146,0.7103813186254025,0.06001333855085897,0.018084517309650057,0.004235790527018008,0.03220416808049871,0.019659075285739264,0.0030034089745415854,0.0019346192247813821,0.018282507558382614,0.0036660403968176635,0.0009233723139210196,0.0011878047812659167,0.00930400519056803,0.0012558660476815582
0.7020000000000001,0.04027919613538306,0.08770233874428256,0.7124539958162431,0.05829228223695142,0.01770903937779718,0.003951279555518827,0.027324277068451364,0.01624028207018375,0.003176459776287543,0.001988357120511866,0.017157723801579768,0.0033286690062918085,0.0008506799896481527,0.0010557402156160642,0.007511795593405218,0.000977883491848195
0.7030000000000001,0.03778965213994554,0.07515482643431351,0.7369686903261571,0.05510010986983196,0.0148676882867507,0.0029443074566652037,0.02492437024259842,0.01358009846397957,0.0033058033502381835,0.001896227078133266,0.01957332265525817,0.0034858156356968213,0.0008021224129376764,0.0009034803875437767,0.0077784980471368465,0.0009249872128133132
0.704,0.04235095843458729,0.08651330968629599,0.7117865272204786,0.054489398135521686,0.016560710464982024,0.0032892879493635176,0.023328415526210507,0.013147774064111,0.0046106059082688285,0.002705058271803969,0.023875802415678108,0.004343478974754826,0.001118468658107494,0.0012816355209380088,0.009451218940740361,0.0011473498281576674
0.705,0.0456518762608646,0.07844748271996059,0.72602263478509,0.046317112529489904,0.01814349136163678,0.002968262855894625,0.02370622831817297,0.01124563932796372,0.004857692967358199,0.0023886393560722053,0.023759165164676667,0.0035951001138520224,0.0012032364601051958,0.0011512527788931704,0.009573930314749336,0.0009682546852200367
0.706,0.03801255872652921,0.07517527604535937,0.7432446187122312,0.05365066110113058,0.013695463802430372,0.0025412342472613987,0.021779604818713726,0.011876585736493203,0.0034166407425779586,0.001953535432268416,0.020875411602776714,0.003610025594038422,0.0007647883552257375,0.000852832621848217,0.007660056970188625,0.0008907054909266924
0.707,0.047371407585371395,0.08209739601250904,0.7336401457121386,0.04538097430251475,0.01771449101388041,0.002820502957698361,0.021887076742836038,0.01034894807081161,0.004076710902885043,0.0020331198297801395,0.019594066334717587,0.0028929484149502658,0.0009528844990699804,0.0009242041759610827,0.007517121585845793,0.0007480018590300355
0.708,0.04329950661735656,0.07467083679269505,0.7383435242358563,0.04526859026403185,0.017346248915359262,0.0026873686074932327,0.023036213753391703,0.010912615129320359,0.004283674095771124,0.0021231046669770983,0.02249791999621082,0.0032959743083561008,0.0010748285266462942,0.0010322572725928241,0.009217788948978166,0.0009095478689632224
0.709,0.04136890341972522,0.07867758208511237,0.7328373993732613,0.049247000995954165,0.01614485780206175,0.0027021025408783482,0.021800678219452346,0.011455494974934945,0.004244840035460433,0.0023120515568435707,0.023109862168410673,0.0037073013086994693,0.0010431001835332094,0.0010973417252915815,0.009251729574196843,0.0009997540361839181
0.71,0.04233280919137291,0.06036606637156841,0.762856981134832,0.03835347045179653,0.017128294963732513,0.002110136566087332,0.023050290615688366,0.009179666291512997,0.004233414175645682,0.001718298619808407,0.023415824515620055,0.002800278873146356,0.0010832633810254567,0.0008505408465217534,0.009732860690370763,0.0007878033112705318
0.711,0.0484970577326081,0.0657547073402328,0.7500001144124805,0.03550386383004172,0.01843008611300446,0.0021061204451894647,0.020679963690776498,0.007818694750052719,0.005591601580305055,0.002161481276633219,0.02678862117275291,0.003032089813130803,0.0013546953470488373,0.0010076374678720879,0.010473342064291747,0.0007999229635790886
0.712,0.05302171657726885,0.07357299665750089,0.7476134161200642,0.03609629829125314,0.01914969670949747,0.0021959761502016793,0.019133835719974693,0.007465730212159487,0.00500875177725113,0.0019825798195952974,0.02162512001873582,0.0025042405138613736,0.0011517151486952991,0.0008741311956338047,0.00798029109153459,0.0006235039967723569
0.713,0.04581739883258064,0.07370741232822148,0.7433310820267476,0.04103815764422161,0.01781949999942918,0.0023069472315269506,0.019956563763046543,0.008977387275105397,0.004898989493356455,0.0022249196426763398,0.024102076555740138,0.00317126896645148,0.0012151145848360253,0.001050141096217466,0.009540602670130249,0.0008424378897124777
0.714,0.048120121037195894,0.06859344469548453,0.74482997401879,0.03615175510395594,0.020103419992288214,0.0022658413943687453,0.021066678792884593,0.008455748948684944,0.00544016387405973,0.0021920742321381503,0.02552410468871276,0.0029660140299511096,0.0014517289004593067,0.0011145722825907655,0.010873445264631283,0.0008509127438038464
0.715,0.04122706010758775,0.07339086999583803,0.7373803002707033,0.043858684098039294,0.020180234744406108,0.0027430490472256518,0.02371202379488913,0.01163323315142321,0.004030709685177931,0.0020558026411405055,0.022037513490915872,0.003184451857897507,0.0012791320607812718,0.0012169992380006596,0.011015949230438601,0.001053986585534975
0.716,0.03949000787345839,0.07327139898542458,0.7483044038583005,0.04614131552558116,0.017713804803883192,0.0024647687932448006,0.02167669876724661,0.011148291160547401,0.0034007051864607955,0.0018077322803258817,0.019727653750818558,0.0029645861308928143,0.000985667010249034,0.0009773876474722352,0.009027311794317218,0.0008982664317769232
0.717,0.042876026829576384,0.07586324916965513,0.7433035821971,0.04339159416121389,0.01906953108100161,0.002475979306390644,0.020875997815923843,0.01025959658334604,0.0038878752411515122,0.0019679914112322536,0.020635188121882402,0.002942334123643853,0.0011210601334060222,0.0010564924433788404,0.009389165280320614,0.0008843361007769302
0.718,0.043834651367245805,0.07318948575027268,0.7628767881613673,0.04185113430295156,0.014641427843101783,0.001738098472636963,0.015750810024376345,0.007279255730557386,0.0039257686218159395,0.0018697374776470794,0.02087450310698356,0.002798260544855846,0.0008514687473831832,0.000746668750750373,0.007146570946637779,0.0006253701514164595
0.719,0.050576548247926116,0.07039999858105034,0.7614255334531584,0.03413720261309052,0.01820441445052831,0.001771523607212261,0.01663416615886716,0.006400919570468347,0.0046272426171978945,0.0018365161341026264,0.021275166664920336,0.0023382064920212733,0.0010854263196454633,0.0007971209368590226,0.007918343187966873,0.0005716709649849236
0.72,0.05024247680477671,0.08170675307074389,0.7400449266578899,0.0386502957542783,0.019800538054537655,0.002191323594521603,0.017323551257696596,0.007819349238177939,0.004693490773689988,0.0021679326898513714,0.02107213418496127,0.0026970273721048594,0.001210328431596104,0.0010262218597149213,0.00863401671580728,0.000719633539651569
0.721,0.050929054897849074,0.08242525262366623,0.7244492273291332,0.03748780662300358,0.027437896562658052,0.0029698640891423203,0.022865911069053838,0.010352298028965529,0.004245994830291329,0.0019456861862020129,0.018326412616681314,0.002325686913457123,0.0015282849255731981,0.0012864818856438741,0.010552414050733311,0.0008717273679461578
0.722,0.04251433644175589,0.07252210187608656,0.7493400409048127,0.040520860557470124,0.02314788322498608,0.0025965784325060913,0.023504270871315923,0.011227198775724744,0.002934682425935627,0.0014197234206145598,0.01596902629398655,0.002128678681029435,0.001072102818808654,0.0009540488107723555,0.009340014697494334,0.0008084517667003395
0.723,0.03879442657628864,0.06545356179154099,0.7749694271773058,0.04130274569179595,0.016392450222090658,0.0017792636827516292,0.018806023542174366,0.008923460196459046,0.002784781420926759,0.0013281172188975789,0.017086308941259863,0.002247598655448871,0.0007961539203064755,0.0006985305060465777,0.007960400012273687,0.0006767504444331627
0.724,0.04713326668612075,0.07589034287600811,0.7549129469418195,0.037959860094736786,0.020438906977841263,0.002074147009452139,0.01841227231126887,0.00833358576446149,0.0034569482409396034,0.001569038979749815,0.01699699092782344,0.0021131040766385837,0.0010170369700006233,0.0008500965344462902,0.008185478652636928,0.0006559769560556611
0.725,0.04562134892061629,0.055564686467455535,0.7765873677637719,0.029656549066208494,0.022514162848739572,0.0017240160066952328,0.021074502652325404,0.00744196785139105,0.003754935199793185,0.001306228260923817,0.01950455551182871,0.001873002486424826,0.0012529236310042237,0.0008179705547925152,0.010638224419153339,0.0006675583588758737
0.726,0.045150358376142896,0.0404215046408145,0.8058091737445833,0.022666879134206504,0.021064980349751006,0.0011499654562810075,0.020328544826910783,0.005282482003625816,0.003638730337243537,0.0009234911685813921,0.019770666994135964,0.001395082316091515,0.0011493951704787506,0.0005428580497335023,0.010239434419582775,0.00046645301183679215
0.727,0.045310620421636624,0.037380939166286466,0.8023778323107092,0.02064219023132065,0.02494832472436755,0.0012389589361770793,0.023444113615456653,0.005667618749288496,0.0035657785639929807,0.0008298603578985565,0.019159136056879935,0.0012368526802967936,0.0013344735687257107,0.0005826277327235533,0.011787255791955359,0.0004934170922842665
0.728,0.040942449416769174,0.03132747208240471,0.8188453622677752,0.019497029168477568,0.024952290960050062,0.0011333441998286036,0.025895885144941976,0.005866383808263544,0.002483014416058436,0.0005277375991028364,0.015259753034519387,0.0009038965188469325,0.0010440465209056765,0.0004193259406171147,0.010498214391393161,0.0004037945300456682
0.729,0.03224525158125453,0.023573647903437554,0.8362864896251716,0.018983863643366385,0.021152682024807783,0.0009013888217532321,0.027730455451536535,0.006049013361394132,0.002041414491488947,0.0004128458183767925,0.016120898059756816,0.0009125684431725933,0.0009236005180671728,0.00035483806873090677,0.011875522298213453,0.0004355198894714337
0.73,0.03362833990629523,0.028634743746930647,0.8171856409495531,0.02149576918057995,0.026574584774689377,0.00127870529070545,0.032184142965529815,0.008100359534559568,0.001843714417181427,0.00043661531192508673,0.01349873870339441,0.0008971071626988793,0.0010168687273138196,0.0004520630904165167,0.012255149473871935,0.0005174567643547104
0.731,0.030207448568680545,0.026902391430210025,0.8054040960283637,0.02191450439444866,0.02942395323516698,0.0014489761728804951,0.03808168900085215,0.009957516464320712,0.0018449170207583386,0.0004528667223356386,0.014666781363519961,0.001008379462518577,0.001239031722643379,0.0005718810494212377,0.016174131556124616,0.0007014358077550076
0.732,0.02941067056205335,0.026042229845595854,0.8148972004210783,0.021860576628830456,0.02771534763738199,0.0013349770206545564,0.0366966268440646,0.009520161614188115,0.0016164777143956263,0.00039138185923650974,0.013295416872311516,0.0009021759128430733,0.0010435699312142243,0.00047798276874870494,0.014190556462005661,0.0006046479053973457
0.733,0.03207833046505554,0.029519810909840162,0.8185665813784267,0.02264938209467748,0.02497222093986223,0.0012328792712803498,0.029613504286442577,0.008012071426232534,0.0019492874711751556,0.0004861765218274639,0.01473092107891374,0.0010313197220247201,0.0010454325471303252,0.0004978780518191962,0.013041830173922306,0.0005723736613693793
0.734,0.03352396572559786,0.02998881027702568,0.8085612140201018,0.021531395916484803,0.029606280648036946,0.00139903363365132,0.032703366248025556,0.008598971669553474,0.001983544279571882,0.00047734413352420465,0.014067461052959935,0.0009491258020252493,0.001205285457606155,0.0005578491598719237,0.014245071649820015,0.0006012803261431805
0.735,0.034674781317731565,0.03113305358975847,0.8060642534245293,0.02136076604402958,0.029324491155892994,0.0013676973335526761,0.030643901103037746,0.008081872884708224,0.002296704631208782,0.0005507401767565331,0.01563088781321614,0.0010519269891536077,0.0013348374368228816,0.0006194442038843507,0.015226471117909535,0.000638170777807628
0.736,0.03452479250299949,0.03363824572511808,0.7860201006588209,0.02242960183047632,0.03474208961781396,0.0017196522289538868,0.0350180779154859,0.009966256457620733,0.0024085932750832484,0.0006209756569124531,0.01595405667549543,0.0011568160495663115,0.0016524608396858431,0.0008243136952945926,0.018497090834447,0.000826876036225808
0.737,0.038904668689316566,0.034768107565760854,0.7761323100705899,0.02003016178452446,0.0416431758854963,0.0018691703096583895,0.03637977479834187,0.009461111947214442,0.002577201910408858,0.000603149787062881,0.014795256738964212,0.0009695628994433585,0.0018744662178415217,0.0008572102537113628,0.01839219269846648,0.0007424784431983379
0.738,0.04130815389743937,0.042754912709681035,0.7618419075413181,0.022739346385073876,0.04065052757403666,0.0020976543293892563,0.03220801291606536,0.009840750919332238,0.003238750047334832,0.0008615636608879444,0.01717532807780817,0.0012903312032280822,0.0021700250963518834,0.001142423663422311,0.019764649192825254,0.0009156627858056329
0.739,0.034855909257100755,0.04462955466649906,0.7753729056055694,0.0279641582326806,0.03156766914369022,0.0020055598165595076,0.02996864183595473,0.011241606924834932,0.0025657302460582237,0.0008435581636348034,0.016393321331985553,0.0015006032298578676,0.001569250059377578,0.0010382634865095457,0.017492330325738787,0.0009909376739484297
0.74,0.033180815382001884,0.04497303961120534,0.7887417947449756,0.02987722820558467,0.026655763883606128,0.001771777420157631,0.0267127954084204,0.010640011375384922,0.0022644019838646144,0.0007836750836299493,0.015390950289065843,0.0014861756418238768,0.001215829593505906,0.000855825960560434,0.014579644614715762,0.000870270801496899
0.741,0.03215201149127212,0.040860927363296495,0.7896772456676308,0.027875312709811195,0.026298071120588074,0.0016114591439970564,0.026732628501916933,0.010005506065672236,0.0026501239802564362,0.000858494807712105,0.018434462065210735,0.0016728763999047966,0.0014402749367844305,0.0009553904916541668,0.017781607744541305,0.000993607509751067
0.742,0.026642346326954336,0.03180409970453786,0.8082324555614826,0.026783268855620886,0.023822570807122797,0.0013519574912687691,0.029176293693541553,0.01034737089519658,0.0019784780067471364,0.0005947247588739434,0.017063481007073177,0.0014523314843661228,0.001173924507227316,0.0007294126554631326,0.01790996739248347,0.0009373168520402217
0.743,0.02990282433876775,0.035654525189958104,0.8064525702019607,0.02645891894184043,0.02540936061825224,0.0014161004145094359,0.02704598374503139,0.00956169521807126,0.002081094351984134,0.0006194016845092742,0.01575859396297134,0.0013307202659702784,0.0011626988333231687,0.000719760041875061,0.01561899718939941,0.000806755001576081
0.744,0.026867240695721953,0.042342370009792504,0.7979040581911258,0.03392946396158008,0.022580391323242625,0.0016390946245314227,0.025976008068545747,0.012029001763571658,0.0018130427262084213,0.0007102237266025758,0.0150140384469001,0.0016547094954333997,0.0009948081574101628,0.0008178159333392686,0.014737526084424517,0.000990206791569855
0.745,0.028100411069618383,0.04256968316310997,0.8026824715879193,0.03254008690247582,0.02313131533321291,0.001585842003367192,0.025099088573389283,0.011149428092084798,0.0017359480106617338,0.0006464723084519263,0.013686330890355404,0.0014381309644957618,0.0009256437504719094,0.0007281339768131617,0.013143997173339014,0.0008370162002333057
0.746,0.026392301907255014,0.04656241825974965,0.7920971565034388,0.03698777790108706,0.021700178359772462,0.0017026760428666186,0.024237215171497926,0.012511435179634893,0.0018862905438477157,0.0008026675768841162,0.01544232928801816,0.0018569769160332956,0.0009984658228058365,0.0009044299479437784,0.014841569058550151,0.0010761115206146378
0.747,0.021834739687901852,0.048060313087385564,0.7805490090103647,0.04437591842087715,0.020431609462021712,0.0019408515706867034,0.02637561132586139,0.01653326457503529,0.001582323091199851,0.0008310380701935839,0.015277060927201892,0.002241099447817791,0.0009450397865810819,0.001051346391645578,0.016530929237107833,0.0014398459081178536
0.748,0.02186797666551257,0.03975380933900781,0.7979416014553753,0.03725867710861815,0.02123285850272801,0.0016418011704834635,0.027443719896821712,0.014246861302991286,0.0015273724497657142,0.0006526191403787859,0.014918933818806587,0.0017936515155269315,0.0009384249368360542,0.0008592422198608485,0.016730004791684225,0.0011924456856025646
0.749,0.020357477969820494,0.042887261841781446,0.8021262818593972,0.04285330105535132,0.016798662766415742,0.0014963393493509214,0.023096436146215045,0.013972124658970013,0.0014416078204477869,0.0007058119139831748,0.01504861924289047,0.002074589858207938,0.0007452686737373866,0.0007982372742308709,0.014413184882323921,0.001184794686876221
0.75,0.01824161834281857,0.038234664410544794,0.8161287230397647,0.043057037982267406,0.013584296563988109,0.0011784445626040099,0.020862059037783237,0.012535046978081712,0.0013521193711129073,0.0006518986100660774,0.01583916472618285,0.002161749128624359,0.0006258397491169269,0.0006645135301357276,0.013768761862853638,0.0011140621040549466
0.751,0.022292261497951844,0.04782746789652769,0.7825621160109207,0.041942354579789065,0.018381737294879092,0.0015955580457547313,0.02179734391351988,0.013392578795348662,0.0021853547629632334,0.0010652539837948199,0.020568612288392914,0.0028521466102411344,0.0010953101001689837,0.001181299960082399,0.01965432770443156,0.0016062765552329683
0.752,0.01848192397600115,0.04194730210201741,0.7894610334642074,0.04421637313603058,0.01764204774904692,0.0015853979002881436,0.02463138182947957,0.01587560076689376,0.0015561629893494384,0.0007973378297295375,0.01791802161912021,0.002611383320315188,0.0009033186662770639,0.001026827661888824,0.019668843858318952,0.0016770431310358998
0.753,0.01737145882651291,0.045523357869472425,0.7839507600831491,0.050120373338114206,0.017096215649592992,0.0017395011314588387,0.024651713658594736,0.018229717304669067,0.0012914731769415528,0.0007618902230799684,0.015585423706912188,0.002622051567260731,0.0007641965786707274,0.001006810007151003,0.017567259065415265,0.0017177978130042608
0.754,0.01788496626917621,0.04480830955690005,0.7874462481480924,0.04771063761604295,0.017331259905837924,0.0016537854166672914,0.02382914174354786,0.016782859480182207,0.0013982668170234463,0.0007798795602324695,0.016287887768742768,0.0026063355285125735,0.0008048791302922045,0.0010108393714295465,0.01800031844277073,0.0016643852445495009
0.755,0.019273148831404407,0.05105155026852163,0.7744235942456591,0.0493299113380009,0.01922974203341325,0.0019045281009877973,0.0236075726289326,0.01758336852128021,0.0015399239601934192,0.0008968759983396932,0.016194064307041726,0.002730700419637145,0.000901102345205189,0.0011912499408896608,0.018363750095926244,0.0017789169645669978
0.756,0.01773023387168212,0.044173697468222056,0.7952023867187045,0.04746333969376426,0.015463244433378424,0.0014075050776914317,0.020899493425005366,0.014605539860983507,0.0015003679140103924,0.0008134374469921199,0.017376336300940213,0.0027564612954707546,0.0007607607851963125,0.0009404335908668917,0.017341004784969624,0.0015657573321222115
0.757,0.01692062979886445,0.04474688571827194,0.7970859167349229,0.050027610062786734,0.014276844247944023,0.0013543837631073128,0.019799905621240423,0.014661773646595148,0.0013989097224061272,0.0007962590549348851,0.016840612833341317,0.002818334466832595,0.0006769979716468295,0.0008864640200320251,0.016173890458300103,0.0015345818787732676
0.758,0.014868586849901442,0.04366915142177075,0.7981532150934544,0.05485107536987312,0.013720402624278556,0.0014124431123470986,0.02106688604315779,0.017131913359691758,0.0010003056747427302,0.0006312392535667241,0.013747428625672051,0.002549551616555698,0.0005270354259899376,0.0007678200480933605,0.014402604744439074,0.0015003407364657354
0.759,0.013965578745468048,0.04726448975521622,0.7881081347955083,0.061678496975779054,0.012000941212144903,0.001401490040618029,0.01887691918106961,0.017693232556053103,0.0010916956191952506,0.0007760964119431896,0.015522874138535571,0.0032593454749381776,0.0005305875480149474,0.0008831657170921369,0.01516103272575868,0.001785919102664787
0.76,0.012122034365423803,0.04738617911219073,0.7857093135443796,0.06981733653538412,0.010016453929523278,0.0013266992936515642,0.017653706146522535,0.01896552683788479,0.0009177698172397921,0.0007454994999818597,0.014837951630681462,0.00355469186397783,0.00042166849141017074,0.000811541724739372,0.013855720045532547,0.00185790716147662
0.761,0.012632226585352225,0.038794181506396845,0.8053994461321571,0.05555327002433531,0.010852113170229279,0.001107313307262005,0.018279305898759687,0.01535790492663359,0.0010982432320808335,0.0007030061248740867,0.017280380385281364,0.0032752887877388007,0.0005156693929063398,0.0007902354541725663,0.01660402493815199,0.00175739013366793
0.762,0.013565311062633822,0.03547691626462685,0.8248969901842343,0.047793912963909675,0.011202920332441123,0.0009487700597807602,0.017486035809267848,0.012336375790086727,0.001058229627097636,0.0005634324038369975,0.015641149458296973,0.0024676721389319013,0.0004688594058274708,0.000598694975274474,0.01425304010525209,0.001241689418501273
0.763,0.015032578337320314,0.03419563165009329,0.8314551366496462,0.04116410507586041,0.012371993421596303,0.0008907190109324339,0.017054995807697378,0.010322121938119237,0.0012347570157834338,0.0005664071579020079,0.0164382421894336,0.002229346114037407,0.0005374659365329857,0.0005949285222291412,0.014810115848302555,0.0011014553245133538
0.764,0.013877313114728493,0.03350327519820823,0.8192980185154755,0.04251980003199787,0.013134682202620703,0.0009784322191314482,0.018708279048537873,0.011918124279687678,0.0013653820701307932,0.0006530687434432984,0.019064359867618442,0.0027070653328841333,0.0006662508496321793,0.0007725563385657122,0.01933896716848181,0.0014944250188557943
0.765,0.012144130519174566,0.032724731713859735,0.8108609324100025,0.046207274610335865,0.012020567508684288,0.00097652357163662,0.018786249418759053,0.013212212702760677,0.001394728733252568,0.0007289607226155709,0.021557081144744045,0.0033493165346131027,0.0006976878029642588,0.000889699923957978,0.022554092429873693,0.001895810252765403
0.766,0.01524052602960808,0.041086322682588945,0.7978943249390722,0.04499843351947359,0.017681802528024104,0.0014115780123541597,0.021506443896713617,0.015065383649061813,0.0014072501839831222,0.0007251598004845168,0.01628765215568713,0.0025082107006608044,0.0008250550026395746,0.0010456350307008386,0.02060663547476794,0.001709586394179658
0.767,0.012302151070790178,0.028987026339950567,0.82828888667042,0.0411676636553486,0.014304103515497834,0.0009805469547936882,0.021925661417064857,0.013595890594455118,0.0009635164876897173,0.00042131921245354274,0.014439948616215018,0.0019448687048697038,0.0005559460750704172,0.000605267084998416,0.018203666033734935,0.0013135375666474206
0.768,0.010738085564767574,0.027613015494844018,0.813986040370049,0.04345690947487893,0.016262361200774823,0.001182399153516011,0.027009894143387298,0.017943006250812393,0.0008199026545863822,0.00038464835320875084,0.013620676092264453,0.0019797004875889966,0.0006063824085200515,0.000711224497389456,0.021996641599062804,0.001689112254349161
0.769,0.009091580729997143,0.020406153837916108,0.8199930693330476,0.038229486721643675,0.017096593154632533,0.0010816238851205204,0.032526421967447365,0.01917836563331985,0.0006384148051943875,0.00025374092036658516,0.012467656630551029,0.0015773458772540495,0.0005781304802709122,0.0005944844069834281,0.02462743331081477,0.0016594983054399094
0.77,0.00964829761895472,0.020298161402114545,0.819025831024773,0.03524804558553555,0.019387841608736054,0.001132589568244627,0.03399977924747489,0.018616378511238516,0.0006738303832257629,0.0002448435352038073,0.012094890558462593,0.0014165737656515903,0.0006350059079663924,0.000610676678772596,0.025389947114211418,0.0015773074894338869
0.771,0.00960456000655787,0.021716518297825355,0.8115770175076902,0.037077661975191904,0.020348431144642423,0.0012549098589913254,0.03475159169817826,0.02026350290057272,0.0006804412931472456,0.0002591450642888387,0.01186456229222628,0.0014816754567239848,0.0006571341833830943,0.0006764906076225822,0.026072726269987277,0.0017136314429706237
0.772,0.008378272062923615,0.01808903981164633,0.7935635950740946,0.03426592732487619,0.023970749555328946,0.0013991469732422333,0.04432301908467451,0.024694482639308898,0.0006123907003577527,0.00021659455004166547,0.011651097529889992,0.0013816287444306263,0.0007740510100132205,0.0007640609663094413,0.03380470514407794,0.0021112388287841035
0.773,0.0073851379862233104,0.017332214519575055,0.795838452753541,0.03672051008055413,0.021660583339632843,0.0013532090358380933,0.04466257967063242,0.02667448647752962,0.0005142770097092512,0.00019192389156675018,0.010840242154705216,0.0013836148504621666,0.0006428524147504822,0.0006900636901052595,0.031976061799082564,0.0021337903260917595
0.774,0.007581788797175985,0.017499487003778205,0.7998821370254172,0.035800148400630415,0.020522067849020543,0.0012398346550835872,0.04050911869261139,0.02351475257748309,0.000634485969583118,0.0002261249019235465,0.012735699623901628,0.0015879656155249357,0.0007114324033792568,0.0007498805701415562,0.03456994125228046,0.0022351346620648922
0.775,0.006213959795027083,0.014180067332715823,0.7686374186683039,0.03356319709292567,0.024543703706170587,0.0014470747085869931,0.05430233527749963,0.03096867984239784,0.0005393676940739218,0.0001836050813425649,0.012276296248375472,0.0015008344721408927,0.000848667594521197,0.0008835464040190825,0.04694382289025602,0.0029674231916433117
0.776,0.0054656899923783845,0.011903357032202709,0.7732327138085883,0.03185851580345975,0.019772385932461615,0.001092195431384167,0.04935825558063858,0.026564348964818085,0.0006502087677064392,0.00020507530477164494,0.016078572859353286,0.0018774512691049955,0.0009104186747859593,0.0009066219875489854,0.05672877875172192,0.003395409839075216
0.777,0.005535049426777843,0.012252977078968842,0.80442452416099,0.033197359591043425,0.016046741927668157,0.0008878290310560387,0.040401367215130574,0.0218511830959077,0.0006336746549320372,0.00019619013199243614,0.01557517181595508,0.001830047619772846,0.0006755537087684614,0.0006826603736833966,0.043222061689901996,0.0025876084774513024
0.778,0.0048824219027474745,0.0131894124698994,0.7752990573926615,0.038109077659078276,0.017744483439371215,0.0011545524747352599,0.04726480261908273,0.03006560614754756,0.0005625896184285042,0.00020537412967156475,0.014592759698660267,0.0020561460512534433,0.0007217230779956033,0.0008701723541055626,0.04978790191591448,0.0034939190488470825
0.779,0.005064671602334053,0.01618044779379306,0.7673376654231846,0.04412040415596936,0.017108597694394795,0.0013034959619143876,0.04236372776489557,0.03185600512497822,0.0006599962964918394,0.0002726278500677501,0.01578944580083011,0.002596967658154308,0.0007552625671550586,0.001071757316003012,0.04946607136804989,0.0040528556217839335
0.78,0.005554691912177567,0.016653662673778918,0.7620808418015594,0.04039425477069803,0.021000136844859844,0.0014843279228206258,0.046343065985934025,0.03234612552223654,0.0006948766058079203,0.00025941472280024654,0.014495654592302003,0.0022016339908648977,0.0008572532558656751,0.0011375068831845207,0.050670903380309384,0.00382564913480017
0.781,0.006128845067544168,0.01887193370712485,0.7487510557948495,0.04026385335424369,0.02442483593705526,0.0017474210264469831,0.04716658483785561,0.03349299421595552,0.0008260495963776621,0.0003056407471984524,0.014868319534974429,0.00230242020006031,0.0010301276448536067,0.0013976817150128174,0.054274079009567884,0.0041481576108792365
0.782,0.005344484760500943,0.014378732747993858,0.776624191004722,0.03648054058163153,0.018852177686037135,0.00115077104450259,0.0429942453500835,0.026505915479611744,0.0007891948182077959,0.0002476756078185705,0.016275894118328714,0.0022209981573080464,0.0008404780580178906,0.0009885542988243396,0.052801964861202574,0.0035041814252087613
0.783,0.005410666266705983,0.011654815031080717,0.7920314632156701,0.029351217620887403,0.018258073328984725,0.0008726648322185487,0.0410916500995741,0.019888363740351928,0.0008979672947709113,0.00022087983726822618,0.018093461804418894,0.001978404616159614,0.0008828478813659308,0.0008311336486133519,0.05561717119277015,0.002919219589159547
0.784,0.005313271455352476,0.015428996220680023,0.8001912084915468,0.03925255148138273,0.01560960559211958,0.0010102024826159175,0.03537872597894092,0.023234672999821942,0.0007829946122785814,0.0002562240739925596,0.015714898257333895,0.0023316095893357158,0.0006341347621928951,0.0008387303769901317,0.041046062193145424,0.0029761114322705206
0.785,0.005117355612497498,0.016364815667061734,0.7939960028260558,0.042226869370352506,0.016030729573519288,0.00112068254725597,0.03652963291559679,0.026050732332597356,0.000725961662048922,0.00025403962702730075,0.014555296480707927,0.002358555202283522,0.0006037826444714508,0.0008745230387953381,0.04004678541265498,0.0031442350870736642
0.786,0.005824141142555112,0.017374981032086595,0.7903397881057461,0.0384413220927984,0.020590673579861062,0.0013280511304601431,0.040461467792675065,0.026598788585842095,0.0007472400086843422,0.0002349985784543059,0.012576420817670894,0.0018613410934756702,0.0006801025814306378,0.0009133627979653024,0.039219189065525135,0.0028081315947690363
0.787,0.004425497078204863,0.012708310273245595,0.8092152891006138,0.037616197656885016,0.014392861791124586,0.0008773589993964175,0.03782331372170542,0.023788303119751886,0.0006227724501186095,0.00018242296321149254,0.013553292419290016,0.0019289110272966061,0.0005021600498281554,0.0006459633618817415,0.03905174516093898,0.002665600826506487
0.788,0.004810712702024664,0.01699518788060474,0.7616001550418949,0.04342489522636788,0.01805551146787704,0.0013132952481474875,0.04036835281103779,0.03086891618263342,0.000912004619071141,0.00031009983485454984,0.016941521104769666,0.0028958159691022524,0.000800988194567063,0.001217990669083555,0.05504631775711504,0.004438235290848886
0.789,0.004544223776304738,0.015534016622090089,0.7700204441710646,0.04198226577977384,0.017767168062775868,0.0012335969106376148,0.04161945417118142,0.03053297644145341,0.0008045509373567515,0.0002553364624537514,0.015521536776505024,0.002544044024788553,0.0007076373285338238,0.001034935349798594,0.05190801308547063,0.00398980009981111
0.79,0.004491689197716511,0.015197805747679063,0.7835550493843261,0.041712880934078926,0.015120302419780522,0.0010219601839922127,0.03572595632077672,0.025616152673238027,0.0009155991765192646,0.0002786492301170738,0.01758934528381375,0.0028322321407991007,0.0006719451433015899,0.0009680121109218617,0.05051876952859508,0.003783650524344449
0.791,0.005062682372284919,0.01873776601286503,0.7605731339889522,0.04392998046624888,0.020660582847930455,0.0014940883311548522,0.041671291378973824,0.03228430738498588,0.000914963817329069,0.00029666105786503333,0.014464347694990247,0.0025577433419900195,0.0007927122624063844,0.0012396875390230805,0.051174774255626,0.004145277247374031
0.792,0.004549674932342566,0.0194380103497737,0.7382656553553417,0.04837233714796216,0.021164406810457996,0.0017295616127964873,0.04500893243563104,0.039415404103102514,0.0008627863658600329,0.00031126821652245986,0.014214802169805354,0.002864680280182645,0.0008159226264670249,0.0014547953346338602,0.056395431473351035,0.005136330785769232
0.793,0.0046896234440139154,0.02044362758138471,0.7603712281406042,0.05028354346261584,0.019887646802037882,0.0016404557779176618,0.04148495522513042,0.0367844933070388,0.0007651452476186643,0.00027209271624111816,0.012151416670847091,0.002488268647638896,0.0006254682793257795,0.0011379325745004872,0.04301950362005582,0.003954598503028659
0.794,0.004621117639180378,0.02090533635710367,0.7434840285290139,0.05041184646533473,0.02182498011161065,0.001841596232824756,0.04430915037859831,0.04035293958496008,0.0008288768057733222,0.00029514303619853326,0.012626010418586157,0.0026645234381896398,0.0007220597233657844,0.0013554094120151225,0.04914120248724468,0.004615779380000307
0.795,0.0049968429834373815,0.021519922493347353,0.7523359223598106,0.047918265173565684,0.021349407178630708,0.0016895369521890415,0.03963396144328906,0.03387173452658708,0.001052104517024113,0.0003464950788159704,0.014592773001951892,0.0029216887922119124,0.0008031230617645256,0.0014324950211336035,0.05103589774879255,0.004499829667448443
0.796,0.00433236236605975,0.017111021096284276,0.7845234530908457,0.04570961464612836,0.017642524058749505,0.0012618075425794694,0.03889965450043328,0.03041182838700755,0.0007390662931270172,0.0002133630215380545,0.012198526232897678,0.002223070731445825,0.000512907464842675,0.0008234989725727471,0.0402035742664171,0.003193727329071106
0.797,0.003850899572674409,0.01867988095559188,0.7792761848804447,0.054493686586192955,0.013138606423554355,0.0011576751797690151,0.031918887212385734,0.03056588153706802,0.000850178083907807,0.0002858376002830412,0.015007432765094024,0.003240510519232248,0.00048444806275306127,0.0009464013209144841,0.042112883540015994,0.0039906057601182205
0.798,0.0030738193350385123,0.017047166920722293,0.7784240141786836,0.06065982878582982,0.010414184181894956,0.0010331105326882456,0.030923725917241626,0.033141617616213606,0.0006885387546494258,0.00025652841415933563,0.014749255434440669,0.0035682345504228414,0.0003735233918406024,0.0008310585025441493,0.04053300510256653,0.0042823883810638235
0.799,0.0030225470195662024,0.013377924530319609,0.8003103869927373,0.04931926496696221,0.010091987263754765,0.0007829753304187232,0.030517769904132665,0.025804105011825795,0.0007308511914730735,0.00021216528789192726,0.015871907908940868,0.003068596203617701,0.0003758254414854264,0.0006638920565990072,0.042313988913885325,0.0035358119763893433
0.8,0.0034969700463651147,0.016163345796553888,0.7977695505119384,0.05070194097425416,0.012144931759875152,0.0009668218642182749,0.030823089855214852,0.02694600020625021,0.0007846360379528297,0.00023118098506974167,0.01410823376465909,0.0028320669829929902,0.00040352985983867787,0.0007396979887439507,0.03856560534736704,0.003322398018705589
0.801,0.0031627893543914767,0.015046373646616523,0.803461926154261,0.05177617228771765,0.01073485676591007,0.0008652821446171612,0.02960283516468806,0.026322633580689116,0.0007222922268430921,0.00021253553785123016,0.01403324225931771,0.002870365396743953,0.00034877050802922495,0.0006540041449618936,0.03696154366076142,0.003224377166600407
0.802,0.0031609722146444044,0.014302423713916919,0.8119746484946683,0.049048651214836744,0.010416822378124246,0.0007839304992882713,0.028251578308407202,0.02357101377869339,0.0007578014387205589,0.00020615063272806422,0.014454958727861279,0.0027867456644324953,0.00034189876563936315,0.0006048146243427306,0.03637134935159579,0.002966240192100106
0.803,0.002606920800131726,0.012872900286442824,0.8228186342909493,0.0530534841639883,0.0074039693099574085,0.0006005207639576248,0.024334146771479066,0.0218499876331078,0.0006541007933866087,0.00018843405404227396,0.014853900425269816,0.0030684055026077516,0.00024452394028291025,0.00047100223203831157,0.03217071959547912,0.0028083494368791586
0.804,0.0025077985244521934,0.010972336055846707,0.8453216604887277,0.04770807197723074,0.005883651666533649,0.00040789065832241297,0.020067082469054535,0.015567928525732433,0.0006887644228965276,0.0001720377491744353,0.016236719444584075,0.0029602783145678603,0.00020610933979672377,0.00034455110965243965,0.0287820685832705,0.0021730506701569258
0.805,0.0025279880871292267,0.010235622626846503,0.8387304636589884,0.042903579403487345,0.007291359692486807,0.0004607257205486846,0.023614907624632638,0.016791878269643984,0.000718971962117661,0.00016204980249655209,0.016248785806738126,0.0026972792412890815,0.0002544201499880026,0.0003911708402061599,0.03458692344559048,0.0023838736678101326
0.806,0.002574178539451487,0.008912879413145646,0.8198883527041946,0.034964491485047274,0.010075366912591642,0.0005453326569723164,0.03049700994068143,0.018583396853560148,0.0008288888242996888,0.00015669065536349234,0.017521297588410572,0.0024583648078495644,0.00037815543852182397,0.0005055592995336961,0.049195558794162514,0.002914476086214197
0.807,0.002617940375412466,0.010176815468939608,0.8089649192469061,0.038050532757071834,0.010002199897229369,0.0005967677053539966,0.028456153996694794,0.01923223567420538,0.0009936634288786974,0.00020329159702838187,0.019810460381669677,0.003060183236522668,0.000425755024026098,0.0006299833643342021,0.05331578034029336,0.003463317505433484
0.808,0.002580760615375646,0.009556718131991142,0.8021383731312275,0.035276125122920485,0.01107837969015326,0.0006196703019450116,0.03081945083065701,0.019588732811547292,0.0010293794985712999,0.00019511876468675113,0.020045460183376565,0.0029106983781084267,0.00047612904918701383,0.0006667882761324959,0.059401494412495044,0.0036167208016248224
0.809,0.0030910843750024744,0.01303409122271061,0.8042714747931679,0.040033244955853683,0.01314352619750252,0.0008240368852582795,0.029728360155541315,0.021496566923834132,0.0010887915967702653,0.00023043152487236122,0.01695391688934094,0.0028301475678797292,0.0004785965177200234,0.000765534768008794,0.0486399020217614,0.0033902936047755876
0.81,0.0026861640263247705,0.012937610582413463,0.7881397769862479,0.04380107346548571,0.01195702075276715,0.0008398273903241453,0.02965008898469536,0.023985851886191824,0.0011289686310581657,0.00026297140605956474,0.01910382725622427,0.0035513929226085638,0.0004990037206694568,0.0008951496751925782,0.056228457011356946,0.0043328153023801125
0.811,0.0025241953625625563,0.013048632292658806,0.7809932484461247,0.045811879811378325,0.01204075274103503,0.000891438509631275,0.03064651499243543,0.02620930657587284,0.001079777435587571,0.00026239381260364375,0.018711035991581804,0.0036899471557752138,0.0004921631377014067,0.0009384559635715258,0.0579573514378157,0.0047029063336642375
0.812,0.0021250999829839573,0.01175632534063526,0.7926327290169201,0.048795188482714864,0.00918514249133494,0.0007183012853206162,0.02773762563285127,0.02503074379083286,0.0009295441849524799,0.00023477962720899805,0.018851075281426165,0.003919743179284093,0.0003685741018069476,0.0007488761180609302,0.052489461845373835,0.0044767896382928865
0.8130000000000001,0.0016459479072646315,0.009374045568576933,0.7908569680838282,0.04921323818002839,0.008855046962959747,0.0006989460038477565,0.03276766712016122,0.029930359225453063,0.0005914037774145264,0.0001491917324980826,0.01535831622077312,0.003246959631148681,0.0002858852957210442,0.0005915707830404445,0.05196074217338083,0.0044737113339033
0.8140000000000001,0.0013269361746599158,0.0067746046420871136,0.767137178215734,0.04242882782274681,0.009671799462345925,0.000682814784614705,0.04092467915624811,0.03377382985174211,0.0005464162087818552,0.0001197309454932068,0.016288315620042175,0.003093010808478794,0.00033623106000699605,0.0006302134905373661,0.07075588024613864,0.005509531510342141
0.8150000000000001,0.0013025350791591574,0.007083563136521393,0.7725143585689613,0.04464649842507232,0.008606011300317106,0.0006377060061857012,0.036396097024177655,0.031536021393087706,0.0006043855881535435,0.0001352303991587939,0.017711227427356164,0.003526766926446255,0.0003208863524775754,0.0006363287899064437,0.06875162163280485,0.0055907619502140555
0.8160000000000001,0.001362809369643425,0.0076592687379726946,0.7585459978035958,0.044486419311857754,0.010421892585384425,0.0007829696075311381,0.04044011025564321,0.03559392260519154,0.0006242290530802998,0.00013895075199438285,0.016449765656090083,0.003343295792824862,0.0003655034025388153,0.0007413624571607122,0.07302897856315056,0.006014524046340338
0.8170000000000001,0.0012283412742649872,0.0052167513389488876,0.7648645973224841,0.03382359183953592,0.010116281671039331,0.0005705985282806158,0.04278119316108751,0.028655435598505835,0.0006419952047427411,0.0001055579054697966,0.018117335218249313,0.0028291963691797245,0.0003843580102272875,0.0005980310814479771,0.0847052009982652,0.005361534478270782
0.8180000000000001,0.0014521823585357415,0.007998741375361258,0.7377542553567811,0.042518704278624725,0.01351474875441559,0.0009594858080406813,0.04602606441478215,0.039722693582878915,0.0007154978256244248,0.00014803873908264239,0.015565122268308014,0.0032333268411383954,0.0004604581197465537,0.000921460836769213,0.08223893983841059,0.006770279601500044
0.8190000000000001,0.0013753118303363244,0.009345057097481128,0.6887067623653775,0.04827699561310424,0.01589202772903059,0.0013479383879826743,0.052391390178861165,0.05412741092509203,0.0007344739649320842,0.0001790599384627332,0.015071853269424009,0.003818330612075178,0.0005541374295859532,0.001332472122199465,0.09731543147603285,0.009531347060022009
0.8200000000000001,0.0013873991232431866,0.00999232166094777,0.6747208529637034,0.04957214621582589,0.01606749927313294,0.0014318160977147836,0.0506115950782338,0.05491989335218556,0.0008666534980056169,0.00021451808285354848,0.01658616391449906,0.004420378755738296,0.0006225730350257194,0.0015805336495498053,0.10614655965870755,0.010859095640632938
0.8210000000000001,0.0015359167806846161,0.012495542170499769,0.6437351402296209,0.05332969445239445,0.02220969587495574,0.002193070921388324,0.060411600024519056,0.0731234764473213,0.0007816268854735454,0.00021266114160710706,0.012062714535034744,0.0037132280590296287,0.0006825146251181364,0.0019566754091882486,0.10002107199383722,0.011535370449327153
0.8220000000000001,0.0018529295242705444,0.017450740592640762,0.6814990165497201,0.06552851262868256,0.019004188558473245,0.0022204011279395694,0.0436795839226668,0.06334342894848878,0.00099400921612155,0.00030116714886419156,0.012941273250547095,0.004652060612626327,0.000587210374790029,0.0020055451184377206,0.07379071747085987,0.010149214954870693
0.8230000000000001,0.001674703799738995,0.015067154763666959,0.7115072414354059,0.06512444056965976,0.01529570589807235,0.001691253517422889,0.04040822741742938,0.05571562090487493,0.0008774090416253887,0.00024584470632569097,0.012810819173243454,0.004406219725284568,0.00044098408535044156,0.0014313048672269773,0.06485984221849544,0.00844322787617688
0.8240000000000001,0.0013423814490545552,0.012924976154204425,0.699986563879431,0.06756470398002037,0.012893404073402163,0.0015110292219998032,0.040946717602055406,0.05959990180579987,0.0007990312074280892,0.0002314654438735907,0.013716526140503844,0.004993744023248868,0.00040371646959556955,0.0013934727740224978,0.07186877348445002,0.009823592290910057
0.8250000000000001,0.0016975520945332946,0.01764975255453248,0.6860475206864263,0.07161132381785922,0.016664858263394085,0.002092941961840496,0.04039646396280313,0.06368384189924407,0.0010057067324778532,0.00030569410430420673,0.012881751803298088,0.005113220264560072,0.000498281732601303,0.0018550439907056599,0.06838930055602681,0.010106745575393055
0.8260000000000001,0.0015054933413822472,0.01390882962949441,0.6860877972390439,0.06366418604428635,0.016255705080013935,0.0018134827788956346,0.043607310809434835,0.061505709769048865,0.0009857078200340087,0.0002600754181592209,0.0137542258485165,0.004904049408077873,0.0005153516477348267,0.0017186402220329923,0.0790527454634978,0.010460689480346364
0.8270000000000001,0.0014462013588105796,0.011718515014371746,0.7110150075098776,0.057733751720730295,0.013571391887249559,0.0013062336230657665,0.038943667821816935,0.047646956244214236,0.001124578444885214,0.00025583478453911377,0.016354054084836415,0.005181072198640468,0.000497049271738406,0.0014532212321501034,0.08223891398510111,0.009513550817972673
0.8280000000000001,0.001476961078077055,0.012616539103323955,0.7067403992808041,0.05997393244922635,0.012384314773190642,0.0012500373806594255,0.03391766386944354,0.043585678010428744,0.0014142136298641336,0.0003293444400628513,0.019523824368353735,0.006473827684517977,0.0005441388263252589,0.0016693558663451408,0.08754355587658323,0.010556213362794015
0.8290000000000001,0.0015894132201413952,0.014416328153268649,0.7268927430999256,0.06503239967881747,0.012046874109160761,0.00128480016415617,0.03089605562821529,0.042077593252435534,0.0013689934444242923,0.0003319565191027037,0.017544469797650064,0.006187544176967914,0.0004562507418533615,0.001491037312368459,0.06949496627854308,0.00888857442296918
0.8300000000000001,0.0013085957758413955,0.016443438711677954,0.6881670927362713,0.08293248393002627,0.011622615239467398,0.0016653315899891558,0.03330732210762033,0.060150106990854046,0.0010194681881082193,0.00034042445614261086,0.01473668570067215,0.007155798785615542,0.00038727503264812565,0.0017367352303895185,0.06745772610771206,0.011568899416964012
0.8310000000000001,0.0009964845258561993,0.0134453249076101,0.6562808514745081,0.08384768426660834,0.009573795937887174,0.001460526641492969,0.03351016001225576,0.06417113292348502,0.0010771683779137204,0.0003736302578966727,0.018433629786293877,0.009465631383841563,0.00042279644372777633,0.0020071595314531563,0.08892367443884426,0.016010349090325456
0.8320000000000001,0.001081725892532226,0.011915552657454177,0.6673987260584455,0.06877707399674202,0.011872686329546195,0.0014926402361993898,0.03850395371060553,0.060372828558975064,0.0011206175311853793,0.00030798520275262744,0.017463528483957626,0.007214234064847539,0.00048723613904792486,0.0018946315432276874,0.09606658593538052,0.014029993659100673
0.833,0.0009392957539431558,0.010207381630440668,0.660921489227369,0.06689383084674588,0.010615240627733093,0.0013108340348874804,0.03866123658080595,0.05964032407150056,0.0010964102323371765,0.0002902716413020208,0.018839171945640158,0.007689901279449679,0.00047223893358121476,0.0018107944761629228,0.10548226691757305,0.015129311800527866
0.834,0.0009140463965582651,0.010057530651844022,0.6760119835727123,0.06890441180569436,0.010471468124783747,0.0013039086016043541,0.03954638171657321,0.061525902944948634,0.0009274810366487303,0.00024256083764716196,0.016329012183211502,0.006753272962655204,0.0003894820447702967,0.0015118992283767677,0.09184894361537574,0.013261714276595659
0.835,0.0008061568477665308,0.008245679053477398,0.6678306189411349,0.06320826913406423,0.00913040127604892,0.0010519864127037672,0.038116723653362765,0.0551002227980726,0.0010546262310043373,0.0002525954752667982,0.02000475691174362,0.007782308370972054,0.00042275373846487247,0.0015357569346028037,0.11054597035270647,0.014911173868607953
0.836,0.0007450567158612484,0.008598870553081292,0.6774976986032202,0.07158173034105829,0.008088320431997144,0.0010496655392022735,0.03661038829716661,0.05933478379902224,0.0008798054108412828,0.00023363723109117273,0.01789547571325654,0.007864093031405723,0.00032353468354475324,0.0013392625240770432,0.09371735068895913,0.014240326436215086
0.837,0.0008569677314111456,0.009928335771679668,0.7048464332491591,0.07444469474235435,0.008294148863967803,0.0010768441277532515,0.033223499423072456,0.05390212527040936,0.0009293673102721525,0.00024249538651516746,0.016564442130416954,0.0073142852371355345,0.0002917211999091411,0.0012103629003836279,0.07543136002001781,0.011442916635542562
0.838,0.0012401680246953582,0.014535922450346763,0.6943642494286718,0.07399034433658412,0.01176565924615016,0.0015389280980631908,0.031347235267821946,0.051408086096321824,0.00147164860642633,0.00038172938178881126,0.017747756786048948,0.007946402982108339,0.00043996319684321754,0.0018405545430077632,0.07805465873669837,0.011926692818422882
0.839,0.0010867170138996343,0.013845735519681985,0.6352990859360613,0.07318076573205767,0.014100166926858082,0.001974179883623915,0.03847236821123904,0.0676074997351093,0.0014652279053000018,0.00040440953587099856,0.0180344917060111,0.008740152294570612,0.0005738659979813367,0.0025654298462396362,0.10547988669065299,0.017170017064842252
0.84,0.0010380193937099193,0.013157904176901693,0.6470352763501105,0.07410892363686772,0.012901433303648364,0.0017973593435114345,0.03728613398903145,0.06524313727046703,0.0013949825284824623,0.000376420393703665,0.017923369765897437,0.008683213508001986,0.0005078036205979126,0.002262309453264224,0.10009991344055783,0.016183799825246526
0.841,0.0008376598505541328,0.008895883511976713,0.6128107632343825,0.05959105981132787,0.012932622379869634,0.0015384271772208183,0.04282373169999619,0.06472100675243425,0.0014568702155577902,0.0003309117029281867,0.021148571550034904,0.008901468992527035,0.0006262429326702315,0.0024239657503684737,0.14102148118763122,0.019939333250519987
0.842,0.000778107111032864,0.007793646979567207,0.5875457172398488,0.05386406053795071,0.013580454298078377,0.0015304567266480212,0.04606832558171499,0.06595449153702462,0.0015095799435809994,0.0003183597703998148,0.0220643489272228,0.008825595774251653,0.00070780598161282,0.002605748475761831,0.16478004422346,0.02207325689184463
0.843,0.0009327997381425058,0.008918954704867227,0.5800653424430007,0.05048006445690352,0.015960105802304527,0.0017196585961952828,0.044333271954214576,0.06030227266646344,0.00202062902518425,0.00040071974580372375,0.02399182608114939,0.00918504813084273,0.0009026624056129941,0.003190930308920689,0.175279131106951,0.022316582833443455
0.844,0.0009589411143078267,0.008549857641131824,0.5998728769642444,0.048636084887110284,0.014142616450813616,0.0014153660007241939,0.03940646537506387,0.049739243224841814,0.002333197994960095,0.0004263980096218422,0.027305567041953385,0.009823978192631344,0.0008809960489747592,0.002910704480059703,0.1731096334174872,0.020488073156073518
0.845,0.0009906661358132448,0.008462320929421185,0.5907061609303627,0.04570400367045097,0.016025498180222714,0.0015387701019032472,0.0424265649441044,0.05129287399510296,0.0023746641874743857,0.00040936163721855387,0.025963697962355804,0.008954425522226628,0.0009599747601603311,0.003046911350214341,0.18071665336088708,0.02042745233208152
0.846,0.0008300419045515201,0.006344146830762321,0.5933497045444727,0.04138827831001902,0.01490067505356789,0.0012879196947812013,0.04672324077542325,0.05124869371535776,0.001891076059557981,0.0002859843435084674,0.02443129928114115,0.00761123510926826,0.0008285462497980981,0.0023646397431339385,0.18739527702614406,0.019119241358512392
0.847,0.000841152989367011,0.007901278660422943,0.5868188251513989,0.05027833181500519,0.014964093696965865,0.0015915327823515114,0.04567680961085401,0.06169756481836687,0.0018355002438449316,0.00033718972626307946,0.022585430869423204,0.008747869177586416,0.0007725174491571988,0.0027439894916750467,0.17155425785212813,0.02165365566518961
0.848,0.0007860088071648434,0.0062803792781005174,0.5787153475892612,0.04236805816636368,0.013646677217889406,0.001235915803783263,0.043932889817953034,0.05068106340689769,0.0021089091465824037,0.0003302417570132326,0.026745749396538704,0.009027839269181501,0.0008466294632730315,0.0026053008082776935,0.19896847994184327,0.021720510129876577
0.849,0.0006812448197815045,0.0048696987019537525,0.5866887262183642,0.038674312680048215,0.012250168717746273,0.0009957232733242027,0.04592389330579142,0.047849227493755295,0.0018111592967132329,0.0002496593612104012,0.026387736469735835,0.008050283983259741,0.0007333350884434138,0.0020278829558773377,0.20286984097383845,0.0199371066601567
0.85,0.0007311049340818651,0.004665978349722884,0.6110484998556753,0.03576992146877719,0.01326905379361911,0.0009640187205999229,0.04821220463944953,0.044693531989643744,0.001760138885441888,0.00021187210538469486,0.024327601173223964,0.006577186630521022,0.0006999160773066487,0.0017243329382347393,0.18897719706313718,0.016367441375180293
0.851,0.0006366338805473489,0.004659005433767236,0.5840051075691122,0.0387742061747768,0.012633825640000675,0.0010458652864841806,0.05011604485755801,0.052498795767491314,0.0016005032413726823,0.00021688564928508945,0.02371923364054743,0.007303362371357091,0.0006750715200935922,0.0019031185539792194,0.20063679185151206,0.019575548562115217
0.852,0.0006226302369190559,0.0047344351093805154,0.5535517875092134,0.03814035848579924,0.014037301821898218,0.001207687078571216,0.054142183312153466,0.05879606057812259,0.0016078814232434698,0.0002229405335617436,0.0225932437874872,0.007260405662974213,0.0007484454119127689,0.0022027285396487998,0.21811288594295472,0.0220190245661595
0.853,0.0006210652533388541,0.006339150574261981,0.5285369887045774,0.04921123199864416,0.014390579491123668,0.0016638595430512112,0.05342496661688527,0.0781345410473335,0.0015609651898599109,0.0002877711190576795,0.020477938833833257,0.009009165692424112,0.0007245234603685024,0.002901747875458646,0.20473178685959195,0.027983717740189963
0.854,0.0005793784960903211,0.006592715309847476,0.5323839532074738,0.055360680410422074,0.013582622835948037,0.001766504869298523,0.05479583351625699,0.0895121652629321,0.0013011152801146943,0.00026609322861110326,0.018131868810293543,0.009026280465775138,0.0005944394553560975,0.0027074591042611923,0.18500227934390076,0.028396610403417975
0.855,0.000630975434114328,0.006897079519466729,0.48927341423920223,0.04918710071381987,0.016333073188842785,0.002069605674947724,0.05659298764924782,0.08965129880939574,0.0016625432821717788,0.00032470671941085816,0.019427993909006427,0.009434107651500738,0.0008134161890075403,0.0036218779669163256,0.2211450590108036,0.03293476004214546
0.856,0.0007617725642945479,0.007714821539699837,0.4570761765993377,0.042570253465406646,0.023500494391588973,0.002809978637856874,0.06513856209649531,0.09644922190821768,0.0019176712173310825,0.0003434153108796375,0.01687027583576237,0.007624020803474068,0.0010981196283579987,0.0046151718570481325,0.2384485807250122,0.03306146341923689
0.857,0.0006829563304718798,0.007003767273181364,0.4338055515609081,0.04131182996031721,0.022666170684901468,0.0027814220686844127,0.067232493387767,0.10181739967172375,0.0018188441828279817,0.00032678142172774767,0.016581996394327444,0.0077167476877863395,0.0010907721538065374,0.0047191028829928,0.2544312257339705,0.036012938604605645
0.858,0.001000784309399904,0.011049406856143612,0.46755631129712116,0.049092236153231675,0.027659660246566985,0.003735241018705533,0.05949522687692757,0.10045080560279442,0.00258072363911086,0.0004963623302676929,0.01684674417603216,0.008736723757189415,0.001252443463993883,0.006000597974207675,0.21073044919478903,0.03331628310351848
0.859,0.001000632100657942,0.012457672857584565,0.43202608358469285,0.05188621419358762,0.03100158987930101,0.004743946021147829,0.06260237127308152,0.12006401442294863,0.0024904864372154415,0.0005386283929241855,0.014763553198793354,0.0088563180207725,0.0013317935261335687,0.007266895014539675,0.21101929232045027,0.037950508756168885
0.86,0.0009426295795564836,0.014303242846289041,0.3534489860925332,0.0531337426615584,0.03277739491557554,0.0061348519114028015,0.05883743158476972,0.13941872807587796,0.002939240093599496,0.0007566437360179399,0.01513095627003855,0.011192126275775314,0.0017116124861915349,0.011236013483113153,0.2448058647470984,0.05323053524060238
0.861,0.0009172529379759393,0.013423813206730882,0.3462424803571091,0.050998805422978376,0.02956912671750951,0.005433032459825913,0.054361308444853325,0.12629088148140266,0.0034156007901612008,0.0008495929930033361,0.017474407642333736,0.012782163227371444,0.001824887648068879,0.01178595410318147,0.2675763417618609,0.05705435080563354
0.862,0.0011811318270948203,0.017518120887316826,0.3749006398252626,0.05683937831075102,0.03356847465053236,0.006360270830121123,0.05213167826279341,0.12504349012883234,0.004076655322983794,0.001028026059852621,0.017207694371978284,0.01307433531440083,0.001880575977777079,0.012548257602001836,0.23163936944194463,0.051001901186356544
0.863,0.0012295628146379192,0.01867068572648812,0.4003832734136267,0.0628783950460742,0.03202916866035621,0.006311598585053675,0.051747437734998306,0.12890002139211512,0.0038194644345981806,0.0009878380013418494,0.016407958514290638,0.013036108874555882,0.0015849842987717836,0.011025935175646154,0.20425228030641301,0.04673528702103218
0.864,0.001283174896357282,0.020339783758271255,0.36339058110712325,0.06056702168006376,0.03645297384760099,0.007589235202494173,0.05219641833102089,0.1377487032288482,0.004241043101807678,0.0011449035773894375,0.015774791113326588,0.01338040916615935,0.0018930530354368243,0.013889193258068425,0.217537342461935,0.05257137223409686
0.865,0.001124023335350236,0.01859670386500878,0.3488435322793141,0.06138017499208038,0.03180845308867622,0.007022497151960355,0.05060285029100111,0.14111841385293286,0.004087475128534501,0.0011514985757007322,0.01646162542539073,0.014816471923927675,0.0017966978365140363,0.013939065861577636,0.2289861026825838,0.0582644137094469
0.866,0.0008814489409572388,0.01694157507263432,0.29420397251764224,0.06072972288293915,0.027472193041589953,0.007115866704251401,0.04755911345346129,0.15451686885374752,0.003926546608152647,0.0012710608398378638,0.01676751087136353,0.017581833378566062,0.0018641332942334022,0.01672570523942589,0.25723814739704487,0.07520430090415274
0.867,0.0010543200977458874,0.01998142726319527,0.30399807063124784,0.0629355044339485,0.033278937963558415,0.008659186898144338,0.05069303215026036,0.16534706875306876,0.004035774636284179,0.00129402726029868,0.014611237079849442,0.015490732712637218,0.0019242653063483639,0.017321940506815237,0.23149574182373417,0.06787873248286327
0.868,0.0007378897149798821,0.017626353225389167,0.28672396668731553,0.07367638397781344,0.024173120414008268,0.008045744137807781,0.050183274026880054,0.20235788224903514,0.0025747018572808964,0.001057216507621235,0.012647958072467009,0.016913767897303866,0.0012625943658900727,0.014693436109017334,0.21045567334395748,0.07687003741323283
0.869,0.000796471558706217,0.019969071112129706,0.3130174166955134,0.08615796961684233,0.02456141693288032,0.008793820256988964,0.052669553425761344,0.22799202619724276,0.0020560578371539907,0.0009012498844186111,0.010173850617530334,0.014854412975528345,0.0009310443080172272,0.01176521689282186,0.16140259680027946,0.06395782488818504
0.87,0.0008563878585849248,0.023103345403519687,0.30825944983580594,0.09369027559968687,0.025907271260825905,0.010224808536734362,0.05197497107300586,0.2486089686441806,0.0019397408104330329,0.0009281137087582343,0.008691121622800968,0.01423051504813713,0.0008540632620902333,0.01193885037150344,0.13800512414392732,0.0607869928200055
0.871,0.0008330590560661109,0.026556022750102336,0.26916625225519336,0.09980379871017743,0.027628832664628206,0.01308147821629217,0.05111938380682028,0.2952759822356405,0.0016345885131491661,0.0009449258747347953,0.006489202200423365,0.013280207772885383,0.0007892755722445039,0.013359745586564171,0.11701295389785984,0.06302429088721836
0.872,0.0009595332214719422,0.025950351478447486,0.2716271082316689,0.08683985159295524,0.03565537236566474,0.01483676844110237,0.05955605151143427,0.3000095887067154,0.0016366828306027738,0.0008029936937672214,0.00561334902279358,0.009891284569000484,0.0008878011737815873,0.013024904665873615,0.1179616092693569,0.05474674922536357
0.873,0.0008172560548266513,0.025619964134238286,0.22949702809995395,0.08725225035156953,0.03195881407453728,0.01576171123167616,0.05433807633889832,0.3237287277301209,0.0016552310770276354,0.0009391200907025668,0.0055985154066484355,0.011697742223764903,0.0009325949212118257,0.015969729036535533,0.1259971435479551,0.06823609568033291
0.874,0.0009001222907799576,0.023081140550557794,0.2442922255422458,0.07793801889087987,0.035304136110402014,0.014683722818036444,0.059523903772584756,0.2985840992796436,0.0019080356539039349,0.0009016322708587646,0.006215586807858482,0.011062934270305212,0.0010715685845295786,0.015463478178840721,0.14349076121584284,0.06557863376273018
0.875,0.0007197804651226427,0.017497490370949827,0.21010376334404726,0.06545662402943589,0.03337773774207175,0.013594119902696907,0.06169813534470504,0.30309092370431023,0.0018673307245980941,0.0008512409813444427,0.0064651262752062335,0.011381068177628453,0.0012123502985374884,0.01710663362487345,0.17651881488862703,0.07905886012584529
0.876,0.0006384680414686722,0.016366041593721632,0.1812718396493436,0.06135232185092332,0.03348172102054751,0.014755327805855088,0.06207481662631994,0.32951411877865633,0.0016626225231903015,0.0008106997197718351,0.005568295895580815,0.010768413643795532,0.0012113338208076508,0.018434023256255896,0.17665645942470515,0.08543349634905682
0.877,0.0005643260559929017,0.01624248663044847,0.1614246767516491,0.06322603004777853,0.02907712327384619,0.014886809942454839,0.05620282386498331,0.34506874120307574,0.0016230479721135974,0.0008973427662213806,0.005445016390059319,0.012240106942775672,0.0011536260885465595,0.02018614486909337,0.17470993022015438,0.09705176698080668
0.878,0.0006310135925748311,0.017577573731300956,0.1703219823404759,0.06660484790389405,0.03112251569800232,0.015940550039701757,0.05861326207832432,0.3594985179704873,0.0015695627957674693,0.000854069549867789,0.004930315022142503,0.01119407535239654,0.0010589635944519545,0.01844030761296377,0.15545673709891425,0.08618570561873415
0.879,0.0007687648897996334,0.015867795247795486,0.189488299811128,0.0561190534716205,0.03487931572623716,0.01357447293529075,0.06182702814534089,0.28508138017606816,0.002403600105852889,0.001021675191227529,0.006946071261993596,0.012489768759175004,0.001499412199420321,0.020382950722970798,0.2080224288739549,0.08962798248212446
0.88,0.000902359160453198,0.016911031945517036,0.17388566316788504,0.047617114054562565,0.042160887391156567,0.015357885931612017,0.060511631662003414,0.25884043086589353,0.0032521120821206936,0.00128255978624461,0.007455404419234657,0.012608762547399009,0.0020752193644480938,0.026420012426057383,0.23597248190194262,0.09474644329346964
0.881,0.0010440863017354498,0.016211774381780432,0.19857993114296604,0.046113089801708716,0.04711836914519368,0.01455347007855332,0.06843308944602294,0.2482133202831935,0.003337531400620429,0.0010935884911713123,0.007519785293231787,0.010789605858849598,0.0020404927812303917,0.02169545301865287,0.23443307294299043,0.07882333963209913
0.882,0.001142307374010852,0.021119499301702534,0.18357905693197407,0.05267665393602363,0.043983359808888296,0.016801501512597405,0.05485392682215522,0.24972179133740627,0.004277984207193159,0.0016661544365394164,0.008218449089742024,0.014484320938371957,0.002243692811874432,0.028966185247475424,0.22365108718926624,0.09261402905477902
0.883,0.0009757409260078983,0.018143946718593675,0.19532571183208883,0.057433682799719464,0.036020144913062754,0.014167424194284593,0.0574368542126829,0.2682019189948835,0.003289505869125101,0.0013077630992158662,0.007947798262844245,0.014510918411232551,0.0016438008928873484,0.021796313521485134,0.21180229453634272,0.08999618081554353
0.884,0.0008332994245442583,0.02066580466319494,0.15088812332990617,0.061369730652775255,0.0334488569471115,0.017746286183929937,0.049799816666380656,0.31648726047753595,0.0028606115383658258,0.0015351120067601486,0.006248882289377529,0.015889138708026565,0.0015492430838841,0.027539123609304748,0.18590766824864885,0.10723104217025364
0.885,0.0007453974207707358,0.019379353996820368,0.12928796869384682,0.056691038988848176,0.03370690502128286,0.01919340634365834,0.049543040655773786,0.33783676939045826,0.002559899711162853,0.0014669182501494491,0.005359264497114941,0.014842919476334964,0.0015615511827068297,0.029619789849236328,0.18424787549804816,0.11395790102378714
0.886,0.0006299053081420263,0.018002482219143752,0.10924214450474287,0.05417795920033347,0.029414222645496233,0.018933549223290633,0.04461648835969216,0.34300169087483845,0.0025006503624399293,0.0015945330388580342,0.005236579056315626,0.01643221192653523,0.001571143576152593,0.03321440112019641,0.19002588976767382,0.13140614881614873
0.887,0.0006581315096161245,0.017903047934858866,0.10826137527761096,0.052598964762474804,0.03163052446963838,0.01998882961051734,0.046984847949404156,0.35424231424514857,0.0024229679972074037,0.0015008602071150347,0.004812033192407996,0.01494247540846049,0.0015712442171983425,0.03234881898700639,0.18491175801941565,0.1252218062119196
0.888,0.0004945730918782819,0.01388347411600017,0.09116415574867151,0.047043909898837166,0.024688749389190096,0.01663304164267452,0.04239181190758359,0.3389416818161034,0.0023695397045862686,0.0015406261718583685,0.00520843700082796,0.017229337409118306,0.0015902480667958864,0.03440035688079325,0.21155890492553867,0.15086115222954252
0.889,0.000671459903429577,0.01700610167637709,0.10378601044159932,0.04946731131136149,0.030712631550486688,0.019207380098336144,0.045464729284968336,0.3350717755780089,0.002916542361513184,0.0017440077261695816,0.005344287833527458,0.016436405421068077,0.0017920993134542596,0.035543873893386854,0.20247479252981723,0.13236059107649586
0.89,0.0008021142746510042,0.017335016470376843,0.1185377834791456,0.049462842893131666,0.03209613912129415,0.017486545963093784,0.046759859158088085,0.29961707546479,0.0037295044489394713,0.00195453089910725,0.0065617247245677406,0.01793868265467768,0.0020195464743706947,0.03480893201179686,0.22337758123262247,0.12751212072934673
0.891,0.0009744904102862538,0.022293692913463187,0.1180816094881191,0.05381924682832641,0.035407328184487816,0.02100358649460519,0.043179386558532665,0.30336111297652046,0.004434123962448226,0.0025063872774131403,0.0064022075376339565,0.019322272005847435,0.002184016186980924,0.04074846520264071,0.20063241032062828,0.1256496636520662
0.892,0.0009610803137510662,0.023388627128285856,0.10166322390077549,0.050697389895985254,0.03818886430876889,0.02457220438698544,0.04198676948325046,0.321228409826583,0.004252392898678817,0.0026053460467467086,0.005370913983976974,0.01793437215310768,0.0023015198755979927,0.04631446377132024,0.18933248418284446,0.12920193784334158
0.893,0.0007259002198229738,0.019648946571825733,0.10246131832502446,0.05721182734384231,0.027967044907484792,0.020548177651927485,0.04222358942794833,0.36189505708527675,0.0028502295205312007,0.0019935618858077223,0.004900910833925253,0.018602588366927134,0.0014984991293839765,0.03443515512665538,0.1713404893663272,0.13169670423728932
0.894,0.0006710016427983149,0.018527227502684235,0.10142592961883357,0.059267408789804424,0.025639017500994298,0.0197656286978267,0.04269379006376211,0.38289616523134723,0.002439323436525659,0.0017821716973003949,0.004526417062040374,0.018183419719577938,0.0012801676929426558,0.03062390534282308,0.160802070344426,0.12947635565631305
0.895,0.0006293415316578197,0.014029485863560424,0.10872533316530157,0.05363997722121451,0.02306177089128014,0.014783946447073015,0.045377715587385466,0.34346128101189505,0.002703721269032283,0.0016641418740049728,0.00570292185038611,0.01979343603519446,0.0013755947037414373,0.027516206058874056,0.19992878357399857,0.13760634291540014
0.896,0.0006840488932511283,0.015350003964406604,0.09561472262673802,0.04898861210790614,0.027708201421555435,0.01836790364538692,0.046066647317998394,0.3612894922865607,0.0027598565994236034,0.001751730032609412,0.004705696201041266,0.01714922013524246,0.0015688771988978045,0.032169699509696115,0.19013753414986384,0.13568775390942217
0.897,0.0007503016803933429,0.013539664761479936,0.10736185527146931,0.04560848276100355,0.03255940320713865,0.017993837943797407,0.056930664929179975,0.3737288579771646,0.0024442312290928764,0.001248156836557872,0.004298480750622993,0.012857242725624322,0.0015092472338615434,0.025018515565220247,0.19186679745877736,0.11228425966861612
0.898,0.0006335070379272171,0.012482345773243583,0.09120583497656581,0.04349025162940581,0.026374279026902092,0.01642676549809392,0.04807326137322368,0.3544682323399395,0.00272081240421113,0.0015311558860929048,0.0048223995743386676,0.016119566462027207,0.001624949966413365,0.029660864621499472,0.21265263608204973,0.13771313734806587
0.899,0.0006845396378096757,0.015321878110374993,0.08560980319847096,0.04810031920550912,0.024327856350499836,0.017899207209828853,0.039531663954888385,0.3472694023921558,0.0033125746300566713,0.0021473009041020866,0.005166962352646856,0.02033731603048437,0.0017152147095524067,0.036274324112483894,0.19984951277662277,0.15245212442451322
0.9,0.0007675523101547129,0.021504106480619675,0.08402186420947806,0.06138093084533835,0.0227475142837376,0.021908077333124235,0.03302940382238859,0.3851886679123999,0.0032899822350268264,0.0027621916416536376,0.004483963615309693,0.023513888863735583,0.0014175461623643448,0.039466160904609436,0.14494649671413576,0.14957165266592354
0.901,0.000995989573742428,0.020328654491549365,0.09138570821065761,0.04849989516424898,0.03314551250941085,0.02430459283212077,0.0418183058532577,0.3634682372953774,0.004014583717690602,0.002492236005526847,0.004600092642017285,0.017532548206759077,0.001971081738956774,0.04097095954488826,0.17286793442488355,0.13160366778891242
0.902,0.0010666602575086573,0.0210474783219982,0.11180367298445862,0.05860814326695463,0.029804313107660213,0.021551153013435527,0.04454215429878514,0.38222497306439146,0.0035996528078306228,0.0021985260716191283,0.004793308016477444,0.018210411581187372,0.0014699730967817693,0.029765632764085982,0.15386818355007853,0.11544576379674659
0.903,0.0012208779049529164,0.02347860867379536,0.10103751583244122,0.052677943232302175,0.03531572781620738,0.02542510876519044,0.04297996250239489,0.36705945114871485,0.004439381464858751,0.002695544424782502,0.004740490563231727,0.018102752498946155,0.0018892267577579548,0.037728244386897675,0.1610233519913454,0.1201858120361805
0.904,0.0013938825375646065,0.02338060852724101,0.11351455447900147,0.05260362746152253,0.03664556442772947,0.02333973384391377,0.04489407609005439,0.33941516183252196,0.005310248835957793,0.0028727348150428753,0.00561114508889765,0.019299141645963927,0.0020726925907067475,0.03638414855388657,0.17641986537112228,0.1168428138988728
0.905,0.001303253443484428,0.02574763119388531,0.08673700626857793,0.049036135329662084,0.03852334813847355,0.02910986812155836,0.039951254966304854,0.36355279669036566,0.005049633404409653,0.003264051750936525,0.004394602033302244,0.018578314632420396,0.0022280682249945336,0.045952730929184345,0.15960183172861642,0.12696947314382365
0.906,0.00109175555741016,0.019440949249390015,0.08113922276570595,0.042391308402190395,0.03598506899236364,0.02512725485711878,0.04232866944576767,0.3578266414529544,0.004639194468652165,0.002765157115926483,0.004511668671350002,0.01787084701593428,0.002286371520707688,0.0433322722501101,0.18339402831058949,0.13586958992382892
0.907,0.0011440021124423986,0.018188979035351237,0.06944516820293885,0.03269444000911511,0.04890550904460956,0.031462175942847115,0.04930456004948181,0.38146732000781536,0.00402920868306514,0.0021630076366461813,0.0031545671128930405,0.011274402533009193,0.002653331645384673,0.04560484371168285,0.17853696755541534,0.11997151671730226
0.908,0.0009669236740002985,0.015923648445897016,0.07137267486095447,0.03530540871206492,0.03979104385871682,0.027066828101977584,0.050165764458360435,0.40804111455688263,0.0032147029108034694,0.0018221314952011482,0.0030883655567636855,0.011758990063506536,0.002039541208687639,0.03682108320992088,0.17141082788276382,0.1212109510034987
0.909,0.001038906550214927,0.014931369471366064,0.07276362236474673,0.03198426574030487,0.04464381460654508,0.027149057112447132,0.05490073854288934,0.39862186338866396,0.0033723903591224374,0.0016992443446906976,0.0030856698047658877,0.010569541405794943,0.0022432745254147165,0.03583486180242585,0.18232187842337177,0.11483950155723587
0.91,0.0008411667740443315,0.013172750058690761,0.0681616138663303,0.03307110172491456,0.03498619921569293,0.023707065449893306,0.05128640662104242,0.41120908263862277,0.0029539513212965213,0.0016463097474454763,0.003121393374471311,0.011904034238607385,0.0019083554019313144,0.03354884139901628,0.18220887161896057,0.12627285654903986
0.911,0.001124069644946898,0.017166105616715888,0.0766902299701674,0.03701459287137709,0.036170306066037,0.024387647163659657,0.0450712100290299,0.359355448613641,0.004677403162018139,0.0025933745251265,0.004242246480992163,0.01629064924180878,0.002401344221431394,0.041630449014624274,0.19606059650154745,0.13512432687687656
0.912,0.0011463981823721856,0.016620564583632015,0.0775526226998081,0.03618482005314313,0.033956890139177416,0.022108270929900795,0.04301990801688095,0.33136726452571086,0.00548956545948796,0.002948205063061437,0.004965081052570382,0.018664098874051353,0.002624103011124675,0.04364111054844268,0.21576875442331392,0.14394234243732226
0.913,0.0016231198896139375,0.02250209652089304,0.09884166084040807,0.044713533811061364,0.03608483880544609,0.022714417828325305,0.041518030304930696,0.3087332972615708,0.007661193598778327,0.003993722936539088,0.006266970272833573,0.02305315068836209,0.002761215598392442,0.043959099691054444,0.2041838839426394,0.13138976800915123
0.914,0.0013362272849057745,0.01724994416604219,0.08005721684785505,0.03422925915662279,0.04019840988618213,0.02411594548640612,0.04640595792971524,0.32904756744503594,0.005943546518061139,0.0029243871869464285,0.00481293613988392,0.016869087283018787,0.002942868946287338,0.04422966654557014,0.21682525924790727,0.13281171992955973
0.915,0.0014829740055970124,0.019920985048233277,0.09816472692760579,0.04417550624754791,0.03772093803688094,0.023993439242619957,0.049566883801782154,0.3713720312611415,0.005029676192203613,0.002630977734831786,0.004587629095720497,0.017210976096128584,0.002064235898867926,0.032881012366731806,0.17503729072494886,0.11416071731915853
0.916,0.001376698601336051,0.017865432321422434,0.09826782986957223,0.04342588566213008,0.03530814727443807,0.022040466103901774,0.05105827567854373,0.37588235485069577,0.004650073277191481,0.0023870733614853265,0.004599903008436867,0.01711204722838518,0.0019372242740291184,0.029991528254683895,0.17927397151872249,0.11482308871502549
0.917,0.0016864057117585945,0.019687355857368187,0.0978365802723364,0.03910010691116031,0.04356165164372132,0.02485131640697508,0.05242258819641626,0.34968265278059507,0.005930035607956828,0.0027868210364568277,0.004816932957179809,0.016416707110788895,0.0025038701806245254,0.0351689234415675,0.19196705145680767,0.11158100042828678
0.918,0.0022047833678794375,0.022711412250495222,0.11645998212035764,0.04136426109741249,0.054360507549706345,0.02764025499096355,0.060572730940196245,0.35856411646061526,0.006083759413210482,0.0025172390333587846,0.004468146111485024,0.013466117095547113,0.0024495110683698026,0.029923219867528758,0.1707160255404193,0.08649793309245456
0.919,0.002048743326606843,0.022868028850363948,0.10690146994819827,0.04165295678690489,0.053229437078706025,0.029606577293338644,0.0596960732735638,0.38657007729675386,0.005219478564952418,0.0023761632321242063,0.0038036435807258205,0.012758720640397316,0.0022263239512751195,0.029641093052048265,0.15514664734458197,0.08625456577945859
0.92,0.0025316761084143006,0.028867683025579433,0.10204990404535663,0.04128649405553814,0.06396826787750436,0.036790963441620826,0.056367073817744584,0.3792096478963639,0.006321228097982113,0.002975007700699935,0.0035677438693186856,0.012578371971192824,0.002629785187510063,0.035952879954205416,0.1425677856285091,0.08233548732245959
0.921,0.0023115915857769625,0.02638203387365247,0.10190441570164838,0.0417238599622774,0.058430530417954714,0.03401876402490698,0.05727420871032879,0.3900437789937844,0.005745943853671475,0.002737464532552797,0.0035652766946254384,0.012865155589405965,0.0023976917779308504,0.032943347793971095,0.14369526962363477,0.08396066686387743
0.922,0.0024856034821778275,0.027931938203899973,0.10226158994968314,0.04169256678042744,0.062791854966401,0.03639870121691395,0.05848091751259004,0.3967125117137534,0.005698956708582031,0.002703030091476198,0.0033088430813072956,0.012027134664060423,0.0023841922167530394,0.032363406062809644,0.13452334389275644,0.07823540945640804
0.923,0.0028302192014077296,0.026479561978640574,0.11806413430820878,0.04061920495601151,0.06112621361566192,0.029419494418964957,0.058876091799360854,0.33293135573763166,0.008250325735393305,0.0033643535543343302,0.004872133281812922,0.015415942469216716,0.003012961891428622,0.034513297443731585,0.17401179015440635,0.08621291945378814
0.924,0.0027993943983381205,0.027494114339312967,0.09167708230845234,0.03368562681772016,0.0690589422830456,0.03510155257196932,0.05400706742568907,0.32458940218054755,0.009325344649063642,0.004015855086761948,0.004419791307121749,0.015016623141930063,0.0038683205125509216,0.046368947003814,0.18276442668613357,0.09580750928754896
0.925,0.0022548792881758204,0.02019112720132212,0.09025386331897631,0.030802122372981702,0.06445255869972827,0.030357661441987642,0.06165926773906425,0.34613920847381463,0.006876527319567761,0.002717254574700089,0.004039201510817898,0.012846296638897312,0.0033341955885489417,0.03667589455126001,0.19313765280846842,0.0942622884716888
0.926,0.002542736872240734,0.021648160787641615,0.07283327436293736,0.023713471882633366,0.07974259891799838,0.03615973571671487,0.056647962183345786,0.30436328569600607,0.009282319354568417,0.0035367929585299915,0.004045826879771134,0.012479392580385877,0.004906098000730836,0.05183165525422761,0.21532458846442745,0.10094210008784044
0.927,0.0029016737574184934,0.0264217660368697,0.07295297478279639,0.025755244677561125,0.08453554632281901,0.041467387720659735,0.05344628863361828,0.31219908561621607,0.010056891813030544,0.00414085352608689,0.0038538891877330462,0.013064958805435435,0.004928971232295595,0.05615610230025229,0.19071326685110201,0.09740509873610557
0.928,0.0024943069381733406,0.022161942780686172,0.06250447873492361,0.02173337923902574,0.08706810554971428,0.04210688469586272,0.05575431578832896,0.32129773384885774,0.008612241655864375,0.0034910907071762152,0.0033079984428775974,0.011177345691968186,0.005061783006196031,0.05655631780221258,0.19730829690216523,0.09936377821596727
0.929,0.002289819739561729,0.023124218910006503,0.05005479553839542,0.02014387139656765,0.09712372015832146,0.05318408597648141,0.05594132144714741,0.3675870527014976,0.006236748930684754,0.002946106883948134,0.0020663243081211168,0.00834511486547429,0.00455653043870011,0.05814430393390113,0.1568262056532344,0.09142977911795683
0.93,0.002801189346380914,0.028780381587579902,0.05439579478169204,0.02251590863240537,0.10759070714192327,0.06054558697074581,0.05582030461849551,0.37773710765984886,0.006552424643691987,0.003182221688965587,0.0019219893647965394,0.008120948142186472,0.004289718772661392,0.05606128474595467,0.13090853344310696,0.07877589845956463
0.931,0.002845294903119492,0.026584534245193744,0.05524549177311216,0.021001445347533433,0.1093878123484117,0.05649034205405545,0.05777320389056653,0.35936198529356495,0.007278203837342172,0.003255443957170539,0.0021477575252098605,0.008487987662869009,0.0047584964828787345,0.05697115030716319,0.14690852783037997,0.08150232254142907
0.932,0.002102772672641445,0.02028503405037721,0.04846974428193033,0.019141117049766718,0.1008893000518592,0.05404047047371225,0.06317081263364452,0.4066056444467244,0.0045611374657350875,0.0021319214286754833,0.001631679739705209,0.006814609179193876,0.003779970950950205,0.04682625623970251,0.13937174884959277,0.0801777804857887
0.933,0.0020971919101487177,0.022088947655919955,0.05097643244052424,0.02214645456166332,0.08948070835955711,0.053133252086843975,0.06056033062535052,0.4306995083520833,0.004339070712539149,0.00223984607835438,0.0016491163161877031,0.007699017560970544,0.0031748097026856005,0.04346578226570787,0.12597455237602462,0.08027497899543896
0.934,0.002314661724129885,0.018167131459415863,0.05615835404556643,0.018391389574027577,0.10254630034861788,0.04613817784841126,0.0706311863440144,0.38187683126427213,0.005322621268037414,0.002102736895445549,0.0020320492324766392,0.007376229187137444,0.004027677961866716,0.042118340645532236,0.16151628516082459,0.0792800270402238
0.935,0.0024132937812093055,0.020240761465961318,0.047181069105140264,0.016805632055843102,0.10852883133264399,0.052618255086658024,0.06172307898430758,0.36237951555458325,0.006394087356803107,0.0027092482729066418,0.0020110526000579132,0.007996785276360505,0.004890373110500249,0.054583052902557806,0.16311002976159783,0.08641493335286902
0.936,0.0024795995682139966,0.020128209889011366,0.05468855070693137,0.01904727086688681,0.10249099497660465,0.04843926442846304,0.0673353939901191,0.3862545557446962,0.005721389776933083,0.0023614727871893457,0.002061103513215784,0.008109284559009229,0.0039834957055564,0.04301284690392348,0.15422438400054486,0.07966218258270116
0.937,0.002285910886053401,0.019420122188284816,0.044594931607202834,0.01646239212311667,0.09910688410626617,0.0493888226296367,0.05901835428772531,0.3580702918122863,0.006835065014856789,0.0029593271120639322,0.0022267833799193178,0.00933000976161896,0.004950614264152658,0.0557469209367136,0.1747858951299153,0.09481767476018715
0.9380000000000001,0.0027013992396492433,0.022841469092363387,0.056556136801606725,0.02095160263260684,0.08964953705667882,0.04482846179665597,0.059063669717874495,0.35970193953335744,0.007962904038459322,0.0034588928730741536,0.0028047993021925277,0.01192626429897219,0.004396472246460672,0.04938537947645163,0.17079671478288797,0.09297435711070864
0.9390000000000001,0.0027831339107662174,0.026265679597023278,0.046674852228386,0.019712150318518272,0.08791242389157221,0.04955919992756053,0.047090671334241906,0.3276213779050738,0.010411078303586042,0.005021258703552957,0.003038114913021377,0.014633478942612665,0.005502595341743925,0.06840259151465401,0.17704743276231594,0.10832396040537084
0.9400000000000001,0.0023966393724352574,0.02618434033521481,0.03368719340076654,0.016816924646179534,0.09487214933793264,0.061330838607953304,0.04415409236689838,0.3559358831959146,0.008069888741574218,0.00457362309131841,0.00197246321903147,0.011447561664938979,0.005412278951172856,0.07722959897146633,0.14929325265089866,0.10662327144630412
0.9410000000000001,0.002047801437263551,0.025712019436107902,0.03123218921436002,0.017963762053236874,0.07906798502989504,0.05924763938083055,0.04071768966627509,0.3781576324740298,0.007149607402964497,0.004679670591281852,0.0019105597235382318,0.012867622703093733,0.00467763313929373,0.07671524932833433,0.14159641421131153,0.11625652420818336
0.9420000000000001,0.002258888021141398,0.02855473293334676,0.035013973991568435,0.020446608435441646,0.07557881123253381,0.05747596907314167,0.040363780592444685,0.38077677324724984,0.007784514978434561,0.005171083847948131,0.002133856781661074,0.014732862030147823,0.004414842841866618,0.07295816496453401,0.13759255854811478,0.11474257848042502
0.9430000000000001,0.0026467074610393797,0.03332797502988592,0.03371678809646847,0.019774995881118983,0.08967201835477943,0.06836147913371379,0.04010691081682698,0.3798084044567094,0.008182767317019989,0.005455756995591193,0.0018411063138757725,0.012896928628759772,0.004712991624071137,0.07753829341368233,0.12081563330462543,0.10114124317183203
0.9440000000000001,0.0020430923271596187,0.030672345479160194,0.030975432004113665,0.02151817638923632,0.06172714453892672,0.05704162798180086,0.03378168344542948,0.3814701455295207,0.008242784931554985,0.0064572692542330485,0.0021813371090069343,0.017897800946555582,0.004300848587208882,0.08318245742218917,0.13066496769576028,0.12784288635814364
0.9450000000000001,0.0017407882067100836,0.026663001746342382,0.025547008814150153,0.018273988569832658,0.06182725861956966,0.05856749279707829,0.03337804825447866,0.3869474302950394,0.007219044680309014,0.005816149412472974,0.0018702303805724553,0.015924926834386614,0.00443718380539318,0.08728018882799413,0.131986991078514,0.13252026767715636
0.9460000000000001,0.001323338773122814,0.022371671281895864,0.01895433908886064,0.015121030326666056,0.057943869994326665,0.060388301988461165,0.031157369853355668,0.39798282903618315,0.0057725497172783895,0.0051642923209968,0.0014776321846061346,0.014108740297477648,0.004368561649104964,0.0936402257684759,0.12843206754739714,0.14179318017179096
0.9470000000000001,0.0010204456144511252,0.020004750246860787,0.014637443304316761,0.013673525560953267,0.04872514601547619,0.05895407943907883,0.026799918462264448,0.3973403888694502,0.005119250125643453,0.0053051333655900045,0.0013282932177100836,0.014812637403659614,0.004215758343903466,0.10311681197507737,0.12552296152728035,0.159423456528284
0.9480000000000001,0.0012340021027142337,0.021602583962205286,0.01472486159826621,0.012286147780926513,0.056402188227164314,0.06126849234472394,0.02629412677518648,0.34729687061063946,0.007001367194147261,0.00658371735124547,0.001548005650504416,0.015683065913034942,0.005558658336222861,0.12184991274159536,0.14049080056741514,0.1601751988440082
0.9490000000000001,0.0008676941297436344,0.01757754236849505,0.012662139255635581,0.012168005017583366,0.04249502742773646,0.053516755099452806,0.02455211259161642,0.37106558766694553,0.005268967995670247,0.005753569914574019,0.0014333490705422986,0.016769253936455838,0.004490238857580093,0.11267822829513813,0.13856391512261174,0.18013761325021874
0.9500000000000001,0.0009639427357915666,0.019212730469034378,0.012294564526525673,0.011737362763928708,0.04623070109953727,0.05770116343126526,0.023854609760775712,0.3577250522078855,0.005938097563758431,0.0064392581822272695,0.001432585328982051,0.016780862996505524,0.004985073509201079,0.12285784306544187,0.13617013132867295,0.17567602103046692
0.9510000000000001,0.0011309818066105933,0.022323855383977423,0.012391216783438143,0.0118230258645534,0.05251629639116217,0.06532655091388763,0.02372860593649563,0.35518075036649566,0.006554466069165871,0.00709615020036937,0.0013708343095219183,0.01617348926055116,0.005350343219621422,0.1302583479286784,0.12622302100136307,0.16255206456410823
0.9520000000000001,0.0009479470681882812,0.018248664187931547,0.011232129949633416,0.010555508054738757,0.05920991043616736,0.07246242823355908,0.029105698566646264,0.42955699228567173,0.0035769267071978725,0.003790935257469672,0.0008373685096980428,0.009784822013633008,0.004210797285473158,0.09966694007843518,0.10889801687165908,0.13791491449389753
0.9530000000000001,0.0015985269531240969,0.029013161248686192,0.015391060254084613,0.01367862913593123,0.07616144012544998,0.08771681115160626,0.030201723397838116,0.41734494411231504,0.005202833647703195,0.005217324844476596,0.0009869649672308608,0.010968617048813346,0.004574265540771868,0.10041500455105848,0.09254556052206171,0.1089831324988483
0.9540000000000001,0.0015981889431816601,0.02616741221190704,0.01651591710876822,0.013407927642426801,0.0702115490780237,0.07307502994303931,0.03055058807267131,0.38405666993578264,0.006562860140814498,0.006045611684198237,0.001342361166000964,0.013881875777664388,0.005373712816831308,0.10708357238810748,0.117230002187598,0.12689672090298437
0.9550000000000001,0.0022158352844918955,0.03612548365452099,0.020230087176775043,0.016473436117105292,0.0775803657974,0.08077196037876506,0.0299442535468261,0.37722139906336494,0.008325529344930423,0.007682307496020301,0.0015153127579439168,0.01583850430303509,0.005386171770316592,0.10655831259082756,0.10270248383866527,0.11142855687901165
0.9560000000000001,0.0022033280810154574,0.03071880320050269,0.020905652310414545,0.014713175460243871,0.0832167312571079,0.07487104865274813,0.03382303296384868,0.37027229697346964,0.008507495104358186,0.006768850007305021,0.001628319221416315,0.014855995162739348,0.005945518902799747,0.1011528266388089,0.11850356334522842,0.11191336271799306
0.9570000000000001,0.003110748566343044,0.042112785273259463,0.026868632114950608,0.018451593758048414,0.09590088099354292,0.08385845332523185,0.03569614822233192,0.379885865924382,0.009716319085672205,0.007522461186916931,0.0016962782420878516,0.015168230666935543,0.005421181886528334,0.08869354330290453,0.09709415305730411,0.08880272439356034
0.9580000000000001,0.002297277528343585,0.04035937136963306,0.021616281321608425,0.019175209883404012,0.07753253334841302,0.08732047289972032,0.03175677869774253,0.4310523353682378,0.006496137024357578,0.006640201112589768,0.001257621718348539,0.014764140777583696,0.003992485212605189,0.08459403280262243,0.07851979700712174,0.09262532392766822
0.9590000000000001,0.00369033562026789,0.0511812472624581,0.031545894446497726,0.021975046514510856,0.10118951237850371,0.08790428413002399,0.03780357985931742,0.39145464196234786,0.009558245535468987,0.007669687472105688,0.0016947068337673837,0.01555993921380776,0.004737931694283422,0.07575115893496805,0.08393875690888614,0.07434503123278492
0.96,0.004384861983523971,0.05375213879385194,0.03557642501760183,0.021968365448487508,0.10904002468166357,0.08350040247427094,0.03906808830469576,0.3562294605617914,0.01246951091917162,0.008932467084686393,0.002127789544577923,0.01752701916668479,0.0056383102819414195,0.07947993186312828,0.09542531812193022,0.07487988575199246
0.961,0.0035357000264459055,0.04703917412565294,0.028765127867460608,0.0193829629131102,0.10399024904794395,0.08611736096419831,0.03778539202602215,0.37286893804838206,0.010364856369459035,0.008078762549888924,0.0017952698254957127,0.016191440609197787,0.0055365541660016065,0.0838759021723165,0.09449679812936262,0.08017551115906184
0.962,0.003417357296320767,0.04755818311235517,0.024438945985237933,0.017382700594677288,0.11073990833761804,0.09602035881524859,0.03605874750732932,0.37404406567747606,0.009577552990852676,0.007847804161118804,0.0014735005691516618,0.014117416514058187,0.005655047215752067,0.08930589093162795,0.08576846161676928,0.07659405867440609
0.963,0.0035930752272977464,0.05066460769096151,0.022592933046800115,0.01639558272146421,0.12144538969628597,0.10698176016028152,0.03532954393441204,0.3732225784650978,0.00911967350824805,0.007605387375556158,0.0012429501962455448,0.01223160102611954,0.005630171478065016,0.08991584372122653,0.07538916539286171,0.06863973635907657
0.964,0.004474989488176624,0.05258905076698859,0.024366836732069772,0.01462340586395097,0.14658597281077265,0.10762406823830105,0.03733289920332805,0.3249869886217958,0.012131209082003484,0.008513204693640189,0.001458247198030986,0.012036736196298822,0.007261576047466846,0.09675098731882434,0.08503795341337972,0.06422587432497207
0.965,0.004225556718221133,0.056951614454396754,0.022857137021879324,0.015821970146852368,0.12251549420027712,0.10429918775409151,0.03141655919416463,0.31740994330252903,0.01385560468066927,0.011045242522453891,0.001677306535579381,0.015838211888443542,0.007414616152262248,0.1125309108103796,0.08693865197275805,0.07520199264504204
0.966,0.005017826589833568,0.06204715000494698,0.02457325006302322,0.015621190994771666,0.1357257796267887,0.10593035451060649,0.031770321621752286,0.2935448122777177,0.016492198431255732,0.012098028129262974,0.001831519226706856,0.015970154959613535,0.008236484621162998,0.11406207759881933,0.08769947453254613,0.06937937681119176
0.967,0.007039442988636275,0.06722260527987951,0.03206846949798453,0.015668980609058154,0.14461909998986774,0.08387149074888128,0.03152536830065245,0.21434759570398582,0.030225528690635665,0.017759794929344846,0.0031859313234348235,0.022259305095797224,0.011891476826835203,0.1273750578301964,0.11857886412899828,0.07236098805581166
0.968,0.0071359416465209225,0.05584344433758342,0.034366339383911086,0.013899871604710531,0.16172073662961475,0.07775982394358401,0.037477358243114135,0.21274352703804011,0.029668846404374616,0.014263630016174287,0.0033452887872269877,0.019381651717132083,0.012903347270713975,0.1138210321827442,0.136390133120298,0.06927902767425684
0.969,0.00844743583405737,0.06167244374268757,0.03295507013744316,0.012387952852269755,0.19104061275577122,0.08581838863018863,0.03620248690563669,0.1907550637427181,0.03315102650697969,0.014859745441863253,0.0030430803950200194,0.016426093303724333,0.014383416047100916,0.11792889628522189,0.12305839902315545,0.05786988839616191
0.97,0.009766845276585293,0.06618372405407014,0.03541129086047145,0.012364428763431422,0.22537365285206873,0.09415898749324551,0.0400572581651173,0.19598042912840868,0.029859119753383186,0.01231247667351407,0.0025531313405268733,0.012739260039629453,0.013240661564515161,0.09969604672150491,0.10495405783895724,0.0453486294745706
0.971,0.011165413369922488,0.06582498838302214,0.03775028574852599,0.011450224984248011,0.2589604753809276,0.09428138466678755,0.04328910056404218,0.18388569942754715,0.030453694444576466,0.010843592216173918,0.0024470322679429196,0.010580757854078726,0.013549229419503296,0.08792264485287644,0.10031418481309178,0.03728129160673337
0.972,0.011677583133062596,0.068555735493879,0.030202581764729945,0.009149491755024223,0.2955095601684927,0.10727352813965332,0.038589389429451025,0.16348234150814414,0.030243892195657936,0.010729906822251022,0.0018694126708330072,0.008123398910749199,0.014674601275153945,0.09475497419625095,0.08402770970320558,0.031135892833461357
0.973,0.013305909409226581,0.05644713626332748,0.0336190235441838,0.007356087981788351,0.3620385785022254,0.09626792794760197,0.046579501686664325,0.14428537260857477,0.02951110221894259,0.007356158384204211,0.0018018441214305858,0.005548529554710165,0.015429507024876513,0.0708923258593118,0.08671596763768341,0.022845027255248115
0.974,0.010577419415818506,0.049772849194867144,0.026209119357204436,0.006387637188716538,0.34815148920426586,0.1018436811750487,0.04440360915525026,0.15142786914734205,0.026799953633664723,0.0073638002898800126,0.0016288830066371815,0.005589021433682369,0.016669640964926638,0.08371950054847316,0.09271639167636847,0.026739134607853928
0.975,0.012002268794727421,0.04984665124245946,0.027984683530359634,0.0060179084596056875,0.3626052338853549,0.09319804686542936,0.04384520386067158,0.13096325230575298,0.03280266811012269,0.007996055820822417,0.0019055808767085814,0.00584771956536135,0.018691755664740427,0.08277099488438994,0.09852208947409884,0.024999886659394777
0.976,0.012532263937720814,0.055627944363137595,0.033544090042201054,0.007699300865047924,0.31944332868551195,0.08835233814988723,0.04529954716718603,0.1448427840051255,0.03629414864580746,0.009439504417060424,0.002441668705263716,0.00803490966175714,0.017443520685585995,0.08285588785659484,0.10711469015494011,0.02903407265717216
0.977,0.011786330449515397,0.06197687082310167,0.029298152872588256,0.008039457143134065,0.3029743951691948,0.09929188032415717,0.04026805392057146,0.153425936488624,0.034531392775175376,0.010632556994361669,0.0021866734612492962,0.008636051323096132,0.016671327830345813,0.09365529216295918,0.09573030486086545,0.030895323401060243
0.978,0.012858375104149512,0.057595896665215494,0.032926336211544276,0.007741887387793128,0.3215050217447336,0.0896311274490942,0.04438369211304217,0.14438704488790494,0.03705263371617968,0.00970938684525912,0.002447201813949021,0.008326759481543745,0.017334850104635726,0.08255948048859932,0.10317092496309146,0.02836938102326451
0.979,0.012284469469609835,0.06165116731188318,0.03382718367450412,0.008902461752564607,0.2962068753689158,0.09279150649030135,0.044385457784972895,0.16156238192544134,0.034811104806911505,0.010232919399592486,0.0025044352070615365,0.009591262362493806,0.015638726540156425,0.0836808508133111,0.10086715147241788,0.031062045619862075
0.98,0.013117332665895468,0.06727170750942477,0.03647750499675775,0.009839296446515159,0.28790512817670305,0.09234778595025446,0.043932159413709954,0.1637689667557686,0.03654431155455551,0.010984338240332701,0.0026867670472455205,0.01059709002589262,0.014879631209196074,0.08141075693596701,0.09749038332395728,0.030746839747824137
0.981,0.013929414366263868,0.06318587191379871,0.03689307414539968,0.00880280485048814,0.3161142954831503,0.08995269873622817,0.046294381023792776,0.1527720404659318,0.036783739974112474,0.009750482079234575,0.002602257415624861,0.009096932933414457,0.015454814904167039,0.0746253076475185,0.09681938976630092,0.02692249429457378
0.982,0.01251061670097646,0.055718770991505906,0.03740581209689444,0.008798370018555941,0.31182901294224885,0.08726867106149301,0.05161615836673485,0.1677374892308597,0.03171812128731155,0.008254673298707299,0.002568809092733921,0.008893751302650823,0.014611522606236934,0.06926247308117574,0.10348634575058506,0.028319402171329576
0.983,0.011198790084174156,0.04970748568400571,0.028078456540895066,0.006602721721190109,0.33413491970817033,0.09330614141269583,0.04747846621013437,0.1539649560775897,0.03085340987300634,0.008006751373019127,0.0021373023215838015,0.0074347666976239055,0.016835183016920795,0.07953236698458087,0.10269226605907983,0.028036016235330034
0.984,0.011490081384749367,0.047441550560055716,0.027841500102694816,0.0061046595334267985,0.3273613254331861,0.08497202492034008,0.04530689261188588,0.13647479580608002,0.03798891102488779,0.009232318166923175,0.002581352641722257,0.008470356009818854,0.01979014603458194,0.0873600757461969,0.11758013765225989,0.030003872371190426
0.985,0.011285397005156964,0.05349948248428522,0.027408116377846105,0.006920854817646856,0.29695991284460627,0.08905031977960376,0.041545178279748865,0.14449548224257666,0.039875600514840154,0.011079805563772244,0.0027485811691648774,0.01037857018874014,0.019160985227586396,0.09717538917586245,0.1147585989028129,0.033657725425750226
0.986,0.012803530615382535,0.06001634726452253,0.026888028169392966,0.006730373961695644,0.31679519380724847,0.09396801197034271,0.03843428239221706,0.1321634567544592,0.04303022247195693,0.011822467560026683,0.0025862635100393065,0.009719874156773957,0.019352849687838854,0.09692147867087358,0.09983504553425694,0.028932573472972796
0.987,0.010143641643374982,0.048777502465885345,0.022129196620801008,0.005699943263283153,0.29837692946962785,0.0906596881544708,0.03774002223604633,0.13291750424510462,0.04195221946850972,0.011797052459205305,0.0026406767105469266,0.010223825559879409,0.022001018922917503,0.11248698832131761,0.1176212298528348,0.03483256060619471
0.988,0.009069246918119455,0.05205235238116935,0.015291820711278761,0.004829496534603198,0.2980185991932871,0.10715522857976986,0.029808101736960236,0.12678565324299457,0.03940105465519065,0.01317245406326136,0.0019567250902049835,0.009264573956451083,0.022957914259309913,0.1382631031060388,0.0973178952451447,0.034655780326215815
0.989,0.0091208971618341,0.04934841356608723,0.013956038178981734,0.004161233334963744,0.30604815422367865,0.10385107369527363,0.028024998529664183,0.11226704070767193,0.04334717278417299,0.013699502001579957,0.001989316673835801,0.008952694219245941,0.025689706713785416,0.14617430162214026,0.09980868669949053,0.033560769887593794
0.99,0.008544259011614387,0.059843646935020235,0.01315841639361278,0.005094132082735115,0.29000111945023177,0.12725601278569487,0.026925753474522404,0.13932109922472763,0.032060498566461905,0.013518598924666022,0.0015059225054396177,0.009084344602338805,0.01917782229803689,0.1452777045877524,0.07545221349764829,0.03377845565949666
0.991,0.008626037439062437,0.06445641398924076,0.013194394452930762,0.00547438705070374,0.2835071695849543,0.13292226734977447,0.02632889993570777,0.14567297121804726,0.03076181347135208,0.013863510717023025,0.0014565989826234643,0.00945273928864528,0.017737094411837986,0.14358403485294485,0.06958077706724461,0.033380890187907075
0.992,0.007383142317670511,0.053569635321836416,0.010741781104118471,0.00434468734255732,0.3119938023534588,0.14259258197360375,0.02789207289289717,0.15047986063912516,0.023169099175392567,0.01012156285082158,0.0010569846437378716,0.0066925531577036535,0.0173864559609046,0.13675606042668267,0.06530826214793012,0.03051145769155933
0.993,0.006351040089077766,0.05452767818866306,0.010110980434827155,0.004827425478460828,0.2722140749345448,0.14712028209608966,0.02681540551936914,0.1699142270453309,0.021235070021867596,0.010923651450303442,0.00107429120246542,0.008001320239969372,0.01606823278397557,0.14854162054296224,0.06612543660409863,0.0361492633679946
0.994,0.005509674401604606,0.053848839181699776,0.008257006692696706,0.004527013445924104,0.2674426157283413,0.16337455809081525,0.02506954040488698,0.1802436320532726,0.016833112438222088,0.009917901656917473,0.0008133873564928705,0.007005825899858732,0.014438167507552611,0.1514100642643757,0.05621596148708537,0.035092699390253744
0.995,0.0063315134830313705,0.054363311201387744,0.009535784931409596,0.004618832752241566,0.2960706487798561,0.15857530133542835,0.028086623837453036,0.17738755610305804,0.017435688719212705,0.008963798359854225,0.0008610648091184519,0.006524167781496101,0.01429964114473472,0.13017383131560015,0.05618561163311869,0.030586623812999255
0.996,0.007610858543220569,0.06261893124358875,0.012183776806413936,0.00568932282992468,0.29290432503459446,0.1497530035762189,0.02991905423950615,0.18085476490989877,0.020362843122184653,0.0100278977499891,0.0010861008527812814,0.007942623145141856,0.013617453300917955,0.11798715057327516,0.05749725085201207,0.029944643220331767
0.997,0.007124041678972125,0.07462847837880376,0.010062325509700931,0.006096502866144834,0.26716482585236045,0.17451301218787438,0.024185776235760584,0.18961889761946987,0.017545293234654712,0.011110219801084264,0.0008346605432689772,0.007998093635884135,0.01135902223381013,0.12684370230646583,0.04210847695650028,0.02880667095924472
0.998,0.007864319457757401,0.08343995159871331,0.00890436224640386,0.005498061234828616,0.28848245033167375,0.19095438624916483,0.020987671035289535,0.16718523697902068,0.017539446254379306,0.011259943822373369,0.0006721543709198,0.0065695150904322985,0.011038932082741053,0.12473680223491038,0.03234481438238831,0.022521952629003493
0.999,0.008117735202456408,0.08932583638738192,0.008318474896800257,0.005362297963557811,0.28725731741546146,0.19738963842476825,0.018958888358858124,0.15726031917712258,0.018253626134750567,0.012153655460849375,0.0006440833886694476,0.006566960082748136,0.011020527182469193,0.12900986863325759,0.029182856213346348,0.021177915077502395
1.0,0.006528690817640113,0.0843795905560628,0.007980853308180208,0.005990607116084869,0.24864265885985826,0.19960481522491,0.019520813409722247,0.1870338543699166,0.015572760056070396,0.012125340204950095,0.0006630612298222255,0.007827700845209779,0.010037369625123612,0.1364855840523696,0.03136755715545889,0.026238743168620467
