t,a,b,c,d,e,f,g,h,i,l,m,n,o,p,q,r
0.0,0.07270307312898301,0.0785075817962762,0.0456113898793342,0.060843670737273835,0.07872186969903164,0.03721993515997249,0.06421518587112779,0.07947947016641499,0.046493732346969484,0.06707958335505436,0.10415540788299427,0.059124021925396376,0.054508151463550814,0.06619208243153561,0.05063058877263762,0.03451425538344725
0.001,0.07376857864807665,0.07893101960873335,0.04630133302950716,0.061029806298521595,0.07905832180469743,0.037364940455848435,0.06423452216663804,0.07866247728111776,0.047234286472671604,0.06705441229206263,0.10385479756285879,0.05861082575093799,0.054429640577669317,0.06546094533460158,0.05010181012699337,0.03390228258906425
0.002,0.07484239020986348,0.07935350598777065,0.0469895492581569,0.06120803144665752,0.07939302447387035,0.03750486531301446,0.0642471466299872,0.07785207451936216,0.047970720089056604,0.06702430058164097,0.1035511869435884,0.05810090574951636,0.054347601039088506,0.06473615901063177,0.04957730654567501,0.03330123220211982
0.003,0.07592445363636356,0.07977495655041877,0.04767594281535035,0.06137845846702051,0.07972592464008382,0.037639780273593305,0.06425317360838886,0.07704825498619218,0.04870297610815936,0.06698932307914612,0.10324464212306628,0.05759427723819691,0.054262109699435325,0.0640177159408388,0.04905708267431091,0.032710928159435035
0.004,0.07701471301831486,0.08019528850720081,0.048360419813774855,0.06154119921024263,0.08005697058256547,0.037769755337050605,0.0642527166419931,0.07625101083096365,0.049430998845174316,0.06694955426847933,0.10293522859351248,0.057090954559546526,0.05417324303160497,0.06330560756246123,0.048541142325579247,0.032131196871535955
0.005,0.07811311075101357,0.08061442065208356,0.04904288821415956,0.061696365077487415,0.0803861119126954,0.03789485995781453,0.06424588845967778,0.07546033326880107,0.05015473400863549,0.0669050682522946,0.10262301124200109,0.056590951102063136,0.054081077118412764,0.06259982429427076,0.04802948849472882,0.03156186719386054
0.006,0.0792195875699837,0.08103227335225416,0.04972325781062006,0.06184406700606726,0.08071329956043716,0.03801516304309479,0.06423280097500811,0.07467621260175368,0.05087412869046509,0.06685593874253457,0.10230805435108936,0.05609427932029411,0.053985687641541845,0.06190035556168385,0.04752212337493056,0.031002770398241602
0.007,0.08033408258647097,0.08144876853772857,0.05040144021593007,0.061984415455434705,0.08103848576074466,0.03813073295089622,0.06421356528236287,0.07389863823965426,0.05158913135589582,0.06680223905128846,0.101990421599556,0.05560095075464711,0.0538871498707832,0.06120718982148279,0.047019048372460966,0.030453740144663188
0.008,0.08145653332275633,0.08186382969079752,0.05107734884672419,0.06211752039354258,0.08136162403994825,0.03824163748822191,0.06418829165322519,0.07312759872068336,0.0522996918332711,0.06674404208196603,0.10167017606324508,0.05511097605089754,0.05378553865356424,0.06052031458615041,0.0465202641217187,0.029914612453287644
0.009000000000000001,0.08258687574728397,0.08227738183531642,0.051750898908635455,0.06224349128356808,0.0816826692021233,0.038347943909461384,0.06415708953263617,0.07236308173164262,0.05300576130372824,0.06668142032078199,0.10134738021601339,0.05462436497939634,0.053680928404762684,0.0598397164478235,0.046025770500075544,0.029385225676750937
0.01,0.08372504430960005,0.08268935152584533,0.05242200738137177,0.06236243707099601,0.08200157731544472,0.03844971891495922,0.06412006753580923,0.07160507412794029,0.0537072922907691,0.06661444582854575,0.1010220959307779,0.0541411264539823,0.05357339309680229,0.059165381101869134,0.04553556664256312,0.02886542047272371
0.011,0.08487097197509677,0.08309966683664448,0.05309059300373469,0.06247446617105606,0.08231830569852983,0.03854702864975943,0.06407733344490378,0.07085356195329193,0.05440423864972245,0.0665431902327503,0.1006943844806608,0.05366126855060235,0.053463006250026694,0.0584972933700886,0.04504965095639639,0.028355039776735494
0.012,0.08602459025955811,0.08350825735053102,0.053756576258584404,0.06257968645650941,0.08263281290677342,0.038639938702521213,0.06402899420595554,0.07010853045913937,0.055096555557102765,0.0664677247199555,0.10036430654022906,0.05318479852564383,0.05334984092334823,0.05783543722355331,0.04456802113533527,0.027853928775259686
0.013000000000000001,0.08718582926350277,0.08391505414760343,0.05441987935775443,0.06267820524577998,0.08294505871867754,0.03872851410460177,0.06397515592596269,0.06936996412379141,0.0557841994998697,0.06638812002846003,0.10003192218682627,0.052711722833982344,0.053233969705168215,0.05717979580507717,0.04409067417388545,0.027361934879056884
0.014,0.08835461770632025,0.08431998979383824,0.05508042622691985,0.06277012929142549,0.08325500412217911,0.038812819329301786,0.06391592387012537,0.06863784667128872,0.056467128264592485,0.06630444644125688,0.09969729090199383,0.05224204714674899,0.05311546470456535,0.05653035145132974,0.04361760638133969,0.0268789076967742
0.015,0.08953088296019604,0.08472299832956516,0.055738142490422214,0.0628555647689436,0.08356261130097818,0.03889291829126925,0.06385140245923682,0.06791216108999636,0.057145300926523576,0.06621677377926717,0.09936047157297884,0.051775776368820435,0.05299439754274885,0.05588708571459451,0.043148813395660686,0.026404699008798202
0.016,0.09071455108382212,0.0851240152578256,0.056392955456054834,0.0629346172659086,0.08386784362086962,0.03896887434605773,0.06378169526722456,0.06719288965092679,0.057818677838585596,0.0661251713948471,0.09902152249432629,0.0513129146560356,0.05287083934477295,0.05524997938417668,0.04268429019720664,0.025939162741359153
0.017,0.09190554685588907,0.08552297753262032,0.05704479409981178,0.063007391771434,0.08417066561608112,0.03904075028983473,0.06370690501883972,0.0664800139257962,0.05848722062027573,0.06602970816556306,0.0986805013695531,0.05085346543214226,0.05274486073150959,0.05461901250746441,0.04222403112230071,0.025482154940884308
0.018000000000000002,0.0931037938083558,0.08591982354705077,0.05769358905060387,0.06307399266595638,0.08447104297562001,0.03910860835923619,0.06362713358749268,0.06577351480481705,0.05915089214649151,0.06593045248822978,0.09833746531290136,0.050397431405477276,0.05261653181187581,0.05399416441064809,0.041768029876645456,0.02503353374859797
0.019,0.09430921425949398,0.08631449312135996,0.05833927257494517,0.0631345237113363,0.0847689425296319,0.03917251023136338,0.06354248199323363,0.06507337251423018,0.05980965653628214,0.0658274722732067,0.09799247085116856,0.04994481458538391,0.052485922175312935,0.0533754137191016,0.04131627954858338,0.02459315937536621
0.02,0.09552172934670318,0.08670692749087722,0.05898177856161272,0.06318908804127117,0.08506433223577321,0.03923251702391797,0.06345305040087568,0.06437956663357843,0.06046347914152902,0.06572083493894769,0.09764557392561231,0.04949561629836932,0.05235310088451379,0.05276273837742967,0.040868772622204626,0.024160894076783918
0.021,0.09674125905909355,0.08709706929387202,0.05962104250628326,0.06323778815201651,0.0853571811656006,0.039288689295471774,0.06335893811825946,0.06369207611272552,0.06111232653555934,0.06561060740679897,0.0972968298939273,0.049049837204006054,0.05221813646839522,0.052156115669185384,0.04042550099030303,0.023736602128502097
0.022,0.09796772226983301,0.08748486255932178,0.06025700149614955,0.06328072589341026,0.08564745949097945,0.03934108704586717,0.06326024359465712,0.06301087928862233,0.06175616650169658,0.06549685609604107,0.09694629353229209,0.0486074773105804,0.052081096915312416,0.05155552223626197,0.03998645596718139,0.023320149801793307
0.023,0.09920103676825577,0.08787025269459842,0.06088959419451982,0.06331800246019677,0.08593513847051416,0.039389769716744835,0.06315706441931414,0.06233595390182368,0.06239496802175176,0.06537964691916973,0.09659401903748399,0.04816853599049144,0.0519420496665121,0.05096093409796291,0.039551628301307394,0.022911405339353187
0.024,0.10044111929172884,0.08825318647307777,0.06151876082540277,0.06334971838364531,0.08622019043600211,0.039434796192194775,0.06304949732012707,0.06166727711275807,0.06302870126445853,0.06525904527741103,0.0962400600290589,0.04773301199540332,0.051801061609821085,0.05037232666975394,0.03912100818782077,0.022510238931335802
0.025,0.10168788555727422,0.08863361202167727,0.06214444315808175,0.06337597352345933,0.08650258877891431,0.03947622479952753,0.0629376381624561,0.06100482551775348,0.06365733757385646,0.06513511605646664,0.09588446955159505,0.04730090347115472,0.05165819907356753,0.04978967478170147,0.03869458528089317,0.022116522691621076
0.026000000000000002,0.10294125029294346,0.08901147880832574,0.0627665844916804,0.06339686705997216,0.0867823079369043,0.03951411331016179,0.06282158194806992,0.06034857516482144,0.06428084945762519,0.06500792362248424,0.09552730007699772,0.04687220797242803,0.05151352782073134,0.04921295269660073,0.03827234870594152,0.021730130634312023
0.027,0.1042011272689422,0.08938673762936986,0.06338512963972308,0.06341249748662481,0.08705932338034811,0.03954851894062511,0.06270142281422207,0.05969850156920235,0.06489921057537373,0.06487753181824889,0.09516860350686329,0.046446922477181816,0.051367113043320936,0.04864213412779779,0.037854287071696,0.021350938650459974
0.028,0.10546742932850182,0.08975934059692171,0.06400002491469245,0.0634229626027219,0.08733361159891691,0.039579498353664366,0.06257725403285652,0.059054579728674506,0.06551239572688758,0.06474400395959075,0.09480843117490038,0.04602504340084938,0.05121901935697318,0.04807719225670915,0.037440388482123686,0.02097882448501573
0.029,0.10674006841849598,0.09012924112615157,0.06461121811258738,0.06342835950646152,0.087605150088185,0.03960710765946267,0.06244916800994122,0.05841678413862943,0.06612038084033742,0.06460740283200532,0.09444683384940623,0.04560656661030663,0.05106931079577341,0.04751809975004266,0.03703064054820878,0.02061366771400477
0.03,0.10801895561979942,0.09049639392252995,0.06521865849748353,0.06342878458823499,0.08787391733627478,0.039631402416959456,0.06231725628492773,0.05778508880691621,0.06672314296045256,0.06446779068748124,0.09408386173579648,0.04519148743761223,0.05091805080729268,0.04696482877672351,0.03662503039959057,0.02025534972192463
0.031,0.10930400117738681,0.09086075496902325,0.06582229678609944,0.0634243335241924,0.08813989281054098,0.039652437635270765,0.06218160953033561,0.057159467268457276,0.06732066023666229,0.06432522924153197,0.09371956447918606,0.04477980069352286,0.050765302247839,0.046417351024529,0.03622354469605994,0.019903753679362434
0.032,0.11059511453016933,0.09122228151324675,0.06642208513237066,0.06341510127007005,0.08840305694429593,0.039670267775206214,0.06204231755145962,0.05653989259963796,0.06791291191120827,0.06417977967042696,0.09335399116701953,0.044371500680786796,0.050611127377919805,0.045875637716435574,0.03582616963891558,0.019558764520830878
0.033,0.1118922043405672,0.09158093205457893,0.06701797711203455,0.06340118205527595,0.08866339112357821,0.03968494675088016,0.06189946928619853,0.05592633743247277,0.06849987830723127,0.06403150260861827,0.0929871903317495,0.043966581207218546,0.05045558785791262,0.04533965962668201,0.03543289098218088,0.019220268922820753
0.034,0.11319517852381526,0.09193666633124081,0.067609927707228,0.06338266937722883,0.0889208776739657,0.039696527931413476,0.06175315280500342,0.05531877396855035,0.06908154081683487,0.0638804581463585,0.09261920995356017,0.04356503559855733,0.050298744743940735,0.044809387096552,0.035043694043682294,0.018888155282068157
0.035,0.11450394427700104,0.09228944530734465,0.06819789329110088,0.06335965599594794,0.08917549984743608,0.03970506414272357,0.0616034553109447,0.05471717399276005,0.06965788188912983,0.06372670582750632,0.09225009746313569,0.04316685671111255,0.05014065848395157,0.04428479004988004,0.03465856371599049,0.01856231369403472
0.036000000000000004,0.11581840810783178,0.0926392311599146,0.06878183161244726,0.06333223392888836,0.08942724180927532,0.03971060766939915,0.06145046313989527,0.05412150888680194,0.07022888501826091,0.0635703046475152,0.09187989974447021,0.04277203694419857,0.04998138891399401,0.04376583800828368,0.03427748447722483,0.018242635931598895
0.037,0.11713847586313027,0.09298598726588399,0.06936170178035722,0.06330049444601935,0.08967608862503694,0.039713210256657666,0.06129426176082921,0.05353174964248338,0.07079453473142057,0.063411313051602,0.09150866313771923,0.04238056825236213,0.04982099525469262,0.04325250010612606,0.03390044040172256,0.017929015423956765
0.038,0.11846405275705653,0.0933296781890722,0.06993746424889097,0.06326452806514106,0.08992202624755295,0.03971292311238184,0.06113493577623376,0.05294786687480382,0.07135481657685075,0.063249788933091,0.09113643344208931,0.041992442157404684,0.04965953610791537,0.042744745105211805,0.033527415170573366,0.01762134723573048
0.039,0.11979504339905445,0.0936702696671446,0.07050908080177802,0.06322442454743628,0.09016504150399883,0.03970979690923326,0.060972568922633544,0.052369830834830655,0.07190971711183666,0.06308578963193032,0.09076325591876573,0.04160764976020253,0.04949706945363218,0.04224254140921988,0.033158392082020385,0.017319528046282676
0.04,0.12113135182152175,0.09400772859855913,0.07107651453714345,0.06318027289325329,0.09040512208301335,0.03970388178683994,0.06080724407122509,0.051797611422368266,0.07245922389069481,0.06291937193337613,0.09038917529387547,0.04122618175232749,0.049333652646961504,0.04174585707787669,0.0327933540617286,0.01702345612923522
0.041,0.12247288150720151,0.0943420230295026,0.07163972985226333,0.06313216133811644,0.09064225652187571,0.0396952273540554,0.06063904322862045,0.051231178198422524,0.07300332545275799,0.06275059206684186,0.09001423576148476,0.040848028427470574,0.04916934241540212,0.041254659840872676,0.032432283672921475,0.016733031332190545
0.042,0.12381953541629453,0.09467312214082041,0.07219869242835189,0.06308017734896064,0.09087643419374092,0.039683882691286795,0.060468047537698286,0.05067050039746326,0.0735420113103599,0.06257950570490813,0.08963848098662931,0.04047317969267145,0.049004194856247386,0.04076891711152601,0.032075163126387,0.016448155056653986
0.043000000000000003,0.12517121601329048,0.09500099623494199,0.0727533692153817,0.06302440762058609,0.09110764529493494,0.039669896352889325,0.060294337278560796,0.050115546939486645,0.07407527193682183,0.062406167962490156,0.08926195410837551,0.04010162507935613,0.04883826543417903,0.04028859600019622,0.03172197429035377,0.01616873023815544
0.044,0.12652782529351725,0.095325616722806,0.07330372841693984,0.06296493807232977,0.09133588083231123,0.03965331636962473,0.06011799186959518,0.049566286441879895,0.07460309875444404,0.06223063339615895,0.08888469774291154,0.03973335375418543,0.04867160897903802,0.03981366332745121,0.031372698700238164,0.015894661326568735
0.045,0.12788926480940727,0.09564695611078788,0.07384973947512148,0.06290185384495033,0.09156113261067024,0.03963419025118135,0.05993908986863811,0.049022687231090614,0.07512548412250425,0.062052956003613116,0.08850675398666698,0.03936835452971689,0.0485042796837696,0.039344085636991044,0.031027317568263737,0.015625854266627208
0.046,0.12925543569647927,0.09596498798763252,0.07439137305546276,0.06283523929772258,0.09178339322024276,0.03961256498875341,0.0597577089742415,0.048484717354102744,0.07564242132526573,0.06187318922329738,0.08812816441945903,0.0390066158748824,0.048336331102539695,0.038879829208331156,0.030685811792953353,0.015362216478633731
0.047,0.13062623869903559,0.09627968701139546,0.07492860103191552,0.06276517800573836,0.09200265602423888,0.039588487057677126,0.05957392602703855,0.04795234458972151,0.07615390455999708,0.06169138593416497,0.08774897010766453,0.038648125925284146,0.0481678161490204,0.03842086006924875,0.03034816196849534,0.015103656839363828
0.048,0.13200157419557276,0.09659102889639494,0.07546139647186494,0.06269175275741017,0.0922189151464636,0.039562002420121554,0.059387817011208065,0.047425536459669335,0.07665992892500631,0.06150759845558008,0.08736921160741608,0.03829287249331124,0.04799878709484136,0.037967144007994884,0.030014348393984345,0.01485008566316019
0.049,0.13338134222390588,0.0968989904001781,0.07598973362119268,0.06261504555217443,0.09243216545900061,0.03953315652783187,0.0591994570560361,0.0469042602394951,0.07716049040769131,0.06132187854735752,0.08698892896782118,0.037940843078079475,0.047829295568204845,0.037518646585275796,0.029684351082537936,0.014601414683217148
0.05,0.13476544250600478,0.09720354931050336,0.07651358788938666,0.06253513759839055,0.092642402569965,0.03950199432492276,0.059008920437573,0.04638848296929856,0.07765558587260907,0.06113427740993597,0.08660816173420274,0.03759202487519646,0.047659392552661634,0.037075333146006174,0.029358149770289735,0.014357557033053503
0.051000000000000004,0.13615377447254273,0.09750468443234227,0.07703293583469978,0.06245210931143317,0.0928496228113267,0.03946856025072018,0.05881628058038486,0.0458781714642723,0.07814521304956557,0.060944845684682024,0.08622694895136038,0.037246404786354666,0.04748912838604528,0.03663716883083759,0.029035723925260135,0.014118427228172355
0.052000000000000005,0.1375462372871556,0.0978023755749032,0.07754775514935895,0.06236604031197353,0.09305382322680526,0.039432898242648964,0.05862161005939753,0.04537329232506316,0.07862937052172865,0.06075363345432154,0.08584532916685046,0.03690396942875451,0.04731855275956198,0.03620411858746495,0.028717052756105355,0.013883941147906297
0.053,0.13894272987041217,0.09809660353867918,0.07805802464482631,0.06227700942444725,0.0932550015598373,0.03939505173916453,0.05842498060183218,0.044873811947955256,0.07910805771376606,0.06056069024349543,0.08546334043428441,0.03656470514435993,0.04714771471703369,0.03577614718171402,0.028402115220745823,0.013654016017446613
0.054,0.14034315092349434,0.09838735010252245,0.07856372423711401,0.06218509467570494,0.0934531562416177,0.03935506368272658,0.05822646308923047,0.044379696534876514,0.07958127488001007,0.060366065019436775,0.08508102031664345,0.036228598008988436,0.046976662654291707,0.03535321920841273,0.0280908900348747,0.01342857039005498
0.055,0.1417473989515873,0.09867459801074857,0.07906483493215481,0.06209037329384284,0.09364828637921582,0.03931297652281302,0.05802612755956859,0.04389091210323103,0.08004902309265187,0.06016980619276627,0.08469840588960949,0.03589563384123837,0.046805444318718546,0.03493529910204952,0.0277833556803476,0.013207524129456288
0.056,0.1431553722869789,0.09895833096027155,0.07956133881122887,0.06199292170720974,0.093840391743767,0.039268832218971796,0.057824043209458,0.04340742449555883,0.0805113042299661,0.059971961618402965,0.08431553374490991,0.0355657982112549,0.04663410680893513,0.034522351147221124,0.02747949041345409,0.012990798392411053
0.057,0.14456696911186856,0.09923853358777315,0.08005321901644973,0.0618928155435876,0.09402947275874116,0.03922267224390925,0.057620278396432176,0.04292919938902549,0.08096812096456872,0.059772578596587585,0.08393243999367625,0.035239076449337624,0.04646269657463124,0.03411433948887303,0.027179272273072232,0.01277831561146615
0.058,0.1459820874808849,0.09951519145690806,0.08054045973630974,0.0617901296295425,0.0942155304882891,0.03917453758661282,0.0574149006413175,0.04245620230474323,0.0814194767517095,0.05957170387401535,0.08354916026981504,0.03491545365439136,0.04629125941653656,0.03371122814233519,0.02688267908870674,0.012569999477882367
0.059000000000000004,0.14740062534331233,0.09978829104554732,0.08102304619128711,0.06168493798994279,0.09439856662566715,0.03912446875550657,0.05720797663068708,0.04198839861692566,0.08186537581760091,0.05936938364507554,0.08316572973339,0.03459491470222271,0.0461198404865298,0.03331298100315575,0.026589688488411804,0.012365774924737423
0.06,0.1488224805650265,0.1000578197330621,0.08150096461951577,0.06157731384764159,0.09457858348174161,0.0390725057816375,0.05699957221939619,0.041525753561877904,0.08230582314778533,0.05916566355319511,0.0827821830740144,0.03427744425368414,0.04594848428788363,0.03291956185673569,0.026300277906599386,0.012165568110203119
0.061,0.15024755095013845,0.10032376578764976,0.08197420226251932,0.0614673296233204,0.09475558397357316,0.03901868822189123,0.056789752433197754,0.04106823224682431,0.08274082447554228,0.05896058869228348,0.08239855451425307,0.03396302676266791,0.04577723467564291,0.03253093438776697,0.026014424591733906,0.011969306400995203
0.062,0.15167573426234737,0.10058611835370446,0.08244274735101065,0.0613550569354911,0.09492957161308255,0.03896305516223524,0.0565785814714368,0.040615799658575306,0.08317038627033725,0.05875420360827584,0.08201487781303218,0.03365164648395175,0.04560613485713388,0.03214706218947685,0.02573210561391413,0.011776918355994656
0.063,0.15310692824600278,0.10084486743923396,0.08290658909075847,0.06124056660065311,0.09510055049579838,0.03890564522098801,0.05636612270982229,0.040168420672035667,0.08359451572631396,0.05854655230077242,0.08163118626905702,0.033343287480898445,0.045435227392601904,0.031767908772681215,0.025453297872343236,0.011588333710039051
0.064,0.15454103064687524,0.10110000390332483,0.08336571764852191,0.061123928633602984,0.09526852528968721,0.038846496552112544,0.05615243870327507,0.039726060058555716,0.08401322075083134,0.05833767822477095,0.08124751272423575,0.03303793363301129,0.045264554195975436,0.0313934375746493,0.0251779781026878,0.011403483357882632
0.065,0.15597793923263673,0.10135151944365763,0.0838201241380544,0.0610052122478934,0.09543350122406712,0.03878564684853273,0.05593759118885056,0.039288682494127494,0.08442650995304722,0.05812762429248973,0.08086388956710887,0.03273556864334721,0.04509415653575378,0.031023611967782576,0.02490612288432665,0.011222299338323855
0.066,0.1574175518130505,0.10159940658407404,0.0842698006061785,0.06088448585643891,0.09559548407860553,0.03872313334547093,0.055721641088735015,0.038856252567427786,0.08483439263254981,0.05791643287527902,0.0804803487362835,0.03243617604578995,0.044924075036016545,0.030658395268110428,0.024637708647490483,0.011044714818499066
0.067,0.1588597662598706,0.10184365866219773,0.08471474001893231,0.060761817072265245,0.09575448017240144,0.03865899282380539,0.05550464851331374,0.03842873478770965,0.08523687876803868,0.05770414580561785,0.08009692172387126,0.032139739212184784,0.04475434967755229,0.030297750743604936,0.024372711680292966,0.01087066407834101
0.068,0.16030448052645233,0.10208426981711047,0.08515493624778887,0.060637272709399774,0.09591049635315332,0.038593261613446034,0.05528667276431031,0.03800609359254443,0.08563397900605686,0.05749080437919423,0.07971363957892923,0.031846241359337016,0.04458501979910416,0.029941641622317595,0.02411110813565439,0.010700082495200946
0.069,0.16175159266707254,0.10232123497708528,0.08559038405594954,0.0605109187839,0.09606353998641262,0.038525975596727144,0.05506777233799504,0.0375882933554159,0.0860257046497749,0.057276449357065926,0.07933053291090308,0.03155566555587593,0.044416124098730234,0.029590031100340197,0.02385287403811851,0.010532906528633033
0.07,0.16320100085596187,0.10255454984737829,0.08602107908471285,0.0603828205150176,0.09621361894492422,0.03845717021181563,0.0548480049284619,0.0371752983931685,0.08641206764782897,0.05706112096789973,0.07894763189307162,0.03126799472898631,0.04424770063527645,0.029242882349592592,0.02359798529056365,0.010369073705339824
0.07100000000000001,0.16465260340604826,0.1027842108980805,0.08644701783991911,0.06025304232649513,0.0963607415980536,0.038386880456133546,0.054627427430972104,0.03676707297331113,0.08679308058321367,0.0568448589102867,0.07856496626599163,0.030983211671009057,0.044079786829959715,0.02890015852543953,0.023346417680808716,0.010208522604277502
0.07200000000000001,0.16610629878741318,0.10301021535203164,0.08686819767847266,0.06012164784799275,0.09650491680130183,0.03831514088979343,0.05440609594536349,0.036363581321178645,0.08716875666223145,0.05662770235513118,0.07818256534094314,0.03070129904591313,0.04391241946805909,0.02856182277413928,0.02309814688811518,0.010051192841919753
0.073,0.16756198564546051,0.10323256117279683,0.08728461679494216,0.05998869991664236,0.09664615388590851,0.038241985639045364,0.05418406577952414,0.0359647876269524,0.08753910970349939,0.056409689948111234,0.07780045800337318,0.030422239395640198,0.04374563470071296,0.028227838240126146,0.0228531484895857,0.009897025057678931
0.074,0.1690195628187992,0.10345124705270779,0.08769627420824001,0.059854260578726316,0.09678446264854342,0.03816744839973428,0.053961391452929046,0.03557065605254176,0.0879041541270147,0.05619085981220825,0.07741867271633827,0.03014601514632412,0.04357946804681979,0.027898168073129448,0.02261139796646036,0.009745960899483389
0.075,0.17047892935684034,0.10366627240097025,0.08810316974838202,0.059718391091478466,0.09691985334108712,0.03809156244076658,0.053738126700238587,0.03518115073832831,0.08826390494328046,0.05597124955030363,0.07703723752394456,0.029872608614386887,0.04341395439504055,0.02757277543513127,0.022372870710311302,0.009597943009509712
0.076,0.17193998453710937,0.10387763733183854,0.0885053040433282,0.059581151925004634,0.097052336660501,0.03801436060758459,0.05351432447495761,0.03479623580977432,0.08861837774249226,0.05575089624784039,0.076656180054785,0.029602002012512778,0.04324912800590066,0.02725162350716529,0.02213754202913667,0.00945291501006871
0.077,0.17340262788227426,0.10408534265285851,0.08890267850590511,0.05944260276432001,0.09718192373878716,0.037935875325647905,0.053290036953153666,0.0344158753838972,0.0889675886837872,0.05552983647554734,0.07627552752537267,0.02933417745550242,0.04308502251398909,0.026934675495958908,0.021905387153354595,0.0093108214896439
0.078,0.17486675917689065,0.10428938985318051,0.08929529532081139,0.0593028025115011,0.09730862613303842,0.03785613860392041,0.0530653155372334,0.034040033575611674,0.08931155448455608,0.055308106292223956,0.07589530674357023,0.029069116966008574,0.042921670930252884,0.026621894640421122,0.021676381241698215,0.00917160798908137
0.079,0.1763322784838644,0.10448978109194317,0.0896831574317065,0.059161809287949646,0.09743245581557895,0.03777518203836184,0.052840210859775666,0.03366867450394115,0.08965029240982009,0.05508574124758395,0.07551554411201401,0.028806802480155207,0.04275910564438481,0.026313244217978246,0.021450499387012448,0.009035220987929832
0.08,0.17779908616063342,0.10468651918672967,0.09006626852838413,0.05901968043676599,0.09755342516419578,0.03769303681542296,0.05261477278742031,0.033301762298100106,0.08998382026167291,0.0548627763851552,0.07513626563153301,0.028547215853041617,0.042597358427302175,0.02600868755075978,0.021227716621953427,0.008901607890929693
0.081,0.17926708287506854,0.10487960760209666,0.09044463303403029,0.05887647252522945,0.0976715469524613,0.03760973371554313,0.05238905042481116,0.032939261103448934,0.09031215636878895,0.05463924624523441,0.07475749690456138,0.028290338864133152,0.04243646043371471,0.02570818801163657,0.02100800792459137,0.008770717014649968
0.082,0.18073616962109584,0.10506905043817841,0.09081825609256793,0.05873224134738351,0.09778683434014762,0.03752530311664945,0.05216309211859239,0.03258113508732302,0.09063531957599928,0.05441518486789432,0.07437926313854472,0.02803615322254033,0.04227644220477965,0.025411709030113572,0.020791348223917892,0.008642497574271957
0.083,0.1822062477340402,0.10525485241936557,0.09118714355608748,0.05858704192672304,0.09789930086373207,0.03743977499765625,0.05193694546145659,0.032227348444737465,0.09095332923393554,0.05419062579604157,0.07400158914933876,0.027784640572187724,0.04211733367084174,0.025119214098079195,0.02057771240525831,0.008516899670518465
0.084,0.18367721890569197,0.1054370188830607,0.09155130197236497,0.05844092851898151,0.098008960426995,0.03735317894196429,0.051710657296243696,0.03187786540396916,0.09126620518874289,0.05396560207852338,0.0736244993646004,0.027535782496874404,0.041959164154256524,0.024830666775413457,0.020367075315590035,0.008393874276727487
0.085,0.18514898519909787,0.10561555576851134,0.091910738572468,0.058293954615015776,0.09811582729170966,0.03726554414095843,0.051484273720089506,0.03153265023201774,0.09157396777186338,0.053740146273281296,0.07324801782717062,0.027289560525227487,0.04180196237229474,0.02454603069545714,0.0201594117687678,0.008273373226069225
0.08600000000000001,0.18662144906307687,0.10579046960572078,0.09226546125845018,0.05814617294378602,0.09821991606842427,0.03717689939750301,0.05125784008862243,0.031191667239946912,0.0918766377898897,0.053514290450549805,0.07287216819844837,0.0270459561355502,0.04164575644012592,0.02426526957034382,0.019954696550656487,0.008155349198905289
0.08700000000000001,0.1880945133464629,0.10596176750443875,0.09261547859113481,0.05799763547542869,0.09832124170733665,0.03708727312943414,0.05103140102020758,0.030854880788107785,0.09217423651449072,0.05328806619609853,0.07249697376175537,0.026804950760566167,0.04149057387387934,0.023988347196197055,0.019752904424172452,0.008039755710289032
0.088,0.18956808131207495,0.10612945714323165,0.09296079977798827,0.05784839342442014,0.09841981948926164,0.036996693373047874,0.050805000400236854,0.030522255291245654,0.09246678567240948,0.05306150461451581,0.07212245742569108,0.026566525792061396,0.04133644159378039,0.023715227458194682,0.0195540101342342,0.007926547097605862
0.089,0.31985998433835505,0.11982351015364609,0.16421851522870118,0.0980328770177406,0.0,0.0,0.0,0.0,0.13371393448436958,0.07612390371097012,0.0628513837818041,0.025375891284413383,0.0,0.0,0.0,0.0
0.09,0.32147393915872635,0.12003355743589558,0.16420563269745828,0.09740982384311883,9.590644633530785e-07,6.075252663528272e-07,1.2098667531471733e-06,3.368676509280644e-07,0.1337252528596078,0.07567334846930146,0.06239278738307586,0.025078826271415448,1.6043714028542133e-06,4.816306457712308e-07,9.947131302139154e-07,6.378420879528211e-07
0.091,0.3230825127983933,0.1202376882313084,0.16418562764846217,0.0967906254762617,3.847467665740077e-06,2.4163529790986824e-06,4.8297672871081216e-06,1.3420306708681346e-06,0.1337303840449184,0.07522360839104947,0.061936302543755525,0.02478600370988091,6.40985114258123e-06,1.919760170376132e-06,3.959183182473785e-06,2.522742871869557e-06
0.092,0.3246856030580143,0.12043594503481303,0.16415857536808315,0.09617531058334598,8.68625625407404e-06,5.40778458237868e-06,1.0847416022625174e-05,3.0087385115729417e-06,0.13372938257213957,0.07477471634617526,0.0614819488243951,0.024497378467381262,1.4406678974044134e-05,4.305271245078448e-06,8.864739716415078e-06,5.612860346047972e-06
0.093,0.32628310919658293,0.12062837056240164,0.16412455128277226,0.09556390687474692,1.5495848212722716e-05,9.563327032294721e-06,1.9250317802837337e-05,5.33018807380243e-06,0.1337223033330265,0.07432670466399528,0.06102974528976013,0.024212905578561393,2.558472382422033e-05,7.628918693336653e-06,1.5682594197497585e-05,9.867300316336814e-06
0.094,0.3278749319344417,0.12081500774211776,0.16408363094556352,0.09495644111258487,2.429603741238919e-05,1.4864692242495392e-05,3.0025768575803327e-05,8.299527844472896e-06,0.1337092015659742,0.0738796051353632,0.0605797105125607,0.023932540251075857,3.9933484823447426e-05,1.1881335661914545e-05,2.438385212898541e-05,1.5246101628670355e-05
0.095,0.32946097345600134,0.12099589970513362,0.16403589002270585,0.09435293911837096,3.510599817348903e-05,2.1293796501347463e-05,4.316085618677506e-05,1.1909861929860455e-05,0.13369013284282008,0.07343344901494898,0.06013186257722835,0.02365623787136432,5.744209250239495e-05,1.7053039660682935e-05,3.4939524938900107e-05,2.171022153307791e-05
0.096,0.33104113741216373,0.12117108977691732,0.1639814042804259,0.09375342578074772,4.7944289843933895e-05,2.88327598609267e-05,5.864246127761979e-05,1.6154253986391826e-05,0.13366515305572838,0.07298826702361208,0.05968621908373638,0.023383954010268205,7.809931015073997e-05,2.313443847303291e-05,4.732054162437153e-05,2.922152118309443e-05
0.097,0.332615328922456,0.12134062146849094,0.1639202495718236,0.09315792506332188,6.28288613912154e-05,3.746390549807549e-05,7.64572582908128e-05,2.1025731050544373e-05,0.13363431840415993,0.07254408935086588,0.059242797151461704,0.023115644428490633,0.00010189353533356614,3.0115835938802455e-05,6.14977601558107e-05,3.774275127048345e-05
0.098,0.33418345457687443,0.12150453846777946,0.16385250182390118,0.09256646001258513,7.977705600866645e-05,4.7169759047787564e-05,9.659171657544637e-05,2.6517287269366085e-05,0.13359768538192832,0.07210094565743078,0.05880161342308616,0.02285126508190177,0.00012881280156154564,3.798743761159935e-05,7.744197864332802e-05,4.723753779516867e-05
0.099,0.3357454224374428,0.12166288463105149,0.16377823702472788,0.09197905276591994,9.880561573576213e-05,5.793304790919321e-05,0.00011903210159272514,3.2621887533114986e-05,0.13355531076434562,0.07165886507787322,0.058362684068535266,0.022590772126691513,0.00015884478011100523,4.67393562923847e-05,9.512394626781903e-05,5.767036797025576e-05
0.1,0.3373011420394888,0.12181570397445217,0.1636975312107409,0.09139572455968709,0.00011993068609230694,6.973670052443005e-05,0.00014376447621844128,3.9332471011506343e-05,0.13350725159545965,0.07121787622332804,0.05792602478895245,0.02233412192437179,0.00019197678199001832,5.6361617441162995e-05,0.00011451437397913895,6.900657626201118e-05
0.101,0.33885052439263835,0.12196304066562852,0.16361046045418354,0.0908164957373911,0.0001431678207263402,8.256384563069644e-05,0.00017077470213994805,4.6641954595044656e-05,0.13345356517538448,0.07077800718430113,0.05749165082070695,0.022081271046630213,0.00022819576004670612,6.684416446860587e-05,0.00013558394496378487,8.121233056465003e-05
0.10200000000000001,0.3403934819815331,0.12210493901544747,0.16351710085068236,0.09024138575792075,0.00016853198607557715,9.639781148579569e-05,0.00020004844134517284,5.4543236242905944e-05,0.1333943090477264,0.07033928553355046,0.057059576939433185,0.0218321762800373,0.0002674883112159713,7.817686390941854e-05,0.00015830332488450257,9.425461850977024e-05
0.10300000000000001,0.34192992876627304,0.12224144346980748,0.1634175285069639,0.08967041320386135,0.00019603756604219004,0.00011122212506749041,0.00023157115770123767,6.302919823882509e-05,0.1333295409871081,0.06990173832904215,0.056629817464100236,0.021586794630609217,0.00030984067890092964,9.034951047923955e-05,0.0001826431718942336,0.0001081012339102562
0.10400000000000001,0.34345978018258794,0.12237259860154359,0.16331181952871227,0.08910359578987535,0.0002256983666807192,0.0001270205112469961,0.00026532811862027653,7.209271035643092e-05,0.1332593189867918,0.06946539211697991,0.05620238626110927,0.021345083328228,0.0003552387554853465,0.0001033518320168463,0.00020857414642681428,0.00012272076333846017
0.105,0.344982953141738,0.12249844910242602,0.16320005000856794,0.08854095037114827,0.00025752762089889064,0.00014377689193695344,0.0003013043968100655,8.172663293546059e-05,0.1331837012464033,0.06903027293490456,0.05577729674841715,0.02110699983092125,0.00040366808497342346,0.00011717349431342015,0.00023606692076683588,0.0001380825728384549
0.106,0.3464993660301502,0.12261903977525336,0.1630822960142697,0.08798249295189695,0.00029153799317110674,0.00016147538521422844,0.00033948487210710477,9.192381987027389e-05,0.13310274615976003,0.06859640631486183,0.05535456189968482,0.02087250182900331,0.0004551138657533264,0.0001318041058306081,0.00026509218840107266,0.0001541567947721381
0.107,0.3480089387087904,0.12273441552603954,0.16295863357693965,0.0874282386939366,0.00032774158426435965,0.0001801003044178981,0.000379854233389817,0.00010267712151207564,0.13301651230280306,0.0681638172866356,0.05493419424844835,0.02064154724907976,0.0005095609534808813,0.00014723322230909822,0.00029562067315388026,0.0001709143147989528
0.108,0.3495115925122761,0.12284462135629583,0.1628291386795122,0.0868782019253044,0.00036614993597631096,0.00019963615722278866,0.0004223969805695512,0.00011397938748624392,0.132925058421636,0.0677325303810446,0.05451620589231142,0.020414094257917365,0.0005669938640799125,0.00016345035126941014,0.0003276231381089632,0.0001883267589889767
0.109,0.3510072502477309,0.12294970235540688,0.16269388724530837,0.08633239614893568,0.00040677403588526334,0.00022006764468894102,0.0004670974266571032,0.00012582346942614946,0.1328284434206714,0.06730256963329967,0.05410060849715714,0.020190101266181138,0.0006273967768557296,0.0001804449564065823,0.00036107039431990644,0.00020636648106911535
0.11,0.35249583619338626,0.1230497036931022,0.16255295512675522,0.08579083405139057,0.00044962432211174535,0.00024137966028738698,0.000513939699902494,0.00013820222362484084,0.13272672635088728,0.06687395858642015,0.05368741330137821,0.019969526932040692,0.0006907535377183236,0.00019820646188042134,0.00039593330931186194,0.00022500654980212536
0.111,0.35397727609693125,0.12314467061202203,0.1624064180942522,0.0852535275116277,0.0004947106880914141,0.000263557288902626,0.000562907746005765,0.00015110851360595787,0.13261996639819418,0.06644672029470627,0.053276631120123326,0.019752330164647607,0.0007570476625118585,0.00021672425650296062,0.0004321828153767754,0.0002442207364981745
0.112,0.3554514971736143,0.12323464842037825,0.16225435182518297,0.08472048760982205,0.0005420424873589738,0.0002865858058121997,0.0006139853303965793,0.00016453521261522387,0.13250822287191427,0.06602087732726578,0.05286827234955858,0.019538470127485733,0.0008262623404470968,0.00023598769782475667,0.00046978991766453434,0.00026398350265863593
0.113,0.35691842810410107,0.12331968248471058,0.16209683189307644,0.0841917246362249,0.0005916285383427973,0.0003104506756437709,0.0006671560405804415,0.0001784752060338578,0.1323915551933751,0.06559645177159276,0.05246234697114252,0.019327906241596405,0.0008983804376334382,0.0002559861161216378,0.0005087257020724147,0.0002842699877517991
0.114,0.35837799903208944,0.12339981822273746,0.1619339337569139,0.08366724810006165,0.0006434771291699277,0.00033513755131011426,0.0007224032885493697,0.000192921393715232,0.1322700228846174,0.06517346523719604,0.052058864555913076,0.019120598188680258,0.0009733845007072812,0.00027670881828349697,0.0005489613429351933,0.0003050559971201649
0.115,0.3598301415616865,0.12347510109630207,0.16176573275058537,0.08314706673846622,0.0006975960224811272,0.00036063227292243845,0.0007797103132548858,0.00020786669224609372,0.13214368555721953,0.06475193885927545,0.051657834268785174,0.018916505914077633,0.0010512567605534715,0.000298145091606709,0.0005904681105182948,0.0003263179900189817
0.116,0.36127478875455055,0.12354557660441343,0.16159230407249428,0.08263118852544847,0.0007539924602556351,0.0003869208666824607,0.0008390601831412053,0.00022330403713365354,0.13201260290123917,0.06433189330244371,0.05125926487285772,0.018715589629629364,0.001131979136116634,0.00032028420749173023,0.0006332173783163277,0.00034803306778566383
0.117,0.36271187512679964,0.12361129027638228,0.16141372277531144,0.08211962068089214,0.0008126731686452807,0.00041398954375366197,0.0009004357987365408,0.00023922638491983477,0.1318768346742734,0.06391334876449195,0.05086316473372833,0.01851780981641971,0.001215533238299227,0.0003431154250474256,0.0006771806301593651,0.00037017896213972236
0.11800000000000001,0.36414133664569287,0.12367228766505187,0.16123006375587792,0.08161236967958083,0.0008736443628175997,0.00044182469911215646,0.0009638198953004544,0.0002556267152239642,0.13173644069063847,0.06349632498019686,0.050469541823814815,0.018323127227403355,0.0013019003739431984,0.00036662799460364864,0.0007223294671293145,0.00039273402361282377
0.11900000000000001,0.36556311072608394,0.12372861434012339,0.16104140174525775,0.0811094412602492,0.0009369117518075833,0.00047041291037761034,0.0010291950455252172,0.0002724980327151743,0.13159148081066974,0.0630808412251674,0.05007840372668187,0.018131502889918136,0.001391061549892168,0.000390811161133583,0.0007686356142887148,0.0004156772101085809
0.12,0.3669771362266539,0.12378031588157629,0.16084781129894063,0.08061084043465712,0.001002480543377691,0.000499740936624656,0.0010965436622891666,0.00028983336901577435,0.13144201493014354,0.06266691631972934,0.04968975764137196,0.017942898108085435,0.001482997477131094,0.0004156541675873399,0.0008160709272242958,0.0004389880755916666
0.121,0.3683833534459236,0.12382743787318276,0.16064936678719438,0.08011657149668404,0.0010703554488857437,0.0005297957171752435,0.001165848001460065,0.0003076257845368369,0.13128810296982102,0.06225456863284552,0.049303610386738965,0.017757274465099854,0.0015776885750004273,0.00044114625813828506,0.0008646073984076215,0.00046264675890582896
0.122,0.36978170411804984,0.12387002589611633,0.16044614238556698,0.079626638031441,0.0011405406881603106,0.0005605643703723791,0.0012370901647464972,0.0003258683702472329,0.13112980486511522,0.06184381608606994,0.04891996840578345,0.017574593825409972,0.00167511497548179,0.00046727668134355496,0.0009142171633751344,0.0004866339727203722
0.123,0.37117213140840993,0.12390812552265536,0.1602382120655403,0.07914104292439839,0.0012130399943832012,0.0005920341923357098,0.001310252102595372,0.00034455424937734094,0.13096718055588238,0.06143467615753428,0.04853883776998862,0.017394818336792083,0.0017752565275522755,0.0004940346932202071,0.0009648725067299165,0.0005109309926046621
0.124,0.37255457990897556,0.12394178230997938,0.16002564958533247,0.07865978837052624,0.0012878566189786533,0.0006241926556994009,0.0013853156171336,0.00036367657905863736,0.13080028997633758,0.06102716588596431,0.04816022418365541,0.017217910432318347,0.0018780928016044732,0.0005214095602384259,0.0010165458679674561,0.0005355196462301922
0.125,0.37392899563348075,0.12397104179405963,0.15980852848085145,0.07818287588344557,0.001364993336508819,0.0006570274083327721,0.0014622623651520676,0.0003832285519003695,0.1306291930450961,0.060621301874725086,0.04778413298823598,0.017043832832221315,0.001983603093929394,0.0005493905622331986,0.0010692098471277278,0.0005603823026997432
0.126,0.3752953260123877,0.12399594948364312,0.15958692205679897,0.07771030630458774,0.0014444524495751346,0.0006905262720441526,0.0015410738611300405,0.0004032033975044991,0.13045394965534063,0.0602171002958929,0.047410569166664404,0.016872548545656472,0.0020917664312594983,0.0005779669952358516,0.0011228372102758597,0.0005855018620031562
0.127,0.37665351988765117,0.12401655085432917,0.1593609033779239,0.07724207981235999,0.0015262357937251547,0.0007246772412684158,0.0016217314802981421,0.0004235943839200898,0.13027461966511514,0.059814576894352184,0.04703953734768338,0.016704020872364375,0.0022025615753690575,0.0006071281742268257,0.0011774008948136681,0.0006108617445992224
0.128,0.378003527507289,0.1240328913427395,0.15913054526042666,0.07677819593131482,0.0016103447423644354,0.0007594684817386648,0.0017042164617381112,0.0004443948190383048,0.13009126288774628,0.05941374699191601,0.04667104181016624,0.016538213404234264,0.0023159670277291522,0.0006368634358110524,0.0012328740146243264,0.0006364458811231891
0.129,0.3793453005197571,0.1240450163407801,0.1588959202635128,0.07631865354132074,0.0016967802116730282,0.000794888329142529,0.0017885099115175242,0.00046559805192916416,0.12990393908239178,0.05901462549146815,0.046305086487432895,0.016375090026770584,0.0024319610342145997,0.0006671621408172726,0.001289229865052424,0.0006622387022193602
0.13,0.3806787919681365,0.12405297118999584,0.158657100681097,0.07586345088673271,0.0017855426655261685,0.0008309252877635471,0.001874592805857734,0.00048719747412120506,0.1297127079447178,0.058617226881125445,0.04594167497155908,0.016214614920464235,0.002550521589860204,0.000698013676822633,0.0013464419277216667,0.0006882251284982732
0.131,0.3820039562841333,0.12405680117601645,0.15841415853365642,0.07541258558555981,0.0018766321204187108,0.0008675680291081038,0.001962445994333268,0.0005091865208251716,0.1295176290977042,0.058221565238418704,0.045580810517677775,0.01605675256207013,0.0026716264436637037,0.0007294074606038694,0.0014044838751924543,0.0007143905606179067
0.132,0.3833207492818959,0.12405655152309418,0.15816716556023339,0.07496605463862806,0.0019700481503928742,0.0009048053905183899,0.00205205020310097,0.0005315586721028517,0.129318762082579,0.057827654234490565,0.04522249604827188,0.015901467725792658,0.0027952531034328657,0.0007613329405163749,0.0014633295754615642,0.0007407208694883744
0.133,0.3846291281516519,0.12405226738873258,0.1579161932105874,0.07452385443873653,0.002065789891968861,0.0009426263737718612,0.002143386038157201,0.0005543074539821661,0.12911616634988224,0.05743550713830898,0.04486673415745741,0.0157487254843807,0.002921378840674212,0.0007937795988024389,0.001522953096306165,0.0007672023865995478
0.134,0.38592905145316864,0.12404399385840545,0.15766131263749536,0.07408598077980452,0.002163856049077891,0.0009810201436676609,0.002236433988621411,0.0005774264395196009,0.128909901250659,0.057045136820894515,0.04451352711525603,0.01559849121013373,0.0030499806955208756,0.0008267369538299172,0.0015833287094743542,0.0007938218944710327
0.135,0.3872204791090417,0.1240317759403668,0.15740259468920142,0.07365242886600801,0.002264244897997215,0.0010199760266004904,0.0023311744300444563,0.0006009092498110716,0.12870002602778266,0.05665655575956049,0.04416287687185668,0.015450730575820738,0.00318103548169717,0.0008601945622625937,0.0016444308947244435,0.0008205666172239297
0.136,0.38850337239781246,0.12401565856054991,0.15714010990201352,0.07322319332090331,0.0023669542922866407,0.001059483509122387,0.0024275876277400194,0.0006247495549522793,0.12848659980740776,0.056269776042163974,0.04381478506186461,0.015305409555513289,0.003314519791517436,0.0008941420211634607,0.0017062343437151478,0.0008474242112737794
0.137,0.3897776939469191,0.12399568655755612,0.15687392849304857,0.07279826819653608,0.0024719816677261247,0.0010995322364928868,0.002525653740137556,0.0006489410749496248,0.1282696815905531,0.05588480937136661,0.04346925300853788,0.015162494425334535,0.0034504100009168245,0.000928568970032144,0.0017687139637488796,0.0008743827561440999
0.138,0.3910434077254851,0.12397190467773249,0.15660412035312457,0.0723776469825338,0.0025793240472539725,0.0011401120112180473,0.0026253528221551778,0.0006734775805827235,0.12804933024481535,0.05550166706890382,0.04312628172801,0.015021951764125538,0.003588682274511669,0.0009634650927776765,0.0018318448813703005,0.0009014307453999055
0.139,0.3923004790369478,0.1239443575703377,0.15633075503979976,0.07196132261518001,0.002688978045905183,0.0011812127915787954,0.0027266648285909348,0.0006983528942195574,0.12782560449621272,0.05512036007986097,0.04278587193349825,0.014883748454030527,0.003729312570687167,0.0009988201196278138,0.0018956024458222885,0.0009285570777005902
0.14,0.3935488745115299,0.12391308978279626,0.1560539017705577,0.07154928748646829,0.0028009398757494774,0.001222824690149074,0.0028295696175309622,0.0007235608905852866,0.12759856292115912,0.05474089897695526,0.04244802403949678,0.014747851681002568,0.0038722766467101095,0.0010346238289760641,0.0019599622323614634,0.0009557510479715461
0.14100000000000001,0.3947885620985583,0.12387814575603974,0.15577362941613868,0.07114153345313441,0.0029152053508285473,0.0012649379723042508,0.0029340469537729994,0.0007490954974857327,0.12736826393856898,0.05436329396482199,0.04211273816595394,0.014614228935231151,0.0040175500638644475,0.0010708660491675942,0.002024900045435398,0.0009830023386938828
0.14200000000000002,0.3960195110586318,0.12383956981993516,0.15549000649401573,0.07073805184566485,0.003031769892092059,0.0013075430547202667,0.0030400765122637918,0.0007749506964865313,0.127134765802092,0.05398755488430395,0.041780014142432945,0.014482848011493183,0.004165108192607515,0.0011075366602251611,0.002090391921723642,0.0010103010113116002
0.14300000000000002,0.3972416919556439,0.12379740618879974,0.1552031011620159,0.07033883347727996,0.0031506285323319454,0.0013506305038639788,0.003147637881548935,0.0008011205235489463,0.1268981265924784,0.053613691216742726,0.04144985151225552,0.014353677009428852,0.004314926217744768,0.0011446255955161971,0.002156414133044652,0.001037637497755564
0.14400000000000002,0.39845507664866076,0.12375169895700171,0.1549129812120857,0.06994386865289037,0.0032717759211145212,0.001394191034475171,0.003256710567233728,0.0008275990696233207,0.1266584042100749,0.05324171208827083,0.04112224953662766,0.014226684333743876,0.004466979143620937,0.0011821228433621699,0.00222294318913074,0.0010650025920836202
0.145,0.39965963828365914,0.12370249209464602,0.1546197140641992,0.06955314717802455,0.0033952063297099495,0.0014382155080406888,0.003367273995453613,0.0008543804812011269,0.12641565636745014,0.05287162627410317,0.04079720719874685,0.01410183869433947,0.004621241799325522,0.0012200184485913134,0.00228995584027311,0.0010923874422361748
0.146,0.40085535128512795,0.12364982944334517,0.15432336676040995,0.06916665836772647,0.00352091365601859,0.001482694931261164,0.0034793075163528447,0.0008814589608265733,0.12616994058215014,0.05250344220282699,0.04047472320789043,0.013979109106371594,0.004777688843910598,0.0012583025140358276,0.0023574290798390554,0.0011197835419065657
0.147,0.40204219134753577,0.12359375471207414,0.1540240059590446,0.0687843910554214,0.003648891429493769,0.0015276204545107835,0.003592790407570012,0.0009088287675687091,0.1259213141695842,0.05213716796068913,0.04015479600348415,0.013858464890240828,0.004936294771618949,0.0012969652019746145,0.00242534014666338,0.0011471827225255362
0.148,0.403220135426668,0.12353431147310887,0.15372169792903775,0.06840633360174854,0.00377913281606048,0.0015729833702905578,0.003707701877729071,0.0009364842174549547,0.1256698342360392,0.051772811295879226,0.0398374237591507,0.013739875671514244,0.005097033917120549,0.0013359967355226112,0.002493666527316078,0.0011745771453591145
0.149,0.40438916173083694,0.12347154315804786,0.15341650854440794,0.06803247390335904,0.003911630623029576,0.001618775111675549,0.003824021069934599,0.0009644196838669812,0.12541555767182413,0.0514103796228082,0.03952260438673742,0.013623311380780805,0.00525988046075549,0.001375387399967773,0.002562385958248315,0.0012019592937192035
0.15,0.4055492497119673,0.12340549305391614,0.15310850327887365,0.06766279940167771,0.004046377304006956,0.0016649872507565023,0.003941727065269954,0.0009926295978998447,0.12515854114454347,0.05104988002638072,0.039210335540322924,0.01350874225344152,0.005424808433781471,0.00141512754405673,0.002631476427818724,0.0012293219652861653
0.151,0.4067003800565618,0.12333620429935112,0.15279774720060815,0.0672972970916274,0.0041833649637972896,0.0017116114970763287,0.004060798886297083,0.0010211084486852712,0.12489884109249859,0.05069131926626057,0.038900614620201786,0.01339613882943579,0.005591791723623968,0.0014552075812301404,0.0027009161782020155,0.0012566582645426845
0.152,0.40784253467654796,0.1232637198808695,0.15248430496713314,0.06693595353031415,0.004322585363301808,0.0017586396960618891,0.004181215500556735,0.0010498507836799772,0.12463651371821814,0.05033470378112805,0.03859343877684715,0.013285471952905307,0.005760804079127291,0.0014956179908087468,0.0027706837071819063,0.0012839615953181907
0.153,0.40897569670001194,0.12318808262921502,0.15216824082035002,0.06657875484567241,0.004464029924409703,0.0018060638274515215,0.004302955824067871,0.0010788512089199042,0.12437161498211628,0.0499800396929286,0.038288804914850705,0.013176712771796833,0.005931819115804775,0.0015363493191311247,0.002840757769830336,0.0013112256534431085
0.154,0.41009985046181935,0.12310933521578582,0.15184961858170765,0.06622568674506836,0.004607689734882639,0.0018538760037187386,0.0044259987248250155,0.0011081043892412197,0.12410420059627816,0.04962733281111113,0.03798670969683931,0.013069832737405146,0.006104810321086281,0.0015773921806441023,0.0029111173800749346,0.0013384444195121948
0.155,0.4112149814941293,0.12302752014914156,0.15152850164750667,0.06587673452386059,0.004753555553231963,0.00190206846849255,0.00455032302629247,0.0011376050484689483,0.12383432601837303,0.049276588636855925,0.03768714954736839,0.012964803603857551,0.006279751059561388,0.0016187372589468152,0.0029817418121567104,0.0013656121517562263
0.156,0.41232107651680244,0.12294267977158874,0.15120495298433828,0.06553188307391644,0.004901617813588078,0.0019506335949748199,0.004675907510894128,0.001167347969574062,0.12356204644569335,0.048927812367290414,0.03739012065679104,0.012861597427541147,0.00645661457821653,0.0016603753077893484,0.0030526106019798578,0.001392723379021281
0.157,0.4134181234277082,0.12285485625584434,0.1508790351246577,0.06519111689208307,0.005051866630561581,0.001999563884355106,0.00480273092349784,0.0011973279947998662,0.12328741680932077,0.04858100889969258,0.03709561898510297,0.012760186566474227,0.0066353740116644605,0.0017022971520269034,0.0031237035483556545,0.0014197728938548637
0.158,0.414506111292931,0.12276409160177658,0.15055081016249053,0.06485442008861203,0.005204291804095668,0.0020488519642233908,0.0049307719748931614,0.001227540025758492,0.12301049176841729,0.048236182835680735,0.036803640265762626,0.012660543679623031,0.006816002387364444,0.0017444936885304147,0.003195000714142318,0.0014467557456981132
0.159,0.4155850303368837,0.12267042763322276,0.15022033974927237,0.06452177639553619,0.005358882824309363,0.0020984905869811366,0.005060009345261459,0.0012579790234983112,0.12273132570464194,0.04789333848538909,0.036514180009486245,0.012562641726165143,0.006998472630831593,0.0017869558870545325,0.0032664824272827437,0.001473667234183321
0.16,0.4166548719323253,0.12257390599488252,0.14988768508981853,0.0641931691749976,0.00551562887633108,0.002148472628251064,0.0051904216876372256,0.0012886400085430584,0.12244997271669175,0.04755247987162803,0.03622723350801737,0.012466453964700704,0.007182757570833776,0.001829674791063862,0.0033381292817419804,0.0015005029025359938
0.161,0.41771562859029127,0.12247456814928705,0.14955290693842554,0.06386858142752569,0.005674518845122125,0.002198791085286089,0.005321987631359639,0.001319518060903454,0.12216648661496704,0.047213610734028626,0.03594279583787069,0.01237195395241281,0.0073688299445746576,0.001872641518518358,0.0034099221383463323,0.0015272585310806789
0.162,0.41876729394993534,0.12237245537384238,0.14921606559510137,0.06354799580026435,0.0058355413202896035,0.002249439075377804,0.005454685785513289,0.0013506083200620922,0.12188092091635981,0.04687673453317036,0.03566086186404967,0.012279115544178147,0.0075566624028613185,0.001915847262618735,0.00348184212552592,0.00155393013084977
0.163,0.4198098627682895,0.1222676087579472,0.14887722090192465,0.06323139459514705,0.005998684600888358,0.0023004098342649234,0.005588494742357106,0.0013819059849323715,0.1215933288391654,0.0465418544546915,0.03538142624373782,0.01218791289162923,0.007746227515255065,0.0019592832925127705,0.0035538706399625536,0.0015805139372945115
0.164,0.4208433309099413,0.12216006920018345,0.14853643223953128,0.06291875977701886,0.006163936700211431,0.0023516967145420795,0.005723393080740462,0.0014134063137922004,0.12130376329811572,0.04620897341338119,0.0351044834299633,0.012098320442169274,0.007937497775203984,0.0020029409539633327,0.003625989347144717,0.0016070064040973962
0.165,0.42186769533663515,0.1220498774055798,0.14819375852372743,0.06261007298170451,0.006331285350568629,0.0024032931840693734,0.0058593593695055665,0.0014451046241932368,0.12101227689953459,0.045878094057252815,0.03483002767523645,0.012010312937941041,0.0081304456051559,0.0020468116699789863,0.003698180181831501,0.0016334041970851774
0.166,0.42288295409679705,0.12193707388294682,0.14784925820222822,0.0623053155240215,0.006500718008052748,0.0024551928243830654,0.005996372170875117,0.0014769962928463786,0.12071892193661335,0.04554921877159772,0.03455805303516018,0.011923865414750677,0.008325043361650322,0.002090886941407988,0.003770425348427245,0.0016597041882416758
0.167,0.42388910631498944,0.12182169894228347,0.14750298925152094,0.06200446840573736,0.006672221857293016,0.0025073893291077923,0.006134410043824383,0.0015090767554842334,0.12042375038480704,0.045222349683018775,0.03428855337201286,0.011838953200947817,0.008521263340388163,0.0021351583474964954,0.003842707321268691,0.0016859034498195933
0.168,0.42488615218129483,0.1217037926922538,0.14715500917385135,0.061707512323470055,0.006845783816195287,0.0025598765023706876,0.006273451547436752,0.0015413415067012715,0.1201268138973497,0.04489748866344308,0.03402152235830346,0.011755551916263,0.008719077781277835,0.0021796175464117765,0.003915008844826387,0.001711999248550508
0.169,0.42587409294063544,0.12158339503773379,0.14680537499433283,0.061414427676530874,0.007021390540668612,0.0026126482572177926,0.006413475244241923,0.0015737860997723646,0.11982816380088847,0.04457463733411323,0.033756953480298856,0.011673637470603583,0.008918458873456565,0.0022242562757312256,0.003987312933822118,0.001737989039952252
0.17,0.4268529308820274,0.12146054567742674,0.14645414325817593,0.061125194574708774,0.007199028429337675,0.0026656986140331084,0.006554459703535825,0.0016064061464503901,0.11952785109123538,0.044253797069556414,0.03349484004152281,0.011593186062809227,0.009119378760285622,0.0022690663528979436,0.0040596028732640494,0.001763870462732845
0.171,0.42782266932777585,0.12133528410154727,0.14610137002803913,0.0608397928459955,0.007378683628240744,0.0027190216989606748,0.0066963835046815,0.0016391973167435884,0.11922592642923648,0.04393496900153089,0.03323517516622681,0.011514174179368068,0.00932180954431835,0.002314039675643663,0.0041318622184013535,0.0017896413332901683
0.17200000000000001,0.4287833126226126,0.12120764958957299,0.1457471108814979,0.060558202044250706,0.007560342035512659,0.0027726117423300294,0.006839225240390082,0.001672155338673335,0.11892244013675722,0.04361815402294943,0.03297795180283234,0.011436578593094705,0.009525723292239763,0.0023591682223797665,0.0042040747945999825,0.001815299640306559
0.17300000000000001,0.4297348661227774,0.12107768120806263,0.1453914209086319,0.06028040145680614,0.007743989306052447,0.0028264630770853906,0.006982963519981078,0.0017052759980129798,0.11861744219278336,0.043303352791778695,0.032723162727344365,0.011360376361770959,0.009731092039776623,0.0024044440525571352,0.004276224697141267,0.0018408435394374866
0.17400000000000002,0.4306773361850487,0.12094541780854086,0.14503435470972942,0.06000637011200847,0.00792961085617517,0.00288057013721894,0.007127576972621228,0.0017385551380084089,0.11831098222963649,0.04299056573491451,0.03247080054673615,0.011285544826750612,0.009937887796576879,0.00244985930699557,0.00434829629094506,0.0018662713480935003
0.17500000000000002,0.4316107301557237,0.12081089802544791,0.1446759663931064,0.059736086786699734,0.008117191868247548,0.0029349274562085197,0.00727304425054111,0.0017719886590809553,0.11800310952930347,0.04267979305203234,0.0322208577023049,0.011212061611529043,0.010146082551057378,0.002495406208183492,0.004420274210219006,0.0018915815403145954
0.176,0.43253505635955203,0.12067416027415433,0.1443163095730415,0.059469530013634975,0.008306717295306973,0.0029895296654601088,0.007419344032228816,0.0018055725185132912,0.11769387301987883,0.04237103471941237,0.03197332647299838,0.011139904620278892,0.01035564827521884,0.0025410770605486365,0.004492143358035642,0.0019167727417361796
0.177,0.4334503240886268,0.12053524274903966,0.14395543736782337,0.05920667808883645,0.00849817186566355,0.003044371492755405,0.007566455025599983,0.0018393027301189177,0.11738332127211953,0.042064290493739005,0.031728198978712346,0.011069052036352722,0.010566556929427068,0.0025868642507004503,0.004563888905838915,0.0019418437246458019
0.178,0.43435654359123144,0.120394183421634,0.14359340239791038,0.05894750907888335,0.008691540087484633,0.003099447760704825,0.0077143559711433975,0.0018731753638958448,0.11707150249611045,0.04175955991587391,0.031485467183558394,0.010999482320753684,0.010778780467159342,0.0026327602476448465,0.0046354962928817234,0.0019667934031297866
0.179,0.43525372606065016,0.1202510200388224,0.14323025678420206,0.058692000828137116,0.008886806253361622,0.003154753385206278,0.007863025645041623,0.0019071865456650782,0.11675846453804081,0.041456842314602685,0.031245122899102598,0.010931174210575219,0.010992290839715164,0.0026787576029720325,0.0047069512255961,0.0019916208283089574
0.18,0.4361418836239418,0.12010579012111103,0.14286605214641965,0.0584401309659012,0.009083954444858504,0.0032102833739100023,0.008012442862265896,0.0019413324566944809,0.11644425487708966,0.04115613681035424,0.03100715778757444,0.010864106717410761,0.011207060000890313,0.0027248489510180458,0.004778239676897578,0.0020163251836625936
0.181,0.4370210293306787,0.11995853096095384,0.14250083960159554,0.05819187691351498,0.009282968537041783,0.0032660328246897877,0.008162586479644655,0.0019756093333085883,0.11612892062241988,0.040857442318892746,0.030771563365046075,0.010798259125734361,0.011423059911613336,0.002771027009000662,0.004849347885425319,0.0020409057804397683
0.182,0.4378911771416568,0.1198092796211404,0.14213466976267067,0.05794721589138143,0.00948383220299146,0.0033219969241208985,0.00831343539890516,0.002010013466484955,0.11581250851028009,0.040560757554981855,0.030538331004582003,0.010733610991253317,0.011640262544543627,0.0028172845771303255,0.004920262354719552,0.0020653620531572428
0.183,0.4387523419175758,0.11965807293324245,0.14176759273719777,0.05770612492592767,0.00968652891829261,0.003378170945964987,0.00846496856968749,0.002044541201437572,0.11549506490121292,0.04026608103602057,0.030307451939358868,0.010670142139233606,0.01185863988863023,0.0028636145386967296,0.004990969852337834,0.00208969355518305
0.184,0.43960453940769234,0.11950494749611965,0.14139965812614938,0.05746858085649823,0.009891041965507205,0.003434550249662288,0.00861716499253039,0.0020791889371879068,0.1151766357773689,0.03997341108565048,0.030078917265755404,0.010607832662799136,0.012078163953630488,0.0029100098601316598,0.005061457408911641,0.002113899954404924
0.185,0.4404477862384528,0.1193499396744836,0.141030915022831,0.05723456034218061,0.010097354438625857,0.00349113027883141,0.008770003721828432,0.0021139531261241146,0.11485726673992545,0.03968274583733424,0.02985271794641262,0.01054666292120577,0.012298806774587862,0.002956463591048737,0.005131712317144829,0.002137981028982736
0.186,0.4412820999021017,0.11919308559751882,0.14066141201189547,0.05700403986856235,0.01030544924749902,0.0035479065597769756,0.008923463868759848,0.0021488302735489283,0.11453700300660914,0.039394083237904644,0.02962884481326393,0.010486613538090906,0.01252054041626801,0.003002968864260641,0.005201722130755372,0.002161936663184068
0.187,0.4421074987452739,0.11903442115756069,0.14029119716846009,0.05677699575441975,0.010515309122247404,0.003604874700005415,0.0090775246041846,0.0021838169372167607,0.11421588940932122,0.03910742105108423,0.029407288570535494,0.010427665399699653,0.012743336977552502,0.0030495188957744192,0.005271474663361922,0.0021857668433020935
0.188,0.44292400195756804,0.11887398200882889,0.1399203180573227,0.05655340415833718,0.010726916617651102,0.00366203038674916,0.009232165161512082,0.002218909726860516,0.11389397039186434,0.038822756860974965,0.0291880397977164,0.010369799653088362,0.012967168595789348,0.0030961069847654553,0.00534095798731655,0.002209471653654887
0.189,0.44373162956010925,0.11871180356621662,0.13954882173227817,0.05633324108525736,0.01094025411751725,0.00371936938549954,0.009387364839538049,0.002254105303708619,0.11357129000777057,0.03854008807551793,0.028971088952499113,0.010312997704306498,0.01319200745109975,0.003142726513530683,0.005410160432485203,0.002233051272665345
0.19,0.44453040239409725,0.11854792100413365,0.1391767547355315,0.05611648239296167,0.011155303839025698,0.0037768875385486038,0.009543103005250204,0.0022894003799927487,0.11324789191822893,0.038259411929922466,0.02875642637368977,0.010257241216557592,0.013417825770640306,0.0031893709474215947,0.005479070584977188,0.0022565059690208326
0.191,0.44532034210934696,0.1183823692554033,0.13880416309720817,0.05590310379848048,0.011372047837052458,0.0038345807635401484,0.009699359096602038,0.002324791718446746,0.11292381939011151,0.03798072549006466,0.028544042284088574,0.010202512108340216,0.0136445958328201,0.003236033834757608,0.005547677285825163,0.002279836097911718
0.192,0.4461014711528219,0.11821518301021261,0.1384310923349595,0.055693080884433185,0.011590468008470583,0.003892445052030201,0.009856112625254466,0.0023602761317971926,0.11259911529409773,0.03770402565585524,0.028333926793340274,0.01014879255156979,0.013872289971472036,0.003282708806720334,0.00561596962961698,0.0023030420973479517
0.193,0.44687381275716187,0.11804639671511441,0.1380575874536622,0.055486389105297476,0.011810546096428082,0.003950476468057178,0.01001334317928478,0.002395850482246088,0.11227382210289477,0.03742930916457595,0.028126069900754624,0.010096064969681977,0.014100880579977774,0.0033293895772292725,0.005683936963080753,0.0023261244845528112
0.194,0.44763739092920957,0.11787604457208124,0.1376836929452107,0.05528300379360792,0.012032263694602608,0.004008671146721989,0.010171030425862598,0.0024315116809461123,0.11194798188955402,0.037156572594184895,0.027920461498097026,0.010044312035718591,0.01433034011534577,0.0033760699427994754,0.0057515688836245055,0.002349083852432992
0.195,0.44839223043853565,0.1177041605376099,0.13730945278840131,0.05508290016608334,0.012255602251432563,0.0040670252927783035,0.01032915411389231,0.0024672566874688984,0.11162163632588191,0.03688581236659035,0.027717091372349272,0.00999351667039673,0.014560641102241844,0.003422743782381685,0.005818855237831747,0.002371920866124168
0.196,0.4491383568059666,0.11753077832187608,0.13693491044890616,0.054886053329682834,0.012480543074324323,0.004125535179233191,0.010487694076621725,0.002503082509266754,0.1112948266809445,0.03661702475089278,0.027515949208440457,0.009943662040161937,0.014791756136971704,0.003469405057185452,0.005885786119914266,0.00239463625961118
0.197,0.44987579629211577,0.11735593138793864,0.13656010887933687,0.05469243828759044,0.012707067333835238,0.004184197145958394,0.010646630234216475,0.0025389862011282634,0.11096759381966419,0.036350205866595105,0.0273170245919481,0.009894731555226197,0.015023657891415005,0.0035160478104857467,0.005952351870123479,0.0024172308324220035
0.198,0.4506045758859212,0.11717965295099218,0.13618509051939573,0.05450202994512796,0.012935156067832137,0.004243007598312408,0.010805942596299911,0.002574964864628183,0.11063997820150827,0.03608535168678087,0.027120307011769592,0.00984670886759149,0.0152563191169104,0.003562666167413529,0.006018543073121599,0.0024397054463946443
0.199,0.4513247232931906,0.11700197597766789,0.13580989729611337,0.05431480311559599,0.013164790185624999,0.004301963005773596,0.010965611264458055,0.002611015647572044,0.11031201987926752,0.035822458041260274,0.02692578586276392,0.00979957786905968,0.01548971264809114,0.003609254334730782,0.006084350556313899,0.002462061022516111
0.2,0.45203626692515864,0.11682293318538152,0.13543457062417227,0.05413073252604311,0.013395950472075546,0.004361059900584558,0.011125616434709407,0.0026471357434358633,0.10998375849792433,0.03556152061968403,0.026733450448363904,0.009753322689229469,0.015723811406670837,0.003655806600590472,0.0061497653881433505,0.002484298537832629
0.201,0.45273923588705345,0.11664255704172792,0.13505915140631383,0.053949792822962826,0.013628617591680402,0.004420294876407921,0.011285938399939178,0.0026833223908013467,0.10965523329360878,0.03530253497462457,0.02654328998315877,0.009707927693481127,0.015958588405178872,0.003702317334281889,0.0062147788763488344,0.002506419022430228
0.202,0.4534336599666803,0.11646087976392136,0.13468368003382866,0.05377195857791839,0.013862772092628583,0.004479664586993749,0.011446557552297771,0.0027195728727869854,0.10932648309264206,0.035045496524624964,0.026355293595447436,0.00966337748094977,0.016194016750645183,0.00374878098596184,0.006279382566188186,0.0025284235564848856
0.203,0.45411956962301925,0.11627793331828112,0.1343081963871281,0.053597204293095425,0.014098394410833026,0.0045391657448587835,0.011607454385563142,0.0027558845164754025,0.10899754631066583,0.03479040055721505,0.02616945032976233,0.00961965688248781,0.016430069648233948,0.0037951920863721297,0.006343568238627268,0.0025503132673813642
0.20400000000000001,0.454796995974843,0.11609374941976154,0.1339327398363967,0.053425504406782176,0.014335464873935864,0.004598795119977671,0.011768609497466873,0.002792254692337337,0.10866846095185669,0.034537242231895006,0.025985749149364034,0.009576750958617342,0.016666720404825894,0.0038415452465437763,0.006407327908496265,0.0025720893268999095
0.20500000000000002,0.4554659707893525,0.11590835953152566,0.13355734924232304,0.05325683329877736,0.014573963705287171,0.004658549538486346,0.011930003591983603,0.002828680813652602,0.1083392646082243,0.03428601658308599,0.0258041789387067,0.009534644997473102,0.016903942432548846,0.003887835157488378,0.006470653822614369,0.0025937529484699666
0.20600000000000002,0.4561265264708367,0.11572179486456217,0.13318206295690935,0.053091165295725766,0.014813871027897003,0.004718425881397775,0.012091617481583704,0.002865160335928397,0.10800999445899256,0.03403671852304805,0.025624728505874467,0.009493324512736712,0.01714170925225626,0.003934056589877072,0.006533538457884035,0.002615305384490086
0.20700000000000002,0.456778696049354,0.11553408637734458,0.13280691882435663,0.05292847467638127,0.01505516686836031,0.004778421083330177,0.012253432089448884,0.0029016907563152857,0.10768068727006222,0.033789342844765057,0.025447386584988838,0.009452775241562811,0.017379994496953394,0.003980204393707484,0.006595974519355934,0.0026367479237131694
0.20800000000000002,0.45742251316944155,0.11534526477553211,0.1324319541820262,0.052768735676797664,0.015297831160754652,0.004838532131247912,0.01241542845165057,0.002938269613021208,0.10735137939355437,0.03354388422479674,0.025272141838587312,0.009412983142497795,0.0176187719151709,0.004026273497959087,0.006657954938265751,0.0026580818886962356
0.209,0.45805801207884966,0.11515536051171181,0.13205720586147474,0.05261192249544697,0.015541843750510325,0.004898756063215185,0.012577587719290875,0.0029748944847238275,0.10702210676743318,0.033300337226097765,0.025098982859973216,0.009373934393391726,0.01785801537428554,0.0040722589102373495,0.006719472870043918,0.0026793086333138706
0.21,0.4586852276173072,0.11496440378518079,0.1316827101895625,0.05245800929826551,0.01578718439825274,0.0049590899671626935,0.012739891160605941,0.0030115629899815474,0.1066929049152074,0.033058696300803714,0.024927898175536957,0.009335615389304115,0.018097698863787846,0.004118155716407103,0.0067805216922994125,0.002700429540334534
0.211,0.45930419520531657,0.11477242454176828,0.13130850298963306,0.05230697022362773,0.016033832783616784,0.005019530979667386,0.012902320163031542,0.0030482727866435098,0.1063638089457088,0.03281895579298415,0.024758876247048794,0.009298012740404123,0.01833779649849645,0.004163959080215451,0.006841095002778671,0.002721446019058896
0.212,0.459914950832982,0.11457945247369658,0.13093461958276353,0.05215877938724767,0.016281768509032964,0.0050800762847454375,0.013064856235230746,0.0030850215712588695,0.10603485355294708,0.032581109941362554,0.024591905473923217,0.009261113269865827,0.018578282521718927,0.004209664242904652,0.006901186617300708,0.0027423595030193807
0.213,0.46051753104887194,0.11438551701948065,0.13056109478908426,0.05201341088700862,0.016530971103485035,0.0051407231126586045,0.013227481009083556,0.0031218070784856636,0.1057060730160399,0.032345152882003445,0.024426974195455194,0.009224904011759157,0.018819131308359018,0.004255266522815327,0.0069607905676695,0.0027631714477401033
0.214,0.4611119729489175,0.11419064736386517,0.130187962929166,0.05187083880772051,0.01678142002623902,0.005201468738734053,0.013390176241638345,0.0031586270804995382,0.10537750119921699,0.032111078650966234,0.024264070693028255,0.009189372208937037,0.01906031736796997,0.004300761314980334,0.0070199010995646354,0.0027838833285563727
0.215,0.46169831416534757,0.11399487243779868,0.12981525782547423,0.05173103722580555,0.017033094670543293,0.005262310482197797,0.013552923817025027,0.0031954793864026406,0.10504917155189702,0.0318788811869263,0.024103183192294663,0.009154505310919357,0.01930181534775394,0.0043461440907096825,0.007078512670411291,0.002804496638492952
0.216,0.46227659285566436,0.1137982209184442,0.1294430128038889,0.05159398021391204,0.017285974367299516,0.005323245705021857,0.013715705748329813,0.003232361841632931,0.1047211171088364,0.031648554333763006,0.023944299865327773,0.009120290971774287,0.019543600035507307,0.004391410397166837,0.007136619947230516,0.0028250128862002673
0.217,0.46284684769165846,0.11360072122922563,0.12907126069528851,0.051459641845456636,0.01754003838870439,0.005384271810785247,0.013878504179431529,0.0032692723273742056,0.104393370490349,0.0314200918431149,0.02378740883274679,0.009086717047997557,0.019785646362511795,0.004436555856936737,0.007194217804470828,0.002845433593947747
0.218,0.4634091178484669,0.11340240153990916,0.1287000338371973,0.0513279961990952,0.01779526595186178,0.005445386243548884,0.014041301386799343,0.0033062087599670656,0.10406596390259541,0.03119348737690195,0.023632498165813972,0.009053771596390153,0.020027929406371325,0.004481576167585867,0.007251301321822102,0.0028657602956735032
0.219,0.4639634429936743,0.11320328976671934,0.12832936407549453,0.051199017363122275,0.018051636222365247,0.005506586486744542,0.01420407978125192,0.0033431690903211147,0.10373892913794068,0.030968734509815073,0.023479555888504533,0.009021442871935048,0.02027042439379448,0.004526467101214727,0.00730786578201269,0.002885994535089539
0.22,0.4645098632764594,0.1130034135724888,0.12795928276618396,0.05107267943979951,0.018309128317850618,0.005567870062077903,0.01436682190967787,0.003380151303328603,0.1034122975753797,0.030745826731772837,0.02332856997954933,0.008989719325673419,0.02051310670332259,0.004571224504002972,0.007363906668590739,0.0029061378638416883
0.221,0.46504841931678864,0.11280280036684147,0.1275898207772236,0.05094895654961331,0.018567721311518577,0.005629234528445834,0.014529510456717527,0.00341715341727979,0.10308610018102901,0.030524757450345597,0.023179528374450566,0.008958589602580934,0.0207559518680034,0.004615844295747595,0.007419419663690642,0.0029261918397235037
0.222,0.46557915219465673,0.11260147730640814,0.12722100849041323,0.0508278228354616,0.018827394235626984,0.005690677480867947,0.01469212824640596,0.0034541734832802236,0.1027603675086837,0.03030551999314692,0.02303241896747059,0.00892804253944452,0.020998935578010174,0.004660322469394404,0.007474400645785507,0.002946158024943283
0.223,0.4661021034393778,0.1123994712950743,0.1268528758033393,0.05070925246677036,0.0190881260849528,0.0057521965494325205,0.01485465824377727,0.0034912095846702036,0.10243512970043893,0.030088107610192642,0.02288722961359407,0.008898067162740195,0.021242033683206412,0.004704655090563141,0.007528845687426588,0.002966037984443468
0.224,0.46661731501892645,0.11219680898425907,0.12648545213137552,0.050593219643539813,0.019349895820223457,0.005813789398256864,0.015017083556430087,0.0035282598364466122,0.10211041648737411,0.029872513476227394,0.022743948130463553,0.008868652686512376,0.02148522219565604,0.004748838297066478,0.007582751052970536,0.0029858332842716117
0.225,0.4671248293293314,0.11199351677322525,0.12611876640973887,0.05047969860032072,0.01961268237151755,0.005875453724462183,0.015179387436054329,0.0035653223846873533,0.10178625719029956,0.029658730693018897,0.02260256230028876,0.008839788510255176,0.021728477292079166,0.004792868298423251,0.007636113196295351,0.0030055454900021613
0.226,0.46762468918412237,0.11178962080941926,0.12575284709559847,0.050368663610120955,0.019876464641634572,0.005937187257163021,0.015341553279919241,0.0036023954059785897,0.10146268072056415,0.02944675229162008,0.022463059871729675,0.008811464216796148,0.021971775316253397,0.004836741375366139,0.007688928758505897,0.003025176165208255
0.227,0.46811693780383085,0.11158514698884084,0.1253877221702375,0.05026008898824264,0.020141221509433718,0.005998987756471301,0.015503564632322662,0.003639477106844992,0.10113971558092257,0.029236571234598982,0.022325428561753596,0.008783669570182886,0.022215092781360826,0.0048804538793441096,0.007741194565629799,0.003044726869982779
0.228,0.468601618805549,0.11138012095644184,0.12502341914126608,0.05015394909605025,0.020406931833141524,0.006060853012515075,0.015665405186001683,0.00367656572318319,0.1008173898664619,0.02902818041823691,0.022189656057466457,0.008756394513573,0.022458406372280696,0.004924002232019889,0.0077929076263046175,0.0030641991595079174
0.229,0.46907877619254307,0.1111745681065531,0.12465996504488454,0.050050218344669675,0.020673574453628156,0.006122780844471956,0.015827058783504596,0.003713659519698612,0.10049573126558561,0.028821572674694526,0.022055730017918416,0.008729629167127837,0.02270169294782782,0.004967382924762704,0.007844065129457014,0.0030835945826724184
0.23,0.4695484543439265,0.11096851358333959,0.12429738644819553,0.049948871198618974,0.020941128197652367,0.006184769099617356,0.015988509418524297,0.003750756789345899,0.1001747670610546,0.028616740774146412,0.021923638075884058,0.008703363825910382,0.022944929542936914,0.00501059251813657,0.007894664441974805,0.003102914680735841
0.231,0.47001069800439255,0.11076198228128238,0.12393570945156411,0.04984988217937075,0.02120957188107484,0.0062468156523874845,0.01614974123719317,0.0037878558527730693,0.09985452413108377,0.028413677426883957,0.02179336783961726,0.00867758895778779,0.02318809337079285,0.0050536276413843655,0.007944703106372615,0.003122160986039008
0.232,0.4704655522740073,0.11055499884568779,0.12357495969102462,0.04975322586884672,0.02147888431203994,0.006308918403457222,0.01631073853933954,0.0038249550577696086,0.0995350289504933,0.028212375285386917,0.021664906894581053,0.008652295201338915,0.02343116182490707,0.005096484991907946,0.007994178838451976,0.003141335020759935
0.233,0.47091306259806426,0.11034758767322224,0.12321516234073314,0.0496588769128447,0.021749044294125622,0.006371075278832818,0.016471485779705714,0.0038620527787186372,0.09921630759191363,0.028012826946363645,0.02153824280515253,0.008627473363767246,0.02367411248114014,0.005139161334744528,0.008043089524956552,0.003160438295714471
0.234,0.47135327475700195,0.1101397729124729,0.12285634211546427,0.049566810024398375,0.02202003062946154,0.0064332842289595085,0.016631967569127812,0.0038991474160533337,0.09889838572704276,0.02781502495276021,0.021413363116303073,0.008603114418819653,0.023916923099670723,0.00518165350203958,0.008091433221223297,0.0031794723092009314
0.23500000000000001,0.4717862348563853,0.10993157846453334,0.12249852327315176,0.04947699998707029,0.022291822121815092,0.006495543227844013,0.01679216867567738,0.003936237395717749,0.0985812886279554,0.02761896179573864,0.02129025535525403,0.008579209504711286,0.024159571626911045,0.0052239583925164515,0.008139208148830235,0.003198438545887972
0.23600000000000002,0.4722119893169521,0.1097230279836137,0.12214172961747106,0.04938942165817827,0.022564397579645467,0.006557850272191973,0.016952074025764992,0.003973321168632174,0.09826504116846228,0.02742462991662427,0.02116890703310814,0.008555749922057031,0.024402036197369095,0.005266072970942961,0.008186412693241609,0.003217338475744984
0.23700000000000002,0.4726305848647248,0.10951414487767458,0.12178598450046321,0.0493040499719558,0.022837735819125442,0.006620203380560297,0.017111668705205876,0.004010397210163193,0.09794966782551937,0.02723202170882259,0.021049305646456747,0.008532727131809874,0.02464429513545761,0.005307994267595157,0.008233045401451087,0.0032361735530142786
0.23800000000000002,0.47304206852119046,0.1093049523090847,0.12143131082519895,0.04922085994264669,0.023111815667131042,0.006682600592524479,0.017270937960247763,0.004047464019598567,0.09763519268068513,0.027041129519705612,0.020931438678963195,0.008510132753206523,0.024886326957250238,0.005349719377718477,0.008279104979623732,0.0032549452152243518
0.23900000000000002,0.4734464875935466,0.10909547319530111,0.12107773104848178,0.049139826667534324,0.02338661596419873,0.00674503996786081,0.017429867198561027,0.004084520119627072,0.09732163942162546,0.026851945652467953,0.020815293602922346,0.008487958561720617,0.025128110372184823,0.005391245460986485,0.008324590290737354,0.003273654882243494
0.24,0.47384388966501745,0.10888573020957178,0.12072526718358885,0.04906092532990613,0.02366211556745025,0.006807519585743559,0.017588441990191286,0.00412156405582342,0.09700903134366498,0.026664462367952904,0.02070085788079666,0.008466196487023873,0.025369624284714256,0.005432569740957419,0.00836950035222401,0.0032923039553730505
0.241,0.4742343225852392,0.10867574578166025,0.12037394080304926,0.048984131201953406,0.02393829335348507,0.006870037543957071,0.017746648068474688,0.004158594396138398,0.09669739135138392,0.026478671886448597,0.020588118966728946,0.00844483861095553,0.025610847795905018,0.005473689504528739,0.008413834333612213,0.0033108938164796305
0.242,0.4746178344607153,0.10846554209859142,0.1200237730414577,0.04890941964760709,0.024215128221240126,0.006932591958122778,0.017904471330915894,0.004195609730394311,0.09638674196025912,0.02629456638945451,0.020477064308031884,0.008423877165500323,0.025851760204983608,0.005514602101389846,0.00845759155417051,0.0033294258271655444
0.243,0.47499447364534425,0.10825514110541806,0.11967478459832305,0.048836766125309884,0.024492599094817078,0.0069951809609411246,0.018061897840029054,0.004232608669785868,0.09607710529834887,0.026112138021418436,0.020367681346654693,0.008403304530775384,0.026092341010831185,0.005555304943473182,0.008500771480553093,0.003347901327976795
0.244,0.4753642887310183,0.10804456450600783,0.11932699574095113,0.04876614619072511,0.024770684926276883,0.007057802701448364,0.018218913824141883,0.004269589846386608,0.09576850310801993,0.02593137889144427,0.020259957520627023,0.008383113233026323,0.02633256991342663,0.005595795504403897,0.008543373724447998,0.003366321637647926
0.245,0.4757273285382959,0.10783383376384989,0.11898042630735962,0.04869753549938276,0.025049364698401622,0.007120455344288226,0.01837550567816306,0.004306551912660963,0.09546095674771617,0.025752281074970594,0.02015388026548031,0.0083632959426328,0.02657242681523828,0.0056360713189482345,0.008585398040228523,0.0033846880523830357
0.246,0.4760836421071478,0.10762297010288119,0.11863509570922527,0.048630909809263226,0.025328617427423667,0.007183137068998412,0.018531659964313104,0.004343493540982053,0.09515448719376778,0.025574836615420513,0.020049437015646824,0.00834384547212387,0.026811891822564694,0.005676129982460834,0.008626844322608452,0.0034030018451722942
0.247,0.47643327868777735,0.10741199450833103,0.11829102293486145,0.048566244983319094,0.025608422165721935,0.0072458460693119,0.01868736341281892,0.004380413423155316,0.09484911504223989,0.02539903752582278,0.01994661520583655,0.008324754774203384,0.027050945246824585,0.005715969150331114,0.00866771260430163,0.0034212642651432657
0.248,0.47677628773151587,0.10720092772758445,0.11794822655222548,0.048503516991935475,0.025888758004485417,0.007308580552473005,0.018842602922572258,0.004417310269948046,0.09454486051081987,0.02522487579040447,0.01984540227239213,0.008306016939785688,0.027289567605796337,0.005755586537428879,0.008708003053686486,0.003439476536946398
0.249,0.47711271888179446,0.10698979027106328,0.11760672471195498,0.048442701915329435,0.026169604076343805,0.007371338738568187,0.018997365561752258,0.004454182810624934,0.0942417434407423,0.025052343366155475,0.01974578565462215,0.00828762519604194,0.027527739624807392,0.005794979917549351,0.008747715972476032,0.003457639860173988
0.25,0.4774426219651924,0.10677860241312478,0.11726653515043169,0.04838377594588894,0.02645093955796531,0.007434118859871542,0.01915163856841233,0.0044910297924896795,0.09393978329875075,0.02488143218436506,0.019647752796112836,0.00826957290445725,0.02776544223787376,0.005834147122857747,0.008786851793393878,0.0034757554088119895
0.251,0.4777660469825616,0.10656738419297691,0.11692767519287206,0.0483267153904516,0.02673274367262147,0.0074969191602049295,0.019305409351031543,0.004527849980432753,0.09363899917909506,0.024712134152130506,0.01955129114601844,0.008251853558898885,0.028002656588789983,0.005873086043333554,0.008825411077856778,0.0034938243307239916
0.252,0.47808304410022995,0.10635615541561028,0.11659016175644377,0.04827149667252409,0.027014995692719136,0.007559737894312701,0.019458665489030757,0.004564642156485366,0.09333940980556368,0.024544441153838335,0.01945638816033053,0.008234460783695843,0.028239364032169912,0.005911794626214671,0.008863394513664235,0.003511847747166735
0.253,0.4783936636412833,0.10614493565274626,0.1162540113534071,0.04821809633444243,0.027297674942299534,0.007622573327250973,0.01961139473325382,0.0046014051193797425,0.09304103353354999,0.02437834505261823,0.019363031303126412,0.00821738833172994,0.028475546134438673,0.005950270875441555,0.008900802912695663,0.0035298267523365266
0.254,0.47869795607692506,0.10593374424380037,0.11591924009428001,0.048166491039473666,0.02758076079950436,0.007685423733791378,0.019763585006413953,0.004638137684115707,0.09274388835215132,0.024213837691769817,0.019271208047796716,0.008200630082538702,0.02871118467477598,0.005988512851101485,0.008937637208615566,0.0035477624129459043
0.255,0.4789959720179173,0.10572260029686117,0.11558586369102654,0.04811665757385963,0.027864232699008996,0.0077482873978392585,0.019915224403505648,0.0046748386815337025,0.09244799188630051,0.024050910896162687,0.019180905878252635,0.008184180040430275,0.02894626164601139,0.006026518668873119,0.008973898454587265,0.0035656557678299446
0.256,0.47928776220609975,0.10551152268968354,0.11525389746026679,0.04806857284880295,0.02814807013442275,0.007811162611866202,0.020066301192182234,0.004711506957894224,0.09215336139892828,0.023889556473609738,0.019092112290112748,0.008168032332610486,0.02918075925547167,0.006064286499471433,0.00900958782099557,0.0035835078275815607
0.257,0.4795733775059915,0.10530053007069647,0.11492335632650845,0.048022213902396256,0.02843225266065627,0.007874047676356905,0.02021680381309954,0.004748141374463786,0.09186001379315624,0.023729766216214282,0.019004814791869825,0.008152181207322402,0.029414659925780736,0.006101814568093215,0.009044706593178912,0.00360131957421521
0.258,0.4798528688964717,0.10508964086002456,0.1145942548253982,0.04797755790149473,0.028716759896255977,0.00793694089927024,0.02036672088022574,0.004784740807107412,0.09156796561451906,0.023571531901690937,0.018919000906037688,0.008136621031998421,0.029647946295612487,0.006139101153863194,0.009079256169171343,0.003619091960858364
0.259,0.4801262874625436,0.10487887325052316,0.11426660710699253,0.047934582143532606,0.029001571525705667,0.007999840595514498,0.020516041181117706,0.004821304145887712,0.09127723305321535,0.02341484529466071,0.018834658170278424,0.008121346291425208,0.029880601220396912,0.0061761445892809415,0.009113238057454828,0.003636825911470158
0.26,0.4803936843871794,0.10466824520882632,0.11394042693904712,0.04789326405828434,0.029286667301695265,0.00806274508643672,0.020664753677164235,0.004857830294670593,0.09098783194638631,0.023259698147920463,0.018751774138510088,0.008106351585921618,0.03011260777297993,0.006212943259668692,0.009146653874722284,0.003654522320586615
0.261,0.48065511094324803,0.10445777447640751,0.1136157277103234,0.0478535812095707,0.029572027047356713,0.00812565269932602,0.02081284750379625,0.004894318170737618,0.09069977778042106,0.023106082203686998,0.018670336381995133,0.008091631629529751,0.030343949244237205,0.006249495602620132,0.009179505343651738,0.0036721820530918443
0.262,0.4809106184855251,0.10424747857065246,0.11329252243391212,0.047815511296910466,0.029857630658467072,0.008188561766930827,0.02096031197066442,0.00493076670440504,0.0904130856932879,0.02295398919481604,0.018590332490409762,0.00807718124821936,0.030574609143642486,0.006285800107450311,0.009211794290692008,0.0036898059440146295
0.263,0.4811602584427869,0.10403737478594402,0.11297082375057256,0.04777903215711829,0.030143458105618942,0.008251470626990005,0.02110713656178438,0.004967174838649567,0.09012777047689109,0.02280341084599635,0.018511750072894406,0.008062995378105738,0.03080457119979078,0.006321855314646794,0.009243522643860323,0.0037073947983498347
0.264,0.4814040823099871,0.10382748019475815,0.11265064393208656,0.04774412176584911,0.030429489436358023,0.008314377621777693,0.021253310935649892,0.005003541528740842,0.08984384657945141,0.02265433887491924,0.0184345767590855,0.008049069063681262,0.03103381936087678,0.0063576598153221005,0.00927469243055222,0.0037249493909040296
0.265,0.4816421416405176,0.10361781164877136,0.1123319948846269,0.04771075823908988,0.030715704777288137,0.008377281097661823,0.021398824925314242,0.005039865741880689,0.0895613281079106,0.022506764993423755,0.01835880020012884,0.00803539745606074,0.031262337795129,0.0063932122506675845,0.0093053057753641,0.0037424704661647872
0.266,0.4818744880385532,0.10340838577997837,0.1120148881521387,0.04767891983459887,0.031002084336143525,0.008440179404676224,0.021543668538440117,0.005076146456849119,0.08928022883035829,0.022360680908617685,0.018284408069674577,0.008021975811240692,0.03149011089119992,0.006428511311408821,0.009335364897928796,0.0037599587381930734
0.267,0.4821011731514815,0.10319921900182054,0.1116993349197335,0.047648584953293424,0.03128860840382867,0.008503070896106196,0.021687831957318354,0.005112382663657128,0.08900056217848087,0.022216078323974882,0.018211388064854242,0.00800879948837272,0.03171712325851283,0.006463555737262615,0.009364872110764515,0.003777414890538181
0.268,0.48232224866241624,0.1029903275103238,0.11138534601709464,0.04761973214058638,0.031575257356425475,0.008565953928087454,0.02183130553885576,0.005148573363206269,0.08872234125003127,0.02207294894040882,0.01813972790723978,0.007995863948051084,0.031943359727565346,0.00649834431639568,0.009393829817137432,0.0037948395761746422
0.269,0.482537766282797,0.1027817272852465,0.11107293192189391,0.04759234008767204,0.03186201165716814,0.008628826859218402,0.021974079814532456,0.00518471756695504,0.08844557881131922,0.021931284457323,0.018069415343785006,0.007983164750614636,0.03216880535019061,0.00653287588488513,0.009422240508938345,0.0038122334174605925
0.27,0.4827477777450727,0.10257343409123632,0.11076210276321775,0.04756638763276192,0.032148851858385584,0.00869168805018554,0.022116145490328885,0.005220814296592064,0.0881702872997208,0.021791076573638223,0.018000438147749508,0.007970697554463186,0.032393445399776,0.006567149326180826,0.009450106764573616,0.003829597006117027
0.271,0.48295233479547167,0.10236546347899594,0.11045286832500306,0.04754185376227108,0.0324357586034115,0.00875453586340197,0.022257493446622943,0.0052568625837160635,0.08789647882620678,0.021652316988797052,0.017932784119605298,0.007958458114388466,0.03261726537144033,0.006601163570569667,0.009477431246870782,0.003846930903227429
0.272,0.48315148918685585,0.10215783078645745,0.11014523804948122,0.04751871761195547,0.03272271262846221,0.008817368662658894,0.022398114738057476,0.005292861469522646,0.08762416517788882,0.021514997403745805,0.017866441087926354,0.007946442279919747,0.03284025098216963,0.006634917594641911,0.009504216700999059,0.0038642356392572285
0.273,0.48334529267166293,0.10195055113996483,0.10983922104063014,0.04749695846800096,0.033009694764482435,0.008880184812789947,0.022538000593378547,0.005328810004497883,0.08735335782058307,0.02137910952189424,0.0178013969102613,0.007934645993684292,0.033062388170912116,0.00666841042075961,0.00953046595240509,0.0038815117140925913
0.274,0.48353379699493154,0.10174363945546411,0.10953482606763279,0.0474765557680644,0.033296685938958806,0.008942982679348292,0.022677142415244635,0.005364707248118651,0.08708406790138974,0.021244645050053215,0.017737639473989337,0.00792306528978262,0.033283663098632656,0.006701641116527185,0.009556181904764139,0.0038987595970979873
0.275,0.4837170538874147,0.10153711043970133,0.10923206156834245,0.047457489102267526,0.03358366717770155,0.009005760628296366,0.022815531780007305,0.005400552268559776,0.08681630625128897,0.021111595699350665,0.01767515669715968,0.007911696292178798,0.03350406214832745,0.006734608794264273,0.009581367537947073,0.003915979727192067
0.276,0.48389511505877897,0.10133097859142753,0.10893093565275302,0.04743973821414422,0.033870619606594196,0.009068517025708149,0.022953160437463562,0.005436344142407924,0.08655008338775112,0.0209799531861261,0.017613936529314738,0.00790053521310577,0.03372357192499913,0.006767312610480878,0.009606025906003334,0.003933172512941321
0.277,0.48406803219088884,0.10112525820261055,0.10863145610647441,0.04742328300154144,0.03415752445331138,0.009131250237483839,0.02309002031058019,0.00547208195438223,0.0862854095173616,0.02084970923280381,0.017553966952297044,0.00788957835148582,0.033942179255592786,0.0067997517653548755,0.009630160135160165,0.003950338332671012
0.278,0.4842358569311783,0.10091996335965345,0.10833363039421166,0.047408103517474785,0.03444436304900509,0.009193958629076808,0.02322610349519051,0.005507764797061663,0.08602229453845917,0.020720855568745235,0.017495235981040382,0.007878822091366264,0.03415987118889358,0.006831925502211976,0.009653773421838327,0.003967477534592925
0.279,0.48439864088610846,0.10071510794461914,0.10803746566324761,0.04739417997093898,0.03473111682995916,0.00925664056523275,0.023361402259663856,0.005543391770619093,0.08576074804378678,0.020593383931080584,0.017437731664345063,0.007868262900370415,0.034376634995386096,0.00686383310700816,0.009676869030684546,0.00398459043694941
0.28,0.48455643561471173,0.10051070563646106,0.10774296874692817,0.047381492727673884,0.03501776733921231,0.009319294409740862,0.023495909044548083,0.005578961982562031,0.08550077932315507,0.020467286065520077,0.017381442085637716,0.007857897328163903,0.03459245816707618,0.006895473907814679,0.009699450292620888,0.00400167732817327
0.281,0.48470929262222273,0.10030676991225927,0.1074501461681495,0.04737002231088678,0.03530429622814979,0.009381918525196962,0.023629616462185494,0.005614474547480037,0.08524239736611679,0.02034255372714501,0.01732635536371565,0.007847722004936416,0.03480732841727562,0.006926847274305657,0.009721520602911305,0.004018738467062995
0.28200000000000003,0.48485726335379437,0.10010331404846202,0.1071590041428464,0.04735974940193118,0.035590685258063595,0.00944451127277838,0.023762517296302497,0.005649928586798733,0.08498561086465213,0.02021917868117894,0.01727245965347605,0.007837733639898868,0.035021233680350095,0.00695795261724833,0.009743083419245497,0.004035774082972884
0.28300000000000003,0.48500039918830185,0.09990035112213237,0.10686954858348156,0.04735065484094316,0.03587691630168172,0.009507071012030549,0.023894604501573408,0.005685323228540439,0.08473042821586431,0.02009715270373929,0.0172197431466302,0.00782792901979614,0.035234162111431024,0.00698878938799602,0.009764142259840377,0.004052784376017613
0.28400000000000003,0.48513875143223234,0.0996978940121995,0.10658178510253442,0.04734271962743525,0.036162971344666096,0.009569596100665115,0.024025871203158577,0.005720657607091345,0.08447685752468424,0.019976467582569532,0.017168194072402807,0.007818305007435326,0.035446102086091565,0.007019357077983836,0.009784700701559207,0.004069769517290745
0.28500000000000003,0.48527237131366135,0.09949595540071463,0.10629571901598972,0.04733592492084909,0.03644883248707975,0.009632084894369486,0.024156310696217494,0.005755930862975236,0.0842249066065844,0.019857115117752365,0.017117800698216785,0.007808858540229631,0.03565704219998755,0.007049655218227186,0.00980476237804871,0.004086729649096797
0.28600000000000003,0.48540130997631414,0.09929454777411093,0.10601135534682433,0.04733025204106672,0.03673448194482306,0.009694535746627611,0.024285916445396852,0.005791142142633683,0.08397458299030015,0.01973908712240394,0.017068551330363477,0.0077995866287578555,0.03586697126846349,0.007079683378823117,0.009824330977894194,0.0041036648851963545
0.28700000000000003,0.48552561847371595,0.09909368342446769,0.10572869882849266,0.0473256824688818,0.037019902051039374,0.009756947008551984,0.02441468208429429,0.00582629059821272,0.08372589392055946,0.019622375423349697,0.017020434314658703,0.007790486355339601,0.03607587832612451,0.007109441168454562,0.00984341024279299,0.004120575311063856
0.28800000000000003,0.4856453477634255,0.09889337445077785,0.10544775390840892,0.04732219784643065,0.03730507525748998,0.009819317028726574,0.024542601414897856,0.0058613753873558985,0.08347884636081856,0.019506971861781748,0.01697343803708463,0.007781554872626137,0.036283752626374295,0.007138928233897471,0.009862003965746217,0.004137460984157561
0.289,0.48576054870135654,0.09869363276021903,0.10516852475142664,0.04731977997758417,0.03758998413589862,0.009881644153060686,0.02466966840700175,0.005896395673003732,0.0832334469960045,0.01939286829389828,0.016927550924417733,0.007772789402206999,0.036490583640919914,0.007168144259530919,0.009880115989269128,0.004154321934201323
0.29,0.48587127203618397,0.09849447006942791,0.1048910152433143,0.047318410828301,0.03787461137926583,0.009943926724653543,0.02479587719759868,0.005931350623199461,0.08298970223526297,0.019280056591525208,0.016882761444843037,0.0077641872332323315,0.036696361059243746,0.007197088966850205,0.009897750203620112,0.004171158163477718
0.291,0.48597756840383693,0.09829589790577717,0.1046152289942266,0.047318072526942534,0.038158939803153026,0.010006163083669476,0.024921222090249093,0.0059662394109011,0.08274761821471133,0.019168528642720263,0.016839058108554752,0.007755745721050976,0.03690107478804317,0.007225762113982973,0.009914910545048521,0.004187969647132125
0.292,0.4860794883220767,0.09809792760865552,0.10434116934217082,0.04731874736455033,0.038442952346936586,0.010068351567223566,0.02504569755442771,0.006001061213799711,0.08250720080019598,0.019058276352359866,0.01679642946834353,0.0077474622858643245,0.03710471495063839,0.0072541634952083866,0.009931600994061403,0.004204756333487359
0.293,0.4861770821851599,0.09790057033074964,0.10406883935646771,0.04732041779508645,0.03872663207503199,0.010130490509277598,0.02516929822484775,0.006035815214143856,0.08226845559005366,0.018949291642708994,0.016754864120170458,0.007739334411395937,0.03730727188634885,0.0072822929404793785,0.0099478255737093,0.004221518144368429
0.294,0.4862704002585885,0.09770383703932886,0.10379824184120645,0.047323066435637495,0.039009962178088435,0.01019257824054624,0.025292018900763193,0.006070500598570199,0.08203138791787608,0.018841566453974314,0.016714350703728054,0.007731359643576948,0.037508736149839066,0.007310150314948039,0.009963588347891189,0.004238254975437065
0.295,0.48635949267394196,0.09750773851753118,0.10352937933869262,0.04732667606658252,0.03929292597415355,0.010254613088413187,0.025413854545249314,0.006105116557940155,0.08179600285527701,0.018735092744840767,0.016674877902988272,0.007723535589247209,0.03770909851043375,0.0073377355184941016,0.00997889341967866,0.004254966696535571
0.296,0.48644440942379835,0.09731228536565172,0.10326225413288977,0.047331229631725924,0.03957550690980901,0.01031659337685727,0.025534800284462155,0.006139662287182599,0.0815623052146619,0.018629862492992103,0.016636434446737906,0.007715859914872243,0.037908349951403436,0.007365048485256638,0.009993744929659487,0.004271653152039692
0.297,0.48652520035673524,0.09711748800243171,0.10299686825285237,0.04733671023839517,0.03985768856127661,0.010378517426388243,0.025654851406876844,0.006174136985142496,0.08133029955199875,0.018525867695615223,0.016599009109101302,0.00770833034527589,0.03810648166922047,0.007392089183168872,0.010008147054300549,0.004288314161220027
0.298,0.48660191517242046,0.09692335666635005,0.10273322347615171,0.047343101157504855,0.04013945463549551,0.01044038355399227,0.025774003362505713,0.006208539854435514,0.08109999016959052,0.018423100369889027,0.016562590710050822,0.00770094466238877,0.0383034850727864,0.007418857613496286,0.010022104004330373,0.004304949518611708
0.299,0.4866746034167817,0.09672990141691452,0.10247132133229211,0.04735038582358647,0.04042078897117019,0.010502190073086755,0.02589225176209594,0.0062428701013084046,0.08087138111884741,0.018321552553457614,0.016527168115904916,0.007693700704012394,0.0384993517826307,0.007445353810377852,0.010035620023141146,0.004321558994391898
0.3,0.48674331447726416,0.096537132135955,0.10221116310611866,0.047358547834785665,0.04070167553978988,0.010563935293484582,0.026009592376307608,0.006277126935505244,0.08064447620305995,0.01822121630488839,0.016492730239814256,0.007686596362599031,0.03869407363008183,0.0074715778403705805,0.010048699385210467,0.00433814233476481
0.301,0.4868080975781695,0.09634505852891656,0.10195274984121483,0.04736757095282664,0.04098209844661926,0.010625617521367467,0.026126021134872245,0.006311309570139374,0.08041927898017093,0.018122083704115208,0.016459266042235896,0.007679629584047237,0.0388876426564109,0.007497529801997287,0.010061346394542769,0.004354699262353849
0.302,0.48686900177607967,0.09615369012615355,0.10169608234329036,0.04737743910294471,0.04126204193166075,0.010687235059268345,0.026241534125732317,0.0063454172215710305,0.08019579276554675,0.01802414685286677,0.016426764531395723,0.0076727983665130384,0.03908005111194832,0.0075232098252976465,0.010073565383130513,0.00437122947660055
0.303,0.486926075955362,0.09596303628422347,0.10144116118355816,0.04738813637378732,0.04154149037058844,0.010748786206062629,0.026356127594161987,0.006379449109290561,0.07997402063474714,0.01792739787508056,0.016395214763739233,0.007666100759236734,0.039271291455174155,0.007548618071382518,0.010085360709435201,0.004387732654169961
0.304,0.48697936882375914,0.09577310618718121,0.10118798670210029,0.04739964701728428,0.041820428275653965,0.010810269256968166,0.02646979794186958,0.006413404455807197,0.07975396542629282,0.017831828917302596,0.016364605844370956,0.007659534861385287,0.03946135635178249,0.007573754731991576,0.010096736756888228,0.004404208449362134
0.305,0.48702892890806004,0.09558390884787313,0.10093655901122266,0.047411955448487746,0.04209884029656445,0.010871682503553819,0.026582541726082078,0.006447282486543315,0.079535629744431,0.017737432149073227,0.016334926927482583,0.007653098820910284,0.0396502386737205,0.007598620029054263,0.010107697932411638,0.004420656494529394
0.306,0.48707480454985314,0.09539545310923046,0.10068687799879711,0.04742504624538211,0.04237671122133258,0.010933024233756392,0.02669435565861191,0.006481082429734073,0.07931901596189748,0.01764419976329913,0.016306167216769866,0.007646790833421369,0.03983793149820242,0.00762321421425401,0.010118248664958782,0.004437076400499047
0.307,0.4871170439013625,0.09520774764556285,0.10043894333159202,0.04743890414866509,0.042654025977099365,0.01099429273190592,0.02680523660490666,0.006514803516332446,0.0791041262226759,0.017552123976611943,0.01627831596583871,0.007640609141075193,0.040024428106699254,0.0076475375685958495,0.01012839340407494,0.0044534677570012395
0.308,0.48715569492136385,0.09502080096385054,0.10019275445858913,0.04745351406149976,0.042930769630929094,0.011055486278758995,0.02691518158308169,0.006548444979919483,0.07889096244475274,0.01746119702971355,0.01625136247860027,0.007634552031479739,0.04020972198390438,0.007671590401977296,0.010138136618477867,0.004469830133101597
0.309,0.4871908053711825,0.09483462140503617,0.09994831061428786,0.047468861049238566,0.043206927390577445,0.011116603151540116,0.027024187762936427,0.0065820060566198,0.07867952632286813,0.017371411187708415,0.016225296109655455,0.007628617836614049,0.04039380681667577,0.007695373052762602,0.010147482794658338,0.004486163077638395
0.31,0.4872224228107721,0.09464921714531532,0.09970561082199557,0.04748493033911973,0.04348248460523235,0.011177641623990852,0.02713225246495436,0.006615485985022214,0.07846981933126217,0.017282758740423163,0.016200106264668872,0.007622804931763265,0.04057667649295523,0.007718885887360345,0.01015643643550066,0.004502466119663915
0.311,0.48725059459487313,0.094464596197426,0.09946465389710395,0.0475017073199365,0.04375742676622807,0.011238599966426663,0.027239373159287286,0.0066488840061054225,0.07826184272641569,0.017195232002713598,0.016175782400732384,0.0076171117344689294,0.04075832510066508,0.0077421292998043475,0.010165002058923149,0.004518738768889693
0.312,0.48727536786925224,0.09428076641193672,0.099225438450351,0.04751917754167996,0.04403173950773263,0.011299476445801253,0.02734554746472414,0.006682199363168704,0.07805559754978592,0.017108823314759474,0.01615231402671843,0.007611536703494504,0.040938746926582954,0.007765103711337962,0.010173184196538612,0.004534980516135392
0.313,0.4872967895670198,0.09409773547853298,0.09898796289106802,0.04753732671515562,0.044305408607408774,0.011360269325778279,0.027450773147644665,0.006715431301767517,0.07785108463053565,0.01702352504234715,0.016129690703623197,0.007606078337806026,0.041117936455194896,0.00778780957000169,0.010180987392334742,0.004551190833780974
0.314,0.4873149064050275,0.09391551092730226,0.09875222543041162,0.047556140711574636,0.04457841998704863,0.011420976866810288,0.02755504812095844,0.0067485790696539625,0.07764830458825649,0.016939329577140453,0.01610790204489989,0.007600735175567852,0.04129588836752747,0.007810247350224141,0.010188416201374504,0.0045673691762219085
0.315,0.4873297648803446,0.09373410013001705,0.09851822408458014,0.047575605562119996,0.044850759713182316,0.011481597326224726,0.027658370443029486,0.006781641916722019,0.07744725783568493,0.016856229336939928,0.01608693771678214,0.0075955057931534255,0.041472597539959376,0.007832417552416359,0.010195475188516436,0.00458351498032715
0.316,0.4873414112668121,0.09355351030141598,0.09828595667801403,0.04759570745748824,0.04512241399766063,0.01154212895831684,0.027760738316586906,0.006814619094957486,0.07724794458141153,0.01677421676593074,0.016066787438597737,0.007590388804170995,0.04164805904301285,0.007854320702569481,0.010202168927154842,0.00459962766589959
0.317,0.4873498916116749,0.0933737485004829,0.09805542084658027,0.04761643274740727,0.045393369198212116,0.011602570014449367,0.027862150087621797,0.006847509858392554,0.07705036483258246,0.01669328433491938,0.016047440983072796,0.007585382858504218,0.04182226814012549,0.007875957351855738,0.01020850199797987,0.004615706636138729
0.318,0.48735525173229144,0.09319482163172361,0.09782661404073993,0.047637767940130624,0.045663611818974575,0.01166291874315883,0.02796260424427097,0.006880313463064916,0.07685451839759302,0.016613424541559476,0.016028888176626534,0.007580486641367561,0.04199522028640295,0.007897328076232784,0.010214478987757437,0.004631751278105306
0.319,0.48735753721291947,0.09301673644644025,0.09759953352869895,0.04765969970190886,0.04593312851100132,0.01172317339026829,0.028062099415687585,0.006913029166981376,0.07666040488877293,0.0165346299105669,0.01601111889965674,0.007575698872376445,0.04216691112735284,0.007918433476051376,0.010220104488128927,0.004647760963187624
0.32,0.48735679340157995,0.09283949954400321,0.09737417639954181,0.04768221485643859,0.046201906072742376,0.011783332199006416,0.02816063437089929,0.0069456562300858424,0.07646802372506305,0.016456892993924405,0.01599412308681609,0.007571018304632052,0.042337336497600575,0.007939274175666372,0.010225383094430683,0.004663735047569331
0.321,0.4873530654069948,0.09266311737312032,0.09715053956634737,0.04770530038428945,0.04646993145050067,0.011843393410132727,0.02825820801765406,0.006978193914231661,0.07627737413468297,0.01638020637107595,0.015977890727279488,0.007566443723820695,0.042506492419587316,0.00795985082305104,0.010230319404533169,0.00467967287269839
0.322,0.4873463980956019,0.0924875962331033,0.09692861976928724,0.047728943422309746,0.04673719173886376,0.011903355262068826,0.02835481940125414,0.007010641483158184,0.07608845515778932,0.016304562649111017,0.015962411865002447,0.007561973947327695,0.0426743751022507,0.007980164089414704,0.010234918017699822,0.004695573765757033
0.323,0.4873368360886445,0.09231294227513157,0.09670841357870585,0.04775313126301116,0.04700367418111091,0.011963215991035529,0.02845046770337847,0.007042998202471525,0.0759012656491245,0.0162299544629391,0.015947676598970756,0.00755760782336568,0.04284098093968878,0.008000214668823679,0.010239183533465495,0.004711437040132418
0.324,0.48732442375933444,0.09213916150351248,0.09648991739818186,0.047777851353932914,0.04726936616959596,0.012022973831195657,0.028545152240893785,0.0070752633396293915,0.07571580428065516,0.016156374475454545,0.015933675083441474,0.007553344230117186,0.04300630650980744,0.008020003277825503,0.010243120550534422,0.004727261995887784
0.325,0.4873092052300905,0.09196625977693892,0.0962731274675714,0.04780309129698615,0.047534255246106154,0.012082627014802455,0.02863887246465499,0.007107436163929952,0.07553206954420064,0.016083815377691938,0.015920397528175433,0.007549182074891523,0.04317034857295211,0.008039530655076467,0.010246733665697678,0.004743047920233884
0.326,0.48729122436984934,0.09179424280974342,0.09605803986603186,0.04782883884777869,0.047798329102197085,0.012142173772353378,0.028731627958294887,0.007139515946504627,0.07535005975405056,0.016012269888972377,0.015907834198661333,0.007545120293295785,0.043333104070523785,0.008058797560972403,0.010250027472770042,0.0047587940880004604
0.327,0.48727052479145044,0.09162311617314917,0.0958446505150268,0.047855081914920945,0.04806157557950412,0.012201612332749174,0.028823418437003794,0.007171501960314756,0.07516977304957166,0.015941730757040706,0.015895975416331583,0.007541157848419919,0.04349457012358027,0.008077804777282774,0.010253006561546187,0.004774499762107544
0.328,0.4872471498490925,0.09145288529651724,0.0956329551813112,0.04788180855931322,0.04832398267003028,0.012260940923458091,0.028914243746299282,0.007203393480152043,0.07499120739780331,0.015872190758193905,0.01588481155876998,0.007537293730035773,0.04365474403142268,0.008096553106787984,0.010255675516776148,0.004790164194036388
0.329,0.4872211426358617,0.09128355546859035,0.09542294947989688,0.04790900699341495,0.04858553851641089,0.012320157770685012,0.02900410386078632,0.007235189782642692,0.07481436059604137,0.015803642697400935,0.01587433305991131,0.007533526953809985,0.04381362327016786,0.008115043372919944,0.010258038917159921,0.004805786624299789
0.33,0.4871925459813329,0.09111513183873321,0.0952146288769984,0.047936665580496564,0.04884623141215541,0.012379261099545501,0.029092998882908432,0.007266890146255203,0.07463923027441058,0.0157360794084142,0.01586453041023314,0.007529856560530706,0.04397120549130722,0.008133276419405889,0.010260101334361227,0.004821366282911653
0.331,0.48716140244923917,0.09094761941816869,0.09500798869295804,0.047964772833873966,0.04910604980186625,0.012438249134244442,0.02918092904168973,0.007298493851311672,0.07446581389842445,0.015669493753872724,0.01585539415693967,0.007526281615347938,0.04412748852025216,0.008151253109915371,0.010261867332040205,0.004836902389855535
0.332,0.4871277543352147,0.09078102308121058,0.09480302410515125,0.04799331741612669,0.04936498228143529,0.01249712009825929,0.0292678946914687,0.007330000180002615,0.07429410877153331,0.015603878625397468,0.015846914904138067,0.007522801207027517,0.04428247035486688,0.008168974327710512,0.010263341464905098,0.004852394155552044
0.333,0.4870916436646044,0.09061534756649194,0.09459973015087064,0.04802228813829959,0.049623017598217814,0.012555872214527667,0.02935389631062359,0.007361408416405127,0.07412411203765919,0.015539226943678685,0.015839083313007034,0.007519414447218523,0.044436149163988733,0.00818644097529939,0.010264528277782696,0.004867840781324842
0.334,0.48705311219034514,0.09045059747818983,0.09439810173018974,0.04805167395908902,0.04988014465118446,0.012614503705639234,0.02943893450029004,0.007392717846504407,0.07395582068371834,0.01547553165855577,0.01583189010195808,0.007516120469734108,0.04458852328593659,0.00820365397409264,0.010265432304707563,0.004883241459865122
0.335,0.4870122013909135,0.09028677728724553,0.0941981336088052,0.04808146398401358,0.050136352491051146,0.01267301279403164,0.02952300998307109,0.00742392775821847,0.07378923154213021,0.015412785749089586,0.01582532604678931,0.0075129184298455606,0.044739591227007734,0.00822061426406319,0.010266058068029821,0.004898595375694334
0.336,0.4869689524683441,0.09012389133258096,0.09399982042085829,0.04811164746457015,0.05039163032038751,0.012731397702190481,0.02960612360174005,0.007455037441426062,0.07362434129331352,0.015350982223627645,0.01581938198083209,0.007509807503589595,0.04488935165996373,0.008237322803409186,0.010266410077541546,0.004913901705625034
0.337,0.48692340634631265,0.0899619438223104,0.09380315667173453,0.04814221379737542,0.05064596749370362,0.012789656652853044,0.029688276317936392,0.007486046187997621,0.07346114646816831,0.015290114119862148,0.01581404879509047,0.007506786887088645,0.04503780342250551,0.00825378056821998,0.0102664928296215,0.004929159619219641
0.338,0.48687560366828825,0.08980093883494819,0.093608136740842,0.04817315252329366,0.050899353517515636,0.012847787869215746,0.02976946921085506,0.007516953291829255,0.07329964345054457,0.015230174504881188,0.015809317438373615,0.007503855795884163,0.04518494551573829,0.008269988552145287,0.010266310806398218,0.004944368279246966
0.339,0.48682558479575017,0.08964088032061164,0.09341475488436757,0.048204453326550684,0.051151778050390326,0.012905789575145099,0.029849703475929513,0.007547758048879627,0.0731398284796965,0.015171156475213223,0.015805178917421316,0.007501013464282724,0.04533077710262657,0.008285947766067399,0.010265868474931258,0.004959526842136334
0.34,0.4867733898064722,0.08948177210221983,0.09322300523801169,0.048236106033835,0.051403230902968895,0.012963659995392134,0.029928980423508864,0.007578459757209723,0.07298169765272285,0.015113053156865086,0.01580162429702268,0.007498259144714933,0.045475297506439846,0.008301659237776515,0.010265170286410587,0.004974634458429174
0.341,0.4867190584928705,0.08932361787668736,0.09303288181970044,0.04826810061338614,0.05165370203797007,0.013021397355810004,0.03000730147752923,0.007609057717025333,0.07282524692699248,0.015055857705353589,0.015798644700128053,0.007495592107106877,0.04561850620918908,0.008317124011649094,0.01026422067537385,0.00498969027322787
0.342,0.48666263036041696,0.08916642121611386,0.09284437853227596,0.048300427174070786,0.051903181570172985,0.01307899988357479,0.030084668174179877,0.0076395512307222795,0.07267047212255559,0.01499956330573099,0.015796231307954375,0.0074930116382641776,0.04576040285005478,0.008332343148329275,0.010263024058941559,0.00500469342664179
0.343,0.4866041446261162,0.08901018556896848,0.09265748916616397,0.04833307596444705,0.05215165976637981,0.01313646580740926,0.030161082160564165,0.0076699396029342145,0.07251736892453989,0.014944163172604436,0.01579437536008395,0.0074905170412683806,0.04590098722380671,0.008347317724413317,0.010261584836069952,0.005019643054230286
0.34400000000000003,0.486543640217046,0.08885491426126975,0.09247220740201909,0.048366037371817404,0.05239912704535856,0.013193793357809501,0.030236545193355932,0.007700222140582994,0.07236593288553177,0.014889650550149621,0.015793068154556864,0.007488107634885688,0.0460402592792158,0.008362048832137038,0.010259907386821488,0.0050345382874425896
0.34500000000000003,0.48648115576896067,0.08870061049776053,0.09228852681334727,0.04839930192127049,0.05264557397776612,0.013250980767274267,0.03031105913745125,0.007730398152931471,0.07221615942794234,0.014836018712118726,0.01579230104795697,0.007485782752987834,0.0461782191174587,0.00837653757906625,0.010257996071652778,0.005049378254054399
0.34600000000000003,0.4864167296249561,0.08854727736307806,0.09210644086910572,0.04843286027471243,0.052890991286051896,0.013308026270536911,0.030384625964616177,0.007760466951638719,0.07206804384635801,0.014783260961842888,0.015792065455491732,0.007483541743985042,0.04631486699051519,0.00839078508779015,0.010255855230719872,0.00506416207860109
0.34700000000000003,0.4863503998341969,0.08839491782291907,0.09192594293627952,0.04846670322988785,0.05313536984434217,0.013364928104799792,0.030457247752130552,0.0077904278508175336,0.07192158130987555,0.014731370632229322,0.015792352851065877,0.007481383970270911,0.04645020329955898,0.00840479249561769,0.010253489183200761,0.005078888882807381
0.34800000000000003,0.4862822041507041,0.08824353472519977,0.09174702628243563,0.04850082171939118,0.05337870067830548,0.013421684509970997,0.030528926681428304,0.007820280167094185,0.07177676686442139,0.014680341085753277,0.015793154767348987,0.007479308807679147,0.0465842285933423,0.008418560954276831,0.010250902226634955,0.005093557786013348
0.34900000000000003,0.4862121800322032,0.08809313080121096,0.09156968407825344,0.04853520680966839,0.05362097496499916,0.013478293728903246,0.030599665036734412,0.007850023219670313,0.07163359543505503,0.014630165714444948,0.015794462795837152,0.007477315644951998,0.046716943566574395,0.008432091629616745,0.010248098636279967,0.005108167905596656
0.35000000000000003,0.48614036463903176,0.08794370866676776,0.09139390940003234,0.048569849700009854,0.053862184032697324,0.013534754007634885,0.030669465203698912,0.00787965633038693,0.0714920618282564,0.014580837939871546,0.015796268586908743,0.007475403883220277,0.046848349058294735,0.008445385701312884,0.01024508266448465,0.005122718357390914
0.35100000000000003,0.4860667948331069,0.08779527082335445,0.09121969523217575,0.048604741721534436,0.05410231936070062,0.013591063595632816,0.03073832966802824,0.00790917882379043,0.0713521607341973,0.014532351213114652,0.015798563849874415,0.007473572935494874,0.04697844605024093,0.008458444362574945,0.010241858540079163,0.005137208256100018
0.352,0.48599150717694983,0.08764781965926387,0.09104703446965196,0.04863987433616537,0.05434137257912772,0.013647220746037237,0.03080626101411406,0.007938590027200515,0.07121388672899602,0.014484699014742992,0.015801340353021387,0.007471822226169609,0.047107235665211834,0.008471268819857637,0.01023843046778147,0.005151636715708389
0.353,0.48591453793276956,0.08750135745073166,0.0908759199204313,0.04867523913559816,0.05457933546868898,0.013703223715908052,0.030873261923659984,0.007967889270780017,0.07107723427695606,0.014437874854780831,0.015804589923652124,0.007470151190535331,0.04723471916542635,0.008483860292574334,0.01023480262762021,0.005166002849886991
0.354,0.4858359230616028,0.08735588636306521,0.0907063443078999,0.048710827840261,0.05481619996044251,0.013759070766472878,0.03093933517430645,0.007997075887606486,0.07094219773278776,0.014391872272672069,0.015808304448117518,0.00746855927430512,0.047360897950878,0.008496220012813494,0.010230979174373808,0.005180305772395043
0.355,0.4857556982225108,0.08721140845176718,0.09053830027324955,0.048746632298268,0.05505195813553266,0.013814760163376459,0.03100448363825392,0.00802614921374551,0.07080877134381364,0.01434668483724024,0.015812475871844568,0.007467045933150495,0.04748577355768594,0.008508349225057879,0.010226964237025668,0.005194544597477314
0.356,0.48567389877183276,0.08706792566365383,0.09037178037784437,0.04878264448436562,0.05528660222491151,0.013870290176931423,0.031068710280884843,0.008055108588325697,0.07067694925215671,0.014302306146644525,0.015817096199358782,0.007465610632248497,0.04760934765644253,0.008520249185906551,0.010222761918235311,0.005208718440256917
0.357,0.48559055976249293,0.08692543983796765,0.09020677710556305,0.04881885649887253,0.055520124609043126,0.013925659082370222,0.031132018159384402,0.008083953353615206,0.07054672549691189,0.014258729828331922,0.015822157494301218,0.007464252845839502,0.04773162205055784,0.0085319211637996,0.010218376293825293,0.005222826417123503
0.358,0.48550571594336417,0.08678395270748475,0.09004328286511785,0.04885526056661352,0.05575251781759126,0.013980865160098149,0.03119441042136062,0.008112682855099803,0.07041809401630028,0.014215949538985705,0.015827651879440387,0.007462972056795685,0.047852598674601586,0.008543366438745599,0.010213811412283775,0.00523686764611678
0.359,0.48541940175868425,0.08664346589961676,0.08988128999234946,0.0488918490358475,0.055983774529090424,0.01403590669594733,0.03125589030346379,0.008141296441562359,0.07029104864980659,0.014173958964470353,0.015833571536678984,0.0074617677561999865,0.0479722795926427,0.008554586302051765,0.010209071294282564,0.0052508412473052735
0.36,0.485331651347526,0.08650398093750708,0.08972079075249799,0.04892861437719016,0.056213887570600675,0.01409078198143154,0.031316461130005704,0.0081697934651637,0.07016558314029886,0.014132751819772998,0.01583990870705565,0.00746063944293545,0.04809066699658682,0.008565582056056805,0.0102041599322105,0.0052647463431602344
0.361,0.48524249854332013,0.08636549924112176,0.08956177734245015,0.04896554918253147,0.056442849917346306,0.01414548931400176,0.031376126311578746,0.008198173281524763,0.07004169113613139,0.014092321848941604,0.015846655690741684,0.007459586623284841,0.048207763204512186,0.008576355013866417,0.010199081289722021,0.005278582058924637
0.362,0.4851519768734313,0.08622802212833473,0.08940424189296232,0.04900264616394852,0.05667065469233878,0.014200026997302348,0.031434889343675346,0.008226435249809998,0.06991936619322983,0.01405266282501998,0.015853804847032926,0.007458608810540393,0.04832357065900428,0.00858690649909144,0.010193839301300753,0.005292347522977191
0.363,0.4850601195587824,0.08609155081600729,0.08924817647085956,0.0490398981526137,0.05689729516598376,0.01425439334142768,0.03149275380530768,0.008254578732811896,0.06979860177715892,0.01401376854997968,0.01586134859433677,0.007457705524623552,0.04843809192548911,0.00859723784558859,0.010188437871837933,0.005306041867191271
0.364,0.4849669595135344,0.08595608642106234,0.08909357308121105,0.04907729809769913,0.05712276475567316,0.014308586663179256,0.031549723357628366,0.008282603097036672,0.06967939126517275,0.01397563285464911,0.01586927941015452,0.007456876291714661,0.04855132969056627,0.00860735039720386,0.010182880876225611,0.00531966422728876
0.365,0.4848725293448118,0.08582162996155253,0.08894042366948081,0.0491148390652769,0.05734705702536157,0.014362605286322978,0.03160580174255181,0.008310507712790908,0.06956172794824711,0.013938249598639684,0.01587758983105896,0.007456120643892357,0.048663286760341165,0.008617245507518414,0.01017717215896433,0.005333213743188664
0.366,0.4847768613524807,0.08568818235772312,0.088788720123655,0.04915251423721615,0.05757016568512804,0.014416447541846686,0.03166099278137695,0.008338291954269229,0.0694456050330945,0.013901612670269415,0.015886272452667414,0.0074554381187826495,0.04877396605875745,0.0086269245395971,0.010171315533785235,0.005346689559350514
0.367,0.4846799875289745,0.08555574443306888,0.08863845427634481,0.049190316910076706,0.05779208459072291,0.014470111768217707,0.03171530037341129,0.00836595519964282,0.06933101564416096,0.013865715986483876,0.015895319929610238,0.007454828259217499,0.04888337062592952,0.008636388865739454,0.01016531478328639,0.00536009082511243
0.368,0.48458193955916856,0.08542431691538561,0.08848961790686549,0.04922824049400013,0.05801280774310036,0.014523596311640402,0.031768728494596755,0.008393496831148829,0.06921795282560539,0.013830553492774785,0.015904724975494874,0.007454290612902819,0.04899150361647569,0.008645639867233244,0.010159173658583202,0.005373416695023867
0.369,0.4844827488203014,0.08529390043781558,0.0883422027432912,0.04926627851159795,0.0582323292879364,0.014576899526313511,0.031821281196137245,0.008420916235180504,0.06910640954326082,0.01379611916309617,0.01591448036286546,0.0074538247320957195,0.049098368297852045,0.00865467893411048,0.010152895878972695,0.0053866663291729155
0.37,0.484382446381944,0.08516449553988735,0.08819620046448591,0.0493044245968377,0.058450643515133016,0.014630019774687286,0.031872962603128385,0.008448212802378063,0.06899637868657775,0.013762406999778388,0.015924578923158173,0.007453430173290926,0.04920396804868744,0.008663507464905917,0.010146485131611564,0.005399838893508169
0.371,0.484281063006015,0.08503610266855012,0.0880516027021103,0.04934267249392706,0.05866774485830831,0.014682955427720266,0.03192377691318963,0.008475385927720205,0.06888785307054957,0.013729411033440005,0.01593501354665228,0.007453106496916217,0.04930830635712002,0.008672126866417981,0.010139945071207806,0.005412933560155087
0.372,0.48417862914684184,0.08490872217920198,0.08790840104260467,0.04938101605619624,0.058883627894273115,0.01473570486513559,0.03197372839509893,0.008502435010616205,0.06878082543761994,0.013697125322897668,0.015945777182417,0.0074528532670367666,0.04941138681913533,0.008680538553472145,0.010133279319725758,0.005425949507726817
0.373,0.48407517495126623,0.08478235433671245,0.08776658702914754,0.049419449244978805,0.059098287342494144,0.014788266475676734,0.03202282138743009,0.008529359454998529,0.06867528845957202,0.013665543955074083,0.015956862838254215,0.00745267005106826,0.04951321313690637,0.008688743948686682,0.010126491466104375,0.005438885921629431
0.374,0.48397073025879517,0.08465699931643951,0.08762615216359096,0.04945796612849166,0.05931171806454399,0.014840638657362664,0.032071060297193206,0.008556158669415932,0.0685712347393998,0.013634661044904217,0.01596826358063716,0.007452556419498686,0.04961378911713601,0.008696744482240837,0.010119585065988632,0.0054517419943615536
0.375,0.483865324601795,0.08453265720524042,0.08748708790837122,0.04949656088071386,0.059523915063538116,0.014892819817742152,0.03211844959847826,0.008582832067126947,0.06846865681316117,0.013604470735239772,0.01597997253464505,0.007452511945618644,0.04971311866940182,0.008704541591645324,0.010112563641473796,0.005464516925808338
0.376,0.48375898720572913,0.08440932800247712,0.08734938568839605,0.04953522778026507,0.05973487348355918,0.01494480837414734,0.03216499383110214,0.008609379066193728,0.06836754715181284,0.013574967196752111,0.015991982883893783,0.007452536205260081,0.04981120580450383,0.008712136721515206,0.010105430680862504,0.005477209923529761
0.377,0.48365174698943797,0.08428701162101568,0.08721303689290782,0.049573961209283535,0.059944588609068664,0.014996602753946302,0.03221069759925921,0.008635799089576183,0.06826789816302725,0.013546144627833632,0.01600428787046279,0.007452628776543301,0.049908054632815155,0.008719531323345056,0.010098189638434384,0.00548982020304321
0.378,0.48354363256546024,0.08416570788821981,0.08707803287732312,0.04961275565230394,0.060153055864306325,0.015048201394794607,0.03225556557017573,0.008662091565226335,0.06816970219299112,0.013517997254497783,0.016016880794817966,0.00745278923963216,0.05000366936263607,0.008726726855286448,0.01009084393422813,0.00550234698810034
0.379,0.4834346722403971,0.08404541654693894,0.08694436496504822,0.04965160569513569,0.06036027081267759,0.015099602744885782,0.0322996024727684,0.008688255926182878,0.06807295152818597,0.013490519330277779,0.016029755015730972,0.0074530171764973,0.05009805429855167,0.008733724781927714,0.010083396953835819,0.005514789510958172
0.38,0.4833248940153156,0.08392613725649005,0.08681202444927127,0.049690506023741324,0.06056622915612893,0.015150805263200532,0.03234281309630687,0.008714291610665847,0.06797763839715049,0.013463705136124052,0.01604290395019469,0.007453312170687313,0.050191213839793324,0.008740526574075968,0.010075852048209334,0.005527147012644419
0.381,0.4832143255861924,0.08380786959363398,0.08668100259473041,0.04972945142311578,0.06077092673451154,0.015201807419754696,0.03238520228908086,0.00874019806217133,0.06788375497222435,0.013437548980300607,0.0160563210733351,0.007453673807107698,0.05028315247860409,0.008747133708541362,0.010068212533478676,0.0055394187432170105
0.382,0.48310299434439735,0.08369061305354587,0.0865512906394587,0.049768436776166596,0.060974359524933824,0.015252607695845813,0.032426774957071774,0.008765974729566252,0.06779129337127439,0.01341204519828034,0.016069999918319547,0.007454101671807516,0.05037387479860867,0.008753547667923566,0.010060481690782073,0.00555160396201782
0.383,0.48299092737721505,0.08357436705077961,0.08642287979650497,0.04980745706259507,0.06117652364110228,0.01530320458429822,0.03246753606262904,0.008791621067183047,0.06770024565940208,0.013387188152639376,0.01608393407626142,0.0074545953517735995,0.0504633854731877,0.008759769940400432,0.01005266276610763,0.005563701937920556
0.384,0.4828781514684056,0.08345913092022686,0.08629576125563189,0.04984650735777906,0.061377415332651675,0.015353596589706631,0.03250749062315157,0.008817136534914317,0.06761060385063318,0.013362972232950571,0.016098117196121423,0.007455154434732212,0.050551689263856996,0.008765802019518877,0.010044758970146464,0.0055757119495728385
0.385,0.4827646930988018,0.08334490391806985,0.08616992618498996,0.049885582831657206,0.06157703098446417,0.015403782228678047,0.03254664370977416,0.008842520598307289,0.06752235990958899,0.013339391855676189,0.016112542984605314,0.007455778508958027,0.050638791018651694,0.008771645403987867,0.010036773478157021,0.005587633285632415
0.386,0.48265057844694415,0.08323168522272874,0.0860453657327688,0.04992467874761513,0.061775367115978023,0.015453760030072003,0.03258500044605935,0.00886777272865811,0.0674355057531396,0.013316441464059902,0.01612720520605836,0.007456467163090322,0.05072469567051579,0.008777301597473598,0.010028709429840554,0.005599465244997551
0.387,0.48253583338975153,0.08311947393580281,0.08592207102882456,0.04996379046137355,0.06197242038048573,0.015503528535238996,0.03262256600669466,0.008892892403105894,0.06735003325203891,0.013294115528018121,0.016142097682356353,0.007457219985956251,0.05080940823569699,0.008782772108396748,0.010020569929227462,0.005611207137031553
0.388,0.4824204835032274,0.08300826908300615,0.08580003318628462,0.05000291341987883,0.06216818756442205,0.015553086298257073,0.03265934561619555,0.008917879104726465,0.06726593423254147,0.013272408544030785,0.01615721429279341,0.00745803656640108,0.050892933812147344,0.008788058449731854,0.010012358044574413,0.00562285828178144
0.389,0.48230455406320244,0.08289806961509753,0.08567924330312912,0.05004204316019591,0.062362665586642135,0.015602431886166473,0.03269534454761421,0.0089427323226258,0.06718320047800146,0.01325131503503169,0.01617254897396657,0.0074589164931253065,0.0509752775779298,0.008793162138808777,0.010004076808272064,0.005634418010190789
0.39,0.4821880700461093,0.08278887440880432,0.0855596924637492,0.0500811753084039,0.06255585149768966,0.015651563879202246,0.03273056812125425,0.008967451552033026,0.06710182373045323,0.013230829550298358,0.016188095719657077,0.007459859354528467,0.05105644478963077,0.008798084697116203,0.009995729216763173,0.005645885664306685
0.391,0.4820710561297939,0.08268068226774083,0.08544137174048275,0.05012030557849474,0.0627477424790557,0.01570048087102483,0.03276502170339164,0.008992036294393057,0.06702179569217429,0.013210946665341627,0.016203848580708724,0.007460864738559611,0.0511364407807792,0.008802827650107212,0.009987318230471018,0.005657260597480882
0.392,0.48195353669435725,0.08257349192332068,0.08532427219512696,0.050159429771274716,0.06293833584242789,0.01574918146894842,0.03279871070500187,0.009016486057458683,0.06694310802722975,0.01319166098179489,0.0162198016649029,0.00746193223257425,0.05121527096027199,0.008807392527006845,0.009978846773737834,0.005668542174565077
0.393,0.48183553582303223,0.0824673020356637,0.08520838488042842,0.05019854377326952,0.06312762902893074,0.015797664294167155,0.03283164058049365,0.009040800355382198,0.06686575236299921,0.013172967127303216,0.01623594913683075,0.007463061423197704,0.05129294081080621,0.00881178086062171,0.009970317734773266,0.005679729772100392
0.394,0.48171707730309077,0.08236211119449685,0.0850937008415504,0.05023764355563257,0.06331561960835677,0.01584592798197898,0.0328638168264491,0.009064978708806416,0.0667897202916855,0.013154859755412262,0.016252285217762303,0.007464251896194719,0.05136945588731826,0.008815994187151538,0.009961733965612505,0.005690822778501013
0.395,0.4815981846267838,0.08225791792004945,0.08498021111751766,0.050276725173057174,0.06350230527838907,0.0158939711820072,0.03289524498037088,0.009089020644955112,0.0667150033718057,0.013137333545457146,0.016268804185512607,0.007465503236345263,0.05144482181543017,0.008820034046002739,0.009953098282084079,0.00570182059423204
0.396,0.48147888099231023,0.0821547206639428,0.08486790674263893,0.05031578476269233,0.06368768386381508,0.015941792558419567,0.03292593061943602,0.009112925697722787,0.06664159312966404,0.013120383202451276,0.016285500374304984,0.007466815027326337,0.05151904428990305,0.00882390197960388,0.009944413463787037,0.005712722631981533
0.397,0.4813591893048188,0.08205251781007399,0.08475677874790694,0.05035481854306289,0.0638717533157323,0.015989390790144904,0.03295587935925697,0.009136693407763774,0.06656948106080737,0.013104003456975261,0.01630236817463149,0.007468186851599767,0.05159212907309822,0.008827599533223129,0.009935682254077455,0.005723528316826802
0.398,0.48123913217743647,0.08195130767549393,0.08464681816237618,0.05039382281299353,0.06405451171074553,0.016036764571087145,0.03298509685264967,0.009160323322580557,0.0664986586314625,0.013088189065065866,0.016319402033110435,0.007469618290305762,0.05166408199344578,0.008831128254787567,0.009926907360063972,0.005734237086394905
0.399,0.48111873193232924,0.08185108851128003,0.08453801601451887,0.05043279395053744,0.06423595725015649,0.016083912610336856,0.03301358878840915,0.009183814996611387,0.06642911727995623,0.0130729348081052,0.016336596452341277,0.007471108923162251,0.0517349089439213,0.008834489694704458,0.009918091452612387,0.005744848391017455
0.4,0.4809980106017879,0.08175185850340277,0.0844303633335585,0.05047172841190927,0.06441608825914531,0.016130833632379982,0.03304136089009234,0.00920716799131703,0.06636084841811733,0.013058235492710046,0.016353945990756638,0.007472658328369761,0.05180461588053019,0.00883768540568433,0.00990923716635891,0.005755361693879663
0.401,0.48087698992934497,0.08165361577358694,0.08432385115078189,0.050510622730423,0.06459490318594475,0.016177526377303953,0.03306841891480868,0.009230381875266704,0.0662938434326614,0.0130440859506215,0.016371445262471748,0.007474266082521841,0.05187320882080052,0.008840716942565979,0.00990034709973215,0.0057657764711637255
0.402,0.4807556913709172,0.0815563583801672,0.08421847050082941,0.05054947351543457,0.064772400601007,0.016223989601000962,0.03309476865201836,0.009253456224223112,0.06622809368655777,0.013030481038594931,0.016389088937131195,0.00747593176052084,0.05194069384228404,0.008843585862143292,0.009891423814983518,0.005776092212186527
0.403,0.4806341360959747,0.0814600843189378,0.08411421242296323,0.05058827745128947,0.06494857919616304,0.016270222075368435,0.033120415922338296,0.009276390621226554,0.06616359052037914,0.013017415638290258,0.016406871739753064,0.007477654935498956,0.052007077081065625,0.008846293722993878,0.009882469838225915,0.005786308419531686
0.404,0.480512344988737,0.08136479152399688,0.08401106796231456,0.0506270312962756,0.06512343778377536,0.01631622258850661,0.03314536657635624,0.009299184656678089,0.06610032525363395,0.013004884656162709,0.016424788450570504,0.007479435178744487,0.052072364730281595,0.008848842085309555,0.009873487659480618,0.005796424609176016
0.405,0.48039033864939534,0.08127047786858539,0.08390902817110936,0.05066573188158146,0.06529697529588367,0.016361989944913183,0.03316962649345289,0.009321837928421724,0.06603828918608128,0.012992883023354015,0.01644283390487084,0.007481272059633122,0.052136563038646694,0.008851232510728614,0.009864479732732136,0.005806440310610383
0.406,0.48026813739535745,0.0811771411659198,0.08380808410987241,0.05070437611025959,0.065469190783344,0.016407522965674947,0.03319320158063211,0.009344350041825518,0.06597747359902834,0.01298140569558407,0.016461002992832048,0.007483165145564182,0.05219967830898988,0.00885346656216983,0.009855448475990859,0.005816355066954997
0.40700000000000003,0.4801457612625203,0.08108477917001998,0.08370822684861091,0.050742960956195904,0.06564008341496151,0.016452820488656424,0.03321609777135959,0.00936672060986171,0.06591786975661115,0.012970447653043225,0.016479290659356955,0.007485114001901747,0.052261716896799586,0.0088555458036683,0.00984639627136345,0.005826168435069205
0.40800000000000003,0.48002323000656427,0.08099338957653103,0.08360944746797652,0.05078148346308452,0.06580965247661696,0.0164978813686854,0.03323832102440984,0.00938894925318569,0.0658594689070578,0.012960003900285118,0.016497691903904904,0.007487118191920499,0.05232268520877787,0.008857471800212973,0.00983732546513071,0.005835879985655782
0.40900000000000003,0.4799005631042717,0.0809029700235399,0.08351173706040692,0.05081994074340851,0.06597789737038712,0.01654270447773532,0.033259877322721725,0.009411035600213889,0.06580226228393475,0.012950069466120144,0.016516201780321083,0.007489177276756226,0.0523825897014041,0.008859246117585944,0.009828238367832823,0.005845489303359759
0.41000000000000003,0.47977777975486824,0.0808135180923863,0.08341508673124634,0.05085832997742673,0.06614481761365926,0.016587288705104532,0.03328077267226259,0.0094329792872005,0.0657462411073763,0.012940639403509615,0.01653481539666352,0.0074912908153608754,0.05244143687950811,0.008860870322203448,0.009819137254361817,0.005854995986861841
0.41100000000000003,0.47965489888138624,0.08072503130846823,0.08331948759984587,0.05089664841216662,0.06631041283824017,0.01663163295759231,0.033301013100901194,0.009454779958313023,0.06569139658529695,0.012931708789460618,0.01655352791502777,0.007493458364462032,0.052499233294852996,0.008862345980958567,0.009810024364061079,0.005864399648966446
0.41200000000000003,0.4795319391320503,0.08063750714204207,0.08322493080064289,0.05093489336042337,0.06647468278945945,0.01667573615967162,0.033320604657289324,0.009476437265706598,0.06563771991458715,0.012923272724921626,0.016572334551369333,0.007495679478526759,0.052555985544727644,0.008863674661065609,0.009800901900831773,0.005873699916684387
0.41300000000000003,0.47940891888168424,0.08055094300901722,0.0831314074842207,0.05097306219976538,0.06663762732526768,0.01671959725365859,0.033339553409752504,0.009497950869597123,0.06558520228229242,0.012915326334678907,0.01659123057532387,0.007497953709729674,0.05261170027054927,0.008864857929906192,0.009791772033246035,0.005882896431310276
0.41400000000000003,0.4792858562331376,0.08046533627174524,0.08303890881834743,0.05101115237154613,0.066799246415329,0.016763215199878643,0.033357865445189525,0.009519320438333059,0.06553383486677535,0.01290786476725371,0.016610211310025148,0.0075002806079251545,0.05266638415647575,0.008865897354876919,0.009782636894666748,0.005891988848494627
0.41500000000000004,0.4791627690187339,0.08038068423980364,0.08294742598899543,0.0510491613799228,0.06695954014010945,0.016806588976829268,0.03337554686798126,0.00954054564846601,0.06548360883886176,0.012900883194800336,0.01662927213192091,0.0075026597206236155,0.05272004392802829,0.008866794503238783,0.009773498583373792,0.005900976838310777
0.41600000000000004,0.4790396748017376,0.08029698417077451,0.08285695020134048,0.05108708679088133,0.06711850868995982,0.016849717581339376,0.03339260379890847,0.009561626184819927,0.06543451536296983,0.012894376813005074,0.016648408470586552,0.007505090592971718,0.0527726863507241,0.008867550941968132,0.009764359162696603,0.00590986008531661
0.417,0.47891659087784016,0.08021423327101718,0.08276747268074139,0.05112492623126848,0.06727615236419429,0.016892600028725228,0.033409042374079045,0.00958256174055901,0.06538654559822318,0.012888340840986043,0.016667615808536745,0.007507572767736432,0.05282431822871964,0.008868168237609263,0.009755220661152886,0.005918638288611141
0.418,0.4787935342766654,0.08013242869643637,0.0826789846737,0.051162677387830646,0.06743247157016445,0.01693523535294286,0.033424868743864515,0.009603352017254227,0.06533969069954762,0.012882770521193972,0.016686889681034954,0.007510105785292871,0.05287494640346416,0.008868647956128642,0.009746085072593351,0.005927311161886037
0.419,0.4786705217632923,0.08005156755324438,0.0825914774488018,0.05120033800625975,0.06758746682232909,0.016977622606737068,0.033440089071846,0.009623996724948463,0.06529394181875152,0.012877661119313951,0.016706225675900983,0.007512689183615775,0.05292457775236377,0.008868991662770694,0.009736954356352334,0.0059358784334720685
0.42,0.47854756983979574,0.0799716468987183,0.08250494229763723,0.05123790589024613,0.06774113874131998,0.01701976086178678,0.03345470953376966,0.00964449558222025,0.0652492901055905,0.012873007924168161,0.01672561943331645,0.007515322498274573,0.05297321918745632,0.008869200921915156,0.009727830437404111,0.005944339846380588
0.421,0.4784246947468043,0.0798926637419518,0.08241937053570383,0.051275378900538626,0.0678934880530035,0.017061649208846914,0.03346873631651173,0.009664848316246064,0.06520572670881565,0.012868806247619623,0.016745066645628366,0.007518005262431923,0.05302087765409681,0.008869277296936012,0.009718715206524847,0.0059526951583400494
0.422,0.4783019124650745,0.07981461504460176,0.08233475350328946,0.05131275495401189,0.0680445155875387,0.01710328675788661,0.03348217561705317,0.009685054662861157,0.06516324277720628,0.012865051424476968,0.016764563057150718,0.007520737006845634,0.05306756012965369,0.008869222350061951,0.009709610520459946,0.005960944141827633
0.423,0.47817923871708146,0.07973749772162972,0.08225108256633677,0.05135003202274115,0.06819422227843164,0.017144672638223918,0.033495033641464105,0.009705114366618972,0.0651218294605866,0.012861738812400308,0.01678410446396419,0.007523517259873899,0.053113273622216184,0.00886903764223839,0.009700518202096737,0.005969086584096026
0.424,0.4780566889686248,0.07966130864203798,0.08216834911728894,0.05138720813308421,0.06834260916158638,0.017185805998656763,0.03350731660389797,0.009725027180848998,0.0650814779108269,0.012858863791808124,0.016803686713713992,0.0075263455474837175,0.053158025169312485,0.008868724732990989,0.009691440040642306,0.005977122287195407
0.425,0.47793427843045044,0.07958604462960071,0.08208654457591687,0.05142428136477106,0.06848967737435262,0.017226686007590288,0.03351903072559552,0.009744792867713181,0.06504217928282896,0.01285642176578532,0.01682330570540585,0.007529221393262456,0.05320182183663914,0.008868285180290706,0.009682377791806375,0.0059850510679906824
0.426,0.4778120220598853,0.07951170246358967,0.08200566039012816,0.051461249850001035,0.0686354281545702,0.01726731185316048,0.03353018223389873,0.009764411198260742,0.06500392473549606,0.012854408159992314,0.01684295738920014,0.00753214431843242,0.053244670716801404,0.008867720540420308,0.009673333177989032,0.005992872758174027
0.427,0.4776899345624888,0.07943827887949503,0.08192568803675782,0.0514981117725476,0.06877986283961086,0.017307682743354168,0.033540777361274726,0.00978388195248152,0.06496670543268768,0.01285281842257535,0.01686263776620433,0.007535113841868395,0.053286578928065105,0.008867032367842415,0.009664307888473285,0.006000587204272791
0.428,0.4775680303937158,0.07936577056974105,0.081846619022341,0.05153486536687085,0.06892298286541688,0.01734779790612519,0.03355082234434962,0.009803204919357714,0.06493051254415881,0.0128516480240779,0.01688234288826358,0.00753812948011803,0.05332755361311959,0.00886622221506899,0.00965530357962217,0.006008194267652829
0.429,0.47744632376059354,0.07929417418439637,0.08176844488386785,0.05157150891723772,0.06906478976553732,0.017387656589506886,0.03356032342295245,0.00982237989691406,0.06489533724648412,0.01285089245735323,0.01690206885774962,0.007541190747424996,0.05336760193785207,0.00886529163253228,0.009646321875080374,0.0060156938245172695
0.43,0.4773248286234115,0.07922348633187962,0.08169115718952061,0.051608040756850104,0.06920528517016174,0.017427258061720793,0.03356928683916925,0.009841406692266422,0.06486117072396705,0.012850547237478192,0.016921811827347998,0.007544297155754849,0.05340673109013354,0.008864242168457243,0.009637364365980226,0.006023085765900837
0.431,0.47720355869742415,0.0791537035796599,0.08161474753939334,0.05164445926698089,0.06934447080515152,0.017466601611281597,0.03357771883640733,0.009860285121668793,0.06482800416953396,0.012850607901668174,0.01694156799984356,0.007547448214823502,0.05344494827861611,0.008863075368735386,0.009628432611151901,0.0060303699976597454
0.432,0.477082527454564,0.07908482245495216,0.08153920756619412,0.051680762876117836,0.06948234849106906,0.017505686547098293,0.03358562565846969,0.009879015010558663,0.06479582878561352,0.012851070009193248,0.016961333627904376,0.007550643432128211,0.05348226073154186,0.008861792776800048,0.009619528137337722,0.006037546440457223
0.433,0.4769617481251672,0.07901683944540752,0.08146452893593005,0.05171695005911543,0.06961892014220492,0.017544512198571473,0.03359301354863962,0.009897596193600759,0.06476463578500108,0.012851929141295538,0.01698110501386397,0.007553882312981013,0.05351867569556334,0.008860395933503075,0.009610652439410413,0.006044615029744726
0.434,0.47684123369971004,0.07894975099979883,0.08139070334857529,0.05175301933635497,0.06975418776560316,0.017583077915686907,0.03359988874877575,0.009916028514729157,0.0647344163917088,0.012853180901107823,0.017000878509502014,0.007557164360544543,0.053554200434575754,0.008858886376992935,0.009601806980595238,0.0060515757157389135
0.435,0.47672099693055553,0.07888355352870112,0.08131772253872226,0.05178896927291253,0.06988815346008487,0.01762138306910521,0.03360625749841737,0.009934311827187745,0.06470516184180089,0.012854820913573371,0.01702065051582345,0.007560489075870135,0.0535888422285609,0.00885726564259421,0.00959299319269581,0.006058428463394421
0.436,0.476601050333711,0.07881824340516733,0.08124557827621595,0.05182479847773531,0.07002081941527022,0.017659427050247714,0.03361212603390003,0.009952445993569023,0.0646768633842148,0.012856844825367003,0.01704041748283608,0.007563855957938134,0.05362260837244283,0.008855535262688483,0.009584212476323526,0.006065173252372521
0.437,0.4764814061905933,0.0787538169653988,0.08117426236677178,0.051860505602825825,0.07015218791059895,0.01769720927137849,0.033617500587481565,0.009970430885851209,0.0646495122815677,0.012859248304817397,0.01706017590932656,0.007567264503700332,0.05365550617495526,0.008853696766596574,0.009575466201130433,0.00607181007700567
0.438,0.4763620765498061,0.07869027050941128,0.0811037666525772,0.05189608934243469,0.07028226131434967,0.01773472916568252,0.03362238738647868,0.009988266385433717,0.06462309981094923,0.01286202704183068,0.01707992234263508,0.00757071420812449,0.05368754295752096,0.008851751680462192,0.009566755706045496,0.006078338946258076
0.439,0.4762430732289232,0.0786276003016958,0.08103408301287678,0.05193154843226134,0.07041104208265796,0.01777198618733998,0.033626792652413744,0.010005952383170893,0.06459761726469976,0.012865176747815227,0.01709965337842842,0.007574204564240814,0.053718726053142964,0.008849701527136884,0.00955808229951404,0.006084759883682297
0.44,0.4761244078162821,0.07856580257187484,0.08096520336454169,0.05196688164866328,0.07053853275853358,0.017808979811596726,0.03363072260017229,0.0100234887794041,0.06457305595117514,0.01286869315560778,0.017119365660471664,0.007577735063190376,0.0537490628053077,0.008847547826066386,0.009549447259740326,0.006091072927371948
0.441,0.4760060916727854,0.07850487351535382,0.08089711966262289,0.05200208780787352,0.07066473597087668,0.017845709534830872,0.033634183437170895,0.010040875483992092,0.06454940719549722,0.012872572019400782,0.01713905588039849,0.007581305194275353,0.05377856056690012,0.00884529209317828,0.009540851834933133,0.006097278129910567
0.442,0.4758881359337081,0.07844480929396741,0.08082982390088876,0.05203716576522637,0.07078965443349315,0.017882174874615464,0.03363718136253557,0.010058112416339639,0.06452666234029077,0.012876809114670993,0.017158720777480038,0.007584914445011028,0.05380722669913074,0.008842935840770972,0.009532297243554174,0.0061033755583167065
0.443,0.47577055151051456,0.07838560603662174,0.0807633081123474,0.052072114414391704,0.07091329094410993,0.01791837536977739,0.03363972256629081,0.010075199505424518,0.064504812746407,0.012881400238109412,0.01717835713839249,0.007588562301179516,0.05383506857047485,0.008840480577404013,0.009523784674569317,0.006109365293985333
0.444,0.4756533490926798,0.0783272598399312,0.08069756436975314,0.05210693268661745,0.07103564838338916,0.017954310580452305,0.033641813228559005,0.0100921366898227,0.06448384979363332,0.012886341207552401,0.017197961796983227,0.00759224824688509,0.05386209355562356,0.008837927807789706,0.009515315287702417,0.006115247432625536
0.445,0.4755365391495188,0.07826976676885095,0.08063258478609826,0.0521416195499807,0.07115672971394243,0.017989980088135762,0.03364345951877065,0.010108923917731893,0.06446376488138986,0.012891627861914135,0.01721753163403576,0.007595971764611081,0.053888309034447086,0.008835279032686038,0.0095068902136917,0.006121022084194687
0.446,0.4754201319320217,0.07821312285730474,0.08056836151508948,0.052176174008647144,0.07127653797934495,0.01802538349573047,0.033644667594885,0.010125561146993306,0.06444454942941281,0.012897256061120318,0.01723706357703333,0.0075997323352782805,0.05391372239097011,0.008832535748790884,0.009498510554548582,0.006126689372829053
0.447,0.4753041374746927,0.07815732410880775,0.08050488675160941,0.05221059510213887,0.07139507630314908,0.01806052042758962,0.033645443602621304,0.010142048345111693,0.06442619487842437,0.012903221686043105,0.017256554599921245,0.007603529438304724,0.053938341012358997,0.008829699448637502,0.009490177383818762,0.0061322494367709295
0.448,0.47518856559739725,0.07810236649708532,0.08044215273216382,0.052244881904610914,0.0715123478878986,0.01809539052955646,0.03364579367470076,0.010158385489273704,0.06440869269079004,0.012909520638437382,0.017276001722867997,0.007607362551666902,0.05396217228792158,0.008826771620491312,0.00948189174684558,0.006137702428292407
0.449,0.4750734259072114,0.07804824596668654,0.08038015173531382,0.05227903352413595,0.07162835601414277,0.018129993468999902,0.033645723930098986,0.010174572566364445,0.06439203435116275,0.012916148840878224,0.01729540201202514,0.007611231151962206,0.0539852236081186,0.00882375374824792,0.009473654661035422,0.006143048513615759
0.45,0.47495872780027726,0.07799495843359368,0.08031887608209412,0.05231304910199776,0.07174310403945086,0.018164328934846388,0.033645240473309156,0.010190609572982361,0.06437621136711429,0.012923102236699676,0.017314752579286018,0.007615134714472649,0.054007502363587645,0.008820647311332436,0.009465467116125156,0.006148287872830581
0.451,0.4748444804636609,0.0779424997858267,0.08025831813641672,0.052346927811992953,0.07185659539742706,0.018198396637607826,0.033644349393615706,0.010206496515452336,0.06436121526975415,0.012930376789934726,0.01733405058204326,0.0076190727132297255,0.05402901594417899,0.008817453784600002,0.00945733007445143,0.0061534206998076855
0.452,0.4747306928772161,0.07789086588404348,0.08019847030546093,0.05238066885974135,0.07196883359672594,0.018232196309405715,0.03364305676437866,0.010222233409837083,0.0643470376143357,0.012937968485256577,0.01735329322294519,0.007623044621080392,0.05404977173800371,0.00881417463823759,0.009449244471221783,0.006158447202109871
0.453,0.4746173738154501,0.07784005256213558,0.08013932504004938,0.052414271482004886,0.07207982222006876,0.018265727703991506,0.033641368642328674,0.010237820281946825,0.0643336699808501,0.012945873327921149,0.01737247774965107,0.007627049909754112,0.054069777130493955,0.008810811337667052,0.009441211214787441,0.006163367600899595
0.454,0.474504531849392,0.07779005562781917,0.0800808748350103,0.05244773494601484,0.07218956492326029,0.018298990596763032,0.03363929106687258,0.010253257167347178,0.06432110397460773,0.012954087343710782,0.017391601454585286,0.007631088049930856,0.05408903950347532,0.008807365343449348,0.009433231186917683,0.006168182130843594
0.455,0.4743921753484657,0.07774087086322184,0.0800231122295264,0.05248105854880778,0.07229806543420697,0.01833198478477727,0.03363683005940958,0.010268544111365374,0.06430933122680771,0.01296260657887923,0.01741066167469041,0.007635158511310061,0.05410756623425145,0.008803838111190053,0.009425305243075712,0.006172891040014586
0.456,0.47428031248236246,0.07769249402546476,0.07996602980747043,0.05251424161656985,0.0724053275519357,0.018364710086759183,0.03363399162265802,0.010283681169094703,0.06429834339509499,0.012971427100097806,0.017429655791179204,0.00763926076268044,0.0541253646947006,0.008800231091446023,0.009417434212695915,0.006177494589790028
0.457,0.47416895122291824,0.07764492084724052,0.07990962019772732,0.05254728350398962,0.07251135514561399,0.018397166343106865,0.03363078173999281,0.010298668405397258,0.06428813216410592,0.012980544994402793,0.017448581229285654,0.007643394271990625,0.054142442250384636,0.008796545729633329,0.009409618899462424,0.006181993054748063
0.458,0.4740580993459907,0.0775981470373866,0.0798538760745037,0.052580183593619434,0.0726161521535715,0.018429353415892896,0.03362720637479336,0.01031350589490495,0.06427868924600173,0.012989956369144037,0.017467435458014925,0.007647558506420561,0.05415880625966989,0.008792783465936338,0.009401860081588873,0.006186386722560685
0.459,0.4739477644333384,0.07755216828145425,0.07979879015762417,0.05261294129524514,0.07271972258232261,0.018461271188861924,0.03362327146980212,0.010328193722018791,0.06427000638099029,0.01299965735193473,0.01748621598989233,0.007651752932453602,0.054174464072860265,0.008788945735218016,0.009394158512099265,0.006190675893884187
0.46,0.47383795387450106,0.07750698024227337,0.07974435521281531,0.05264555604526443,0.07282207050559085,0.018492919567424562,0.03361898294649366,0.010342731980906503,0.06426207533783652,0.013009644090602387,0.01750492038071138,0.007655977015949268,0.054189423031342464,0.008785033966931413,0.009386514919109879,0.0061948608822469655
0.461,0.4737286748686799,0.07746257856051268,0.07969056405197684,0.05267802730607354,0.07292320006333479,0.01852429847864751,0.03361434670445433,0.010357120775498363,0.06425488791436122,0.013019912753140985,0.017523546229280824,0.007660230222216598,0.05420369046674328,0.008781049585032326,0.009378930006112073,0.006198942013934742
0.462,0.47361993442661904,0.07741895885523582,0.0796374095334407,0.05271035456546234,0.07302311546077556,0.018555407871240003,0.03360936862077234,0.010371360219481382,0.06424843593792845,0.013030459527664282,0.017542091177170812,0.007664512016088044,0.05421727370009889,0.008776994007893143,0.009371404452255955,0.006202919627873249
0.463,0.4735117393724865,0.07737611672445312,0.07958488456221771,0.052742537336017976,0.07312182096742628,0.01858624771553657,0.033604054549438454,0.010385450436291776,0.06424271126592193,0.013041280622360252,0.01756055290845812,0.007668821861993876,0.054230180041036365,0.008772868648217844,0.00936393891263479,0.006206794075508474
0.464,0.47340409634575514,0.07733404774566902,0.07953298209023248,0.05277457515453681,0.07321932091612345,0.01861681800347614,0.033598410320757104,0.01039939155910574,0.06423770578621009,0.013052372265446706,0.017578929149470502,0.007673159224037011,0.05424241678696705,0.008768674912958175,0.00935653401857009,0.006210565720684483
0.465,0.47329701180308326,0.0772927474764254,0.07948169511654621,0.05280646758144475,0.07331561970206024,0.01864711874857746,0.033592441740767934,0.010413183730828548,0.0642334114176004,0.013063730705127997,0.017597217668530167,0.007677523566068268,0.05425399122229207,0.008764414203230977,0.009349190377897278,0.00621423493951893
0.466,0.47319049202019386,0.0772522114548405,0.07943101668756819,0.05283821420022598,0.07341072178182204,0.01867714998591095,0.03358615459067784,0.010426827104081968,0.06422982011028269,0.01307535220955285,0.01761541627569646,0.007681914351761952,0.05426491061761977,0.008760087914236657,0.00934190857525186,0.006217802120276276
0.467,0.47308454309375314,0.07721243520014388,0.07938093989725538,0.05286981461686002,0.07350463167242409,0.0187069117720669,0.03357955462630339,0.010440321841190007,0.06422692384626179,0.013087233066773311,0.017633522822507654,0.00768633104469175,0.05427518222899513,0.008755697435178818,0.009334689172356003,0.00622126766323881
0.468,0.4729791709432472,0.07717341421320684,0.07933145788730081,0.052901268459267,0.07359735395035161,0.018736404185120084,0.03357264757752354,0.010453668114162987,0.06422471463977941,0.013099369584704739,0.01765153520172197,0.007690773108406876,0.05428481329714105,0.008751244149184998,0.009327532708305459,0.006224631980575506
0.46900000000000003,0.4728743813128578,0.07713514397706905,0.07928256384731099,0.052932575376761354,0.07368889325060218,0.01876562732459088,0.03356543914774285,0.010466866104679994,0.06422318453772582,0.013111758091086919,0.017669451347057837,0.007695240006508441,0.054293811046711674,0.008746729433228588,0.009320439699856756,0.006227895496208803
0.47000000000000003,0.47277017977333546,0.07709761995746095,0.07923425101497197,0.0529637350395137,0.07377925426573083,0.018794581311402773,0.03355793501336493,0.010479916004069657,0.06422232562004088,0.013124394933446202,0.01768726923293337,0.007699731202725986,0.0543021826855575,0.00874215465805184,0.009313410641714563,0.006231058645679364
0.47100000000000003,0.4726665717238702,0.07706083760332176,0.07918651267620476,0.05299474713802091,0.07386844174489746,0.018823266287836395,0.03355014082327611,0.010492818013289293,0.06422213000010489,0.013137276479058662,0.01770498687420509,0.007704246160994121,0.054309935404002196,0.008737521188090012,0.009306446006819158,0.006234121876008843
0.47200000000000003,0.4725635623939607,0.07702479234731377,0.07913934216530995,0.053025611382584444,0.07395646049291733,0.018851682417480056,0.03354206219833952,0.010505572342902458,0.06422258982511939,0.013150399114914354,0.017722602325905973,0.0077087843455292855,0.054317076374131516,0.008732830381396628,0.009299546246633938,0.006237085645560781
0.47300000000000003,0.4724611568452789,0.07698947960633236,0.07909273286510178,0.05305632750279674,0.074043315369314,0.018879829885176797,0.03353370473089921,0.01051817921305484,0.06422369727647778,0.013163759247682488,0.01774011368298274,0.0077133452209065005,0.05432361274909361,0.00872808358956985,0.009292711791432876,0.006239950423899628
0.47400000000000003,0.47235935997353395,0.07695489478201196,0.07904667820703197,0.053086895247035845,0.07412901128737533,0.018907708896968075,0.033525073984294544,0.010530638853448585,0.06422544457012622,0.013177353303677667,0.017757519080032532,0.00771792825213616,0.054329551662411345,0.00872328215767996,0.009285943050587865,0.006242716691648008
0.47500000000000003,0.4722581765103307,0.07692103326122812,0.0790011716713032,0.05311731438196809,0.07421355321321256,0.018935319680033955,0.0335161754923848,0.010542951503315008,0.06422782395691454,0.01319117772882708,0.01777481669103886,0.007722532904740767,0.05433490022730624,0.008718427424197941,0.009279240412855893,0.006245384940342239
0.47600000000000003,0.4721576110250259,0.07688789041659527,0.07895620678697257,0.05314758469205873,0.07429694616482219,0.018962662482629983,0.033507014759083686,0.010555117411385737,0.06423082772293759,0.013205228988638648,0.017792004729106966,0.007727158644831589,0.0543396655360339,0.008713520720925148,0.009272604246665931,0.006247955672286203
0.47700000000000004,0.4720576679265799,0.07685546160696086,0.0789117771320451,0.05317770597909069,0.07437919521115116,0.018989737574020647,0.03349759725790407,0.010567136835862277,0.06423444818986712,0.013219503568170103,0.01780908144619851,0.007731804939185192,0.05434385465923115,0.008708563372924085,0.009266034900405527,0.006250429400403601
0.47800000000000004,0.4719583514654048,0.07682374217789519,0.07886787633355764,0.053207678061691334,0.07446030547116532,0.019016545244409603,0.03348792843151272,0.01057901004438404,0.06423867771527397,0.013233997971999038,0.01782604513286574,0.007736471255319845,0.054347474645274785,0.008703556698450266,0.009259532702707013,0.006252806648088675
0.47900000000000004,0.47185966573520816,0.07679272746217754,0.07882449806765299,0.05323750077486697,0.07454028211292105,0.019043085804866505,0.03347801369129489,0.010590737313994783,0.06424350869294122,0.01324870872419381,0.017842894117984984,0.0077411570615716985,0.05435053251965163,0.008698502008885145,0.009253097962733214,0.006255087949055431
0.48,0.4717616146748318,0.0767624127802782,0.0787816360596447,0.053267173969545424,0.07461913035264035,0.019069359587250617,0.03346785841692899,0.010602318931107574,0.06424893355316791,0.013263632368285363,0.01785962676848964,0.007745861827170767,0.05435303528434021,0.00869340060867014,0.009246730970462691,0.0062572738471854406
0.481,0.47166420207008675,0.0767327934408367,0.07873928408407266,0.05329669751212642,0.07469685545378958,0.019095366944131238,0.03345746795597109,0.010613755191468203,0.06425494476306384,0.013278765467239944,0.01787624148910262,0.007750585022316644,0.05435498991720382,0.008688253795241734,0.009240431996974375,0.006259364896374277
0.482,0.471567431555582,0.07670386474113594,0.07869743596474942,0.05332607128403965,0.07477346272616134,0.01912110824870481,0.033446847623449176,0.01062504640011709,0.06426153482683522,0.013294104603432604,0.017892736722068252,0.007755326118253908,0.05435640337139477,0.008683062858967614,0.00923420129473155,0.006261361660376625
0.483,0.47147130661654935,0.0766756219675727,0.0786560855747975,0.05335529518131071,0.0748489575249604,0.019146583894708972,0.03343600270146735,0.010636192871349717,0.06426869628606156,0.013309646378621608,0.017909110946883692,0.007760084587347226,0.05435728257477014,0.008677829083083916,0.009228039097865152,0.006263264712650151
0.484,0.47137583059066157,0.07664806039612412,0.07861522683667813,0.05338436911413473,0.07492334524989308,0.019171794296333377,0.033424938438819614,0.010647194928675581,0.06427642171996382,0.013325387413923624,0.017925362680029828,0.007764859903156076,0.054357634429318624,0.008672553743633505,0.009221945622456283,0.006265074636198158
0.485,0.4712810066698462,0.07662117529281044,0.07857485372221104,0.05341329300645762,0.07499663134426057,0.01919673988812749,0.03341366005061346,0.010658052904775667,0.06428470374566392,0.013341324349789716,0.017941490474701758,0.0077696515405091,0.05435746581059868,0.008667238109405315,0.009215921066817923,0.0062667920234111205
0.486,0.47118683790209265,0.07659496191415378,0.07853496025258598,0.053442066795565,0.07506882129405598,0.019221421124905255,0.033402172717903064,0.010668767141458512,0.06429353501843559,0.01335745384598212,0.0179574929205388,0.007774458975578028,0.054356783567187726,0.008661883441874752,0.009209965611775757,0.006268417475907116
0.487,0.4710933271932532,0.07656941550763324,0.07849554049836556,0.05347069043167851,0.07513992062706527,0.01924583848164672,0.033390481587331995,0.010679337989614795,0.06430290823194695,0.013373772581551755,0.017973368643354058,0.0077792816859511395,0.05435559452014237,0.008656490995145127,0.009204079420948063,0.006269951604371223
0.488,0.47100047730883865,0.07654453131213612,0.07845658857948021,0.05349916387755985,0.07520993491197252,0.01926999245339671,0.03337859177078557,0.010689765809170533,0.06431281611849482,0.01339027725481653,0.017989116304863634,0.007784119150706278,0.0543539054624698,0.008651062015890153,0.009198262641024624,0.0062713950283939755
0.489,0.47090829087580666,0.07652030455840549,0.07841809866521478,0.053527487108122114,0.07527886975746864,0.01929388355516045,0.033366508345052615,0.010700050969038878,0.06432325144923062,0.01340696458334029,0.018004734602415372,0.007788970850483322,0.05435172315860995,0.008645597743297453,0.009192515402044582,0.006272748376308841
0.49,0.47081677038434355,0.07649673046948383,0.07838006497418737,0.05355566011004861,0.07534673081136482,0.01931751232179632,0.033354236351496626,0.010710193847070525,0.06433420703437842,0.013423831303912528,0.0180202222687173,0.007793836267556148,0.0543490543439287,0.00864009940901314,0.009186837817673219,0.006274012285028892
0.491,0.47072591818964,0.07647380426115316,0.0783424817743204,0.05358368288141902,0.07541352375970997,0.019340879307905706,0.03334178079573638,0.010720194830002755,0.06434567572344485,0.013440874172528766,0.018035578071565705,0.0077987148859040385,0.054345905724221856,0.008634568237087404,0.009181229985477601,0.006275187399882629
0.492,0.47063573651365853,0.07645152114237111,0.07830534338280383,0.05361155543134272,0.07547925432591211,0.0193639850877199,0.033329146647335745,0.010730054313407107,0.06435765040542121,0.013458089964371549,0.018050800813572822,0.007803606191282466,0.05434228397522974,0.008629005443921133,0.009175691987200996,0.006276274374449048
0.493,0.4705462274468958,0.07642987631570379,0.07826864416605119,0.053639277779599606,0.07554392826986467,0.01938683025498433,0.03331633883950282,0.01073977270163576,0.06437012400897797,0.013475475473792154,0.01806588933189432,0.0078085096712933195,0.05433819574216285,0.008623412238213559,0.009170223889036096,0.00627727387039202
0.494,0.47045739295013456,0.07640886497775444,0.07823237853964787,0.053666849956287795,0.0756075513870766,0.019409415422839818,0.03330336226879821,0.010749350407766535,0.06438308950265119,0.013493027514292844,0.018080842497956356,0.00781342481545445,0.05433364763923765,0.008617789820910925,0.009164825741896922,0.006278186557293987
0.495,0.4703692348561913,0.07638848231958874,0.07819654096829266,0.053694272001478645,0.07567012950780735,0.01943174122370123,0.03329022179485246,0.010758787853546652,0.0643965398950219,0.01351074291850977,0.018095659217182463,0.007818351115268591,0.05432864624922338,0.008612139385156165,0.00915949758168941,0.0062790131124890874
0.496,0.47028175487165447,0.07636872352715648,0.07816112596573185,0.053721543964878854,0.07573166849620613,0.019453808309133364,0.03327692224009259,0.010768085469335182,0.06441046823488786,0.013528618538196448,0.018110338428720153,0.007823288064291584,0.05432319812299916,0.008606462116239617,0.009154239429580638,0.006279754220895712
0.497,0.47019495457861377,0.07634958378170927,0.07812612809468643,0.05374866590549933,0.07579217424945578,0.01947561734972408,0.03326346838947745,0.010777243694044203,0.0644248676114276,0.013546651244207765,0.0181248791051672,0.00782823515819989,0.0543173097791214,0.008600759191550693,0.009149051292266586,0.006280410574848549
0.498,0.4701088354363846,0.07633105826021509,0.07809154196677276,0.05377563789133131,0.07585165269692129,0.01949716903495493,0.03324986499024223,0.010786262975078773,0.06443973115435796,0.013564837926484545,0.018139280252297846,0.007833191894857405,0.054310987703401814,0.008595031780530624,0.009143933162238492,0.006280982873930212
0.499,0.4700233987832215,0.07631314213576894,0.07805736224241623,0.05380245999902917,0.07591010979930293,0.01951846407306908,0.033236116751651806,0.010795143768275612,0.06445505203408394,0.013583175494038634,0.018153540908788665,0.007838157774381514,0.054304238348495584,0.008589281044626158,0.009138885018047677,0.006281471824802439
0.5,0.4699386458380243,0.07629583057799984,0.07802358363075869,0.0538291323136001,0.07596755154779423,0.019539503190936718,0.03322222834476275,0.010803886537840606,0.06447082346184171,0.013601660874938474,0.01816766014594435,0.007843132299208378,0.05429706813349973,0.00858350813724427,0.009133906824568813,0.006281878141036951
0.501,0.46985457770203604,0.07627911875347455,0.0779902008895593,0.05385565492810054,0.07602398396324464,0.019560287133917918,0.03320820440219425,0.010812491756285104,0.06448703868983474,0.013620291016295152,0.018181637067423248,0.007848114974157442,0.05428948344356163,0.008577714203707874,0.009128998533261651,0.0062822025429460065
0.502,0.46977119536053163,0.0762630018260974,0.07795720882508914,0.05388202794333936,0.07607941309532701,0.01958081666572303,0.03319404951790758,0.010820959904361044,0.06450369101136298,0.013639062884248907,0.0181954708089628,0.00785310530649515,0.0542814906294977,0.008571900381212508,0.009124160082431089,0.006282445757412705
0.503,0.4696884996844985,0.0762474749575069,0.07792460229201985,0.05390825146758761,0.07613384502171007,0.019601092568270626,0.03317976824699432,0.010829291470994925,0.06452077376094567,0.013657973463956074,0.01820916053810485,0.007858102805997842,0.05427309600742191,0.008566067798784039,0.009119391397485622,0.006282608517721079
0.504,0.469606491432308,0.07623253330746863,0.07789237619330612,0.05393432561629495,0.07618728584723576,0.019621115641543053,0.03316536510547299,0.010837486953220642,0.06453828031443694,0.013677019759576444,0.018222705453920823,0.00786310698501379,0.054264305858384404,0.008560217577237322,0.009114692391194081,0.006282691563386032
0.505,0.46952517125137727,0.07621817203426447,0.07786052548006235,0.05396025051181235,0.07623974170310151,0.01964088670343958,0.03315084457009418,0.010845546856111183,0.06455620408913548,0.013696198794261004,0.0182361047867368,0.007868117358524407,0.054255126428019725,0.008554350829135846,0.00911006296394065,0.006282695639983155
0.506,0.4694445396798229,0.07620438629507881,0.0778290451514336,0.053986026283121595,0.0762912187460476,0.019660406589627276,0.0331362110781542,0.010853471692709268,0.0645745385438875,0.013715507610140074,0.018249357797858565,0.007873133444204589,0.05424556392620505,0.00854846865875237,0.009105503003978131,0.006282621498978481
0.507,0.46936459714810475,0.07619117124638075,0.07779793025446091,0.05401165306557079,0.07634172315754963,0.019679676153389565,0.03312146902731685,0.010861261983956861,0.0645932771791834,0.013734943268311756,0.018262463779296526,0.007878154762482145,0.05423562452672792,0.008542572162030516,0.009101012387679415,0.006282469897558217
0.508,0.46928534398066046,0.07617852204430313,0.0777671758839412,0.05403713100061651,0.07639126114301596,0.019698696265472555,0.033106622775443725,0.010868918258623654,0.06461241353724821,0.013754502848830768,0.018275422053490666,0.007883180836596367,0.054225314366963755,0.00853666242654735,0.009096590979787135,0.006282241598458501
0.509,0.4692067803975304,0.0761664338450181,0.07773677718228177,0.054062460235571964,0.07643983893099057,0.019717467813929187,0.033091676640432485,0.0108764410532345,0.06463194120212602,0.013774183450697546,0.018288231973035425,0.007888211192655667,0.05421463954756274,0.008530740531476918,0.009092238633661475,0.006281937369795217
0.51,0.46912890651597283,0.0761549018051091,0.0777067293393495,0.05408764092336143,0.0764874627723608,0.019735991703961165,0.033076634900063344,0.010883830911995828,0.06465185379975828,0.01379398219184765,0.018300892920404595,0.007893245359694294,0.05420360613214622,0.00852480754755475,0.009087955191526085,0.006281557984893924
0.511,0.4690517223520702,0.0761439210819396,0.07767702759231519,0.054112673222280895,0.07653413893957071,0.019754268857758866,0.03306150179185362,0.010891088386721046,0.06467214499805618,0.013813896209141465,0.01831340430767624,0.007898282869728109,0.05419222014701259,0.008518864537043327,0.009083740484712104,0.006281104222119956
0.512,0.46897522782232365,0.07613348683401817,0.07764766722549248,0.054137557295764485,0.07657987372583921,0.019772300214339036,0.0330462815129202,0.010898214036754962,0.06469280850696711,0.013833922658354087,0.01832576557625761,0.007903323257809411,0.05418048758085217,0.008512912553698487,0.009079594333900225,0.006280576864708675
0.513,0.46889942274524016,0.07612359422136053,0.07761864357017241,0.05416229331215721,0.07662467344438408,0.019790086729380624,0.03303097821985003,0.010905208428897277,0.06471383807853569,0.013854058714165524,0.018337976196610158,0.007908366062080834,0.054168414384471716,0.008506952642736824,0.009075516549360842,0.00627997670059601
0.514,0.4688243068429075,0.07611423840584776,0.07758995200445294,0.05418688144449334,0.07666854442765098,0.019807629375058464,0.03301559602857827,0.010912072137325077,0.06473522750695868,0.013874301570151043,0.018350035667974583,0.007913410823828218,0.05415600647052767,0.008500985840803992,0.009071506931192158,0.006279304522249241
0.515,0.4687498797425598,0.07610541455158157,0.07756158795306381,0.05421132187028082,0.07671149302654795,0.019824929139875096,0.033000139014274364,0.010918805743514469,0.06475697062863471,0.013894648438771732,0.01836194351809598,0.007918457087532547,0.054143269713268695,0.008495013175943983,0.00906756526955633,0.006278561126498113
0.516,0.468676140978133,0.07609711782523587,0.07753354688718704,0.05423561477129131,0.07675352560968535,0.019841987028490663,0.03298461121123566,0.010925409836161259,0.06477906132220843,0.013915096551365216,0.018373699302949076,0.00792350440092086,0.05413020994828706,0.008489035667569342,0.009063691344913553,0.006277747314366311
0.517,0.4686030899918098,0.07608934339640527,0.07750582432427303,0.054259760333356104,0.07679464856262126,0.019858804061550935,0.032969016612788754,0.010931885011100786,0.0648014935086091,0.013935643158136559,0.0183853026064636,0.007928552315016199,0.054116832972279,0.008483054326432326,0.0090598849282541,0.006276863890903333
0.518,0.46853072613555374,0.07608208643794996,0.07747841582785218,0.054283758746167476,0.07683486828711239,0.01987538127551352,0.03295335917119829,0.010938231871226873,0.06482426115108415,0.013956285528149245,0.018396753040249784,0.00793360038418651,0.054103144542813765,0.008477070154596984,0.009056145781328276,0.006275911665016792
0.519,0.46845904867263405,0.0760753421263376,0.07745131700734277,0.05430761020308585,0.07687419120037046,0.019891719722472282,0.03293764279758322,0.010944451026409967,0.06484735825522754,0.013977020949316321,0.01840805024332404,0.00793864816619257,0.05408915037811153,0.0084710841454122,0.009052473656874305,0.006274891449305206
0.52,0.4683880567791381,0.07606910564198159,0.07742452351785424,0.05433131490095223,0.07691262373432425,0.01990782046998004,0.032921871361840487,0.010950543093414422,0.06487077886900271,0.013997846728391576,0.018419193881834755,0.007943695222234853,0.05407485615682976,0.008465097283485625,0.009048868298844066,0.0062738040598912925
0.521,0.46831774954547434,0.0760633721695763,0.07739803105998692,0.05435487303990621,0.07695017233488706,0.019923684600869546,0.03290604869257595,0.010956508695815008,0.06489451708276076,0.014018760190960834,0.018430183648788345,0.00794874111699938,0.054060267517858265,0.008459110544658578,0.009045329442626702,0.006272650316255809
0.522,0.46824812597786447,0.07605813689842879,0.07737183537962787,0.05437828482320932,0.07698684346122996,0.019939313213072813,0.03289017857704262,0.010962348463912627,0.06491856702925365,0.014039758681433298,0.018441019263775456,0.00795378541870254,0.05404539006012264,0.00845312489598184,0.009041856815270106,0.006271431041071989
0.523,0.46817918499982425,0.07605339502278738,0.07734593226774283,0.05440155045707363,0.07702264358506057,0.019954707419438902,0.032874264761085965,0.0109680630346493,0.06494292288364253,0.01406083956303289,0.01845170047269743,0.00795882769913486,0.05403022934239612,0.008447141295692377,0.009038450135700198,0.006270147060040594
0.524,0.4681109254536339,0.07604914174216719,0.07732031756016479,0.05442467015049567,0.07705757918990766,0.01996986834755003,0.03285831094909634,0.010973653051522375,0.06496757886350132,0.014082000217789662,0.01846222704749302,0.00796386753370374,0.054014790883119744,0.008441160693190992,0.00903510911493806,0.00626879920172563
0.525,0.46804334610179643,0.07604537226167178,0.07729498713737876,0.05444764411509534,0.07709165677041112,0.01998479713953622,0.032842320803968324,0.010979119164498036,0.06499252922881539,0.014103238046531123,0.018472598785865275,0.007968904501475103,0.053999080160230604,0.00843518402902085,0.009031833456314826,0.00626738829739073
0.526,0.46797644562848734,0.0760420817923124,0.07726993692430358,0.054470472564960085,0.07712488283161811,0.019999494951888505,0.03282629794706715,0.010984462029924142,0.06501776828197611,0.014124550468873644,0.01848281551100887,0.007973938185214031,0.05398310261099845,0.008429212234846979,0.009028622855684398,0.006265915180836303
0.527,0.46791022264099,0.07603926555132323,0.07724516289006982,0.05449315571649395,0.07715726388828448,0.02001396295527059,0.032810245958201756,0.010989682310442334,0.06504329036777037,0.014145934923213723,0.01849287707133752,0.007978968171424308,0.05396686363187002,0.008423246233436604,0.009025477001633926,0.006264380688237402
0.528,0.46784467567112276,0.0760369187624741,0.07722066104779511,0.054515693788271674,0.07718880646418229,0.02002820233432923,0.032794168375604775,0.010994780674899549,0.06506908987336596,0.014167388866719253,0.018502783340211902,0.007983994050386918,0.05395036857832159,0.008417286938640432,0.009022395575692031,0.006262785657982405
0.529,0.4677798031766529,0.07603503665637949,0.07719642745435598,0.054538087000897635,0.07721951709141299,0.02004221428750317,0.03277806869591911,0.010999757798258852,0.06509516122829255,0.014188909775320703,0.01851253421566776,0.007989015416197474,0.05393362276471927,0.00841133525537482,0.009019378252534804,0.006261130930512518
0.53,0.4677156035427004,0.07603361447080456,0.07717245821015668,0.05456033557686953,0.07724940230972636,0.020056000026830827,0.0327619503741911,0.011004614361509683,0.06512149890441829,0.014210495143702165,0.018522129620144406,0.007994031866802568,0.05391663146418702,0.008405392079604833,0.009016424700189526,0.006259417348162108
0.531,0.46765207508312984,0.07603264745096804,0.07714874945889545,0.054582439740446874,0.07727846866584535,0.02006956077775669,0.03274581682387028,0.011009351051577488,0.06514809741592227,0.014232142485292329,0.01853156950021361,0.007999043004035046,0.053899399908482463,0.008399458298328206,0.009013534580236123,0.0062576457549999645
0.532,0.4675892160419313,0.07603213084984185,0.07712529738732765,0.05460439971752415,0.07730672271279675,0.020082897778936487,0.03272967141681557,0.011013968561232813,0.06517495131926293,0.014253849332255314,0.018540853826308826,0.008004048433648242,0.05388193328788024,0.00839353478956018,0.009010707548006341,0.006255816996671432
0.533,0.46752702459458934,0.07603205992844767,0.07710209822502631,0.05462621573550852,0.07733417100924761,0.020096012282041192,0.032713517483307746,0.011018467588999797,0.06520205521314228,0.01427561323548134,0.01854998259245481,0.008009047765349095,0.053864236751062874,0.008387622422319234,0.009007943252780634,0.006253931920241515
0.534,0.4674654988494414,0.07603242995615028,0.07707914824414012,0.054647888023202126,0.07736082011884779,0.020108905551559864,0.03269735831206828,0.011022848839064184,0.06522940373846628,0.014297431764577248,0.018558955815997702,0.008014040612830231,0.05384631540501908,0.008381722056613698,0.009005241337982754,0.0062519913740389475
0.535,0.4674046368490236,0.07603323621094778,0.07705644375914879,0.05466941681068877,0.07738667660957803,0.02012157886460142,0.03268119715028439,0.011027113021180783,0.06525699157830121,0.014319302507856813,0.018567773537335453,0.00801902659380094,0.05382817431494938,0.008375834543429219,0.009002601441372039,0.006249996207501262
0.536,0.46734443657140623,0.07603447397975883,0.07703398112661618,0.054690802329225026,0.07741174705310426,0.020134033510695332,0.032665037203640154,0.011031260850580468,0.06528481345782641,0.014341223072330891,0.01857643581964876,0.008024005330017098,0.05380981850417906,0.008369960724717148,0.009000023195233386,0.006247947271020889
0.537,0.4672848959315161,0.07603613855870645,0.07701175674494075,0.05471204481113563,0.0774360380241376,0.020146270791591304,0.0326488816363537,0.01103529304787668,0.06531286414428293,0.01436319108369732,0.018584942748632434,0.00802897644731,0.05379125295407813,0.008364101433383734,0.008997506226564906,0.006245845415792316
0.538,0.46722601278244963,0.07603822525339916,0.07698976705410429,0.05473314448971324,0.07745955609980042,0.02015829202105803,0.03263273357122038,0.011039210338971518,0.06534113844691886,0.01438520418633061,0.01859329443222726,0.008033939575614138,0.05377248260398852,0.008358257493280253,0.00899505015726329,0.006243691493660327
0.539,0.46716778491677163,0.07604072937920878,0.07696800853541798,0.0547541015991222,0.07748230785899833,0.02017009852468097,0.032616596089661866,0.01104301345496136,0.06536963121693097,0.014407260043271355,0.01860149100035232,0.008038894348993898,0.05375351235115822,0.008352429719193939,0.008992654604306803,0.0062414863569693465
0.54,0.4671102100678045,0.07604364626154501,0.07694647771126675,0.054774916374306516,0.07750429988179797,0.020181691639659244,0.032600472231780885,0.011046703132042094,0.06539833734740266,0.01442935633621542,0.018609532604637866,0.008043840405669174,0.053734347050682196,0.008346618916839802,0.008990319179935985,0.006239230858413929
0.541,0.4670532859109047,0.07604697123612733,0.07692517114485145,0.054795589050901906,0.07752553874881093,0.020193072714601742,0.0325843649964219,0.01105028011141397,0.0654272517732386,0.014451490765502794,0.018617419418158674,0.008048777388039937,0.053714991515450325,0.008340825882853304,0.008988043491832005,0.006236925850890394
0.542,0.46699701006472805,0.07605069964925344,0.07690408543992923,0.05481611986515172,0.07754603104058366,0.020204243109322353,0.032568277341237295,0.011053745139186064,0.06545636947109597,0.01447366105010621,0.018625151635167973,0.008053704942709728,0.0536954505161019,0.008335051404783878,0.00898582714329271,0.00623457218734965
0.543,0.46694138009248326,0.07605482685806504,0.07688321724055214,0.05483650905382684,0.07756578333699317,0.020215204194634493,0.03255221218275919,0.011057098966280408,0.06548568545931231,0.0144958649276194,0.018632729470831923,0.008058622720508089,0.05367572878098688,0.008329296261089284,0.008983669733406292,0.0062321707206512275
0.544,0.46688639350317307,0.07605934823081027,0.07686256323080388,0.054856756854149404,0.07758480221664882,0.020225957352144875,0.03253617239647668,0.011060342348335778,0.06551519479783019,0.014518100154245045,0.018640153160964637,0.00806353037651193,0.05365583099613354,0.008323561221130824,0.008981570857222666,0.006229722303418527
0.545,0.46683204775282433,0.07606425914710317,0.07684212013453506,0.054876863503720244,0.07760309425630009,0.020236503974046628,0.032520160816918574,0.011063476045611182,0.06554489258811862,0.014540364504782372,0.018647422961763832,0.008068427570065847,0.05363576180522276,0.00831784704516938,0.008979530105922482,0.006227227787895333
0.546,0.46677834024570697,0.07606955499818037,0.07682188471509686,0.054896829240450175,0.07762066603025049,0.020246845462911767,0.0325041802377414,0.011066500822889076,0.06557477397309147,0.014562655772614435,0.018654539149547088,0.00807331396480139,0.05361552580956866,0.008312154484362313,0.008977547066983844,0.0062246880258036005
0.547,0.46672526833553957,0.0760752311871545,0.07680185377507306,0.05491665430249472,0.07763752410977717,0.020256983231483085,0.03248823341182263,0.011069417449378276,0.06560483413702267,0.014584971769694961,0.01866150202048867,0.008078189228655275,0.053595127568105375,0.008306484280761155,0.008975621324346643,0.006222103868202517
0.548,0.4666728293266837,0.07608128312926458,0.07678202415601083,0.05493633892819246,0.07765367506255666,0.020266918702465424,0.03247232305135914,0.011072226698616629,0.06563506830545845,0.014607310326534851,0.018668311890357017,0.008083053033886548,0.05357457159738018,0.008300837167310154,0.008973752458574577,0.006219476165348894
0.549,0.4666210204753281,0.0760877062521238,0.07676239273815028,0.054955883356007026,0.07766912545209682,0.020276653308316562,0.032456451827970724,0.011074929348373487,0.06566547174512692,0.014629669292188292,0.018674969094252942,0.00808790505709273,0.05355386237155272,0.008295213867845638,0.008971940047014881,0.006216805766558896
0.55,0.4665698389906592,0.07609449599596395,0.07674295644015248,0.05497528782447241,0.07768388183717458,0.020286188491037492,0.032440622372808696,0.01107752618055194,0.06569603976384439,0.014652046534238431,0.018681473986348403,0.008092744979224915,0.05353300432240025,0.008289615097096198,0.00897018366395568,0.006214093520071111
0.551,0.46651928203601944,0.07610164781387688,0.07672371221882647,0.054994552572141524,0.07769795077127953,0.02029552570196232,0.03242483727666919,0.01108001798109085,0.06572676771041903,0.014674439938782619,0.01868782693962598,0.008097572485601832,0.05351200183932871,0.008284041560683662,0.008968482880781028,0.006211340272910987
0.552,0.46646934673005647,0.07610915717205335,0.07670465706885524,0.05501367783753829,0.07771133880206398,0.020304666401547808,0.03240909909011166,0.011082405539866738,0.06575765097455205,0.01469684741041725,0.0186940283456191,0.008102387265922908,0.053490859269389894,0.008278493955124913,0.00896683726612366,0.006208546870756684
0.553,0.46642003014785804,0.07611701955001866,0.07668578802252059,0.05503266385911286,0.07772405247079865,0.020313612059162503,0.03239341032358183,0.011084689650595518,0.06578868498673583,0.014719266872222123,0.01870007861415294,0.008107189014280283,0.053469580917304194,0.008272972967834491,0.00896524638601539,0.006205714157806308
0.554,0.46637132932207587,0.07612523044086522,0.07666710214942689,0.05505151087519989,0.0777360983118344,0.020322364152875548,0.032377773447539504,0.01108687111073405,0.06581986521814955,0.01474169626574433,0.01870597817308601,0.00811197742916983,0.05344817104548904,0.008267479277127999,0.008963709804035212,0.006202842976646569
0.555,0.4663232412440388,0.0761337853514827,0.07664859655622439,0.055070219123980226,0.07774748285207025,0.020330924169245316,0.032362190892591014,0.011088950721381673,0.06585118718055251,0.014764133550981716,0.0187117274680526,0.008116752213501197,0.05342663387409312,0.00826201355222632,0.008962227081455136,0.006199934168122914
0.556,0.46627576286485245,0.07614267980278469,0.07663026838633112,0.055088788843445244,0.07775821261042704,0.02033929360310766,0.03234666504962608,0.011090929287181524,0.06588264642617454,0.014786576706365778,0.018717326962205856,0.008121513074606802,0.053404973581035894,0.008256576453260594,0.008960797777383641,0.006196988571211064
0.557,0.46622889109648813,0.07615190932993278,0.0766121148196546,0.05510722027136445,0.07776829409732723,0.020347473957364078,0.032331198269959255,0.011092807616221879,0.06591423854760424,0.01480902372874413,0.01872277713596169,0.008126259724249862,0.05338319430205266,0.008251168631278023,0.00895942144890692,0.006194007022890063
0.558,0.4661826228128603,0.07616146948255767,0.07659413307231237,0.05512551364525592,0.07777773381418088,0.02035546674276967,0.03231579286547566,0.011094586519937371,0.06594595917767479,0.014831472633362425,0.018728078486743474,0.00813099187863145,0.05336130013074494,0.008245790728248423,0.008958097651227803,0.006190990358016798
0.559,0.4661369548508917,0.07617135582497746,0.07657632039635243,0.055143669202359503,0.07778653825287729,0.02036327347772099,0.03230045110878107,0.011096266813010208,0.06597780398934734,0.01485392145384574,0.018733231528727537,0.008135709258396562,0.05333929511863618,0.008240443377071584,0.008956825937802393,0.00618793940920202
0.56,0.46609188401156665,0.07618156393641287,0.07655867407947253,0.05516168717961291,0.07779471389528292,0.020370895688043792,0.0322851752333562,0.01109784931327134,0.06600976869559229,0.01487636824217946,0.018738236792589458,0.008140411588639207,0.05331718327523246,0.008235127201585384,0.008955605860474463,0.006184855006687878
0.561,0.4660474070609739,0.07619208941119987,0.07654119144473963,0.05517956781363051,0.07780226721274505,0.02037833490678079,0.03226996743371519,0.011099334841601634,0.0660418490492682,0.014898811068689604,0.018743094825251216,0.008145098598906563,0.05329496856808856,0.008229842816574687,0.008954436969607566,0.006181737978226989
0.562,0.46600352073133594,0.07620292785899913,0.07652386985030823,0.0551973113406847,0.07780920466560155,0.020385592673979307,0.03225482986556806,0.01110072422183306,0.06607404084299845,0.014921248022022566,0.01874780618962915,0.008149770023202156,0.053272654922878776,0.008224590827780986,0.008953318814214902,0.006178589148963022
0.5630000000000001,0.4659602217220283,0.0762140749050029,0.07650670668913896,0.05521491799669003,0.0778155327026966,0.020392670536479047,0.03223976464598725,0.011102018280649916,0.06610633990904619,0.01494367720912435,0.01875237146438282,0.0081544255999881,0.05325024622347288,0.008219371831912832,0.008952250942086949,0.006175409341312876
0.5640000000000001,0.4659175067005863,0.07622552619013899,0.07648969938871643,0.05523238801718971,0.07782125776090236,0.0203995700476999,0.03222477385357806,0.011103217847490085,0.06613874211918679,0.014966096755219168,0.018756791243664698,0.008159065072186427,0.05322774631201674,0.008214186416656997,0.00895123289991685,0.006172199374850377
0.5650000000000001,0.46587537230370096,0.07623727737127177,0.07647284541076717,0.05524972163734469,0.07782638626464662,0.02040629276742984,0.03220985952865293,0.011104323754446378,0.06617124338457846,0.014988504803787495,0.018761066136870796,0.008163688187179451,0.05320515898901788,0.008209035160690407,0.008950264233423589,0.0061689600661915785
0.5660000000000001,0.46583381513820227,0.07624932412140042,0.07645614225097697,0.05526691909192512,0.07783092462544614,0.020412840261612962,0.032195023673409415,0.011105336836167929,0.06620383965563084,0.015010899516543493,0.018765196768392122,0.008168294696809233,0.0531824880134355,0.008203918633692788,0.008949344487472937,0.006165692228881627
0.5670000000000001,0.4657928317820326,0.0762616621298546,0.07643958743870856,0.055283980615304186,0.07783487924144643,0.02041921410213772,0.03218026825211198,0.011106257929761752,0.06623652692187201,0.015033279073411884,0.01876918377736715,0.008172884357376156,0.053159737102775426,0.00819883739636011,0.00894847320619622,0.006162396673283241
0.5680000000000001,0.4657524187852062,0.07627428710248686,0.07642317853671876,0.05530090644145417,0.07783825649696677,0.020425415866625322,0.03216559519127729,0.011107087874694327,0.06626930121181299,0.015055641672504136,0.0187730278174351,0.008177456929636553,0.053136909933189154,0.008193792000418691,0.008947649933106868,0.006159074206466771
0.5690000000000001,0.4657125726707598,0.07628719476186284,0.07640691314087611,0.055317696803944924,0.07784106276205191,0.02043144713821845,0.03215100637986312,0.011107827512693413,0.06630215859281116,0.015077985530094101,0.018776729556490283,0.008182012178799507,0.05311401013957773,0.00818878298864011,0.008946874211214824,0.006155725632101892
0.5700000000000001,0.4656732899356897,0.07630038084744803,0.07639078887987788,0.055334351935944284,0.0778433043920289,0.020437309505370153,0.032136503669460685,0.011108477687649927,0.06633509517093128,0.015100308880592954,0.01878028967643729,0.008186549874522706,0.053091041315699715,0.008183810894856773,0.008946145583138734,0.006152351750350891
0.5710000000000001,0.4656345670518796,0.07631384111579236,0.07637480341496793,0.055350872070220845,0.07784498772707041,0.02044300456163319,0.03212208887449039,0.011109039245520074,0.06636810709080532,0.015122609976523567,0.018783708872947242,0.008191069790907491,0.0530680070142836,0.008178876243978285,0.008945463591216047,0.006148953357763626
0.5720000000000001,0.4655964004670143,0.07632757134071157,0.076358954439654,0.05536725743914858,0.07784611909176348,0.02044853390544957,0.03210776377240085,0.011109513034227586,0.06640119053549028,0.015144887088494166,0.01878698785521494,0.008195571706492984,0.053044910747144264,0.008173979552008435,0.00894482777761091,0.006145531247174064
0.5730000000000001,0.46555878660548466,0.07634156731346615,0.07634323967942569,0.05538350827471364,0.0778467047946844,0.020453899139940616,0.03209353010387123,0.01110989990356622,0.06643434172632445,0.015167138505171375,0.018790127345717077,0.00820005540424941,0.053021755985303676,0.00816912132606298,0.008944237684419981,0.006142086207598507
0.5740000000000001,0.4655217218692796,0.0763558248429374,0.0763276568914723,0.05539962480852299,0.07784675112797929,0.02045910187269734,0.032079389573016676,0.011110200705102418,0.06646755692278221,0.015189362533252593,0.018793128079971407,0.008204520671570553,0.05299854615911558,0.00816430206438809,0.0089436928537761,0.006138619024135444
0.5750000000000001,0.465485202638868,0.07637033975580068,0.0763122038644014,0.055415607271815014,0.07784626436695062,0.020464143715571332,0.0320653438475969,0.011110416292078254,0.06650083242232721,0.015211557497437689,0.01879599080629699,0.0082089673002654,0.05297528465839416,0.008159522256379503,0.008943192827949871,0.006135130477867067
0.5760000000000001,0.46544922527406807,0.07638510789669604,0.07629687841795721,0.0554314558954719,0.07784525076964935,0.020469026284466105,0.03205139455922774,0.011110547519314588,0.06653416456026394,0.015233721740400033,0.018798716285575407,0.008213395086548949,0.052951974832546565,0.008154782382602383,0.008942737149449157,0.006131621345762436
0.577,0.4654137861149073,0.07640012512839621,0.0762816784027398,0.0554471709100339,0.0778437165764731,0.020473751199128972,0.03203754330359575,0.01111059524311451,0.06656754970958825,0.01525585362275687,0.01880130529101308,0.008217803831032216,0.052928619990709296,0.008150082914811849,0.0089423253611165,0.006128092400582329
0.578,0.4653788814824693,0.07641538733197165,0.0762666016999245,0.055462752545715165,0.0778416680097699,0.020478320082943445,0.03202379164067558,0.011110560321167034,0.06660098428083587,0.015277951523038931,0.018803758607904588,0.00822219333871145,0.052905223401888204,0.008145424315974212,0.008941957006224474,0.006124544410785729
0.579,0.465344507679731,0.07643089040695311,0.07625164622098171,0.055478201032421404,0.07783911127344775,0.020482734562722225,0.03201014109495021,0.01111044361245111,0.06663446472193012,0.015300013837659429,0.01880607703339712,0.00822656341895654,0.05288178829510226,0.008140807040288868,0.008941631628569006,0.006120978140438016
0.58,0.4653106609923888,0.07644663027149143,0.07623680990739753,0.05549351659976913,0.07783605255259012,0.020486996268500843,0.03199659315563399,0.01111024597713994,0.066667987518028,0.015322038980882328,0.018808261376255964,0.00823091388549868,0.05285831785953093,0.008136231533210891,0.008941348772560661,0.006117394349120823
0.581,0.4652773376896725,0.07646260286251459,0.07622209073039453,0.05550869947710635,0.07783249801307668,0.020491106833331864,0.03198314927689816,0.011109968276505603,0.066701549191365,0.015344025384789876,0.018810312456631104,0.008235244556417224,0.05283481524466483,0.008131698231474263,0.00894110798331392,0.006113793791843565
0.582,0.46524453402514965,0.07647880413588228,0.07620748669065355,0.05552374989353501,0.07782845380121037,0.020495067893079845,0.03196981087809922,0.011109611372824034,0.06673514630109885,0.015365971499249481,0.01881223110582494,0.008239555254125827,0.05281128356046012,0.008127207563115791,0.008940908806734453,0.006110177218956657
0.583,0.4652122462375184,0.07649523006653762,0.07619299581803574,0.05553866807793466,0.07782392604334963,0.02049888108621695,0.03195657934400961,0.011109176129280354,0.06676877544315185,0.015387875791879838,0.018814018166061115,0.008243845805357827,0.05278772587749598,0.008122759947499674,0.008940750789604423,0.006106545376066422
0.584,0.4651804705513895,0.07651187664865632,0.07617861617130556,0.05555345425898771,0.07781892084554659,0.020502548053619302,0.03194345602505098,0.01110866340987455,0.06680243325005218,0.015409736748016324,0.018815674490254442,0.008248116041150881,0.05276414522713551,0.008118355795342714,0.008940633479665798,0.006102899003951668
0.585,0.4651492031780576,0.07652873989579327,0.07616434583785443,0.05556810866520596,0.07781344429319086,0.020506070438364117,0.03193044223752984,0.011108074079327557,0.06683611639077407,0.015431552870675725,0.01881720094178204,0.00825236579683091,0.05274054460168985,0.008113995508740188,0.008940556425701754,0.006099238838481982
0.586,0.4651184403162617,0.07654581584102625,0.07615018293342497,0.055582631524958424,0.07780750245065872,0.02050944988552762,0.03191753926387544,0.011107409002987713,0.06686982157057668,0.015453322680520151,0.018818598394255568,0.008256594911995312,0.05271692695458529,0.00810967948119234,0.008940519177616102,0.006095565610537669
0.587,0.4650881781529356,0.07656310053709738,0.07613612560183636,0.055597023066500585,0.07780110136096836,0.02051268804198379,0.03190474835288003,0.011106669046737645,0.06690354553084234,0.015475044715820301,0.01881986773129465,0.008260803230495483,0.05269329520053361,0.008105408097631528,0.008940521286510832,0.006091880045931427
0.588,0.4650584128639466,0.07658059005655163,0.07612217201471021,0.05561128351800461,0.07779424704544022,0.020515786556203938,0.03189207071994125,0.011105855076901554,0.06693728504891333,0.015496717532417933,0.018821009846301456,0.008264990600418657,0.052669652215705326,0.008101181734449991,0.008940562304761746,0.006088182865331677
0.589,0.465029140614824,0.07659828049187292,0.07610832037119739,0.0556254131075909,0.07778694550336315,0.02051874707805718,0.03187950754730662,0.011104967960152933,0.06697103693792789,0.015518339703687614,0.018822025642236485,0.008269156874069069,0.0526460008379058,0.008097000759528223,0.008940641786092196,0.006084474784187593
0.59,0.46500035756147834,0.07661616795561768,0.076094568897706,0.055639412063360774,0.07777920271166627,0.02052157125861184,0.03186705998432015,0.011104008563422772,0.06700479804665539,0.015539909820497754,0.018822916031395583,0.008273301907948458,0.05262234386675437,0.008092865532264008,0.008940759285644986,0.006080756512655829
0.591,0.4649720598509077,0.0766342485805455,0.07608091584762977,0.05565328061343005,0.0777710246245958,0.02052426074993769,0.03185472914767084,0.011102977753808155,0.06703856525933023,0.015561426491170816,0.018823681935188057,0.008277425562735903,0.05259868406386598,0.008088776403602,0.008940914360052394,0.006077028755528907
0.592,0.46494424362189696,0.0766525185197478,0.07606735950107803,0.055667018985964,0.07776241717339807,0.020526817204909335,0.031842516121643294,0.01110187639848141,0.06707233549548541,0.015582888341442907,0.018824324283916175,0.008281527703267065,0.05257502415303593,0.008084733716063984,0.008941106567504404,0.006073292212165328
0.593,0.4649169050057025,0.07667097394677316,0.07605389816460605,0.05568062740921272,0.07775338626600736,0.020529242277010345,0.0318304219583699,0.011100705364599657,0.06710610570978456,0.01560429401442245,0.01882484401655571,0.008285608198512727,0.052551366820426715,0.008080737803779669,0.008941335467815075,0.006069547576421323
0.594,0.4648900401267311,0.07668961105575087,0.07604053017094703,0.05569410611154815,0.07774393778673973,0.020531537620138627,0.03181844767808515,0.011099465519214938,0.06713987289185382,0.015625642170548282,0.01882524208053789,0.008289666921556808,0.05252771471475802,0.008076788992518123,0.008941600622487177,0.006065795536584326
0.595,0.4648636451032049,0.07670842606151139,0.07602725387874465,0.05570745532150131,0.07773407759599184,0.02053370488841269,0.03180659426938138,0.01109815772918479,0.06717363406611242,0.015646931487546836,0.018825519431532496,0.008293703749573689,0.052504070447498746,0.008072887599719759,0.008941901594774992,0.00606203677530809
0.596,0.46483771604781876,0.07672741519970461,0.07601406767228698,0.05572067526780082,0.07772381152994544,0.02053574573597903,0.031794862689466435,0.011096782861083367,0.06720738629160293,0.015668160660388678,0.018825677033232246,0.008297718563805019,0.052480436593061765,0.00806903393452893,0.008942237949745406,0.006058271969549502
0.597,0.46481224906838625,0.07674657472691537,0.07600096996124141,0.05573376617941206,0.07771314540027713,0.0205376618168206,0.03178325386442273,0.011095341781113103,0.06724112666182044,0.01568932840124425,0.018825715857138478,0.00830171124953589,0.052456815689000874,0.008065228297827087,0.008942609254337232,0.0060545017905070594
0.598,0.46478724026847573,0.07676590092077662,0.07598795918039071,0.055746728285577064,0.07770208499387346,0.02053945478456641,0.03177176868946802,0.0110938353550169,0.06727485230454122,0.015710433439438818,0.018825636882348073,0.00830568169607047,0.05243321023621018,0.008061470982266502,0.008943015077418825,0.006050726903561014
0.599,0.4647626857480369,0.07678539008008002,0.0759750337893704,0.0557595618158552,0.07769063607255132,0.020541126292302217,0.03176040802921756,0.011092264447990878,0.06730856038165069,0.015731474521406715,0.018825441095341684,0.008309629796707076,0.0524096226991256,0.008057762272304569,0.008943454989843993,0.006046947968215186
0.6,0.4647385816040174,0.07680503852488398,0.07596219227240712,0.05577226700016452,0.07767880437278384,0.02054267799238245,0.031749172717947714,0.011090629924597705,0.06734224808897078,0.01575245041064481,0.018825129489773273,0.008313555448712706,0.05238605550592866,0.008054102444238636,0.008943928564506225,0.006043165638040432
0.601,0.4647149239309683,0.07682484259661942,0.0759494331380583,0.05578484406882367,0.07766659560543106,0.020544111536243224,0.03173806355986092,0.011088932648680463,0.06737591265608668,0.015773359887665168,0.01882470306626094,0.00831745855329703,0.05236251104875228,0.008050491766241416,0.008944435376391259,0.00603938056061976
0.602,0.4646917088216431,0.07684479865819292,0.0759367549189532,0.055797293252594506,0.07765401545547657,0.020545428574216713,0.031727081329351994,0.011087173483277169,0.06740955134617296,0.015794201749947032,0.018824162832179095,0.008321339015585875,0.05233899168388874,0.00804693049839693,0.008944975002628001,0.006035593377495122
0.603,0.4646689323675828,0.07686490309408733,0.07592415617153503,0.05580961478272511,0.07764106958176858,0.020546630755346566,0.0317162267712756,0.011085353290535812,0.06744316145581918,0.015814974811887962,0.018823509801451924,0.008325196744594188,0.05231549973199945,0.008043418892736975,0.008945547022537808,0.006031804724115808
0.604,0.4646465906596939,0.07688515231046009,0.07591163547580441,0.055821808890993425,0.0776277636167668,0.02054771972720473,0.031705500601214964,0.011083472931630057,0.06747674031485491,0.015835677904754254,0.018822744994348203,0.008329031653198517,0.05229203747832678,0.008039957193278142,0.008946151017682185,0.0060280152297885106
0.605,0.4646246797888172,0.07690554273523914,0.07589919143506439,0.05583387580975147,0.07761410316629423,0.020548697135709497,0.031694903505751756,0.011081533266675568,0.06751028528617453,0.015856309876630593,0.01882186943727749,0.008332843658109013,0.052268607172907794,0.008036545636059364,0.008946786571908887,0.006024225517629017
0.606,0.4646031958462853,0.07692607081821617,0.07588682267566628,0.05584581577196966,0.07760009380929382,0.020549564624944804,0.031684436142736874,0.011079535154646908,0.06754379376556108,0.015876869592368947,0.018820884162587585,0.008336632679840923,0.052245211030789544,0.008033184449179952,0.008947453271396438,0.0060204362045155075
0.607,0.4645821349244722,0.07694673303113779,0.07587452784675752,0.055857629011281926,0.07758574109759088,0.020550323836980945,0.03167409914156243,0.01107747945329513,0.06757726318151012,0.0158973559335367,0.018819790208363472,0.008340398642685692,0.05222185123224643,0.008029873852838178,0.008948150704697124,0.006016647901043504
0.608,0.4645614931173322,0.07696752586779389,0.07586230562003027,0.05586931576203081,0.07757105055565983,0.020550976411696523,0.031663893103434565,0.011075367019065972,0.0676106909950529,0.015917767798364006,0.018818588618227505,0.008344141474681538,0.05219852992299886,0.00802661405937034,0.008948878462778429,0.0060128612114823884
0.609,0.4645412665209314,0.07698844584410404,0.07585015468947186,0.05588087625931321,0.07755602768039653,0.02055152398660183,0.0316538186016472,0.01107319870701875,0.06764407469957917,0.015938104101690415,0.018817280441141056,0.008347861107583659,0.05217524921443389,0.008023405273290343,0.00894963613906299,0.006009076733733571
0.61,0.4645214512339682,0.07700948949820118,0.07583807377111652,0.05589231073902629,0.0775406779408954,0.020551968196663595,0.031643876181856684,0.011070975370745884,0.06767741182065984,0.01595836377491074,0.01881586673120755,0.008351557476833983,0.05215201118382721,0.008020247691329762,0.00895042332946705,0.006005295059290223
0.611,0.464502043358285,0.07703065339051304,0.07582606160279842,0.055903619437913464,0.07752500677823153,0.020552310674131085,0.031634066362357084,0.011068697862293092,0.06771069991586891,0.015978545765920133,0.018814348547476784,0.008355230521530503,0.052128817874566614,0.008017141502478389,0.008951239632437416,0.006001516773198606
0.612,0.46448303899937177,0.0770519341038413,0.07581411694390633,0.055914802593610945,0.07750901960524778,0.020552553048363682,0.03162438963435638,0.011066367032080299,0.06774393657460544,0.015998649039058475,0.018812726953750813,0.008358880184396232,0.0521056712963771,0.008014086888025282,0.008952084648987006,0.005997742454020991
0.613,0.4644644342668602,0.07707332824343828,0.07580223857513974,0.05592586044469423,0.07749272180634686,0.020552696945659883,0.031614846462253224,0.011063983728823217,0.067777119417915,0.016018672575053957,0.018811003018391136,0.008362506411747765,0.05208257342554718,0.008011084021600256,0.008952957982728937,0.0059939726738001435
0.614,0.46444622527500756,0.07709483243708129,0.07579042529826631,0.055936793230724736,0.0774761187372881,0.0205527439890877,0.031605437283914344,0.011061548799455598,0.06781024609831085,0.01603861537096592,0.018809177814127283,0.008366109153463442,0.05205952620515651,0.008008133069215866,0.00895385923990921,0.00599020799802536
0.615,0.46442840814317404,0.07711644333514465,0.07577867593588096,0.0559476011922967,0.07745921572498939,0.02055269579831659,0.03159616251095255,0.011059063089052242,0.06784331429959498,0.016058476440126982,0.018807252417866887,0.008369688362951173,0.052036531545304944,0.008005234189309832,0.008954788029437992,0.005986448985600083
0.616,0.46441097899628964,0.07713815761066961,0.0757669893311665,0.055958284571084094,0.07744201806733368,0.02055255398945086,0.03158702252900525,0.011056527440752686,0.06787632173667883,0.016078254812084424,0.018805227910507174,0.008373243997115917,0.05201359132334272,0.00800238753278793,0.008955743962919534,0.00598269618881104
0.617,0.46439393396531303,0.07715997195943153,0.07575536434765574,0.055968843609887554,0.0774245310329805,0.020552320174864594,0.03157801769801342,0.011053942695685626,0.06790926615540381,0.016097949532540786,0.01880310537674786,0.008376776016326784,0.051990707384101796,0.007999593243067335,0.008956726654680742,0.005978950153298936
0.618,0.46437726918768113,0.07718188310000522,0.07574379986899496,0.055979278552681346,0.07740675986118202,0.020551995963038038,0.03156914835250101,0.011051309692894043,0.0679421453323616,0.016117559663293753,0.018800885904905494,0.008380284384383836,0.0519678815401283,0.007996851456120375,0.008957735721798386,0.0059752114180306485
0.619,0.46436098080775084,0.07720388777382774,0.07573229479870931,0.05598958964466031,0.07738870976160409,0.020551582958395577,0.031560414801854696,0.01104862926926111,0.06797495707471428,0.01613708428217534,0.018798570586729266,0.008383769068484563,0.05194511557191607,0.007994162300518757,0.00895877078412503,0.005971480515272963
0.62,0.4643450649772326,0.07722598274525891,0.07572084805996958,0.05599977713228693,0.07737038591415182,0.020551082761145287,0.031551817330603985,0.011045902259436809,0.06800769922001436,0.01615652248299032,0.018796160517218285,0.008387230039190063,0.05192241122814126,0.007991525897478194,0.008959831464313643,0.005967757970567803
0.621,0.464329517855614,0.07724816480163976,0.0757094585953604,0.05600984126333811,0.07735179346879993,0.020550496967119993,0.03154335619870155,0.011043129495765296,0.06804036963602468,0.01617587337545391,0.018793656794440283,0.008390667270390903,0.05189977022589773,0.007988942360903455,0.008960917387840944,0.005964044302708953
0.622,0.4643143356105765,0.07727043075334859,0.07569812536665031,0.056019782286951925,0.07733293754542767,0.02054982716761994,0.031535031641803796,0.011040311808213025,0.06807296622053799,0.01619513608512875,0.018791060519351786,0.00839408073927271,0.051877194250933435,0.007986411797433842,0.008962028183029474,0.005960340023720267
0.623,0.4642995144184033,0.07729277743385467,0.07568684735456327,0.056029600453674284,0.07731382323365843,0.02054907494925707,0.031526843871551635,0.011037450024297657,0.06810548690119668,0.016214309753361186,0.018788372795619814,0.008397470426281506,0.05185468495788778,0.007983934306489058,0.00896316348106847,0.005956645638835357
0.624,0.4642850504643789,0.07731520169977005,0.07567562355855188,0.056039296015505495,0.07729445559270383,0.020548241893800907,0.031518793075851335,0.011034544969017695,0.06813792963531227,0.016233393537216805,0.018785594729444993,0.008400836315088735,0.051832243970529546,0.007981509980315478,0.00896432291603347,0.005952961646478738
0.625,0.4642709399431812,0.07733770043089885,0.07566445299657205,0.05604886922594653,0.07727483965121253,0.020547329578026057,0.031510879419155445,0.011031597464782928,0.06817029240968506,0.016252386609415283,0.01878272742938616,0.008404178392556106,0.05180987288199578,0.007979138904032821,0.008965506124904767,0.0059492885382484255
0.626,0.4642571790592649,0.07736027053028453,0.07565333470485953,0.05605832034004516,0.0772549804071234,0.02054633957356137,0.031503103042743855,0.01102860833134564,0.06820257324042332,0.01627128815826453,0.018779772006186538,0.008407496648700144,0.05178757325503129,0.007976821155681208,0.00896671274758467,0.00594562679889998
0.627,0.46424376402723677,0.07738290892425483,0.07564226773770781,0.056067649614441786,0.07723488282752321,0.020545273446740703,0.03149546406500464,0.0110255783857326,0.06823477017276283,0.01629009738759409,0.018776729572601264,0.008410791076656526,0.05176534662222873,0.007974556806268579,0.008967942426913577,0.005941976906331961
0.628,0.464230691072224,0.07740561256246471,0.07563125116724809,0.05607685730741514,0.07721455184850877,0.020544132758455427,0.031487962581715094,0.011022508442177847,0.06826688128088634,0.016308813516687934,0.018773601243226575,0.008414061672644222,0.0517431944862695,0.00797234591981851,0.00896919480868496,0.005938339331572823
0.629,0.46421795643023356,0.07742837841793695,0.07562028408323031,0.05608594367892759,0.07719399237505353,0.02054291906400853,0.03148059866632242,0.01101939931205627,0.06829890466774281,0.016327435780216486,0.018770388134330355,0.0084173084359294,0.051721118320165,0.007970188553418375,0.00897046954165919,0.005934714538769194
0.63,0.4642055563485047,0.0774512034871007,0.0756093655928064,0.056094908990670156,0.07717320928087854,0.02054163391297045,0.03147337237022447,0.011016251803817994,0.06833083846486687,0.01634596342816799,0.018767091363684294,0.008420531368789154,0.051699119567498536,0.007968084757267882,0.008971766277576272,0.005931102985175558
0.631,0.4641934870858534,0.07747408478982785,0.07559849482031483,0.0561037535061073,0.07715220740832772,0.020540278849036597,0.031466283723050166,0.011013066722923555,0.06836268083219833,0.016364395725779194,0.018763712050397504,0.008423730476475044,0.0516771996426676,0.007966034574727948,0.008973084671167515,0.005927505121145314
0.632,0.46418174491300956,0.0774970193694673,0.07558767090706708,0.05611247749052122,0.07713099156824756,0.02053885540988662,0.03145933273293976,0.011009844871779893,0.06839442995790156,0.016382731953465398,0.018760251314751685,0.008426905767176465,0.05165535993112671,0.007964038042369928,0.00897442438016611,0.005923921390123198
0.633,0.46417032611294573,0.07752000429287711,0.07557689301113554,0.0561210812110558,0.0771095665398709,0.0205373651270453,0.03145251938682473,0.011006587049677163,0.0684260840581851,0.01640097140674976,0.018756710278037783,0.008430057251983836,0.051633601789630446,0.007962095190025175,0.008975785065316684,0.005920352228639068
0.634,0.46415922698119966,0.07754303665045449,0.07556616030714336,0.056129564936760266,0.07708793707070519,0.020535809525745265,0.031445843650707496,0.011003294052726351,0.06845764137712125,0.01641911339619201,0.018753090062394187,0.008433184944851664,0.05161192654647698,0.007960206040834932,0.008977166390383814,0.005916798066303021
0.635,0.464148443826189,0.07756611355616384,0.07555547198605576,0.05613792893863236,0.07706610787642489,0.02053419012479144,0.03143930546994066,0.010999966673797738,0.06848910018646591,0.016437157247316488,0.018749391790646504,0.008436288862561439,0.051590335501751905,0.007958370611300565,0.008978568022159567,0.00591325932580185
0.636,0.46413797296951814,0.07758923214756251,0.07554482725497322,0.05614617348966101,0.07704408364076785,0.020532508436427163,0.031432904769505866,0.010996605702460149,0.06852045878547824,0.01645510230053949,0.018745616586148744,0.008439369024684422,0.05156882992757218,0.007956588911334082,0.008979989630470012,0.005909736422896796
0.637,0.46412781074627874,0.07761238958582464,0.07553422533692607,0.05615429886486862,0.07702186901543631,0.020530765966202166,0.03142664145429233,0.010993211924921061,0.06855171550074071,0.016472947911096037,0.018741765572626197,0.008442425453544278,0.051547411068330426,0.00795486094430899,0.008981430888180784,0.00590622976642263
0.638,0.4641179535053424,0.07763558305576293,0.07552366547067119,0.056162305341352886,0.07699946862000134,0.02052896421284223,0.03142051540937469,0.010989786123967536,0.06858286868597913,0.01649069344896598,0.01873783987401972,0.008445458174179635,0.051526080140939325,0.007953186707111435,0.008982891471201708,0.005902739758287996
0.639,0.46410839760964673,0.0776588097658483,0.07551314691049009,0.05617019319832801,0.0769768870418121,0.020527104668120667,0.03141452650029054,0.010986329078907979,0.06861391672188279,0.01650833829879944,0.01873384061433163,0.008448467214306506,0.05150483833507613,0.00795156619019166,0.00898437105849045,0.005899266793477046
0.64,0.46409913943647446,0.07768206694822764,0.07550266892598886,0.056177962717165575,0.07695412883590853,0.0205251888167316,0.03140867457331731,0.010982841565514753,0.06864485801592501,0.0165258818598417,0.018729768917473154,0.008451452604280648,0.05148368681342736,0.007949999377615733,0.008985869332055323,0.0058958112600523286
0.641,0.46409017537772523,0.07770535185873945,0.0754922308018997,0.056185614181434716,0.07693119852493849,0.020523218136164954,0.03140295945574853,0.010979324355967624,0.06867569100218353,0.016543323545857403,0.01872562590711337,0.008454414377059821,0.05146262671193347,0.007948486247117574,0.008987385976957127,0.0058923735391589295
0.642,0.46408150184018093,0.07772866177692746,0.07548183183788423,0.0561931478769418,0.07690810059907856,0.020521194096583338,0.03139738095616959,0.010975778218798039,0.06870641414116131,0.01656066278505418,0.018721412706529782,0.00845735256816598,0.05144165914003355,0.007947026770151237,0.008988920681310157,0.005888954005029841
0.643,0.4640731152457639,0.07775199400605239,0.07547147134833845,0.05620056409176956,0.07688483951595891,0.020519118160700643,0.03139193886473267,0.010972203918834264,0.06873702591960734,0.016577899020005685,0.018717130438460353,0.008460267215647398,0.051420785180909964,0.007945620911943485,0.008990473136282338,0.00588555302499255
0.644,0.46406501203178907,0.07777534587310157,0.07546114866219955,0.05620786311631558,0.07686141970059227,0.02051699178366254,0.03138663295343111,0.010968602217147379,0.06876752485033792,0.01659503170757401,0.018712780224957187,0.008463158360040747,0.05140000589173303,0.007944268631546604,0.008992043036094525,0.00588217095947683
0.645,0.4640571886512089,0.07779871472879672,0.07545086312275423,0.05621504524333027,0.07683784554530632,0.020514816412928696,0.03138146297637295,0.0109649738709981,0.06879790947205784,0.016612060318831515,0.018708363187241693,0.008466026044333124,0.05137932230390548,0.007942969881891498,0.00899363007801896,0.005878808162023736
0.646,0.4640496415728518,0.07782209794759976,0.07544061408744884,0.05622211076795411,0.07681412140968036,0.020512593488156892,0.03137642867005374,0.010961319633784468,0.068828178349182,0.0166289843389821,0.018703880445561354,0.008468870313924046,0.05135873542330688,0.007941724609841001,0.008995233962376956,0.005875464979295755
0.647,0.46404236728165466,0.07784549292771659,0.07543040092770123,0.056229059987754355,0.07679025162048564,0.020510324441088905,0.03137152975362859,0.010957640254990395,0.06885833007165719,0.01664580326728189,0.018699333119048058,0.008471691216587427,0.05133824623053779,0.00794053275624346,0.008996854392535775,0.005872141751088134
0.648,0.46403536227888853,0.07786889709109907,0.0754202230287142,0.05623589320276103,0.0767662404716293,0.02050801069543826,0.031366765929183305,0.010953936480135047,0.06888836325478415,0.016662516616959333,0.018694722325577968,0.008474488802433518,0.05131785568116382,0.00793939425598653,0.00899849107490473,0.005868838810341351
0.649,0.464028623082378,0.07789230788344507,0.07541007978929078,0.05624261071550225,0.07674209222410225,0.0205056536667798,0.03136213688200465,0.010950209050723114,0.06891827653903979,0.016679123915134788,0.018690049181632966,0.008477263123870855,0.05129756470595933,0.0079383090380512,0.00900014371893055,0.005865556483154708
0.65,0.4640221462267145,0.0779157227741966,0.07539997062165121,0.05624921283103898,0.07671781110593069,0.02050325476244112,0.0313576422808498,0.010946458704195904,0.06894806858989982,0.016695624702739525,0.018685314802163688,0.008480014235568219,0.051277374211150986,0.007937277025566063,0.009001812037091996,0.005862295088801065
0.651,0.4640159282634633,0.07793913925653594,0.07538989495125142,0.056255699856998874,0.07669340131213125,0.020500815381395775,0.03135328177821476,0.010942686173883326,0.06897773809766161,0.01671201853443418,0.01868052030045407,0.00848274219441657,0.05125728507866086,0.007936298135861755,0.009003495744893768,0.005859054939742643
0.652,0.4640099657613646,0.07796255484738016,0.07537985221660348,0.05626207210360973,0.0766688670046698,0.020498336914158432,0.03134905501060193,0.010938892188956724,0.06900728377726724,0.016728304978526745,0.018675666787987558,0.008485447059491039,0.05123729816634935,0.007935372280525656,0.009005194560859714,0.005855836341647955
0.653,0.46400425530652856,0.07798596708737354,0.0753698418690975,0.05626832988373187,0.07664421231242384,0.020495820742681768,0.03134496159878651,0.010935077474382543,0.06903670436812685,0.01674448361688992,0.018670755374314747,0.008488128892012907,0.05121741430825758,0.00793449936545673,0.00900690820652534,0.005852639593409771
0.654,0.4639987935026243,0.07800937354087834,0.07535986337282544,0.05627447351289013,0.07661944133114851,0.0204932682402553,0.03134100114808205,0.010931242750876919,0.06906599863394257,0.01676055404487806,0.018665787166922753,0.008490787755311669,0.051197634314849506,0.007933679290920616,0.009008636406429661,0.0058494649871641685
0.655,0.46399357697106297,0.07803277179596356,0.07534991620440641,0.05628050330930483,0.07659455812344601,0.02049068077140603,0.03133717324860483,0.010927388734861066,0.06909516536253234,0.01677651587124353,0.018660763271106013,0.008493423714787087,0.05117795897325347,0.007932911951604855,0.009010378888106404,0.005846312808310616
0.656,0.4639886023511753,0.078056159464392,0.07533999985281377,0.0562864195939222,0.07656956671873857,0.020488059691800942,0.03133347747553722,0.010923516138417556,0.06912420336565428,0.0167923687180526,0.018655684789838735,0.008496036837871333,0.05115838904750346,0.007932197236674331,0.009012135382074574,0.005843183335533072
0.657,0.46398386630038324,0.0780795341816056,0.07533011381920388,0.05629222269044393,0.076544471113245,0.02048540634815138,0.03132991338938991,0.010919625669247477,0.0691531114788315,0.016808112220600864,0.018650552823648924,0.008498627193991182,0.051138925278779675,0.007931535029826877,0.009013905621828404,0.005840076840822123
0.658,0.4639793654943659,0.07810289360670872,0.07532025761674647,0.056297912925355964,0.07651927526996034,0.02048272207811926,0.031326480536262975,0.010915718030628418,0.06918188856117699,0.016823746027328137,0.018645368470493903,0.008501194854530263,0.05111956838564874,0.007930925209349033,0.00901568934382669,0.0058369935894980966
0.659,0.46397509662722014,0.07812623542244995,0.0753104307704568,0.05630349062795659,0.07649398311863934,0.020480008210225147,0.031323178448105816,0.01091179392137333,0.069210533495219,0.016839269799732902,0.018640132825637517,0.00850373989279139,0.05110031906430324,0.007930367648171966,0.009017486287481558,0.00583393384023516
0.66,0.46397105641161546,0.07814955733520203,0.07530063281702935,0.05630895613038362,0.07646859855578289,0.02047726606375822,0.03132000664297588,0.010907854035790268,0.06923904518672672,0.01685468321228629,0.018634846981528796,0.00850626238395899,0.051081177988800776,0.00792986221392757,0.009019296195146657,0.0058308978450863965
0.661,0.46396724157894353,0.07817285707493993,0.07529086330467322,0.05631430976764087,0.07644312544462796,0.02047449694868802,0.03131696462529614,0.01090389906364296,0.0692674225645364,0.016869985952345592,0.018629512027682257,0.008508762405061595,0.05106214581130228,0.007929408769004661,0.009021118812104784,0.005827885849509818
0.662,0.4639636488794622,0.07819613239521742,0.07528112179294924,0.05631955187762377,0.0764175676151408,0.020471702165578157,0.03131405188611139,0.010899929690112258,0.0692956645803777,0.016885177720067326,0.01862412905055977,0.008511240034934458,0.05104322316230984,0.007929007170605356,0.009022953886554977,0.0058248980923953225
0.663,0.4639602750824348,0.0782193810731417,0.07527140785260868,0.05632468280114425,0.07639192886401346,0.020468883005501818,0.03131126790334325,0.010895946595758451,0.06932377020870056,0.016900258228319913,0.018618699133453966,0.008513695354182258,0.051024410650903775,0.007928657270801566,0.009024801169599106,0.005821934806092572
0.664,0.46395711697626324,0.07824260090934648,0.07526172106543348,0.056329702881954644,0.07636621295466327,0.020466040749959124,0.03130861214204381,0.01089195045648441,0.06935173844650233,0.016915227202595827,0.0186132233563732,0.008516128445141914,0.051005708864979,0.007928358916591592,0.00902666041522791,0.005818996216439767
0.665,0.4639541713686171,0.0782657897279634,0.07525206102407843,0.05633461246677097,0.07634042361723589,0.0204631766707964,0.03130608405464806,0.010887941943499636,0.06937956831315541,0.016930084380923437,0.018607702795928174,0.00851853939184555,0.050987118371480816,0.00792811194995689,0.009028531380306603,0.005816082542793327
0.666,0.46395143508655645,0.07828894537659153,0.07524242733191458,0.056339411905295164,0.07631456454861107,0.020460292030127215,0.03130368308122491,0.010883921723285107,0.06940725885023502,0.016944829513778327,0.01860213852521998,0.008520928279983533,0.05096863971663972,0.007927916207918903,0.00903041382455993,0.005813193998058422
0.667,0.46394890497665126,0.07831206572626558,0.07523281960287459,0.05634410155023672,0.07628863941241193,0.02045738808025538,0.03130140864972683,0.010879890457559048,0.06943480912134783,0.016959462363994326,0.018596531613729844,0.00852329519686771,0.050950273426205735,0.007927771522596012,0.009032307510556833,0.005810330788720385
0.668,0.4639465779050935,0.07833514867142208,0.07522323746129954,0.05634868175733315,0.07626265183901695,0.020454466063599696,0.031299260176238186,0.010875848803243472,0.06946221821196048,0.016973982706674044,0.018590883127210342,0.008525640231394712,0.05093202000568167,0.007927677721260589,0.009034212203694597,0.005807493114876949
0.669,0.463944450757807,0.07835819212986425,0.07521368054178738,0.05635315288536995,0.0762366054255753,0.02045152721262064,0.03129723706522208,0.010871797412431647,0.06948948522922883,0.01698839032909911,0.01858519412757819,0.00852796347400947,0.05091387994055582,0.007927634626396136,0.009036127672182622,0.005804681170271324
0.67,0.46394252044055095,0.07838119404272514,0.07520414848904303,0.056357515296199465,0.07621050373602499,0.020448572749748872,0.03129533870976585,0.010867736932356377,0.06951660930182767,0.017002685030639987,0.018579465672808656,0.008530265016668856,0.0508958536965337,0.007927642055754525,0.009038053687025751,0.00580189514232609
0.671,0.46394078387901855,0.078404152374429,0.0751946409577299,0.056361769354758964,0.07618435030111406,0.020445603887315512,0.03129356449182495,0.010863668005359123,0.06954358957978049,0.017016866622665404,0.018573698816831432,0.008532544952805466,0.050877941719768845,0.007927699822413285,0.009039990022007173,0.00579913521217786
0.672,0.4639392380189317,0.07842706511265143,0.07518515761232328,0.05636591542908789,0.07615814861842464,0.02044262182748438,0.031291913782465625,0.010859591268859992,0.06957042523429009,0.017030934928451508,0.01856789460942815,0.008534803377291598,0.05086014443709296,0.007927807734832988,0.00904193645367098,0.005796401554712761
0.673,0.4639378798261314,0.0784499302682776,0.07517569812696502,0.05636995389034416,0.0761319021524001,0.020439627762185993,0.031290385942105814,0.010855507355328557,0.0695971154575694,0.01704488978309061,0.018562054096131375,0.008537040386403396,0.05084246225624498,0.007927965596914693,0.009043892761304295,0.00579369433860265
0.674,0.46393670628666206,0.07847274587535913,0.07516626218531995,0.056373885112819655,0.07610561433437474,0.020436622873053444,0.031288980320754736,0.010851416892255519,0.06962365946267275,0.01705873103339962,0.018556178318125206,0.008539256077785162,0.05082489556609923,0.007928173208057443,0.00904585872691908,0.005791013726342097
0.675,0.46393571440685355,0.07849550999106937,0.07515684948043388,0.05637770947395486,0.07607928856260679,0.02043360833136006,0.0312876962582509,0.010847320502125214,0.06965005648332777,0.017072458537828152,0.01855026831214739,0.008541450550413858,0.05080744473689278,0.007928430363215833,0.009047834135233575,0.005788359874286106
0.676,0.46393490121339637,0.07851822069565698,0.07514745971459286,0.05638142735435243,0.07605292820231356,0.020430585297958916,0.03128653308449846,0.01084321880238893,0.06967630577376725,0.01708607216636628,0.018544325110392973,0.008543623904563783,0.05079011012045161,0.007928736852957578,0.009049818773653377,0.005785732932688528
0.677,0.463934263753415,0.07854087609239849,0.0751380925991845,0.05638503913779024,0.07602653658571014,0.02042755492322421,0.03128549011970224,0.010839112405439104,0.06970240660856224,0.017099571800452084,0.01853834974041954,0.008545776241771486,0.05077289205041611,0.007929092463521192,0.009051812432252247,0.005783133045741223
0.678,0.4639337990945347,0.07856347430754873,0.0751287478545603,0.056388545211233154,0.07600011701205005,0.02042451834699435,0.03128456667460089,0.010835001918584304,0.06972835828245472,0.01711295733287877,0.018532343225053944,0.008547907664800828,0.05075579084246519,0.007929496976873633,0.009053814903752557,0.005780560351613861
0.679,0.46393350432494623,0.07858601349029024,0.07511942520989986,0.05639194596484418,0.07597367274766921,0.020421476698516978,0.03128376205069866,0.010830887944025064,0.06975416011019149,0.01712622866770162,0.018526306582300568,0.00855001827760828,0.05073880679453975,0.007929950170768014,0.00905582598350547,0.005778014982494439
0.68,0.4639333765534644,0.07860849181268095,0.07511012440307643,0.05639524179199459,0.0759472070260322,0.020418431096395694,0.03128307554049547,0.010826771078830523,0.06977981142635803,0.017139385720144566,0.01852024082525118,0.008552108185308428,0.05072194018706487,0.007930451818801315,0.009057845469470817,0.0057754970646304235
0.681,0.46393341290958456,0.07863090746960069,0.07510084518052405,0.05639843308927327,0.07592072304778143,0.02041538264853868,0.03128250642771538,0.010822651914915922,0.06980531158521308,0.0171524284165066,0.018514146961996252,0.0085541774941397,0.05070519128317105,0.007931001690472133,0.009059873162196721,0.005773006718370565
0.682,0.463933610543533,0.07865325867869585,0.07509158729710605,0.05640152025649503,0.07589422398078847,0.020412332452109,0.03128205398753333,0.01081853103902086,0.06983065996052351,0.017165356694067824,0.018508025995537795,0.00855622631143029,0.05068856032891431,0.007931599551238405,0.009061908864798922,0.005770544058207309
0.683,0.46393396662631553,0.0786755436803231,0.07508235051598527,0.056404503696708255,0.07586771296020857,0.020409281593476825,0.03128171748680038,0.010814409032688432,0.06985585594539993,0.01717817050099533,0.018501878923703797,0.00855825474556434,0.05067204755349535,0.007932245162575164,0.009063952382939913,0.005768109192819845
0.684,0.4639344783497603,0.07869776073749124,0.07507313460849552,0.056407383816201404,0.07584119308853711,0.02040623114817332,0.03128149618426711,0.010810286472245112,0.06988089895213254,0.017190869796248818,0.018495706739064102,0.008560262905948336,0.0506556531694774,0.007932938282032275,0.009066003524807777,0.005765702225117743
0.685,0.46393514292655824,0.07871990813580197,0.07506393935401467,0.05641016102450881,0.07581466743566893,0.02040318218084638,0.0312813893308054,0.010806163928781493,0.06990578841202744,0.017203454549485943,0.01848951042884779,0.008562250902977731,0.05063937737300309,0.007933678663292164,0.009068062101094843,0.005763323252285168
0.686,0.4639359575902987,0.07874198418338926,0.07505476453983918,0.05641283573441549,0.07578813903896002,0.02040013574521811,0.03128139616962854,0.010802041968133811,0.0699305237752438,0.017215924740967524,0.01848329097486217,0.008564218848003837,0.05062322034401025,0.007934466056227529,0.009070127924976114,0.005760972365825669
0.687,0.4639369195955025,0.07876398721085714,0.07504560996105988,0.056415408361961156,0.07576161090329159,0.020397092884044087,0.0312815159365096,0.010797921150866259,0.069955104510631,0.01722828036146249,0.01847704935341315,0.008566166853300932,0.050607182246446336,0.007935300206959038,0.009072200812087495,0.005758649651607514
0.6880000000000001,0.4639380262176496,0.07878591557121632,0.07503647542043948,0.0564178793264432,0.07573508600113651,0.02039405462907432,0.031281747859997974,0.010793802032254104,0.06997953010556669,0.01724052141215263,0.01847078653522716,0.008568095032033627,0.05059126322848189,0.007936180857912967,0.009074280580503824,0.005756355189909567
0.6890000000000001,0.4639392747532059,0.07880776763981961,0.0750273607282913,0.05642024905041904,0.07570856727262841,0.020391022001016043,0.031282091161634364,0.010789685162267613,0.07000380006579517,0.0172526479045372,0.018464503485374643,0.008570003498224503,0.05057546342272283,0.00793710774787886,0.009076367050716743,0.005754089055467691
0.6900000000000001,0.4639406625196433,0.07882954181429559,0.07501826570235959,0.05642251795970726,0.07568205762563264,0.020387996009498182,0.03128254505616387,0.010785571085556736,0.07002791391526622,0.017264659860337293,0.018458201163194878,0.008571892366721975,0.05055978294642136,0.00793808061206708,0.00907846004561238,0.005751851317521642
0.6910000000000001,0.463942186855459,0.07885123651448148,0.07500919016770094,0.056424686483388144,0.07565555993581981,0.020384977653037574,0.03128310875174736,0.010781460341436575,0.07005187119597456,0.017276557311400056,0.01845188052222243,0.008573761753168437,0.050544221901685886,0.007939099182166369,0.009080559390448887,0.005749642039862479
0.6920000000000001,0.4639438451201901,0.07887285018235433,0.07500013395656753,0.056426755053803186,0.0756290770467418,0.020381967919006903,0.03128378145017111,0.010777353463873669,0.07007567146779978,0.0172883402996028,0.01844554251011502,0.008575611773968667,0.050528780375689614,0.007940163186401322,0.00908266491283383,0.005747461280880432
0.6930000000000001,0.46394563469442496,0.0788943812819612,0.07499109690829131,0.0564287241065538,0.07560261176990951,0.02037896778360437,0.03128456234705457,0.010773250981472998,0.0700993143083467,0.01730000887675688,0.018439188068582864,0.008577442546258507,0.05051345844087794,0.007941272349589816,0.009084776442701439,0.005745309093613247
0.6940000000000001,0.4639475529798116,0.07891582829934791,0.07498207886916998,0.0564305940804991,0.0755761668848732,0.02037597821182506,0.03128545063205639,0.010769153417465802,0.07012279931278638,0.017311563104511516,0.018432818133319505,0.0085792541878738,0.05049825615517464,0.007942426393200377,0.00908689381228974,0.005743185525794973
0.6950000000000001,0.46394959739906305,0.07893718974248676,0.07497307969235392,0.056432365417752844,0.0755497451393049,0.020373000157433978,0.03128644548907867,0.01076506128969814,0.07014612609369754,0.01732300305425741,0.0184264336339341,0.008581046817319625,0.050483173562186755,0.007943625035409472,0.009089016856117562,0.005741090619905192
0.6960000000000001,0.46395176539595895,0.07895846414120272,0.07496409923773485,0.05643403856367949,0.07552334924908295,0.02037003456294082,0.03128754609646932,0.010760975110620213,0.07016929428090864,0.017334328807030314,0.01842003549388517,0.008582820553739792,0.05046821069140821,0.007944867991158717,0.00909114541096145,0.0057390244132186526
0.6970000000000001,0.4639540544353437,0.07897965004709859,0.07495513737183547,0.05643561396688938,0.07549698189837847,0.020367082359576374,0.03128875162722262,0.01075689538727643,0.07019230352134012,0.017345540453414403,0.018413624630415786,0.008584575516886612,0.05045336755842215,0.007946154972212013,0.009093279315832451,0.005736986937855324
0.6980000000000001,0.46395646200312396,0.07900074603347909,0.07494619396770084,0.05643709207923321,0.07547064573974445,0.02036414446727066,0.03129006124917808,0.01075282262129628,0.07021515347884777,0.017356638093445696,0.018407201954490252,0.008586311827091013,0.05043864416510223,0.007947485687212609,0.00909541841195289,0.0057349782208308536
0.6990000000000001,0.4639589856062597,0.07902175069527358,0.07493726890479066,0.05643847335579542,0.07544434339420611,0.020361221794632643,0.031291474125217246,0.010748757308885862,0.0702378438340661,0.0173676218365152,0.018400768370732155,0.008588029605232856,0.050424040499812195,0.007948859841740038,0.00909756254273297,0.005732998284107367
0.7000000000000001,0.4639616227727546,0.07904266264895754,0.07492836206887309,0.056439758254886785,0.0754180774513539,0.020358315238931637,0.03129298941345874,0.010744699940820213,0.07026037428425233,0.0173784918012721,0.018394324777363906,0.008589728972711591,0.05040955653760449,0.007950277138366973,0.009099711553747378,0.005731047144644655
0.7010000000000001,0.4639643710516437,0.07906348053247327,0.0749194733519199,0.05644094723803643,0.07539185046943832,0.0203554256860804,0.031294606267451626,0.01074065100243638,0.07028274454313128,0.017389248115526883,0.018387872066147715,0.008591410051417234,0.05039519224041747,0.007951737276716003,0.009101865292711807,0.005729124814451719
0.7020000000000001,0.4639672280129764,0.07908420300514897,0.07491060265200268,0.056442040769982556,0.07536566497546641,0.02035255401061975,0.03129632383636658,0.010736610973627169,0.07030495434074029,0.01739989091615431,0.01838141112232795,0.008593072963701577,0.05038094755727122,0.007953239953516242,0.009104023609459421,0.005727231300638632
0.7030000000000001,0.4639701912477988,0.07910482874761711,0.07490174987319058,0.05644303931866268,0.07533952346530064,0.02034970107570488,0.03129814126518551,0.010732580328835669,0.07032700342327504,0.017410420348996408,0.018374942824574938,0.008594717832349748,0.0503668224244621,0.007954784862659877,0.009106186355917301,0.005725366605468726
0.704,0.463973258368132,0.07912535646173158,0.07489291492544924,0.05644394335520301,0.0753134284037593,0.020346867733093285,0.03130005769488912,0.010728559537050476,0.0703488915529357,0.017420836568765457,0.01836846804493019,0.008596344780552061,0.05035281676575609,0.007956371695258584,0.009108353386082846,0.005723530726411107
0.705,0.463976427006948,0.07914578487048343,0.0748840977245408,0.05644475335390676,0.07528738222471894,0.020344054823134203,0.03130207226264266,0.010724549061801607,0.07037061850777374,0.017431139738946815,0.018361987648752996,0.008597953931876151,0.050338930492580494,0.007958000139699778,0.009110524556000147,0.005721723656193432
0.706,0.46397969481814333,0.07916611271791621,0.07487529819192543,0.05644546979224193,0.07526138733121851,0.02034126317475975,0.03130418410197979,0.010720549361157175,0.07039218408153927,0.017441330031701868,0.01835550249466846,0.008599545410239452,0.0503251635042146,0.007959669881702802,0.009112699723736361,0.005719945382854998
0.707,0.46398305947650975,0.07918633876903952,0.07486651625466374,0.0564460931508281,0.0752354460955655,0.020338493605477567,0.031306392342984574,0.010716560887720711,0.07041358808352889,0.017451407627770865,0.01834901343451688,0.008601119339881943,0.05031151568797878,0.007961380604374914,0.009114878749358062,0.005718195889800083
0.708,0.4639865186777029,0.07920646180974214,0.07485775184532079,0.056446623913422506,0.07520956085944366,0.02033574692136504,0.03130869611247153,0.010712584088629228,0.07043483033843405,0.017461372716375812,0.018342521313304567,0.00860267584533925,0.05029798691942236,0.007963131988267178,0.009117061494907609,0.005716475155851545
0.709,0.46399007013820737,0.07922648064670353,0.07484900490187095,0.05644706256690516,0.07518373393402245,0.020333023917065055,0.031311094534163794,0.010708619405551928,0.07045591068619,0.017471225495123317,0.01833602696915594,0.008604215051416012,0.050284577062509966,0.007964923711430165,0.009119247824379501,0.005714783155304654
0.71,0.46399371159530184,0.07924639410730507,0.07484027536760433,0.05644740960126355,0.07515796760006854,0.02033032537578337,0.031313586728869545,0.01070466727468967,0.07047682898182549,0.01748096616990753,0.01832953123326718,0.008605737083159627,0.05027128596980677,0.007966755449469577,0.009121437603696792,0.005713119857981185
0.711,0.46399744080701805,0.07926620103953941,0.07483156319103394,0.056447665509576014,0.0751322641080584,0.0203276520692874,0.03131617181465621,0.010700728126775002,0.07049758509531248,0.017490594954813015,0.018323034929861006,0.00860724206583423,0.050258113482661994,0.007968626875601601,0.00912363070068746,0.005711485229283674
0.712,0.46400125555210164,0.07928590031191969,0.0748228683258044,0.05644783078799484,0.07510662567829308,0.020325004757906648,0.031318848907023085,0.010696802387073004,0.07051817891141718,0.017500112072017744,0.018316538876143023,0.008608730124895074,0.05024505943139136,0.007970537660708227,0.009125826985060894,0.005709879230249925
0.713,0.46400515362996775,0.07930549081338728,0.07481419073060168,0.056447905935728265,0.07508105450101435,0.020322384190534507,0.031321617119071894,0.010692890475382686,0.07053861032955083,0.01750951775169608,0.018310043882259278,0.008610201385963185,0.05023212363545796,0.0079724874733923,0.009128026328384345,0.005708301817607681
0.714,0.46400913286065515,0.07932497145321854,0.0748055303690638,0.05644789145502182,0.07505555273652235,0.02031979110463165,0.031324475561675405,0.010688992806039093,0.07055887926362167,0.01751881223192181,0.018303550751255202,0.00861165597480033,0.05021930590365173,0.007974475980032442,0.009130228604059456,0.005706752943829475
0.715,0.46401319108477945,0.07934434116093111,0.0747968872096931,0.05644778785113901,0.07503012251529523,0.020317226226230903,0.03132742334364427,0.010685109787916073,0.07057898564188718,0.017527995758571332,0.018297060279035923,0.00861309401728435,0.0502066060342677,0.007976502844837818,0.009132433687298857,0.005705232557187657
0.716,0.46401732616348246,0.07936359888618873,0.07478826122576915,0.05644759563234105,0.07500476593810966,0.020314690269943505,0.031330459571891796,0.010681241824429682,0.07059892940680688,0.017537068585226762,0.018290573254327848,0.00861451563938478,0.05019402381528262,0.007978567729902668,0.009134641455102786,0.005703740601809563
0.717,0.4640215359783805,0.07938274359870555,0.07477965239526307,0.056447315309866034,0.07497948507616355,0.020312183938966912,0.031333583351596944,0.010677389313542235,0.0706187105148958,0.017546030973079267,0.018284090458641582,0.008615920967138816,0.05018155902453036,0.007980670295260702,0.009136851786235812,0.005702277017732819
0.718,0.46402581843151053,0.07940177428814939,0.07477106070075291,0.056446947397907246,0.0749542819711996,0.02030970792509399,0.03133679378636533,0.010673552647766982,0.07063832893657837,0.017554883190832406,0.01827761266623617,0.008617310126627595,0.050169211429875765,0.007982810198939276,0.009139064561203603,0.005700841740960792
0.719,0.3564169786964918,0.09659595040589206,0.1490760124038236,0.05075292167324507,0.0,0.0,0.0,0.0,0.2385826810150577,0.03798234262695478,0.04348250184518028,0.027110611333354757,0.0,0.0,0.0,0.0
0.72,0.35797526839732413,0.09682149879326633,0.1485976744106429,0.05082907096268979,2.599523849396525e-06,4.76668602880548e-07,1.3741734345274848e-06,6.440103641914824e-07,0.23770368123585542,0.03781271466668799,0.043217044088618595,0.027032408106004605,1.8542395976607644e-06,7.505117612735678e-07,2.4495392448725194e-06,4.906720554687167e-07
0.721,0.35952219314999107,0.09704350160590876,0.14811650530321863,0.05090453840347433,1.0366816493140396e-05,1.907433824361493e-06,5.497784032289033e-06,2.570338221471993e-06,0.236821611217541,0.037643121738941895,0.04295266036749525,0.02695345574131959,7.41313358772846e-06,2.9951082561339708e-06,9.713734544310885e-06,1.9481231499519897e-06
0.722,0.3610577230089964,0.09726196299822228,0.14763259117238242,0.05097932932437557,2.3260352993793827e-05,4.294817779779256e-06,1.2373935655265431e-05,5.771033268929633e-06,0.2359365672482158,0.03747357550132699,0.04268936803497871,0.026873765963212604,1.6673766464965668e-05,6.723762300633934e-06,2.166790603493153e-05,4.351173790893239e-06
0.723,0.362581829451278,0.09747688751717173,0.1471460176667627,0.05105344895959753,4.12387967045662e-05,7.641284929101724e-06,2.2004760609324955e-05,1.0237956683958506e-05,0.2350486451258907,0.03730408752825972,0.04242718387004357,0.026793350461500862,2.963229800529009e-05,1.1926210379677979e-05,3.8189112635118595e-05,7.678999548259927e-06
0.724,0.3640944853703602,0.0976882800989725,0.14665686998067193,0.051126902449378044,6.42609958975153e-05,1.194923942191851e-05,3.439143709719164e-05,1.596278640592752e-05,0.23415794014849192,0.03713466930996921,0.042166124088179636,0.026712220892246345,4.628397868786576e-05,1.8591958040948435e-05,5.915614010177406e-05,1.1911126077174549e-05
0.725,0.36559566507028746,0.09789614606572908,0.14616523284229657,0.0511996948406347,9.228598045552963e-05,1.722102250405567e-05,4.953420655600739e-05,2.2937022352591804e-05,0.2332645471041126,0.03696533225153993,0.04190620435196591,0.026630388878059373,6.662316503485033e-05,2.671028526167493e-05,8.444948902482155e-05,1.702742418486225e-05
0.726,0.3670853442593426,0.09810049112202496,0.14567119050218735,0.05127183108764861,0.00012527295862760487,2.3458909985598506e-05,6.743239087840987e-05,3.115199157155919e-05,0.23236856026150793,0.036796087671989774,0.04164743978151026,0.026547866008366148,9.064333486777504e-05,3.6270251787549953e-05,0.00011395136276202428,2.300810494199523e-05
0.727,0.36856350004355437,0.0983013213514653,0.14517482672204665,0.0513433160527849,0.00016318131384692605,3.0665109770094814e-05,8.80844095160804e-05,4.059885332712847e-05,0.23147007336083125,0.03662694680338305,0.041389844964755146,0.02646466383964112,0.00011833710247955501,4.726070244310865e-05,0.0001475456553166556,2.983371483850485e-05
0.728,0.3700301109199998,0.09849864321317399,0.14467622476381095,0.051414154507248774,0.00020597060161126735,3.8841759444700245e-05,0.00011148779646474812,5.126860412282012e-05,0.2305691796046108,0.03645792078997784,0.04113343396765064,0.026380793895605124,0.00014969623372114888,5.9670272412906336e-05,0.00018511793916053924,3.74851309839232e-05
0.729,0.371485156769902,0.0986924635382459,0.14417546737902515,0.05148435113187554,0.0002536005464252182,4.799092393101635e-05,0.00013763921712966817,6.315208265992401e-05,0.22966597164896144,0.0362890206874072,0.04087822034419482,0.026296267667389923,0.00018471166100190626,7.34873924928428e-05,0.00022655545300495256,4.594355635230661e-05
0.73,0.37292861885153183,0.09888278952615662,0.14367263679850667,0.05155391051795406,0.0003060310388037462,5.811459319636186e-05,0.0001665344850706243,7.623997473239277e-05,0.22876054159503353,0.03612025746189377,0.0406242171463429,0.026211096613670257,0.00022337349820266477,8.870029431099735e-05,0.00027174708952186624,5.519051507178511e-05
0.731,0.37436047979291337,0.09906962874113,0.14316781472229537,0.05162283716808165,0.00036322213233660414,6.921468002520682e-05,0.00019816857862553567,9.052281805841255e-05,0.22785298098069268,0.03595164198949708,0.040371436933785254,0.02612529216076397,0.00026567105550067576,0.00010529701551735382,0.00032058338301796765,6.520784775877225e-05
0.732,0.37578072358434145,0.09925298910846593,0.14266108230988847,0.051691135497049984,0.00042513404081308915,8.12930178504898e-05,0.00023253565741178148,0.00010599100704898772,0.2269433807724315,0.035783185055393366,0.04011989178359561,0.026038865702701263,0.00031159285410546324,0.00012326540494181026,0.00037295649706389734,7.5977706896862e-05
0.733,0.37718933557071044,0.09943287891082883,0.1421525201707558,0.051758809832760336,0.00049172713540666,9.435135864452763e-05,0.0002696290787043842,0.00012263479751387795,0.22603183135750848,0.03561489735318696,0.03986959329974977,0.025951828601263695,0.0003611266409047354,0.0001425931277198822,0.00042876021208109876,8.748255226042949e-05
0.734,0.37858630244366337,0.09960930678449859,0.14164220835513386,0.05182586441716725,0.0005629619419189193,0.00010839137086921826,0.0003094414136902276,0.00014044431130523147,0.22511842253631378,0.035446789484253186,0.039620552622515896,0.025864192185993888,0.00041425940301949537,0.00016326767038552352,0.00048788991288866487,9.970514638294507e-05
0.735,0.379971612233561,0.09978228171558534,0.14113022634509534,0.05189230340724947,0.0006387991380824639,0.00012341463748522712,0.00035196446359751006,0.00015940954089926,0.22420324351495843,0.03527887195711184,0.039372780437716984,0.025775967754176638,0.0004709773822675123,0.00018527634593050444,0.0005502425762125363,0.00011262855007000221
0.736,0.381345254301278,0.09995181303620927,0.14061665304589174,0.05195813087600697,0.0007191995509221107,0.00013942265401983847,0.00039718927569967023,0.00017952035391630543,0.22328638289808547,0.03511115518683117,0.03912628698586653,0.025687166570792282,0.0005312660895343394,0.00020860629882979968,0.0006157167581593868,0.00012623611795705122
0.737,0.38270721932982876,0.10011791042064674,0.1401015667775658,0.0520233508134831,0.0008041241541739978,0.00015641682669314375,0.0004451061591930468,0.00020076649757965037,0.22236792868190028,0.03494364949446145,0.03888108207117796,0.02559779986844311,0.0005951103190510831,0.000233244510032455,0.0006842125816575048,0.00014051149411182324
0.738,0.38405749931582617,0.10028058388144413,0.1395850452668313,0.05208796712781065,0.000893534065762068,0.00017439847060223077,0.0004957047009475657,0.00022313760311342898,0.22144796824741814,0.034776365106498015,0.0386371750704488,0.02550787884725354,0.0006624941625781492,0.0002591778019174147,0.0007556317238669572,0.00015543860768142022
0.739,0.38539608756077876,0.10043984376550051,0.13906716563921726,0.05215198364628073,0.0009873905453314325,0.0001933688079630273,0.0005489737811297785,0.00024662319007999635,0.22052658835392683,0.03460931215437288,0.03839457494182045,0.025417414674744915,0.0007334010234942109,0.00028639284321380705,0.0008298774035613005,0.0001710016685840393
0.74,0.3867229786622295,0.1005957007501207,0.13854800441147394,0.052215404116433724,0.0010856549918381224,0.00021332896640944597,0.0006049015886976023,0.00027121267065711855,0.21960387513266164,0.03444250067397493,0.03815329023341431,0.02532641848568562,0.0008078136307896679,0.00031487615388519887,0.0009068543684830746,0.00018718516324529164
0.741,0.3880381685047395,0.10074816583903973,0.1380276374842375,0.05227823220717082,0.0011882889411947218,0.00023427997734946812,0.0006634756367661417,0.00029689535385534773,0.21867991408069123,0.03427594060519768,0.037913329091845076,0.0252349013819173,0.00088571405296388,0.0003446141099773445,0.000986468882675297,0.00020397385037906828
0.742,0.3893416542507208,0.1008972503584199,0.1375061401349505,0.05234047150988542,0.0012952540639713907,0.0002562227743777947,0.0007246827778440022,0.0003236604496759499,0.21775479005501094,0.034109641791514524,0.03767469927061227,0.025142874432157916,0.0009670837118254837,0.0003755929484289679,0.0010686287137911432,0.00022135275681289766
0.743,0.3906334343311236,0.10104296595282222,0.13698358701103608,0.052402125539613424,0.0014065121631517729,0.0002791581917446889,0.0007885092189395339,0.0003514970732097552,0.2168285872668431,0.033943613979580796,0.037437408138370695,0.025050348671782473,0.0010519033961951202,0.0004077987718451331,0.0011532431203839886,0.00023930717335773354
0.744,0.39191350843597805,0.10118532458115245,0.13646005212332163,0.052463197736201145,0.0015220251719432888,0.0003030869628806199,0.0008549405365364635,0.0003803942486773028,0.2159013892761395,0.03377786681886214,0.03720146268708067,0.024957335102581937,0.0011401532755099181,0.0004412175532327663,0.0012402228391799382,0.00025782265072210104
0.745,0.39318187750479944,0.1013243385125842,0.13593560883971068,0.05252369146549021,0.0016417551516413175,0.0003280097189763182,0.000923961691438419,0.0004103409134106571,0.21497327898628685,0.033612409861288925,0.03696686954003917,0.024863844692501327,0.001231812913329102,0.0004758351406979148,0.0013294800723349818,0.00027688499547052646
0.746,0.3944385437168547,0.1014600203224591,0.1354103298790989,0.05258361002051825,0.0017656642895467589,0.0003539269876178385,0.0009955570434818555,0.0004413259217772698,0.21404433863901004,0.033447252560935926,0.0367336349597925,0.024769888375357513,0.001326861280740111,0.0005116372621043337,0.0014209284746788452,0.0002964802660261637
0.747,0.3956835104812997,0.10159238288816616,0.13488428730553195,0.05264295662273447,0.0018937148969364818,0.0003808391914762233,0.0010697103661169373,0.0004733380490462719,0.21311464980947276,0.033282404273727105,0.03650176485593153,0.024675477050537513,0.0014252767696646366,0.0005486095296930099,0.0015144831409476236,0.00031659476871752866
0.748,0.396916782427187,0.101721439385001,0.13435755252260248,0.0527017344232294,0.002025869407086153,0.0004087466470513512,0.0011464048608559498,0.000506365995197574,0.21218429340157327,0.03311787425716486,0.03627126479277046,0.02458062158267799,0.001527037206064005,0.0005867374446622438,0.0016100605930072333,0.0003372150538692413
0.749,0.39813836539334835,0.10184720328200599,0.1338301962680826,0.05275994650397746,0.002162090373344942,0.00043764956346954725,0.001225623171588834,0.0005403983886741603,0.21125334964343107,0.03295367167008317,0.03604213999690986,0.024485332801326563,0.0016321198630433464,0.0006260064017079227,0.001707578767069693,0.0003583279119366711
0.75,0.39934826641815835,0.10196968833779323,0.1333022886087901,0.052817595879091954,0.002302340467261608,0.0004675480413345279,0.0013073473987654845,0.0005754237900779642,0.21032189808306506,0.0327898055724246,0.035814395364685135,0.024389621500585792,0.0017405014738540257,0.000666401693523635,0.0018069570009042462,0.00037992036968437524
0.751,0.4005464937291789,0.10208890859635042,0.13277389893568461,0.052874685496091256,0.002446582476761455,0.0004984420716312441,0.0013915591134444527,0.0006114306958097117,0.2093900175842587,0.03262628492504023,0.03558803546950114,0.02429349843874029,0.001852158244793812,0.0007079085152602838,0.001908116021045274,0.0004019796864082087
0.752,0.4017330567326904,0.10220487838283167,0.13224509595919146,0.052931218237175455,0.0025947793043736658,0.0005303315346821807,0.0014782393712077398,0.000648407541653124,0.20845778632261083,0.03246311858951231,0.03536306456905404,0.02419697433786781,0.0019670658680042944,0.0007505119689448742,0.0020109779299989578,0.0004244933502009842
0.753,0.4029079660031138,0.10231761229933396,0.1317159477047498,0.052987196920512604,0.0027468939655084976,0.0005632161991556665,0.0015673687259413823,0.0006863427063038728,0.20752528178176982,0.03230031532799928,0.03513948661244121,0.02410005988343489,0.002085199534165068,0.0007941970678581611,0.0021154661934505983,0.0004474490742615502
0.754,0.4040712332723237,0.10242712522066,0.13118652150858243,0.05304262430153365,0.0029028895867838425,0.0005970957211257378,0.001658927243481558,0.0007252245148436769,0.20659258074984835,0.03213788380310235,0.03491730524716023,0.02400276572387771,0.0022065339450842276,0.0008389487408708529,0.0022215056274744924,0.00047083479324714733
0.755,0.4052228714188613,0.10253343229006975,0.13065688401368536,0.053097503074235455,0.0030627294044006633,0.0006319696431831008,0.0017528945151259758,0.0007650412421599462,0.2056597593160178,0.03197583257775379,0.03469652382599805,0.023905102470168863,0.0023310433261847477,0.000884751836738089,0.0023290223857482424,0.0004946386596689057
0.756,0.4063628944570451,0.10263654891502001,0.13012710116603185,0.053151835872490706,0.0032263767625667675,0.000667837393596723,0.0018492496710103134,0.0008057811163113565,0.20472689286727808,0.03181417011512579,0.03447714541381083,0.02380708069537054,0.0024587014388863003,0.0009315911283519062,0.0024379439467733196,0.000518849040330326
0.757,0.4074913175259869,0.10273649076289479,0.12959723821099112,0.053205625271364416,0.0033937951119684556,0.0007046982855255884,0.001947971393349523,0.0008474323218397669,0.20379405608540238,0.03165290477856013,0.03425917279419603,0.023708710934174957,0.0025894815928821425,0.0009794513169514385,0.0025481991011037275,0.0005434545128085969
0.758,0.40860815687851393,0.10283327375672625,0.1290673596899562,0.05325887378843576,0.003564948008289513,0.000742551516280136,0.00204903792954382,0.000889983003028872,0.20286132294405365,0.03149204483151777,0.03404260847605727,0.023610003682432445,0.002723356658310667,0.001028317036290591,0.0026597179385845393,0.0005684438619785814
0.759,0.4097134298700025,0.10292691407090798,0.1285375294371802,0.05331158388512481,0.0037397991107770553,0.0007813961666329063,0.0021524271051492163,0.0009334212671099932,0.20192876670607066,0.03133159843754815,0.033827454700063035,0.023510969396667955,0.002860299077821263,0.0010781728567629532,0.002772431835602087,0.000593806076579311
0.76,0.4108071549471249,0.10301742812690141,0.12800781057681615,0.053363757968023326,0.003918312180853716,0.0008212312001779055,0.0022581163367124614,0.0009777351874154122,0.20099645992092194,0.031171573660277774,0.03361371344500031,0.023411618493586514,0.0030002808785341475,0.0011290032894837219,0.002886273442347543,0.0006195303458228115
0.761,0.4118893516365137,0.10310483258893634,0.1274782655201597,0.05341539839022879,0.004100451080775687,0.0008620554627382008,0.002366082644470306,0.001022912806479651,0.20006447442232472,0.031011978463417602,0.033401386434024086,0.023311961349568224,0.0031432736838938246,0.001180792790328417,0.003001176670095612,0.000645606056045086
0.762,0.4129600405333469,0.1031891443597065,0.12694895596309008,0.05346650745268115,0.00428617977233609,0.0009038676818212525,0.0024763026649129924,0.0010689421390891046,0.19913288132602683,0.030852820710788893,0.03319047514080357,0.02321200830015343,0.0032892487254158817,0.0012335257639281866,0.0031170766785000277,0.0006720227873990692
0.763,0.4140192432898563,0.10327038057606149,0.12641994288370725,0.053517087405501276,0.004475462315613192,0.0009466664661214808,0.0025887526632119265,0.0011158111752804286,0.19820175102774953,0.03069410816636708,0.03298098079556631,0.023111769639518588,0.00343817685432682,0.0012871865676215065,0.003233909862907519,0.0006987703105893698
0.764,0.41506698260376296,0.10334855860469555,0.12589128654016257,0.05356714044933077,0.004668262867762953,0.0009904503050695674,0.002703408545511493,0.0011635078832880968,0.197271153201289,0.03053584849434327,0.03277290439104102,0.023011255619943414,0.0035900285530966504,0.0013417595153620958,0.003351613841691894,0.0007258385836486017
0.765,0.4161032822066439,0.10342369603783476,0.1253630464686799,0.05361666873667229,0.00486454568185542,0.0010352175684279845,0.0028202458710850104,0.001212020212441531,0.1963411567967741,0.030378049259203028,0.032566246688300264,0.022910476451269927,0.003744773946864006,0.0013972288815828763,0.003470127443609858,0.0007532177487551138
0.766,0.4171281668522304,0.10349581068892273,0.12483528148176416,0.0536656743732296,0.005064275105754437,0.0010809665059322382,0.002939239864354819,0.0012613360960122152,0.1954118300390782,0.030220717925821997,0.03236100822250385,0.022809442300353824,0.00390238281475352,0.0014535789050158152,0.003589390695180152,0.0007808981290919078
0.767,0.418141662304645,0.10356492058830682,0.12430804966659509,0.053714159419247065,0.005267415581040199,0.0011276952469773142,0.003060365426776551,0.0013114434540112039,0.19448324042638296,0.030063861859577944,0.03215718930854401,0.02270816329050886,0.004062824601085267,0.0015107937924675053,0.0037093448080875876,0.0008088702257465424
0.768,0.4191437953265758,0.1036310439789247,0.1237814083836029,0.0537621258908475,0.005473931641974126,0.0011754018003488072,0.0031835971485876303,0.0013623301959374363,0.19355545472889232,0.02990748832647899,0.03195479004659336,0.02260664950094464,0.0042260684264760475,0.001568857722550345,0.00382993216661352,0.0008371247146518098
0.769,0.42013459366739575,0.10369419931199304,0.12325541426522335,0.05380957576136817,0.005683787914505581,0.0012240840539982114,0.003308909320420069,0.0014139842234772667,0.19262853898769344,0.029751604493307483,0.03175381032755658,0.022504910966198468,0.004392083098832351,0.0016277548493691895,0.003951096315094275,0.0008656524435669675
0.77,0.4211140860512256,0.10375440524269865,0.12273012321482923,0.05385651096269399,0.005896949115319897,0.0012737397748618482,0.0034362759447776653,0.0014663934331556245,0.1917025585137633,0.029596217427779226,0.03155424983842686,0.02240295767556165,0.004560837124234798,0.0016874693061633586,0.004072781945409018,0.0008944444290993039
0.771,0.422082302164948,0.10381168062589333,0.12220559040583584,0.053902933386587706,0.0061133800509272605,0.0013243666087229052,0.003565670747377713,0.0015195457189392198,0.19077757788711894,0.029441334098717745,0.031356108067548134,0.022300799572500907,0.004732298717713954,0.0017479852089039003,0.00419493488449855,0.0009234918537658173
0.772,0.42303927264617125,0.10386604451179302,0.1216818702809773,0.05394884488601605,0.006333045616791899,0.0013759620801160526,0.003697067188357356,0.0015734289747921985,0.18985366095610812,0.0292869613762431,0.03115938430978397,0.022198446554075213,0.0049064358139173396,0.0018092866598460049,0.004317502081916452,0.0009527860630947699
0.773,0.4239850290711484,0.10391751614168211,0.1211590165517511,0.05399424727647165,0.006555910796501117,0.0014285235922741038,0.0038304384733447404,0.001628031097184672,0.18893087083683907,0.02913310603197495,0.030964077671594304,0.022095908470348705,0.005083216077667539,0.0018713577510364914,0.004440431597414009,0.0009823185627668932
0.774,0.42491960394265527,0.1039661149436242,0.12063708219802866,0.05403914233729014,0.00678194066097367,0.0014820484271161928,0.00396575756439516,0.0016833399875545334,0.18800926991274752,0.02897977473924964,0.030770187076020906,0.021993195123800113,0.005262606914411314,0.0019341825677762986,0.004563672588560322,0.0010120810157960025
0.775,0.4258430306778269,0.10401186052817935,0.120116119467828,0.05408353181296146,0.007011100367706959,0.0015365337452769156,0.004102997190792353,0.0017393435547229641,0.18708891983429768,0.0288269740733507,0.030577711267582536,0.021890316268729067,0.00544457548055961,0.0019977451920378964,0.004687175298398941,0.0010420652397487768
0.776,0.426755343595959,0.10405477268412931,0.11959617987724723,0.05412741741443556,0.00724335516006257,0.001591976586175906,0.0042421298597151835,0.0017960297172640617,0.18616988151881597,0.028674710511752632,0.030386648817080895,0.021787281610659917,0.005629088693718405,0.0020620297058375836,0.00481089104314239,0.001072263204003465
0.777,0.4276565779062749,0.1040948713742114,0.11907731421055504,0.054170800820421444,0.007478670366589682,0.0016483738681273025,0.004383127866769953,0.0018533864058289933,0.18525221515045562,0.0285229904343776,0.030196998126318327,0.021684100805743442,0.005816113242810369,0.002127020194562615,0.004934772199905916,0.0011026670270472669
0.778,0.4837921536033823,0.0,0.251873682132562,0.0,0.007924688925971679,0.0,0.008880262650495657,0.0,0.1318138580243878,0.0,0.10026308903176205,0.0,0.010187162618471614,0.0,0.005265103012966984,0.0
0.779,0.4848768474655468,1.1224302564754386e-06,0.25104016540289603,2.1382707696499823e-06,0.008198793325211924,3.9437427167716565e-08,0.009137966735520503,3.516510302440814e-08,0.1315567803413034,4.4505391401242146e-07,0.09929080559616779,5.820999516304489e-07,0.010492423447052566,2.3423800461240182e-08,0.005401786831702049,4.4973376486469004e-08
0.78,0.4859468960585007,4.483376092462484e-06,0.25020186772551,8.524616278290581e-06,0.008477215951558273,1.624634863745952e-07,0.009397729373062614,1.444599212394578e-07,0.13129473800413372,1.7652811635882816e-06,0.09832448930383829,2.3093171676762344e-06,0.01080056492777321,9.630900542397863e-08,0.005538828562795216,1.8426971287774327e-07
0.781,0.48700234073924165,1.0077314712520924e-05,0.24935891617807132,1.911838046471482e-05,0.008759925684326045,3.7631719007768266e-07,0.009659481411610923,3.3373115336178695e-07,0.1310278283437686,3.939604518236593e-06,0.09736416735512145,5.154175099820672e-06,0.011111512446319187,2.2270285926901298e-07,0.005676181102890273,4.245126524208883e-07
0.782,0.48804322444899556,1.7898333878602053e-05,0.24851143706130355,3.3878664462675945e-05,0.00904689063006012,6.883643062439653e-07,0.009923154093267994,6.089140003514364e-07,0.1307561481346242,6.94714966809958e-06,0.09640986586561058,9.089536284668285e-06,0.011425191639929206,4.066998207681011e-07,0.005813798125857126,7.723379302488949e-07
0.783,0.48906959168693775,2.794013950428988e-05,0.24765955588862332,5.276433950259687e-05,0.009338078138154857,1.1060912865368211e-06,0.010188679062367322,9.760272676822412e-07,0.1304797935858459,1.076724818067702e-05,0.09546160987641193,1.408860268779808e-05,0.011741528409708563,6.524373746901637e-07,0.005951634079941064,1.2343862048398433e-06
0.784,0.49008148848395305,4.019606323532343e-05,0.24680339737606052,7.573405966159141e-05,0.009633454816436354,1.637099250784995e-06,0.010455988373910529,1.4411685034914469e-06,0.1301988603327596,1.5379440341100706e-05,0.09451942336444154,2.0124915937601978e-05,0.012060448932716647,9.640919130494983e-07,0.006089644184774702,1.8172961040490055e-06
0.785,0.49107896237643606,5.46590700143705e-05,0.24594308543245894,0.00010274627446085703,0.009932986546704171,2.289098028516752e-06,0.010725014501824686,2.010509174197683e-06,0.12991344342856787,2.0763477877146828e-05,0.0935833292527483,2.717235745134338e-05,0.012381879673828831,1.3458746862010284e-06,0.0062277844282559395,2.527697482508509e-06
0.786,0.4920620623801402,7.132176562806127e-05,0.245078743149957,0.0001337592413095621,0.010236638500229754,3.0699002583199247e-06,0.010995690347040194,2.6902898791234992e-06,0.1296236373362899,2.6899326570187384e-05,0.09265334942086208,3.520514845584464e-05,0.012705747397373455,1.802027823957161e-06,0.006366011563295322,3.3722048872073542e-06
0.787,0.4930308389640778,9.017640423432686e-05,0.2442104927947446,0.00016873103779441206,0.010544375153208713,3.987415545766591e-06,0.011267949245389543,3.4868156056064747e-06,0.12932953592094185,3.3767168753294023e-05,0.09172950471516353,4.419784990518605e-05,0.013031979178544402,2.3368204268710078e-06,0.006504283104436082,4.357411228082996e-06
0.788,0.4939853440244785,0.00011121489586812684,0.2433384557980954,0.00020761957381414063,0.010856160302164415,5.049644680619148e-06,0.011541724975327444,4.406451026031437e-06,0.12903123244195677,4.134740569771991e-05,0.09081181495927454,5.4125362297772784e-05,0.013360502414590069,2.9545447278015176e-06,0.0066425573243501955,5.489881650474453e-06
0.789,0.4949256308588081,0.00013442881392368512,0.2424627527476715,0.0002503826035582307,0.011171957079300066,6.2646739140125475e-06,0.011816951765472747,5.45561583816555e-06,0.1287288195458396,4.96206598889962e-05,0.08990029896446648,6.496292539510011e-05,0.013691244835779305,3.6595123238474723e-06,0.006780793250213646,6.7761476063058165e-06
0.79,0.4958517541398554,0.00015980940261139365,0.24158350337909912,0.0002969777373292306,0.0114917279677968,7.6406692962855e-06,0.01209356430197273,6.640780150128063e-06,0.12842238925905705,5.8567777193890784e-05,0.08899497454008444,7.668611784452124e-05,0.01402413451614522,4.456050478709322e-06,0.0069189506599641485,8.222701120888349e-06
0.791,0.49676376988988874,0.00018734758438757824,0.24070082656781172,0.0003473624532080856,0.01181543481705512,9.18587107611145e-06,0.012371497735690193,7.96845991127711e-06,0.12811203298115834,6.816982891948677e-05,0.08809585850398544,8.927085670829566e-05,0.014359099884007517,5.348498495510432e-06,0.007056990078444476,9.835989252248743e-06
0.792,0.49766173545488973,0.00021703396735536041,0.23981484032115996,0.0004014941085619668,0.012143038857877281,1.0908588161558231e-05,0.012650687689214088,9.445212390247435e-06,0.12779784147812556,7.840811376564787e-05,0.0872029666929885,0.00010269339690117054,0.014696069732274308,6.341204160082563e-06,0.007194872773434564,1.1622408739910956e-05
0.793,0.49854570947886717,0.00024885885263488524,0.23892566177078559,0.00045932995139413054,0.012474500717588106,1.2817192643683355e-05,0.012931070263694184,1.1077631701325032e-05,0.12747990487595057,8.926415967214731e-05,0.0863163139733348,0.00011693033053872148,0.015034973228524245,7.438520254694182e-06,0.007332560751575491,1.3588300840078917e-05
0.794,0.4994157518782546,0.00028281224170122237,0.23803340716525623,0.0005208271315353981,0.012809780435091782,1.4920114383250033e-05,0.013212582045500486,1.287234438029744e-05,0.12715831265443625,0.00010071972556174416,0.08543591425115549,0.0001319585861986526,0.015375739924869852,8.644801142174587e-06,0.007470016754188375,1.5739946344187614e-05
0.795,0.5002719238163972,0.00031888384368828455,0.23713819186295942,0.0005859427116768996,0.01314883747586233,1.722583566112714e-05,0.013495160112708042,1.4836005010872056e-05,0.12683315364121966,0.00011275680298050036,0.08456178048294585,0.00014775542809723053,0.015718299767603035,9.964399420361835e-06,0.007607204252991263,1.8083560777810516e-05
0.796,0.5011142876781328,0.00035706308265714796,0.23624013032525443,0.0006546336782437819,0.013491630746865475,1.9742885892914753e-05,0.013778742041407992,1.6975291902709136e-05,0.12650451600601484,0.00012535761763663822,0.08369392468604363,0.00016429845518300173,0.016062583106623854,1.1401662646778003e-05,0.007744087445717019,2.0625289776931993e-05
0.797,0.501942907044469,0.00039733910482718857,0.23533933610987734,0.0007268569521096227,0.013838118611409487,2.2479836408314834e-05,0.014063265911845414,1.9296902822070873e-05,0.1261724872550724,0.00013850463083924452,0.08283235794910938,0.000181565600149915,0.0164085207046534,1.2960930133411366e-05,0.00788063125163513,2.3371204638614004e-05
0.798,0.502757846667362,0.0004397007857684945,0.23443592186459944,0.000802569399151359,0.01418825890392299,2.544529529574539e-05,0.014348670314384967,2.1807550776043944e-05,0.12583715422585426,0.00015218054083813558,0.08197709044260776,0.00019953512837194765,0.016756043746232033,1.4646529811461865e-05,0.008016801306980417,2.63272980431078e-05
0.799,0.5035591724446006,0.00048413673755404364,0.23352999932113438,0.0008817278406445723,0.01454200894465736,2.8647902312674524e-05,0.014634894355304982,2.4513959851248878e-05,0.12549860308191982,0.00016636828406620097,0.08112813142928706,0.00021818563676130604,0.017105083846503943,1.6462775165883386e-05,0.008152563960291515,2.9499479944482137e-05
0.8,0.5043469513948009,0.0005306353158701773,0.23262167928929342,0.0009642890634990348,0.014899325554311742,3.2096323862129564e-05,0.014921877662420976,2.7422861107907032e-05,0.1251569193080225,0.00018105103628555095,0.08028548927465598,0.00023749605255224748,0.01745557305978926,1.841396223953422e-05,0.008287886267661993,3.289357362686143e-05
0.801,0.5051212516325103,0.0005791846270839339,0.23171107165138527,0.0010502098303344614,0.015260165068578527,3.579924803581492e-05,0.015209560390539391,3.0540988530093424e-05,0.12481218770541337,0.00019621221363879643,0.07944917145745564,0.00025744563201254416,0.017807443887944814,2.0504366706725365e-05,0.008422735987906957,3.6515311923388606e-05
0.802,0.5058821423434331,0.0006297725352658441,0.23079828535685826,0.0011394468893964622,0.015624483352607285,3.976537972425102e-05,0.015497883226742512,3.38750750329622e-05,0.12446449238734945,0.00021183547360679452,0.07861918458012475,0.0002780139590845838,0.018160629288514807,2.2738241015935303e-05,0.008557081577647905,4.0370333595049304e-05
0.803,0.506629693759772,0.0006823866691668277,0.229883428417183,0.0012319569843127379,0.01599223581538516,4.400343579432564e-05,0.015786787395505493,3.743184852769069e-05,0.12411391677480448,0.00022790471587419786,0.077795534379257,0.0002991809439580783,0.018515062682672542,2.511981160143918e-05,0.00869089218631861,4.446417986651613e-05
0.804,0.5073639771356959,0.0007370144291478604,0.2289666079009716,0.0013276968636895992,0.016363377424031773,4.8522140334627566e-05,0.016076214663646414,4.121802804484759e-05,0.12376054359237944,0.000244404083104147,0.07697822573604825,0.00032092682157632344,0.018870677962954566,2.765327616358032e-05,0.00882413765109474,4.8802291116193724e-05
0.805,0.5080850647229351,0.0007936429940611275,0.22804792992933326,0.0014266232905489518,0.01673786271800684,5.333021996891204e-05,0.016366107345110507,4.524031991685173e-05,0.1234044548644108,0.0002613179616234514,0.0761672626867327,0.00034323215007793246,0.019227409500788464,3.0342801017392642e-05,0.008956788491749936,5.3390003717667926e-05
0.806,0.5087930297465055,0.0008522593280814,0.2271274996714612,0.0015286930516059062,0.017115645823228463,5.84363992380259e-05,0.016656408305589336,4.950541402014837e-05,0.12304573191127322,0.00027863098201960277,0.07536264843300562,0.0003660778091759337,0.01958519215381558,3.319251850926314e-05,0.009088815905440948,5.823254702978431e-05
0.807,0.5094879463805687,0.0009128501874864236,0.2262054213404501,0.001633862966387243,0.01749668046610055,6.384939605060036e-05,0.016947060966976214,5.40199800776925e-05,0.12268445534587506,0.0002963280196509709,0.07456438535243178,0.00038944499847610667,0.019943961273010142,3.6206524501305606e-05,0.009220191761424522,6.333504053260484e-05
0.808,0.5101698897244282,0.0009754021273851267,0.2252817981893409,0.0017420898961909826,0.017880919987447345,6.957791720279829e-05,0.017238009311658795,5.879066402229053e-05,0.12232070507034377,0.0003143941950715309,0.07377247500883746,0.0004133152357363982,0.020303652709596026,3.938887592309839e-05,0.009350888595708541,6.870249110651308e-05
0.809,0.5108389357786667,0.001039901508392506,0.22435673250739102,0.0018533307528873675,0.018268317356353626,7.563065396738257e-05,0.01752919788664997,6.382408442131539e-05,0.1219545602728989,0.0003328148743714729,0.07298691816268549,0.0004376703550692411,0.020664202821762675,4.274358839042169e-05,0.009480879605640069,7.433979045176235e-05
0.81,0.5114951614214261,0.0011063345032500654,0.22343032561656556,0.001967542507561585,0.018658825183908646,8.201627775235173e-05,0.01782057180755815,6.912682896327328e-05,0.12158609942490974,0.0003515756694350456,0.07220771478143022,0.000462492505088567,0.021025548481181443,4.62746338906128e-05,0.009610138644432697,8.025171264578322e-05
0.811,0.5121386443848348,0.0011746871033907382,0.2225026778682503,0.0020846821989986245,0.019052395736852423,8.874343582936912e-05,0.018112076762398198,7.470545100666565e-05,0.1212154002781361,0.00037066243811698644,0.07143486404985279,0.0004877641470032903,0.021387627079324054,4.9985938534141446e-05,0.009738640215635804,8.644291183559112e-05
0.812,0.5127694632315838,0.0012449451254472387,0.22157388864018007,0.002204706942010671,0.019448980951122664,9.582074713219174e-05,0.018403659015244014,8.056646619155407e-05,0.12084253986214881,0.00039006128433888965,0.07066836438037405,0.0005134680526590035,0.021750376533584394,5.3881380371991054e-05,0.009866359467548078,9.291792006265675e-05
0.8130000000000001,0.5133876973316548,0.001317094217702831,0.22064405633358292,0.002327573935607498,0.01984853244530084,0.00010325679812528478,0.01869526540972405,8.671634911420226e-05,0.12046759448192787,0.00040975855810686457,0.06990821342334416,0.000539587302529609,0.02211373529320531,5.79647872784164e-05,0.00999327218757776,9.968114521762626e-05
0.8140000000000001,0.5139934268392047,0.0013911198664835463,0.219713278370536,0.002453240471010349,0.020251001533955947,0.00011106013874278871,0.01898684337236098,9.316153006513564e-05,0.12009063971563581,0.0004297408554518345,0.06915440807730755,0.0005661052836605861,0.02247764234501186,6.223993489863316e-05,0.010119354796551999,0.0001067368691223018
0.8150000000000001,0.5145867326696055,0.0014670074024908863,0.21878165119153098,0.0025816639395098337,0.020656339240884464,0.00011923927839798621,0.019278340915756708,9.990839183092561e-05,0.11971175041256392,0.00044999501829382546,0.0684069444992418,0.0005930056875655638,0.022842037218952612,6.671054466098013e-05,0.010244584342977647,0.00011408924573631572
0.8160000000000001,0.5151676964766465,0.0015447420070741206,0.2178492702532462,0.0027128018401683975,0.02106449631224518,0.00012780268206339607,0.019569706641623965,0.00010696326655997385,0.1193310006912483,0.0004705081342315941,0.06766581811476904,0.0006202725080778517,0.02320685999345047,7.138028185308064e-05,0.010368938497255809,0.00012174229948595611
0.8170000000000001,0.5157364006298978,0.001624308718441283,0.21691623002652358,0.00284661178736797,0.021475423229587436,0.0001367587664216037,0.01986088974366579,0.00011433243269254011,0.11894846393775428,0.0004912675362589394,0.06693102362833894,0.0006478900391585537,0.02357205130056471,7.625275376151661e-05,0.010492395545852448,0.0001296999237126254
0.8180000000000001,0.5162929281922399,0.0017056924378080285,0.21598262399454632,0.002983051518203398,0.021889070222771572,0.00014611589608691658,0.02015184001030411,0.00012202211195522537,0.11856421280412548,0.0005122608024090415,0.06620255503338147,0.0006758428726628658,0.02393755233096571,8.133150787451448e-05,0.01061493438542727,0.00013796587923843633
0.8190000000000001,0.5168373628975602,0.001788877935483539,0.21504854465121653,0.003122078899722355,0.022305387282780212,0.00015588237989791687,0.02044250782725885,0.00013003846642009291,0.11817831920699638,0.0005334757553281721,0.06548040562242873,0.000704115896066137,0.024303304838724157,8.662003014713064e-05,0.010736534516923104,0.00014654379304647515
0.8200000000000001,0.5173697891286212,0.0018738498568926915,0.21411408349972919,0.0032636519360123967,0.02272432417441929,0.000166066467280963,0.020732844179978796,0.00013838759562857922,0.11779085432636516,0.0005549004617801115,0.06476456799720441,0.0007326942901512495,0.024669251145916248,9.212174332841081e-05,0.010857176039618012,0.000155437157073285
0.8210000000000001,0.5178902918950977,0.0019605927285337374,0.2131793310513395,0.003407728775135891,0.023145830448907462,0.00017667634468467342,0.02102280065592551,0.00014707553378031697,0.11740188860452437,0.0005765232320826069,0.06405503407867959,0.0007615635266588454,0.02503533414704653,9.784000534998619e-05,0.010976839645142187,0.0001646493271111463
0.8220000000000001,0.5183989568117914,0.002049090963870778,0.21224437682432154,0.0035542677159135752,0.02356985545635288,0.00018772013208540904,0.021312329446711752,0.00015610824698696519,0.11701149174514733,0.0005983326194772058,0.06335179511709385,0.0007907093659019106,0.025401497313290156,0.00010377810777555767,0.011095506611461806,0.00017418352181775557
0.8230000000000001,0.51889587007702,0.00213932886916036,0.21130930934311642,0.003703227214557538,0.023996348358116253,0.0001992058795637521,0.021601383350095767,0.00016549163059111283,0.11661973271252808,0.0006203174194337912,0.06265484170194081,0.0008201178543462042,0.02576768469655622,0.00010993927431070899,0.011213158796831985,0.00018404282183092917
0.8240000000000001,0.5193811184511857,0.0022312906492115035,0.21037421613766497,0.0038545658911544,0.02442525813905892,0.00021114156395196036,0.021889915771832698,0.00017523150655029336,0.11622667973097131,0.0006424666688911385,0.061964163771916256,0.0008497753221579852,0.02613384093337373,0.00011632665937247745,0.011329778633720698,0.00019423016898597968
0.8250000000000001,0.5198547892355232,0.0023249604130785757,0.20943918374292492,0.00400824253599958,0.024856533619675245,0.00022353508555236008,0.02217788072738467,0.00018533362088612434,0.11583240028433156,0.0006647696454348174,0.06127975062482863,0.0008796683807204865,0.02649991124860223,0.0001229433467181031,0.011445349122705926,0.00020474836563344134
0.8260000000000001,0.5203169702510312,0.0024203221796863855,0.2085042976985687,0.00416421611578347,0.025290123468108033,0.00023639426492662218,0.022465232843490904,0.00019580364119855628,0.11543696111569789,0.0006872158664137494,0.06060159092747026,0.000909783920120545,0.026865841458968493,0.00012979234813236486,0.011559853826347822,0.00021560007405484132
0.8270000000000001,0.5207677498175867,0.002517359883386949,0.20756964254885898,0.004322445779630427,0.02572597621204621,0.00024972683975584855,0.022751927359599213,0.00020664715424519137,0.11504042822722228,0.0007097950879967303,0.0599296727254485,0.0009401091066067846,0.02723157797643126,0.00013687660217290447,0.011673276863037945,0.00022678781597424005
0.8280000000000001,0.5212072167332452,0.0026160573794473804,0.20663530184269963,0.004482890864991504,0.026164040250503798,0.0002635404617713805,0.023037920129160394,0.00021786966358560745,0.11464286688008923,0.0007324973041702203,0.05926398345297569,0.0009706313800207199,0.027597067811375667,0.00014419897297292933,0.01178560290082744,0.00023831397216328808
0.8290000000000001,0.52163546025373,0.00271639844946842,0.20570135813386062,0.004645510903391858,0.02660426386547936,0.00027784269375622325,0.023323167620787014,0.0002294765872905978,0.11424434159462446,0.0007553127456787006,0.058604509942617025,0.0010013384512021343,0.027962258575639228,0.00015176224910067726,0.011896817151236123,0.0002501807821375709
0.8300000000000001,0.5220525700721081,0.002818366806733095,0.2047678929813723,0.0048102656260337875,0.027046595233495056,0.000292641006616963,0.0236076269192779,0.00024147325571621318,0.11384491615054,0.0007782318789088864,0.057951238434995375,0.0010322182993700542,0.02832709848537103,0.0001595691424750172,0.012006905363044251,0.00026239034394203754
0.8310000000000001,0.5224586362986587,0.0029219461014850794,0.20383498695008725,0.004977114969256391,0.02749098243701444,0.0003079427765260375,0.023891255726509884,0.0002538649093424686,0.1134446535873132,0.0008012454047190815,0.05730415458845187,0.001063259169480623,0.02869153636372603,0.00016762228733655201,0.012115853816068816,0.00027494461402333354
0.8320000000000001,0.522853749440933,0.0030271199261363516,0.2029027196114087,0.005146019079852894,0.02793737347573853,0.00032375528213420863,0.02417401236219838,0.00026665669667655823,0.11304361620469833,0.000824344257214956,0.05666324348866182,0.0010944495695631657,0.029055521643396337,0.00017592423927358412,0.012223649314926257,0.0002878454071868838
0.833,0.5232380003840068,0.003133871820403708,0.20197116954417946,0.005316938320246603,0.028385716277778996,0.0003400857018530606,0.02445585576452804,0.0002798536722203919,0.11264186556336675,0.0008475196024730128,0.05602848965820443,0.001125778268035689,0.029419004368981018,0.00018447747430229338,0.012330279182783182,0.0003010943966365936
0.834,0.5236114803709297,0.003242185276373818,0.20104041433573233,0.005489833273526613,0.028835958710708227,0.0003569411112073432,0.02473674549065525,0.00029346079450225527,0.11223946248567523,0.0008707628372130177,0.05539987706608605,0.001157234291001075,0.0297819351991966,0.00019328438800047485,0.012435731255097025,0.0003146931140950631
0.835,0.5239742809833687,0.003352043743496456,0.20011053058309744,0.005664664748344303,0.029288048592485356,0.00037432848025695416,0.02501664171708381,0.0003074829241723639,0.11183646705655864,0.0008940655874206411,0.05477738913721573,0.00118880691952517,0.03014426540892986,0.0002023472946941737,0.012539993873348193,0.0003286429500022329
0.836,0.5243264941224501,0.0034634306335056078,0.1991815938943642,0.005841393783671716,0.029741933702257757,0.00039225467108834606,0.0252955052399154,0.0003219248221620695,0.11143293862454559,0.0009174197069215683,0.05416100876183228,0.0012204856868979718,0.03050594689113485,0.00021166842669655063,0.01264305587876547,0.0003429451537904038
0.837,0.5246682119897997,0.0035763293252681636,0.19825367889019568,0.006019981653422947,0.030197561791037372,0.00041072643537512537,0.025573297474976234,0.000336791147906452,0.1110289358028943,0.0009408172759083185,0.05355071830488227,0.0012522603758790916,0.030866932158575947,0.0002212499335983045,0.012744906606046264,0.0003576008342335976
0.838,0.5249995270687826,0.0036907231695599394,0.1973268592054927,0.00620038987093965,0.030654880592251438,0.00042975041200759645,0.025849980457821622,0.00035208645763001043,0.11062451647084665,0.0009642505994210069,0.05294649961534777,0.0012841210159286397,0.031227174345418846,0.0002310938816089742,0.012845535877073344,0.0003726109598692512
0.839,0.5253205321059425,0.0038065954937688,0.1964012074912047,0.006382580193341845,0.03111383783216699,0.00044933312479099075,0.026125516843619783,0.0003678152026951519,0.11021973777499815,0.0009877122057832788,0.052348334035523435,0.0013160578804246703,0.03158662720867128,0.00024120225294843557,0.012944933994629643,0.0003879763594902606
0.84,0.5256313200926452,0.003923929606524686,0.19547679541628588,0.006566514625745154,0.03157438124018884,0.0004694809802121063,0.026399869906916645,0.00038398172801315435,0.10981465613078174,0.0010111948449946357,0.05175620241024212,0.0013480614838683022,0.031945245129475525,0.0002515769452879073,0.013043091736112686,0.0004036977227054147
0.841,0.5259319842469219,0.0040427088022563255,0.19455369366979255,0.006752155425345666,0.032036458559030354,0.0004902002652740658,0.026673003541282946,0.00040059027051726135,0.10940932722406264,0.0010346914870803545,0.051170085096048,0.001380122579077596,0.032302983114254176,0.0002622197712397702,0.013140000347250151,0.00041977560056628344
0.842,0.5262226179955171,0.004162916365674533,0.1936319719631209,0.006939465105373626,0.03250001755475694,0.0005114971453988945,0.02694488225884546,0.0004176449576975535,0.10900380601284287,0.0010581953204002153,0.05058996197031688,0.0014122321543712734,0.032659796795711564,0.0002731324578955063,0.01323565153581808,0.0004362104062586506
0.843,0.5265033149561409,0.004284535576181902,0.1927116990323808,0.007128406438917157,0.032965006026701604,0.0005333776623975985,0.02721547118970368,0.00043514980619721854,0.10859814672907259,0.0010816997499172184,0.05001581244032275,0.001444381430743316,0.03301564243369233,0.00028431664641105544,0.01333003746536318,0.00045300241585660413
0.844,0.5267741689199255,0.004407549712208838,0.1917929426409052,0.007318942462617255,0.03343137181725247,0.000555847732507415,0.0274847360812337,0.0004531087204698307,0.10819240288056643,0.0011051983954274798,0.049447615452250154,0.0014765618590294874,0.033370476915899165,0.0002957738916388875,0.013423150748930709,0.00047015176913742235
0.845,0.5270352738340874,0.004531942055475809,0.1908757695818906,0.007511036480235256,0.03389906282151172,0.0005789131444958918,0.02775264329728067,0.00047152549149722875,0.10778662725302256,0.0011286850897524793,0.0488853495001513,0.0015087651170667766,0.03372425775847162,0.00030750566180608093,0.013514984442799262,0.00048765847045541646
0.846,0.5272867237847961,0.004657695895181762,0.1899602456811674,0.007704652066094088,0.034368026996825986,0.0006025795578314414,0.02801915981724161,0.0004904037955675731,0.10738087191214224,0.0011521538768948234,0.048328992634847835,0.0015409831068467672,0.03407694310642785,0.00031951333823770017,0.01360553204022393,0.0005055223896729181
0.847,0.5275286129802496,0.004784794532118691,0.18904643580009775,0.00789975306839453,0.03483821237218769,0.000626852500920002,0.028284253235040017,0.0005097471931131397,0.106975188205848,0.001175599010158683,0.04777852247277625,0.0015732079516638945,0.03442849173397123,0.00033179821512475884,0.013694787465189153,0.0005237432631466197
0.848,0.5277610357339565,0.00491322128271231,0.18813440383859734,0.008096303612407775,0.03530956705750733,0.0006517373694074229,0.028547891757993882,0.0005295591276073998,0.10656962676659817,0.0011990149502360476,0.047233916204776544,0.0016054319932595478,0.03477886304466367,0.0003443614993360536,0.013782745066172561,0.0005423206947675035
0.849,0.5279840864482266,0.005042959482988844,0.18722421273827974,0.008294268103545565,0.03578203925275635,0.0006772394245471873,0.028810044205578672,0.0005498429245209175,0.10616423751379542,0.0012223963632599344,0.046695150604823425,0.0016376477889629482,0.035128017071467565,0.0003572043102731526,0.013869399609921127,0.0005612541570526158
0.85,0.5281978595978692,0.005173992492467995,0.18631592448572026,0.008493611230309237,0.03625557725698064,0.0007033637916330623,0.02907068000808696,0.0005706017903355856,0.10575906965628792,0.0012457381188256756,0.04616220203869967,0.0016698481088297202,0.03547591447665828,0.0003703276797678216,0.013954746275240942,0.0005805429922869708
0.851,0.5284024497141007,0.005306303697982094,0.1854096001158373,0.008694297967118963,0.03673012947718446,0.0007301154584962667,0.029329769205186113,0.0005918388116167018,0.10535417169496021,0.0012690352879814045,0.04563504647261095,0.001702025932779046,0.03582251655160906,0.0003837325520211646,0.014038780646801759,0.0006001864137138883
0.852,0.528597951368659,0.0054398765174215324,0.18450529971538848,0.008896293577024485,0.03720564443708462,0.0007574992740667258,0.02958728244437578,0.0006135569541423826,0.10494959142541241,0.0012922831411888423,0.04511365948174173,0.001734174447730286,0.03616778521645026,0.00039741978358376226,0.01412149870895762,0.0006201835067720952
0.853,0.5287844591581298,0.005574694403406574,0.1836030824265794,0.009099563614298737,0.03768207078573516,0.0007855199469979793,0.02984319097934671,0.0006357590620897932,0.10454537594072538,0.0013154771462554795,0.04459801625875166,0.0017662870447399167,0.036511683019604765,0.00041139014337608344,0.014202896839584686,0.0006405332303779445
0.854,0.5289620676884795,0.00571074084688563,0.18270300645078236,0.00930407392691562,0.03815935730602205,0.0008141820443552885,0.030097466668242437,0.0006584478572776608,0.10414157163430987,0.0013386129662392432,0.044088091622211986,0.0017983573161396292,0.0368541731372016,0.00042564431274844843,0.014282971803937467,0.0006612344182511291
0.855,0.5291308715598,0.005847999380660168,0.1818051290523629,0.009509790658913348,0.038637452923028365,0.0008434899903664915,0.030350081971825493,0.0006816259384645318,0.10373822420283782,0.001361686457326718,0.04358386002498158,0.0018303790526764117,0.037195219372369484,0.0004401828855798217,0.014361720748524582,0.0006822857802822907
0.856,0.5292909653512602,0.005986453582836372,0.1809095065626118,0.00971668025264464,0.039116306712269656,0.000873448065235129,0.03060100995154972,0.0007052957807022164,0.10333537864925368,0.0013846936666859857,0.04308529556252211,0.0018623462406554118,0.037534786154412296,0.0004550063684147094,0.01443914119500516,0.0007036859039409475
0.857,0.5294424436062699,0.006126087080203746,0.18001619438378,0.009924709450915193,0.039595867907799745,0.0009040604040153687,0.030850224267540173,0.0007294597347438563,0.10293307928586376,0.001407630830295138,0.042592371981151796,0.0018942530590863704,0.037872838537868304,0.0004701151806374402,0.014515231034106936,0.0007254332557221872
0.858,0.5295854008178517,0.006266883551540859,0.1791252469932147,0.010133845299011754,0.04007608591018696,0.0009353309955482338,0.03109769917648235,0.0007541200265060407,0.10253136973750185,0.0014304943707475035,0.04210506268623767,0.001926093876834393,0.0382093422014552,0.00048550965468310657,0.014589988519567165,0.000747526182630599
0.859,0.5297199314142221,0.006408826730848412,0.17823671794759308,0.010344055146621194,0.040556910294360864,0.0009672636814586398,0.0313434095294222,0.0007792787565843882,0.10213029294476901,0.001453280895034618,0.041623340750325484,0.001957863249775807,0.03854426344690252,0.0005011900362844443,0.014663412262097313,0.0007699629136999337
0.86,0.5298461297445838,0.00655190041050988,0.17735065988725307,0.010555306649641948,0.04103829081732983,0.000999862155212733,0.031587330769478575,0.0008049378998219965,0.1017298911673456,0.0014759871923079575,0.04114717892120738,0.0019895559179598375,0.0388775691976736,0.0005171564847539277,0.014735501223372586,0.0007927415615470134
0.861,0.5299640900651265,0.006696088444379977,0.17646712454061744,0.010767567771889199,0.041520177425769335,0.0010331299612350098,0.031829438929469614,0.0008310993049301604,0.10133020598737398,0.001498610231620448,0.04067654962992657,0.002021166802776822,0.03920922699757891,0.0005334090733003639,0.01480625471004727,0.0008158601239584272
0.862,0.5300739065252348,0.00684137475080117,0.17558616272870958,0.010980806786695224,0.04200252026348141,0.0010670704940846942,0.032069710629454753,0.0008577646941607438,0.10093127831290945,0.0015211471596487372,0.04021142499871884,0.0020526910041336528,0.03953920500928239,0.0005499477893792618,0.014875672367796813,0.0008393164855085757
0.863,0.5301756731539096,0.006987743315548572,0.17470782436975862,0.011194992278406252,0.042485269678725214,0.001101686997690838,0.03230812307419375,0.0008849356630295864,0.1005331483814381,0.0015435952983972265,0.03975177684889054,0.002084123797637135,0.039867472012703034,0.0005667725350762615,0.014943754175387597,0.0008631084192076518
0.864,0.5302694838463939,0.007135178194703489,0.17383215848389225,0.011410093143777295,0.04296837623141938,0.0011369825646456045,0.032544654050524605,0.0009126136800903208,0.10013585576345958,0.0015659521428848325,0.03929757670863284,0.002115460631785933,0.04019399740331338,0.0005838831275229105,0.015010500438775361,0.0008872335881781651
0.865,0.5303554323510098,0.007283663517455914,0.17295921319791344,0.011626078593266262,0.04345179070021583,0.001172960135555177,0.03277928192466149,0.0009408000867579566,0.09973943936613268,0.0015882153588154344,0.038848795820771685,0.0021466971251717297,0.0405187511903366,0.0006012792993440643,0.015075911785233058,0.0009116895473586371
0.866,0.530433612256202,0.00743318348883633,0.17208903575016093,0.011842918152228852,0.04393546408944581,0.0012096224984477428,0.03301198563941474,0.0009694960971815975,0.09934393743698244,0.0016103827802329705,0.03840540515045349,0.0021778290636902597,0.04084170399484444,0.0006189606991362084,0.015139989157509096,0.0009364737452331255
0.867,0.5305041169777893,0.007583722392377144,0.1712216724954495,0.01206058166201556,0.044419347635938265,0.00124697228823798,0.033242744711334,0.0009987027981656353,0.0989493875676663,0.0016324524071621102,0.03796737539276601,0.0022088523977628065,0.04116282704775745,0.0006369268919759855,0.015202733808016747,0.0009615835255852471
0.868,0.5305670397464245,0.0077352645927041405,0.17035716891008926,0.012279039280972258,0.044903392815710895,0.0012850119862474806,0.033471539227776514,0.0010284211491387734,0.09855582669779855,0.0016544224032354422,0.037534676980294404,0.002239763239568788,0.04148209218774968,0.0006551773599582239,0.015264147293055612,0.0009870161292754025
0.869,0.5306224735952603,0.007887794538058287,0.16949556959698067,0.012498261485345715,0.04538755135053429,0.0013237439197805183,0.03369834984390173,0.001058651982170207,0.09816329111883022,0.0016762910933080845,0.037107280090612024,0.0022705578602899923,0.04179947185905946,0.0006737115027627596,0.015324231467065822,0.0010127686960399165
0.87,0.5306705113478207,0.00804129676274831,0.16863691829078414,0.012718219070095484,0.045871775214369345,0.001363170261754586,0.033923157779593996,0.0010893960020323023,0.09777181647798343,0.0016980569610606244,0.03668515465370583,0.0023012326873670433,0.04211493910920808,0.0006925286382493517,0.015382988476915844,0.001038838266310839
0.871,0.53071124560608,0.008195755889534468,0.1677812578631617,0.012938883149613592,0.04635601663967877,0.0014032930303851006,0.034145944816314826,0.0011206537863090978,0.09738143778223825,0.0017197186465912828,0.036268270359336226,0.002331784301768651,0.04242846758662841,0.0007116280030799913,0.015440420756224604,0.0010652217830551683
0.872,0.5307447687387452,0.008351156631943859,0.16692863032808788,0.013160225158353375,0.0468402281236125,0.001444114088923678,0.034366693293886176,0.0011524257855499485,0.09699218940237031,0.0017412749439981768,0.03585659666433098,0.0023622094352741775,0.04274003153820495,0.0007310087533679064,0.015496531019718622,0.0010919160936322786
0.873,0.5307711728697453,0.008507483796517801,0.16607907684722967,0.013382216851368955,0.04732436243406807,0.0014856351454493712,0.034585386107206385,0.0011847123234676356,0.09660410507703768,0.0017627247989525573,0.035450102799813275,0.0023925049677700483,0.043049605806727426,0.0007506699653525735,0.015551322257624931,0.001118917951668367
0.874,0.530790549866922,0.008664722284991648,0.1652326377353913,0.013604830304766715,0.04780837261562596,0.0015278577527122572,0.03480200670290029,0.0012175135971802477,0.09621721791691522,0.0017840673062638724,0.035048757778363526,0.0024226679245605122,0.0433571658282595,0.000770610636100043,0.01560479773010039,0.0011462240189467345
0.875,0.5308029913309251,0.008822857096407528,0.16438935246602326,0.013828037916070174,0.04829221199536062,0.0015707833080287577,0.035016539075904865,0.0012508296774961507,0.0958315604088747,0.0018053017074375016,0.03465253040111482,0.0024526954736932404,0.043662687629424456,0.0007908296842278926,0.015656960961698083,0.00117383086731276
0.876,0.5308085885843117,0.008981873329160478,0.16354925967679332,0.014051812404499727,0.048775834188527586,0.0016144130532280696,0.03522896776599214,0.0012846605092413446,0.09544716442020942,0.0018264273882259987,0.03426138926478204,0.002482584923300252,0.04396614782460973,0.0008113259506541318,0.015707815735871475,0.001201734980592435
0.877,0.5308074326608441,0.009141756182978463,0.16271239717521704,0.01427612681116858,0.049259193104127234,0.0016587480746490704,0.03543927785423066,0.0013190059116285134,0.09506406120290137,0.001847443876174653,0.033875302768624264,0.0025123337189546244,0.044267523613091886,0.0008320981993693721,0.01575736608951687,0.0012299327565233466
0.878,0.5307996142949916,0.009302490960836737,0.16187880194434595,0.01450095449919633,0.04974224295034563,0.00170378930318707,0.035647454959387086,0.0013538655786670655,0.09468228139792925,0.0018683508381621874,0.03349423912134045,0.0025419394410434296,0.044566792776083795,0.0008531451182315931,0.015805616307554806,0.0012584205086970212
0.879,0.5307852239116317,0.009464063070807093,0.16104851014851218,0.014726269153741612,0.05022493823987323,0.0017495375143897736,0.03585348523426953,0.001389239079613462,0.09430185503961659,0.0018891480779373879,0.03311816634789839,0.0025713998021573577,0.044863933673706086,0.0008744653197828356,0.015852570917550986,0.0012871944685115676
0.88,0.5307643516159509,0.009626458027842524,0.16022155713912664,0.014952044781955177,0.050707233795101815,0.0017959933286018032,0.03605735536201391,0.0014251258594611248,0.09392281156001737,0.0019098355336524446,0.03274705229629673,0.0026007126444974214,0.04515892524188416,0.0008960573420871541,0.0158982346843773,0.0013162507871335631
0.881,0.5307370871835423,0.009789661455497757,0.15939797746052925,0.015178255712854768,0.051189084753200165,0.0018431572111571339,0.036259052552314784,0.0014615252394692137,0.09354517979333823,0.0019304132753937772,0.03238086464425991,0.0026298759372991626,0.04545174698917274,0.0009179196495891662,0.015942612604913364,0.0013455855374681612
0.882,0.5307035200507044,0.009953659087586286,0.15857780485588954,0.015404876597123291,0.05167044657106952,0.0018910294726187978,0.03645856453760241,0.001498436417729572,0.09316898798039598,0.001950881502711112,0.032019570905866185,0.0026588877742747645,0.04574237899350974,0.0009400506339925482,0.015985709902789313,0.0013751947161364168
0.883,0.5306637393049335,0.01011843676977437,0.1577610722731553,0.01563188240683154,0.05215127503017885,0.0019396102690651923,0.036655879569167125,0.0015358584697711117,0.09279426377310816,0.0019712405421455463,0.03166313843810837,0.0026877463710734306,0.0460308018989009,0.0009624486151578182,0.0160275320231701,0.0014050742454588335
0.884,0.5306178336756128,0.01028398046111263,0.15694781187104742,0.01585924843508697,0.052631526241280945,0.0019888996024223352,0.03685098641323267,0.00157379034920094,0.09242103423901586,0.0019914908447573464,0.03131153444738756,0.0027164500627604115,0.04631699691203719,0.0009851118420187643,0.016068084627581917,0.0014352199754441753
0.885,0.5305658915248976,0.010450276235505766,0.15613805502510014,0.01608695029560986,0.05311115664901015,0.0020388973208414134,0.037043874346980026,0.0016122308883815058,0.0920493258658373,0.0020116329836542034,0.03096472599593963,0.0027449973013150453,0.04660094579884646,0.0010080384935168768,0.016107373588781258,0.0014656276857825954
0.886,0.5305080008387925,0.010617310283120952,0.15533183233374293,0.016314963922238187,0.053590123036361806,0.0020896031191209373,0.037234533154522784,0.0016511787991430479,0.09167916456605028,0.002031667651520647,0.030622680008194483,0.002773386653148125,0.046882630880981095,0.0010312266795531435,0.01614540498566684,0.0014962930878421475
0.887,0.5304442492184217,0.010785068911735562,0.1545291736244243,0.0165432655683627,0.05406838252905467,0.002141016539172861,0.03742295312283594,0.0016906326735306343,0.09131057568150262,0.0020515956581493282,0.03028536327706805,0.002801616796638951,0.047162035032243255,0.0010546744419565792,0.016182185098235047,0.0015272118266677788
0.888,0.530374723871492,0.010953538548024767,0.1537301079597742,0.01677183180629344,0.05454589259977675,0.002193136970531963,0.03760912503763913,0.0017305909845850705,0.09094358398804879,0.002071417927974857,0.029952742470187175,0.002829686519692367,0.04743914167494949,0.0010783797554688639,0.01621772040257914,0.0015583794829819137
0.889,0.5302995116039457,0.011122705738789615,0.152934663643804,0.01700063952655915,0.055022611072315285,0.0022459636509078464,0.03779304017923603,0.0017710520871569667,0.09057821370021191,0.002091135497610866,0.029624784136047175,0.002857594717316105,0.04771393477623626,0.001102340528744468,0.016252017565932718,0.001589791575185762
0.89,0.530218698811803,0.011292557152126226,0.15214286822814238,0.017229665937140926,0.055498496125571666,0.0022994956667788504,0.037974690318311015,0.0018120142187532406,0.09021448847586892,0.0021107495133909663,0.029301454710102242,0.0028853403892187043,0.04798639884430804,0.0011265546053656464,0.016285083441757695,0.0016214435613604945
0.891,0.5301323714731921,0.011463079578536687,0.1513547485183048,0.017458888562641387,0.05597350629746198,0.0023537319540272196,0.038154067711684725,0.0018534755004153427,0.08985243142095858,0.002130261228914251,0.02898272052078873,0.0029129226374283125,0.04825651892462957,0.001151019764871696,0.016316925064877242,0.0016533308412674628
0.892,0.530040615140568,0.011634259931982298,0.15057033057999553,0.017688285243390778,0.05644760048870386,0.0024086712986148306,0.03833116509802959,0.00189543393762849,0.08949206509421022,0.002149672002595974,0.028668547795481256,0.0029403406639326207,0.04852428059606393,0.0011757337238018726,0.01634754964665397,0.0016854487583466415
0.893,0.5299435149331163,0.011806085250879813,0.14978963974544057,0.017917834134491346,0.05692073796649078,0.0024643123372988054,0.03850597569354717,0.0019378874212611923,0.08913341151189237,0.002168983295224056,0.028358902666381837,0.002967593768340203,0.04878966996695805,0.0012006941367513633,0.01637696457021372,0.0017177926017125117
0.894,0.5298411555293413,0.011978542699041243,0.14901270061974844,0.018147513704801204,0.05739287836805381,0.0025206535583863128,0.03867849318760789,0.001980833728534349,0.08877649215257959,0.002188196667521995,0.02805375117634183,0.0029946813455634844,0.04905267367117693,0.001225898597439726,0.016405177385715106,0.0017503576081465875
0.895,0.5297336211598394,0.012151619566557997,0.1482395370872999,0.018377302735859274,0.05786398170411271,0.002577693302527895,0.03884871173835551,0.002024270524019228,0.08842132796193704,0.0022073137777188327,0.027753059284617222,0.0030216028835236136,0.04931327886408882,0.0012513446397912163,0.016432195805665406,0.0017831389640858564
0.896,0.5296209956002523,0.01232530327062986,0.1474701723181619,0.018607180320752235,0.058334008362216,0.002635429763548601,0.03901662596827662,0.002068195360663582,0.08806793935752048,0.0022263363791267254,0.027456792872556826,0.0030483579608774113,0.04957147321850199,0.0012770297390264028,0.01645802770028266,0.0018161318076063673
0.897,0.529503362164404,0.012499581356339586,0.1467046287745264,0.018837125862925137,0.0588029191099718,0.002693860989316264,0.03918223095973726,0.002112605680845221,0.08771634623359142,0.0022452663177267304,0.027164917749223843,0.003074946244766651,0.04982724492055547,0.0013029513127645182,0.01648268109290459,0.0018493312304012598
0.898,0.5293808036976149,0.012674441497373698,0.1459429282171717,0.019067119074936807,0.05927067509816962,0.0027529848826462196,0.03934552225048763,0.0021574988174523223,0.08736656796594558,0.0022641055297633553,0.026877399656950737,0.003101367488589853,0.050080582665564755,0.001329106722135962,0.016506164155444356,0.0018827322797525228
0.899,0.5292534025701969,0.012849871496690238,0.1451850917119447,0.019297139977161388,0.059737237863794326,0.0028127992022417814,0.03950649582913623,0.0022028719949897754,0.08701862341675397,0.0022828560393484522,0.026594204276827606,0.0031276215297967908,0.05033147565382425,0.0013554932729044026,0.016528485203893467,0.0019163299604958027
0.9,0.5291212406711236,0.01302585928713401,0.14443113963626222,0.01952716889643722,0.06020256933293276,0.002873301563669772,0.039665148130594574,0.0022487223307108496,0.08667253093941492,0.002301519956074969,0.026315297234124013,0.0031537082877058794,0.05057991358636777,0.001382108216597915,0.01654965269387195,0.001950119236977577
0.901,0.5289843994018774,0.013202392932000156,0.14368109168563098,0.019757186464664487,0.060666631823574346,0.0029344894403704374,0.039821476031494184,0.0022950468357735027,0.08632830838341654,0.00232009947264112,0.02604064410364466,0.0031796277613446375,0.050825886660688775,0.001408948751648614,0.016569675216226112,0.0019840950350040604
0.902,0.5288429596704702,0.013379460625546619,0.14293496688018345,0.01998717361735275,0.061129388048306116,0.002996360164701036,0.03997547684557658,0.0023418424164206174,0.08598597309920777,0.0023385968624854902,0.025770210415018775,0.0032053800273133624,0.0510693855664217,0.0014360120245402318,0.016588561492673938,0.0020182522437811883
0.903,0.5286970018856385,0.013557050693456257,0.14219278357122908,0.020217111592119752,0.0615908011169033,0.003058910929012419,0.04012714831905791,0.002389105875183476,0.08564554194307768,0.002357014477433573,0.025503961657923582,0.003230965237672185,0.051310401480985826,0.001463295130963111,0.01660632037149836,0.0020525857178450755
0.904,0.5285466059512078,0.013735151593249237,0.14145455944781862,0.020446981927142595,0.06205083453881614,0.0031221387867579084,0.04027648862596925,0.0024368339121077806,0.08530703128204106,0.0023753547453562508,0.025241863287241775,0.0032563836178516317,0.05154892606519308,0.0014907951169760745,0.01662296082328849,0.002087090278982328
0.905,0.5283918512606303,0.013913751914646473,0.14072031154332118,0.020676766459562707,0.0625094522255541,0.0031860406536337892,0.040423496363473914,0.0024850231260015346,0.08497045699873018,0.0023936201678407118,0.02498388072815343,0.0032816354645868392,0.05178495145882149,0.001518508980174659,0.016638491936728995,0.002121760718139646
0.906,0.5282328166916886,0.014092840379884761,0.1399900562420114,0.020906447323845702,0.06296661849296824,0.0032506133087507154,0.04056817054716303,0.0025336700157040973,0.08463583449629089,0.0024118133178742647,0.02472997938116227,0.003306721143875535,0.052018470276155346,0.001546433670865189,0.0166529229144377,0.002156591797322127
0.907,0.5280695806013691,0.014272405843984298,0.13926380928566617,0.02113600695009739,0.06342229806343251,0.003315853395835347,0.040710510606330276,0.0025827709813757236,0.08430317870328237,0.0024299368375415276,0.0244801246270566,0.0033316410889598948,0.05224947560149357,0.0015745660932441835,0.01666626306885152,0.0021915782514797225
0.908,0.5279022208208983,0.014452437294969322,0.13854158578016929,0.021365428062337148,0.06387645606792511,0.003381757424461524,0.0408505163792274,0.002632322325806925,0.08397250407857954,0.0024479934357354385,0.024234281831805052,0.003356395798332385,0.05247796098462786,0.0016029031065825897,0.016678521818160808,0.0022267147903813193
0.909,0.527730814650948,0.014632923854042605,0.13782340020212278,0.021594693676729934,0.06432905804801076,0.0034483217713103076,0.040988188108301446,0.002682320255746967,0.08364382461627716,0.002465985885882541,0.023992416351387377,0.0033809858337656915,0.052703920436291816,0.0016314415264143565,0.016689708682292265,0.002261996100475907
0.91,0.5275554388569991,0.014813854775714418,0.13710926640546342,0.02182378709977799,0.06478006995772488,0.0035155426814581724,0.04112352643541484,0.0027327608832508365,0.08331715385059427,0.002483917023682963,0.02375449353656042,0.0034054118183668002,0.05292734842358241,0.0016601781257288442,0.01669983327894035,0.0022974168467403376
0.911,0.5273761696648689,0.014995219447886758,0.13639919762808314,0.022052691926473498,0.0652294581653604,0.00358341626969269,0.04125653239704961,0.0027836402270440125,0.08299250486077846,0.0025017897448655207,0.02352047873755948,0.0034296744346553262,0.05314823986535518,0.0016891096361665995,0.016708905319647322,0.002332971674513178
0.912,0.5271930827563991,0.015177007391893526,0.13569320649845212,0.022281392038413443,0.0656771894551584,0.003651938521855012,0.04138720741949679,0.0028349542139043814,0.08266989027600875,0.002519607002958348,0.02329033730873537,0.0034537744226661514,0.05336659012759447,0.0017182327492180122,0.01671693460593194,0.0023686552113141865
0.913,0.5270062532653008,0.015359208262497367,0.13499130504224355,0.022509871601877684,0.06612323102890343,0.0037211052962084702,0.04151555331403223,0.0028866986800606368,0.0823493222802964,0.002537371807075466,0.023064034613127254,0.003477712578076434,0.05358239501876005,0.0017475441174243946,0.016723931025466873,0.0024044620686489437
0.914,0.5268157557731569,0.01554181184784389,0.1342935046889582,0.02273811506587148,0.06656755050742445,0.0037909123248326174,0.04164157227207984,0.0029388693726065136,0.0820308126173824,0.002555087219719661,0.022841536026971622,0.003501489750357037,0.053795650785111414,0.0017770403555810081,0.016729904548304756,0.002440386843798199
0.915,0.5266216643055802,0.015724808069373993,0.13359981627854803,0.022966107160133652,0.0670101159320024,0.0038613552150420245,0.041765266860363345,0.0029914619509302065,0.08171437259563104,0.0025727563546020646,0.022622806944147516,0.003525106840948423,0.05400635410601096,0.0018067180419415931,0.016734865223152946,0.002476424121591495
0.916,0.5264240523285258,0.015908186981694977,0.13291025006803786,0.02319383289311139,0.0674508957656852,0.003932429450829165,0.04188664001604781,0.003044471988158334,0.08140001309291835,0.0025903823744787956,0.02240781278055836,0.0035485648014610513,0.054214502089207445,0.0018365737194239488,0.016738823173697,0.0025125684761646565
0.917,0.5262229927447539,0.01609193877241124,0.13222481573814265,0.023421277549902926,0.06788985889451153,0.004004130394330715,0.042005695041871814,0.003097894972613802,0.08108774456151512,0.00260796848900502,0.02219651897845052,0.0035718646319003065,0.054420092266100784,0.001866603896816123,0.01674178859497275,0.002548814472700736
0.918,0.5260185578904465,0.01627605376191518,0.1315435223998816,0.023648426690169193,0.06832697462864402,0.004076453287316587,0.042122435601271546,0.003151726309286949,0.08077757703296304,0.0026255179526067838,0.02198889101066899,0.0035950073789159788,0.0546231225869898,0.0018968050499827808,0.016743771749787067,0.0025851566691540376
0.919,0.52581081953197,0.0164605224031391,0.13086637860118502,0.023875266146015442,0.06876221270341284,0.004149393252701041,0.04223686571349761,0.003205961321319327,0.08046952012294338,0.002643034062370936,0.021784894384850286,0.0036179941340763015,0.054823591416303614,0.0019271736230713169,0.016744782965187166,0.002621589617956825
0.92,0.5255998488627874,0.01664533528126879,0.1301933923334952,0.02410178201984409,0.069195543280271,0.004222945296075198,0.04234898974872583,0.003260595251499508,0.08016358303613746,0.002660520155953491,0.021584494647552986,0.0036408260321665656,0.05502149752781833,0.001957706029717301,0.01674483262897847,0.002658107867708374
0.921,0.5253857165005168,0.016830483113419566,0.12952457103835896,0.024327960682179718,0.06962693694766191,0.004297104307260303,0.042458812423163086,0.0033156232637703027,0.07985977457107829,0.0026779796095067264,0.02138765738832609,0.0036635042495123033,0.05521684009986012,0.00198839865424884,0.01674393118629092,0.0026947059648460094
0.922,0.5251684924841326,0.017015956748275364,0.12885992161401114,0.02455378876946736,0.07005636472180067,0.004371865061881072,0.042566338794148874,0.0033710404447467642,0.07955810312499187,0.0026954158356253272,0.021194348243715477,0.0036860300023270265,0.055409618710495635,0.0020192478528894497,0.016742089136193673,0.0027313784552977878
0.923,0.5249482462713104,0.017201747165691755,0.12819945042194797,0.024779253181845106,0.07048379804736958,0.004447222222958454,0.04267157425525397,0.003426841805244384,0.07925857669862833,0.0027128322813118767,0.021004532901208742,0.0037084045450845125,0.05559983333271113,0.00205024995495903,0.016739317028358104,0.0027681198861165177
0.924,0.5247250467359148,0.017387845476263514,0.1275431632934891,0.025004341080892136,0.07090920879812938,0.004523170342521181,0.04277452453137705,0.0034830222818168837,0.07896120290108162,0.0027302324259619736,0.020818177103118774,0.003730629168915617,0.05578748432958162,0.0020814012640725755,0.016735625459769036,0.0028049248070948006
0.925,0.5244989621656231,0.017574242920857436,0.12689106553632745,0.025229039887353057,0.07133256927744668,0.004599703863235431,0.042875195673840114,0.0035395767383029895,0.07866598895459692,0.0027476197793692473,0.020635246650406246,0.003752705200029575,0.055972572449430665,0.0021126980593362044,0.01673102507148401,0.002841787772360795
0.926,0.5242700602596915,0.017760930870111238,0.1262431619410658,0.025453337278839777,0.0717538522187392,0.0046768171200519725,0.04297359405548396,0.003596499967381626,0.07837294169936551,0.0027649978797505493,0.020455707406441388,0.0037746339981597687,0.05615509882098249,0.0021441365965401563,0.016725526545440624,0.00287870334195443
0.927,0.5240384081268536,0.017947900823899098,0.12559945678773912,0.025677221187511715,0.07217303078583932,0.004754504341870137,0.04306972636576429,0.0036537866921349258,0.07808206759830603,0.0027823702917915577,0.02027952530070536,0.003796416955033905,0.0563350649485071,0.002175713109348365,0.016719140601311674,0.0029156660833837915
0.928,0.5238040722833568,0.018135144410764657,0.12495995385232156,0.02590067979773549,0.0725900785732771,0.004832759653217983,0.043163599605849735,0.0037114315676184902,0.0777933727418315,0.0027997406047130607,0.020106666332431456,0.003818055492868573,0.056512472706959756,0.002207423810484266,0.016711877993408022,0.002952670573161422
0.929,0.5235671186511296,0.018322653387322235,0.12432465641321767,0.026123701543725064,0.07300496960648405,0.004911577075948033,0.04325522108372264,0.003769429182438338,0.07750686285260174,0.002817112430358147,0.019937096574186564,0.00383955106288812,0.05668732433711583,0.002239264892912465,0.016703749507629113,0.0029897113983202977
0.93,0.5233276125560822,0.018510419637626736,0.12369356725773581,0.026346275107163086,0.0734176783419181,0.004990950530947897,0.04334459840928321,0.003827774060333947,0.0772225432902599,0.0028344894013005153,0.019770782175393027,0.003860905143867771,0.05685962244070181,0.0022712325310159124,0.016694765958460814,0.0030267831579092273
0.931,0.5230856187265355,0.018698435172513305,0.12306668868854413,0.026568389414804824,0.07382817966711153,0.005070873839865244,0.043431739489458415,0.0038864606617668804,0.0769404190561532,0.002851875168974152,0.01960768936579144,0.0038821192407009586,0.057029369975523984,0.0023033228817682717,0.016684938186020654,0.0030638804644674833
0.932,0.5228412012917796,0.018886692128907118,0.12244402253010736,0.02679003363606522,0.074236448900642,0.005151340726846398,0.04351665252331616,0.003945483385514399,0.07666049479803676,0.002869273401824563,0.0194477844588445,0.0039031948829907656,0.05719657025059553,0.0023355320859011087,0.01667427705315006,0.003100997945478424
0.933,0.5225944237807583,0.01907518276910421,0.12182557013510367,0.027011197180590238,0.07464246179202862,0.005232344820288022,0.04359934599718575,0.004004836570267547,0.07638277481476004,0.0028866877834817614,0.01929103385508243,0.003924133623665419,0.05736122692126294,0.0023678562690655994,0.016662793442553607,0.0031381302448019273
0.934,0.5223453491208784,0.019263899480023956,0.12121133239082106,0.027231869695813322,0.07504619452155323,0.005313879654601215,0.04367982867978548,0.004064514496233154,0.0761072630609353,0.0029041220109552054,0.019137404045390115,0.00394493703761774,0.05752334398433299,0.00240029154298842,0.016650498253984958,0.003175272024085433
0.935,0.5220940396369428,0.01945283477243393,0.12060130972553224,0.027452041064498025,0.07544762370000871,0.0053959386719874556,0.04375810961735831,0.004124511386739241,0.07583396315158775,0.002921579792850877,0.01898686161423647,0.003965606720368484,0.057682925773201235,0.0024328340066215167,0.0166374024014794,0.0032124179641534424
0.936,0.5218405570502057,0.019641981280147824,0.11999550211484686,0.027671701402267438,0.07584672636837449,0.005478515224225751,0.04383419812881606,0.004184821409843282,0.07556287836678614,0.0029390648476106517,0.018839373242846243,0.0039861442867534505,0.057839976952982756,0.002465479747285435,0.01662351681063269,0.0032495627663752706
0.937,0.5215849624775462,0.01983133175919712,0.1193939090880409,0.0278908410551216,0.07624347999742101,0.005561602574470405,0.0439081038008936,0.004245438679942819,0.07529401165625414,0.002956580901774143,0.01869490571231465,0.004006551369634301,0.0579945025156463,0.0024982248418059134,0.01660885241592608,0.0032867011540109337
0.9380000000000001,0.521327316430762,0.02002087908697723,0.11879652973436197,0.02810945059694361,0.07663786248724386,0.005645193899058821,0.04397983648331323,0.004306357259387924,0.07502736564396126,0.00297413168826317,0.01855342590666524,0.004026829618632941,0.05814650777515282,0.0025310653576434547,0.016593420158097283,0.003323827873535004
0.9390000000000001,0.5210676788159806,0.020210616261368785,0.11820336270930992,0.028327520826995304,0.07702985216672839,0.005729282289328716,0.04404940628396035,0.00436757116009498,0.07476294263269313,0.0029917209446889974,0.018414900815851273,0.0040469806988894,0.05829599836259906,0.002563997354015572,0.016577230981557126,0.0033609376959383114
0.9400000000000001,0.5208061089331821,0.020400536399834676,0.11761440624089191,0.028545042767403397,0.07741942779294632,0.005813860753444187,0.044116823564071185,0.004429074345161307,0.07450074460860054,0.003009352411682478,0.018279297538700952,0.004067006289843069,0.05844298022136741,0.002597016883011444,0.016560295831851715,0.003398025418007357
0.9410000000000001,0.5205426654758394,0.020590632738493653,0.1170296581358513,0.028762007660636895,0.07780656855048478,0.00589892221823003,0.044182098933433264,0.004490860730480136,0.07424077324572674,0.0030270298312472348,0.018146583285806938,0.004086908084037205,0.058587459602282614,0.002630119990698692,0.016542625653169815,0.003435085863581328
0.9420000000000001,0.5202774065306687,0.02078089863117108,0.1164491157858696,0.02897840696697663,0.0781912540507093,0.005984459531013748,0.04424524324559946,0.004552924186355427,0.07398302991051263,0.0030447569451360103,0.01801672538236047,0.004106687785946545,0.058729443058776476,0.002663302718222029,0.016524231385895274,0.003472113884786621
0.9430000000000001,0.52001038957749,0.020971327548427534,0.11587277617374081,0.029194232361977712,0.07857346433096159,0.006070465461474652,0.04430626759311623,0.0046152585391160935,0.07372751566627911,0.0030625374932502824,0.017889691270930468,0.004126347110827954,0.0588689374420612,0.002696561102893505,0.01650512396420421,0.0035091043632487573
0.9440000000000001,0.5197416714891963,0.0211619130765659,0.11530063587951742,0.02940947573392571,0.0789531798536928,0.00615693270349952,0.04436518330276702,0.004677857572729125,0.0734742312776864,0.0030803752120632595,0.017765448514187928,0.004145887783593934,0.05900594989631243,0.0027298911792741046,0.016485314313706673,0.0035460522112816303
0.9450000000000001,0.5194713085318303,0.021352648916617648,0.11473269108662727,0.02962412918128733,0.07933038150553384,0.0062438538770442295,0.044422001930831234,0.0047407150304111575,0.07322317721516981,0.0030982738330663567,0.01764396479757612,0.004165311537708893,0.05914048785386258,0.0027632889802464413,0.0164648133491326,0.00358295237305399
0.9460000000000001,0.5191993563647669,0.021543528883308974,0.11416893758796114,0.029838185010156466,0.0797050505963035,0.006331221530000811,0.04447673525835979,0.004803824616238055,0.0729743536593515,0.003116237081239239,0.017525207931926808,0.0041846201141080225,0.05927255903040553,0.0027967505380783273,0.016443631972061747,0.0036197998257331133
0.9470000000000001,0.5189258700409971,0.02173454690400738,0.11360937079192943,0.030051635731696173,0.08007716885795502,0.006419028140069371,0.044529395286467655,0.004867179996752021,0.0727277605054278,0.003134268673543507,0.01740914585602292,0.004203815260138642,0.05940217142021311,0.0028302718854769553,0.016421781068697298,0.0036565895806055875
0.9480000000000001,0.5186509040075169,0.021925697017649414,0.11305398572848856,0.03026447405957759,0.08044671844346284,0.0065072661166343465,0.04457999423164427,0.004930774802565809,0.07248339736753165,0.0031523723174401125,0.017295746639108114,0.004222898728523865,0.059529333291364686,0.0028638490566334934,0.01639927150768295,0.0036933166841751726
0.9490000000000001,0.5183745121058156,0.022116973373650213,0.11250277705513559,0.03047669290741634,0.08081368192564997,0.006595927802644549,0.04462854452108252,0.004994602629963623,0.07224126358307002,0.003170551709430563,0.01718497848334355,0.00424187227634847,0.05965405318099015,0.0028974780882578648,0.016376114137963176,0.0037299762192377003
0.9500000000000001,0.5180967475724619,0.022308370230795446,0.11195573906287055,0.030688285386207236,0.08117804229595713,0.006685005476496441,0.04467505878802662,0.005058657042498236,0.07200135821703554,0.003188810533621974,0.01707680972621223,0.004260737664066767,0.05977633989052725,0.0029311550206034816,0.016352319786686293,0.0037665633059329696
0.9510000000000001,0.5178176630397888,0.022499881956116317,0.11141286568212652,0.030899244801757986,0.08153978296315474,0.006774491353920159,0.04471954986713997,0.005122931572583942,0.0717636800662923,0.003207152460316023,0.016971208842871413,0.004279496654532369,0.05989620248099405,0.002964875898481752,0.016327899257150176,0.0038030731027736304
0.9520000000000001,0.5175373105366737,0.022691503023748307,0.11087415048866604,0.03110956465212261,0.08189888775199874,0.006864377589867722,0.044762030789893284,0.0051874197230849075,0.07152822766383528,0.0032255811446218544,0.016868144448453314,0.004298151012049657,0.060013650268277256,0.002998636772266141,0.016302863326790207,0.003839500807651028
0.9530000000000001,0.5172557414894127,0.022883228013774147,0.11033958670944415,0.031319238625035224,0.08225534090183104,0.006954656280402919,0.04480251477997378,0.005252114968898523,0.07129499928302324,0.0032441002250929657,0.01676758530031467,0.00431670250144682,0.06012869281843687,0.003032433698885596,0.016277222745209256,0.003875841658818013
0.9540000000000001,0.5169730067226868,0.023075051611051854,0.10980916722843694,0.03152826059534499,0.0826091270651259,0.007045319464592382,0.044841015248716004,0.005317010758533364,0.07106399294178457,0.003262713322388111,0.0166695003002354,0.0043351528871702774,0.06024133994302832,0.0030662627428071523,0.016250988232249325,0.003912090935848711
0.9550000000000001,0.5166891564606192,0.023266968604028195,0.1092828845924351,0.03173662462245265,0.08296023130598283,0.0071363591263973025,0.044877545790554724,0.005382100515681344,0.07083520640679568,0.00328142403795624,0.01657385849656684,0.00435350393240033,0.06035160169444219,0.003100119977007522,0.01622417047610449,0.003948243960575261
0.9560000000000001,0.5164042403279233,0.02345897388353841,0.10876073101680271,0.03194432494774963,0.08330863909856756,0.007227767196565332,0.04491212017850081,0.005447377640783712,0.07060863719763213,0.003300235952745504,0.01648062908633,0.004371757398187872,0.060459488361262866,0.0031340014839335148,0.01619678013147504,0.003984296098001553
0.9570000000000001,0.5161183073511357,0.023651062441592676,0.1082426983911998,0.032151355992060114,0.08365433632550137,0.00731953555452215,0.04494475235964037,0.005512835512590487,0.07038428259089162,0.0033191526259363194,0.016389781417264066,0.004389915042611997,0.06056501046364612,0.0031679033564510975,0.016168827817762237,0.004020242757193969
0.9580000000000001,0.5158314059599379,0.02384322937014992,0.10772877828526872,0.032357712353086765,0.08399730927620022,0.007411656030262199,0.04497545645065763,0.005578467489712953,0.07016213962428877,0.003338177593698503,0.016301284989825724,0.004407978619958286,0.06066817874871668,0.0032018216987829383,0.01614032411730353,0.0040560793921491705
0.9590000000000001,0.5155435839885619,0.024035469859879678,0.10721896195428421,0.032563388802860825,0.08433754464516463,0.007504120406238152,0.0450042467333826,0.005644266912168898,0.06994220510072177,0.003357314367972487,0.01621510945913964,0.004425949879917666,0.0607690041859864,0.003235752627434284,0.016111279573647865,0.0040918015026389825
0.96,0.5152548886772778,0.02422777919891241,0.10671324034476581,0.03276838028519704,0.08467502953022102,0.007596920419248578,0.04503113765036338,0.005710227102920187,0.0697244755923098,0.003376566435274578,0.016131224636900483,0.004443830566805598,0.060867497962793345,0.003269692272107004,0.01608170468987079,0.004127404635032391
0.961,0.5149653666739638,0.024420152771578982,0.10621160410005313,0.032972681913154146,0.08500975143071554,0.007690047762323373,0.04505614380046413,0.005776341369402344,0.06950894744440198,0.0033959372555262732,0.016049600493226873,0.004461622418801444,0.0609636714797627,0.003303636776601667,0.01605160992692891,0.004162884383094736
0.962,0.514675064035757,0.024612586057139948,0.10571404356584307,0.03317628896650144,0.08534169824566186,0.007783494086606508,0.04507927993448908,0.005842603005045816,0.06929561677955685,0.003415430260907596,0.01597020715846779,0.0044793271672078335,0.06105753634629004,0.0033375822997075153,0.01602100570205352,0.0041982363887641495
0.963,0.5143840262307806,0.024805074628504998,0.1052205487956886,0.033379196889191956,0.08567085827184277,0.007877251003235573,0.045100560950832876,0.005909005290788547,0.06908447950149249,0.003435048854734421,0.015893014924961632,0.004496946535729813,0.061149104376047335,0.0033715250160801765,0.015989902387182956,0.004233456342905289
0.964,0.5140922981399496,0.02499761415094333,0.10473110955645899,0.0335814012868429,0.08599722020186777,0.007971310085217752,0.04512000189115795,0.005975541496579568,0.06887553129900695,0.0034547964103597744,0.015817994248748583,0.004514482239773624,0.06123838758251249,0.00340546111710702,0.01595831030743338,0.004268539986040469
0.965,0.513799924058851,0.02519020038078537,0.10424571533376094,0.03378289792422389,0.08632077312218667,0.008065662869301696,0.045137617936099446,0.00604220488287327,0.0686687676498688,0.0034746762700990424,0.015745115751236438,0.004531935985764901,0.06132539817452281,0.0034393868117600073,0.015926239739607592,0.004303483109058239
0.966,0.5135069476996986,0.02538282916411658,0.10376435533732015,0.03398368272275344,0.08664150651106063,0.008160300857844945,0.04515342440099789,0.006108988702114045,0.06846418382467778,0.0034946917441790702,0.015674350220820584,0.0045493094704861054,0.06141014855185305,0.003473298327435939,0.01589370091074164,0.0043382815538995255
0.967,0.5132134121933598,0.02557549643546362,0.1032870185063234,0.03418375175800433,0.0869594102364915,0.00825521552067639,0.04516743673166033,0.006175886200210991,0.06826177489069496,0.0035148461097110825,0.015605668614458213,0.004566604380432989,0.06149265130081841,0.0035071919107839723,0.01586070399668876,0.00437293121422139
0.968,0.5129193600914521,0.02576819821647367,0.10281369351472021,0.034383101257218246,0.08727447455411008,0.008350398296953403,0.04517967050015013,0.006242890618002377,0.06806153571564266,0.0035351426096873724,0.01553904205919751,0.004583822391189906,0.06157291918990311,0.00354106382852031,0.015827259120740334,0.0044074280360385295
0.969,0.512624833368512,0.025960930614587322,0.1023443687764845,0.03458172759683043,0.0875866901050247,0.008445840597013178,0.04519014140060612,0.0063099951927095945,0.0678634609714737,0.00355558445200171,0.015474441853661994,0.004600965166823778,0.06165096516541503,0.0035749103682299697,0.015793376352283547,0.004441768018342622
0.97,0.5123298734242275,0.026153689821705517,0.10187903245083525,0.03477962730000445,0.08789604791363057,0.008541533804217905,0.04519886524509119,0.006377193159380276,0.06766754513810976,0.0035761748084933783,0.015411839469490516,0.004618034359296486,0.06172680234716679,0.0036087278391555145,0.01575906570549534,0.004475947213699596
0.971,0.5120345210857418,0.026346472112851207,0.10141767244741634,0.03497679703417804,0.08820253938538118,0.008637469276793354,0.045205857959471074,0.006444477752320342,0.06747378250714917,0.003596916814014793,0.015351206552733346,0.0046350316078955355,0.061800444024183915,0.0036425125729726894,0.015724337138072305,0.0045099617288249716
0.972,0.5117388166100174,0.02653927384482613,0.10096027643143525,0.03517323360862002,0.08850615630452255,0.008733638349660462,0.04521113557932343,0.00651184220651468,0.06728216718554335,0.0036178135655226084,0.015292514925204701,0.004651958538682755,0.06187190365044033,0.0036762609245528503,0.015689200549996223,0.0045438077251373716
0.973,0.5114427996862672,0.02673209145486322,0.10050683182875995,0.0353689339719991,0.08880689083179089,0.008830032336259537,0.04521471424587769,0.006579279759036184,0.06709269309924203,0.0036388681211922324,0.01523573658579217,0.004668816763960827,0.061941194840621785,0.0037099692727121146,0.01565366578233475,0.0045774814192903295
0.974,0.5111465094384456,0.026924921459275233,0.10005732583097462,0.03556389520996486,0.08910473550207525,0.00892664253036671,0.04521661020198617,0.006646783650442941,0.06690535399680758,0.0036600834995556687,0.015180843711723478,0.004685607881757489,0.06200833136591763,0.0037436340209471824,0.015617742616077067,0.004610979083682534
0.975,0.5108499844278014,0.027117760452099977,0.0996117454003927,0.03575811454274131,0.0893996832220453,0.00902346020790221,0.04521683978812654,0.006714347126163247,0.0667201434529973,0.0036814626786625853,0.01512780865979091,0.004702333475327134,0.06207332714984119,0.0037772515981577145,0.015581440771003957,0.004644297046946624
0.976,0.5105532626554887,0.027310605103742724,0.09917007727502837,0.03595158932273355,0.08969172726774573,0.009120476628730162,0.04521541943843628,0.006781963437868278,0.06653705487231477,0.0037030085952645176,0.015076603967533915,0.004718995112669671,0.06213619626407945,0.0038108184593552584,0.015544769904592056,0.004677431694416687
0.977,0.5102563815652371,0.02750345215961623,0.09873230797352522,0.036144317032147925,0.08998086128215765,0.009217683038449446,0.04521236567677921,0.006849625844832126,0.06635608149252917,0.003724724144022106,0.015027202354380246,0.004735594346066388,0.06219695292437205,0.003844331086358614,0.015507739610951844,0.004710379468574599
0.978,0.5099593780460773,0.027696298438778903,0.09829842380004274,0.03633629528062608,0.0902670792727284,0.009315070670175353,0.04520769511284466,0.006917327615279002,0.06617721638816308,0.0037466121767352556,0.014979576722746073,0.004752132711632651,0.06225561148642045,0.0038777859884756285,0.015470359419799084,0.004743136869475363
0.979,0.5096622884351213,0.027889140832571466,0.09786841084909947,0.036527521802893134,0.09055037560886996,0.009412630746311598,0.04520142443827927,0.0069850620277173625,0.06600045247394845,0.003768675501596112,0.014933700159095448,0.004768611728887175,0.06231218644182705,0.003911179703171335,0.015432638795459202,0.004775700455151567
0.98,0.5093651485203979,0.028081976303252737,0.09744225501037386,0.036717994456420704,0.09083074501942746,0.009510354480312422,0.045193570422852075,0.007052822372260769,0.06582578250825073,0.0037909168824647407,0.014889545934959626,0.004785032900337738,0.06236669241406526,0.003944508796722422,0.015394587135904412,0.00480806684199717
0.981,0.5090679935437382,0.02827480188263484,0.09701994197346146,0.03690771121910481,0.09110818259011828,0.00960823307843437,0.045184149910652935,0.00712060195193523,0.06565319909646093,0.0038133390381673775,0.014847087507916534,0.004801397711083042,0.06241914415448029,0.003977769864857973,0.015356213771823057,0.004840232705130709
0.982,0.5087708582037139,0.028467614670718407,0.09660145723258924,0.03709667018695927,0.09138268376094254,0.009706257741477476,0.045173179816324675,0.007188394083972865,0.06548269469435591,0.00383594464181715,0.014806298522530926,0.004817707628430579,0.06246955653832141,0.00401095953338646,0.015317527965720891,0.004872194778738161
0.983,0.5084737766586246,0.028660411834328145,0.09618678609128636,0.037284869571824766,0.09165424432356621,0.009804419666515464,0.04516067712132925,0.0072561921010916705,0.06531426161142642,0.003858736320157121,0.01476715281125555,0.004833964101530254,0.0625179445608058,0.004044074458808946,0.015278538911053892,0.004903949856395569
0.984,0.5081767825295319,0.028853190605749198,0.09577591366701134,0.03747230769909395,0.09192286041867713,0.009902710048614692,0.045146658870247894,0.0073239893527611965,0.06514789201417327,0.0038817166529255247,0.01472962439529377,0.004850168561023557,0.0625643233332142,0.004077111328918484,0.015239255731392207,0.004935494791371637
0.985,0.5078799089033429,0.02904594828136479,0.09536882489573582,0.03765898300545307,0.09218852853331518,0.01000112008254153,0.04513114216711609,0.007391779206453963,0.0649835779293712,0.003904888172243083,0.014693687485424108,0.004866322418708094,0.0626087080790191,0.004110066863385686,0.01519968747961493,0.004966826496910462
0.986,0.507583188335937,0.02923868222029551,0.09496550453648435,0.0378448940366402,0.0924512454981772,0.010099640964457788,0.045114144171793,0.007459555048882421,0.06482131124730067,0.003928253362022228,0.014659316482787007,0.00488242706721724,0.06265111413004515,0.004142937814330443,0.015159843137135226,0.004997941946494577
0.987,0.5072866528553385,0.029431389843040702,0.09456593717583041,0.038030039445220626,0.09271100848489758,0.01019826389360401,0.0450956820963659,0.007527310287221309,0.06466108372494762,0.003951814657398117,0.014626485979634365,0.0048984838797147085,0.06269155692266253,0.004175720966879796,0.015119731613155546,0.005028838174088481
0.988,0.5069903339649309,0.029624068630122295,0.09417010723234853,0.03821441798837939,0.09296781500330518,0.010296980073970213,0.0450757732015898,0.007595038350315221,0.06450288698917075,0.0039755744441812785,0.014595170760042128,0.004914494209603835,0.06273005199401335,0.0042084131397119445,0.015079361743952444,0.005059512274362863
0.989,0.5066942626467137,0.02981671612073165,0.09377799896102253,0.03839802852573177,0.09322166289865783,0.010395780715953913,0.04505443479336254,0.007662732689871253,0.06434671253983713,0.003999535058331748,0.014565345800586485,0.004930459390251364,0.06276661497827148,0.004241011185586387,0.015038742292190738,0.00508996140289969
0.99,0.5063984693645994,0.030009329911379518,0.09338959645760933,0.03858087001715125,0.0934725503488542,0.010494657038005032,0.045031684219235174,0.007730386781636527,0.06419255175292504,0.004023698785454529,0.01453698627098391,0.004946380734725497,0.06280126160293566,0.004273511991860197,0.014997881946266493,0.005120182776378342
0.991,0.5061029840677498,0.030201907654549817,0.09300488366295905,0.038762941520616,0.09372047586162512,0.010593600268257496,0.04500753886495843,0.007797994126560511,0.06404039588359504,0.004048067860316237,0.014510067534695643,0.004962259535548026,0.06283400768515678,0.004305912480990443,0.014956789319678606,0.005150173672743019
0.992,0.5058078361939492,0.030394447057357363,0.09262384436729074,0.03894424219007369,0.09396543827170407,0.010692601646147224,0.04498201615106496,0.007865548251941952,0.06389023606922889,0.004072644466382756,0.014484565149496904,0.004978097064460327,0.06286486912809895,0.004338209611022765,0.014915472950428494,0.0051799314313515825
0.993,0.5055130546730164,0.030586945880210107,0.09224646221442377,0.039124771273324935,0.09420743673797816,0.010791652424016232,0.044955133529487705,0.007933042712560286,0.06374206333243601,0.00409743073537774,0.014460454868011272,0.004993894572202985,0.06289386191733481,0.004370400376066108,0.014873941300447566,0.005209453453106058
0.994,0.5052186679302489,0.03077940193547606,0.09187272070596521,0.039304528109925664,0.09444647074061997,0.010890743868702623,0.04492690848021451,0.008000471091791429,0.0635958685840282,0.004122428746861821,0.01443771263821065,0.005009653288308858,0.06292100211727528,0.004402481806753636,0.014832202755052096,0.005238737200564975
0.995,0.5049247038899054,0.030971813086155528,0.09150260320545305,0.039483512129108875,0.09468254007820177,0.010989867263116232,0.04489735850797938,0.008067827002707813,0.06345164262596213,0.004147640527832319,0.014416314603881273,0.005025374420909376,0.0629463058676342,0.004434450970689874,0.014790265622425152,0.005267780198037784
0.996,0.5046311899787167,0.031164177244558663,0.09113609294245464,0.039661722847725386,0.09491564486479168,0.011089013907799589,0.04486650113899001,0.008135104089162518,0.0633093761542497,0.004173068052343303,0.014396237105056029,0.0050410591565538225,0.06296978937992727,0.0044663049728840476,0.014748138133125093,0.005296580031661512
0.997,0.504338153129433,0.03135649237098901,0.09077317301662158,0.039839159868204556,0.09514578552703372,0.011188175122474081,0.044834353917692284,0.008202296026857472,0.0631690597618367,0.004198713241145828,0.014377456678413688,0.005056708660041442,0.06299146893400646,0.004498040956169706,0.01470582843962044,0.005325134349459911
0.998,0.5040456197843982,0.031548756472433194,0.09041382640169975,0.04001582287653465,0.09537296280121145,0.011287342247571016,0.04480093440357152,0.008269396524395508,0.06303068394144921,0.004224577961348165,0.014359950057645276,0.005072324074266116,0.06301136087462937,0.004529656101610628,0.014663344615850579,0.0053534408613852775
0.999,0.5037536158991561,0.031740967601257046,0.0900580359494954,0.04019171164026311,0.09559717773029672,0.011386506645747354,0.044766260167990506,0.008336399324316264,0.06289423908840823,0.004250664026095842,0.01434369417378807,0.00508790652007342,0.06302948160806372,0.004561147628893053,0.014620694656811992,0.005381497339343161
1.0,0.5034621669460831,0.03193312385390875,0.08970578439379708,0.04036682600651726,0.09581843166098375,0.011485659703385945,0.04473034879106497,0.008403298204115815,0.06275971550341268,0.004276973194271324,0.014328666155527671,0.005103457096129857,0.0630458475987276,0.004592512796704289,0.014577886478169712,0.005409301617200209
